run_id,phase,time_s,voltage_v,current_a,power_w,energy_j
Falcon-512_run02,active,0.000478,5.38875,0.579848,3.124658,3.3e-05
Falcon-512_run02,active,0.013319,5.395,0.578597,3.12153,0.040119
Falcon-512_run02,active,0.026078,5.39625,0.557856,3.01033,0.078526
Falcon-512_run02,active,0.038838,5.3975,0.540512,2.917416,0.115752
Falcon-512_run02,active,0.051602,5.39625,0.547664,2.955334,0.153475
Falcon-512_run02,active,0.064354,5.39,0.584676,3.151404,0.193663
Falcon-512_run02,active,0.077102,5.3975,0.560359,3.024539,0.232218
Falcon-512_run02,active,0.089858,5.395,0.544982,2.94018,0.269723
Falcon-512_run02,active,0.10262,5.39625,0.52603,2.838587,0.305949
Falcon-512_run02,active,0.115396,5.39625,0.583067,3.146374,0.346148
Falcon-512_run02,active,0.128141,5.39625,0.553207,2.985244,0.384195
Falcon-512_run02,active,0.140886,5.3975,0.582173,3.142278,0.424243
Falcon-512_run02,active,0.15363,5.39875,0.568405,3.068678,0.463352
Falcon-512_run02,active,0.166371,5.39625,0.52889,2.854025,0.499713
Falcon-512_run02,active,0.179115,5.39625,0.564829,3.04796,0.538557
Falcon-512_run02,active,0.191863,5.395,0.582709,3.143716,0.578632
Falcon-512_run02,active,0.204605,5.39625,0.550883,2.972701,0.616512
Falcon-512_run02,active,0.217347,5.39625,0.58253,3.14348,0.656566
Falcon-512_run02,active,0.230087,5.39625,0.538009,2.903232,0.693552
Falcon-512_run02,active,0.242829,5.395,0.580921,3.13407,0.733486
Falcon-512_run02,active,0.255566,5.39625,0.549452,2.964983,0.771251
Falcon-512_run02,active,0.268305,5.39375,0.580921,3.133344,0.811169
Falcon-512_run02,active,0.281046,5.39625,0.555532,2.997787,0.849362
Falcon-512_run02,active,0.293794,5.3975,0.534612,2.885568,0.886148
Falcon-512_run02,active,0.306539,5.39875,0.526387,2.841833,0.922367
Falcon-512_run02,active,0.319284,5.3975,0.553028,2.984971,0.96041
Falcon-512_run02,active,0.332024,5.3975,0.582173,3.142278,1.000442
Falcon-512_run02,active,0.344763,5.37375,0.571087,3.06888,1.039538
Falcon-512_run02,active,0.357506,5.3975,0.582352,3.143243,1.07959
Falcon-512_run02,active,0.370249,5.3975,0.553922,2.989796,1.11769
Falcon-512_run02,active,0.382991,5.395,0.54391,2.934392,1.155081
Falcon-512_run02,active,0.395739,5.39875,0.579133,3.126595,1.194938
Falcon-512_run02,active,0.408482,5.39625,0.572339,3.088483,1.234296
Falcon-512_run02,active,0.421223,5.39625,0.572518,3.089448,1.273659
Falcon-512_run02,active,0.433964,5.39875,0.550168,2.970217,1.311501
Falcon-512_run02,active,0.446704,5.39875,0.527102,2.845694,1.347755
Falcon-512_run02,active,0.459444,5.3975,0.547307,2.954088,1.385392
Falcon-512_run02,active,0.472186,5.3975,0.58253,3.144208,1.425452
Falcon-512_run02,active,0.484926,5.405,0.562505,3.040338,1.464189
Falcon-512_run02,active,0.497673,5.3975,0.536221,2.894254,1.50108
Falcon-512_run02,active,0.510417,5.39625,0.563935,3.043135,1.539864
Falcon-512_run02,active,0.523161,5.39875,0.544804,2.941258,1.577346
Falcon-512_run02,active,0.535901,5.395,0.553922,2.988411,1.615417
Falcon-512_run02,active,0.548641,5.3975,0.566081,3.055421,1.654346
Falcon-512_run02,active,0.561393,5.39625,0.533718,2.880076,1.69107
Falcon-512_run02,active,0.574133,5.39375,0.587894,3.170955,1.731469
Falcon-512_run02,active,0.586877,5.3975,0.581279,3.137452,1.771451
Falcon-512_run02,active,0.599625,5.39625,0.559644,3.019979,1.80995
Falcon-512_run02,active,0.612368,5.395,0.550704,2.971048,1.847812
Falcon-512_run02,active,0.62511,5.3925,0.579848,3.126832,1.887653
Falcon-512_run02,active,0.63785,5.39875,0.554995,2.99628,1.925827
Falcon-512_run02,active,0.650591,5.39875,0.562862,3.038753,1.964543
Falcon-512_run02,active,0.663332,5.3975,0.545161,2.942508,2.002034
Falcon-512_run02,active,0.676076,5.39875,0.562505,3.036823,2.040735
Falcon-512_run02,active,0.688816,5.395,0.537473,2.899666,2.077678
Falcon-512_run02,active,0.701563,5.395,0.581815,3.138893,2.117689
Falcon-512_run02,active,0.714307,5.39625,0.569299,3.072081,2.156839
Falcon-512_run02,active,0.727049,5.39625,0.563041,3.038311,2.195554
Falcon-512_run02,active,0.739788,5.3975,0.526387,2.841175,2.231746
Falcon-512_run02,active,0.752527,5.39625,0.584318,3.153128,2.271913
Falcon-512_run02,active,0.765266,5.3975,0.563041,3.039015,2.310627
Falcon-512_run02,active,0.778004,5.39875,0.569299,3.073504,2.349779
Falcon-512_run02,active,0.790743,5.39875,0.575021,3.104394,2.389327
Falcon-512_run02,active,0.80349,5.3975,0.554995,2.995587,2.42751
Falcon-512_run02,active,0.816233,5.3975,0.5811,3.136487,2.467478
Falcon-512_run02,active,0.828974,5.39625,0.567869,3.064362,2.50652
Falcon-512_run02,active,0.841715,5.39625,0.55285,2.983315,2.544532
Falcon-512_run02,active,0.854455,5.3925,0.52746,2.844328,2.580768
Falcon-512_run02,active,0.867196,5.39625,0.582173,3.14155,2.620795
Falcon-512_run02,active,0.879934,5.3975,0.569657,3.074723,2.65996
Falcon-512_run02,active,0.892674,5.39625,0.529784,2.858849,2.696382
Falcon-512_run02,active,0.905458,5.39375,0.581279,3.135273,2.736464
Falcon-512_run02,active,0.918202,5.3975,0.56018,3.023574,2.774995
Falcon-512_run02,active,0.930945,5.39625,0.5811,3.135761,2.814957
Falcon-512_run02,active,0.943686,5.3875,0.563399,3.035311,2.853628
Falcon-512_run02,active,0.956425,5.3975,0.580742,3.134557,2.893561
Falcon-512_run02,active,0.969166,5.39625,0.56322,3.039276,2.932282
Falcon-512_run02,active,0.981908,5.39625,0.533003,2.876216,2.968932
Falcon-512_run02,active,0.994648,5.3975,0.562505,3.03612,3.007612
Falcon-512_run02,active,1.007399,5.395,0.568942,3.06944,3.04675
Falcon-512_run02,active,1.020142,5.39875,0.554816,2.995315,3.084919
Falcon-512_run02,active,1.032884,5.39875,0.553207,2.986627,3.122975
Falcon-512_run02,active,1.045638,5.39375,0.524957,2.831486,3.159088
Falcon-512_run02,active,1.058381,5.3975,0.581458,3.138417,3.19908
Falcon-512_run02,active,1.071124,5.3975,0.567511,3.063142,3.238115
Falcon-512_run02,active,1.083863,5.39875,0.554816,2.995315,3.276271
Falcon-512_run02,active,1.096605,5.3975,0.531572,2.869162,3.312831
Falcon-512_run02,active,1.109352,5.39625,0.530142,2.860779,3.349298
Falcon-512_run02,active,1.122098,5.395,0.564829,3.047254,3.388136
Falcon-512_run02,active,1.134843,5.3925,0.581279,3.134546,3.428087
Falcon-512_run02,active,1.147583,5.3975,0.551777,2.978215,3.46603
Falcon-512_run02,active,1.160325,5.39625,0.561968,3.032522,3.504669
Falcon-512_run02,active,1.173065,5.39625,0.549095,2.963053,3.542418
Falcon-512_run02,active,1.185808,5.39625,0.5364,2.894548,3.579306
Falcon-512_run02,active,1.198559,5.395,0.580921,3.13407,3.619265
Falcon-512_run02,active,1.211309,5.395,0.580742,3.133105,3.659215
Falcon-512_run02,active,1.224053,5.3975,0.57216,3.088234,3.69857
Falcon-512_run02,active,1.236794,5.39625,0.562862,3.037346,3.737269
Falcon-512_run02,active,1.249534,5.39875,0.56912,3.072539,3.776414
Falcon-512_run02,active,1.262276,5.39625,0.552134,2.979455,3.814377
Falcon-512_run02,active,1.27744,5.39625,0.533897,2.881041,3.858065
Falcon-512_run02,active,1.290194,5.3975,0.52746,2.846965,3.894375
Falcon-512_run02,active,1.302939,5.4,0.582173,3.143733,3.934444
Falcon-512_run02,active,1.315687,5.39875,0.567869,3.065782,3.973525
Falcon-512_run02,active,1.328432,5.3975,0.53497,2.887498,4.010327
Falcon-512_run02,active,1.341174,5.39625,0.583961,3.151198,4.05048
Falcon-512_run02,active,1.353915,5.39375,0.5752,3.102483,4.090008
Falcon-512_run02,active,1.366654,5.3975,0.528712,2.853721,4.126362
Falcon-512_run02,active,1.379397,5.39625,0.56179,3.031557,4.164993
Falcon-512_run02,active,1.392139,5.3975,0.536221,2.894254,4.201871
Falcon-512_run02,active,1.404878,5.40375,0.581636,3.143018,4.24191
Falcon-512_run02,active,1.417625,5.3975,0.548201,2.958914,4.279627
Falcon-512_run02,active,1.430366,5.39625,0.555353,2.996823,4.317811
Falcon-512_run02,active,1.443108,5.39625,0.562505,3.035417,4.356488
Falcon-512_run02,active,1.455848,5.3975,0.574663,3.101745,4.396002
Falcon-512_run02,active,1.468586,5.39625,0.555532,2.997787,4.434189
Falcon-512_run02,active,1.481324,5.39625,0.531751,2.869462,4.470739
Falcon-512_run02,active,1.494065,5.39875,0.561968,3.033927,4.509395
Falcon-512_run02,active,1.50684,5.39875,0.58253,3.144936,4.549574
Falcon-512_run02,active,1.519591,5.39875,0.525851,2.838937,4.585771
Falcon-512_run02,active,1.532335,5.395,0.583424,3.147575,4.625885
Falcon-512_run02,active,1.545075,5.39625,0.56179,3.031557,4.664505
Falcon-512_run02,active,1.557814,5.39625,0.580921,3.134796,4.704439
Falcon-512_run02,active,1.570553,5.3975,0.534433,2.884603,4.741188
Falcon-512_run02,active,1.583295,5.3975,0.569657,3.074723,4.780367
Falcon-512_run02,active,1.596036,5.39625,0.576809,3.112604,4.820023
Falcon-512_run02,active,1.608775,5.39875,0.530678,2.865,4.856521
Falcon-512_run02,active,1.621522,5.39625,0.555174,2.995858,4.894709
Falcon-512_run02,active,1.634267,5.39875,0.541406,2.922918,4.93196
Falcon-512_run02,active,1.64701,5.3975,0.58253,3.144208,4.972029
Falcon-512_run02,active,1.65975,5.39625,0.563041,3.038311,5.010736
Falcon-512_run02,active,1.672489,5.39875,0.537294,2.900716,5.047687
Falcon-512_run02,active,1.685228,5.39625,0.581815,3.13962,5.087683
Falcon-512_run02,active,1.697968,5.39875,0.568405,3.068678,5.126779
Falcon-512_run02,active,1.710707,5.395,0.526387,2.839859,5.162956
Falcon-512_run02,active,1.723454,5.3925,0.580385,3.129725,5.20285
Falcon-512_run02,active,1.736196,5.395,0.554101,2.989376,5.240941
Falcon-512_run02,active,1.748937,5.3975,0.556247,3.002342,5.279193
Falcon-512_run02,active,1.761678,5.395,0.577524,3.115742,5.318892
Falcon-512_run02,active,1.774419,5.3975,0.527281,2.846,5.355152
Falcon-512_run02,active,1.787161,5.3975,0.580921,3.135522,5.395107
Falcon-512_run02,active,1.799902,5.39625,0.564829,3.04796,5.43394
Falcon-512_run02,active,1.812642,5.39875,0.583246,3.148797,5.474054
Falcon-512_run02,active,1.825392,5.39875,0.557677,3.01076,5.512442
Falcon-512_run02,active,1.838137,5.39625,0.531394,2.867533,5.548988
Falcon-512_run02,active,1.850881,5.39625,0.56465,3.046995,5.58782
Falcon-512_run02,active,1.863618,5.395,0.569657,3.073298,5.626964
Falcon-512_run02,active,1.876361,5.39625,0.555353,2.996823,5.665154
Falcon-512_run02,active,1.889103,5.39625,0.582888,3.145409,5.70523
Falcon-512_run02,active,1.901842,5.3975,0.570193,3.077618,5.744436
Falcon-512_run02,active,1.914581,5.39625,0.544446,2.937967,5.781865
Falcon-512_run02,active,1.92733,5.39625,0.581815,3.13962,5.821891
Falcon-512_run02,active,1.940102,5.39625,0.566081,3.054714,5.860906
Falcon-512_run02,active,1.952845,5.3975,0.574484,3.10078,5.90042
Falcon-512_run02,active,1.965587,5.39625,0.566796,3.058573,5.93939
Falcon-512_run02,active,1.978327,5.39625,0.577166,3.114534,5.979069
Falcon-512_run02,active,1.991069,5.39375,0.559823,3.019544,6.017545
Falcon-512_run02,active,2.003808,5.39625,0.538546,2.906127,6.054566
Falcon-512_run02,active,2.016548,5.3975,0.583246,3.148068,6.094673
Falcon-512_run02,active,2.029296,5.39625,0.553922,2.989104,6.132778
Falcon-512_run02,active,2.042041,5.3975,0.581636,3.139382,6.17279
Falcon-512_run02,active,2.054841,5.39625,0.56769,3.063397,6.212001
Falcon-512_run02,active,2.067589,5.3975,0.5811,3.136487,6.251986
Falcon-512_run02,active,2.08033,5.3975,0.571445,3.084373,6.291284
Falcon-512_run02,active,2.093071,5.3825,0.529427,2.84964,6.327592
Falcon-512_run02,active,2.105828,5.3975,0.550883,2.97339,6.365521
Falcon-512_run02,active,2.118598,5.3975,0.581458,3.138417,6.405601
Falcon-512_run02,active,2.131357,5.39625,0.562326,3.034452,6.444318
Falcon-512_run02,active,2.14413,5.39375,0.530857,2.863311,6.48089
Falcon-512_run02,active,2.156876,5.39625,0.583603,3.149269,6.52103
Falcon-512_run02,active,2.169617,5.39625,0.571981,3.086554,6.560357
Falcon-512_run02,active,2.182356,5.39625,0.529963,2.859814,6.596788
Falcon-512_run02,active,2.1951,5.3925,0.571981,3.084409,6.636094
Falcon-512_run02,active,2.207838,5.39625,0.561611,3.030592,6.6747
Falcon-512_run02,active,2.220577,5.39625,0.532109,2.871392,6.711277
Falcon-512_run02,active,2.233324,5.395,0.52746,2.845647,6.747551
Falcon-512_run02,active,2.246069,5.39875,0.580921,3.136248,6.787521
Falcon-512_run02,active,2.258844,5.3975,0.562862,3.03805,6.826334
Falcon-512_run02,active,2.271589,5.39625,0.531215,2.866568,6.862866
Falcon-512_run02,active,2.284329,5.4,0.553922,2.991181,6.900975
Falcon-512_run02,active,2.297071,5.38,0.580564,3.123432,6.940773
Falcon-512_run02,active,2.309811,5.39625,0.564829,3.04796,6.979606
Falcon-512_run02,active,2.322552,5.395,0.524063,2.827319,7.015628
Falcon-512_run02,active,2.335302,5.395,0.582173,3.140822,7.055673
Falcon-512_run02,active,2.348047,5.3975,0.564114,3.044805,7.094479
Falcon-512_run02,active,2.360786,5.39875,0.523884,2.828319,7.130511
Falcon-512_run02,active,2.373528,5.3975,0.582173,3.142278,7.170547
Falcon-512_run02,active,2.386268,5.39625,0.567511,3.062432,7.209563
Falcon-512_run02,active,2.399008,5.3925,0.557141,3.004382,7.247841
Falcon-512_run02,active,2.411753,5.3975,0.533897,2.881708,7.284566
Falcon-512_run02,active,2.42449,5.3975,0.581279,3.137452,7.324529
Falcon-512_run02,active,2.437236,5.39875,0.564829,3.049372,7.363395
Falcon-512_run02,active,2.449981,5.39875,0.557141,3.007864,7.401732
Falcon-512_run02,active,2.462727,5.39625,0.529963,2.859814,7.438181
Falcon-512_run02,active,2.475469,5.39625,0.537473,2.900338,7.475137
Falcon-512_run02,active,2.488211,5.39625,0.581636,3.138655,7.51513
Falcon-512_run02,active,2.500952,5.38875,0.524063,2.824043,7.551112
Falcon-512_run02,active,2.513691,5.39875,0.581994,3.14204,7.591138
Falcon-512_run02,active,2.526432,5.39875,0.560002,3.023309,7.629657
Falcon-512_run02,active,2.539181,5.4,0.538724,2.909112,7.666748
Falcon-512_run02,active,2.55459,5.39625,0.581815,3.13962,7.715125
Falcon-512_run02,active,2.567373,5.3975,0.553028,2.984971,7.753283
Falcon-512_run02,active,2.58016,5.39625,0.533539,2.879111,7.790096
Falcon-512_run02,active,2.592904,5.3925,0.582173,3.139367,7.830104
Falcon-512_run02,active,2.605644,5.3925,0.563935,3.041021,7.868849
Falcon-512_run02,active,2.618385,5.3975,0.568942,3.070862,7.907973
Falcon-512_run02,active,2.631127,5.3975,0.55571,2.999447,7.946191
Falcon-512_run02,active,2.643874,5.4,0.534254,2.884974,7.982967
Falcon-512_run02,active,2.656618,5.39625,0.55124,2.974631,8.020877
Falcon-512_run02,active,2.66936,5.38875,0.583603,3.144892,8.06095
Falcon-512_run02,active,2.682099,5.39875,0.568405,3.068678,8.100042
Falcon-512_run02,active,2.69484,5.395,0.53336,2.877479,8.136702
Falcon-512_run02,active,2.707577,5.39625,0.581815,3.13962,8.176692
Falcon-512_run02,active,2.720313,5.3975,0.564293,3.04577,8.215484
Falcon-512_run02,active,2.733052,5.3975,0.542479,2.928031,8.252783
Falcon-512_run02,active,2.745797,5.395,0.581279,3.135999,8.292751
Falcon-512_run02,active,2.75854,5.3975,0.561968,3.033224,8.331404
Falcon-512_run02,active,2.771281,5.3975,0.583603,3.149998,8.371539
Falcon-512_run02,active,2.78402,5.39875,0.567511,3.063851,8.410567
Falcon-512_run02,active,2.796757,5.3975,0.554638,2.993656,8.448699
Falcon-512_run02,active,2.809497,5.39375,0.536221,2.892243,8.485546
Falcon-512_run02,active,2.822236,5.39625,0.582173,3.14155,8.525567
Falcon-512_run02,active,2.834986,5.395,0.561074,3.026996,8.564159
Falcon-512_run02,active,2.847763,5.3975,0.581815,3.140348,8.604284
Falcon-512_run02,active,2.860511,5.3975,0.562684,3.037085,8.643002
Falcon-512_run02,active,2.873255,5.395,0.582709,3.143716,8.683064
Falcon-512_run02,active,2.885998,5.39625,0.564472,3.04603,8.72188
Falcon-512_run02,active,2.898738,5.3975,0.583067,3.147103,8.761974
Falcon-512_run02,active,2.911478,5.39625,0.558571,3.01419,8.800374
Falcon-512_run02,active,2.924217,5.4,0.564293,3.047181,8.839194
Falcon-512_run02,active,2.936958,5.3975,0.582173,3.142278,8.879228
Falcon-512_run02,active,2.949704,5.39625,0.578597,3.122253,8.919026
Falcon-512_run02,active,2.962448,5.40125,0.57359,3.098105,8.958509
Falcon-512_run02,active,2.975193,5.4025,0.556962,3.008987,8.996857
Falcon-512_run02,active,2.987931,5.3975,0.5811,3.136487,9.03681
Falcon-512_run02,active,3.000669,5.395,0.565544,3.051112,9.075674
Falcon-512_run02,active,3.013451,5.39375,0.560538,3.023402,9.114318
Falcon-512_run02,active,3.026193,5.39625,0.582709,3.144445,9.154385
Falcon-512_run02,active,3.038954,5.3975,0.563578,3.04191,9.193204
Falcon-512_run02,active,3.051749,5.39625,0.554101,2.990069,9.231461
Falcon-512_run02,active,3.0645,5.4,0.554459,2.994078,9.269639
Falcon-512_run02,active,3.077245,5.39625,0.581279,3.136726,9.309615
Falcon-512_run02,active,3.089986,5.39625,0.553207,2.985244,9.347652
Falcon-512_run02,active,3.102728,5.39375,0.582352,3.141059,9.387674
Falcon-512_run02,active,3.11547,5.3825,0.539082,2.901609,9.424647
Falcon-512_run02,active,3.128211,5.3975,0.58253,3.144208,9.464707
Falcon-512_run02,active,3.140951,5.3975,0.525672,2.837315,9.500856
Falcon-512_run02,active,3.153699,5.40125,0.587179,3.171502,9.541284
Falcon-512_run02,active,3.166443,5.3975,0.568763,3.069897,9.580409
Falcon-512_run02,active,3.179191,5.39625,0.582173,3.14155,9.620456
Falcon-512_run02,active,3.191933,5.3975,0.590755,3.188601,9.661087
Falcon-512_run02,active,3.204673,5.39625,0.564829,3.04796,9.699917
Falcon-512_run02,active,3.217456,5.38875,0.556068,2.996511,9.738221
Falcon-512_run02,active,3.2302,5.39625,0.555353,2.996823,9.776413
Falcon-512_run02,active,3.242944,5.3975,0.56465,3.047701,9.815253
Falcon-512_run02,active,3.255692,5.39625,0.580742,3.133831,9.855203
Falcon-512_run02,active,3.268439,5.39875,0.57359,3.096671,9.894677
Falcon-512_run02,active,3.281182,5.3975,0.563756,3.042875,9.933451
Falcon-512_run02,active,3.293922,5.39875,0.574484,3.101498,9.972966
Falcon-512_run02,active,3.306664,5.3975,0.582352,3.143243,10.013016
Falcon-512_run02,active,3.319407,5.3875,0.564293,3.040127,10.051755
Falcon-512_run02,active,3.332148,5.39625,0.542479,2.927353,10.089052
Falcon-512_run02,active,3.344889,5.3975,0.580027,3.130697,10.128941
Falcon-512_run02,active,3.357637,5.39625,0.567511,3.062432,10.16798
Falcon-512_run02,active,3.370382,5.395,0.541585,2.921852,10.205222
Falcon-512_run02,active,3.383127,5.39625,0.585391,3.158917,10.24548
Falcon-512_run02,active,3.395868,5.39625,0.555353,2.996823,10.283664
Falcon-512_run02,active,3.408607,5.39625,0.534254,2.88297,10.32039
Falcon-512_run02,active,3.421345,5.385,0.581279,3.130186,10.360263
Falcon-512_run02,active,3.434089,5.39375,0.565008,3.047512,10.399098
Falcon-512_run02,active,3.446834,5.39625,0.554816,2.993928,10.437255
Falcon-512_run02,active,3.459579,5.39625,0.580027,3.129972,10.477149
Falcon-512_run02,active,3.472326,5.39875,0.522811,2.822527,10.513126
Falcon-512_run02,active,3.485067,5.3975,0.582173,3.142278,10.553164
Falcon-512_run02,active,3.497808,5.39875,0.566081,3.056129,10.5921
Falcon-512_run02,active,3.510547,5.3975,0.533718,2.880743,10.628798
Falcon-512_run02,active,3.523289,5.38,0.582352,3.133052,10.668721
Falcon-512_run02,active,3.53603,5.395,0.564293,3.04436,10.70751
Falcon-512_run02,active,3.54877,5.3975,0.543373,2.932857,10.744874
Falcon-512_run02,active,3.561517,5.3975,0.583424,3.149033,10.785014
Falcon-512_run02,active,3.574261,5.3975,0.565723,3.053491,10.823929
Falcon-512_run02,active,3.587004,5.39625,0.574484,3.100061,10.863432
Falcon-512_run02,active,3.599745,5.39875,0.554816,2.995315,10.901594
Falcon-512_run02,active,3.612484,5.39625,0.527102,2.844376,10.93783
Falcon-512_run02,active,3.625225,5.39875,0.538724,2.908438,10.974885
Falcon-512_run02,active,3.637967,5.39625,0.5811,3.135761,11.014841
Falcon-512_run02,active,3.650706,5.39375,0.554816,2.992541,11.052962
Falcon-512_run02,active,3.663453,5.3975,0.528175,2.850826,11.089303
Falcon-512_run02,active,3.676198,5.39625,0.581458,3.137691,11.129293
Falcon-512_run02,active,3.68894,5.395,0.564293,3.04436,11.168084
Falcon-512_run02,active,3.701681,5.3975,0.557856,3.011028,11.206449
Falcon-512_run02,active,3.714423,5.39875,0.52746,2.847625,11.242732
Falcon-512_run02,active,3.727166,5.39875,0.582709,3.145901,11.282819
Falcon-512_run02,active,3.739908,5.3975,0.56322,3.03998,11.321556
Falcon-512_run02,active,3.752649,5.3975,0.550525,2.97146,11.359415
Falcon-512_run02,active,3.765435,5.39625,0.587894,3.172425,11.399978
Falcon-512_run02,active,3.778179,5.39625,0.570193,3.076905,11.43919
Falcon-512_run02,active,3.790921,5.3975,0.554101,2.990761,11.477298
Falcon-512_run02,active,3.803662,5.3975,0.576094,3.109465,11.516917
Falcon-512_run02,active,3.816402,5.3975,0.581279,3.137452,11.556887
Falcon-512_run02,active,3.831793,5.38875,0.58253,3.139111,11.605202
Falcon-512_run02,active,3.844559,5.39375,0.557141,3.005078,11.643564
Falcon-512_run02,active,3.857308,5.39625,0.58253,3.14348,11.683639
Falcon-512_run02,active,3.870052,5.395,0.55732,3.006739,11.721957
Falcon-512_run02,active,3.882822,5.3975,0.581636,3.139382,11.762048
Falcon-512_run02,active,3.895569,5.40375,0.546055,2.950746,11.799662
Falcon-512_run02,active,3.908308,5.39125,0.582709,3.141531,11.839679
Falcon-512_run02,active,3.921047,5.395,0.547843,2.955614,11.877332
Falcon-512_run02,active,3.933784,5.385,0.586285,3.157146,11.917545
Falcon-512_run02,active,3.946525,5.3975,0.557141,3.007167,11.95586
Falcon-512_run02,active,3.959268,5.39625,0.552134,2.979455,11.993827
Falcon-512_run02,active,3.972015,5.39625,0.546413,2.94858,12.031411
Falcon-512_run02,active,3.984758,5.3975,0.580921,3.135522,12.071367
Falcon-512_run02,active,3.997497,5.39625,0.538009,2.903232,12.108353
Falcon-512_run02,active,4.010237,5.39875,0.58253,3.144936,12.148418
Falcon-512_run02,active,4.022979,5.39625,0.552134,2.979455,12.186383
Falcon-512_run02,active,4.035718,5.385,0.584676,3.14848,12.22649
Falcon-512_run02,active,4.04847,5.395,0.567511,3.061723,12.265534
Falcon-512_run02,active,4.061209,5.3975,0.542837,2.929962,12.302858
Falcon-512_run02,active,4.073954,5.3975,0.586106,3.163509,12.343178
Falcon-512_run02,active,4.086697,5.3975,0.56465,3.047701,12.382015
Falcon-512_run02,active,4.099454,5.395,0.527996,2.848541,12.418355
Falcon-512_run02,active,4.112241,5.39375,0.559644,3.01858,12.456952
Falcon-512_run02,active,4.125008,5.39625,0.577703,3.117429,12.496753
Falcon-512_run02,active,4.137751,5.38625,0.557677,3.003789,12.535031
Falcon-512_run02,active,4.150496,5.39625,0.582352,3.142515,12.575082
Falcon-512_run02,active,4.16324,5.39625,0.557498,3.008401,12.613419
Falcon-512_run02,active,4.175993,5.39625,0.553565,2.987174,12.651516
Falcon-512_run02,active,4.188743,5.3975,0.528175,2.850826,12.687863
Falcon-512_run02,active,4.201487,5.3975,0.581994,3.141313,12.727896
Falcon-512_run02,active,4.214227,5.4,0.570193,3.079043,12.767123
Falcon-512_run02,active,4.226972,5.39625,0.581279,3.136726,12.807101
Falcon-512_run02,active,4.239712,5.3975,0.533182,2.877848,12.843764
Falcon-512_run02,active,4.252453,5.39875,0.583246,3.148797,12.883883
Falcon-512_run02,active,4.265194,5.395,0.574127,3.097414,12.923349
Falcon-512_run02,active,4.277941,5.39625,0.58253,3.14348,12.963418
Falcon-512_run02,active,4.290685,5.39625,0.529427,2.856919,12.999828
Falcon-512_run02,active,4.303428,5.39125,0.581636,3.135747,13.039786
Falcon-512_run02,active,4.316169,5.3975,0.560896,3.027434,13.078357
Falcon-512_run02,active,4.32891,5.3975,0.55428,2.991726,13.116475
Falcon-512_run02,active,4.34165,5.3975,0.530678,2.864337,13.152968
Falcon-512_run02,active,4.354392,5.4,0.580385,3.134078,13.192901
Falcon-512_run02,active,4.367135,5.3975,0.574842,3.10271,13.23244
Falcon-512_run02,active,4.379881,5.39625,0.573948,3.097167,13.271917
Falcon-512_run02,active,4.392624,5.3975,0.544804,2.940577,13.309387
Falcon-512_run02,active,4.405365,5.39875,0.582709,3.145901,13.349468
Falcon-512_run02,active,4.418105,5.39875,0.560002,3.023309,13.387987
Falcon-512_run02,active,4.430847,5.39875,0.554101,2.991454,13.426105
Falcon-512_run02,active,4.443587,5.395,0.52889,2.853364,13.462456
Falcon-512_run02,active,4.456328,5.39375,0.56465,3.045583,13.501259
Falcon-512_run02,active,4.469068,5.3975,0.534076,2.882673,13.537984
Falcon-512_run02,active,4.481814,5.39625,0.583067,3.146374,13.578089
Falcon-512_run02,active,4.49456,5.39625,0.56018,3.022873,13.616617
Falcon-512_run02,active,4.507306,5.39625,0.557498,3.008401,13.654963
Falcon-512_run02,active,4.520046,5.3975,0.580564,3.133592,13.694884
Falcon-512_run02,active,4.532788,5.3975,0.551956,2.97918,13.732844
Falcon-512_run02,active,4.545527,5.39625,0.532824,2.875252,13.769475
Falcon-512_run02,active,4.558267,5.39875,0.58253,3.144936,13.809541
Falcon-512_run02,active,4.571011,5.39625,0.562505,3.035417,13.848222
Falcon-512_run02,active,4.583757,5.39625,0.557498,3.008401,13.886568
Falcon-512_run02,active,4.596501,5.39625,0.581815,3.13962,13.92658
Falcon-512_run02,active,4.609244,5.39625,0.567332,3.061467,13.965591
Falcon-512_run02,active,4.621989,5.39625,0.548737,2.961123,14.003331
Falcon-512_run02,active,4.634728,5.39625,0.536042,2.892619,14.04018
Falcon-512_run02,active,4.64747,5.38875,0.582888,3.141038,14.080203
Falcon-512_run02,active,4.660212,5.3975,0.571266,3.083408,14.119492
Falcon-512_run02,active,4.672952,5.3975,0.566975,3.060246,14.158481
Falcon-512_run02,active,4.6857,5.3975,0.576809,3.113325,14.19817
Falcon-512_run02,active,4.698446,5.3975,0.560717,3.026469,14.236744
Falcon-512_run02,active,4.711191,5.39625,0.578239,3.120323,14.276511
Falcon-512_run02,active,4.723931,5.39625,0.555889,2.999717,14.314727
Falcon-512_run02,active,4.73667,5.39625,0.581458,3.137691,14.3547
Falcon-512_run02,active,4.749456,5.3975,0.57073,3.080513,14.394086
Falcon-512_run02,active,4.762196,5.3975,0.547664,2.956019,14.431746
Falcon-512_run02,active,4.774939,5.395,0.543731,2.933428,14.469126
Falcon-512_run02,active,4.787684,5.39875,0.565366,3.052268,14.508029
Falcon-512_run02,active,4.800427,5.39625,0.573054,3.092343,14.547433
Falcon-512_run02,active,4.813169,5.38625,0.583782,3.144396,14.587502
Falcon-512_run02,active,4.825911,5.39625,0.555353,2.996823,14.625685
Falcon-512_run02,active,4.838652,5.39625,0.533003,2.876216,14.662332
Falcon-512_run02,active,4.851394,5.39625,0.527639,2.847271,14.698612
Falcon-512_run02,active,4.864135,5.395,0.580564,3.132141,14.738518
Falcon-512_run02,active,4.876879,5.3975,0.556604,3.004272,14.776804
Falcon-512_run02,active,4.889627,5.3975,0.572518,3.090164,14.816197
Falcon-512_run02,active,4.902371,5.3975,0.5752,3.10464,14.855765
Falcon-512_run02,active,4.915116,5.39625,0.562505,3.035417,14.894451
Falcon-512_run02,active,4.927853,5.3975,0.574306,3.099814,14.933931
Falcon-512_run02,active,4.940593,5.39625,0.554101,2.990069,14.972024
Falcon-512_run02,active,4.953333,5.39875,0.540155,2.916161,15.009179
Falcon-512_run02,active,4.966074,5.39625,0.537115,2.898408,15.046107
Falcon-512_run02,active,4.978817,5.395,0.583067,3.145645,15.086192
Falcon-512_run02,active,4.991567,5.3975,0.58253,3.144208,15.126278
Falcon-512_run02,active,5.004311,5.3925,0.563935,3.041021,15.165036
Falcon-512_run02,active,5.017058,5.39625,0.55428,2.991033,15.203162
Falcon-512_run02,active,5.029799,5.39875,0.522811,2.822527,15.239124
Falcon-512_run02,active,5.042544,5.39625,0.583961,3.151198,15.279285
Falcon-512_run02,active,5.055298,5.39625,0.565723,3.052784,15.318222
Falcon-512_run02,active,5.068037,5.3975,0.58253,3.144208,15.358275
Falcon-512_run02,active,5.080778,5.395,0.555532,2.997093,15.396461
Falcon-512_run02,active,5.093525,5.3975,0.578418,3.122011,15.436257
Falcon-512_run02,active,5.108991,5.39625,0.549095,2.963053,15.482083
Falcon-512_run02,active,5.121758,5.39875,0.582352,3.143971,15.522223
Falcon-512_run02,active,5.134503,5.3925,0.583424,3.146116,15.562319
Falcon-512_run02,active,5.147247,5.3975,0.557498,3.009098,15.600667
Falcon-512_run02,active,5.159986,5.3875,0.549989,2.963065,15.638414
Falcon-512_run02,active,5.172726,5.40125,0.583782,3.153153,15.678586
Falcon-512_run02,active,5.185466,5.39875,0.566438,3.058059,15.717544
Falcon-512_run02,active,5.198215,5.39625,0.570014,3.07594,15.756758
Falcon-512_run02,active,5.210962,5.3975,0.583603,3.149998,15.796911
Falcon-512_run02,active,5.223704,5.4,0.564829,3.050078,15.835776
Falcon-512_run02,active,5.236445,5.3975,0.532645,2.874952,15.872406
Falcon-512_run02,active,5.249184,5.39625,0.583603,3.149269,15.912526
Falcon-512_run02,active,5.261924,5.3975,0.564829,3.048666,15.951365
Falcon-512_run02,active,5.274662,5.39625,0.549095,2.963053,15.989108
Falcon-512_run02,active,5.287402,5.395,0.581279,3.135999,16.02906
Falcon-512_run02,active,5.300148,5.39625,0.523169,2.82315,16.065045
Falcon-512_run02,active,5.312891,5.3975,0.584497,3.154824,16.105247
Falcon-512_run02,active,5.325631,5.39375,0.568584,3.0668,16.144319
Falcon-512_run02,active,5.33837,5.395,0.579848,3.128282,16.184171
Falcon-512_run02,active,5.351112,5.39625,0.572696,3.090413,16.223547
Falcon-512_run02,active,5.363851,5.39625,0.580564,3.132866,16.263458
Falcon-512_run02,active,5.37659,5.39875,0.528175,2.851486,16.299781
Falcon-512_run02,active,5.389333,5.3975,0.581815,3.140348,16.3398
Falcon-512_run02,active,5.402079,5.3975,0.559823,3.021644,16.378313
Falcon-512_run02,active,5.414827,5.39625,0.538009,2.903232,16.415325
Falcon-512_run02,active,5.427569,5.3975,0.580206,3.131662,16.455226
Falcon-512_run02,active,5.440308,5.39625,0.55571,2.998752,16.493428
Falcon-512_run02,active,5.453049,5.3975,0.531572,2.869162,16.529984
Falcon-512_run02,active,5.465788,5.3975,0.553028,2.984971,16.568011
Falcon-512_run02,active,5.478529,5.39625,0.581815,3.13962,16.608011
Falcon-512_run02,active,5.491274,5.39625,0.570551,3.078835,16.64725
Falcon-512_run02,active,5.504018,5.39375,0.553028,2.982897,16.685266
Falcon-512_run02,active,5.516762,5.3975,0.53783,2.90294,16.72226
Falcon-512_run02,active,5.529503,5.39625,0.542658,2.928318,16.75957
Falcon-512_run02,active,5.542243,5.3975,0.582173,3.142278,16.799602
Falcon-512_run02,active,5.554986,5.39625,0.565366,3.050854,16.838479
Falcon-512_run02,active,5.567724,5.3975,0.582173,3.142278,16.878505
Falcon-512_run02,active,5.580463,5.3975,0.570014,3.076653,16.917701
Falcon-512_run02,active,5.593204,5.39875,0.559465,3.020413,16.956182
Falcon-512_run02,active,5.605951,5.4025,0.581636,3.142291,16.996237
Falcon-512_run02,active,5.618695,5.3975,0.557498,3.009098,17.034587
Falcon-512_run02,active,5.631438,5.3975,0.558571,3.014888,17.073005
Falcon-512_run02,active,5.644177,5.39875,0.580921,3.136248,17.112957
Falcon-512_run02,active,5.656917,5.39625,0.558929,3.01612,17.151382
Falcon-512_run02,active,5.669657,5.395,0.553207,2.984553,17.189404
Falcon-512_run02,active,5.682395,5.3975,0.540691,2.918381,17.226581
Falcon-512_run02,active,5.695138,5.39375,0.582709,3.142988,17.26663
Falcon-512_run02,active,5.707884,5.3975,0.564293,3.04577,17.305453
Falcon-512_run02,active,5.720627,5.39625,0.533718,2.880076,17.342153
Falcon-512_run02,active,5.733367,5.39625,0.582709,3.144445,17.382212
Falcon-512_run02,active,5.746107,5.395,0.572339,3.087768,17.421553
Falcon-512_run02,active,5.75885,5.39625,0.582709,3.144445,17.46162
Falcon-512_run02,active,5.771589,5.3975,0.556247,3.002342,17.499867
Falcon-512_run02,active,5.784329,5.39625,0.523526,2.825079,17.535859
Falcon-512_run02,active,5.797072,5.39875,0.580027,3.131422,17.575764
Falcon-512_run02,active,5.809819,5.3975,0.566975,3.060246,17.614772
Falcon-512_run02,active,5.822563,5.39625,0.561968,3.032522,17.653418
Falcon-512_run02,active,5.835306,5.3975,0.580385,3.132627,17.693337
Falcon-512_run02,active,5.848046,5.3975,0.56465,3.047701,17.732166
Falcon-512_run02,active,5.860787,5.3975,0.582709,3.145173,17.772237
Falcon-512_run02,active,5.873526,5.3975,0.566081,3.055421,17.811162
Falcon-512_run02,active,5.886266,5.39875,0.567332,3.062886,17.850183
Falcon-512_run02,active,5.899017,5.3975,0.527818,2.848895,17.886507
Falcon-512_run02,active,5.911765,5.39625,0.583067,3.146374,17.926617
Falcon-512_run02,active,5.924508,5.39625,0.558571,3.01419,17.965029
Falcon-512_run02,active,5.937252,5.39625,0.552134,2.979455,18.002997
Falcon-512_run02,active,5.949991,5.3975,0.535506,2.890394,18.039818
Falcon-512_run02,active,5.962728,5.39625,0.581994,3.140585,18.079822
Falcon-512_run02,active,5.975468,5.3975,0.565544,3.052526,18.11871
Falcon-512_run02,active,5.988206,5.3975,0.533003,2.876883,18.155355
Falcon-512_run02,active,6.000945,5.39625,0.581994,3.140585,18.195363
Falcon-512_run02,active,6.01369,5.39375,0.539618,2.910567,18.232458
Falcon-512_run02,active,6.026432,5.39625,0.564114,3.0441,18.271248
Falcon-512_run02,active,6.039174,5.3975,0.583246,3.148068,18.31136
Falcon-512_run02,active,6.051925,5.3975,0.561253,3.029364,18.349988
Falcon-512_run02,active,6.064662,5.395,0.571087,3.081015,18.389231
Falcon-512_run02,active,6.077451,5.39625,0.58253,3.14348,18.429432
Falcon-512_run02,active,6.090194,5.39625,0.563756,3.04217,18.468198
Falcon-512_run02,active,6.102951,5.4,0.538724,2.909112,18.50531
Falcon-512_run02,active,6.115729,5.39625,0.580921,3.134796,18.545366
Falcon-512_run02,active,6.12848,5.3975,0.570014,3.076653,18.584595
Falcon-512_run02,active,6.141224,5.3975,0.568942,3.070862,18.623732
Falcon-512_run02,active,6.153968,5.3975,0.548916,2.962774,18.661488
Falcon-512_run02,active,6.166708,5.39625,0.56465,3.046995,18.700308
Falcon-512_run02,active,6.17945,5.395,0.582173,3.140822,18.740329
Falcon-512_run02,active,6.192191,5.3975,0.564472,3.046735,18.779146
Falcon-512_run02,active,6.204931,5.395,0.55571,2.998058,18.817342
Falcon-512_run02,active,6.21768,5.39875,0.574306,3.100532,18.856871
Falcon-512_run02,active,6.230426,5.3975,0.525851,2.83828,18.893047
Falcon-512_run02,active,6.24317,5.39125,0.582709,3.141531,18.933084
Falcon-512_run02,active,6.255912,5.39625,0.554101,2.990069,18.971182
Falcon-512_run02,active,6.268652,5.39625,0.53497,2.88683,19.007962
Falcon-512_run02,active,6.281431,5.3975,0.583067,3.147103,19.048179
Falcon-512_run02,active,6.294175,5.40125,0.567869,3.067201,19.087266
Falcon-512_run02,active,6.306918,5.39875,0.549452,2.966356,19.125067
Falcon-512_run02,active,6.319665,5.39625,0.581815,3.13962,19.165088
Falcon-512_run02,active,6.33241,5.39875,0.582709,3.145901,19.205182
Falcon-512_run02,active,6.345153,5.39875,0.558571,3.015586,19.243609
Falcon-512_run02,active,6.357894,5.39625,0.5305,2.862708,19.280082
Falcon-512_run02,active,6.370633,5.3975,0.573233,3.094024,19.319498
Falcon-512_run02,active,6.385989,5.39625,0.563041,3.038311,19.366153
Falcon-512_run02,active,6.398744,5.39625,0.577166,3.114534,19.40588
Falcon-512_run02,active,6.41149,5.39625,0.559823,3.020944,19.444384
Falcon-512_run02,active,6.424237,5.4,0.528175,2.852146,19.480742
Falcon-512_run02,active,6.436982,5.39875,0.582352,3.143971,19.520811
Falcon-512_run02,active,6.449724,5.3975,0.564829,3.048666,19.559656
Falcon-512_run02,active,6.462463,5.40375,0.5811,3.140119,19.599658
Falcon-512_run02,active,6.475206,5.3975,0.555889,3.000412,19.637892
Falcon-512_run02,active,6.487946,5.39625,0.540691,2.917705,19.675064
Falcon-512_run02,active,6.500719,5.39625,0.582709,3.144445,19.715229
Falcon-512_run02,active,6.513466,5.4,0.566975,3.061664,19.754257
Falcon-512_run02,active,6.526217,5.39625,0.537473,2.900338,19.791237
Falcon-512_run02,active,6.538965,5.39375,0.583424,3.146845,19.831354
Falcon-512_run02,active,6.551704,5.39875,0.559286,3.019447,19.869819
Falcon-512_run02,active,6.564444,5.39375,0.522454,2.817984,19.90572
Falcon-512_run02,active,6.577184,5.39875,0.581636,3.14011,19.945726
Falcon-512_run02,active,6.589924,5.39625,0.567869,3.064362,19.984766
Falcon-512_run02,active,6.602666,5.39625,0.582709,3.144445,20.024833
Falcon-512_run02,active,6.615407,5.3975,0.571266,3.083408,20.064118
Falcon-512_run02,active,6.628152,5.39625,0.576451,3.110675,20.103762
Falcon-512_run02,active,6.640895,5.3975,0.562505,3.03612,20.142452
Falcon-512_run02,active,6.653635,5.39875,0.557677,3.01076,20.18081
Falcon-512_run02,active,6.666375,5.3975,0.54677,2.951193,20.218408
Falcon-512_run02,active,6.679118,5.3975,0.527102,2.845035,20.254661
Falcon-512_run02,active,6.691856,5.39625,0.570193,3.076905,20.293856
Falcon-512_run02,active,6.704597,5.395,0.576451,3.109954,20.333478
Falcon-512_run02,active,6.717334,5.3975,0.563756,3.042875,20.372237
Falcon-512_run02,active,6.730087,5.3975,0.554459,2.992691,20.410402
Falcon-512_run02,active,6.742835,5.39625,0.577345,3.115499,20.450118
Falcon-512_run02,active,6.755575,5.39625,0.552671,2.98235,20.488115
Falcon-512_run02,active,6.768316,5.3975,0.53336,2.878813,20.524791
Falcon-512_run02,active,6.781056,5.39375,0.582173,3.140095,20.564798
Falcon-512_run02,active,6.793796,5.3975,0.544982,2.941543,20.602273
Falcon-512_run02,active,6.806537,5.3975,0.565187,3.050596,20.64114
Falcon-512_run02,active,6.819278,5.39625,0.583067,3.146374,20.681228
Falcon-512_run02,active,6.832024,5.3975,0.570014,3.076653,20.720442
Falcon-512_run02,active,6.844767,5.3975,0.58253,3.144208,20.760509
Falcon-512_run02,active,6.857508,5.3975,0.543194,2.931892,20.797864
Falcon-512_run02,active,6.870247,5.39625,0.582709,3.144445,20.837923
Falcon-512_run02,active,6.882991,5.3925,0.57967,3.125868,20.877757
Falcon-512_run02,active,6.895729,5.395,0.570551,3.078122,20.916966
Falcon-512_run02,active,6.90847,5.39625,0.546413,2.94858,20.954535
Falcon-512_run02,active,6.92121,5.3975,0.581279,3.137452,20.994508
Falcon-512_run02,active,6.933959,5.39625,0.555532,2.997787,21.032725
Falcon-512_run02,active,6.946703,5.39625,0.580921,3.134796,21.072674
Falcon-512_run02,active,6.959444,5.39625,0.565008,3.048924,21.111522
Falcon-512_run02,active,6.972185,5.3975,0.553565,2.987866,21.149591
Falcon-512_run02,active,6.984925,5.4,0.573233,3.095457,21.189025
Falcon-512_run02,active,6.997665,5.39875,0.584855,3.157485,21.229251
Falcon-512_run02,active,7.010407,5.3975,0.568226,3.067002,21.268334
Falcon-512_run02,active,7.023152,5.39625,0.567511,3.062432,21.307363
Falcon-512_run02,active,7.035891,5.39625,0.581279,3.136726,21.347321
Falcon-512_run02,active,7.048641,5.39625,0.556068,3.000682,21.385579
Falcon-512_run02,active,7.061387,5.39875,0.583782,3.151693,21.425751
Falcon-512_run02,active,7.074127,5.39875,0.576094,3.110185,21.465376
Falcon-512_run02,active,7.086871,5.39875,0.563399,3.041649,21.504138
Falcon-512_run02,active,7.099616,5.3975,0.580742,3.134557,21.544088
Falcon-512_run02,active,7.112357,5.3975,0.533182,2.877848,21.580754
Falcon-512_run02,active,7.125098,5.39625,0.55571,2.998752,21.618962
Falcon-512_run02,active,7.137847,5.395,0.582352,3.141787,21.659016
Falcon-512_run02,active,7.150592,5.3975,0.581815,3.140348,21.69904
Falcon-512_run02,active,7.163337,5.39875,0.548201,2.959599,21.736761
Falcon-512_run02,active,7.176124,5.4,0.533003,2.878215,21.773563
Falcon-512_run02,active,7.188867,5.39875,0.583246,3.148797,21.813689
Falcon-512_run02,active,7.201609,5.3975,0.56912,3.071827,21.852831
Falcon-512_run02,active,7.214356,5.39625,0.557677,3.009366,21.89119
Falcon-512_run02,active,7.2271,5.3975,0.581279,3.137452,21.931176
Falcon-512_run02,active,7.239849,5.39625,0.569299,3.072081,21.970341
Falcon-512_run02,active,7.252594,5.39625,0.544088,2.936037,22.007761
Falcon-512_run02,active,7.265334,5.3975,0.533718,2.880743,22.044462
Falcon-512_run02,active,7.278075,5.3975,0.565187,3.050596,22.083329
Falcon-512_run02,active,7.290818,5.3975,0.551777,2.978215,22.121281
Falcon-512_run02,active,7.30356,5.3925,0.56018,3.020773,22.159772
Falcon-512_run02,active,7.316301,5.3825,0.577524,3.108523,22.199376
Falcon-512_run02,active,7.329042,5.38875,0.583424,3.143928,22.239434
Falcon-512_run02,active,7.341788,5.39875,0.581994,3.14204,22.279482
Falcon-512_run02,active,7.354533,5.3975,0.573948,3.097884,22.318964
Falcon-512_run02,active,7.367277,5.3975,0.58253,3.144208,22.359034
Falcon-512_run02,active,7.380017,5.39625,0.569657,3.074011,22.398197
Falcon-512_run02,active,7.392757,5.39625,0.555889,2.999717,22.436413
Falcon-512_run02,active,7.405496,5.39875,0.557677,3.01076,22.474768
Falcon-512_run02,active,7.418236,5.395,0.582173,3.140822,22.514783
Falcon-512_run02,active,7.430978,5.39625,0.55124,2.974631,22.552684
Falcon-512_run02,active,7.443725,5.40625,0.533182,2.882513,22.589429
Falcon-512_run02,active,7.45647,5.39625,0.58253,3.14348,22.629492
Falcon-512_run02,active,7.469211,5.39625,0.553565,2.987174,22.667552
Falcon-512_run02,active,7.481952,5.39625,0.581636,3.138655,22.707541
Falcon-512_run02,active,7.494694,5.3975,0.55732,3.008133,22.745869
Falcon-512_run02,active,7.507437,5.3975,0.546234,2.948298,22.783441
Falcon-512_run02,active,7.520175,5.39375,0.578597,3.120806,22.823193
Falcon-512_run02,active,7.532919,5.39875,0.560359,3.025239,22.861747
Falcon-512_run02,active,7.545667,5.3975,0.555174,2.996552,22.899945
Falcon-512_run02,active,7.558411,5.3975,0.532645,2.874952,22.936585
Falcon-512_run02,active,7.571157,5.4,0.582709,3.14663,22.976693
Falcon-512_run02,active,7.5839,5.3975,0.550525,2.97146,23.014557
Falcon-512_run02,active,7.59664,5.3975,0.583782,3.150963,23.054701
Falcon-512_run02,active,7.609386,5.3975,0.554816,2.994622,23.092869
Falcon-512_run02,active,7.622127,5.39625,0.583782,3.150234,23.133008
Falcon-512_run02,active,7.63487,5.39625,0.584497,3.154093,23.173198
Falcon-512_run02,active,7.647616,5.39625,0.546413,2.94858,23.210782
Falcon-512_run02,active,7.66301,5.39875,0.561432,3.031031,23.257441
Falcon-512_run02,active,7.675772,5.39875,0.582888,3.146867,23.297602
Falcon-512_run02,active,7.688517,5.39625,0.561968,3.032522,23.336252
Falcon-512_run02,active,7.701258,5.39625,0.569836,3.074975,23.37543
Falcon-512_run02,active,7.713997,5.39625,0.552134,2.979455,23.413387
Falcon-512_run02,active,7.726738,5.395,0.566796,3.057864,23.452347
Falcon-512_run02,active,7.73948,5.39625,0.55571,2.998752,23.490556
Falcon-512_run02,active,7.752227,5.395,0.557498,3.007704,23.528893
Falcon-512_run02,active,7.764973,5.4,0.581636,3.140837,23.568927
Falcon-512_run02,active,7.777715,5.4,0.581279,3.138906,23.608925
Falcon-512_run02,active,7.790455,5.3975,0.528175,2.850826,23.645243
Falcon-512_run02,active,7.803198,5.395,0.582173,3.140822,23.685266
Falcon-512_run02,active,7.815937,5.39625,0.559465,3.019014,23.723727
Falcon-512_run02,active,7.828675,5.39875,0.548737,2.962495,23.761462
Falcon-512_run02,active,7.841451,5.3975,0.566081,3.055421,23.800497
Falcon-512_run02,active,7.854197,5.4,0.557677,3.011457,23.838884
Falcon-512_run02,active,7.866944,5.3975,0.578239,3.121046,23.878667
Falcon-512_run02,active,7.879684,5.39875,0.564293,3.046476,23.91748
Falcon-512_run02,active,7.892424,5.39875,0.529963,2.861139,23.953931
Falcon-512_run02,active,7.905165,5.395,0.56626,3.054971,23.992853
Falcon-512_run02,active,7.917909,5.39625,0.587179,3.168566,24.033234
Falcon-512_run02,active,7.930651,5.3975,0.569299,3.072792,24.072387
Falcon-512_run02,active,7.943392,5.39375,0.553565,2.98579,24.11043
Falcon-512_run02,active,7.95614,5.39625,0.555532,2.997787,24.148644
Falcon-512_run02,active,7.968885,5.39625,0.567869,3.064362,24.187699
Falcon-512_run02,active,7.981627,5.395,0.553565,2.986482,24.225753
Falcon-512_run02,active,7.994366,5.395,0.583603,3.148539,24.265863
Falcon-512_run02,active,8.007109,5.395,0.58253,3.142752,24.305912
Falcon-512_run02,active,8.01985,5.3975,0.586285,3.164474,24.346231
Falcon-512_run02,active,8.032589,5.39625,0.559286,3.018049,24.384676
Falcon-512_run02,active,8.045342,5.3975,0.568405,3.067967,24.423803
Falcon-512_run02,active,8.058091,5.3975,0.528533,2.852756,24.460172
Falcon-512_run02,active,8.07084,5.39625,0.53336,2.878146,24.496864
Falcon-512_run02,active,8.083582,5.39625,0.584855,3.156023,24.53708
Falcon-512_run02,active,8.096328,5.3975,0.569657,3.074723,24.576269
Falcon-512_run02,active,8.109113,5.3975,0.538009,2.903905,24.613397
Falcon-512_run02,active,8.121864,5.3975,0.58861,3.17702,24.653905
Falcon-512_run02,active,8.134608,5.39625,0.556247,3.001647,24.692159
Falcon-512_run02,active,8.147352,5.39625,0.542658,2.928318,24.729477
Falcon-512_run02,active,8.160146,5.39625,0.548558,2.960158,24.767351
Falcon-512_run02,active,8.172895,5.39125,0.57967,3.125144,24.807193
Falcon-512_run02,active,8.185639,5.395,0.565544,3.051112,24.846075
Falcon-512_run02,active,8.19838,5.39625,0.55571,2.998752,24.884284
Falcon-512_run02,active,8.211121,5.395,0.541764,2.922817,24.921524
Falcon-512_run02,active,8.223862,5.40125,0.586285,3.166673,24.961871
Falcon-512_run02,active,8.236602,5.395,0.550704,2.971048,24.99972
Falcon-512_run02,active,8.249342,5.39375,0.583603,3.14781,25.039825
Falcon-512_run02,active,8.262091,5.3975,0.566975,3.060246,25.07884
Falcon-512_run02,active,8.274841,5.3975,0.554638,2.993656,25.117007
Falcon-512_run02,active,8.287581,5.3975,0.583246,3.148068,25.157114
Falcon-512_run02,active,8.300321,5.39875,0.558214,3.013656,25.19551
Falcon-512_run02,active,8.313063,5.395,0.52603,2.83793,25.23167
Falcon-512_run02,active,8.325803,5.3975,0.583067,3.147103,25.271764
Falcon-512_run02,active,8.338545,5.385,0.535864,2.885625,25.308533
Falcon-512_run02,active,8.351287,5.3975,0.581636,3.139382,25.348535
Falcon-512_run02,active,8.364033,5.39625,0.570551,3.078835,25.387777
Falcon-512_run02,active,8.376778,5.39875,0.556604,3.004968,25.426075
Falcon-512_run02,active,8.38952,5.395,0.541943,2.923781,25.463329
Falcon-512_run02,active,8.402262,5.39375,0.583067,3.144917,25.503402
Falcon-512_run02,active,8.415002,5.39625,0.584855,3.156023,25.543611
Falcon-512_run02,active,8.427742,5.395,0.541764,2.922817,25.580847
Falcon-512_run02,active,8.440482,5.385,0.545698,2.938582,25.618285
Falcon-512_run02,active,8.453223,5.395,0.579491,3.126353,25.658117
Falcon-512_run02,active,8.465968,5.39625,0.553565,2.987174,25.69619
Falcon-512_run02,active,8.478712,5.4,0.58253,3.145664,25.736277
Falcon-512_run02,active,8.491457,5.3975,0.523169,2.823804,25.772267
Falcon-512_run02,active,8.504197,5.3975,0.581279,3.137452,25.812238
Falcon-512_run02,active,8.516938,5.3975,0.558392,3.013923,25.85064
Falcon-512_run02,active,8.529679,5.39875,0.571445,3.085088,25.889944
Falcon-512_run02,active,8.542418,5.3825,0.545161,2.93433,25.927327
Falcon-512_run02,active,8.555163,5.3975,0.58253,3.144208,25.967398
Falcon-512_run02,active,8.567909,5.3975,0.555174,2.996552,26.005593
Falcon-512_run02,active,8.580653,5.3975,0.523169,2.823804,26.041579
Falcon-512_run02,active,8.593432,5.3975,0.547128,2.953123,26.079317
Falcon-512_run02,active,8.606172,5.39625,0.581636,3.138655,26.119303
Falcon-512_run02,active,8.618915,5.39625,0.571981,3.086554,26.158634
Falcon-512_run02,active,8.631655,5.39625,0.561611,3.030592,26.197245
Falcon-512_run02,active,8.644396,5.385,0.554459,2.985761,26.235288
Falcon-512_run02,active,8.657136,5.39625,0.561611,3.030592,26.273898
Falcon-512_run02,active,8.669883,5.39375,0.538188,2.902852,26.3109
Falcon-512_run02,active,8.682628,5.39625,0.582352,3.142515,26.35095
Falcon-512_run02,active,8.695369,5.39875,0.555353,2.998211,26.389151
Falcon-512_run02,active,8.708139,5.39875,0.581636,3.14011,26.429251
Falcon-512_run02,active,8.720881,5.3975,0.553028,2.984971,26.467284
Falcon-512_run02,active,8.733621,5.39875,0.584318,3.154589,26.507473
Falcon-512_run02,active,8.746363,5.38375,0.549452,2.958114,26.545165
Falcon-512_run02,active,8.759105,5.39625,0.580921,3.134796,26.58511
Falcon-512_run02,active,8.771851,5.39625,0.569299,3.072081,26.624268
Falcon-512_run02,active,8.784597,5.40125,0.530142,2.863429,26.660763
Falcon-512_run02,active,8.797337,5.39625,0.530142,2.860779,26.69721
Falcon-512_run02,active,8.810076,5.39625,0.54838,2.959193,26.734907
Falcon-512_run02,active,8.822818,5.39875,0.566438,3.058059,26.773873
Falcon-512_run02,active,8.835558,5.39625,0.54391,2.935072,26.811267
Falcon-512_run02,active,8.848301,5.3825,0.582709,3.136432,26.851233
Falcon-512_run02,active,8.861043,5.39625,0.557677,3.009366,26.889579
Falcon-512_run02,active,8.87379,5.39375,0.585928,3.160347,26.929864
Falcon-512_run02,active,8.886535,5.39875,0.575736,3.108255,26.96948
Falcon-512_run02,active,8.89928,5.3975,0.528533,2.852756,27.005836
Falcon-512_run02,active,8.912019,5.39625,0.540691,2.917705,27.043005
Falcon-512_run02,active,8.924755,5.395,0.547307,2.95272,27.080612
Falcon-512_run02,active,8.939985,5.39625,0.584318,3.153128,27.128634
Falcon-512_run02,active,8.952742,5.37125,0.563756,3.028077,27.167263
Falcon-512_run02,active,8.965481,5.3875,0.583603,3.144162,27.207315
Falcon-512_run02,active,8.978241,5.3925,0.533897,2.879038,27.244052
Falcon-512_run02,active,8.990991,5.3975,0.583246,3.148068,27.284191
Falcon-512_run02,active,9.003731,5.395,0.556426,3.001916,27.322434
Falcon-512_run02,active,9.01647,5.39875,0.562147,3.034892,27.361096
Falcon-512_run02,active,9.029209,5.39625,0.582352,3.142515,27.40113
Falcon-512_run02,active,9.041951,5.3975,0.558929,3.016818,27.439571
Falcon-512_run02,active,9.054695,5.385,0.574842,3.095524,27.47902
Falcon-512_run02,active,9.067437,5.3975,0.581636,3.139382,27.519022
Falcon-512_run02,active,9.080182,5.3975,0.56465,3.047701,27.557865
Falcon-512_run02,active,9.092927,5.39,0.553744,2.984678,27.595903
Falcon-512_run02,active,9.105667,5.39625,0.536221,2.893584,27.632767
Falcon-512_run02,active,9.118408,5.39625,0.583424,3.148304,27.672881
Falcon-512_run02,active,9.131151,5.39625,0.536221,2.893584,27.709755
Falcon-512_run02,active,9.143889,5.4025,0.582352,3.146155,27.749829
Falcon-512_run02,active,9.15663,5.385,0.562326,3.028126,27.788411
Falcon-512_run02,active,9.16937,5.39625,0.577345,3.115499,27.828101
Falcon-512_run02,active,9.182118,5.40125,0.565008,3.051749,27.867005
Falcon-512_run02,active,9.194864,5.395,0.552134,2.978765,27.904973
Falcon-512_run02,active,9.207604,5.39875,0.535864,2.892994,27.941828
Falcon-512_run02,active,9.220345,5.39625,0.548737,2.961123,27.979558
Falcon-512_run02,active,9.233086,5.39875,0.584497,3.155554,28.019763
Falcon-512_run02,active,9.245827,5.39875,0.555353,2.998211,28.057961
Falcon-512_run02,active,9.258567,5.38375,0.5364,2.887843,28.094753
Falcon-512_run02,active,9.271315,5.39625,0.582709,3.144445,28.13484
Falcon-512_run02,active,9.284062,5.39625,0.559286,3.018049,28.17331
Falcon-512_run02,active,9.296805,5.3975,0.55875,3.015853,28.211742
Falcon-512_run02,active,9.309546,5.3975,0.568405,3.067967,28.25083
Falcon-512_run02,active,9.322287,5.3975,0.572696,3.091129,28.290214
Falcon-512_run02,active,9.335029,5.39625,0.583603,3.149269,28.330342
Falcon-512_run02,active,9.347769,5.395,0.566081,3.054006,28.369251
Falcon-512_run02,active,9.36051,5.3825,0.555353,2.989186,28.407336
Falcon-512_run02,active,9.37325,5.39625,0.528175,2.850165,28.443648
Falcon-512_run02,active,9.385997,5.3975,0.58414,3.152893,28.483837
Falcon-512_run02,active,9.398741,5.3975,0.55571,2.999447,28.522062
Falcon-512_run02,active,9.411483,5.395,0.554101,2.989376,28.560151
Falcon-512_run02,active,9.424222,5.3975,0.588788,3.177985,28.600636
Falcon-512_run02,active,9.436961,5.395,0.571087,3.081015,28.639886
Falcon-512_run02,active,9.4497,5.39625,0.538903,2.908056,28.67693
Falcon-512_run02,active,9.46244,5.395,0.580742,3.133105,28.716847
Falcon-512_run02,active,9.475182,5.3975,0.555532,2.998482,28.755053
Falcon-512_run02,active,9.487928,5.39625,0.581458,3.137691,28.795047
Falcon-512_run02,active,9.500672,5.3975,0.574663,3.101745,28.834576
Falcon-512_run02,active,9.513454,5.3975,0.563041,3.039015,28.87342
Falcon-512_run02,active,9.526195,5.39625,0.576809,3.112604,28.913076
Falcon-512_run02,active,9.538938,5.3975,0.582173,3.142278,28.953119
Falcon-512_run02,active,9.551677,5.3975,0.533718,2.880743,28.989818
Falcon-512_run02,active,9.564417,5.3975,0.583246,3.148068,29.029922
Falcon-512_run02,active,9.577158,5.3975,0.548737,2.961809,29.067661
Falcon-512_run02,active,9.589905,5.39625,0.582173,3.14155,29.107707
Falcon-512_run02,active,9.60265,5.39,0.574306,3.095507,29.147159
Falcon-512_run02,active,9.615394,5.39625,0.527102,2.844376,29.183406
Falcon-512_run02,active,9.628134,5.39625,0.553386,2.986209,29.221451
Falcon-512_run02,active,9.640874,5.39625,0.581815,3.13962,29.261448
Falcon-512_run02,active,9.653615,5.39625,0.561968,3.032522,29.300086
Falcon-512_run02,active,9.666354,5.39625,0.553028,2.98428,29.338104
Falcon-512_run02,active,9.679096,5.39625,0.584855,3.156023,29.378319
Falcon-512_run02,active,9.691842,5.39375,0.58253,3.142023,29.418367
Falcon-512_run02,active,9.704586,5.39625,0.583424,3.148304,29.458488
Falcon-512_run02,active,9.717327,5.3975,0.555353,2.997517,29.496678
Falcon-512_run02,active,9.730066,5.39875,0.554816,2.995315,29.534837
Falcon-512_run02,active,9.742839,5.3875,0.578597,3.11719,29.574652
Falcon-512_run02,active,9.755581,5.39875,0.531215,2.867896,29.611195
Falcon-512_run02,active,9.768323,5.395,0.538367,2.904489,29.648204
Falcon-512_run02,active,9.781065,5.395,0.582173,3.140822,29.688224
Falcon-512_run02,active,9.793813,5.39375,0.553028,2.982897,29.726252
Falcon-512_run02,active,9.806556,5.39625,0.580921,3.134796,29.766197
Falcon-512_run02,active,9.819298,5.3975,0.571624,3.085338,29.80551
Falcon-512_run02,active,9.832038,5.39875,0.572696,3.091845,29.844901
Falcon-512_run02,active,9.844778,5.39625,0.525851,2.837622,29.881052
Falcon-512_run02,active,9.857518,5.3975,0.586643,3.166405,29.921392
Falcon-512_run02,active,9.870259,5.395,0.5811,3.135035,29.961335
Falcon-512_run02,active,9.883005,5.395,0.558392,3.012527,29.999734
Falcon-512_run02,active,9.895752,5.39625,0.543373,2.932178,30.037108
Falcon-512_run02,active,9.908497,5.39625,0.582173,3.14155,30.07715
Falcon-512_run02,active,9.921242,5.39625,0.580206,3.130937,30.117052
Falcon-512_run02,active,9.933987,5.39625,0.55571,2.998752,30.155271
Falcon-512_run02,active,9.946725,5.39625,0.578239,3.120323,30.195019
Falcon-512_run02,active,9.959467,5.39625,0.579133,3.125148,30.234838
Falcon-512_run02,active,9.972206,5.39875,0.556604,3.004968,30.273118
Falcon-512_run02,active,9.984946,5.3975,0.552313,2.98111,30.311097
Falcon-512_run02,active,9.997693,5.3975,0.585034,3.157719,30.351349
Falcon-512_run02,active,10.010437,5.39625,0.557141,3.006471,30.389664
Falcon-512_run02,active,10.023179,5.4,0.583067,3.148561,30.429782
Falcon-512_run02,active,10.035931,5.3975,0.565008,3.049631,30.468671
Falcon-512_run02,active,10.048713,5.39625,0.571802,3.085589,30.508111
Falcon-512_run02,active,10.061456,5.39625,0.544982,2.940861,30.545588
Falcon-512_run02,active,10.074197,5.395,0.562684,3.035678,30.584266
Falcon-512_run02,active,10.086938,5.39625,0.576451,3.110675,30.623898
Falcon-512_run02,active,10.099692,5.3925,0.547128,2.950388,30.661526
Falcon-512_run02,active,10.112473,5.3925,0.550346,2.967743,30.699459
Falcon-512_run02,active,10.125242,5.39375,0.580742,3.132379,30.739456
Falcon-512_run02,active,10.137983,5.39625,0.556962,3.005506,30.777749
Falcon-512_run02,active,10.150724,5.3975,0.583603,3.149998,30.817882
Falcon-512_run02,active,10.163463,5.40125,0.565187,3.052715,30.856771
Falcon-512_run02,active,10.176203,5.3975,0.557677,3.010063,30.895119
Falcon-512_run02,active,10.188943,5.39875,0.54534,2.944154,30.932628
Falcon-512_run02,active,10.201692,5.395,0.565187,3.049183,30.971502
Falcon-512_run02,active,10.217168,5.3975,0.566617,3.058316,31.018832
Falcon-512_run02,active,10.229934,5.39625,0.583067,3.146374,31.058999
Falcon-512_run02,active,10.242678,5.395,0.563756,3.041466,31.097759
Falcon-512_run02,active,10.255419,5.39625,0.581636,3.138655,31.13775
Falcon-512_run02,active,10.268157,5.39875,0.566438,3.058059,31.176701
Falcon-512_run02,active,10.280896,5.39625,0.553922,2.989104,31.21478
Falcon-512_run02,active,10.293635,5.395,0.579491,3.126353,31.254608
Falcon-512_run02,active,10.306381,5.3975,0.529427,2.857581,31.291031
Falcon-512_run02,active,10.319129,5.39625,0.582173,3.14155,31.331078
Falcon-512_run02,active,10.33187,5.39625,0.570908,3.080764,31.370329
Falcon-512_run02,active,10.34461,5.395,0.563399,3.039537,31.409054
Falcon-512_run02,active,10.35735,5.39625,0.544804,2.939896,31.446508
Falcon-512_run02,active,10.370088,5.3975,0.539797,2.913555,31.483622
Falcon-512_run02,active,10.382829,5.39625,0.584318,3.153128,31.523796
Falcon-512_run02,active,10.395567,5.39625,0.528533,2.852095,31.560126
Falcon-512_run02,active,10.408314,5.39625,0.536579,2.895513,31.597035
Falcon-512_run02,active,10.421058,5.39625,0.583961,3.151198,31.637193
Falcon-512_run02,active,10.433798,5.39625,0.566796,3.058573,31.676159
Falcon-512_run02,active,10.446535,5.3975,0.550883,2.97339,31.714032
Falcon-512_run02,active,10.459276,5.39625,0.582173,3.14155,31.754058
Falcon-512_run02,active,10.472012,5.4,0.531036,2.867594,31.79058
Falcon-512_run02,active,10.484751,5.395,0.58253,3.142752,31.830615
Falcon-512_run02,active,10.497489,5.39875,0.553207,2.986627,31.86866
Falcon-512_run02,active,10.510235,5.3975,0.581815,3.140348,31.908687
Falcon-512_run02,active,10.52298,5.395,0.56912,3.070405,31.947817
Falcon-512_run02,active,10.535721,5.39875,0.562147,3.034892,31.986485
Falcon-512_run02,active,10.548459,5.39625,0.577524,3.116464,32.026182
Falcon-512_run02,active,10.561198,5.3975,0.540334,2.916451,32.063336
Falcon-512_run02,active,10.573938,5.3975,0.565902,3.054456,32.102248
Falcon-512_run02,active,10.586676,5.39625,0.550704,2.971736,32.140104
Falcon-512_run02,active,10.599418,5.39625,0.579848,3.129007,32.179974
Falcon-512_run02,active,10.612164,5.39375,0.585034,3.155525,32.220194
Falcon-512_run02,active,10.624906,5.3975,0.5364,2.895219,32.257085
Falcon-512_run02,active,10.637647,5.3975,0.583067,3.147103,32.297183
Falcon-512_run02,active,10.650386,5.39875,0.556604,3.004968,32.335463
Falcon-512_run02,active,10.663128,5.40375,0.583782,3.154612,32.375656
Falcon-512_run02,active,10.675864,5.3975,0.56179,3.032259,32.414277
Falcon-512_run02,active,10.688602,5.39625,0.564472,3.04603,32.453077
Falcon-512_run02,active,10.701341,5.39625,0.522632,2.820255,32.489005
Falcon-512_run02,active,10.714086,5.39625,0.587537,3.170495,32.529413
Falcon-512_run02,active,10.726831,5.39625,0.568405,3.067257,32.568504
Falcon-512_run02,active,10.739571,5.39625,0.525851,2.837622,32.604655
Falcon-512_run02,active,10.75231,5.3975,0.583961,3.151928,32.644808
Falcon-512_run02,active,10.765048,5.3975,0.563756,3.042875,32.683569
Falcon-512_run02,active,10.777785,5.39625,0.566081,3.054714,32.722477
Falcon-512_run02,active,10.790523,5.3975,0.562862,3.03805,32.761176
Falcon-512_run02,active,10.803263,5.395,0.55428,2.990341,32.799271
Falcon-512_run02,active,10.816006,5.39625,0.581279,3.136726,32.839243
Falcon-512_run02,active,10.828748,5.39625,0.568405,3.067257,32.878327
Falcon-512_run02,active,10.841487,5.3975,0.555353,2.997517,32.916513
Falcon-512_run02,active,10.854226,5.3975,0.558392,3.013923,32.954907
Falcon-512_run02,active,10.866968,5.3975,0.58253,3.144208,32.994968
Falcon-512_run02,active,10.879705,5.3975,0.538724,2.907765,33.032006
Falcon-512_run02,active,10.892444,5.395,0.56465,3.046289,33.07081
Falcon-512_run02,active,10.905183,5.39,0.580385,3.128274,33.110662
Falcon-512_run02,active,10.917928,5.3975,0.566975,3.060246,33.149666
Falcon-512_run02,active,10.930669,5.3975,0.557856,3.011028,33.188029
Falcon-512_run02,active,10.943409,5.40375,0.526387,2.844465,33.224268
Falcon-512_run02,active,10.956147,5.3975,0.572875,3.092094,33.263655
Falcon-512_run02,active,10.968884,5.39625,0.562147,3.033487,33.302292
Falcon-512_run02,active,10.981623,5.40125,0.551062,2.976421,33.340209
Falcon-512_run02,active,10.994361,5.39375,0.557141,3.005078,33.378486
Falcon-512_run02,active,11.007098,5.3975,0.583424,3.149033,33.418598
Falcon-512_run02,active,11.019843,5.39625,0.563041,3.038311,33.457322
Falcon-512_run02,active,11.032585,5.395,0.553922,2.988411,33.495397
Falcon-512_run02,active,11.045344,5.3975,0.58253,3.144208,33.535515
Falcon-512_run02,active,11.058089,5.39625,0.554459,2.991998,33.573648
Falcon-512_run02,active,11.070831,5.39625,0.547128,2.952439,33.61127
Falcon-512_run02,active,11.083569,5.4,0.581636,3.140837,33.651278
Falcon-512_run02,active,11.096308,5.39875,0.570908,3.082192,33.690542
Falcon-512_run02,active,11.109047,5.3975,0.533539,2.879778,33.727227
Falcon-512_run02,active,11.121792,5.39625,0.528533,2.852095,33.763577
Falcon-512_run02,active,11.134537,5.39625,0.554459,2.991998,33.801708
Falcon-512_run02,active,11.147279,5.39375,0.580027,3.128522,33.841573
Falcon-512_run02,active,11.160019,5.4,0.562862,3.039457,33.880295
Falcon-512_run02,active,11.172759,5.39875,0.57663,3.113081,33.919955
Falcon-512_run02,active,11.185498,5.3975,0.58253,3.144208,33.96001
Falcon-512_run02,active,11.198238,5.39875,0.581279,3.138179,33.999991
Falcon-512_run02,active,11.210981,5.3975,0.581636,3.139382,34.039995
Falcon-512_run02,active,11.223725,5.39625,0.556604,3.003576,34.078275
Falcon-512_run02,active,11.236467,5.39625,0.525672,2.836658,34.114419
Falcon-512_run02,active,11.24921,5.3975,0.584318,3.153859,34.154609
Falcon-512_run02,active,11.26195,5.39875,0.567332,3.062886,34.19363
Falcon-512_run02,active,11.274692,5.39625,0.548916,2.962088,34.231371
Falcon-512_run02,active,11.287433,5.3975,0.581279,3.137452,34.271345
Falcon-512_run02,active,11.300171,5.3975,0.525136,2.834419,34.307452
Falcon-512_run02,active,11.312913,5.3975,0.579848,3.129732,34.347328
Falcon-512_run02,active,11.325659,5.3975,0.573233,3.094024,34.386766
Falcon-512_run02,active,11.338403,5.3975,0.554459,2.992691,34.424904
Falcon-512_run02,active,11.351146,5.39625,0.526566,2.841482,34.461115
Falcon-512_run02,active,11.363886,5.3975,0.581994,3.141313,34.501135
Falcon-512_run02,active,11.376626,5.3975,0.559465,3.019713,34.539606
Falcon-512_run02,active,11.389368,5.39625,0.539261,2.909986,34.576683
Falcon-512_run02,active,11.40211,5.39875,0.529963,2.861139,34.61314
Falcon-512_run02,active,11.414852,5.3975,0.585212,3.158684,34.653389
Falcon-512_run02,active,11.427597,5.39875,0.563399,3.041649,34.692155
Falcon-512_run02,active,11.440343,5.39625,0.545876,2.945686,34.7297
Falcon-512_run02,active,11.453085,5.39625,0.55428,2.991033,34.767812
Falcon-512_run02,active,11.465826,5.3975,0.563756,3.042875,34.806581
Falcon-512_run02,active,11.478565,5.39625,0.572518,3.089448,34.845939
Falcon-512_run02,active,11.493965,5.39625,0.568405,3.067257,34.893173
Falcon-512_run02,active,11.506722,5.3975,0.553028,2.984971,34.931254
Falcon-512_run02,active,11.519464,5.3975,0.526566,2.84214,34.967469
Falcon-512_run02,active,11.532214,5.3975,0.556783,3.005237,35.005784
Falcon-512_run02,active,11.544958,5.39625,0.582173,3.14155,35.045821
Falcon-512_run02,active,11.5577,5.39625,0.565723,3.052784,35.084719
Falcon-512_run02,active,11.570441,5.3975,0.576272,3.11043,35.124348
Falcon-512_run02,active,11.583183,5.3975,0.546413,2.949263,35.161929
Falcon-512_run02,active,11.595923,5.3975,0.535685,2.891359,35.198765
Falcon-512_run02,active,11.608664,5.3975,0.58253,3.144208,35.238824
Falcon-512_run02,active,11.621453,5.395,0.581815,3.138893,35.278968
Falcon-512_run02,active,11.634204,5.3925,0.572696,3.088265,35.318348
Falcon-512_run02,active,11.646949,5.3975,0.581279,3.137452,35.358334
Falcon-512_run02,active,11.659688,5.39625,0.582352,3.142515,35.398364
Falcon-512_run02,active,11.672428,5.3875,0.581279,3.13164,35.438262
Falcon-512_run02,active,11.685166,5.3925,0.567511,3.060304,35.477245
Falcon-512_run02,active,11.697904,5.39875,0.581815,3.141075,35.517255
Falcon-512_run02,active,11.710644,5.39625,0.570193,3.076905,35.556456
Falcon-512_run02,active,11.723385,5.39625,0.554995,2.994893,35.594613
Falcon-512_run02,active,11.736132,5.3975,0.534791,2.886533,35.631409
Falcon-512_run02,active,11.748876,5.39625,0.583961,3.151198,35.671567
Falcon-512_run02,active,11.761615,5.4025,0.557677,3.012851,35.709947
Falcon-512_run02,active,11.774355,5.4,0.563399,3.042354,35.748708
Falcon-512_run02,active,11.787098,5.3975,0.581636,3.139382,35.788713
Falcon-512_run02,active,11.799837,5.3975,0.556426,3.003307,35.826972
Falcon-512_run02,active,11.812577,5.395,0.583424,3.147575,35.867073
Falcon-512_run02,active,11.825316,5.39625,0.555174,2.995858,35.905238
Falcon-512_run02,active,11.838063,5.39375,0.573412,3.092839,35.94466
Falcon-512_run02,active,11.850841,5.3975,0.554816,2.994622,35.982926
Falcon-512_run02,active,11.863586,5.395,0.525851,2.836965,36.019082
Falcon-512_run02,active,11.876325,5.3975,0.583603,3.149998,36.059211
Falcon-512_run02,active,11.889066,5.39375,0.560717,3.024366,36.097743
Falcon-512_run02,active,11.901806,5.39875,0.524242,2.830249,36.133802
Falcon-512_run02,active,11.914547,5.395,0.559823,3.020244,36.172283
Falcon-512_run02,active,11.927291,5.39625,0.57806,3.119358,36.212034
Falcon-512_run02,active,11.940036,5.395,0.562147,3.032784,36.250688
Falcon-512_run02,active,11.952783,5.4,0.529963,2.861801,36.287168
Falcon-512_run02,active,11.965524,5.3975,0.577166,3.115256,36.326858
Falcon-512_run02,active,11.978263,5.39875,0.575021,3.104394,36.366405
Falcon-512_run02,active,11.991003,5.39875,0.548558,2.96153,36.404137
Falcon-512_run02,active,12.003739,5.39625,0.539618,2.911916,36.441222
Falcon-512_run02,active,12.016481,5.39625,0.561074,3.027698,36.4798
Falcon-512_run02,active,12.02922,5.39625,0.580385,3.131901,36.519698
Falcon-512_run02,active,12.041982,5.39625,0.527996,2.849201,36.556061
Falcon-512_run02,active,12.054739,5.39875,0.580206,3.132387,36.596019
Falcon-512_run02,active,12.067482,5.3925,0.553565,2.985098,36.634058
Falcon-512_run02,active,12.080223,5.39625,0.581279,3.136726,36.674025
Falcon-512_run02,active,12.092965,5.39875,0.563935,3.044545,36.712816
Falcon-512_run02,active,12.10572,5.3975,0.547664,2.956019,36.750522
Falcon-512_run02,active,12.118492,5.39625,0.583782,3.150234,36.790755
Falcon-512_run02,active,12.131241,5.3975,0.57806,3.120081,36.830535
Falcon-512_run02,active,12.14399,5.39625,0.573233,3.093307,36.86997
Falcon-512_run02,active,12.156734,5.3975,0.56018,3.023574,36.908503
Falcon-512_run02,active,12.169476,5.395,0.530142,2.860116,36.944948
Falcon-512_run02,active,12.182217,5.39875,0.555532,2.999176,36.98316
Falcon-512_run02,active,12.194958,5.3975,0.585391,3.159649,37.023418
Falcon-512_run02,active,12.207697,5.39875,0.553922,2.990489,37.061512
Falcon-512_run02,active,12.220437,5.3975,0.581458,3.138417,37.101494
Falcon-512_run02,active,12.233176,5.39375,0.55571,2.997363,37.139679
Falcon-512_run02,active,12.245922,5.39875,0.552134,2.980836,37.177674
Falcon-512_run02,active,12.258666,5.39625,0.581815,3.13962,37.217683
Falcon-512_run02,active,12.271406,5.39625,0.571624,3.084624,37.256982
Falcon-512_run02,active,12.284144,5.39875,0.574484,3.101498,37.296489
Falcon-512_run02,active,12.296898,5.38625,0.52889,2.848736,37.332822
Falcon-512_run02,active,12.309655,5.3975,0.555353,2.997517,37.371062
Falcon-512_run02,active,12.3224,5.39625,0.577882,3.118394,37.410804
Falcon-512_run02,active,12.335145,5.39625,0.556783,3.004541,37.449097
Falcon-512_run02,active,12.347893,5.39625,0.582173,3.14155,37.489145
Falcon-512_run02,active,12.360638,5.3975,0.562684,3.037085,37.527854
Falcon-512_run02,active,12.373384,5.39625,0.582888,3.145409,37.567945
Falcon-512_run02,active,12.386126,5.3975,0.568405,3.067967,37.607038
Falcon-512_run02,active,12.39887,5.3975,0.531215,2.867232,37.643577
Falcon-512_run02,active,12.41161,5.3975,0.52889,2.854686,37.679947
Falcon-512_run02,active,12.42435,5.3975,0.565008,3.049631,37.7188
Falcon-512_run02,active,12.43709,5.39625,0.575557,3.105851,37.758367
Falcon-512_run02,active,12.449838,5.39625,0.525136,2.833763,37.794491
Falcon-512_run02,active,12.462583,5.39875,0.583603,3.150728,37.834646
Falcon-512_run02,active,12.475326,5.3975,0.562862,3.03805,37.873361
Falcon-512_run02,active,12.488069,5.3975,0.553922,2.989796,37.911462
Falcon-512_run02,active,12.500808,5.395,0.583067,3.145645,37.951534
Falcon-512_run02,active,12.513551,5.39625,0.568226,3.066292,37.990608
Falcon-512_run02,active,12.526292,5.39625,0.557498,3.008401,38.028936
Falcon-512_run02,active,12.539034,5.39625,0.567869,3.064362,38.067984
Falcon-512_run02,active,12.551779,5.39625,0.577345,3.115499,38.10769
Falcon-512_run02,active,12.564524,5.39875,0.553565,2.988558,38.14578
Falcon-512_run02,active,12.577264,5.3975,0.582709,3.145173,38.185847
Falcon-512_run02,active,12.590005,5.3975,0.554101,2.990761,38.223952
Falcon-512_run02,active,12.602744,5.39625,0.579491,3.127077,38.263789
Falcon-512_run02,active,12.615484,5.3975,0.570551,3.079548,38.303024
Falcon-512_run02,active,12.628223,5.39625,0.556783,3.004541,38.341297
Falcon-512_run02,active,12.640963,5.37,0.547486,2.939998,38.378754
Falcon-512_run02,active,12.653713,5.3975,0.585212,3.158684,38.419025
Falcon-512_run02,active,12.666458,5.39875,0.557677,3.01076,38.457398
Falcon-512_run02,active,12.679206,5.39625,0.582173,3.14155,38.497445
Falcon-512_run02,active,12.691944,5.39875,0.536579,2.896855,38.534347
Falcon-512_run02,active,12.704721,5.39875,0.534791,2.887202,38.571236
Falcon-512_run02,active,12.717466,5.4,0.583424,3.150492,38.611389
Falcon-512_run02,active,12.730205,5.39875,0.565366,3.052268,38.650274
Falcon-512_run02,active,12.742947,5.3975,0.554816,2.994622,38.68843
Falcon-512_run02,active,12.755692,5.3975,0.585391,3.159649,38.728699
Falcon-512_run02,active,12.771168,5.39875,0.577703,3.118873,38.776967
Falcon-512_run02,active,12.783929,5.39625,0.533003,2.876216,38.813671
Falcon-512_run02,active,12.796673,5.395,0.581636,3.137928,38.85366
Falcon-512_run02,active,12.809438,5.39625,0.524778,2.831833,38.889809
Falcon-512_run02,active,12.822182,5.39625,0.546055,2.94665,38.92736
Falcon-512_run02,active,12.834925,5.39625,0.583603,3.149269,38.967492
Falcon-512_run02,active,12.847674,5.395,0.575378,3.104166,39.007067
Falcon-512_run02,active,12.860449,5.39875,0.534612,2.886237,39.043939
Falcon-512_run02,active,12.8732,5.39875,0.566438,3.058059,39.082932
Falcon-512_run02,active,12.885945,5.39625,0.573233,3.093307,39.122358
Falcon-512_run02,active,12.898687,5.39625,0.543373,2.932178,39.159719
Falcon-512_run02,active,12.911429,5.3975,0.583424,3.149033,39.199844
Falcon-512_run02,active,12.92417,5.39875,0.527281,2.846659,39.236113
Falcon-512_run02,active,12.936911,5.39625,0.551598,2.976561,39.274036
Falcon-512_run02,active,12.949647,5.3925,0.567332,3.05934,39.313002
Falcon-512_run02,active,12.962395,5.39125,0.556426,2.99983,39.351243
Falcon-512_run02,active,12.975142,5.39375,0.584497,3.152632,39.391429
Falcon-512_run02,active,12.987885,5.395,0.55428,2.990341,39.429536
Falcon-512_run02,active,13.000624,5.3975,0.556247,3.002342,39.467781
Falcon-512_run02,active,13.013364,5.3975,0.581458,3.138417,39.507764
Falcon-512_run02,active,13.026104,5.3975,0.56465,3.047701,39.546592
Falcon-512_run02,active,13.038867,5.39625,0.567154,3.060503,39.585654
Falcon-512_run02,active,13.051678,5.39375,0.583246,3.145881,39.625954
Falcon-512_run02,active,13.064439,5.39625,0.557677,3.009366,39.66436
Falcon-512_run02,active,13.077189,5.39625,0.570551,3.078835,39.703614
Falcon-512_run02,active,13.089935,5.39625,0.553207,2.985244,39.741664
Falcon-512_run02,active,13.102678,5.3925,0.52889,2.852041,39.778008
Falcon-512_run02,active,13.115422,5.39625,0.581458,3.137691,39.817995
Falcon-512_run02,active,13.128163,5.39375,0.559286,3.016651,39.856429
Falcon-512_run02,active,13.140903,5.39375,0.554638,2.991577,39.894542
Falcon-512_run02,active,13.153643,5.39625,0.548022,2.957264,39.932218
Falcon-512_run02,active,13.166392,5.39625,0.583424,3.148304,39.972353
Falcon-512_run02,active,13.179138,5.3975,0.563935,3.04384,40.011152
Falcon-512_run02,active,13.191881,5.40125,0.535506,2.892402,40.04801
Falcon-512_run02,active,13.20462,5.3975,0.58253,3.144208,40.088063
Falcon-512_run02,active,13.217359,5.3975,0.555889,3.000412,40.126287
Falcon-512_run02,active,13.2301,5.39625,0.534076,2.882005,40.163006
Falcon-512_run02,active,13.242843,5.395,0.561611,3.02989,40.201614
Falcon-512_run02,active,13.255583,5.39625,0.581815,3.13962,40.241613
Falcon-512_run02,active,13.26833,5.39625,0.567511,3.062432,40.280652
Falcon-512_run02,active,13.281075,5.3975,0.558035,3.011993,40.31904
Falcon-512_run02,active,13.293817,5.395,0.585212,3.157221,40.359268
Falcon-512_run02,active,13.306558,5.39375,0.56465,3.045583,40.398071
Falcon-512_run02,active,13.3193,5.39625,0.584318,3.153128,40.438248
Falcon-512_run02,active,13.332041,5.39875,0.571445,3.085088,40.477555
Falcon-512_run02,active,13.344781,5.39125,0.581815,3.136711,40.517518
Falcon-512_run02,active,13.357521,5.385,0.544982,2.93473,40.554907
Falcon-512_run02,active,13.370269,5.395,0.565366,3.050147,40.593789
Falcon-512_run02,active,13.383016,5.3975,0.521917,2.817048,40.629699
Falcon-512_run02,active,13.395756,5.3975,0.56626,3.056386,40.668635
Falcon-512_run02,active,13.408495,5.39875,0.581458,3.139144,40.708626
Falcon-512_run02,active,13.421235,5.3975,0.56626,3.056386,40.747565
Falcon-512_run02,active,13.433975,5.3975,0.541049,2.920311,40.78477
Falcon-512_run02,active,13.446717,5.3975,0.582709,3.145173,40.824845
Falcon-512_run02,active,13.459458,5.395,0.558035,3.010598,40.863205
Falcon-512_run02,active,13.472205,5.39375,0.580921,3.133344,40.903143
Falcon-512_run02,active,13.484949,5.395,0.581279,3.135999,40.94311
Falcon-512_run02,active,13.49769,5.39625,0.529784,2.858849,40.979535
Falcon-512_run02,active,13.510429,5.39625,0.538009,2.903232,41.016519
Falcon-512_run02,active,13.523172,5.395,0.541943,2.923781,41.053775
Falcon-512_run02,active,13.535912,5.3975,0.58414,3.152893,41.093944
Falcon-512_run02,active,13.548653,5.395,0.533539,2.878444,41.130616
Falcon-512_run02,active,13.561449,5.4,0.544088,2.938077,41.168213
Falcon-512_run02,active,13.574198,5.3975,0.583424,3.149033,41.208362
Falcon-512_run02,active,13.586944,5.3975,0.556068,3.001377,41.246617
Falcon-512_run02,active,13.599685,5.3975,0.523705,2.826699,41.282632
Falcon-512_run02,active,13.612426,5.3925,0.58253,3.141295,41.322653
Falcon-512_run02,active,13.625164,5.39875,0.570193,3.078331,41.361867
Falcon-512_run02,active,13.637905,5.3975,0.580921,3.135522,41.401815
Falcon-512_run02,active,13.650644,5.39875,0.571981,3.087984,41.441152
Falcon-512_run02,active,13.663381,5.3825,0.561253,3.020945,41.479631
Falcon-512_run02,active,13.67616,5.39625,0.549095,2.963053,41.517495
Falcon-512_run02,active,13.688906,5.3975,0.598801,3.232029,41.558692
Falcon-512_run02,active,13.701647,5.39625,0.581636,3.138655,41.598682
Falcon-512_run02,active,13.714388,5.3975,0.554995,2.995587,41.636849
Falcon-512_run02,active,13.727132,5.39625,0.553922,2.989104,41.67494
Falcon-512_run02,active,13.739871,5.3975,0.581458,3.138417,41.714922
Falcon-512_run02,active,13.752613,5.39625,0.533182,2.877181,41.751582
Falcon-512_run02,active,13.765354,5.38125,0.527818,2.840318,41.787771
Falcon-512_run02,active,13.7781,5.39625,0.551598,2.976561,41.825712
Falcon-512_run02,active,13.790847,5.39875,0.564472,3.047441,41.864556
Falcon-512_run02,active,13.803589,5.3975,0.562147,3.03419,41.903217
Falcon-512_run02,active,13.81633,5.3975,0.554101,2.990761,41.941322
Falcon-512_run02,active,13.82907,5.39625,0.556604,3.003576,41.979587
Falcon-512_run02,active,13.84181,5.39625,0.582173,3.14155,42.019613
Falcon-512_run02,active,13.854551,5.3975,0.570551,3.079548,42.058849
Falcon-512_run02,active,13.867294,5.38375,0.583067,3.139086,42.098849
Falcon-512_run02,active,13.880041,5.3975,0.544982,2.941543,42.136344
Falcon-512_run02,active,13.892785,5.39625,0.579312,3.126112,42.176186
Falcon-512_run02,active,13.905527,5.39625,0.583067,3.146374,42.216276
Falcon-512_run02,active,13.918267,5.3975,0.570014,3.076653,42.255474
Falcon-512_run02,active,13.931011,5.3975,0.585034,3.157719,42.295714
Falcon-512_run02,active,13.943749,5.3975,0.55428,2.991726,42.333822
Falcon-512_run02,active,13.956487,5.39875,0.58253,3.144936,42.373883
Falcon-512_run02,active,13.96923,5.3825,0.555353,2.989186,42.411976
Falcon-512_run02,active,13.981976,5.40125,0.550525,2.973524,42.449874
Falcon-512_run02,active,13.994718,5.3975,0.525672,2.837315,42.486027
Falcon-512_run02,active,14.007457,5.39625,0.543194,2.931213,42.52337
Falcon-512_run02,active,14.020198,5.395,0.583424,3.147575,42.563471
Falcon-512_run02,active,14.032937,5.4,0.556962,3.007595,42.601785
Falcon-512_run02,active,14.048457,5.3975,0.558035,3.011993,42.648532
Falcon-512_run02,active,14.061228,5.3925,0.530678,2.861683,42.68508
Falcon-512_run02,active,14.07397,5.3975,0.553207,2.985936,42.723126
Falcon-512_run02,active,14.086718,5.39625,0.579848,3.129007,42.763014
Falcon-512_run02,active,14.099475,5.3975,0.581636,3.139382,42.803064
Falcon-512_run02,active,14.112245,5.3975,0.56179,3.032259,42.841785
Falcon-512_run02,active,14.124993,5.39875,0.555174,2.997246,42.879992
Falcon-512_run02,active,14.137734,5.39625,0.58253,3.14348,42.920044
Falcon-512_run02,active,14.150475,5.39875,0.562862,3.038753,42.958761
Falcon-512_run02,active,14.16322,5.39625,0.585749,3.160847,42.999046
Falcon-512_run02,active,14.175957,5.39625,0.55428,2.991033,43.037144
Falcon-512_run02,active,14.188707,5.3975,0.582173,3.142278,43.077206
Falcon-512_run02,active,14.201453,5.3975,0.559465,3.019713,43.115696
Falcon-512_run02,active,14.214194,5.39625,0.571445,3.083659,43.154985
Falcon-512_run02,active,14.226936,5.3975,0.553744,2.988831,43.193068
Falcon-512_run02,active,14.239676,5.39625,0.581636,3.138655,43.233055
Falcon-512_run02,active,14.252414,5.39625,0.538724,2.907092,43.270086
Falcon-512_run02,active,14.265154,5.39625,0.58253,3.14348,43.310135
Falcon-512_run02,active,14.277894,5.38375,0.583424,3.141011,43.35015
Falcon-512_run02,active,14.290639,5.38625,0.573233,3.087575,43.389503
Falcon-512_run02,active,14.303385,5.3975,0.528712,2.853721,43.425875
Falcon-512_run02,active,14.316127,5.39875,0.582352,3.143971,43.465936
Falcon-512_run02,active,14.328868,5.39875,0.554638,2.99435,43.504088
Falcon-512_run02,active,14.341608,5.4025,0.565008,3.052456,43.542974
Falcon-512_run02,active,14.35435,5.39625,0.567332,3.061467,43.581984
Falcon-512_run02,active,14.367093,5.3975,0.577345,3.116221,43.621694
Falcon-512_run02,active,14.379831,5.38375,0.582709,3.137161,43.661656
Falcon-512_run02,active,14.392578,5.39875,0.555353,2.998211,43.699873
Falcon-512_run02,active,14.405322,5.39625,0.538188,2.904197,43.736884
Falcon-512_run02,active,14.418063,5.395,0.565366,3.050147,43.775747
Falcon-512_run02,active,14.43084,5.40125,0.56465,3.049818,43.814714
Falcon-512_run02,active,14.443584,5.39375,0.554638,2.991577,43.852841
Falcon-512_run02,active,14.456325,5.39625,0.560538,3.024803,43.891377
Falcon-512_run02,active,14.469067,5.39625,0.581636,3.138655,43.931372
Falcon-512_run02,active,14.481809,5.38125,0.570551,3.070276,43.970492
Falcon-512_run02,active,14.494556,5.39125,0.575557,3.102973,44.010046
Falcon-512_run02,active,14.507301,5.3975,0.583961,3.151928,44.050217
Falcon-512_run02,active,14.520042,5.39375,0.555353,2.995434,44.088383
Falcon-512_run02,active,14.532783,5.39625,0.527639,2.847271,44.12466
Falcon-512_run02,active,14.545524,5.3975,0.548737,2.961809,44.162395
Falcon-512_run02,active,14.558263,5.39875,0.585391,3.160381,44.202657
Falcon-512_run02,active,14.571008,5.4025,0.55875,3.018647,44.241129
Falcon-512_run02,active,14.583748,5.3825,0.582709,3.136432,44.281088
Falcon-512_run02,active,14.596495,5.39625,0.524957,2.832798,44.317195
Falcon-512_run02,active,14.609238,5.3975,0.567511,3.063142,44.35623
Falcon-512_run02,active,14.621977,5.39875,0.57663,3.113081,44.395889
Falcon-512_run02,active,14.634716,5.39625,0.581994,3.140585,44.435897
Falcon-512_run02,active,14.647457,5.3975,0.551777,2.978215,44.473841
Falcon-512_run02,active,14.660195,5.39625,0.560359,3.023838,44.51236
Falcon-512_run02,active,14.672935,5.3975,0.538009,2.903905,44.549355
Falcon-512_run02,active,14.685672,5.3825,0.583067,3.138357,44.589328
Falcon-512_run02,active,14.698419,5.3975,0.563578,3.04191,44.628104
Falcon-512_run02,active,14.711166,5.39625,0.585391,3.158917,44.66837
Falcon-512_run02,active,14.723907,5.39625,0.575736,3.106815,44.707954
Falcon-512_run02,active,14.736647,5.39625,0.58253,3.14348,44.748
Falcon-512_run02,active,14.749422,5.3975,0.559644,3.020678,44.786591
Falcon-512_run02,active,14.762163,5.3975,0.576451,3.111395,44.826232
Falcon-512_run02,active,14.774906,5.39625,0.559286,3.018049,44.864691
Falcon-512_run02,active,14.787644,5.39625,0.55571,2.998752,44.90289
Falcon-512_run02,active,14.800389,5.39625,0.583782,3.150234,44.94304
Falcon-512_run02,active,14.813133,5.3975,0.584497,3.154824,44.983245
Falcon-512_run02,active,14.825874,5.39625,0.558929,3.01612,45.021673
Falcon-512_run02,active,14.838613,5.395,0.583246,3.14661,45.061759
Falcon-512_run02,active,14.851356,5.39875,0.56322,3.040684,45.100504
Falcon-512_run02,active,14.864128,5.39625,0.552671,2.98235,45.138597
Falcon-512_run02,active,14.87687,5.3975,0.582173,3.142278,45.178635
Falcon-512_run02,active,14.88961,5.3975,0.56018,3.023574,45.217156
Falcon-512_run02,active,14.902357,5.395,0.583424,3.147575,45.257277
Falcon-512_run02,active,14.915106,5.39625,0.56018,3.022873,45.295815
Falcon-512_run02,active,14.927845,5.3975,0.539618,2.91259,45.332919
Falcon-512_run02,active,14.940585,5.3925,0.566975,3.057412,45.371872
Falcon-512_run02,active,14.953324,5.39375,0.581815,3.138166,45.411849
Falcon-512_run02,active,14.966064,5.3975,0.557856,3.011028,45.450209
Falcon-512_run02,active,14.978834,5.3975,0.568048,3.066037,45.489363
Falcon-512_run02,active,14.991579,5.395,0.548737,2.960437,45.527093
Falcon-512_run02,active,15.004327,5.3975,0.581815,3.140348,45.567125
Falcon-512_run02,active,15.017073,5.39625,0.570193,3.076905,45.606343
Falcon-512_run02,active,15.029815,5.39875,0.558392,3.014621,45.644756
Falcon-512_run02,active,15.042559,5.3925,0.541406,2.919534,45.681961
Falcon-512_run02,active,15.055309,5.39875,0.546234,2.948981,45.719563
Falcon-512_run02,active,15.068051,5.39875,0.583961,3.152658,45.759733
Falcon-512_run02,active,15.08079,5.3975,0.554995,2.995587,45.797894
Falcon-512_run02,active,15.093531,5.3975,0.582709,3.145173,45.837966
Falcon-512_run02,active,15.106278,5.39625,0.581279,3.136726,45.877952
Falcon-512_run02,active,15.119028,5.39625,0.554995,2.994893,45.916134
Falcon-512_run02,active,15.131768,5.3975,0.578954,3.124906,45.955945
Falcon-512_run02,active,15.144508,5.3975,0.534254,2.883638,45.992684
Falcon-512_run02,active,15.157248,5.39625,0.564293,3.045065,46.031478
Falcon-512_run02,active,15.16999,5.39625,0.569657,3.074011,46.070646
Falcon-512_run02,active,15.182731,5.395,0.561253,3.027961,46.109225
Falcon-512_run02,active,15.195472,5.39625,0.554101,2.990069,46.147324
Falcon-512_run02,active,15.208218,5.3975,0.582709,3.145173,46.18741
Falcon-512_run02,active,15.220964,5.3975,0.551419,2.976285,46.225347
Falcon-512_run02,active,15.233708,5.3975,0.534791,2.886533,46.262132
Falcon-512_run02,active,15.246448,5.39875,0.548558,2.96153,46.299862
Falcon-512_run02,active,15.259191,5.395,0.583067,3.145645,46.339947
Falcon-512_run02,active,15.27193,5.39625,0.528533,2.852095,46.37628
Falcon-512_run02,active,15.28467,5.39625,0.523348,2.824114,46.412261
Falcon-512_run02,active,15.297451,5.3975,0.565723,3.053491,46.451286
Falcon-512_run02,active,15.310199,5.3975,0.576988,3.114291,46.490986
Falcon-512_run02,active,15.325624,5.39,0.583782,3.146585,46.539525
Falcon-512_run02,active,15.3384,5.39625,0.528533,2.852095,46.575962
Falcon-512_run02,active,15.351148,5.395,0.583424,3.147575,46.616086
Falcon-512_run02,active,15.363889,5.3975,0.526208,2.84021,46.652274
Falcon-512_run02,active,15.376628,5.3975,0.583603,3.149998,46.692403
Falcon-512_run02,active,15.38937,5.39625,0.560717,3.025768,46.730957
Falcon-512_run02,active,15.402112,5.4,0.581815,3.141802,46.770989
Falcon-512_run02,active,15.414862,5.39625,0.55124,2.974631,46.808917
Falcon-512_run02,active,15.427608,5.3975,0.580027,3.130697,46.84882
Falcon-512_run02,active,15.44035,5.3975,0.541943,2.925136,46.886092
Falcon-512_run02,active,15.45309,5.39625,0.581636,3.138655,46.926079
Falcon-512_run02,active,15.465829,5.3975,0.567511,3.063142,46.965098
Falcon-512_run02,active,15.478568,5.3975,0.562862,3.03805,47.0038
Falcon-512_run02,active,15.491309,5.39625,0.556604,3.003576,47.042071
Falcon-512_run02,active,15.504049,5.3975,0.583424,3.149033,47.082188
Falcon-512_run02,active,15.516795,5.39625,0.565723,3.052784,47.1211
Falcon-512_run02,active,15.529542,5.39625,0.548022,2.957264,47.158796
Falcon-512_run02,active,15.542284,5.3925,0.522811,2.819259,47.194719
Falcon-512_run02,active,15.555026,5.3975,0.565902,3.054456,47.233639
Falcon-512_run02,active,15.567764,5.39625,0.581994,3.140585,47.273642
Falcon-512_run02,active,15.580502,5.3975,0.556426,3.003307,47.3119
Falcon-512_run02,active,15.593243,5.39875,0.584855,3.157485,47.352129
Falcon-512_run02,active,15.605983,5.39625,0.554459,2.991998,47.390246
Falcon-512_run02,active,15.618732,5.3975,0.584855,3.156754,47.430492
Falcon-512_run02,active,15.631479,5.39875,0.561074,3.0291,47.469103
Falcon-512_run02,active,15.644221,5.39625,0.548916,2.962088,47.506848
Falcon-512_run02,active,15.656962,5.39625,0.542837,2.929283,47.54417
Falcon-512_run02,active,15.669703,5.3975,0.58414,3.152893,47.584341
Falcon-512_run02,active,15.682445,5.39375,0.56018,3.021473,47.622838
Falcon-512_run02,active,15.695189,5.3975,0.538724,2.907765,47.659895
Falcon-512_run02,active,15.707929,5.39625,0.534076,2.882005,47.696613
Falcon-512_run02,active,15.720712,5.39625,0.583961,3.151198,47.736895
Falcon-512_run02,active,15.733466,5.39625,0.547128,2.952439,47.774551
Falcon-512_run02,active,15.746209,5.39875,0.581994,3.14204,47.814589
Falcon-512_run02,active,15.758952,5.4,0.523705,2.828008,47.850626
Falcon-512_run02,active,15.771692,5.3925,0.584497,3.151901,47.890783
Falcon-512_run02,active,15.784433,5.3975,0.551956,2.97918,47.928738
Falcon-512_run02,active,15.797174,5.39625,0.566617,3.057608,47.967696
Falcon-512_run02,active,15.809915,5.39125,0.582709,3.141531,48.007722
Falcon-512_run02,active,15.822664,5.3975,0.571445,3.084373,48.047044
Falcon-512_run02,active,15.835413,5.39375,0.552313,2.979039,48.085025
Falcon-512_run02,active,15.848153,5.39625,0.583961,3.151198,48.12517
Falcon-512_run02,active,15.860892,5.39125,0.554995,2.992118,48.163288
Falcon-512_run02,active,15.873632,5.3975,0.567511,3.063142,48.202312
Falcon-512_run02,active,15.886371,5.395,0.546592,2.948862,48.239879
Falcon-512_run02,active,15.899115,5.39625,0.583067,3.146374,48.279974
Falcon-512_run02,active,15.911855,5.4,0.571445,3.085802,48.319289
Falcon-512_run02,active,15.924602,5.3975,0.583246,3.148068,48.359417
Falcon-512_run02,active,15.937348,5.39875,0.538188,2.905542,48.39645
Falcon-512_run02,active,15.950089,5.3975,0.580385,3.132627,48.436363
Falcon-512_run02,active,15.962833,5.3975,0.56912,3.071827,48.475511
Falcon-512_run02,active,15.97557,5.3975,0.583424,3.149033,48.51562
Falcon-512_run02,active,15.988313,5.39625,0.561968,3.032522,48.554264
Falcon-512_run02,active,16.001055,5.3975,0.559644,3.020678,48.592753
Falcon-512_run02,active,16.013793,5.3925,0.536042,2.890609,48.629572
Falcon-512_run02,active,16.026539,5.3975,0.583424,3.149033,48.669711
Falcon-512_run02,active,16.039285,5.39625,0.536042,2.892619,48.706581
Falcon-512_run02,active,16.052038,5.3975,0.580742,3.134557,48.746556
Falcon-512_run02,active,16.064779,5.39625,0.571981,3.086554,48.78588
Falcon-512_run02,active,16.077517,5.3975,0.55571,2.999447,48.824089
Falcon-512_run02,active,16.090256,5.3975,0.537473,2.901009,48.861045
Falcon-512_run02,active,16.103017,5.39625,0.583067,3.146374,48.901194
Falcon-512_run02,active,16.115819,5.39375,0.556247,3.000256,48.939604
Falcon-512_run02,active,16.128583,5.395,0.583603,3.148539,48.979792
Falcon-512_run02,active,16.141332,5.39,0.536221,2.890232,49.016641
Falcon-512_run02,active,16.154074,5.395,0.58557,3.15915,49.056895
Falcon-512_run02,active,16.16682,5.3975,0.556068,3.001377,49.095149
Falcon-512_run02,active,16.179564,5.39625,0.563935,3.043135,49.133931
Falcon-512_run02,active,16.192306,5.3975,0.582888,3.146138,49.174018
Falcon-512_run02,active,16.205048,5.39875,0.563756,3.04358,49.212801
Falcon-512_run02,active,16.217789,5.39375,0.58253,3.142023,49.252833
Falcon-512_run02,active,16.230539,5.39875,0.565187,3.051302,49.291736
Falcon-512_run02,active,16.243285,5.39375,0.582352,3.141059,49.331774
Falcon-512_run02,active,16.256028,5.39875,0.52442,2.831215,49.36785
Falcon-512_run02,active,16.268768,5.39625,0.582173,3.14155,49.407876
Falcon-512_run02,active,16.281509,5.39375,0.530678,2.862347,49.444345
Falcon-512_run02,active,16.294249,5.3975,0.582173,3.142278,49.484376
Falcon-512_run02,active,16.306996,5.39625,0.565366,3.050854,49.523265
Falcon-512_run02,active,16.319736,5.3925,0.554816,2.991847,49.561383
Falcon-512_run02,active,16.332481,5.40125,0.531751,2.872121,49.597988
Falcon-512_run02,active,16.345227,5.39875,0.570908,3.082192,49.637272
Falcon-512_run02,active,16.357967,5.3975,0.576272,3.11043,49.676899
Falcon-512_run02,active,16.370707,5.4,0.553207,2.987319,49.71496
Falcon-512_run02,active,16.38345,5.3975,0.581636,3.139382,49.754963
Falcon-512_run02,active,16.39619,5.395,0.558035,3.010598,49.793317
Falcon-512_run02,active,16.408932,5.39625,0.557498,3.008401,49.831653
Falcon-512_run02,active,16.421673,5.39375,0.581279,3.135273,49.871597
Falcon-512_run02,active,16.434419,5.39625,0.532109,2.871392,49.908196
Falcon-512_run02,active,16.447165,5.39625,0.574484,3.100061,49.94771
Falcon-512_run02,active,16.459906,5.3975,0.562505,3.03612,49.986393
Falcon-512_run02,active,16.472645,5.3975,0.555889,3.000412,50.024616
Falcon-512_run02,active,16.485428,5.3975,0.549274,2.964704,50.062512
Falcon-512_run02,active,16.498169,5.3975,0.52442,2.830559,50.098576
Falcon-512_run02,active,16.510914,5.4025,0.557141,3.009953,50.13694
Falcon-512_run02,active,16.523653,5.39625,0.578776,3.123218,50.176727
Falcon-512_run02,active,16.536401,5.39875,0.534254,2.884306,50.213496
Falcon-512_run02,active,16.549145,5.3975,0.58253,3.144208,50.253564
Falcon-512_run02,active,16.561884,5.39625,0.562147,3.033487,50.292207
Falcon-512_run02,active,16.574624,5.395,0.532645,2.873621,50.328817
Falcon-512_run02,active,16.587363,5.39625,0.581279,3.136726,50.368778
Falcon-512_run02,active,16.602886,5.3975,0.570193,3.077618,50.41655
Falcon-512_run02,active,16.61565,5.39625,0.583246,3.147339,50.456724
Falcon-512_run02,active,16.628395,5.3975,0.555889,3.000412,50.494964
Falcon-512_run02,active,16.641137,5.40875,0.583782,3.157531,50.535198
Falcon-512_run02,active,16.653878,5.3975,0.565187,3.050596,50.574064
Falcon-512_run02,active,16.666619,5.39375,0.533539,2.877777,50.61073
Falcon-512_run02,active,16.67936,5.39625,0.583067,3.146374,50.650818
Falcon-512_run02,active,16.692129,5.39625,0.582173,3.14155,50.690933
Falcon-512_run02,active,16.70487,5.39625,0.557677,3.009366,50.729276
Falcon-512_run02,active,16.717609,5.3975,0.529248,2.856616,50.765666
Falcon-512_run02,active,16.730345,5.39625,0.577524,3.116464,50.805357
Falcon-512_run02,active,16.7431,5.3975,0.551062,2.974355,50.843293
Falcon-512_run02,active,16.755847,5.39625,0.542837,2.929283,50.880634
Falcon-512_run02,active,16.768586,5.3975,0.582173,3.142278,50.920664
Falcon-512_run02,active,16.781326,5.39875,0.545876,2.94705,50.958209
Falcon-512_run02,active,16.794066,5.39625,0.554101,2.990069,50.996304
Falcon-512_run02,active,16.806834,5.3975,0.580206,3.131662,51.036286
Falcon-512_run02,active,16.819578,5.39625,0.558929,3.01612,51.074724
Falcon-512_run02,active,16.832318,5.3975,0.53336,2.878813,51.1114
Falcon-512_run02,active,16.845066,5.395,0.581636,3.137928,51.151403
Falcon-512_run02,active,16.857811,5.39625,0.545161,2.941826,51.188896
Falcon-512_run02,active,16.870551,5.3975,0.581636,3.139382,51.228893
Falcon-512_run02,active,16.883292,5.39625,0.561611,3.030592,51.267505
Falcon-512_run02,active,16.896033,5.3975,0.55428,2.991726,51.305623
Falcon-512_run02,active,16.908773,5.395,0.533539,2.878444,51.342296
Falcon-512_run02,active,16.921515,5.3975,0.581815,3.140348,51.382308
Falcon-512_run02,active,16.934255,5.395,0.559823,3.020244,51.420788
Falcon-512_run02,active,16.947006,5.39625,0.528712,2.85306,51.457167
Falcon-512_run02,active,16.95975,5.40125,0.535327,2.891436,51.494015
Falcon-512_run02,active,16.972492,5.3975,0.583424,3.149033,51.534139
Falcon-512_run02,active,16.985233,5.39625,0.560896,3.026733,51.572704
Falcon-512_run02,active,16.997973,5.3975,0.528354,2.851791,51.609036
Falcon-512_run02,active,17.010713,5.39875,0.53497,2.888167,51.645831
Falcon-512_run02,active,17.023457,5.39625,0.583603,3.149269,51.685964
Falcon-512_run02,active,17.036215,5.3925,0.557141,3.004382,51.724293
Falcon-512_run02,active,17.049009,5.3975,0.556604,3.004272,51.762732
Falcon-512_run02,active,17.06176,5.3975,0.527102,2.845035,51.799009
Falcon-512_run02,active,17.074502,5.395,0.546413,2.947897,51.836571
Falcon-512_run02,active,17.087246,5.3975,0.564293,3.04577,51.875385
Falcon-512_run02,active,17.099986,5.3975,0.563756,3.042875,51.914152
Falcon-512_run02,active,17.112731,5.395,0.539261,2.909312,51.951231
Falcon-512_run02,active,17.125475,5.39625,0.581636,3.138655,51.991229
Falcon-512_run02,active,17.138218,5.3975,0.556426,3.003307,52.0295
Falcon-512_run02,active,17.150967,5.39375,0.583603,3.14781,52.069632
Falcon-512_run02,active,17.163712,5.3975,0.550883,2.97339,52.107529
Falcon-512_run02,active,17.176453,5.3975,0.568942,3.070862,52.146656
Falcon-512_run02,active,17.189194,5.395,0.566975,3.058829,52.185628
Falcon-512_run02,active,17.201933,5.39375,0.583961,3.149739,52.225751
Falcon-512_run02,active,17.214675,5.3975,0.565902,3.054456,52.26467
Falcon-512_run02,active,17.227417,5.39875,0.54534,2.944154,52.302187
Falcon-512_run02,active,17.240157,5.40125,0.582352,3.145427,52.342259
Falcon-512_run02,active,17.252905,5.39875,0.52442,2.831215,52.37835
Falcon-512_run02,active,17.265652,5.3975,0.562147,3.03419,52.417027
Falcon-512_run02,active,17.278396,5.39625,0.581458,3.137691,52.457015
Falcon-512_run02,active,17.291141,5.4,0.553386,2.988284,52.495099
Falcon-512_run02,active,17.303883,5.3975,0.56626,3.056386,52.534044
Falcon-512_run02,active,17.316624,5.3975,0.533897,2.881708,52.57076
Falcon-512_run02,active,17.32937,5.39625,0.585749,3.160847,52.611049
Falcon-512_run02,active,17.34211,5.3975,0.580564,3.133592,52.65097
Falcon-512_run02,active,17.354859,5.39625,0.567154,3.060503,52.689988
Falcon-512_run02,active,17.367604,5.3975,0.559465,3.019713,52.728474
Falcon-512_run02,active,17.380344,5.3975,0.583603,3.149998,52.768605
Falcon-512_run02,active,17.393085,5.39625,0.564829,3.04796,52.807438
Falcon-512_run02,active,17.405822,5.39125,0.554101,2.987298,52.845489
Falcon-512_run02,active,17.418564,5.39,0.583961,3.147549,52.885595
Falcon-512_run02,active,17.431311,5.39625,0.556604,3.003576,52.923882
Falcon-512_run02,active,17.44405,5.39625,0.583246,3.147339,52.963975
Falcon-512_run02,active,17.456796,5.39875,0.565366,3.052268,53.00288
Falcon-512_run02,active,17.469541,5.39625,0.582173,3.14155,53.042919
Falcon-512_run02,active,17.482282,5.3975,0.570014,3.076653,53.082118
Falcon-512_run02,active,17.495027,5.3975,0.559286,3.018748,53.120592
Falcon-512_run02,active,17.507766,5.3975,0.546055,2.947333,53.158139
Falcon-512_run02,active,17.520506,5.39875,0.525493,2.837006,53.194283
Falcon-512_run02,active,17.533247,5.39625,0.565544,3.051819,53.233165
Falcon-512_run02,active,17.545987,5.39625,0.581279,3.136726,53.273126
Falcon-512_run02,active,17.558732,5.39875,0.565187,3.051302,53.312016
Falcon-512_run02,active,17.571477,5.39875,0.5423,2.927744,53.34933
Falcon-512_run02,active,17.58422,5.3975,0.566081,3.055421,53.388265
Falcon-512_run02,active,17.596961,5.39625,0.533539,2.879111,53.424948
Falcon-512_run02,active,17.609701,5.395,0.583603,3.148539,53.46506
Falcon-512_run02,active,17.622439,5.3975,0.536936,2.898114,53.501977
Falcon-512_run02,active,17.635183,5.39875,0.582173,3.143005,53.54203
Falcon-512_run02,active,17.647923,5.39625,0.566617,3.057608,53.580986
Falcon-512_run02,active,17.66067,5.40875,0.574127,3.105308,53.620569
Falcon-512_run02,active,17.673466,5.3975,0.562147,3.03419,53.659394
Falcon-512_run02,active,17.686209,5.3975,0.564829,3.048666,53.698241
Falcon-512_run02,active,17.698953,5.395,0.58253,3.142752,53.738294
Falcon-512_run02,active,17.711693,5.4,0.582173,3.143733,53.778346
Falcon-512_run02,active,17.724433,5.39625,0.556604,3.003576,53.81661
Falcon-512_run02,active,17.737173,5.3975,0.582352,3.143243,53.856656
Falcon-512_run02,active,17.749914,5.39875,0.56465,3.048406,53.895496
Falcon-512_run02,active,17.762661,5.39625,0.582352,3.142515,53.935555
Falcon-512_run02,active,17.775408,5.3975,0.560538,3.025504,53.974118
Falcon-512_run02,active,17.788151,5.39625,0.574484,3.100061,54.013624
Falcon-512_run02,active,17.800891,5.3975,0.547128,2.953123,54.051247
Falcon-512_run02,active,17.813632,5.39625,0.586643,3.165671,54.09158
Falcon-512_run02,active,17.826373,5.3975,0.558035,3.011993,54.129954
Falcon-512_run02,active,17.839116,5.3975,0.561074,3.028399,54.168547
Falcon-512_run02,active,17.851855,5.395,0.584497,3.153362,54.208719
Falcon-512_run02,active,17.864602,5.39625,0.564829,3.04796,54.247569
Falcon-512_run02,active,17.879904,5.39375,0.55124,2.973253,54.293067
Falcon-512_run02,active,17.892658,5.395,0.583782,3.149504,54.333236
Falcon-512_run02,active,17.905426,5.3975,0.562862,3.03805,54.372024
Falcon-512_run02,active,17.918166,5.3975,0.587537,3.17123,54.412426
Falcon-512_run02,active,17.930911,5.4,0.563399,3.042354,54.4512
Falcon-512_run02,active,17.94365,5.3975,0.583246,3.148068,54.491305
Falcon-512_run02,active,17.956389,5.39625,0.55571,2.998752,54.529507
Falcon-512_run02,active,17.969136,5.39875,0.58253,3.144936,54.569596
Falcon-512_run02,active,17.981879,5.39375,0.558929,3.014722,54.608011
Falcon-512_run02,active,17.994625,5.39625,0.58253,3.14348,54.648079
Falcon-512_run02,active,18.007368,5.3975,0.567869,3.065072,54.687136
Falcon-512_run02,active,18.020134,5.39625,0.558571,3.01419,54.725614
Falcon-512_run02,active,18.032873,5.39625,0.526208,2.839552,54.761789
Falcon-512_run02,active,18.045622,5.39625,0.582709,3.144445,54.801878
Falcon-512_run02,active,18.058362,5.3975,0.564472,3.046735,54.840692
Falcon-512_run02,active,18.071112,5.39875,0.52603,2.839902,54.876901
Falcon-512_run02,active,18.083854,5.39625,0.555889,2.999717,54.915122
Falcon-512_run02,active,18.096601,5.3975,0.578954,3.124906,54.954956
Falcon-512_run02,active,18.109384,5.3975,0.548022,2.957949,54.992769
Falcon-512_run02,active,18.122134,5.39625,0.583424,3.148304,55.032907
Falcon-512_run02,active,18.134881,5.39625,0.58414,3.152163,55.07309
Falcon-512_run02,active,18.147624,5.39625,0.525672,2.836658,55.109237
Falcon-512_run02,active,18.160367,5.39875,0.582173,3.143005,55.149289
Falcon-512_run02,active,18.173108,5.39875,0.575736,3.108255,55.188891
Falcon-512_run02,active,18.185854,5.40125,0.553565,2.989942,55.226999
Falcon-512_run02,active,18.198599,5.39875,0.583067,3.147832,55.267118
Falcon-512_run02,active,18.211342,5.3975,0.534254,2.883638,55.303865
Falcon-512_run02,active,18.224124,5.39625,0.585391,3.158917,55.344243
Falcon-512_run02,active,18.236872,5.3975,0.561432,3.030329,55.382874
Falcon-512_run02,active,18.249613,5.39625,0.582173,3.14155,55.422901
Falcon-512_run02,active,18.262354,5.39625,0.55571,2.998752,55.461108
Falcon-512_run02,active,18.275108,5.39875,0.546949,2.952842,55.498766
Falcon-512_run02,active,18.287854,5.39875,0.559108,3.018482,55.537242
Falcon-512_run02,active,18.300596,5.3975,0.580027,3.130697,55.577133
Falcon-512_run02,active,18.313339,5.39625,0.542122,2.925424,55.614411
Falcon-512_run02,active,18.32608,5.3975,0.587537,3.17123,55.654814
Falcon-512_run02,active,18.338824,5.395,0.524599,2.830213,55.690885
Falcon-512_run02,active,18.351567,5.39625,0.583067,3.146374,55.730977
Falcon-512_run02,active,18.364306,5.3975,0.563935,3.04384,55.769755
Falcon-512_run02,active,18.377054,5.39625,0.553028,2.98428,55.807797
Falcon-512_run02,active,18.389799,5.39,0.561253,3.025155,55.846353
Falcon-512_run02,active,18.402542,5.39875,0.577345,3.116942,55.886072
Falcon-512_run02,active,18.415286,5.39625,0.555889,2.999717,55.924302
Falcon-512_run02,active,18.428027,5.3975,0.544625,2.939612,55.961753
Falcon-512_run02,active,18.440767,5.40125,0.547664,2.958072,55.999439
Falcon-512_run02,active,18.453508,5.3975,0.566617,3.058316,56.038406
Falcon-512_run02,active,18.466249,5.39625,0.562147,3.033487,56.077054
Falcon-512_run02,active,18.478998,5.39125,0.571981,3.083694,56.116371
Falcon-512_run02,active,18.491744,5.4,0.583246,3.149526,56.156514
Falcon-512_run02,active,18.504485,5.3975,0.583603,3.149998,56.196648
Falcon-512_run02,active,18.517226,5.3975,0.562862,3.03805,56.235355
Falcon-512_run02,active,18.529967,5.3975,0.588073,3.174125,56.275796
Falcon-512_run02,active,18.542707,5.39625,0.534612,2.8849,56.31255
Falcon-512_run02,active,18.555449,5.395,0.583603,3.148539,56.35267
Falcon-512_run02,active,18.568191,5.395,0.541406,2.920888,56.389888
Falcon-512_run02,active,18.580938,5.38375,0.582709,3.137161,56.429878
Falcon-512_run02,active,18.593682,5.38125,0.562684,3.027941,56.468466
Falcon-512_run02,active,18.606423,5.38375,0.554101,2.983142,56.506473
Falcon-512_run02,active,18.619166,5.3825,0.561432,3.021908,56.54498
Falcon-512_run02,active,18.631904,5.38375,0.577345,3.108282,56.584575
Falcon-512_run02,active,18.644644,5.38375,0.554995,2.987955,56.622641
Falcon-512_run02,active,18.657392,5.385,0.582173,3.135001,56.662606
Falcon-512_run02,active,18.670138,5.38375,0.553565,2.980254,56.700591
Falcon-512_run02,active,18.682894,5.3975,0.526566,2.84214,56.736847
Falcon-512_run02,active,18.695637,5.39875,0.582709,3.145901,56.776936
Falcon-512_run02,active,18.70838,5.39625,0.55732,3.007436,56.815259
Falcon-512_run02,active,18.721122,5.3975,0.57216,3.088234,56.854609
Falcon-512_run02,active,18.733863,5.3975,0.555889,3.000412,56.892836
Falcon-512_run02,active,18.746603,5.39625,0.533897,2.881041,56.92954
Falcon-512_run02,active,18.759344,5.3975,0.589682,3.182811,56.970095
Falcon-512_run02,active,18.772119,5.39625,0.532824,2.875252,57.006825
Falcon-512_run02,active,18.784869,5.3975,0.536579,2.896184,57.04375
Falcon-512_run02,active,18.797615,5.3975,0.583246,3.148068,57.083877
Falcon-512_run02,active,18.810354,5.39375,0.551419,2.974217,57.121766
Falcon-512_run02,active,18.823098,5.39625,0.564293,3.045065,57.160573
Falcon-512_run02,active,18.835838,5.3975,0.584855,3.156754,57.200788
Falcon-512_run02,active,18.848578,5.39375,0.554459,2.990612,57.238889
Falcon-512_run02,active,18.86132,5.395,0.545519,2.943074,57.27639
Falcon-512_run02,active,18.874059,5.3975,0.559465,3.019713,57.314858
Falcon-512_run02,active,18.886839,5.39625,0.57806,3.119358,57.354722
Falcon-512_run02,active,18.899587,5.39625,0.560002,3.021909,57.393246
Falcon-512_run02,active,18.912325,5.39625,0.554995,2.994893,57.431395
Falcon-512_run02,active,18.925067,5.39875,0.532466,2.874653,57.468023
Falcon-512_run02,active,18.937808,5.3975,0.535685,2.891359,57.504862
Falcon-512_run02,active,18.950547,5.39625,0.583782,3.150234,57.544995
Falcon-512_run02,active,18.963291,5.3975,0.554816,2.994622,57.583157
Falcon-512_run02,active,18.976031,5.39625,0.55875,3.015155,57.621569
Falcon-512_run02,active,18.988776,5.3925,0.581815,3.137438,57.661558
Falcon-512_run02,active,19.001522,5.3925,0.544625,2.936889,57.698989
Falcon-512_run02,active,19.014262,5.3975,0.584855,3.156754,57.739209
Falcon-512_run02,active,19.027006,5.3975,0.555353,2.997517,57.777409
Falcon-512_run02,active,19.03975,5.39625,0.540155,2.91481,57.814554
Falcon-512_run02,active,19.052499,5.395,0.583067,3.145645,57.854659
Falcon-512_run02,active,19.065243,5.39625,0.561968,3.032522,57.893306
Falcon-512_run02,active,19.077985,5.39625,0.530857,2.864638,57.929805
Falcon-512_run02,active,19.09073,5.38,0.580385,3.12247,57.969603
Falcon-512_run02,active,19.103476,5.39625,0.523884,2.827009,58.005637
Falcon-512_run02,active,19.116219,5.39625,0.565187,3.049889,58.0445
Falcon-512_run02,active,19.128959,5.39875,0.577882,3.119838,58.084245
Falcon-512_run02,active,19.141697,5.3975,0.563399,3.040945,58.122982
Falcon-512_run02,active,19.157198,5.395,0.565187,3.049183,58.170247
Falcon-512_run02,active,19.16996,5.39875,0.556247,3.003037,58.208574
Falcon-512_run02,active,19.182704,5.39625,0.539261,2.909986,58.245657
Falcon-512_run02,active,19.195454,5.3975,0.563578,3.04191,58.284443
Falcon-512_run02,active,19.208199,5.3975,0.578418,3.122011,58.324233
Falcon-512_run02,active,19.220941,5.39875,0.583067,3.147832,58.364342
Falcon-512_run02,active,19.233682,5.3975,0.566081,3.055421,58.403272
Falcon-512_run02,active,19.246422,5.39625,0.573769,3.096202,58.442715
Falcon-512_run02,active,19.259165,5.3975,0.563041,3.039015,58.481442
Falcon-512_run02,active,19.271906,5.39625,0.543194,2.931213,58.51879
Falcon-512_run02,active,19.284646,5.39625,0.545698,2.944721,58.556303
Falcon-512_run02,active,19.297429,5.3875,0.583603,3.144162,58.596495
Falcon-512_run02,active,19.310173,5.395,0.563935,3.04243,58.63527
Falcon-512_run02,active,19.32292,5.39875,0.52889,2.855347,58.671665
Falcon-512_run02,active,19.335659,5.3975,0.580921,3.135522,58.711611
Falcon-512_run02,active,19.348399,5.39875,0.57359,3.096671,58.75106
Falcon-512_run02,active,19.361139,5.395,0.569299,3.071369,58.79019
Falcon-512_run02,active,19.37388,5.39625,0.585391,3.158917,58.83044
Falcon-512_run02,active,19.386621,5.3975,0.554816,2.994622,58.868593
Falcon-512_run02,active,19.399369,5.3975,0.532288,2.873022,58.905219
Falcon-512_run02,active,19.412145,5.3975,0.583961,3.151928,58.945487
Falcon-512_run02,active,19.424891,5.39625,0.556247,3.001647,58.983745
Falcon-512_run02,active,19.437633,5.39625,0.583782,3.150234,59.023888
Falcon-512_run02,active,19.450374,5.39875,0.535148,2.889132,59.060699
Falcon-512_run02,active,19.463119,5.3975,0.544625,2.939612,59.098161
Falcon-512_run02,active,19.47586,5.3975,0.583067,3.147103,59.13826
Falcon-512_run02,active,19.488601,5.3975,0.565187,3.050596,59.177128
Falcon-512_run02,active,19.501348,5.39625,0.58253,3.14348,59.217196
Falcon-512_run02,active,19.514095,5.395,0.559644,3.019279,59.255683
Falcon-512_run02,active,19.526838,5.39625,0.559823,3.020944,59.29418
Falcon-512_run02,active,19.539577,5.39625,0.550883,2.972701,59.332051
Falcon-512_run02,active,19.552317,5.3975,0.583603,3.149998,59.372181
Falcon-512_run02,active,19.565058,5.39625,0.580564,3.132866,59.412096
Falcon-512_run02,active,19.577799,5.39625,0.575021,3.102956,59.45163
Falcon-512_run02,active,19.590539,5.3925,0.58557,3.157686,59.49186
Falcon-512_run02,active,19.603288,5.39875,0.566081,3.056129,59.530821
Falcon-512_run02,active,19.616033,5.39625,0.581636,3.138655,59.570824
Falcon-512_run02,active,19.628772,5.3975,0.580027,3.130697,59.610706
Falcon-512_run02,active,19.641513,5.39875,0.572875,3.09281,59.650113
Falcon-512_run02,active,19.654254,5.39875,0.558571,3.015586,59.688532
Falcon-512_run02,active,19.666996,5.39625,0.525493,2.835693,59.724666
Falcon-512_run02,active,19.679737,5.3925,0.568048,3.063197,59.763694
Falcon-512_run02,active,19.692477,5.3975,0.583424,3.149033,59.803814
Falcon-512_run02,active,19.705224,5.3825,0.570551,3.07099,59.842959
Falcon-512_run02,active,19.717969,5.39875,0.581815,3.141075,59.882993
Falcon-512_run02,active,19.730711,5.39875,0.584318,3.154589,59.923186
Falcon-512_run02,active,19.743453,5.39625,0.538724,2.907092,59.960229
Falcon-512_run02,active,19.756193,5.395,0.588073,3.172655,60.000649
Falcon-512_run02,active,19.768935,5.39375,0.560538,3.023402,60.039172
Falcon-512_run02,active,19.781675,5.4,0.58253,3.145664,60.07925
Falcon-512_run02,active,19.794416,5.395,0.571445,3.082945,60.118529
Falcon-512_run02,active,19.807163,5.3825,0.560002,3.014209,60.156951
Falcon-512_run02,active,19.819911,5.39375,0.554101,2.988683,60.19505
Falcon-512_run02,idle_post,19.832781,5.4,0.436451,2.356834,60.195084
Falcon-512_run02,idle_post,19.845545,5.3975,0.434126,2.343197,60.224993
Falcon-512_run02,idle_post,19.858287,5.3975,0.441815,2.384695,60.255379
Falcon-512_run02,idle_post,19.871031,5.39625,0.432338,2.333006,60.285112
Falcon-512_run02,idle_post,19.88377,5.3975,0.431981,2.331616,60.314812
Falcon-512_run02,idle_post,19.89651,5.3975,0.434126,2.343197,60.344665
Falcon-512_run02,idle_post,19.909256,5.3825,0.434305,2.337648,60.37446
Falcon-512_run02,idle_post,19.921996,5.39875,0.434126,2.34374,60.404321
Falcon-512_run02,idle_post,19.934733,5.39625,0.436272,2.354233,60.434307
Falcon-512_run02,idle_post,19.947471,5.39875,0.434126,2.34374,60.46416
Falcon-512_run02,idle_post,19.960207,5.4,0.435914,2.353938,60.49414
Falcon-512_run02,idle_post,19.972944,5.3975,0.433948,2.342232,60.523974
Falcon-512_run02,idle_post,19.985682,5.39625,0.434126,2.342655,60.553815
Falcon-512_run02,idle_post,19.998417,5.39625,0.433769,2.340725,60.583624
Falcon-512_run02,idle_post,20.011169,5.3825,0.432338,2.327061,60.613299
Falcon-512_run02,idle_post,20.02391,5.395,0.434484,2.344041,60.643165
Falcon-512_run02,idle_post,20.036646,5.39375,0.434305,2.342534,60.672998
Falcon-512_run02,idle_post,20.049427,5.3975,0.433411,2.339337,60.702899
Falcon-512_run02,idle_post,20.062166,5.39625,0.434842,2.346514,60.732791
Falcon-512_run02,idle_post,20.074906,5.39625,0.433948,2.34169,60.762623
Falcon-512_run02,idle_post,20.087638,5.4,0.433769,2.342352,60.792445
Falcon-512_run02,idle_post,20.100384,5.3975,0.433411,2.339337,60.822263
Falcon-512_run02,idle_post,20.113159,5.3825,0.433769,2.334761,60.852091
Falcon-512_run02,idle_post,20.125906,5.3975,0.434126,2.343197,60.881958
Falcon-512_run02,idle_post,20.138649,5.37,0.431623,2.317817,60.911495
Falcon-512_run02,idle_post,20.151388,5.39875,0.433769,2.341809,60.941327
Falcon-512_run02,idle_post,20.164125,5.39625,0.433769,2.340725,60.971141
Falcon-512_run02,idle_post,20.176861,5.39625,0.433769,2.340725,61.000953
Falcon-512_run02,idle_post,20.189596,5.39875,0.430729,2.325399,61.030566
Falcon-512_run02,idle_post,20.202333,5.39625,0.433769,2.340725,61.06038
Falcon-512_run02,idle_post,20.215077,5.3975,0.433948,2.342232,61.090229
Falcon-512_run02,idle_post,20.227818,5.39875,0.433769,2.341809,61.120067
Falcon-512_run02,idle_post,20.240554,5.3975,0.433769,2.341267,61.149884
Falcon-512_run02,idle_post,20.253292,5.3975,0.433769,2.341267,61.179707
Falcon-512_run02,idle_post,20.266026,5.395,0.43806,2.363334,61.209801
Falcon-512_run02,idle_post,20.278796,5.39125,0.43359,2.337592,61.239652
Falcon-512_run02,idle_post,20.291536,5.3975,0.434663,2.346092,61.269542
Falcon-512_run02,idle_post,20.304272,5.3975,0.433769,2.341267,61.29936
Falcon-512_run02,idle_post,20.317005,5.395,0.433769,2.340183,61.329158
Falcon-512_run02,idle_post,20.329741,5.39625,0.43359,2.33976,61.358957
Falcon-512_run02,idle_post,20.342477,5.39625,0.433948,2.34169,61.388781
Falcon-512_run02,idle_post,20.355216,5.39125,0.435914,2.350124,61.418718
Falcon-512_run02,idle_post,20.36795,5.385,0.43806,2.358953,61.448757
Falcon-512_run02,idle_post,20.380708,5.3975,0.433411,2.339337,61.478603
Falcon-512_run02,idle_post,20.393445,5.3975,0.435914,2.352848,61.508571
Falcon-512_run02,idle_post,20.406179,5.39625,0.433411,2.338795,61.538353
Falcon-512_run02,idle_post,20.418923,5.3975,0.433411,2.339337,61.568166
Falcon-512_run02,idle_post,20.434376,5.3975,0.43359,2.340302,61.604331
Falcon-512_run02,idle_post,20.447134,5.3975,0.433411,2.339337,61.634176
Falcon-512_run02,idle_post,20.459873,5.39625,0.431802,2.330112,61.66386
