run_id,phase,time_s,voltage_v,current_a,power_w,energy_j
Falcon-512_run06,active,0.000653,5.39125,0.581815,3.136711,3.6e-05
Falcon-512_run06,active,0.013527,5.4,0.56179,3.033664,0.039092
Falcon-512_run06,active,0.026291,5.39625,0.538009,2.903232,0.076149
Falcon-512_run06,active,0.039037,5.3975,0.560896,3.027434,0.114738
Falcon-512_run06,active,0.051786,5.39625,0.585391,3.158917,0.15501
Falcon-512_run06,active,0.064533,5.39625,0.565723,3.052784,0.193923
Falcon-512_run06,active,0.077276,5.39625,0.537652,2.901302,0.230894
Falcon-512_run06,active,0.090016,5.3975,0.584497,3.154824,0.271088
Falcon-512_run06,active,0.10276,5.39625,0.565902,3.053749,0.310004
Falcon-512_run06,active,0.11552,5.39875,0.556783,3.005933,0.348361
Falcon-512_run06,active,0.128264,5.3975,0.538546,2.9068,0.385405
Falcon-512_run06,active,0.141005,5.39625,0.550525,2.970772,0.423255
Falcon-512_run06,active,0.153759,5.395,0.584497,3.153362,0.463473
Falcon-512_run06,active,0.166502,5.395,0.553922,2.988411,0.501555
Falcon-512_run06,active,0.179242,5.39625,0.555174,2.995858,0.539723
Falcon-512_run06,active,0.191991,5.3975,0.580206,3.131662,0.579647
Falcon-512_run06,active,0.204777,5.39125,0.57806,3.116468,0.619493
Falcon-512_run06,active,0.217651,5.39875,0.55732,3.008829,0.658229
Falcon-512_run06,active,0.23041,5.39625,0.583246,3.147339,0.698385
Falcon-512_run06,active,0.243152,5.3975,0.546413,2.949263,0.735967
Falcon-512_run06,active,0.255895,5.39375,0.583961,3.149739,0.776103
Falcon-512_run06,active,0.268637,5.395,0.529427,2.856258,0.812498
Falcon-512_run06,active,0.281376,5.3975,0.54087,2.919346,0.849687
Falcon-512_run06,active,0.294117,5.3975,0.584676,3.155789,0.889895
Falcon-512_run06,active,0.306862,5.3975,0.570193,3.077618,0.929118
Falcon-512_run06,active,0.319623,5.39875,0.547664,2.956703,0.966851
Falcon-512_run06,active,0.332369,5.395,0.588073,3.172655,1.007289
Falcon-512_run06,active,0.34511,5.3925,0.565187,3.04777,1.046121
Falcon-512_run06,active,0.357851,5.40125,0.583961,3.154118,1.086307
Falcon-512_run06,active,0.370593,5.39625,0.557856,3.01033,1.124665
Falcon-512_run06,active,0.383336,5.395,0.555889,2.999022,1.16288
Falcon-512_run06,active,0.396074,5.3975,0.585928,3.162544,1.203166
Falcon-512_run06,active,0.408816,5.39625,0.557141,3.006471,1.241473
Falcon-512_run06,active,0.421558,5.395,0.534433,2.883267,1.278211
Falcon-512_run06,active,0.434306,5.3975,0.552492,2.982076,1.316229
Falcon-512_run06,active,0.447048,5.39875,0.58557,3.161346,1.356511
Falcon-512_run06,active,0.45979,5.3975,0.568226,3.067002,1.39559
Falcon-512_run06,active,0.47253,5.39875,0.573948,3.098602,1.435066
Falcon-512_run06,active,0.48527,5.39375,0.558035,3.0099,1.473411
Falcon-512_run06,active,0.498008,5.39875,0.584676,3.15652,1.513621
Falcon-512_run06,active,0.510749,5.39625,0.557141,3.006471,1.551926
Falcon-512_run06,active,0.523496,5.3975,0.554816,2.994622,1.590097
Falcon-512_run06,active,0.536243,5.40375,0.532109,2.875383,1.626749
Falcon-512_run06,active,0.548983,5.39875,0.54981,2.968287,1.664566
Falcon-512_run06,active,0.561723,5.39875,0.582709,3.145901,1.704644
Falcon-512_run06,active,0.574463,5.39625,0.562147,3.033487,1.74329
Falcon-512_run06,active,0.587203,5.39625,0.574663,3.101026,1.782798
Falcon-512_run06,active,0.599944,5.39625,0.577166,3.114534,1.82248
Falcon-512_run06,active,0.612683,5.3975,0.571802,3.086303,1.861798
Falcon-512_run06,active,0.625429,5.395,0.554459,2.991305,1.899926
Falcon-512_run06,active,0.638201,5.3975,0.585391,3.159649,1.940281
Falcon-512_run06,active,0.650944,5.39625,0.570908,3.080764,1.979539
Falcon-512_run06,active,0.663683,5.39625,0.583603,3.149269,2.019657
Falcon-512_run06,active,0.676421,5.39625,0.562862,3.037346,2.058346
Falcon-512_run06,active,0.68916,5.3925,0.583067,3.144188,2.098399
Falcon-512_run06,active,0.701899,5.3925,0.556604,3.001489,2.136636
Falcon-512_run06,active,0.71464,5.39875,0.579133,3.126595,2.176473
Falcon-512_run06,active,0.727388,5.4,0.546413,2.950629,2.214086
Falcon-512_run06,active,0.74013,5.3975,0.589146,3.179916,2.254606
Falcon-512_run06,active,0.75287,5.3975,0.56018,3.023574,2.293125
Falcon-512_run06,active,0.765609,5.3975,0.544267,2.937682,2.330548
Falcon-512_run06,active,0.778349,5.39875,0.546055,2.948016,2.368107
Falcon-512_run06,active,0.79109,5.39625,0.585391,3.158917,2.408354
Falcon-512_run06,active,0.803828,5.3975,0.559644,3.020678,2.446832
Falcon-512_run06,active,0.816569,5.39375,0.556247,3.000256,2.485056
Falcon-512_run06,active,0.829318,5.39625,0.584318,3.153128,2.525257
Falcon-512_run06,active,0.842062,5.3975,0.566081,3.055421,2.564194
Falcon-512_run06,active,0.854802,5.40125,0.558392,3.016017,2.60262
Falcon-512_run06,active,0.867541,5.3975,0.550525,2.97146,2.640474
Falcon-512_run06,active,0.88028,5.39625,0.577882,3.118394,2.680196
Falcon-512_run06,active,0.893018,5.395,0.575378,3.104166,2.719739
Falcon-512_run06,active,0.905757,5.39125,0.569299,3.069234,2.758837
Falcon-512_run06,active,0.918497,5.3975,0.582709,3.145173,2.798906
Falcon-512_run06,active,0.931243,5.395,0.568405,3.066546,2.837993
Falcon-512_run06,active,0.943987,5.39625,0.54391,2.935072,2.875398
Falcon-512_run06,active,0.956727,5.395,0.586643,3.164938,2.915718
Falcon-512_run06,active,0.969466,5.39625,0.570908,3.080764,2.954965
Falcon-512_run06,active,0.982207,5.3975,0.562147,3.03419,2.993624
Falcon-512_run06,active,0.994947,5.395,0.550525,2.970083,3.031463
Falcon-512_run06,active,1.007686,5.39625,0.583782,3.150234,3.071593
Falcon-512_run06,active,1.020425,5.3975,0.560538,3.025504,3.110134
Falcon-512_run06,active,1.033168,5.38375,0.584497,3.146787,3.150236
Falcon-512_run06,active,1.045915,5.395,0.584855,3.155292,3.190454
Falcon-512_run06,active,1.058657,5.3975,0.532466,2.873987,3.227075
Falcon-512_run06,active,1.071399,5.3975,0.583424,3.149033,3.267199
Falcon-512_run06,active,1.084136,5.395,0.556604,3.002881,3.305447
Falcon-512_run06,active,1.096874,5.395,0.538367,2.904489,3.342445
Falcon-512_run06,active,1.10961,5.39625,0.585391,3.158917,3.382679
Falcon-512_run06,active,1.12235,5.39625,0.55732,3.007436,3.420991
Falcon-512_run06,active,1.135096,5.39375,0.551598,2.975182,3.458913
Falcon-512_run06,active,1.147841,5.395,0.559465,3.018315,3.497383
Falcon-512_run06,active,1.160593,5.39375,0.585212,3.156489,3.537633
Falcon-512_run06,active,1.173332,5.395,0.565187,3.049183,3.576479
Falcon-512_run06,active,1.186073,5.3975,0.552313,2.98111,3.61446
Falcon-512_run06,active,1.198825,5.39875,0.550883,2.974079,3.652385
Falcon-512_run06,active,1.211593,5.39625,0.584318,3.153128,3.692645
Falcon-512_run06,active,1.224339,5.39625,0.565544,3.051819,3.731543
Falcon-512_run06,active,1.23709,5.3825,0.551419,2.968014,3.769387
Falcon-512_run06,active,1.249836,5.3975,0.551419,2.976285,3.807323
Falcon-512_run06,active,1.262578,5.39625,0.58253,3.14348,3.847379
Falcon-512_run06,active,1.277755,5.395,0.580027,3.129247,3.894872
Falcon-512_run06,active,1.290506,5.39625,0.557498,3.008401,3.933231
Falcon-512_run06,active,1.303251,5.3975,0.576451,3.111395,3.972884
Falcon-512_run06,active,1.315992,5.39875,0.547307,2.954773,4.010532
Falcon-512_run06,active,1.328735,5.39875,0.57967,3.129491,4.050411
Falcon-512_run06,active,1.341486,5.39125,0.546055,2.94392,4.087949
Falcon-512_run06,active,1.354231,5.3975,0.586285,3.164474,4.128281
Falcon-512_run06,active,1.366972,5.39625,0.558571,3.01419,4.166683
Falcon-512_run06,active,1.379711,5.3975,0.525493,2.83635,4.202816
Falcon-512_run06,active,1.392452,5.3975,0.549989,2.968565,4.24064
Falcon-512_run06,active,1.405193,5.39625,0.581458,3.137691,4.280616
Falcon-512_run06,active,1.417932,5.39875,0.585212,3.159415,4.320865
Falcon-512_run06,active,1.430673,5.39625,0.55571,2.998752,4.359072
Falcon-512_run06,active,1.443421,5.395,0.583246,3.14661,4.399185
Falcon-512_run06,active,1.456168,5.39625,0.56322,3.039276,4.437925
Falcon-512_run06,active,1.46891,5.39625,0.569478,3.073046,4.477082
Falcon-512_run06,active,1.481651,5.3975,0.58253,3.144208,4.517142
Falcon-512_run06,active,1.494392,5.39875,0.55571,3.000142,4.555368
Falcon-512_run06,active,1.507132,5.39625,0.584497,3.154093,4.595551
Falcon-512_run06,active,1.519872,5.395,0.555353,2.996128,4.63372
Falcon-512_run06,active,1.532611,5.3975,0.52889,2.854686,4.670088
Falcon-512_run06,active,1.54536,5.39375,0.581458,3.136237,4.710072
Falcon-512_run06,active,1.55811,5.3975,0.558571,3.014888,4.748511
Falcon-512_run06,active,1.570853,5.39625,0.549631,2.965947,4.786305
Falcon-512_run06,active,1.583593,5.39625,0.561074,3.027698,4.824879
Falcon-512_run06,active,1.596334,5.4,0.580027,3.132147,4.864786
Falcon-512_run06,active,1.609074,5.39625,0.583603,3.149269,4.904907
Falcon-512_run06,active,1.621814,5.3975,0.560538,3.025504,4.943452
Falcon-512_run06,active,1.634554,5.3975,0.533539,2.879778,4.980141
Falcon-512_run06,active,1.647301,5.39375,0.583246,3.145881,5.020239
Falcon-512_run06,active,1.660073,5.3975,0.558929,3.016818,5.058773
Falcon-512_run06,active,1.672819,5.3975,0.531572,2.869162,5.095343
Falcon-512_run06,active,1.68556,5.3975,0.585212,3.158684,5.135588
Falcon-512_run06,active,1.698303,5.39625,0.527102,2.844376,5.171832
Falcon-512_run06,active,1.711043,5.3975,0.555889,3.000412,5.210058
Falcon-512_run06,active,1.723781,5.3975,0.583961,3.151928,5.250208
Falcon-512_run06,active,1.736521,5.395,0.585391,3.158186,5.290444
Falcon-512_run06,active,1.749266,5.3925,0.567511,3.060304,5.329448
Falcon-512_run06,active,1.762008,5.39625,0.586464,3.164706,5.36977
Falcon-512_run06,active,1.774748,5.395,0.561968,3.03182,5.408395
Falcon-512_run06,active,1.787489,5.3975,0.568584,3.068932,5.447497
Falcon-512_run06,active,1.800231,5.39875,0.58414,3.153624,5.48768
Falcon-512_run06,active,1.812971,5.3975,0.55571,2.999447,5.525894
Falcon-512_run06,active,1.82571,5.3925,0.585391,3.156722,5.566107
Falcon-512_run06,active,1.83845,5.3975,0.57663,3.11236,5.60576
Falcon-512_run06,active,1.851196,5.3825,0.537294,2.891985,5.642621
Falcon-512_run06,active,1.86394,5.395,0.587,3.166867,5.682979
Falcon-512_run06,active,1.87668,5.39875,0.556068,3.002072,5.721226
Falcon-512_run06,active,1.88942,5.39625,0.583782,3.150234,5.761359
Falcon-512_run06,active,1.902187,5.39875,0.584676,3.15652,5.80166
Falcon-512_run06,active,1.914931,5.39625,0.559823,3.020944,5.840156
Falcon-512_run06,active,1.92767,5.3975,0.555174,2.996552,5.87833
Falcon-512_run06,active,1.940411,5.3975,0.583961,3.151928,5.918488
Falcon-512_run06,active,1.953158,5.3825,0.538367,2.897759,5.955427
Falcon-512_run06,active,1.965902,5.39875,0.585212,3.159415,5.995691
Falcon-512_run06,active,1.978644,5.3975,0.566081,3.055421,6.034623
Falcon-512_run06,active,1.991385,5.3975,0.555353,2.997517,6.072815
Falcon-512_run06,active,2.004125,5.3975,0.584676,3.155789,6.113017
Falcon-512_run06,active,2.016863,5.395,0.536579,2.894843,6.149893
Falcon-512_run06,active,2.029602,5.3975,0.583067,3.147103,6.189983
Falcon-512_run06,active,2.042343,5.3975,0.570193,3.077618,6.229197
Falcon-512_run06,active,2.055088,5.3875,0.537115,2.893708,6.266077
Falcon-512_run06,active,2.067835,5.3975,0.583961,3.151928,6.306254
Falcon-512_run06,active,2.080575,5.39625,0.575021,3.102956,6.345785
Falcon-512_run06,active,2.093316,5.3975,0.584855,3.156754,6.386004
Falcon-512_run06,active,2.106054,5.3975,0.570908,3.081478,6.425257
Falcon-512_run06,active,2.118794,5.3975,0.58253,3.144208,6.465314
Falcon-512_run06,active,2.131532,5.3925,0.563756,3.040056,6.504038
Falcon-512_run06,active,2.144273,5.39375,0.540691,2.916353,6.541196
Falcon-512_run06,active,2.157028,5.3825,0.587894,3.164342,6.581558
Falcon-512_run06,active,2.169773,5.39625,0.569836,3.074975,6.620749
Falcon-512_run06,active,2.182515,5.3975,0.584497,3.154824,6.660947
Falcon-512_run06,active,2.195265,5.39875,0.563756,3.04358,6.699752
Falcon-512_run06,active,2.208019,5.39875,0.583246,3.148797,6.739912
Falcon-512_run06,active,2.220802,5.3825,0.583961,3.143169,6.78009
Falcon-512_run06,active,2.233547,5.3825,0.555889,2.992074,6.818225
Falcon-512_run06,active,2.246289,5.38125,0.556783,2.99619,6.856402
Falcon-512_run06,active,2.259041,5.38375,0.583603,3.141974,6.896468
Falcon-512_run06,active,2.271786,5.3825,0.563756,3.034419,6.935141
Falcon-512_run06,active,2.284534,5.3825,0.55571,2.991111,6.973273
Falcon-512_run06,active,2.297274,5.3825,0.553028,2.976675,7.011197
Falcon-512_run06,active,2.310014,5.3825,0.552134,2.971863,7.049056
Falcon-512_run06,active,2.322754,5.3825,0.583961,3.143169,7.089102
Falcon-512_run06,active,2.335494,5.38625,0.572518,3.083723,7.128388
Falcon-512_run06,active,2.348234,5.3825,0.558571,3.006509,7.166693
Falcon-512_run06,active,2.360981,5.385,0.561968,3.0262,7.205268
Falcon-512_run06,active,2.373726,5.3825,0.585391,3.150868,7.245425
Falcon-512_run06,active,2.386468,5.38375,0.554816,2.986993,7.283483
Falcon-512_run06,active,2.399208,5.385,0.533003,2.87022,7.320052
Falcon-512_run06,active,2.411946,5.38375,0.583424,3.141011,7.36006
Falcon-512_run06,active,2.424685,5.38375,0.532466,2.866666,7.396578
Falcon-512_run06,active,2.437423,5.3825,0.583603,3.141244,7.436593
Falcon-512_run06,active,2.450197,5.38125,0.567154,3.051995,7.475579
Falcon-512_run06,active,2.46295,5.3825,0.553922,2.981487,7.513601
Falcon-512_run06,active,2.475692,5.38375,0.571445,3.076516,7.552803
Falcon-512_run06,active,2.488437,5.3825,0.577703,3.109485,7.592432
Falcon-512_run06,active,2.501177,5.3825,0.583424,3.140282,7.63244
Falcon-512_run06,active,2.513917,5.3825,0.565723,3.045005,7.671233
Falcon-512_run06,active,2.526656,5.3825,0.585034,3.148943,7.711349
Falcon-512_run06,active,2.539397,5.3825,0.556247,2.993998,7.749494
Falcon-512_run06,active,2.554824,5.38,0.57359,3.085916,7.797102
Falcon-512_run06,active,2.567601,5.3825,0.576809,3.104673,7.836769
Falcon-512_run06,active,2.58035,5.38375,0.564293,3.038011,7.875501
Falcon-512_run06,active,2.593092,5.3825,0.557141,2.99881,7.913712
Falcon-512_run06,active,2.605831,5.3775,0.544982,2.930643,7.951047
Falcon-512_run06,active,2.618574,5.385,0.584676,3.14848,7.991167
Falcon-512_run06,active,2.631316,5.38375,0.534433,2.877255,8.027827
Falcon-512_run06,active,2.644074,5.38375,0.567869,3.057264,8.066834
Falcon-512_run06,active,2.656815,5.3825,0.583067,3.138357,8.10682
Falcon-512_run06,active,2.669565,5.38375,0.571981,3.079404,8.146081
Falcon-512_run06,active,2.682311,5.385,0.584318,3.146555,8.186187
Falcon-512_run06,active,2.69505,5.38375,0.554995,2.987955,8.224251
Falcon-512_run06,active,2.707788,5.3825,0.536758,2.889098,8.261051
Falcon-512_run06,active,2.720524,5.3825,0.585212,3.149906,8.30117
Falcon-512_run06,active,2.733262,5.38375,0.584497,3.146787,8.341253
Falcon-512_run06,active,2.745999,5.38125,0.562326,3.026017,8.379796
Falcon-512_run06,active,2.758739,5.38375,0.529784,2.852227,8.416133
Falcon-512_run06,active,2.771513,5.3825,0.583782,3.142207,8.456271
Falcon-512_run06,active,2.784257,5.3825,0.570908,3.072914,8.495433
Falcon-512_run06,active,2.796997,5.3825,0.544088,2.928556,8.532742
Falcon-512_run06,active,2.809737,5.38,0.539797,2.904109,8.569742
Falcon-512_run06,active,2.822477,5.3825,0.584855,3.147981,8.609846
Falcon-512_run06,active,2.835218,5.385,0.557498,3.002129,8.648096
Falcon-512_run06,active,2.847958,5.38,0.536758,2.887756,8.684886
Falcon-512_run06,active,2.860697,5.38375,0.583424,3.141011,8.724901
Falcon-512_run06,active,2.873442,5.3825,0.572339,3.080614,8.764163
Falcon-512_run06,active,2.886189,5.38375,0.551956,2.971591,8.80204
Falcon-512_run06,active,2.898928,5.3825,0.585391,3.150868,8.842179
Falcon-512_run06,active,2.911667,5.3825,0.564114,3.036344,8.880858
Falcon-512_run06,active,2.924407,5.38375,0.549989,2.961002,8.918584
Falcon-512_run06,active,2.937145,5.385,0.586643,3.159071,8.958824
Falcon-512_run06,active,2.949884,5.38375,0.575736,3.099619,8.998308
Falcon-512_run06,active,2.962623,5.38375,0.530857,2.858002,9.034716
Falcon-512_run06,active,2.975372,5.38125,0.558035,3.002925,9.073001
Falcon-512_run06,active,2.988114,5.3825,0.580385,3.123921,9.112806
Falcon-512_run06,active,3.000853,5.38125,0.556604,2.995227,9.150963
Falcon-512_run06,active,3.013589,5.3825,0.568584,3.060403,9.189941
Falcon-512_run06,active,3.026332,5.385,0.551419,2.969392,9.227779
Falcon-512_run06,active,3.03907,5.3825,0.583603,3.141244,9.267791
Falcon-512_run06,active,3.051809,5.3825,0.571802,3.077726,9.306999
Falcon-512_run06,active,3.064548,5.38375,0.562147,3.02646,9.345552
Falcon-512_run06,active,3.077287,5.38125,0.541406,2.913443,9.382666
Falcon-512_run06,active,3.090029,5.38375,0.585749,3.153525,9.42285
Falcon-512_run06,active,3.102768,5.3825,0.548558,2.952616,9.460464
Falcon-512_run06,active,3.115506,5.38125,0.583424,3.139553,9.500455
Falcon-512_run06,active,3.128244,5.385,0.532824,2.869257,9.537003
Falcon-512_run06,active,3.140983,5.38375,0.560359,3.016834,9.575435
Falcon-512_run06,active,3.153736,5.3825,0.583246,3.139319,9.615471
Falcon-512_run06,active,3.166476,5.38,0.556426,2.99357,9.653609
Falcon-512_run06,active,3.179223,5.38375,0.556426,2.995656,9.691794
Falcon-512_run06,active,3.191975,5.38375,0.585212,3.150637,9.73197
Falcon-512_run06,active,3.204755,5.38375,0.570372,3.07074,9.771216
Falcon-512_run06,active,3.217504,5.38375,0.563935,3.036086,9.809921
Falcon-512_run06,active,3.230248,5.38125,0.583961,3.142439,9.849971
Falcon-512_run06,active,3.24299,5.38375,0.563756,3.035124,9.888644
Falcon-512_run06,active,3.255731,5.3825,0.583067,3.138357,9.92863
Falcon-512_run06,active,3.268471,5.38375,0.555889,2.992768,9.966757
Falcon-512_run06,active,3.281217,5.3825,0.583424,3.140282,10.006784
Falcon-512_run06,active,3.293963,5.38375,0.555353,2.989881,10.044892
Falcon-512_run06,active,3.306704,5.3825,0.582709,3.136432,10.084854
Falcon-512_run06,active,3.319481,5.38375,0.568763,3.062077,10.123976
Falcon-512_run06,active,3.33222,5.38875,0.58253,3.139111,10.163967
Falcon-512_run06,active,3.344959,5.38375,0.55571,2.991806,10.20208
Falcon-512_run06,active,3.357703,5.38375,0.536042,2.885918,10.238857
Falcon-512_run06,active,3.370443,5.38375,0.585391,3.1516,10.279009
Falcon-512_run06,active,3.383192,5.38375,0.559465,3.012021,10.317409
Falcon-512_run06,active,3.395934,5.38,0.563756,3.033009,10.356057
Falcon-512_run06,active,3.408675,5.3825,0.585391,3.150868,10.3962
Falcon-512_run06,active,3.421413,5.385,0.526745,2.836521,10.432332
Falcon-512_run06,active,3.434177,5.38375,0.584676,3.147749,10.472512
Falcon-512_run06,active,3.446919,5.38625,0.555353,2.991269,10.510625
Falcon-512_run06,active,3.459658,5.38375,0.530857,2.858002,10.547033
Falcon-512_run06,active,3.472396,5.3825,0.583067,3.138357,10.58701
Falcon-512_run06,active,3.485141,5.38625,0.566975,3.053868,10.625932
Falcon-512_run06,active,3.497884,5.3825,0.57663,3.103711,10.665482
Falcon-512_run06,active,3.510632,5.38375,0.541585,2.915759,10.702651
Falcon-512_run06,active,3.523373,5.3825,0.585391,3.150868,10.742798
Falcon-512_run06,active,3.536112,5.38,0.568942,3.060906,10.78179
Falcon-512_run06,active,3.548851,5.385,0.585034,3.150406,10.821922
Falcon-512_run06,active,3.561588,5.3825,0.533539,2.871775,10.858502
Falcon-512_run06,active,3.574328,5.38375,0.548737,2.954264,10.896137
Falcon-512_run06,active,3.587074,5.38125,0.584318,3.144363,10.936216
Falcon-512_run06,active,3.599819,5.38375,0.525493,2.829124,10.972274
Falcon-512_run06,active,3.612558,5.38375,0.583961,3.143899,11.012325
Falcon-512_run06,active,3.625297,5.38,0.566975,3.050324,11.05118
Falcon-512_run06,active,3.638035,5.385,0.55428,2.984798,11.089203
Falcon-512_run06,active,3.650775,5.3825,0.584497,3.146056,11.129283
Falcon-512_run06,active,3.663512,5.3825,0.525314,2.827505,11.165298
Falcon-512_run06,active,3.676251,5.38375,0.58414,3.144862,11.20536
Falcon-512_run06,active,3.688997,5.38375,0.584497,3.146787,11.245468
Falcon-512_run06,active,3.701739,5.38375,0.557856,3.003357,11.283738
Falcon-512_run06,active,3.714481,5.38375,0.571445,3.076516,11.322939
Falcon-512_run06,active,3.727221,5.38375,0.56465,3.039937,11.361666
Falcon-512_run06,active,3.739961,5.38375,0.584497,3.146787,11.401757
Falcon-512_run06,active,3.7527,5.3825,0.571802,3.077726,11.440964
Falcon-512_run06,active,3.765439,5.385,0.535864,2.885625,11.477724
Falcon-512_run06,active,3.778178,5.3825,0.536758,2.889098,11.514529
Falcon-512_run06,active,3.790926,5.385,0.585749,3.154257,11.554737
Falcon-512_run06,active,3.80367,5.38375,0.562326,3.027423,11.59332
Falcon-512_run06,active,3.81641,5.3825,0.554816,2.986299,11.631364
Falcon-512_run06,active,3.831813,5.3825,0.583961,3.143169,11.679778
Falcon-512_run06,active,3.844577,5.38375,0.526387,2.833937,11.71595
Falcon-512_run06,active,3.857321,5.3825,0.586106,3.154718,11.756154
Falcon-512_run06,active,3.870063,5.3825,0.566081,3.04693,11.794979
Falcon-512_run06,active,3.882804,5.385,0.555889,2.993463,11.83312
Falcon-512_run06,active,3.895553,5.3875,0.547664,2.950542,11.870737
Falcon-512_run06,active,3.908299,5.38375,0.584318,3.145824,11.910831
Falcon-512_run06,active,3.921039,5.3825,0.546413,2.941067,11.948301
Falcon-512_run06,active,3.933778,5.3825,0.583961,3.143169,11.988342
Falcon-512_run06,active,3.946519,5.38,0.557856,3.001265,12.026582
Falcon-512_run06,active,3.959259,5.3825,0.546949,2.943954,12.064086
Falcon-512_run06,active,3.971996,5.3825,0.583424,3.140282,12.104086
Falcon-512_run06,active,3.984738,5.38375,0.566438,3.049563,12.142943
Falcon-512_run06,active,3.997484,5.38375,0.553565,2.980254,12.180928
Falcon-512_run06,active,4.010228,5.3825,0.58414,3.144131,12.220998
Falcon-512_run06,active,4.022966,5.3825,0.556962,2.997848,12.259184
Falcon-512_run06,active,4.035706,5.3825,0.557677,3.001698,12.297425
Falcon-512_run06,active,4.048447,5.38125,0.583603,3.140515,12.337438
Falcon-512_run06,active,4.061184,5.3825,0.545876,2.93818,12.374863
Falcon-512_run06,active,4.073922,5.385,0.53193,2.864443,12.411352
Falcon-512_run06,active,4.086663,5.38125,0.554816,2.985606,12.449389
Falcon-512_run06,active,4.09941,5.3825,0.581458,3.129696,12.489284
Falcon-512_run06,active,4.112156,5.3825,0.56465,3.039231,12.528022
Falcon-512_run06,active,4.124898,5.38375,0.571087,3.074591,12.567198
Falcon-512_run06,active,4.137636,5.385,0.574663,3.094561,12.606617
Falcon-512_run06,active,4.150389,5.3825,0.576094,3.100824,12.646162
Falcon-512_run06,active,4.16313,5.38375,0.54677,2.943675,12.683667
Falcon-512_run06,active,4.175868,5.385,0.554638,2.986723,12.721713
Falcon-512_run06,active,4.188605,5.38125,0.568763,3.060655,12.760697
Falcon-512_run06,active,4.201354,5.38375,0.578239,3.113095,12.800384
Falcon-512_run06,active,4.214151,5.38375,0.566975,3.052451,12.839445
Falcon-512_run06,active,4.226897,5.38375,0.544088,2.929236,12.876783
Falcon-512_run06,active,4.239641,5.3825,0.527281,2.838091,12.912951
Falcon-512_run06,active,4.252383,5.38,0.586643,3.156138,12.953168
Falcon-512_run06,active,4.265124,5.38875,0.559286,3.013855,12.991568
Falcon-512_run06,active,4.277865,5.39875,0.529963,2.861139,13.02802
Falcon-512_run06,active,4.290607,5.39625,0.583067,3.146374,13.068111
Falcon-512_run06,active,4.303356,5.39625,0.569478,3.073046,13.107291
Falcon-512_run06,active,4.3161,5.395,0.550525,2.970083,13.145141
Falcon-512_run06,active,4.32884,5.39875,0.584318,3.154589,13.18533
Falcon-512_run06,active,4.341579,5.39625,0.555532,2.997787,13.223517
Falcon-512_run06,active,4.35432,5.395,0.583961,3.150469,13.26366
Falcon-512_run06,active,4.367061,5.39625,0.565544,3.051819,13.302542
Falcon-512_run06,active,4.3798,5.3975,0.571802,3.086303,13.341858
Falcon-512_run06,active,4.392539,5.3975,0.559286,3.018748,13.380315
Falcon-512_run06,active,4.405284,5.39625,0.556247,3.001647,13.418571
Falcon-512_run06,active,4.418028,5.39875,0.585391,3.160381,13.458847
Falcon-512_run06,active,4.43077,5.39625,0.566081,3.054714,13.497771
Falcon-512_run06,active,4.44351,5.39625,0.584855,3.156023,13.537977
Falcon-512_run06,active,4.45625,5.39625,0.583603,3.149269,13.578098
Falcon-512_run06,active,4.468989,5.3975,0.577166,3.115256,13.617785
Falcon-512_run06,active,4.481729,5.39625,0.54391,2.935072,13.655176
Falcon-512_run06,active,4.494468,5.39625,0.583603,3.149269,13.695294
Falcon-512_run06,active,4.507215,5.3975,0.559823,3.021644,13.733812
Falcon-512_run06,active,4.519956,5.395,0.561611,3.02989,13.772417
Falcon-512_run06,active,4.532701,5.395,0.583603,3.148539,13.812543
Falcon-512_run06,active,4.545441,5.3975,0.568048,3.066037,13.851605
Falcon-512_run06,active,4.558182,5.39875,0.527102,2.845694,13.887862
Falcon-512_run06,active,4.570923,5.3975,0.568763,3.069897,13.926977
Falcon-512_run06,active,4.583664,5.39875,0.575915,3.10922,13.966592
Falcon-512_run06,active,4.596403,5.39875,0.55428,2.992419,14.004711
Falcon-512_run06,active,4.609149,5.3975,0.555353,2.997517,14.042918
Falcon-512_run06,active,4.621884,5.39625,0.581636,3.138655,14.082888
Falcon-512_run06,active,4.634629,5.3975,0.563756,3.042875,14.12167
Falcon-512_run06,active,4.647371,5.39375,0.526745,2.84113,14.15787
Falcon-512_run06,active,4.66011,5.3975,0.575378,3.105605,14.197433
Falcon-512_run06,active,4.67285,5.3975,0.563578,3.04191,14.236187
Falcon-512_run06,active,4.685589,5.3975,0.568942,3.070862,14.275309
Falcon-512_run06,active,4.698328,5.395,0.582888,3.144681,14.315368
Falcon-512_run06,active,4.711075,5.3975,0.585212,3.158684,14.35563
Falcon-512_run06,active,4.723817,5.39875,0.566438,3.058059,14.394597
Falcon-512_run06,active,4.736557,5.39875,0.561968,3.033927,14.433248
Falcon-512_run06,active,4.749296,5.39625,0.580921,3.134796,14.473184
Falcon-512_run06,active,4.762035,5.3975,0.562326,3.035155,14.511849
Falcon-512_run06,active,4.774774,5.395,0.558035,3.010598,14.5502
Falcon-512_run06,active,4.787513,5.39625,0.528533,2.852095,14.586535
Falcon-512_run06,active,4.800254,5.39625,0.583246,3.147339,14.626634
Falcon-512_run06,active,4.813,5.3975,0.558035,3.011993,14.665025
Falcon-512_run06,active,4.825746,5.39625,0.561074,3.027698,14.703617
Falcon-512_run06,active,4.838488,5.37,0.586106,3.147391,14.743719
Falcon-512_run06,active,4.851228,5.39625,0.529427,2.856919,14.780116
Falcon-512_run06,active,4.863966,5.39625,0.583782,3.150234,14.820244
Falcon-512_run06,active,4.876706,5.39625,0.555889,2.999717,14.85846
Falcon-512_run06,active,4.889447,5.39625,0.556962,3.005506,14.896754
Falcon-512_run06,active,4.902187,5.3975,0.569299,3.072792,14.935901
Falcon-512_run06,active,4.914936,5.3975,0.580742,3.134557,14.975864
Falcon-512_run06,active,4.927684,5.3975,0.570193,3.077618,15.015098
Falcon-512_run06,active,4.940424,5.39625,0.527281,2.845341,15.051348
Falcon-512_run06,active,4.953165,5.39875,0.568405,3.068678,15.090443
Falcon-512_run06,active,4.965903,5.39625,0.534791,2.885865,15.127203
Falcon-512_run06,active,4.978644,5.39625,0.585391,3.158917,15.167452
Falcon-512_run06,active,4.991387,5.3975,0.558929,3.016818,15.205894
Falcon-512_run06,active,5.004124,5.39625,0.568763,3.069186,15.244988
Falcon-512_run06,active,5.016872,5.39625,0.564293,3.045065,15.283806
Falcon-512_run06,active,5.029614,5.395,0.556068,2.999987,15.322032
Falcon-512_run06,active,5.042362,5.39875,0.549989,2.969252,15.359883
Falcon-512_run06,active,5.055103,5.3975,0.588073,3.174125,15.400326
Falcon-512_run06,active,5.067843,5.395,0.551956,2.9778,15.438264
Falcon-512_run06,active,5.080583,5.3975,0.584318,3.153859,15.478443
Falcon-512_run06,active,5.093322,5.3975,0.556426,3.003307,15.516701
Falcon-512_run06,active,5.108717,5.39625,0.583961,3.151198,15.565215
Falcon-512_run06,active,5.121486,5.39625,0.525672,2.836658,15.601437
Falcon-512_run06,active,5.134243,5.39625,0.54838,2.959193,15.639185
Falcon-512_run06,active,5.147005,5.3975,0.584855,3.156754,15.679475
Falcon-512_run06,active,5.159776,5.3975,0.568763,3.069897,15.718679
Falcon-512_run06,active,5.17252,5.39625,0.58414,3.152163,15.758852
Falcon-512_run06,active,5.185258,5.3975,0.569836,3.075688,15.798028
Falcon-512_run06,active,5.198007,5.3975,0.571981,3.087269,15.837388
Falcon-512_run06,active,5.210759,5.39625,0.584497,3.154093,15.87761
Falcon-512_run06,active,5.223511,5.39625,0.566438,3.056643,15.916588
Falcon-512_run06,active,5.236257,5.39875,0.524957,2.834111,15.95271
Falcon-512_run06,active,5.248996,5.39625,0.585034,3.156988,15.992929
Falcon-512_run06,active,5.261735,5.39625,0.56626,3.055678,16.031855
Falcon-512_run06,active,5.274476,5.39625,0.555889,2.999717,16.070074
Falcon-512_run06,active,5.287215,5.3975,0.543373,2.932857,16.107435
Falcon-512_run06,active,5.299954,5.39625,0.575378,3.104886,16.146987
Falcon-512_run06,active,5.312694,5.39625,0.576094,3.108745,16.186593
Falcon-512_run06,active,5.325441,5.39875,0.576451,3.112116,16.226265
Falcon-512_run06,active,5.338187,5.3975,0.557141,3.007167,16.264595
Falcon-512_run06,active,5.350927,5.39875,0.541228,2.921953,16.301819
Falcon-512_run06,active,5.363667,5.3975,0.58414,3.152893,16.341988
Falcon-512_run06,active,5.376411,5.395,0.563041,3.037607,16.380697
Falcon-512_run06,active,5.389151,5.39625,0.539082,2.909021,16.41776
Falcon-512_run06,active,5.40189,5.3975,0.562505,3.03612,16.456437
Falcon-512_run06,active,5.414631,5.39875,0.586643,3.167138,16.496789
Falcon-512_run06,active,5.427381,5.39875,0.532645,2.875618,16.533453
Falcon-512_run06,active,5.440123,5.39625,0.544982,2.940861,16.570925
Falcon-512_run06,active,5.452865,5.39625,0.583603,3.149269,16.611053
Falcon-512_run06,active,5.465604,5.3975,0.56018,3.023574,16.649572
Falcon-512_run06,active,5.478344,5.395,0.537473,2.899666,16.686514
Falcon-512_run06,active,5.491086,5.39625,0.584318,3.153128,16.726689
Falcon-512_run06,active,5.503824,5.3975,0.570908,3.081478,16.765942
Falcon-512_run06,active,5.516565,5.39625,0.567869,3.064362,16.804986
Falcon-512_run06,active,5.529312,5.395,0.525851,2.836965,16.841147
Falcon-512_run06,active,5.542054,5.39875,0.584855,3.157485,16.88138
Falcon-512_run06,active,5.554805,5.3925,0.556604,3.001489,16.919652
Falcon-512_run06,active,5.567545,5.39625,0.533182,2.877181,16.956308
Falcon-512_run06,active,5.580285,5.3975,0.549452,2.965669,16.994091
Falcon-512_run06,active,5.593026,5.3975,0.58557,3.160614,17.034359
Falcon-512_run06,active,5.605766,5.395,0.559286,3.01735,17.0728
Falcon-512_run06,active,5.618506,5.39875,0.566975,3.060955,17.111797
Falcon-512_run06,active,5.631255,5.39625,0.584497,3.154093,17.152007
Falcon-512_run06,active,5.643995,5.39625,0.541585,2.922529,17.189241
Falcon-512_run06,active,5.65674,5.3925,0.58557,3.157686,17.229485
Falcon-512_run06,active,5.66948,5.3975,0.543731,2.934787,17.266875
Falcon-512_run06,active,5.682222,5.39625,0.546949,2.951475,17.304482
Falcon-512_run06,active,5.694962,5.3975,0.580921,3.135522,17.34443
Falcon-512_run06,active,5.707701,5.39625,0.573233,3.093307,17.383836
Falcon-512_run06,active,5.720443,5.39625,0.541406,2.921564,17.421062
Falcon-512_run06,active,5.733189,5.39875,0.585034,3.15845,17.46132
Falcon-512_run06,active,5.745933,5.39875,0.558929,3.017517,17.499776
Falcon-512_run06,active,5.758674,5.3975,0.556962,3.006202,17.538077
Falcon-512_run06,active,5.771415,5.39625,0.585212,3.157952,17.578311
Falcon-512_run06,active,5.784152,5.3975,0.525493,2.83635,17.61444
Falcon-512_run06,active,5.796892,5.39625,0.579848,3.129007,17.654301
Falcon-512_run06,active,5.80963,5.3975,0.571802,3.086303,17.693617
Falcon-512_run06,active,5.822371,5.3975,0.558392,3.013923,17.732015
Falcon-512_run06,active,5.835117,5.3975,0.555889,3.000412,17.770258
Falcon-512_run06,active,5.847859,5.39875,0.528712,2.854382,17.806628
Falcon-512_run06,active,5.860598,5.3975,0.583067,3.147103,17.84672
Falcon-512_run06,active,5.873338,5.3975,0.556962,3.006202,17.88502
Falcon-512_run06,active,5.886077,5.39375,0.529069,2.853667,17.921373
Falcon-512_run06,active,5.898818,5.39625,0.535506,2.889724,17.958192
Falcon-512_run06,active,5.911558,5.3975,0.585749,3.161579,17.99847
Falcon-512_run06,active,5.924297,5.39625,0.557141,3.006471,18.036769
Falcon-512_run06,active,5.937045,5.3925,0.559465,3.016916,18.075227
Falcon-512_run06,active,5.949788,5.39625,0.583067,3.146374,18.115323
Falcon-512_run06,active,5.962531,5.39375,0.557141,3.005078,18.153617
Falcon-512_run06,active,5.975272,5.40375,0.545161,2.945915,18.191149
Falcon-512_run06,active,5.988011,5.39875,0.583782,3.151693,18.231298
Falcon-512_run06,active,6.000789,5.395,0.575557,3.105131,18.270976
Falcon-512_run06,active,6.013527,5.39875,0.577166,3.115977,18.31067
Falcon-512_run06,active,6.026269,5.39625,0.575736,3.106815,18.350254
Falcon-512_run06,active,6.039016,5.39625,0.570193,3.076905,18.389477
Falcon-512_run06,active,6.05176,5.3975,0.553922,2.989796,18.427578
Falcon-512_run06,active,6.064514,5.39375,0.570014,3.074515,18.46679
Falcon-512_run06,active,6.077254,5.40125,0.587,3.170536,18.507182
Falcon-512_run06,active,6.089995,5.39875,0.567511,3.063851,18.54622
Falcon-512_run06,active,6.102736,5.39875,0.563041,3.039719,18.58495
Falcon-512_run06,active,6.115504,5.395,0.549989,2.96719,18.622834
Falcon-512_run06,active,6.128244,5.395,0.583603,3.148539,18.662947
Falcon-512_run06,active,6.140993,5.395,0.577345,3.114777,18.702658
Falcon-512_run06,active,6.153749,5.3975,0.544088,2.936717,18.740119
Falcon-512_run06,active,6.166492,5.39625,0.560002,3.021909,18.778627
Falcon-512_run06,active,6.179233,5.39625,0.539618,2.911916,18.815727
Falcon-512_run06,active,6.191973,5.395,0.584497,3.153362,18.8559
Falcon-512_run06,active,6.204733,5.39625,0.568763,3.069186,18.895062
Falcon-512_run06,active,6.217559,5.3925,0.537473,2.898322,18.932236
Falcon-512_run06,active,6.230347,5.39625,0.583603,3.149269,18.97251
Falcon-512_run06,active,6.243105,5.39875,0.566081,3.056129,19.011499
Falcon-512_run06,active,6.255857,5.3975,0.579491,3.127802,19.051384
Falcon-512_run06,active,6.268599,5.3975,0.567869,3.065072,19.090441
Falcon-512_run06,active,6.281341,5.3975,0.578597,3.122976,19.130233
Falcon-512_run06,active,6.294084,5.39875,0.562326,3.035857,19.168919
Falcon-512_run06,active,6.306826,5.39625,0.575021,3.102956,19.208457
Falcon-512_run06,active,6.319566,5.39625,0.576809,3.112604,19.248112
Falcon-512_run06,active,6.332306,5.39625,0.569299,3.072081,19.287249
Falcon-512_run06,active,6.345051,5.39625,0.58557,3.159882,19.327524
Falcon-512_run06,active,6.357795,5.38125,0.568942,3.061617,19.366539
Falcon-512_run06,active,6.370535,5.3975,0.56465,3.047701,19.405367
Falcon-512_run06,active,6.385954,5.3925,0.560538,3.022701,19.451977
Falcon-512_run06,active,6.398714,5.39625,0.583961,3.151198,19.492185
Falcon-512_run06,active,6.411503,5.39625,0.538367,2.905162,19.529338
Falcon-512_run06,active,6.424247,5.395,0.533897,2.880373,19.566045
Falcon-512_run06,active,6.43699,5.39625,0.583603,3.149269,19.606178
Falcon-512_run06,active,6.449741,5.39625,0.569657,3.074011,19.645373
Falcon-512_run06,active,6.462487,5.39375,0.533539,2.877777,19.682053
Falcon-512_run06,active,6.475228,5.39875,0.58414,3.153624,19.722235
Falcon-512_run06,active,6.487968,5.39625,0.55571,2.998752,19.760437
Falcon-512_run06,active,6.500708,5.395,0.526924,2.842753,19.796654
Falcon-512_run06,active,6.513447,5.39625,0.560717,3.025768,19.8352
Falcon-512_run06,active,6.526188,5.39875,0.581815,3.141075,19.87522
Falcon-512_run06,active,6.538926,5.39875,0.556247,3.003037,19.913474
Falcon-512_run06,active,6.551671,5.39625,0.583424,3.148304,19.953599
Falcon-512_run06,active,6.564412,5.3975,0.57073,3.080513,19.992849
Falcon-512_run06,active,6.577155,5.3975,0.583067,3.147103,20.032951
Falcon-512_run06,active,6.589896,5.3975,0.559823,3.021644,20.07145
Falcon-512_run06,active,6.602639,5.39625,0.584676,3.155058,20.111656
Falcon-512_run06,active,6.61538,5.39625,0.56626,3.055678,20.150588
Falcon-512_run06,active,6.628118,5.39875,0.58414,3.153624,20.190759
Falcon-512_run06,active,6.640857,5.3975,0.561968,3.033224,20.229399
Falcon-512_run06,active,6.653602,5.39625,0.583424,3.148304,20.269523
Falcon-512_run06,active,6.666345,5.3925,0.561611,3.028486,20.308116
Falcon-512_run06,active,6.679088,5.395,0.548201,2.957543,20.345804
Falcon-512_run06,active,6.691828,5.39625,0.584855,3.156023,20.386012
Falcon-512_run06,active,6.704571,5.3975,0.557498,3.009098,20.424356
Falcon-512_run06,active,6.717309,5.395,0.5752,3.103202,20.463884
Falcon-512_run06,active,6.730047,5.3975,0.563041,3.039015,20.502596
Falcon-512_run06,active,6.742788,5.3975,0.580385,3.132627,20.542509
Falcon-512_run06,active,6.755533,5.39125,0.564293,3.042244,20.581281
Falcon-512_run06,active,6.768276,5.3975,0.567511,3.063142,20.620316
Falcon-512_run06,active,6.781015,5.3975,0.584855,3.156754,20.66053
Falcon-512_run06,active,6.793754,5.3975,0.56912,3.071827,20.69966
Falcon-512_run06,active,6.806495,5.3925,0.529963,2.857827,20.736072
Falcon-512_run06,active,6.819234,5.39875,0.584497,3.155554,20.776272
Falcon-512_run06,active,6.831972,5.39625,0.55732,3.007436,20.81458
Falcon-512_run06,active,6.844711,5.3975,0.584497,3.154824,20.854768
Falcon-512_run06,active,6.857456,5.39875,0.557677,3.01076,20.89314
Falcon-512_run06,active,6.8702,5.395,0.564293,3.04436,20.93194
Falcon-512_run06,active,6.882939,5.3975,0.578954,3.124906,20.971748
Falcon-512_run06,active,6.895679,5.395,0.571087,3.081015,21.010999
Falcon-512_run06,active,6.90842,5.39625,0.584676,3.155058,21.051197
Falcon-512_run06,active,6.92116,5.39375,0.529427,2.855596,21.087578
Falcon-512_run06,active,6.9339,5.39625,0.568048,3.065327,21.12663
Falcon-512_run06,active,6.94664,5.4025,0.544982,2.944267,21.164141
Falcon-512_run06,active,6.959388,5.3975,0.584855,3.156754,21.204382
Falcon-512_run06,active,6.97213,5.39625,0.532288,2.872357,21.240982
Falcon-512_run06,active,6.984869,5.39625,0.585212,3.157952,21.281212
Falcon-512_run06,active,6.997607,5.3975,0.573412,3.094989,21.320637
Falcon-512_run06,active,7.010347,5.39625,0.548022,2.957264,21.358312
Falcon-512_run06,active,7.023084,5.39625,0.583961,3.151198,21.398447
Falcon-512_run06,active,7.035826,5.40125,0.562862,3.040161,21.437184
Falcon-512_run06,active,7.048568,5.39625,0.525314,2.834728,21.473304
Falcon-512_run06,active,7.061315,5.3975,0.544804,2.940577,21.510789
Falcon-512_run06,active,7.074059,5.39625,0.566617,3.057608,21.549755
Falcon-512_run06,active,7.0868,5.3975,0.56018,3.023574,21.58828
Falcon-512_run06,active,7.09954,5.39625,0.551777,2.977526,21.626212
Falcon-512_run06,active,7.112279,5.39875,0.583067,3.147832,21.666312
Falcon-512_run06,active,7.125018,5.39625,0.534612,2.8849,21.703062
Falcon-512_run06,active,7.137756,5.39625,0.583424,3.148304,21.743168
Falcon-512_run06,active,7.150514,5.39625,0.570014,3.07594,21.782409
Falcon-512_run06,active,7.163263,5.39625,0.548737,2.961123,21.82016
Falcon-512_run06,active,7.176005,5.39625,0.578239,3.120323,21.859919
Falcon-512_run06,active,7.188774,5.395,0.574484,3.099343,21.899495
Falcon-512_run06,active,7.201527,5.395,0.559465,3.018315,21.937988
Falcon-512_run06,active,7.2143,5.39625,0.567869,3.064362,21.977128
Falcon-512_run06,active,7.227045,5.39375,0.585391,3.157454,22.01737
Falcon-512_run06,active,7.239787,5.38875,0.563041,3.034088,22.056031
Falcon-512_run06,active,7.252529,5.3975,0.547486,2.955054,22.093685
Falcon-512_run06,active,7.265279,5.39625,0.554101,2.990069,22.131807
Falcon-512_run06,active,7.278025,5.3825,0.582709,3.136432,22.171784
Falcon-512_run06,active,7.290767,5.39625,0.583782,3.150234,22.211926
Falcon-512_run06,active,7.303505,5.3975,0.583603,3.149998,22.25205
Falcon-512_run06,active,7.316247,5.3975,0.586643,3.166405,22.292397
Falcon-512_run06,active,7.328986,5.39625,0.539618,2.911916,22.329491
Falcon-512_run06,active,7.341725,5.3975,0.583246,3.148068,22.369595
Falcon-512_run06,active,7.354467,5.4,0.555889,3.001802,22.407843
Falcon-512_run06,active,7.367216,5.39875,0.526387,2.841833,22.444073
Falcon-512_run06,active,7.379963,5.38375,0.584676,3.147749,22.484199
Falcon-512_run06,active,7.392705,5.39625,0.56465,3.046995,22.523022
Falcon-512_run06,active,7.405445,5.3975,0.559823,3.021644,22.561518
Falcon-512_run06,active,7.418186,5.395,0.567332,3.060758,22.600516
Falcon-512_run06,active,7.430929,5.395,0.556604,3.002881,22.63878
Falcon-512_run06,active,7.443666,5.39375,0.584318,3.151667,22.678924
Falcon-512_run06,active,7.456406,5.3975,0.570014,3.076653,22.718122
Falcon-512_run06,active,7.469152,5.3975,0.577345,3.116221,22.757841
Falcon-512_run06,active,7.481896,5.385,0.555532,2.991538,22.795965
Falcon-512_run06,active,7.494637,5.39625,0.584318,3.153128,22.83614
Falcon-512_run06,active,7.507379,5.395,0.582352,3.141787,22.87617
Falcon-512_run06,active,7.520116,5.3975,0.570193,3.077618,22.91537
Falcon-512_run06,active,7.532855,5.3975,0.554995,2.995587,22.953531
Falcon-512_run06,active,7.545593,5.39625,0.552492,2.981385,22.991509
Falcon-512_run06,active,7.558332,5.3975,0.583067,3.147103,23.031599
Falcon-512_run06,active,7.57108,5.39875,0.567332,3.062886,23.070646
Falcon-512_run06,active,7.583823,5.38375,0.535864,2.884956,23.107408
Falcon-512_run06,active,7.59656,5.395,0.584676,3.154327,23.147586
Falcon-512_run06,active,7.609305,5.39625,0.565902,3.053749,23.186505
Falcon-512_run06,active,7.622044,5.39625,0.530857,2.864638,23.222999
Falcon-512_run06,active,7.634785,5.39625,0.583603,3.149269,23.263123
Falcon-512_run06,active,7.647523,5.39625,0.58414,3.152163,23.303274
Falcon-512_run06,active,7.662942,5.3975,0.583961,3.151928,23.351873
Falcon-512_run06,active,7.67571,5.3925,0.569657,3.071874,23.391094
Falcon-512_run06,active,7.688457,5.39625,0.570372,3.07787,23.430329
Falcon-512_run06,active,7.701202,5.395,0.565187,3.049183,23.469191
Falcon-512_run06,active,7.713942,5.3975,0.556426,3.003307,23.507454
Falcon-512_run06,active,7.726683,5.4,0.563041,3.040422,23.546192
Falcon-512_run06,active,7.739424,5.39875,0.556962,3.006899,23.584503
Falcon-512_run06,active,7.75216,5.39625,0.584497,3.154093,23.624672
Falcon-512_run06,active,7.764899,5.3975,0.543731,2.934787,23.662057
Falcon-512_run06,active,7.777647,5.39625,0.55571,2.998752,23.700286
Falcon-512_run06,active,7.790392,5.39625,0.581815,3.13962,23.740301
Falcon-512_run06,active,7.803131,5.39625,0.545161,2.941826,23.777778
Falcon-512_run06,active,7.815868,5.39625,0.549989,2.967877,23.81558
Falcon-512_run06,active,7.828605,5.39625,0.560359,3.023838,23.854095
Falcon-512_run06,active,7.841346,5.395,0.556604,3.002881,23.892352
Falcon-512_run06,active,7.854085,5.39625,0.551598,2.976561,23.930273
Falcon-512_run06,active,7.866825,5.3975,0.580206,3.131662,23.97017
Falcon-512_run06,active,7.879571,5.39375,0.555889,2.998327,24.008387
Falcon-512_run06,active,7.892315,5.3825,0.583067,3.138357,24.048381
Falcon-512_run06,active,7.905054,5.3975,0.562505,3.03612,24.087058
Falcon-512_run06,active,7.917793,5.39875,0.583067,3.147832,24.12716
Falcon-512_run06,active,7.930534,5.39625,0.565187,3.049889,24.166016
Falcon-512_run06,active,7.943275,5.39875,0.557856,3.011725,24.204389
Falcon-512_run06,active,7.956013,5.39625,0.536579,2.895513,24.241274
Falcon-512_run06,active,7.968787,5.39625,0.584855,3.156023,24.281588
Falcon-512_run06,active,7.981533,5.3975,0.569299,3.072792,24.320754
Falcon-512_run06,active,7.99428,5.38375,0.55732,3.000469,24.359
Falcon-512_run06,active,8.007021,5.3975,0.585391,3.159649,24.399256
Falcon-512_run06,active,8.019758,5.3975,0.571087,3.082443,24.438518
Falcon-512_run06,active,8.032497,5.39625,0.564293,3.045065,24.47731
Falcon-512_run06,active,8.045237,5.3925,0.58253,3.141295,24.517329
Falcon-512_run06,active,8.057977,5.395,0.572696,3.089697,24.556691
Falcon-512_run06,active,8.070716,5.3975,0.569478,3.073758,24.59585
Falcon-512_run06,active,8.083492,5.3975,0.560359,3.024539,24.63449
Falcon-512_run06,active,8.096238,5.38,0.582352,3.133052,24.674424
Falcon-512_run06,active,8.108979,5.39875,0.557856,3.011725,24.712798
Falcon-512_run06,active,8.121718,5.39625,0.536758,2.896478,24.749696
Falcon-512_run06,active,8.134459,5.395,0.579848,3.128282,24.789551
Falcon-512_run06,active,8.147203,5.4,0.575557,3.108009,24.829161
Falcon-512_run06,active,8.159955,5.39625,0.584497,3.154093,24.869383
Falcon-512_run06,active,8.172698,5.3975,0.533003,2.876883,24.906043
Falcon-512_run06,active,8.18545,5.39875,0.586822,3.168103,24.946441
Falcon-512_run06,active,8.198208,5.38375,0.574484,3.09288,24.9859
Falcon-512_run06,active,8.210979,5.3975,0.529069,2.855651,25.02237
Falcon-512_run06,active,8.223727,5.38625,0.583782,3.144396,25.062456
Falcon-512_run06,active,8.236469,5.395,0.55732,3.006739,25.100766
Falcon-512_run06,active,8.249209,5.3975,0.547843,2.956984,25.138438
Falcon-512_run06,active,8.261949,5.4,0.555174,2.99794,25.176633
Falcon-512_run06,active,8.27469,5.3975,0.565366,3.051561,25.215512
Falcon-512_run06,active,8.287438,5.39625,0.558571,3.01419,25.253938
Falcon-512_run06,active,8.300185,5.3825,0.560002,3.014209,25.29236
Falcon-512_run06,active,8.312926,5.3975,0.583067,3.147103,25.332455
Falcon-512_run06,active,8.325665,5.3975,0.584318,3.153859,25.372633
Falcon-512_run06,active,8.338408,5.3975,0.568226,3.067002,25.411716
Falcon-512_run06,active,8.351148,5.39625,0.556783,3.004541,25.449994
Falcon-512_run06,active,8.363886,5.3975,0.585391,3.159649,25.490242
Falcon-512_run06,active,8.376627,5.39875,0.567332,3.062886,25.529267
Falcon-512_run06,active,8.389375,5.39625,0.553028,2.98428,25.567309
Falcon-512_run06,active,8.402122,5.3975,0.531751,2.870127,25.603895
Falcon-512_run06,active,8.414866,5.39625,0.585749,3.160847,25.644178
Falcon-512_run06,active,8.427603,5.395,0.563935,3.04243,25.68293
Falcon-512_run06,active,8.440342,5.39625,0.55571,2.998752,25.721131
Falcon-512_run06,active,8.453081,5.3975,0.583424,3.149033,25.761246
Falcon-512_run06,active,8.465819,5.39875,0.569299,3.073504,25.800397
Falcon-512_run06,active,8.478559,5.39625,0.550346,2.969807,25.838232
Falcon-512_run06,active,8.491307,5.3975,0.585034,3.157719,25.878485
Falcon-512_run06,active,8.504076,5.39625,0.555532,2.997787,25.916763
Falcon-512_run06,active,8.516817,5.39875,0.532645,2.875618,25.953404
Falcon-512_run06,active,8.529557,5.3975,0.568763,3.069897,25.992512
Falcon-512_run06,active,8.542296,5.39375,0.58253,3.142023,26.03254
Falcon-512_run06,active,8.555035,5.4,0.560538,3.026905,26.071099
Falcon-512_run06,active,8.567773,5.3975,0.547843,2.956984,26.108765
Falcon-512_run06,active,8.580511,5.39625,0.583961,3.151198,26.148905
Falcon-512_run06,active,8.593257,5.39625,0.559465,3.019014,26.187384
Falcon-512_run06,active,8.605999,5.39625,0.556604,3.003576,26.225657
Falcon-512_run06,active,8.618739,5.39625,0.541406,2.921564,26.262877
Falcon-512_run06,active,8.631505,5.3975,0.585391,3.159649,26.303215
Falcon-512_run06,active,8.644248,5.39625,0.565902,3.053749,26.342127
Falcon-512_run06,active,8.656988,5.3975,0.56179,3.032259,26.380758
Falcon-512_run06,active,8.669728,5.3975,0.565187,3.050596,26.419622
Falcon-512_run06,active,8.682468,5.3975,0.578597,3.122976,26.45941
Falcon-512_run06,active,8.695214,5.39625,0.588073,3.17339,26.499859
Falcon-512_run06,active,8.707959,5.395,0.576809,3.111883,26.53952
Falcon-512_run06,active,8.720704,5.395,0.556604,3.002881,26.577792
Falcon-512_run06,active,8.733445,5.39625,0.56912,3.071116,26.616921
Falcon-512_run06,active,8.746186,5.3975,0.583603,3.149998,26.657054
Falcon-512_run06,active,8.758926,5.3975,0.56912,3.071827,26.69619
Falcon-512_run06,active,8.771665,5.3975,0.569657,3.074723,26.735359
Falcon-512_run06,active,8.784405,5.3975,0.539261,2.91066,26.772439
Falcon-512_run06,active,8.797151,5.39625,0.588967,3.178214,26.812948
Falcon-512_run06,active,8.809894,5.395,0.571981,3.085839,26.852271
Falcon-512_run06,active,8.822635,5.3975,0.535685,2.891359,26.88911
Falcon-512_run06,active,8.835376,5.39875,0.571087,3.083157,26.928393
Falcon-512_run06,active,8.848115,5.39625,0.577345,3.115499,26.968083
Falcon-512_run06,active,8.860855,5.39875,0.583603,3.150728,27.008221
Falcon-512_run06,active,8.873595,5.39375,0.568226,3.064871,27.047269
Falcon-512_run06,active,8.886335,5.39,0.577345,3.111891,27.086914
Falcon-512_run06,active,8.899081,5.38375,0.575021,3.095768,27.126372
Falcon-512_run06,active,8.911823,5.39875,0.566438,3.058059,27.165339
Falcon-512_run06,active,8.924564,5.3975,0.526924,2.84407,27.201574
Falcon-512_run06,active,8.939779,5.3975,0.583246,3.148068,27.249472
Falcon-512_run06,active,8.952532,5.36625,0.563399,3.023339,27.288029
Falcon-512_run06,active,8.965273,5.3975,0.531751,2.870127,27.324597
Falcon-512_run06,active,8.978012,5.39625,0.559286,3.018049,27.363044
Falcon-512_run06,active,8.990753,5.39625,0.584318,3.153128,27.403219
Falcon-512_run06,active,9.003501,5.3975,0.564472,3.046735,27.44206
Falcon-512_run06,active,9.016245,5.39625,0.534433,2.883935,27.478811
Falcon-512_run06,active,9.028982,5.3975,0.531215,2.867232,27.51533
Falcon-512_run06,active,9.041722,5.39625,0.58557,3.159882,27.555587
Falcon-512_run06,active,9.054463,5.39625,0.559644,3.019979,27.594066
Falcon-512_run06,active,9.067201,5.39625,0.52299,2.822185,27.630016
Falcon-512_run06,active,9.079939,5.39625,0.566975,3.059538,27.668987
Falcon-512_run06,active,9.092676,5.39625,0.584497,3.154093,27.70916
Falcon-512_run06,active,9.105421,5.3975,0.537115,2.899079,27.74611
Falcon-512_run06,active,9.118186,5.3975,0.585212,3.158684,27.78643
Falcon-512_run06,active,9.130927,5.3875,0.559286,3.013155,27.824822
Falcon-512_run06,active,9.143679,5.39125,0.559823,3.018145,27.863309
Falcon-512_run06,active,9.156432,5.39375,0.56626,3.054263,27.902258
Falcon-512_run06,active,9.169169,5.39625,0.536936,2.897443,27.939164
Falcon-512_run06,active,9.181907,5.39625,0.585749,3.160847,27.979427
Falcon-512_run06,active,9.194647,5.3975,0.563935,3.04384,28.018204
Falcon-512_run06,active,9.207408,5.39875,0.568942,3.071573,28.0574
Falcon-512_run06,active,9.220158,5.39625,0.578239,3.120323,28.097185
Falcon-512_run06,active,9.232903,5.39625,0.564829,3.04796,28.136031
Falcon-512_run06,active,9.245641,5.3925,0.527996,2.847221,28.1723
Falcon-512_run06,active,9.258381,5.3975,0.584497,3.154824,28.212492
Falcon-512_run06,active,9.271126,5.39625,0.583603,3.149269,28.252628
Falcon-512_run06,active,9.283909,5.39625,0.550346,2.969807,28.290592
Falcon-512_run06,active,9.296656,5.3975,0.585391,3.159649,28.330867
Falcon-512_run06,active,9.309404,5.3975,0.557677,3.010063,28.369242
Falcon-512_run06,active,9.322179,5.395,0.584676,3.154327,28.409537
Falcon-512_run06,active,9.334927,5.395,0.561253,3.027961,28.448138
Falcon-512_run06,active,9.34767,5.38875,0.528354,2.847168,28.48442
Falcon-512_run06,active,9.360416,5.39875,0.547307,2.954773,28.52208
Falcon-512_run06,active,9.373157,5.3975,0.582888,3.146138,28.562165
Falcon-512_run06,active,9.385898,5.4,0.555889,3.001802,28.60041
Falcon-512_run06,active,9.398637,5.39875,0.571624,3.086053,28.639726
Falcon-512_run06,active,9.411387,5.3975,0.586285,3.164474,28.680071
Falcon-512_run06,active,9.424128,5.3975,0.566975,3.060246,28.719064
Falcon-512_run06,active,9.436869,5.39625,0.55875,3.015155,28.757479
Falcon-512_run06,active,9.449609,5.39625,0.568048,3.065327,28.796532
Falcon-512_run06,active,9.462351,5.39625,0.580921,3.134796,28.836475
Falcon-512_run06,active,9.475093,5.39625,0.562326,3.034452,28.875138
Falcon-512_run06,active,9.487832,5.39625,0.584497,3.154093,28.915318
Falcon-512_run06,active,9.50057,5.395,0.568763,3.068475,28.954405
Falcon-512_run06,active,9.513315,5.3975,0.578239,3.121046,28.994184
Falcon-512_run06,active,9.526059,5.3975,0.584676,3.155789,29.034401
Falcon-512_run06,active,9.538801,5.3975,0.571624,3.085338,29.073713
Falcon-512_run06,active,9.551541,5.395,0.570551,3.078122,29.11293
Falcon-512_run06,active,9.56428,5.39625,0.543731,2.934107,29.150308
Falcon-512_run06,active,9.57702,5.39625,0.586285,3.163742,29.190614
Falcon-512_run06,active,9.58976,5.39625,0.568226,3.066292,29.229677
Falcon-512_run06,active,9.602501,5.4,0.560717,3.027871,29.268255
Falcon-512_run06,active,9.61525,5.3975,0.583246,3.148068,29.308389
Falcon-512_run06,active,9.627993,5.39875,0.556068,3.002072,29.346645
Falcon-512_run06,active,9.640735,5.39625,0.533897,2.881041,29.383354
Falcon-512_run06,active,9.65348,5.39625,0.585212,3.157952,29.423603
Falcon-512_run06,active,9.666222,5.39875,0.575557,3.107289,29.463196
Falcon-512_run06,active,9.678964,5.3975,0.583782,3.150963,29.503346
Falcon-512_run06,active,9.691703,5.3975,0.56626,3.056386,29.542283
Falcon-512_run06,active,9.704445,5.3975,0.541406,2.922241,29.579516
Falcon-512_run06,active,9.717191,5.39875,0.543194,2.932571,29.616896
Falcon-512_run06,active,9.729935,5.395,0.565902,3.053041,29.655803
Falcon-512_run06,active,9.742675,5.39625,0.566081,3.054714,29.69472
Falcon-512_run06,active,9.755417,5.3975,0.540512,2.917416,29.731893
Falcon-512_run06,active,9.768156,5.3975,0.584676,3.155789,29.772096
Falcon-512_run06,active,9.780897,5.39625,0.571981,3.086554,29.81142
Falcon-512_run06,active,9.793635,5.3975,0.536042,2.893289,29.848277
Falcon-512_run06,active,9.806374,5.39875,0.567332,3.062886,29.887295
Falcon-512_run06,active,9.81912,5.39625,0.530857,2.864638,29.923807
Falcon-512_run06,active,9.831862,5.39625,0.550346,2.969807,29.961649
Falcon-512_run06,active,9.844602,5.3925,0.58557,3.157686,30.001876
Falcon-512_run06,active,9.85734,5.39375,0.583961,3.149739,30.041999
Falcon-512_run06,active,9.87008,5.3975,0.568584,3.068932,30.081096
Falcon-512_run06,active,9.88282,5.3975,0.538009,2.903905,30.118093
Falcon-512_run06,active,9.895559,5.38875,0.583782,3.145855,30.158168
Falcon-512_run06,active,9.9083,5.39875,0.583782,3.151693,30.198323
Falcon-512_run06,active,9.921047,5.3975,0.559823,3.021644,30.236841
Falcon-512_run06,active,9.933794,5.39875,0.584855,3.157485,30.277088
Falcon-512_run06,active,9.946536,5.3975,0.540334,2.916451,30.314249
Falcon-512_run06,active,9.959275,5.39625,0.583961,3.151198,30.354394
Falcon-512_run06,active,9.972013,5.39875,0.561253,3.030066,30.39299
Falcon-512_run06,active,9.984788,5.3975,0.558035,3.011993,30.431469
Falcon-512_run06,active,9.997528,5.39625,0.531394,2.867533,30.468001
Falcon-512_run06,active,10.010267,5.39625,0.584855,3.156023,30.508206
Falcon-512_run06,active,10.023012,5.3975,0.53336,2.878813,30.544897
Falcon-512_run06,active,10.035757,5.39875,0.582352,3.143971,30.584966
Falcon-512_run06,active,10.048496,5.3975,0.558035,3.011993,30.623336
Falcon-512_run06,active,10.061234,5.395,0.579848,3.128282,30.663183
Falcon-512_run06,active,10.073972,5.395,0.525851,2.836965,30.69932
Falcon-512_run06,active,10.086712,5.395,0.581994,3.139858,30.739324
Falcon-512_run06,active,10.09948,5.3975,0.56465,3.047701,30.778236
Falcon-512_run06,active,10.11222,5.395,0.555889,2.999022,30.816443
Falcon-512_run06,active,10.124968,5.39875,0.583603,3.150728,30.856607
Falcon-512_run06,active,10.137711,5.39625,0.565902,3.053749,30.895521
Falcon-512_run06,active,10.150462,5.39625,0.585034,3.156988,30.935779
Falcon-512_run06,active,10.163204,5.39625,0.53783,2.902267,30.972757
Falcon-512_run06,active,10.175943,5.39375,0.553028,2.982897,31.010756
Falcon-512_run06,active,10.188681,5.3975,0.585391,3.159649,31.051004
Falcon-512_run06,active,10.20143,5.39625,0.576451,3.110675,31.090664
Falcon-512_run06,active,10.21688,5.4,0.570014,3.078078,31.138221
Falcon-512_run06,active,10.22965,5.39625,0.561432,3.029627,31.176908
Falcon-512_run06,active,10.242403,5.395,0.531572,2.867833,31.213481
Falcon-512_run06,active,10.255145,5.4,0.584318,3.155319,31.253687
Falcon-512_run06,active,10.267889,5.3975,0.567869,3.065072,31.292748
Falcon-512_run06,active,10.280633,5.39625,0.556068,3.000682,31.330987
Falcon-512_run06,active,10.293373,5.3975,0.583961,3.151928,31.371145
Falcon-512_run06,active,10.306113,5.39875,0.556604,3.004968,31.409427
Falcon-512_run06,active,10.318856,5.39625,0.548201,2.958229,31.447124
Falcon-512_run06,active,10.331603,5.39875,0.588788,3.178721,31.487642
Falcon-512_run06,active,10.344348,5.39875,0.583424,3.149762,31.527786
Falcon-512_run06,active,10.357088,5.3975,0.584676,3.155789,31.567993
Falcon-512_run06,active,10.369826,5.3975,0.583961,3.151928,31.608141
Falcon-512_run06,active,10.382565,5.39625,0.582888,3.145409,31.64821
Falcon-512_run06,active,10.395307,5.3975,0.577166,3.115256,31.687906
Falcon-512_run06,active,10.408074,5.39625,0.575736,3.106815,31.727571
Falcon-512_run06,active,10.420816,5.39875,0.556604,3.004968,31.765859
Falcon-512_run06,active,10.433563,5.39625,0.584497,3.154093,31.806065
Falcon-512_run06,active,10.446308,5.395,0.570014,3.075228,31.845257
Falcon-512_run06,active,10.459048,5.39625,0.557498,3.008401,31.883584
Falcon-512_run06,active,10.471788,5.39625,0.58253,3.14348,31.923634
Falcon-512_run06,active,10.484529,5.39875,0.559823,3.022343,31.962142
Falcon-512_run06,active,10.497269,5.3975,0.533003,2.876883,31.998792
Falcon-512_run06,active,10.51001,5.39625,0.583961,3.151198,32.038941
Falcon-512_run06,active,10.522752,5.39625,0.556604,3.003576,32.077212
Falcon-512_run06,active,10.535501,5.39125,0.558571,3.011397,32.115604
Falcon-512_run06,active,10.548246,5.3975,0.585212,3.158684,32.155863
Falcon-512_run06,active,10.560985,5.395,0.562147,3.032784,32.194497
Falcon-512_run06,active,10.573723,5.39625,0.53193,2.870427,32.231062
Falcon-512_run06,active,10.586465,5.4,0.58414,3.154354,32.271253
Falcon-512_run06,active,10.599206,5.3975,0.568763,3.069897,32.310367
Falcon-512_run06,active,10.611945,5.39625,0.571981,3.086554,32.349687
Falcon-512_run06,active,10.624686,5.39875,0.583424,3.149762,32.389817
Falcon-512_run06,active,10.637435,5.395,0.563756,3.041466,32.428592
Falcon-512_run06,active,10.650179,5.3975,0.556783,3.005237,32.466893
Falcon-512_run06,active,10.662919,5.3975,0.583067,3.147103,32.506987
Falcon-512_run06,active,10.675663,5.40375,0.5752,3.108235,32.546599
Falcon-512_run06,active,10.688404,5.39625,0.552671,2.98235,32.584596
Falcon-512_run06,active,10.701144,5.39625,0.538367,2.905162,32.621606
Falcon-512_run06,active,10.713884,5.3975,0.585928,3.162544,32.661899
Falcon-512_run06,active,10.726622,5.39125,0.571981,3.083694,32.70118
Falcon-512_run06,active,10.739373,5.3975,0.560359,3.024539,32.739743
Falcon-512_run06,active,10.752115,5.39875,0.583067,3.147832,32.779855
Falcon-512_run06,active,10.764849,5.39125,0.556783,3.001757,32.818078
Falcon-512_run06,active,10.777591,5.395,0.548201,2.957543,32.855764
Falcon-512_run06,active,10.790332,5.3975,0.557498,3.009098,32.894102
Falcon-512_run06,active,10.803072,5.395,0.583603,3.148539,32.934216
Falcon-512_run06,active,10.815812,5.3875,0.543194,2.92646,32.971498
Falcon-512_run06,active,10.828551,5.39875,0.526387,2.841833,33.007701
Falcon-512_run06,active,10.841297,5.39875,0.575736,3.108255,33.047319
Falcon-512_run06,active,10.854041,5.3975,0.576809,3.113325,33.086995
Falcon-512_run06,active,10.866782,5.39875,0.566796,3.05999,33.125982
Falcon-512_run06,active,10.879521,5.3975,0.529248,2.856616,33.162373
Falcon-512_run06,active,10.892264,5.39625,0.583603,3.149269,33.202504
Falcon-512_run06,active,10.905004,5.39875,0.543373,2.933536,33.239877
Falcon-512_run06,active,10.917744,5.39875,0.584318,3.154589,33.280067
Falcon-512_run06,active,10.930484,5.39875,0.547843,2.957668,33.317746
Falcon-512_run06,active,10.943231,5.39625,0.585749,3.160847,33.358038
Falcon-512_run06,active,10.955976,5.39875,0.557856,3.011725,33.396421
Falcon-512_run06,active,10.968716,5.39625,0.577703,3.117429,33.436138
Falcon-512_run06,active,10.981456,5.3975,0.533539,2.879778,33.472826
Falcon-512_run06,active,10.994196,5.395,0.583246,3.14661,33.512916
Falcon-512_run06,active,11.006935,5.39625,0.523348,2.824114,33.548892
Falcon-512_run06,active,11.01967,5.395,0.58414,3.151433,33.589024
Falcon-512_run06,active,11.032411,5.395,0.556604,3.002881,33.627283
Falcon-512_run06,active,11.045158,5.39875,0.529784,2.860174,33.663744
Falcon-512_run06,active,11.057903,5.395,0.584318,3.152398,33.703919
Falcon-512_run06,active,11.070643,5.4,0.570014,3.078078,33.743135
Falcon-512_run06,active,11.083382,5.3975,0.557141,3.007167,33.781445
Falcon-512_run06,active,11.096121,5.4025,0.581636,3.142291,33.821472
Falcon-512_run06,active,11.108858,5.39625,0.566617,3.057608,33.860419
Falcon-512_run06,active,11.121597,5.3975,0.556604,3.004272,33.898688
Falcon-512_run06,active,11.13434,5.3975,0.529069,2.855651,33.935078
Falcon-512_run06,active,11.14709,5.40125,0.552492,2.984147,33.973126
Falcon-512_run06,active,11.159844,5.3975,0.5811,3.136487,34.013129
Falcon-512_run06,active,11.172586,5.3975,0.55428,2.991726,34.051249
Falcon-512_run06,active,11.185324,5.395,0.538367,2.904489,34.088247
Falcon-512_run06,active,11.198064,5.39625,0.583603,3.149269,34.128369
Falcon-512_run06,active,11.210829,5.3975,0.571445,3.084373,34.16774
Falcon-512_run06,active,11.223585,5.3975,0.536936,2.898114,34.204709
Falcon-512_run06,active,11.236329,5.395,0.588967,3.177478,34.245202
Falcon-512_run06,active,11.249077,5.3975,0.569299,3.072792,34.284376
Falcon-512_run06,active,11.261823,5.39625,0.526745,2.842447,34.320605
Falcon-512_run06,active,11.274567,5.39625,0.586464,3.164706,34.360935
Falcon-512_run06,active,11.287312,5.39625,0.583424,3.148304,34.401062
Falcon-512_run06,active,11.300077,5.39625,0.583603,3.149269,34.44126
Falcon-512_run06,active,11.312822,5.39625,0.558035,3.011295,34.479639
Falcon-512_run06,active,11.325562,5.3975,0.5364,2.895219,34.516526
Falcon-512_run06,active,11.338304,5.3975,0.568226,3.067002,34.555606
Falcon-512_run06,active,11.351053,5.3975,0.571624,3.085338,34.59494
Falcon-512_run06,active,11.363798,5.3975,0.584497,3.154824,34.635149
Falcon-512_run06,active,11.376539,5.3975,0.564829,3.048666,34.673992
Falcon-512_run06,active,11.389281,5.39875,0.559823,3.022343,34.712503
Falcon-512_run06,active,11.402022,5.3975,0.583961,3.151928,34.752662
Falcon-512_run06,active,11.414763,5.39875,0.55875,3.016552,34.791094
Falcon-512_run06,active,11.427504,5.39625,0.571087,3.081729,34.830358
Falcon-512_run06,active,11.440244,5.39875,0.583067,3.147832,34.870462
Falcon-512_run06,active,11.45299,5.395,0.568405,3.066546,34.909548
Falcon-512_run06,active,11.465735,5.3975,0.56018,3.023574,34.948082
Falcon-512_run06,active,11.478477,5.395,0.583067,3.145645,34.988165
Falcon-512_run06,active,11.493897,5.3975,0.525493,2.83635,35.031902
Falcon-512_run06,active,11.506656,5.3925,0.570193,3.074767,35.071133
Falcon-512_run06,active,11.519401,5.39625,0.577703,3.117429,35.110864
Falcon-512_run06,active,11.532138,5.39625,0.561253,3.028663,35.149442
Falcon-512_run06,active,11.544877,5.40125,0.583067,3.14929,35.18956
Falcon-512_run06,active,11.557625,5.39625,0.567511,3.062432,35.2286
Falcon-512_run06,active,11.570369,5.3975,0.553386,2.986901,35.266666
Falcon-512_run06,active,11.58311,5.39625,0.584855,3.156023,35.306876
Falcon-512_run06,active,11.595848,5.39625,0.553028,2.98428,35.344889
Falcon-512_run06,active,11.608588,5.39875,0.584497,3.155554,35.385091
Falcon-512_run06,active,11.621327,5.3975,0.569299,3.072792,35.424236
Falcon-512_run06,active,11.634065,5.3975,0.538009,2.903905,35.461227
Falcon-512_run06,active,11.646805,5.39625,0.54981,2.966912,35.499024
Falcon-512_run06,active,11.659551,5.3975,0.587537,3.17123,35.539443
Falcon-512_run06,active,11.672295,5.3975,0.561968,3.033224,35.578098
Falcon-512_run06,active,11.685031,5.39625,0.5423,2.926389,35.61537
Falcon-512_run06,active,11.697776,5.3975,0.568942,3.070862,35.654508
Falcon-512_run06,active,11.710517,5.39625,0.57967,3.128042,35.694362
Falcon-512_run06,active,11.723258,5.3975,0.575736,3.107535,35.733956
Falcon-512_run06,active,11.735995,5.39875,0.563399,3.041649,35.772697
Falcon-512_run06,active,11.748734,5.395,0.554638,2.99227,35.810816
Falcon-512_run06,active,11.76148,5.3975,0.562147,3.03419,35.849489
Falcon-512_run06,active,11.774227,5.3975,0.583961,3.151928,35.889668
Falcon-512_run06,active,11.786968,5.39625,0.584318,3.153128,35.92984
Falcon-512_run06,active,11.799711,5.39625,0.560896,3.026733,35.968411
Falcon-512_run06,active,11.812453,5.39625,0.525136,2.833763,36.004519
Falcon-512_run06,active,11.825192,5.3975,0.567869,3.065072,36.043563
Falcon-512_run06,active,11.83793,5.3975,0.58557,3.160614,36.083824
Falcon-512_run06,active,11.85067,5.3975,0.53336,2.878813,36.120499
Falcon-512_run06,active,11.863417,5.39875,0.539261,2.911334,36.157611
Falcon-512_run06,active,11.876159,5.40375,0.56769,3.067655,36.196698
Falcon-512_run06,active,11.888898,5.3975,0.549631,2.966634,36.234491
Falcon-512_run06,active,11.901637,5.39625,0.536221,2.893584,36.271352
Falcon-512_run06,active,11.914377,5.39875,0.584318,3.154589,36.311542
Falcon-512_run06,active,11.927116,5.39875,0.570014,3.077365,36.350745
Falcon-512_run06,active,11.939854,5.3975,0.569836,3.075688,36.389923
Falcon-512_run06,active,11.952594,5.3975,0.557498,3.009098,36.428258
Falcon-512_run06,active,11.965339,5.39625,0.574306,3.099097,36.467757
Falcon-512_run06,active,11.978083,5.395,0.571087,3.081015,36.507021
Falcon-512_run06,active,11.990822,5.395,0.56626,3.054971,36.545939
Falcon-512_run06,active,12.003565,5.395,0.58557,3.15915,36.586194
Falcon-512_run06,active,12.016306,5.39375,0.566438,3.055227,36.625121
Falcon-512_run06,active,12.029044,5.395,0.537115,2.897737,36.662034
Falcon-512_run06,active,12.041784,5.395,0.586643,3.164938,36.702354
Falcon-512_run06,active,12.054523,5.4,0.560896,3.028836,36.74094
Falcon-512_run06,active,12.067271,5.3975,0.590398,3.186671,36.781561
Falcon-512_run06,active,12.080011,5.39875,0.571266,3.084122,36.820855
Falcon-512_run06,active,12.092784,5.3975,0.526745,2.843105,36.857169
Falcon-512_run06,active,12.105522,5.39875,0.588788,3.178721,36.897659
Falcon-512_run06,active,12.118261,5.3975,0.566438,3.057351,36.936607
Falcon-512_run06,active,12.131,5.39625,0.568405,3.067257,36.97568
Falcon-512_run06,active,12.14376,5.395,0.583603,3.148539,37.015857
Falcon-512_run06,active,12.156613,5.39625,0.553386,2.986209,37.054239
Falcon-512_run06,active,12.169399,5.39625,0.588967,3.178214,37.094876
Falcon-512_run06,active,12.182184,5.39625,0.585212,3.157952,37.135249
Falcon-512_run06,active,12.194931,5.395,0.549631,2.96526,37.173047
Falcon-512_run06,active,12.207723,5.38,0.532109,2.862745,37.209669
Falcon-512_run06,active,12.220592,5.38875,0.584497,3.149709,37.250203
Falcon-512_run06,active,12.233351,5.395,0.576272,3.10899,37.28987
Falcon-512_run06,active,12.246099,5.3925,0.563578,3.039092,37.328611
Falcon-512_run06,active,12.258847,5.39625,0.584855,3.156023,37.368845
Falcon-512_run06,active,12.271604,5.395,0.539618,2.911241,37.405983
Falcon-512_run06,active,12.284352,5.39875,0.585391,3.160381,37.446272
Falcon-512_run06,active,12.297094,5.38625,0.58414,3.146322,37.486363
Falcon-512_run06,active,12.30984,5.3975,0.584318,3.153859,37.526562
Falcon-512_run06,active,12.322588,5.39625,0.567869,3.064362,37.565625
Falcon-512_run06,active,12.33533,5.3975,0.559644,3.020678,37.604116
Falcon-512_run06,active,12.348069,5.39625,0.585212,3.157952,37.644345
Falcon-512_run06,active,12.36081,5.3975,0.57216,3.088234,37.683691
Falcon-512_run06,active,12.373557,5.3975,0.536042,2.893289,37.720571
Falcon-512_run06,active,12.386302,5.4025,0.585391,3.162576,37.76088
Falcon-512_run06,active,12.399044,5.39625,0.585212,3.157952,37.801117
Falcon-512_run06,active,12.411784,5.39625,0.565187,3.049889,37.839974
Falcon-512_run06,active,12.424524,5.39375,0.556783,3.003149,37.878235
Falcon-512_run06,active,12.437264,5.3925,0.550525,2.968707,37.916055
Falcon-512_run06,active,12.450003,5.3975,0.586285,3.164474,37.956367
Falcon-512_run06,active,12.462743,5.3975,0.555353,2.997517,37.994556
Falcon-512_run06,active,12.475525,5.39625,0.587179,3.168566,38.035055
Falcon-512_run06,active,12.48827,5.3975,0.57073,3.080513,38.074316
Falcon-512_run06,active,12.501009,5.3875,0.524778,2.827241,38.110334
Falcon-512_run06,active,12.513749,5.39875,0.538367,2.906508,38.147361
Falcon-512_run06,active,12.526487,5.395,0.570372,3.077157,38.18656
Falcon-512_run06,active,12.53923,5.39875,0.57967,3.129491,38.226437
Falcon-512_run06,active,12.551968,5.39875,0.565187,3.051302,38.265306
Falcon-512_run06,active,12.564708,5.39625,0.526387,2.840517,38.301493
Falcon-512_run06,active,12.577453,5.39625,0.574127,3.098132,38.340979
Falcon-512_run06,active,12.590197,5.39625,0.584855,3.156023,38.381202
Falcon-512_run06,active,12.602937,5.3825,0.562326,3.02672,38.419759
Falcon-512_run06,active,12.615676,5.39375,0.557498,3.007007,38.458067
Falcon-512_run06,active,12.628416,5.39625,0.562505,3.035417,38.496738
Falcon-512_run06,active,12.641154,5.3975,0.583246,3.148068,38.536838
Falcon-512_run06,active,12.653892,5.3975,0.576809,3.113325,38.576495
Falcon-512_run06,active,12.666631,5.395,0.559286,3.01735,38.614934
Falcon-512_run06,active,12.679378,5.39625,0.542658,2.928318,38.652262
Falcon-512_run06,active,12.692118,5.39625,0.585391,3.158917,38.692506
Falcon-512_run06,active,12.704857,5.38375,0.573769,3.08903,38.731858
Falcon-512_run06,active,12.71759,5.39625,0.55732,3.007436,38.770149
Falcon-512_run06,active,12.730335,5.3975,0.584318,3.153859,38.810346
Falcon-512_run06,active,12.743073,5.3975,0.571087,3.082443,38.849612
Falcon-512_run06,active,12.755812,5.39875,0.537115,2.899751,38.88655
Falcon-512_run06,active,12.771323,5.39625,0.586106,3.162777,38.935607
Falcon-512_run06,active,12.784096,5.39625,0.577345,3.115499,38.975403
Falcon-512_run06,active,12.796844,5.3925,0.585749,3.15865,39.01567
Falcon-512_run06,active,12.809586,5.3975,0.570551,3.079548,39.054908
Falcon-512_run06,active,12.822328,5.39875,0.566975,3.060955,39.093912
Falcon-512_run06,active,12.835068,5.39625,0.540334,2.915775,39.131059
Falcon-512_run06,active,12.847805,5.39375,0.566617,3.056192,39.169985
Falcon-512_run06,active,12.860577,5.39625,0.56465,3.046995,39.208901
Falcon-512_run06,active,12.87332,5.39625,0.561253,3.028663,39.247496
Falcon-512_run06,active,12.88607,5.3975,0.583782,3.150963,39.287671
Falcon-512_run06,active,12.898818,5.395,0.566081,3.054006,39.326602
Falcon-512_run06,active,12.911556,5.395,0.569836,3.074263,39.365762
Falcon-512_run06,active,12.924308,5.3975,0.584497,3.154824,39.405992
Falcon-512_run06,active,12.937048,5.3925,0.571981,3.084409,39.44529
Falcon-512_run06,active,12.94979,5.3975,0.583961,3.151928,39.48545
Falcon-512_run06,active,12.962532,5.39625,0.583424,3.148304,39.525564
Falcon-512_run06,active,12.975274,5.395,0.565187,3.049183,39.564418
Falcon-512_run06,active,12.988019,5.3975,0.554995,2.995587,39.602597
Falcon-512_run06,active,13.0008,5.39625,0.540155,2.91481,39.639852
Falcon-512_run06,active,13.013539,5.3975,0.565544,3.052526,39.678738
Falcon-512_run06,active,13.02628,5.39625,0.572875,3.091378,39.718124
Falcon-512_run06,active,13.039018,5.395,0.55732,3.006739,39.756425
Falcon-512_run06,active,13.051759,5.39625,0.554816,2.993928,39.794569
Falcon-512_run06,active,13.064497,5.3975,0.58557,3.160614,39.834831
Falcon-512_run06,active,13.077236,5.39875,0.565723,3.054198,39.873738
Falcon-512_run06,active,13.089983,5.39875,0.579133,3.126595,39.913591
Falcon-512_run06,active,13.102725,5.39625,0.559823,3.020944,39.952087
Falcon-512_run06,active,13.115492,5.39375,0.554816,2.992541,39.990291
Falcon-512_run06,active,13.12823,5.3975,0.535327,2.889429,40.027098
Falcon-512_run06,active,13.140971,5.3975,0.58557,3.160614,40.067367
Falcon-512_run06,active,13.153727,5.3975,0.563578,3.04191,40.106169
Falcon-512_run06,active,13.16647,5.39625,0.584497,3.154093,40.146362
Falcon-512_run06,active,13.179213,5.39625,0.556604,3.003576,40.184635
Falcon-512_run06,active,13.191962,5.395,0.58557,3.15915,40.224911
Falcon-512_run06,active,13.20472,5.39875,0.559823,3.022343,40.263469
Falcon-512_run06,active,13.217493,5.38125,0.548201,2.950006,40.30115
Falcon-512_run06,active,13.23024,5.39625,0.583246,3.147339,40.34127
Falcon-512_run06,active,13.242983,5.3975,0.56465,3.047701,40.380108
Falcon-512_run06,active,13.255725,5.39875,0.583603,3.150728,40.420253
Falcon-512_run06,active,13.268465,5.3975,0.526208,2.84021,40.456437
Falcon-512_run06,active,13.281205,5.3975,0.563578,3.04191,40.495191
Falcon-512_run06,active,13.293954,5.3975,0.57967,3.128767,40.535081
Falcon-512_run06,active,13.306703,5.3925,0.586106,3.160579,40.575375
Falcon-512_run06,active,13.319484,5.38375,0.529963,2.853189,40.611841
Falcon-512_run06,active,13.332231,5.3975,0.584497,3.154824,40.652057
Falcon-512_run06,active,13.344972,5.3975,0.569836,3.075688,40.691245
Falcon-512_run06,active,13.357715,5.3975,0.585749,3.161579,40.73153
Falcon-512_run06,active,13.370455,5.39625,0.56912,3.071116,40.770657
Falcon-512_run06,active,13.383195,5.3975,0.583603,3.149998,40.810788
Falcon-512_run06,active,13.395943,5.40375,0.542479,2.931422,40.848158
Falcon-512_run06,active,13.408687,5.3975,0.533003,2.876883,40.884822
Falcon-512_run06,active,13.421428,5.3825,0.583424,3.140282,40.924832
Falcon-512_run06,active,13.434202,5.39625,0.530142,2.860779,40.961376
Falcon-512_run06,active,13.44695,5.395,0.566438,3.055935,41.000332
Falcon-512_run06,active,13.45969,5.39625,0.580921,3.134796,41.040269
Falcon-512_run06,active,13.472431,5.3975,0.574127,3.098849,41.079752
Falcon-512_run06,active,13.485171,5.39625,0.565723,3.052784,41.118644
Falcon-512_run06,active,13.497918,5.3975,0.557498,3.009098,41.157
Falcon-512_run06,active,13.510663,5.39875,0.549095,2.964426,41.194784
Falcon-512_run06,active,13.523406,5.3825,0.584497,3.146056,41.234872
Falcon-512_run06,active,13.536145,5.395,0.55571,2.998058,41.273065
Falcon-512_run06,active,13.548885,5.3975,0.540691,2.918381,41.310246
Falcon-512_run06,active,13.561624,5.39625,0.585212,3.157952,41.350475
Falcon-512_run06,active,13.574363,5.3975,0.57073,3.080513,41.389718
Falcon-512_run06,active,13.587104,5.3975,0.559823,3.021644,41.428216
Falcon-512_run06,active,13.59985,5.39625,0.582709,3.144445,41.468296
Falcon-512_run06,active,13.612595,5.3975,0.558035,3.011993,41.506682
Falcon-512_run06,active,13.625335,5.38,0.585391,3.149405,41.546806
Falcon-512_run06,active,13.638074,5.395,0.556604,3.002881,41.585061
Falcon-512_run06,active,13.650814,5.39875,0.549095,2.964426,41.622826
Falcon-512_run06,active,13.663553,5.395,0.586464,3.163973,41.663132
Falcon-512_run06,active,13.676291,5.39625,0.561074,3.027698,41.701701
Falcon-512_run06,active,13.68903,5.4,0.583424,3.150492,41.741833
Falcon-512_run06,active,13.701776,5.39375,0.527639,2.845952,41.778107
Falcon-512_run06,active,13.714519,5.40375,0.579491,3.131423,41.818011
Falcon-512_run06,active,13.727261,5.39375,0.574663,3.09959,41.857506
Falcon-512_run06,active,13.739996,5.39625,0.564829,3.04796,41.896323
Falcon-512_run06,active,13.752748,5.3975,0.557498,3.009098,41.934694
Falcon-512_run06,active,13.765489,5.39875,0.585391,3.160381,41.974962
Falcon-512_run06,active,13.77823,5.3925,0.562147,3.031379,42.013584
Falcon-512_run06,active,13.790971,5.39625,0.53336,2.878146,42.050254
Falcon-512_run06,active,13.803717,5.39625,0.578954,3.124183,42.090075
Falcon-512_run06,active,13.816462,5.3975,0.576451,3.111395,42.129729
Falcon-512_run06,active,13.829199,5.395,0.571981,3.085839,42.169033
Falcon-512_run06,active,13.841944,5.39625,0.552671,2.98235,42.207043
Falcon-512_run06,active,13.854686,5.39625,0.584676,3.155058,42.247246
Falcon-512_run06,active,13.867426,5.39625,0.566617,3.057608,42.286201
Falcon-512_run06,active,13.880167,5.39875,0.564293,3.046476,42.325015
Falcon-512_run06,active,13.892906,5.39625,0.583782,3.150234,42.365144
Falcon-512_run06,active,13.905652,5.3975,0.572875,3.092094,42.404557
Falcon-512_run06,active,13.918395,5.3975,0.558571,3.014888,42.442977
Falcon-512_run06,active,13.931135,5.395,0.547128,2.951756,42.480582
Falcon-512_run06,active,13.943874,5.395,0.583424,3.147575,42.520678
Falcon-512_run06,active,13.956615,5.39625,0.567869,3.064362,42.559721
Falcon-512_run06,active,13.969354,5.3975,0.583782,3.150963,42.59986
Falcon-512_run06,active,13.982093,5.3975,0.571981,3.087269,42.639191
Falcon-512_run06,active,13.994832,5.3975,0.557141,3.007167,42.6775
Falcon-512_run06,active,14.007578,5.39625,0.550704,2.971736,42.715376
Falcon-512_run06,active,14.020319,5.37625,0.557677,2.998212,42.753577
Falcon-512_run06,active,14.033058,5.39625,0.579491,3.127077,42.793413
Falcon-512_run06,active,14.048544,5.3975,0.583424,3.149033,42.84218
Falcon-512_run06,active,14.061306,5.39625,0.552313,2.98042,42.880215
Falcon-512_run06,active,14.074049,5.4,0.557141,3.00856,42.918552
Falcon-512_run06,active,14.086792,5.4,0.58414,3.154354,42.958749
Falcon-512_run06,active,14.09953,5.3975,0.555889,3.000412,42.996968
Falcon-512_run06,active,14.112278,5.3975,0.545876,2.946368,43.034528
Falcon-512_run06,active,14.125023,5.39875,0.580921,3.136248,43.0745
Falcon-512_run06,active,14.137763,5.3825,0.572875,3.083501,43.113782
Falcon-512_run06,active,14.150516,5.39625,0.531572,2.868498,43.150366
Falcon-512_run06,active,14.16326,5.39375,0.561611,3.029188,43.188968
Falcon-512_run06,active,14.175997,5.38875,0.574306,3.094789,43.228388
Falcon-512_run06,active,14.188735,5.3975,0.577166,3.115256,43.268071
Falcon-512_run06,active,14.201472,5.395,0.566081,3.054006,43.30697
Falcon-512_run06,active,14.214248,5.3975,0.55571,2.999447,43.345288
Falcon-512_run06,active,14.227005,5.39375,0.527818,2.846916,43.381608
Falcon-512_run06,active,14.239747,5.3825,0.583961,3.143169,43.421659
Falcon-512_run06,active,14.252489,5.3975,0.568584,3.068932,43.460764
Falcon-512_run06,active,14.265234,5.3975,0.563756,3.042875,43.499542
Falcon-512_run06,active,14.277974,5.39625,0.555889,2.999717,43.537761
Falcon-512_run06,active,14.290717,5.3975,0.539797,2.913555,43.574888
Falcon-512_run06,active,14.303496,5.3975,0.584855,3.156754,43.615227
Falcon-512_run06,active,14.316245,5.39375,0.584676,3.153596,43.655432
Falcon-512_run06,active,14.32899,5.39625,0.563935,3.043135,43.694216
Falcon-512_run06,active,14.34173,5.39625,0.56912,3.071116,43.733343
Falcon-512_run06,active,14.354477,5.39875,0.580564,3.134318,43.773298
Falcon-512_run06,active,14.367218,5.3975,0.556247,3.002342,43.811549
Falcon-512_run06,active,14.379956,5.39625,0.527996,2.849201,43.847842
Falcon-512_run06,active,14.392697,5.39625,0.585391,3.158917,43.888091
Falcon-512_run06,active,14.405436,5.3975,0.556783,3.005237,43.926375
Falcon-512_run06,active,14.418183,5.39625,0.580742,3.133831,43.966321
Falcon-512_run06,active,14.430929,5.39375,0.566617,3.056192,44.005276
Falcon-512_run06,active,14.443669,5.3975,0.556783,3.005237,44.043563
Falcon-512_run06,active,14.45641,5.3975,0.537652,2.901975,44.080537
Falcon-512_run06,active,14.469151,5.39875,0.583424,3.149762,44.120669
Falcon-512_run06,active,14.48189,5.3975,0.561432,3.030329,44.159272
Falcon-512_run06,active,14.494633,5.3875,0.536221,2.888892,44.196083
Falcon-512_run06,active,14.507374,5.38125,0.585034,3.148212,44.236195
Falcon-512_run06,active,14.520118,5.39625,0.576809,3.112604,44.275862
Falcon-512_run06,active,14.532862,5.39875,0.584318,3.154589,44.316066
Falcon-512_run06,active,14.545602,5.40125,0.570014,3.07879,44.355288
Falcon-512_run06,active,14.558362,5.38125,0.528175,2.842243,44.391554
Falcon-512_run06,active,14.571147,5.3825,0.583246,3.139319,44.431693
Falcon-512_run06,active,14.583896,5.38,0.559465,3.009923,44.470065
Falcon-512_run06,active,14.596642,5.38375,0.532824,2.868591,44.506629
Falcon-512_run06,active,14.609381,5.3825,0.583246,3.139319,44.546621
Falcon-512_run06,active,14.622131,5.38375,0.585391,3.1516,44.586803
Falcon-512_run06,active,14.634883,5.38,0.565544,3.042629,44.625603
Falcon-512_run06,active,14.647625,5.385,0.538188,2.898142,44.66253
Falcon-512_run06,active,14.660364,5.38,0.585212,3.148443,44.70264
Falcon-512_run06,active,14.673107,5.38375,0.525851,2.831049,44.738715
Falcon-512_run06,active,14.685846,5.385,0.537294,2.893328,44.775572
Falcon-512_run06,active,14.698585,5.3825,0.586106,3.154718,44.815761
Falcon-512_run06,active,14.711328,5.3775,0.565187,3.039292,44.85449
Falcon-512_run06,active,14.724077,5.385,0.55571,2.992501,44.892641
Falcon-512_run06,active,14.736822,5.38375,0.567332,3.054376,44.931569
Falcon-512_run06,active,14.749563,5.3825,0.584318,3.145094,44.971641
Falcon-512_run06,active,14.762305,5.3825,0.583246,3.139319,45.011642
Falcon-512_run06,active,14.775049,5.3825,0.574842,3.094087,45.051074
Falcon-512_run06,active,14.787789,5.385,0.584497,3.147517,45.091173
Falcon-512_run06,active,14.800529,5.38375,0.569657,3.06689,45.130246
Falcon-512_run06,active,14.813268,5.3825,0.569836,3.06714,45.169319
Falcon-512_run06,active,14.826016,5.3825,0.558929,3.008434,45.207669
Falcon-512_run06,active,14.83876,5.3825,0.527281,2.838091,45.243839
Falcon-512_run06,active,14.8515,5.38375,0.584855,3.148712,45.283952
Falcon-512_run06,active,14.864245,5.38375,0.561968,3.025497,45.322512
Falcon-512_run06,active,14.876987,5.385,0.557141,3.000203,45.360742
Falcon-512_run06,active,14.889726,5.38375,0.55124,2.967741,45.398549
Falcon-512_run06,active,14.902467,5.3825,0.566081,3.04693,45.437369
Falcon-512_run06,active,14.91521,5.38,0.578239,3.110927,45.477012
Falcon-512_run06,active,14.927955,5.385,0.565187,3.043531,45.5158
Falcon-512_run06,active,14.940699,5.38625,0.58414,3.146322,45.555896
Falcon-512_run06,active,14.953438,5.385,0.557141,3.000203,45.594116
Falcon-512_run06,active,14.966179,5.38125,0.528533,2.844167,45.630353
Falcon-512_run06,active,14.978918,5.385,0.585034,3.150406,45.670486
Falcon-512_run06,active,14.991658,5.385,0.565544,3.045457,45.709285
Falcon-512_run06,active,15.004398,5.38375,0.55571,2.991806,45.747401
Falcon-512_run06,active,15.017137,5.38625,0.561611,3.024976,45.785936
Falcon-512_run06,active,15.029889,5.38375,0.561253,3.021647,45.824468
Falcon-512_run06,active,15.042636,5.38375,0.568226,3.059189,45.863464
Falcon-512_run06,active,15.055377,5.37875,0.552492,2.971716,45.901328
Falcon-512_run06,active,15.068115,5.3825,0.565723,3.045005,45.940114
Falcon-512_run06,active,15.080854,5.38375,0.562147,3.02646,45.978669
Falcon-512_run06,active,15.093594,5.385,0.532645,2.868294,46.015211
Falcon-512_run06,active,15.106333,5.3825,0.534791,2.878511,46.051881
Falcon-512_run06,active,15.119072,5.3825,0.583961,3.143169,46.091921
Falcon-512_run06,active,15.131817,5.3825,0.532645,2.866963,46.128461
Falcon-512_run06,active,15.144564,5.3825,0.538546,2.898722,46.165412
Falcon-512_run06,active,15.157316,5.37875,0.588073,3.163099,46.205746
Falcon-512_run06,active,15.170057,5.38375,0.55571,2.991806,46.243864
Falcon-512_run06,active,15.182799,5.38375,0.565544,3.04475,46.282662
Falcon-512_run06,active,15.195538,5.3825,0.582888,3.137395,46.32263
Falcon-512_run06,active,15.20829,5.38375,0.564829,3.040899,46.361405
Falcon-512_run06,active,15.221058,5.3825,0.54677,2.942992,46.398982
Falcon-512_run06,active,15.233814,5.38125,0.585749,3.152061,46.439189
Falcon-512_run06,active,15.246558,5.38125,0.559823,3.012546,46.477581
Falcon-512_run06,active,15.259302,5.38125,0.571802,3.077012,46.516794
Falcon-512_run06,active,15.27204,5.3825,0.583961,3.143169,46.556832
Falcon-512_run06,active,15.284824,5.38375,0.570193,3.069778,46.596075
Falcon-512_run06,active,15.297563,5.3825,0.583961,3.143169,46.636118
Falcon-512_run06,active,15.310304,5.38375,0.583961,3.143899,46.676173
Falcon-512_run06,active,15.32578,5.375,0.572339,3.076321,46.723783
Falcon-512_run06,active,15.338569,5.38375,0.565723,3.045712,46.762736
Falcon-512_run06,active,15.351319,5.3825,0.565544,3.044043,46.801547
Falcon-512_run06,active,15.36406,5.3825,0.583961,3.143169,46.841593
Falcon-512_run06,active,15.376794,5.3825,0.5364,2.887173,46.878359
Falcon-512_run06,active,15.389539,5.385,0.582888,3.138852,46.918363
Falcon-512_run06,active,15.40228,5.38375,0.54981,2.96004,46.956075
Falcon-512_run06,active,15.415021,5.39,0.583067,3.14273,46.996118
Falcon-512_run06,active,15.427763,5.38375,0.556247,2.994694,47.034275
Falcon-512_run06,active,15.440512,5.3825,0.556783,2.996886,47.072485
Falcon-512_run06,active,15.453261,5.38125,0.584318,3.144363,47.11257
Falcon-512_run06,active,15.466009,5.38375,0.57073,3.072665,47.151743
Falcon-512_run06,active,15.478752,5.38375,0.55732,3.000469,47.189977
Falcon-512_run06,active,15.491492,5.38125,0.584318,3.144363,47.230036
Falcon-512_run06,active,15.504231,5.38375,0.568942,3.063039,47.269056
Falcon-512_run06,active,15.516971,5.38375,0.568763,3.062077,47.308065
Falcon-512_run06,active,15.52971,5.3825,0.583424,3.140282,47.34807
Falcon-512_run06,active,15.542459,5.385,0.585212,3.151369,47.388247
Falcon-512_run06,active,15.555205,5.38375,0.565902,3.046675,47.42708
Falcon-512_run06,active,15.567943,5.3825,0.556068,2.993036,47.465206
Falcon-512_run06,active,15.580684,5.3825,0.584497,3.146056,47.50529
Falcon-512_run06,active,15.593425,5.3825,0.555174,2.988224,47.543362
Falcon-512_run06,active,15.606199,5.3825,0.529069,2.847715,47.57974
Falcon-512_run06,active,15.618942,5.38375,0.548558,2.953301,47.617373
Falcon-512_run06,active,15.631681,5.3825,0.585212,3.149906,47.657501
Falcon-512_run06,active,15.644429,5.38125,0.574127,3.08952,47.696887
Falcon-512_run06,active,15.657174,5.38,0.544267,2.928158,47.734205
Falcon-512_run06,active,15.669914,5.3825,0.584318,3.145094,47.774273
Falcon-512_run06,active,15.682653,5.385,0.569478,3.066639,47.81334
Falcon-512_run06,active,15.695395,5.38375,0.541406,2.914797,47.850479
Falcon-512_run06,active,15.708134,5.38375,0.566975,3.052451,47.889363
Falcon-512_run06,active,15.720873,5.38375,0.581636,3.131385,47.929256
Falcon-512_run06,active,15.733612,5.38375,0.578776,3.115983,47.96895
Falcon-512_run06,active,15.746361,5.3825,0.544804,2.932405,48.006334
Falcon-512_run06,active,15.759105,5.3825,0.585212,3.149906,48.046478
Falcon-512_run06,active,15.771845,5.3825,0.557141,2.99881,48.084683
Falcon-512_run06,active,15.784585,5.38625,0.57073,3.074092,48.123848
Falcon-512_run06,active,15.797332,5.38625,0.57967,3.122245,48.163647
Falcon-512_run06,active,15.810073,5.38375,0.557677,3.002395,48.201899
Falcon-512_run06,active,15.822813,5.3825,0.543731,2.926631,48.239186
Falcon-512_run06,active,15.835552,5.38125,0.585212,3.149174,48.2793
Falcon-512_run06,active,15.8483,5.3825,0.56465,3.039231,48.318047
Falcon-512_run06,active,15.861044,5.38375,0.583603,3.141974,48.358088
Falcon-512_run06,active,15.873783,5.3825,0.576272,3.101786,48.397602
Falcon-512_run06,active,15.886522,5.38625,0.559286,3.012456,48.435976
Falcon-512_run06,active,15.899265,5.38125,0.540512,2.908632,48.473041
Falcon-512_run06,active,15.912003,5.3825,0.586106,3.154718,48.513225
Falcon-512_run06,active,15.924745,5.3825,0.536042,2.885248,48.549989
Falcon-512_run06,active,15.937483,5.38375,0.568226,3.059189,48.588956
Falcon-512_run06,active,15.950228,5.3825,0.558392,3.005547,48.627263
Falcon-512_run06,active,15.962972,5.38375,0.528533,2.845488,48.663527
Falcon-512_run06,active,15.975712,5.3875,0.536936,2.892745,48.70038
Falcon-512_run06,active,15.988452,5.38375,0.585212,3.150637,48.740518
Falcon-512_run06,active,16.001191,5.3825,0.557141,2.99881,48.778722
Falcon-512_run06,active,16.013931,5.3825,0.584676,3.147019,48.818813
Falcon-512_run06,active,16.026671,5.38375,0.560359,3.016834,48.857249
Falcon-512_run06,active,16.039411,5.385,0.535327,2.882737,48.893973
Falcon-512_run06,active,16.052154,5.3825,0.567332,3.053667,48.932886
Falcon-512_run06,active,16.064898,5.3825,0.583424,3.140282,48.972906
Falcon-512_run06,active,16.077637,5.38375,0.572339,3.081329,49.01216
Falcon-512_run06,active,16.090377,5.3825,0.576988,3.105636,49.051725
Falcon-512_run06,active,16.103115,5.38125,0.56322,3.030828,49.090333
Falcon-512_run06,active,16.115854,5.38375,0.58253,3.136198,49.130283
Falcon-512_run06,active,16.128593,5.38375,0.551777,2.970628,49.168127
Falcon-512_run06,active,16.141335,5.3825,0.526208,2.832317,49.204218
Falcon-512_run06,active,16.154097,5.385,0.583246,3.140778,49.244299
Falcon-512_run06,active,16.166843,5.38375,0.556604,2.996619,49.282494
Falcon-512_run06,active,16.179581,5.3825,0.584318,3.145094,49.322558
Falcon-512_run06,active,16.19232,5.3825,0.555532,2.990149,49.360648
Falcon-512_run06,active,16.20507,5.38125,0.584855,3.14725,49.400774
Falcon-512_run06,active,16.21785,5.385,0.550168,2.962653,49.438637
Falcon-512_run06,active,16.230596,5.38375,0.565902,3.046675,49.477471
Falcon-512_run06,active,16.243342,5.385,0.584855,3.149443,49.517612
Falcon-512_run06,active,16.256088,5.385,0.55124,2.96843,49.55545
Falcon-512_run06,active,16.268833,5.38375,0.567869,3.057264,49.594414
Falcon-512_run06,active,16.281575,5.3825,0.556426,2.994961,49.632576
Falcon-512_run06,active,16.294333,5.3825,0.54838,2.951653,49.670233
Falcon-512_run06,active,16.30712,5.38625,0.583067,3.140544,49.710392
Falcon-512_run06,active,16.319868,5.38375,0.570014,3.068815,49.749511
Falcon-512_run06,active,16.33261,5.38375,0.583782,3.142936,49.78956
Falcon-512_run06,active,16.345351,5.38125,0.570014,3.06739,49.82864
Falcon-512_run06,active,16.358101,5.385,0.551419,2.969392,49.8665
Falcon-512_run06,active,16.37085,5.3825,0.585212,3.149906,49.90666
Falcon-512_run06,active,16.383592,5.38125,0.566617,3.049109,49.945512
Falcon-512_run06,active,16.396333,5.38625,0.569657,3.068314,49.984605
Falcon-512_run06,active,16.409078,5.38375,0.536579,2.888806,50.021422
Falcon-512_run06,active,16.421819,5.38125,0.585391,3.150136,50.061559
Falcon-512_run06,active,16.434563,5.38625,0.55875,3.009567,50.099912
Falcon-512_run06,active,16.447305,5.38125,0.584855,3.14725,50.140013
Falcon-512_run06,active,16.460079,5.38125,0.56465,3.038525,50.178829
Falcon-512_run06,active,16.472828,5.38375,0.584497,3.146787,50.218945
Falcon-512_run06,active,16.485568,5.385,0.583067,3.139815,50.258948
Falcon-512_run06,active,16.498311,5.38375,0.555532,2.990843,50.29706
Falcon-512_run06,active,16.511055,5.38375,0.5364,2.887843,50.333863
Falcon-512_run06,active,16.523803,5.38375,0.585212,3.150637,50.374028
Falcon-512_run06,active,16.536543,5.38125,0.56018,3.014471,50.412432
Falcon-512_run06,active,16.549282,5.38375,0.555353,2.989881,50.450521
Falcon-512_run06,active,16.56203,5.3825,0.582173,3.133545,50.490466
Falcon-512_run06,active,16.574777,5.38375,0.559465,3.012021,50.528861
Falcon-512_run06,active,16.587518,5.38375,0.56912,3.064002,50.5679
Falcon-512_run06,active,16.603036,5.38125,0.548737,2.952892,50.613723
Falcon-512_run06,active,16.6158,5.3975,0.585749,3.161579,50.654075
Falcon-512_run06,active,16.628543,5.3975,0.559108,3.017783,50.692532
Falcon-512_run06,active,16.641283,5.3975,0.540155,2.915486,50.729674
Falcon-512_run06,active,16.654022,5.39375,0.564293,3.043654,50.768448
Falcon-512_run06,active,16.66677,5.39625,0.582888,3.145409,50.808545
Falcon-512_run06,active,16.679515,5.3975,0.571445,3.084373,50.847855
Falcon-512_run06,active,16.692255,5.39875,0.556247,3.003037,50.886114
Falcon-512_run06,active,16.704994,5.39875,0.583067,3.147832,50.926215
Falcon-512_run06,active,16.717733,5.39625,0.556783,3.004541,50.96449
Falcon-512_run06,active,16.730475,5.395,0.583424,3.147575,51.004598
Falcon-512_run06,active,16.743217,5.395,0.564114,3.043395,51.043374
Falcon-512_run06,active,16.755954,5.40125,0.585212,3.160878,51.083636
Falcon-512_run06,active,16.768701,5.39625,0.571087,3.081729,51.122918
Falcon-512_run06,active,16.781445,5.39875,0.529963,2.861139,51.159381
Falcon-512_run06,active,16.794186,5.395,0.584676,3.154327,51.199569
Falcon-512_run06,active,16.806925,5.3975,0.583067,3.147103,51.23966
Falcon-512_run06,active,16.819671,5.39625,0.557677,3.009366,51.27802
Falcon-512_run06,active,16.832412,5.395,0.533539,2.878444,51.314693
Falcon-512_run06,active,16.845151,5.395,0.536758,2.895807,51.351583
Falcon-512_run06,active,16.857891,5.39625,0.585391,3.158917,51.391825
Falcon-512_run06,active,16.870638,5.39875,0.558392,3.014621,51.430253
Falcon-512_run06,active,16.883384,5.39625,0.563756,3.04217,51.469028
Falcon-512_run06,active,16.896122,5.3975,0.577882,3.119116,51.50876
Falcon-512_run06,active,16.908854,5.39125,0.566796,3.055739,51.547666
Falcon-512_run06,active,16.921598,5.39875,0.557677,3.01076,51.586037
Falcon-512_run06,active,16.934339,5.3975,0.581636,3.139382,51.626035
Falcon-512_run06,active,16.94708,5.3975,0.55571,2.999447,51.66425
Falcon-512_run06,active,16.95982,5.39875,0.583067,3.147832,51.704354
Falcon-512_run06,active,16.972568,5.3975,0.556962,3.006202,51.742678
Falcon-512_run06,active,16.985313,5.4,0.557677,3.011457,51.781059
Falcon-512_run06,active,16.998054,5.39625,0.584497,3.154093,51.821243
Falcon-512_run06,active,17.010795,5.39625,0.560538,3.024803,51.859783
Falcon-512_run06,active,17.023537,5.39625,0.585928,3.161812,51.900069
Falcon-512_run06,active,17.036273,5.395,0.554459,2.991305,51.938169
Falcon-512_run06,active,17.049016,5.3975,0.584497,3.154824,51.978369
Falcon-512_run06,active,17.061754,5.395,0.556247,3.000951,52.016595
Falcon-512_run06,active,17.0745,5.39625,0.553922,2.989104,52.054694
Falcon-512_run06,active,17.087244,5.39625,0.585391,3.158917,52.094953
Falcon-512_run06,active,17.099983,5.3975,0.566081,3.055421,52.133876
Falcon-512_run06,active,17.112723,5.39375,0.535864,2.890314,52.170697
Falcon-512_run06,active,17.125462,5.39375,0.585212,3.156489,52.210908
Falcon-512_run06,active,17.138202,5.395,0.574306,3.098379,52.250382
Falcon-512_run06,active,17.150952,5.3975,0.583782,3.150963,52.290557
Falcon-512_run06,active,17.163692,5.3975,0.529069,2.855651,52.326938
Falcon-512_run06,active,17.176441,5.39375,0.586106,3.161311,52.367242
Falcon-512_run06,active,17.189186,5.39625,0.532645,2.874287,52.403874
Falcon-512_run06,active,17.201926,5.39625,0.548737,2.961123,52.441599
Falcon-512_run06,active,17.214681,5.39375,0.583424,3.146845,52.481737
Falcon-512_run06,active,17.227491,5.39625,0.583782,3.150234,52.522091
Falcon-512_run06,active,17.240237,5.39625,0.571624,3.084624,52.561409
Falcon-512_run06,active,17.252979,5.3975,0.550883,2.97339,52.599295
Falcon-512_run06,active,17.26572,5.39875,0.5305,2.864035,52.635785
Falcon-512_run06,active,17.27847,5.3975,0.583424,3.149033,52.675936
Falcon-512_run06,active,17.291218,5.3975,0.566438,3.057351,52.714912
Falcon-512_run06,active,17.30396,5.39875,0.587179,3.170034,52.755304
Falcon-512_run06,active,17.3167,5.39375,0.561253,3.027259,52.793871
Falcon-512_run06,active,17.329451,5.3925,0.568226,3.064161,52.832941
Falcon-512_run06,active,17.342198,5.39625,0.548201,2.958229,52.870649
Falcon-512_run06,active,17.354938,5.3975,0.528533,2.852756,52.906996
Falcon-512_run06,active,17.36768,5.3975,0.581279,3.137452,52.946971
Falcon-512_run06,active,17.380427,5.39875,0.563578,3.042615,52.985756
Falcon-512_run06,active,17.393171,5.39625,0.58414,3.152163,53.025926
Falcon-512_run06,active,17.405912,5.3975,0.570193,3.077618,53.06514
Falcon-512_run06,active,17.418654,5.39625,0.559465,3.019014,53.103608
Falcon-512_run06,active,17.431401,5.39875,0.533003,2.877549,53.140289
Falcon-512_run06,active,17.444141,5.3975,0.558571,3.014888,53.178696
Falcon-512_run06,active,17.456881,5.3975,0.585391,3.159649,53.218952
Falcon-512_run06,active,17.469622,5.39875,0.552671,2.983731,53.256968
Falcon-512_run06,active,17.482371,5.39625,0.538367,2.905162,53.294005
Falcon-512_run06,active,17.495117,5.39875,0.588967,3.179687,53.334533
Falcon-512_run06,active,17.507858,5.395,0.570372,3.077157,53.373739
Falcon-512_run06,active,17.520599,5.39625,0.561968,3.032522,53.412377
Falcon-512_run06,active,17.533339,5.3975,0.583067,3.147103,53.452471
Falcon-512_run06,active,17.546079,5.39875,0.564293,3.046476,53.491282
Falcon-512_run06,active,17.55882,5.395,0.585391,3.158186,53.531521
Falcon-512_run06,active,17.57156,5.395,0.564472,3.045324,53.570318
Falcon-512_run06,active,17.584307,5.39375,0.570193,3.07548,53.609523
Falcon-512_run06,active,17.597053,5.39875,0.558392,3.014621,53.647946
Falcon-512_run06,active,17.609794,5.3975,0.557677,3.010063,53.686296
Falcon-512_run06,active,17.622534,5.3975,0.580385,3.132627,53.726208
Falcon-512_run06,active,17.635276,5.4075,0.560359,3.030142,53.764816
Falcon-512_run06,active,17.648014,5.39875,0.584497,3.155554,53.805012
Falcon-512_run06,active,17.66079,5.3975,0.565008,3.049631,53.843974
Falcon-512_run06,active,17.673531,5.4,0.583782,3.152423,53.884138
Falcon-512_run06,active,17.686278,5.4,0.565723,3.054905,53.92308
Falcon-512_run06,active,17.699022,5.39625,0.538009,2.903232,53.960078
Falcon-512_run06,active,17.711761,5.39875,0.585212,3.159415,54.000328
Falcon-512_run06,active,17.724502,5.4025,0.582709,3.148086,54.040437
Falcon-512_run06,active,17.737242,5.39625,0.552671,2.98235,54.078432
Falcon-512_run06,active,17.749982,5.3975,0.56018,3.023574,54.116952
Falcon-512_run06,active,17.762722,5.39625,0.580027,3.129972,54.156829
Falcon-512_run06,active,17.775488,5.4,0.534433,2.885939,54.193671
Falcon-512_run06,active,17.788237,5.3975,0.584318,3.153859,54.23388
Falcon-512_run06,active,17.800982,5.39625,0.575557,3.105851,54.273464
Falcon-512_run06,active,17.813723,5.3975,0.563935,3.04384,54.312246
Falcon-512_run06,active,17.826464,5.395,0.529963,2.859151,54.348672
Falcon-512_run06,active,17.839204,5.395,0.585212,3.157221,54.388896
Falcon-512_run06,active,17.851948,5.3975,0.562505,3.03612,54.427588
Falcon-512_run06,active,17.864688,5.3975,0.541406,2.922241,54.464818
Falcon-512_run06,active,17.879973,5.39625,0.583424,3.148304,54.512938
Falcon-512_run06,active,17.892734,5.39625,0.567332,3.061467,54.552007
Falcon-512_run06,active,17.90548,5.3975,0.545698,2.945403,54.58955
Falcon-512_run06,active,17.918221,5.3975,0.585391,3.159649,54.629808
Falcon-512_run06,active,17.930959,5.395,0.571802,3.084874,54.669102
Falcon-512_run06,active,17.943705,5.395,0.554638,2.99227,54.70724
Falcon-512_run06,active,17.956447,5.39875,0.585212,3.159415,54.747499
Falcon-512_run06,active,17.969187,5.3975,0.534433,2.884603,54.784247
Falcon-512_run06,active,17.981926,5.3975,0.584318,3.153859,54.824424
Falcon-512_run06,active,17.994673,5.3975,0.556247,3.002342,54.862697
Falcon-512_run06,active,18.007419,5.39625,0.529069,2.85499,54.899085
Falcon-512_run06,active,18.020155,5.39625,0.585034,3.156988,54.939294
Falcon-512_run06,active,18.032894,5.39375,0.558214,3.010865,54.977648
Falcon-512_run06,active,18.045632,5.39375,0.57967,3.126593,55.017474
Falcon-512_run06,active,18.05837,5.39375,0.575557,3.104412,55.05702
Falcon-512_run06,active,18.07111,5.39875,0.585034,3.15845,55.097257
Falcon-512_run06,active,18.083847,5.39625,0.566438,3.056643,55.136189
Falcon-512_run06,active,18.096595,5.3975,0.584676,3.155789,55.176419
Falcon-512_run06,active,18.109337,5.38625,0.530321,2.85644,55.212816
Falcon-512_run06,active,18.122076,5.37625,0.567869,3.053005,55.25171
Falcon-512_run06,active,18.134816,5.39625,0.585391,3.158917,55.291955
Falcon-512_run06,active,18.147558,5.39625,0.557677,3.009366,55.330299
Falcon-512_run06,active,18.160308,5.39625,0.583424,3.148304,55.370441
Falcon-512_run06,active,18.173047,5.3975,0.56018,3.023574,55.408957
Falcon-512_run06,active,18.185785,5.39625,0.583782,3.150234,55.449086
Falcon-512_run06,active,18.198705,5.39375,0.567154,3.059085,55.488608
Falcon-512_run06,active,18.211587,5.39375,0.581458,3.136237,55.52901
Falcon-512_run06,active,18.224396,5.395,0.575915,3.10706,55.568806
Falcon-512_run06,active,18.237139,5.395,0.585034,3.156256,55.609027
Falcon-512_run06,active,18.249881,5.39625,0.583782,3.150234,55.649167
Falcon-512_run06,active,18.262621,5.3975,0.572875,3.092094,55.688563
Falcon-512_run06,active,18.275363,5.3925,0.579312,3.12394,55.728367
Falcon-512_run06,active,18.288101,5.395,0.566975,3.058829,55.767329
Falcon-512_run06,active,18.300867,5.39625,0.584318,3.153128,55.807584
Falcon-512_run06,active,18.313611,5.39625,0.565187,3.049889,55.846451
Falcon-512_run06,active,18.32635,5.3875,0.543373,2.927423,55.883743
Falcon-512_run06,active,18.33909,5.38875,0.528175,2.846204,55.920003
Falcon-512_run06,active,18.351834,5.395,0.583246,3.14661,55.960106
Falcon-512_run06,active,18.364576,5.395,0.585212,3.157221,56.000332
Falcon-512_run06,active,18.377316,5.3975,0.566438,3.057351,56.039283
Falcon-512_run06,active,18.390055,5.39875,0.560359,3.025239,56.077823
Falcon-512_run06,active,18.402804,5.3975,0.585212,3.158684,56.118094
Falcon-512_run06,active,18.415548,5.39875,0.566617,3.059025,56.157078
Falcon-512_run06,active,18.428288,5.39625,0.544267,2.937002,56.194493
Falcon-512_run06,active,18.441028,5.39625,0.58557,3.159882,56.234751
Falcon-512_run06,active,18.453772,5.3975,0.558571,3.014888,56.273173
Falcon-512_run06,active,18.466513,5.395,0.528354,2.85047,56.309492
Falcon-512_run06,active,18.479254,5.39625,0.583782,3.150234,56.349628
Falcon-512_run06,active,18.491994,5.395,0.561968,3.03182,56.388253
Falcon-512_run06,active,18.504742,5.4025,0.584497,3.157746,56.428508
Falcon-512_run06,active,18.517487,5.395,0.585391,3.158186,56.46876
Falcon-512_run06,active,18.530228,5.3975,0.584497,3.154824,56.508955
Falcon-512_run06,active,18.542968,5.39875,0.557856,3.011725,56.547323
Falcon-512_run06,active,18.55571,5.3975,0.556068,3.001377,56.585567
Falcon-512_run06,active,18.56845,5.3975,0.583603,3.149998,56.625698
Falcon-512_run06,active,18.581189,5.3975,0.559823,3.021644,56.664192
Falcon-512_run06,active,18.593929,5.39625,0.552671,2.98235,56.702187
Falcon-512_run06,active,18.606676,5.39625,0.584676,3.155058,56.742404
Falcon-512_run06,active,18.619422,5.39625,0.553028,2.98428,56.78044
Falcon-512_run06,active,18.63216,5.395,0.550883,2.972013,56.8183
Falcon-512_run06,active,18.6449,5.38375,0.584676,3.147749,56.858401
Falcon-512_run06,active,18.657639,5.40125,0.559465,3.021811,56.896897
Falcon-512_run06,active,18.67038,5.3975,0.55571,2.999447,56.935113
Falcon-512_run06,active,18.683119,5.39625,0.536221,2.893584,56.971974
Falcon-512_run06,active,18.695858,5.39625,0.585212,3.157952,57.012204
Falcon-512_run06,active,18.708607,5.39625,0.566617,3.057608,57.051183
Falcon-512_run06,active,18.721351,5.39625,0.560359,3.023838,57.08972
Falcon-512_run06,active,18.734091,5.39625,0.53497,2.88683,57.126499
Falcon-512_run06,active,18.746833,5.38125,0.526924,2.835508,57.162629
Falcon-512_run06,active,18.759573,5.3975,0.581636,3.139382,57.202623
Falcon-512_run06,active,18.772313,5.3975,0.562862,3.03805,57.24133
Falcon-512_run06,active,18.785053,5.39,0.560717,3.022264,57.279833
Falcon-512_run06,active,18.797793,5.39625,0.534254,2.88297,57.31656
Falcon-512_run06,active,18.81054,5.39625,0.539261,2.909986,57.353656
Falcon-512_run06,active,18.823285,5.3975,0.582709,3.145173,57.393742
Falcon-512_run06,active,18.836024,5.39875,0.556783,3.005933,57.432033
Falcon-512_run06,active,18.848803,5.3825,0.529069,2.847715,57.468424
Falcon-512_run06,active,18.861539,5.3975,0.584676,3.155789,57.508617
Falcon-512_run06,active,18.874285,5.395,0.559823,3.020244,57.547113
Falcon-512_run06,active,18.887026,5.39625,0.549631,2.965947,57.584902
Falcon-512_run06,active,18.899766,5.3975,0.584497,3.154824,57.625093
Falcon-512_run06,active,18.912512,5.3975,0.568763,3.069897,57.664222
Falcon-512_run06,active,18.925257,5.4025,0.56018,3.026375,57.702794
Falcon-512_run06,active,18.937996,5.39625,0.551062,2.973666,57.740676
Falcon-512_run06,active,18.950733,5.38125,0.583961,3.142439,57.7807
Falcon-512_run06,active,18.963499,5.4,0.556247,3.003733,57.819046
Falcon-512_run06,active,18.976241,5.39625,0.543194,2.931213,57.856395
Falcon-512_run06,active,18.988981,5.39625,0.586285,3.163742,57.896702
Falcon-512_run06,active,19.00172,5.39625,0.556604,3.003576,57.934965
Falcon-512_run06,active,19.014466,5.3975,0.535327,2.889429,57.971794
Falcon-512_run06,active,19.027212,5.39875,0.58557,3.161346,58.012089
Falcon-512_run06,active,19.039951,5.3975,0.556604,3.004272,58.050359
Falcon-512_run06,active,19.05269,5.38375,0.56018,3.015871,58.088778
Falcon-512_run06,active,19.065431,5.39625,0.584855,3.156023,58.128989
Falcon-512_run06,active,19.07819,5.39625,0.527281,2.845341,58.165294
Falcon-512_run06,active,19.090931,5.3975,0.584497,3.154824,58.205488
Falcon-512_run06,active,19.103669,5.39375,0.554638,2.991577,58.243594
Falcon-512_run06,active,19.116414,5.39625,0.568405,3.067257,58.282685
Falcon-512_run06,active,19.129156,5.39625,0.555889,2.999717,58.32091
Falcon-512_run06,active,19.141899,5.3975,0.559823,3.021644,58.359415
Falcon-512_run06,active,19.157392,5.395,0.584855,3.155292,58.408299
Falcon-512_run06,active,19.170185,5.3975,0.558571,3.014888,58.44687
Falcon-512_run06,active,19.18293,5.39625,0.55732,3.007436,58.485199
Falcon-512_run06,active,19.195669,5.4025,0.552313,2.983872,58.523211
Falcon-512_run06,active,19.208414,5.39625,0.536579,2.895513,58.560112
Falcon-512_run06,active,19.221175,5.395,0.584855,3.155292,58.600377
Falcon-512_run06,active,19.23392,5.39625,0.58414,3.152163,58.640551
Falcon-512_run06,active,19.24666,5.39625,0.571624,3.084624,58.679849
Falcon-512_run06,active,19.2594,5.385,0.53783,2.896217,58.716747
Falcon-512_run06,active,19.272144,5.39625,0.584318,3.153128,58.756932
Falcon-512_run06,active,19.284924,5.39,0.58414,3.148512,58.79717
Falcon-512_run06,active,19.297671,5.3975,0.546055,2.947333,58.834738
Falcon-512_run06,active,19.310411,5.39625,0.535864,2.891654,58.871579
Falcon-512_run06,active,19.323159,5.3925,0.585928,3.159615,58.911858
Falcon-512_run06,active,19.335903,5.39625,0.568405,3.067257,58.950948
Falcon-512_run06,active,19.348644,5.3975,0.560359,3.024539,58.989482
Falcon-512_run06,active,19.361383,5.3825,0.569657,3.066178,59.028543
Falcon-512_run06,active,19.374159,5.3975,0.584855,3.156754,59.068875
Falcon-512_run06,active,19.386905,5.3975,0.584676,3.155789,59.109096
Falcon-512_run06,active,19.399643,5.3975,0.560896,3.027434,59.147662
Falcon-512_run06,active,19.412383,5.39625,0.583424,3.148304,59.18777
Falcon-512_run06,active,19.425129,5.39625,0.561074,3.027698,59.226361
Falcon-512_run06,active,19.437872,5.3975,0.555889,3.000412,59.264596
Falcon-512_run06,active,19.450614,5.3975,0.525493,2.83635,59.300735
Falcon-512_run06,active,19.463354,5.3825,0.587,3.15953,59.340988
Falcon-512_run06,active,19.476098,5.39875,0.529427,2.858243,59.377413
Falcon-512_run06,active,19.488838,5.39625,0.542837,2.929283,59.414732
Falcon-512_run06,active,19.501581,5.395,0.584855,3.155292,59.454941
Falcon-512_run06,active,19.514323,5.39625,0.555174,2.995858,59.493112
Falcon-512_run06,active,19.527072,5.39375,0.536579,2.894172,59.53001
Falcon-512_run06,active,19.539816,5.39875,0.583961,3.152658,59.57019
Falcon-512_run06,active,19.552558,5.3975,0.559823,3.021644,59.608692
Falcon-512_run06,active,19.565299,5.3825,0.581458,3.129696,59.648567
Falcon-512_run06,active,19.578041,5.3975,0.559108,3.017783,59.687018
Falcon-512_run06,active,19.590781,5.3975,0.53336,2.878813,59.723697
Falcon-512_run06,active,19.603521,5.39875,0.543731,2.935467,59.761093
Falcon-512_run06,active,19.616261,5.3975,0.586643,3.166405,59.801432
Falcon-512_run06,active,19.629006,5.3975,0.55124,2.97532,59.839354
Falcon-512_run06,active,19.64175,5.3975,0.55732,3.008133,59.877689
Falcon-512_run06,active,19.65449,5.4,0.580027,3.132147,59.917594
Falcon-512_run06,active,19.667231,5.3825,0.56179,3.023833,59.956118
Falcon-512_run06,active,19.679972,5.39875,0.585391,3.160381,59.996385
Falcon-512_run06,active,19.692711,5.39625,0.565008,3.048924,60.035227
Falcon-512_run06,active,19.705451,5.3975,0.556962,3.006202,60.073524
Falcon-512_run06,active,19.718191,5.39625,0.583961,3.151198,60.113672
Falcon-512_run06,active,19.730938,5.3975,0.560359,3.024539,60.152226
Falcon-512_run06,active,19.743682,5.39875,0.584497,3.155554,60.192439
Falcon-512_run06,active,19.756423,5.39625,0.556247,3.001647,60.230684
Falcon-512_run06,active,19.769162,5.3975,0.556604,3.004272,60.268955
Falcon-512_run06,idle_post,19.782414,5.39875,0.437702,2.363046,60.268992
Falcon-512_run06,idle_post,19.795204,5.39625,0.43663,2.356162,60.299127
Falcon-512_run06,idle_post,19.807945,5.395,0.43359,2.339218,60.328932
Falcon-512_run06,idle_post,19.820682,5.39875,0.436451,2.356289,60.358943
Falcon-512_run06,idle_post,19.833429,5.39625,0.433769,2.340725,60.38878
Falcon-512_run06,idle_post,19.846174,5.39625,0.436451,2.355198,60.418796
Falcon-512_run06,idle_post,19.858911,5.39625,0.435378,2.349409,60.448722
Falcon-512_run06,idle_post,19.871645,5.39625,0.435736,2.351338,60.478663
Falcon-512_run06,idle_post,19.884378,5.3975,0.436451,2.355743,60.50866
Falcon-512_run06,idle_post,19.897118,5.3975,0.435914,2.352848,60.538635
Falcon-512_run06,idle_post,19.909853,5.3975,0.435557,2.350918,60.568573
Falcon-512_run06,idle_post,19.92259,5.39625,0.435914,2.352303,60.598534
Falcon-512_run06,idle_post,19.935332,5.39625,0.43055,2.323358,60.628138
Falcon-512_run06,idle_post,19.94807,5.3975,0.435378,2.349953,60.658072
Falcon-512_run06,idle_post,19.960804,5.39625,0.440384,2.376424,60.688335
Falcon-512_run06,idle_post,19.973534,5.39625,0.43502,2.347479,60.718218
Falcon-512_run06,idle_post,19.986277,5.3975,0.435914,2.352848,60.7482
Falcon-512_run06,idle_post,19.99901,5.39125,0.435378,2.347232,60.778087
Falcon-512_run06,idle_post,20.011743,5.39875,0.435557,2.351462,60.808027
Falcon-512_run06,idle_post,20.024477,5.39375,0.433769,2.33964,60.837822
Falcon-512_run06,idle_post,20.03722,5.39875,0.437702,2.363046,60.867933
Falcon-512_run06,idle_post,20.049959,5.39875,0.43502,2.348566,60.897851
Falcon-512_run06,idle_post,20.062694,5.395,0.435914,2.351758,60.927802
Falcon-512_run06,idle_post,20.075427,5.3925,0.437166,2.357418,60.957819
Falcon-512_run06,idle_post,20.088164,5.39625,0.435914,2.352303,60.98778
Falcon-512_run06,idle_post,20.1009,5.39375,0.435199,2.347356,61.017676
Falcon-512_run06,idle_post,20.113632,5.395,0.434305,2.343077,61.047507
Falcon-512_run06,idle_post,20.126367,5.395,0.435557,2.349829,61.077432
Falcon-512_run06,idle_post,20.139099,5.3925,0.435557,2.34874,61.107338
Falcon-512_run06,idle_post,20.151843,5.39625,0.435557,2.350373,61.13729
Falcon-512_run06,idle_post,20.164576,5.39875,0.432517,2.335052,61.167023
Falcon-512_run06,idle_post,20.177309,5.39375,0.436987,2.357,61.197034
Falcon-512_run06,idle_post,20.19004,5.395,0.435736,2.350794,61.226961
Falcon-512_run06,idle_post,20.202772,5.39875,0.435199,2.349532,61.256875
Falcon-512_run06,idle_post,20.215516,5.4,0.43502,2.34911,61.286813
Falcon-512_run06,idle_post,20.228278,5.39625,0.436808,2.357127,61.316896
Falcon-512_run06,idle_post,20.241027,5.3975,0.435199,2.348988,61.346843
Falcon-512_run06,idle_post,20.253769,5.39375,0.435199,2.347356,61.376751
Falcon-512_run06,idle_post,20.266505,5.395,0.435378,2.348864,61.406667
Falcon-512_run06,idle_post,20.279244,5.39875,0.435199,2.349532,61.436597
Falcon-512_run06,idle_post,20.291978,5.3975,0.435557,2.350918,61.466534
Falcon-512_run06,idle_post,20.304714,5.39625,0.435557,2.350373,61.49647
Falcon-512_run06,idle_post,20.31745,5.3975,0.435199,2.348988,61.526385
Falcon-512_run06,idle_post,20.330185,5.3975,0.435914,2.352848,61.556349
Falcon-512_run06,idle_post,20.342928,5.395,0.435199,2.3479,61.586269
Falcon-512_run06,idle_post,20.355669,5.395,0.434663,2.345006,61.616145
Falcon-512_run06,idle_post,20.368403,5.3975,0.434663,2.346092,61.646022
Falcon-512_run06,idle_post,20.381137,5.3975,0.435557,2.350918,61.675959
Falcon-512_run06,idle_post,20.393872,5.3975,0.434305,2.344162,61.70581
Falcon-512_run06,idle_post,20.406606,5.39625,0.435199,2.348444,61.735715
