run_id,phase,time_s,voltage_v,current_a,power_w,energy_j
Falcon-512_run18,active,0.000496,5.39125,0.586106,3.159846,3.4e-05
Falcon-512_run18,active,0.013339,5.39625,0.561968,3.032522,0.038978
Falcon-512_run18,active,0.026095,5.3975,0.559286,3.018748,0.077488
Falcon-512_run18,active,0.03886,5.39625,0.539618,2.911916,0.114658
Falcon-512_run18,active,0.051604,5.395,0.584676,3.154327,0.154856
Falcon-512_run18,active,0.064355,5.3975,0.55875,3.015853,0.193311
Falcon-512_run18,active,0.077094,5.39375,0.554638,2.991577,0.23142
Falcon-512_run18,active,0.089838,5.39625,0.585749,3.160847,0.271704
Falcon-512_run18,active,0.102579,5.3975,0.56018,3.023574,0.310226
Falcon-512_run18,active,0.115317,5.39375,0.586643,3.164205,0.35053
Falcon-512_run18,active,0.128064,5.3975,0.573233,3.094024,0.389972
Falcon-512_run18,active,0.140806,5.39875,0.570193,3.078331,0.429196
Falcon-512_run18,active,0.153546,5.39625,0.584318,3.153128,0.469365
Falcon-512_run18,active,0.166282,5.39625,0.568763,3.069186,0.508454
Falcon-512_run18,active,0.179016,5.39625,0.568763,3.069186,0.547538
Falcon-512_run18,active,0.191754,5.3975,0.585749,3.161579,0.58781
Falcon-512_run18,active,0.204492,5.39,0.584497,3.15044,0.627941
Falcon-512_run18,active,0.217229,5.3975,0.571981,3.087269,0.667265
Falcon-512_run18,active,0.229977,5.395,0.585391,3.158186,0.707525
Falcon-512_run18,active,0.242752,5.395,0.569836,3.074263,0.746796
Falcon-512_run18,active,0.255491,5.3975,0.550346,2.970495,0.784639
Falcon-512_run18,active,0.26823,5.3975,0.58557,3.160614,0.824901
Falcon-512_run18,active,0.280967,5.3975,0.569299,3.072792,0.864041
Falcon-512_run18,active,0.293715,5.39625,0.567332,3.061467,0.903068
Falcon-512_run18,active,0.306453,5.39625,0.585391,3.158917,0.943307
Falcon-512_run18,active,0.319189,5.39625,0.55875,3.015155,0.981707
Falcon-512_run18,active,0.331935,5.39625,0.585212,3.157952,1.021959
Falcon-512_run18,active,0.344676,5.4,0.561968,3.034629,1.060622
Falcon-512_run18,active,0.357416,5.39625,0.585391,3.158917,1.100866
Falcon-512_run18,active,0.370155,5.3975,0.544982,2.941543,1.138339
Falcon-512_run18,active,0.38289,5.3975,0.585749,3.161579,1.178603
Falcon-512_run18,active,0.395626,5.39625,0.589861,3.183039,1.219142
Falcon-512_run18,active,0.408361,5.39875,0.571624,3.086053,1.258443
Falcon-512_run18,active,0.421097,5.3975,0.585212,3.158684,1.298672
Falcon-512_run18,active,0.433841,5.39625,0.566438,3.056643,1.337624
Falcon-512_run18,active,0.44658,5.3975,0.568763,3.069897,1.376734
Falcon-512_run18,active,0.459317,5.39875,0.586464,3.166173,1.417059
Falcon-512_run18,active,0.472053,5.3975,0.561968,3.033224,1.455691
Falcon-512_run18,active,0.484788,5.395,0.530678,2.86301,1.492152
Falcon-512_run18,active,0.497529,5.395,0.570551,3.078122,1.531368
Falcon-512_run18,active,0.510265,5.3975,0.585212,3.158684,1.571598
Falcon-512_run18,active,0.523002,5.39625,0.567332,3.061467,1.610592
Falcon-512_run18,active,0.535745,5.4,0.584855,3.158216,1.650838
Falcon-512_run18,active,0.548485,5.39625,0.569836,3.074975,1.690013
Falcon-512_run18,active,0.561222,5.39625,0.586106,3.162777,1.730298
Falcon-512_run18,active,0.573961,5.39375,0.584855,3.154561,1.770484
Falcon-512_run18,active,0.586746,5.3975,0.568763,3.069897,1.809732
Falcon-512_run18,active,0.599485,5.39875,0.561611,3.031996,1.848356
Falcon-512_run18,active,0.612223,5.3975,0.570014,3.076653,1.887546
Falcon-512_run18,active,0.624958,5.39,0.586285,3.160077,1.927792
Falcon-512_run18,active,0.637704,5.39875,0.570193,3.078331,1.967028
Falcon-512_run18,active,0.650445,5.39875,0.570551,3.080261,2.006274
Falcon-512_run18,active,0.663181,5.3975,0.587179,3.1693,2.046637
Falcon-512_run18,active,0.675919,5.3925,0.539261,2.907964,2.083679
Falcon-512_run18,active,0.688658,5.39875,0.586464,3.166173,2.124013
Falcon-512_run18,active,0.701438,5.39625,0.572696,3.090413,2.163507
Falcon-512_run18,active,0.714179,5.3975,0.558929,3.016818,2.201944
Falcon-512_run18,active,0.726914,5.39875,0.571445,3.085088,2.241233
Falcon-512_run18,active,0.739658,5.39625,0.587716,3.17146,2.281652
Falcon-512_run18,active,0.7524,5.3975,0.562862,3.03805,2.320362
Falcon-512_run18,active,0.765137,5.3975,0.56018,3.023574,2.358873
Falcon-512_run18,active,0.777876,5.3975,0.569836,3.075688,2.398055
Falcon-512_run18,active,0.790613,5.3975,0.584855,3.156754,2.438261
Falcon-512_run18,active,0.803347,5.3975,0.558571,3.014888,2.476654
Falcon-512_run18,active,0.816083,5.39625,0.556604,3.003576,2.514905
Falcon-512_run18,active,0.82882,5.395,0.58557,3.15915,2.555146
Falcon-512_run18,active,0.841566,5.395,0.571981,3.085839,2.594476
Falcon-512_run18,active,0.854308,5.39875,0.558392,3.014621,2.632888
Falcon-512_run18,active,0.867043,5.3975,0.54391,2.935752,2.670276
Falcon-512_run18,active,0.87978,5.39875,0.585391,3.160381,2.710529
Falcon-512_run18,active,0.892514,5.38,0.560002,3.012809,2.748895
Falcon-512_run18,active,0.90525,5.395,0.557498,3.007704,2.787202
Falcon-512_run18,active,0.917988,5.39625,0.584318,3.153128,2.827366
Falcon-512_run18,active,0.930723,5.39625,0.568226,3.066292,2.866416
Falcon-512_run18,active,0.943467,5.3975,0.561074,3.028399,2.905007
Falcon-512_run18,active,0.9562,5.39625,0.587358,3.169531,2.945365
Falcon-512_run18,active,0.968939,5.4,0.558214,3.014353,2.983767
Falcon-512_run18,active,0.981688,5.39625,0.570908,3.080764,3.023041
Falcon-512_run18,active,0.994437,5.39,0.578239,3.116709,3.062777
Falcon-512_run18,active,1.007173,5.3975,0.549095,2.963739,3.100524
Falcon-512_run18,active,1.01991,5.39875,0.528712,2.854382,3.136881
Falcon-512_run18,active,1.032646,5.3975,0.585391,3.159649,3.177122
Falcon-512_run18,active,1.045422,5.39875,0.567332,3.062886,3.216254
Falcon-512_run18,active,1.058168,5.3975,0.557498,3.009098,3.254608
Falcon-512_run18,active,1.070905,5.39625,0.570014,3.07594,3.293784
Falcon-512_run18,active,1.083643,5.39875,0.586106,3.164242,3.334091
Falcon-512_run18,active,1.096379,5.39625,0.574663,3.101026,3.373585
Falcon-512_run18,active,1.109116,5.39625,0.55124,2.974631,3.411473
Falcon-512_run18,active,1.121873,5.39375,0.587894,3.170955,3.451925
Falcon-512_run18,active,1.134609,5.39625,0.564829,3.04796,3.490746
Falcon-512_run18,active,1.147352,5.39625,0.566617,3.057608,3.529708
Falcon-512_run18,active,1.160099,5.39875,0.530321,2.863069,3.566202
Falcon-512_run18,active,1.172834,5.3975,0.587,3.168335,3.606553
Falcon-512_run18,active,1.185575,5.39875,0.557677,3.01076,3.644911
Falcon-512_run18,active,1.198311,5.3975,0.584855,3.156754,3.685117
Falcon-512_run18,active,1.211043,5.39625,0.568226,3.066292,3.724156
Falcon-512_run18,active,1.223779,5.39875,0.590219,3.186444,3.764738
Falcon-512_run18,active,1.236513,5.39625,0.586285,3.163742,3.805027
Falcon-512_run18,active,1.249256,5.39625,0.585749,3.160847,3.845303
Falcon-512_run18,active,1.261999,5.395,0.56912,3.070405,3.88443
Falcon-512_run18,active,1.277165,5.395,0.568226,3.065581,3.930923
Falcon-512_run18,active,1.289916,5.39625,0.564829,3.04796,3.969787
Falcon-512_run18,active,1.302656,5.3975,0.564293,3.04577,4.008592
Falcon-512_run18,active,1.315406,5.4025,0.542479,2.930744,4.045958
Falcon-512_run18,active,1.328143,5.39625,0.568405,3.067257,4.085026
Falcon-512_run18,active,1.34088,5.39375,0.527818,2.846916,4.121286
Falcon-512_run18,active,1.353626,5.395,0.585212,3.157221,4.161529
Falcon-512_run18,active,1.366367,5.38875,0.571445,3.079373,4.200762
Falcon-512_run18,active,1.3791,5.3975,0.544804,2.940577,4.238205
Falcon-512_run18,active,1.391836,5.39625,0.586822,3.166636,4.278537
Falcon-512_run18,active,1.404571,5.4,0.585749,3.163044,4.318818
Falcon-512_run18,active,1.417307,5.3975,0.571802,3.086303,4.358124
Falcon-512_run18,active,1.430044,5.3975,0.585034,3.157719,4.398343
Falcon-512_run18,active,1.442777,5.3975,0.572696,3.091129,4.437705
Falcon-512_run18,active,1.455519,5.40375,0.560359,3.028041,4.476289
Falcon-512_run18,active,1.46826,5.3975,0.554816,2.994622,4.514442
Falcon-512_run18,active,1.480995,5.3975,0.588431,3.176055,4.554888
Falcon-512_run18,active,1.493734,5.39625,0.559465,3.019014,4.593349
Falcon-512_run18,active,1.506469,5.39625,0.557498,3.008401,4.63166
Falcon-512_run18,active,1.519203,5.395,0.538188,2.903524,4.668633
Falcon-512_run18,active,1.531938,5.39625,0.586106,3.162777,4.70891
Falcon-512_run18,active,1.544673,5.39375,0.565366,3.049441,4.747747
Falcon-512_run18,active,1.557418,5.3975,0.574484,3.10078,4.787265
Falcon-512_run18,active,1.570157,5.3975,0.586464,3.165439,4.827591
Falcon-512_run18,active,1.582894,5.39875,0.529963,2.861139,4.864032
Falcon-512_run18,active,1.595632,5.3975,0.563756,3.042875,4.902791
Falcon-512_run18,active,1.608367,5.39625,0.588252,3.174355,4.943219
Falcon-512_run18,active,1.621102,5.3975,0.541228,2.921276,4.980421
Falcon-512_run18,active,1.633841,5.3975,0.531572,2.869162,5.01697
Falcon-512_run18,active,1.646578,5.39875,0.586285,3.165207,5.057285
Falcon-512_run18,active,1.659318,5.3975,0.540512,2.917416,5.094453
Falcon-512_run18,active,1.672057,5.39625,0.587,3.167601,5.134806
Falcon-512_run18,active,1.684793,5.39375,0.535864,2.890314,5.171617
Falcon-512_run18,active,1.697542,5.3975,0.587358,3.170265,5.212034
Falcon-512_run18,active,1.710279,5.395,0.548737,2.960437,5.249743
Falcon-512_run18,active,1.723014,5.39875,0.586643,3.167138,5.290076
Falcon-512_run18,active,1.735751,5.39125,0.562684,3.033568,5.328713
Falcon-512_run18,active,1.748488,5.3975,0.529427,2.857581,5.365109
Falcon-512_run18,active,1.761231,5.39625,0.564114,3.0441,5.403902
Falcon-512_run18,active,1.773975,5.39625,0.580385,3.131901,5.443814
Falcon-512_run18,active,1.786758,5.39125,0.536936,2.894758,5.480818
Falcon-512_run18,active,1.799496,5.3975,0.570908,3.081478,5.520069
Falcon-512_run18,active,1.812232,5.3975,0.584855,3.156754,5.560273
Falcon-512_run18,active,1.824967,5.40125,0.561968,3.035332,5.59893
Falcon-512_run18,active,1.837706,5.39625,0.587,3.167601,5.639281
Falcon-512_run18,active,1.850442,5.3975,0.568405,3.067967,5.678356
Falcon-512_run18,active,1.863182,5.3975,0.57359,3.095954,5.717797
Falcon-512_run18,active,1.875922,5.39875,0.551777,2.978905,5.75575
Falcon-512_run18,active,1.888659,5.39625,0.585391,3.158917,5.795986
Falcon-512_run18,active,1.901422,5.39625,0.56912,3.071116,5.835182
Falcon-512_run18,active,1.914164,5.3975,0.553207,2.985936,5.873228
Falcon-512_run18,active,1.926898,5.3975,0.528175,2.850826,5.909531
Falcon-512_run18,active,1.939636,5.3975,0.586643,3.166405,5.949862
Falcon-512_run18,active,1.952373,5.3975,0.571981,3.087269,5.989185
Falcon-512_run18,active,1.965108,5.39875,0.541585,2.923883,6.026422
Falcon-512_run18,active,1.977852,5.39625,0.585391,3.158917,6.06668
Falcon-512_run18,active,1.990589,5.39875,0.557677,3.01076,6.105027
Falcon-512_run18,active,2.003323,5.39625,0.588431,3.17532,6.145461
Falcon-512_run18,active,2.016057,5.4,0.587179,3.170768,6.185838
Falcon-512_run18,active,2.028793,5.38125,0.538367,2.897086,6.222734
Falcon-512_run18,active,2.04153,5.39625,0.587358,3.169531,6.263105
Falcon-512_run18,active,2.054265,5.3975,0.56912,3.071827,6.302224
Falcon-512_run18,active,2.067006,5.39625,0.536221,2.893584,6.339092
Falcon-512_run18,active,2.079747,5.3975,0.578239,3.121046,6.378856
Falcon-512_run18,active,2.092483,5.3975,0.577345,3.116221,6.418546
Falcon-512_run18,active,2.105219,5.3975,0.577345,3.116221,6.458235
Falcon-512_run18,active,2.117957,5.39625,0.562147,3.033487,6.496874
Falcon-512_run18,active,2.130733,5.39625,0.538903,2.908056,6.534029
Falcon-512_run18,active,2.143471,5.39625,0.586643,3.165671,6.574352
Falcon-512_run18,active,2.156206,5.3975,0.561074,3.028399,6.61292
Falcon-512_run18,active,2.168948,5.39625,0.575021,3.102956,6.652455
Falcon-512_run18,active,2.18169,5.3975,0.548022,2.957949,6.690148
Falcon-512_run18,active,2.194428,5.3975,0.585212,3.158684,6.730381
Falcon-512_run18,active,2.207162,5.40125,0.584318,3.15605,6.770571
Falcon-512_run18,active,2.219897,5.39875,0.573948,3.098602,6.810033
Falcon-512_run18,active,2.232632,5.39375,0.534612,2.883563,6.846753
Falcon-512_run18,active,2.245398,5.39375,0.586106,3.161311,6.887111
Falcon-512_run18,active,2.258138,5.3975,0.566975,3.060246,6.926098
Falcon-512_run18,active,2.270877,5.39875,0.585749,3.162311,6.966384
Falcon-512_run18,active,2.283618,5.395,0.573233,3.092591,7.005786
Falcon-512_run18,active,2.296353,5.3975,0.584497,3.154824,7.045964
Falcon-512_run18,active,2.309089,5.39625,0.566796,3.058573,7.084916
Falcon-512_run18,active,2.321827,5.39875,0.545876,2.94705,7.122458
Falcon-512_run18,active,2.334563,5.395,0.584318,3.152398,7.162607
Falcon-512_run18,active,2.347303,5.39625,0.531394,2.867533,7.199137
Falcon-512_run18,active,2.360039,5.3975,0.587,3.168335,7.239491
Falcon-512_run18,active,2.372783,5.3975,0.564293,3.04577,7.278305
Falcon-512_run18,active,2.385527,5.3975,0.535148,2.888463,7.315115
Falcon-512_run18,active,2.398263,5.39625,0.556962,3.005506,7.353394
Falcon-512_run18,active,2.410997,5.3975,0.585391,3.159649,7.39363
Falcon-512_run18,active,2.423734,5.39625,0.585212,3.157952,7.433851
Falcon-512_run18,active,2.436469,5.39625,0.555174,2.995858,7.472004
Falcon-512_run18,active,2.449204,5.39625,0.534791,2.885865,7.508754
Falcon-512_run18,active,2.461945,5.3975,0.54087,2.919346,7.545951
Falcon-512_run18,active,2.474723,5.39625,0.584855,3.156023,7.586277
Falcon-512_run18,active,2.487463,5.3975,0.550704,2.972425,7.624148
Falcon-512_run18,active,2.500199,5.3975,0.586106,3.163509,7.664438
Falcon-512_run18,active,2.512934,5.39625,0.568584,3.068221,7.703512
Falcon-512_run18,active,2.525671,5.39875,0.585212,3.159415,7.743754
Falcon-512_run18,active,2.538407,5.385,0.558929,3.009832,7.782086
Falcon-512_run18,active,2.553802,5.39875,0.558035,3.01269,7.828467
Falcon-512_run18,active,2.566562,5.405,0.586285,3.168872,7.868902
Falcon-512_run18,active,2.579312,5.39625,0.568226,3.066292,7.907996
Falcon-512_run18,active,2.592054,5.39625,0.549631,2.965947,7.945788
Falcon-512_run18,active,2.604788,5.39625,0.584497,3.154093,7.985954
Falcon-512_run18,active,2.617526,5.39625,0.559286,3.018049,8.024397
Falcon-512_run18,active,2.63026,5.3975,0.585928,3.162544,8.064669
Falcon-512_run18,active,2.642992,5.39625,0.586464,3.164706,8.104963
Falcon-512_run18,active,2.655727,5.3975,0.590219,3.185706,8.145533
Falcon-512_run18,active,2.668462,5.39625,0.558392,3.013225,8.183905
Falcon-512_run18,active,2.681201,5.3975,0.530142,2.861441,8.220358
Falcon-512_run18,active,2.693948,5.395,0.560359,3.023138,8.258894
Falcon-512_run18,active,2.706746,5.39875,0.58861,3.177756,8.299561
Falcon-512_run18,active,2.719487,5.39625,0.586822,3.166636,8.339909
Falcon-512_run18,active,2.732226,5.3975,0.572696,3.091129,8.379287
Falcon-512_run18,active,2.744964,5.395,0.573769,3.095485,8.418716
Falcon-512_run18,active,2.757705,5.3975,0.564293,3.04577,8.457522
Falcon-512_run18,active,2.770444,5.3975,0.583424,3.149033,8.497639
Falcon-512_run18,active,2.783185,5.395,0.568942,3.06944,8.536744
Falcon-512_run18,active,2.795925,5.39875,0.548737,2.962495,8.574488
Falcon-512_run18,active,2.808662,5.3975,0.585928,3.162544,8.614768
Falcon-512_run18,active,2.821423,5.3975,0.539261,2.91066,8.651911
Falcon-512_run18,active,2.834163,5.3975,0.586464,3.165439,8.692241
Falcon-512_run18,active,2.846898,5.40625,0.561074,3.033308,8.730869
Falcon-512_run18,active,2.859634,5.39625,0.566438,3.056643,8.7698
Falcon-512_run18,active,2.872371,5.3975,0.585034,3.157719,8.810019
Falcon-512_run18,active,2.885116,5.39625,0.537473,2.900338,8.846982
Falcon-512_run18,active,2.897857,5.40125,0.551598,2.979319,8.884943
Falcon-512_run18,active,2.910593,5.3975,0.567332,3.062177,8.923943
Falcon-512_run18,active,2.923328,5.3975,0.587358,3.170265,8.964315
Falcon-512_run18,active,2.936063,5.40125,0.586285,3.166673,9.004642
Falcon-512_run18,active,2.948799,5.395,0.568405,3.066546,9.0437
Falcon-512_run18,active,2.961538,5.39625,0.563399,3.040241,9.082429
Falcon-512_run18,active,2.974273,5.39625,0.531572,2.868498,9.118959
Falcon-512_run18,active,2.987017,5.39875,0.583603,3.150728,9.159112
Falcon-512_run18,active,2.999757,5.3975,0.543194,2.931892,9.196463
Falcon-512_run18,active,3.012499,5.39625,0.586106,3.162777,9.236763
Falcon-512_run18,active,3.025237,5.39375,0.557141,3.005078,9.275042
Falcon-512_run18,active,3.037976,5.39625,0.586106,3.162777,9.315333
Falcon-512_run18,active,3.050734,5.385,0.559823,3.014646,9.353795
Falcon-512_run18,active,3.063471,5.3975,0.529427,2.857581,9.390191
Falcon-512_run18,active,3.076208,5.3975,0.587894,3.17316,9.430607
Falcon-512_run18,active,3.08895,5.39875,0.558392,3.014621,9.46902
Falcon-512_run18,active,3.101693,5.39625,0.585928,3.161812,9.509312
Falcon-512_run18,active,3.114432,5.39625,0.549095,2.963053,9.547056
Falcon-512_run18,active,3.127167,5.39875,0.559286,3.019447,9.585509
Falcon-512_run18,active,3.139901,5.3975,0.582352,3.143243,9.625536
Falcon-512_run18,active,3.152637,5.3875,0.534791,2.881185,9.66223
Falcon-512_run18,active,3.165408,5.3975,0.537473,2.901009,9.69928
Falcon-512_run18,active,3.178149,5.39625,0.573769,3.096202,9.738729
Falcon-512_run18,active,3.190891,5.3975,0.562684,3.037085,9.777428
Falcon-512_run18,active,3.203631,5.39625,0.566438,3.056643,9.816369
Falcon-512_run18,active,3.216369,5.39625,0.586106,3.162777,9.856655
Falcon-512_run18,active,3.229106,5.39875,0.567332,3.062886,9.895668
Falcon-512_run18,active,3.241845,5.39625,0.587537,3.170495,9.936056
Falcon-512_run18,active,3.254581,5.38625,0.568763,3.063499,9.975073
Falcon-512_run18,active,3.26735,5.395,0.588252,3.17362,10.015597
Falcon-512_run18,active,3.280094,5.39625,0.563578,3.041206,10.054355
Falcon-512_run18,active,3.292845,5.39875,0.585391,3.160381,10.094651
Falcon-512_run18,active,3.305595,5.39625,0.568584,3.068221,10.133772
Falcon-512_run18,active,3.318334,5.4,0.57216,3.089664,10.173132
Falcon-512_run18,active,3.331071,5.3975,0.556783,3.005237,10.211409
Falcon-512_run18,active,3.343809,5.39625,0.586285,3.163742,10.251709
Falcon-512_run18,active,3.356546,5.3875,0.545698,2.939946,10.289154
Falcon-512_run18,active,3.369286,5.39625,0.585928,3.161812,10.329438
Falcon-512_run18,active,3.382028,5.3975,0.56018,3.023574,10.367962
Falcon-512_run18,active,3.39477,5.3975,0.585749,3.161579,10.408247
Falcon-512_run18,active,3.407512,5.39375,0.572339,3.087052,10.447584
Falcon-512_run18,active,3.420248,5.3975,0.544625,2.939612,10.485023
Falcon-512_run18,active,3.432983,5.39625,0.585749,3.160847,10.525277
Falcon-512_run18,active,3.445721,5.39625,0.57216,3.087518,10.564604
Falcon-512_run18,active,3.458457,5.38375,0.558035,3.00432,10.602867
Falcon-512_run18,active,3.471191,5.3975,0.542479,2.928031,10.640153
Falcon-512_run18,active,3.483926,5.39625,0.587179,3.168566,10.680506
Falcon-512_run18,active,3.496669,5.3975,0.570908,3.081478,10.719772
Falcon-512_run18,active,3.509412,5.3975,0.55732,3.008133,10.758105
Falcon-512_run18,active,3.522151,5.39125,0.585928,3.158882,10.798347
Falcon-512_run18,active,3.534889,5.3975,0.559644,3.020678,10.836822
Falcon-512_run18,active,3.547623,5.3975,0.58253,3.144208,10.87686
Falcon-512_run18,active,3.560358,5.39875,0.561968,3.033927,10.915499
Falcon-512_run18,active,3.573094,5.3975,0.586822,3.16737,10.955838
Falcon-512_run18,active,3.585829,5.39875,0.586106,3.164242,10.996134
Falcon-512_run18,active,3.598574,5.3975,0.543194,2.931892,11.033503
Falcon-512_run18,active,3.611314,5.39625,0.544982,2.940861,11.070968
Falcon-512_run18,active,3.624051,5.39625,0.585928,3.161812,11.111239
Falcon-512_run18,active,3.636787,5.39625,0.573412,3.094272,11.15065
Falcon-512_run18,active,3.649525,5.39625,0.55571,2.998752,11.188848
Falcon-512_run18,active,3.662261,5.39875,0.587537,3.171964,11.229245
Falcon-512_run18,active,3.674996,5.39875,0.587,3.169068,11.269604
Falcon-512_run18,active,3.687738,5.395,0.546413,2.947897,11.307164
Falcon-512_run18,active,3.700504,5.395,0.548916,2.961402,11.344971
Falcon-512_run18,active,3.713247,5.39625,0.583961,3.151198,11.385127
Falcon-512_run18,active,3.725988,5.3925,0.5752,3.101764,11.424645
Falcon-512_run18,active,3.73873,5.39875,0.572875,3.09281,11.464054
Falcon-512_run18,active,3.751468,5.39625,0.579848,3.129007,11.503913
Falcon-512_run18,active,3.764205,5.3975,0.560002,3.022609,11.542412
Falcon-512_run18,active,3.776941,5.4025,0.54981,2.970349,11.580242
Falcon-512_run18,active,3.789679,5.3975,0.541585,2.923206,11.617477
Falcon-512_run18,active,3.802422,5.39625,0.588431,3.17532,11.657941
Falcon-512_run18,active,3.815162,5.3975,0.54087,2.919346,11.695132
Falcon-512_run18,active,3.830579,5.39625,0.567869,3.064362,11.742376
Falcon-512_run18,active,3.843342,5.39875,0.563399,3.041649,11.781196
Falcon-512_run18,active,3.856082,5.3975,0.580921,3.135522,11.821142
Falcon-512_run18,active,3.86882,5.385,0.579133,3.118632,11.860868
Falcon-512_run18,active,3.88156,5.39625,0.608456,3.283383,11.9027
Falcon-512_run18,active,3.894299,5.3975,0.555174,2.996552,11.94087
Falcon-512_run18,active,3.90704,5.39625,0.580921,3.134796,11.980811
Falcon-512_run18,active,3.919781,5.39625,0.579848,3.129007,12.020678
Falcon-512_run18,active,3.932517,5.39625,0.55285,2.983315,12.058675
Falcon-512_run18,active,3.945255,5.3975,0.586106,3.163509,12.098971
Falcon-512_run18,active,3.957994,5.3975,0.565366,3.051561,12.137844
Falcon-512_run18,active,3.970728,5.38375,0.585749,3.153525,12.178001
Falcon-512_run18,active,3.983467,5.39625,0.585391,3.158917,12.218244
Falcon-512_run18,active,3.996203,5.3975,0.585749,3.161579,12.258508
Falcon-512_run18,active,4.008944,5.40625,0.579848,3.134805,12.29845
Falcon-512_run18,active,4.021689,5.3975,0.544446,2.938647,12.335902
Falcon-512_run18,active,4.034444,5.3875,0.551598,2.971734,12.373808
Falcon-512_run18,active,4.047224,5.39875,0.586285,3.165207,12.414259
Falcon-512_run18,active,4.059983,5.39625,0.560002,3.021909,12.452815
Falcon-512_run18,active,4.072726,5.3975,0.587,3.168335,12.493188
Falcon-512_run18,active,4.085471,5.39625,0.550883,2.972701,12.531077
Falcon-512_run18,active,4.098212,5.3925,0.587,3.1654,12.571405
Falcon-512_run18,active,4.110957,5.39625,0.56769,3.063397,12.610449
Falcon-512_run18,active,4.123702,5.39875,0.588967,3.179687,12.650973
Falcon-512_run18,active,4.13644,5.39625,0.560896,3.026733,12.689529
Falcon-512_run18,active,4.149178,5.39625,0.584855,3.156023,12.729729
Falcon-512_run18,active,4.161916,5.39625,0.587894,3.172425,12.77014
Falcon-512_run18,active,4.174654,5.39625,0.568226,3.066292,12.809198
Falcon-512_run18,active,4.18739,5.39875,0.543731,2.935467,12.846585
Falcon-512_run18,active,4.200126,5.3975,0.529606,2.858546,12.88299
Falcon-512_run18,active,4.212867,5.3975,0.586106,3.163509,12.923299
Falcon-512_run18,active,4.225611,5.39875,0.557677,3.01076,12.961667
Falcon-512_run18,active,4.238344,5.40125,0.589682,3.185022,13.002223
Falcon-512_run18,active,4.251083,5.39625,0.566975,3.059538,13.041197
Falcon-512_run18,active,4.263819,5.3975,0.560359,3.024539,13.079718
Falcon-512_run18,active,4.276555,5.3975,0.586822,3.16737,13.120056
Falcon-512_run18,active,4.289296,5.39625,0.54534,2.942791,13.157551
Falcon-512_run18,active,4.302059,5.395,0.587358,3.168796,13.197997
Falcon-512_run18,active,4.314805,5.39625,0.531215,2.866568,13.234534
Falcon-512_run18,active,4.327551,5.3975,0.57967,3.128767,13.274412
Falcon-512_run18,active,4.340289,5.3975,0.588073,3.174125,13.314843
Falcon-512_run18,active,4.353027,5.39625,0.535148,2.887795,13.351629
Falcon-512_run18,active,4.365766,5.39875,0.587358,3.170999,13.392025
Falcon-512_run18,active,4.378504,5.39875,0.550168,2.970217,13.429858
Falcon-512_run18,active,4.391244,5.395,0.541585,2.921852,13.467083
Falcon-512_run18,active,4.404018,5.3975,0.587358,3.170265,13.507578
Falcon-512_run18,active,4.416761,5.39625,0.58557,3.159882,13.547847
Falcon-512_run18,active,4.429505,5.39625,0.580385,3.131901,13.587758
Falcon-512_run18,active,4.442243,5.3975,0.550883,2.97339,13.625635
Falcon-512_run18,active,4.454979,5.39625,0.585212,3.157952,13.665853
Falcon-512_run18,active,4.467716,5.40125,0.572518,3.092311,13.70524
Falcon-512_run18,active,4.480453,5.3975,0.530321,2.862407,13.741698
Falcon-512_run18,active,4.493188,5.3975,0.586285,3.164474,13.781999
Falcon-512_run18,active,4.505929,5.39875,0.568226,3.067712,13.821084
Falcon-512_run18,active,4.518675,5.40375,0.564293,3.049297,13.85995
Falcon-512_run18,active,4.531417,5.3975,0.549452,2.965669,13.89774
Falcon-512_run18,active,4.544154,5.39875,0.567511,3.063851,13.936765
Falcon-512_run18,active,4.556891,5.39375,0.549631,2.964573,13.974524
Falcon-512_run18,active,4.56963,5.39625,0.58557,3.159882,14.014776
Falcon-512_run18,active,4.582366,5.3975,0.563578,3.04191,14.053517
Falcon-512_run18,active,4.595103,5.395,0.562505,3.034713,14.092171
Falcon-512_run18,active,4.607852,5.39375,0.584855,3.154561,14.132388
Falcon-512_run18,active,4.62059,5.395,0.540691,2.917029,14.169547
Falcon-512_run18,active,4.633332,5.39625,0.568226,3.066292,14.208617
Falcon-512_run18,active,4.646071,5.39625,0.586643,3.165671,14.248945
Falcon-512_run18,active,4.658807,5.40125,0.569299,3.074927,14.288107
Falcon-512_run18,active,4.671543,5.395,0.562147,3.032784,14.326734
Falcon-512_run18,active,4.684278,5.39625,0.586643,3.165671,14.367048
Falcon-512_run18,active,4.697024,5.38125,0.544088,2.927876,14.404367
Falcon-512_run18,active,4.70977,5.39625,0.587179,3.168566,14.444753
Falcon-512_run18,active,4.722518,5.39625,0.533182,2.877181,14.48143
Falcon-512_run18,active,4.735258,5.39625,0.556068,3.000682,14.51966
Falcon-512_run18,active,4.74803,5.4,0.586643,3.167871,14.560121
Falcon-512_run18,active,4.76079,5.39625,0.565187,3.049889,14.599037
Falcon-512_run18,active,4.773566,5.39625,0.560717,3.025768,14.637693
Falcon-512_run18,active,4.786307,5.3975,0.56465,3.047701,14.676525
Falcon-512_run18,active,4.79905,5.3975,0.570551,3.079548,14.715766
Falcon-512_run18,active,4.811789,5.39625,0.586285,3.163742,14.756071
Falcon-512_run18,active,4.824535,5.395,0.559465,3.018315,14.79454
Falcon-512_run18,active,4.837276,5.3975,0.589325,3.180881,14.835069
Falcon-512_run18,active,4.850016,5.39625,0.571445,3.083659,14.874353
Falcon-512_run18,active,4.862751,5.3975,0.568942,3.070862,14.913461
Falcon-512_run18,active,4.875487,5.3975,0.586285,3.164474,14.953765
Falcon-512_run18,active,4.888222,5.39375,0.569299,3.070658,14.992869
Falcon-512_run18,active,4.900957,5.39625,0.529427,2.856919,15.029253
Falcon-512_run18,active,4.913695,5.39625,0.585928,3.161812,15.069527
Falcon-512_run18,active,4.926439,5.39625,0.569299,3.072081,15.108679
Falcon-512_run18,active,4.939177,5.39625,0.586285,3.163742,15.148978
Falcon-512_run18,active,4.951913,5.3975,0.57359,3.095954,15.188409
Falcon-512_run18,active,4.96465,5.39625,0.586643,3.165671,15.22873
Falcon-512_run18,active,4.977422,5.3925,0.569299,3.069946,15.267939
Falcon-512_run18,active,4.990162,5.3975,0.565008,3.049631,15.30679
Falcon-512_run18,active,5.002899,5.3975,0.57967,3.128767,15.346643
Falcon-512_run18,active,5.01564,5.39875,0.558571,3.015586,15.385065
Falcon-512_run18,active,5.028385,5.4,0.563935,3.04525,15.423876
Falcon-512_run18,active,5.041127,5.3975,0.568226,3.067002,15.462956
Falcon-512_run18,active,5.053866,5.3975,0.578597,3.122976,15.502738
Falcon-512_run18,active,5.066603,5.39625,0.548558,2.960158,15.540441
Falcon-512_run18,active,5.079337,5.39875,0.531751,2.870792,15.576998
Falcon-512_run18,active,5.092072,5.39625,0.587358,3.169531,15.617364
Falcon-512_run18,active,5.107595,5.3875,0.575021,3.097925,15.665453
Falcon-512_run18,active,5.120386,5.39625,0.587358,3.169531,15.705994
Falcon-512_run18,active,5.133139,5.39625,0.571624,3.084624,15.745331
Falcon-512_run18,active,5.145885,5.39625,0.548916,2.962088,15.783087
Falcon-512_run18,active,5.158622,5.39125,0.569657,3.071162,15.822204
Falcon-512_run18,active,5.171357,5.395,0.585749,3.160115,15.862448
Falcon-512_run18,active,5.184093,5.3975,0.572875,3.092094,15.901829
Falcon-512_run18,active,5.196829,5.39875,0.532824,2.876584,15.938464
Falcon-512_run18,active,5.209566,5.405,0.586822,3.171771,15.978865
Falcon-512_run18,active,5.222302,5.3975,0.573233,3.094024,16.018269
Falcon-512_run18,active,5.235044,5.4,0.585391,3.161112,16.058548
Falcon-512_run18,active,5.247786,5.3975,0.529069,2.855651,16.094934
Falcon-512_run18,active,5.260522,5.39625,0.586106,3.162777,16.135216
Falcon-512_run18,active,5.273257,5.39625,0.587537,3.170495,16.175591
Falcon-512_run18,active,5.285995,5.39875,0.542837,2.93064,16.212923
Falcon-512_run18,active,5.298729,5.39875,0.533003,2.877549,16.249564
Falcon-512_run18,active,5.311466,5.3825,0.588788,3.169154,16.28993
Falcon-512_run18,active,5.324204,5.38125,0.536758,2.888427,16.326724
Falcon-512_run18,active,5.336938,5.38375,0.543373,2.925385,16.363975
Falcon-512_run18,active,5.349678,5.38375,0.54677,2.943675,16.401478
Falcon-512_run18,active,5.362413,5.385,0.589504,3.174477,16.441905
Falcon-512_run18,active,5.375147,5.3825,0.569478,3.065215,16.480938
Falcon-512_run18,active,5.387884,5.3825,0.567511,3.054629,16.519844
Falcon-512_run18,active,5.400616,5.3825,0.583067,3.138357,16.559801
Falcon-512_run18,active,5.413386,5.39625,0.544625,2.938932,16.597332
Falcon-512_run18,active,5.426134,5.3975,0.583067,3.147103,16.637452
Falcon-512_run18,active,5.438878,5.39625,0.531394,2.867533,16.673995
Falcon-512_run18,active,5.451621,5.38125,0.584855,3.14725,16.7141
Falcon-512_run18,active,5.464357,5.3975,0.56912,3.071827,16.753222
Falcon-512_run18,active,5.477092,5.39875,0.579491,3.128526,16.793066
Falcon-512_run18,active,5.489831,5.3975,0.570908,3.081478,16.832319
Falcon-512_run18,active,5.502565,5.39625,0.588967,3.178214,16.872793
Falcon-512_run18,active,5.5153,5.3975,0.569657,3.074723,16.911948
Falcon-512_run18,active,5.528036,5.395,0.556604,3.002881,16.950194
Falcon-512_run18,active,5.540777,5.39625,0.539976,2.913845,16.987319
Falcon-512_run18,active,5.553521,5.3975,0.546234,2.948298,17.024891
Falcon-512_run18,active,5.566258,5.3975,0.587,3.168335,17.065247
Falcon-512_run18,active,5.57899,5.395,0.560717,3.025067,17.103761
Falcon-512_run18,active,5.591725,5.39625,0.536579,2.895513,17.140636
Falcon-512_run18,active,5.604459,5.39625,0.550525,2.970772,17.178466
Falcon-512_run18,active,5.617193,5.3975,0.550346,2.970495,17.216292
Falcon-512_run18,active,5.629933,5.3975,0.559286,3.018748,17.254749
Falcon-512_run18,active,5.642717,5.395,0.585749,3.160115,17.295149
Falcon-512_run18,active,5.655458,5.3975,0.560002,3.022609,17.33366
Falcon-512_run18,active,5.668192,5.39875,0.558929,3.017517,17.372085
Falcon-512_run18,active,5.680926,5.3975,0.586285,3.164474,17.412382
Falcon-512_run18,active,5.693666,5.3975,0.567154,3.061212,17.451383
Falcon-512_run18,active,5.706411,5.39875,0.57806,3.120804,17.491155
Falcon-512_run18,active,5.719145,5.39875,0.559286,3.019447,17.529606
Falcon-512_run18,active,5.731881,5.3975,0.587,3.168335,17.569959
Falcon-512_run18,active,5.744623,5.39625,0.568942,3.070151,17.609078
Falcon-512_run18,active,5.757391,5.3975,0.554816,2.994622,17.647313
Falcon-512_run18,active,5.770132,5.3975,0.555889,3.000412,17.685543
Falcon-512_run18,active,5.782867,5.3975,0.588073,3.174125,17.725965
Falcon-512_run18,active,5.795603,5.3975,0.56018,3.023574,17.764472
Falcon-512_run18,active,5.808337,5.39625,0.563399,3.040241,17.803187
Falcon-512_run18,active,5.821073,5.39625,0.560896,3.026733,17.841736
Falcon-512_run18,active,5.83381,5.39625,0.591649,3.192687,17.882401
Falcon-512_run18,active,5.846552,5.395,0.574306,3.098379,17.92188
Falcon-512_run18,active,5.85929,5.3975,0.580921,3.135522,17.961819
Falcon-512_run18,active,5.872023,5.39625,0.529963,2.859814,17.998235
Falcon-512_run18,active,5.884757,5.39625,0.539261,2.909986,18.035289
Falcon-512_run18,active,5.897493,5.3975,0.584855,3.156754,18.075494
Falcon-512_run18,active,5.910226,5.39625,0.562147,3.033487,18.114121
Falcon-512_run18,active,5.922959,5.3975,0.541943,2.925136,18.151365
Falcon-512_run18,active,5.935695,5.39875,0.587358,3.170999,18.191752
Falcon-512_run18,active,5.948436,5.39875,0.567332,3.062886,18.230776
Falcon-512_run18,active,5.961175,5.39375,0.574484,3.098625,18.270249
Falcon-512_run18,active,5.973912,5.4,0.55875,3.01725,18.308681
Falcon-512_run18,active,5.986647,5.3975,0.541406,2.922241,18.345894
Falcon-512_run18,active,5.999383,5.40125,0.583067,3.14929,18.386003
Falcon-512_run18,active,6.012118,5.395,0.566438,3.055935,18.424921
Falcon-512_run18,active,6.024854,5.3975,0.587894,3.17316,18.465336
Falcon-512_run18,active,6.037591,5.3975,0.572339,3.089199,18.504682
Falcon-512_run18,active,6.050333,5.39375,0.560717,3.024366,18.543219
Falcon-512_run18,active,6.06307,5.39625,0.556426,3.002612,18.581461
Falcon-512_run18,active,6.075804,5.395,0.587,3.166867,18.621788
Falcon-512_run18,active,6.088539,5.39625,0.536579,2.895513,18.658664
Falcon-512_run18,active,6.101273,5.3975,0.587537,3.17123,18.699045
Falcon-512_run18,active,6.11401,5.39875,0.586285,3.165207,18.739361
Falcon-512_run18,active,6.126743,5.39625,0.551598,2.976561,18.777261
Falcon-512_run18,active,6.139477,5.40125,0.586464,3.167639,18.817598
Falcon-512_run18,active,6.152218,5.39625,0.559644,3.019979,18.856076
Falcon-512_run18,active,6.164956,5.395,0.540512,2.916064,18.893221
Falcon-512_run18,active,6.177691,5.40125,0.587716,3.174399,18.933649
Falcon-512_run18,active,6.190426,5.38875,0.574306,3.094789,18.973058
Falcon-512_run18,active,6.20316,5.39875,0.548737,2.962495,19.010784
Falcon-512_run18,active,6.215895,5.39625,0.586106,3.162777,19.05106
Falcon-512_run18,active,6.228628,5.39625,0.536758,2.896478,19.087942
Falcon-512_run18,active,6.241395,5.39625,0.566796,3.058573,19.126992
Falcon-512_run18,active,6.254142,5.39625,0.586106,3.162777,19.167308
Falcon-512_run18,active,6.266879,5.3975,0.572696,3.091129,19.206679
Falcon-512_run18,active,6.279615,5.3975,0.529248,2.856616,19.243059
Falcon-512_run18,active,6.292351,5.3975,0.587,3.168335,19.283412
Falcon-512_run18,active,6.305084,5.39875,0.571266,3.084122,19.322684
Falcon-512_run18,active,6.317819,5.3975,0.560717,3.026469,19.361224
Falcon-512_run18,active,6.33081,5.39375,0.586643,3.164205,19.402331
Falcon-512_run18,active,6.343564,5.3925,0.530678,2.861683,19.438828
Falcon-512_run18,active,6.356314,5.39375,0.587358,3.168062,19.479221
Falcon-512_run18,active,6.369049,5.39625,0.563041,3.038311,19.517913
Falcon-512_run18,active,6.384443,5.3975,0.558392,3.013923,19.56431
Falcon-512_run18,active,6.397196,5.40875,0.588073,3.180741,19.604876
Falcon-512_run18,active,6.409938,5.395,0.541049,2.918958,19.642069
Falcon-512_run18,active,6.422711,5.39875,0.578954,3.12563,19.681991
Falcon-512_run18,active,6.435454,5.39875,0.566975,3.060955,19.720999
Falcon-512_run18,active,6.448193,5.3925,0.548022,2.955209,19.758643
Falcon-512_run18,active,6.460936,5.39625,0.567869,3.064362,19.797694
Falcon-512_run18,active,6.47368,5.3975,0.587,3.168335,19.838071
Falcon-512_run18,active,6.486417,5.39625,0.570193,3.076905,19.877262
Falcon-512_run18,active,6.49915,5.3975,0.531036,2.866267,19.913758
Falcon-512_run18,active,6.511886,5.3975,0.584318,3.153859,19.953924
Falcon-512_run18,active,6.524621,5.39625,0.570014,3.07594,19.993096
Falcon-512_run18,active,6.537382,5.395,0.591649,3.191947,20.033829
Falcon-512_run18,active,6.55012,5.39,0.537294,2.896015,20.070719
Falcon-512_run18,active,6.56286,5.39625,0.561074,3.027698,20.109292
Falcon-512_run18,active,6.575598,5.39625,0.586106,3.162777,20.14958
Falcon-512_run18,active,6.588332,5.3975,0.562326,3.035155,20.188228
Falcon-512_run18,active,6.601068,5.39875,0.591292,3.192236,20.228884
Falcon-512_run18,active,6.613804,5.39625,0.561074,3.027698,20.267447
Falcon-512_run18,active,6.626539,5.38625,0.56465,3.041348,20.306178
Falcon-512_run18,active,6.639304,5.39875,0.552671,2.983731,20.344264
Falcon-512_run18,active,6.652052,5.39875,0.586106,3.164242,20.384602
Falcon-512_run18,active,6.664794,5.39625,0.568942,3.070151,20.423724
Falcon-512_run18,active,6.677537,5.3975,0.558929,3.016818,20.462167
Falcon-512_run18,active,6.690276,5.39625,0.592364,3.196546,20.502888
Falcon-512_run18,active,6.703018,5.3975,0.571445,3.084373,20.542188
Falcon-512_run18,active,6.715753,5.39625,0.530857,2.864638,20.57867
Falcon-512_run18,active,6.728489,5.39625,0.568048,3.065327,20.617708
Falcon-512_run18,active,6.741224,5.3975,0.548558,2.960844,20.655416
Falcon-512_run18,active,6.753964,5.3975,0.587,3.168335,20.695781
Falcon-512_run18,active,6.766739,5.39625,0.572875,3.091378,20.735272
Falcon-512_run18,active,6.77948,5.39625,0.526208,2.839552,20.771451
Falcon-512_run18,active,6.792215,5.395,0.540334,2.9151,20.808576
Falcon-512_run18,active,6.804951,5.39625,0.587894,3.172425,20.84898
Falcon-512_run18,active,6.817689,5.3975,0.55571,2.999447,20.887185
Falcon-512_run18,active,6.830425,5.39375,0.536042,2.891279,20.924008
Falcon-512_run18,active,6.843158,5.3975,0.586285,3.164474,20.964302
Falcon-512_run18,active,6.855893,5.39625,0.562684,3.036381,21.00297
Falcon-512_run18,active,6.868634,5.395,0.533539,2.878444,21.039645
Falcon-512_run18,active,6.881407,5.39625,0.585928,3.161812,21.08003
Falcon-512_run18,active,6.894147,5.3975,0.569657,3.074723,21.119202
Falcon-512_run18,active,6.906883,5.3975,0.571624,3.085338,21.158498
Falcon-512_run18,active,6.919618,5.3925,0.552313,2.978349,21.196428
Falcon-512_run18,active,6.932353,5.3975,0.569478,3.073758,21.23557
Falcon-512_run18,active,6.945088,5.39625,0.576451,3.110675,21.275186
Falcon-512_run18,active,6.957826,5.3975,0.53336,2.878813,21.311855
Falcon-512_run18,active,6.970567,5.40625,0.551777,2.983043,21.349862
Falcon-512_run18,active,6.983306,5.3975,0.587537,3.17123,21.390261
Falcon-512_run18,active,6.996041,5.3975,0.544088,2.936717,21.42766
Falcon-512_run18,active,7.008769,5.39625,0.544088,2.936037,21.465029
Falcon-512_run18,active,7.021507,5.3975,0.565723,3.053491,21.503927
Falcon-512_run18,active,7.034243,5.395,0.560896,3.026032,21.542467
Falcon-512_run18,active,7.046976,5.39625,0.562505,3.035417,21.581114
Falcon-512_run18,active,7.059714,5.39625,0.528354,2.85113,21.617433
Falcon-512_run18,active,7.072455,5.3975,0.586285,3.164474,21.657751
Falcon-512_run18,active,7.085193,5.38375,0.566081,3.047638,21.696573
Falcon-512_run18,active,7.097932,5.3975,0.56769,3.064107,21.735606
Falcon-512_run18,active,7.110693,5.3975,0.552671,2.983041,21.773673
Falcon-512_run18,active,7.12343,5.395,0.542479,2.926675,21.810949
Falcon-512_run18,active,7.136164,5.3975,0.551777,2.978215,21.848874
Falcon-512_run18,active,7.1489,5.39625,0.584676,3.155058,21.889056
Falcon-512_run18,active,7.161636,5.3975,0.5423,2.927066,21.926337
Falcon-512_run18,active,7.174379,5.3975,0.587537,3.17123,21.966746
Falcon-512_run18,active,7.18712,5.39625,0.585391,3.158917,22.006996
Falcon-512_run18,active,7.199868,5.39625,0.573233,3.093307,22.046429
Falcon-512_run18,active,7.212609,5.39625,0.563578,3.041206,22.085176
Falcon-512_run18,active,7.225345,5.3975,0.585391,3.159649,22.125416
Falcon-512_run18,active,7.238084,5.39875,0.572875,3.09281,22.164817
Falcon-512_run18,active,7.250819,5.39375,0.535148,2.886457,22.201576
Falcon-512_run18,active,7.263553,5.39875,0.588967,3.179687,22.242066
Falcon-512_run18,active,7.276296,5.39625,0.555532,2.997787,22.280266
Falcon-512_run18,active,7.289036,5.395,0.586464,3.163973,22.320575
Falcon-512_run18,active,7.301773,5.39625,0.562505,3.035417,22.359239
Falcon-512_run18,active,7.314508,5.39625,0.587179,3.168566,22.399589
Falcon-512_run18,active,7.327241,5.3975,0.558392,3.013923,22.437966
Falcon-512_run18,active,7.340003,5.40125,0.592543,3.200474,22.478811
Falcon-512_run18,active,7.35274,5.39375,0.555353,2.995434,22.516962
Falcon-512_run18,active,7.365501,5.395,0.56769,3.062688,22.556045
Falcon-512_run18,active,7.378249,5.39625,0.543016,2.930248,22.5934
Falcon-512_run18,active,7.390989,5.4,0.589325,3.182354,22.633945
Falcon-512_run18,active,7.403733,5.39875,0.560538,3.026205,22.672509
Falcon-512_run18,active,7.416469,5.39875,0.557498,3.009794,22.710844
Falcon-512_run18,active,7.429207,5.39375,0.589146,3.177706,22.751321
Falcon-512_run18,active,7.441946,5.39625,0.562505,3.035417,22.789988
Falcon-512_run18,active,7.454713,5.38,0.550168,2.959902,22.827776
Falcon-512_run18,active,7.467455,5.39625,0.587537,3.170495,22.868175
Falcon-512_run18,active,7.480197,5.39625,0.587894,3.172425,22.9086
Falcon-512_run18,active,7.492937,5.39625,0.573948,3.097167,22.948057
Falcon-512_run18,active,7.505676,5.39625,0.558571,3.01419,22.986455
Falcon-512_run18,active,7.518413,5.39625,0.573233,3.093307,23.025854
Falcon-512_run18,active,7.531147,5.39625,0.585749,3.160847,23.066103
Falcon-512_run18,active,7.54388,5.39625,0.590755,3.187863,23.106697
Falcon-512_run18,active,7.556615,5.38375,0.57073,3.072665,23.145825
Falcon-512_run18,active,7.569352,5.39625,0.589861,3.183039,23.186369
Falcon-512_run18,active,7.582102,5.3975,0.575736,3.107535,23.225988
Falcon-512_run18,active,7.59484,5.39875,0.588252,3.175825,23.266442
Falcon-512_run18,active,7.607576,5.39875,0.574127,3.099567,23.305918
Falcon-512_run18,active,7.620311,5.39375,0.52746,2.844987,23.34215
Falcon-512_run18,active,7.633046,5.39875,0.587537,3.171964,23.382545
Falcon-512_run18,active,7.645784,5.39625,0.571087,3.081729,23.4218
Falcon-512_run18,active,7.661146,5.39375,0.563935,3.041725,23.468527
Falcon-512_run18,active,7.673903,5.3975,0.576451,3.111395,23.508219
Falcon-512_run18,active,7.686643,5.39375,0.573412,3.092839,23.547621
Falcon-512_run18,active,7.699387,5.39625,0.582709,3.144445,23.587694
Falcon-512_run18,active,7.712122,5.39625,0.537294,2.899373,23.62462
Falcon-512_run18,active,7.724858,5.395,0.560538,3.024103,23.663134
Falcon-512_run18,active,7.737595,5.39625,0.587894,3.172425,23.70354
Falcon-512_run18,active,7.750331,5.3975,0.570372,3.078583,23.74275
Falcon-512_run18,active,7.763064,5.39625,0.529427,2.856919,23.779126
Falcon-512_run18,active,7.7758,5.3975,0.589146,3.179916,23.819625
Falcon-512_run18,active,7.788543,5.3975,0.576809,3.113325,23.859299
Falcon-512_run18,active,7.801283,5.39625,0.553744,2.988139,23.897368
Falcon-512_run18,active,7.814021,5.395,0.546949,2.950791,23.934954
Falcon-512_run18,active,7.826755,5.39625,0.587716,3.17146,23.975339
Falcon-512_run18,active,7.83949,5.3975,0.576272,3.11043,24.014952
Falcon-512_run18,active,7.852224,5.3975,0.553207,2.985936,24.052974
Falcon-512_run18,active,7.864959,5.3975,0.553565,2.987866,24.091024
Falcon-512_run18,active,7.877698,5.3975,0.568763,3.069897,24.130133
Falcon-512_run18,active,7.890439,5.39,0.57967,3.124419,24.169942
Falcon-512_run18,active,7.90318,5.39875,0.544088,2.937397,24.207365
Falcon-512_run18,active,7.915915,5.3975,0.589325,3.180881,24.247874
Falcon-512_run18,active,7.928649,5.3975,0.588967,3.17895,24.288355
Falcon-512_run18,active,7.941435,5.39625,0.565187,3.049889,24.327351
Falcon-512_run18,active,7.954179,5.39625,0.592543,3.197511,24.368102
Falcon-512_run18,active,7.966917,5.39625,0.574663,3.101026,24.407601
Falcon-512_run18,active,7.979655,5.39625,0.547664,2.955334,24.445246
Falcon-512_run18,active,7.992397,5.39375,0.545876,2.944321,24.482764
Falcon-512_run18,active,8.005139,5.39625,0.589682,3.182074,24.52331
Falcon-512_run18,active,8.017876,5.39625,0.586822,3.166636,24.563642
Falcon-512_run18,active,8.030615,5.395,0.569836,3.074263,24.602804
Falcon-512_run18,active,8.043348,5.39625,0.589325,3.180144,24.643297
Falcon-512_run18,active,8.056083,5.39625,0.5752,3.103921,24.682825
Falcon-512_run18,active,8.068818,5.38375,0.574306,3.091918,24.722201
Falcon-512_run18,active,8.081557,5.3875,0.559465,3.014119,24.760598
Falcon-512_run18,active,8.094299,5.39625,0.539618,2.911916,24.797701
Falcon-512_run18,active,8.107036,5.39625,0.587894,3.172425,24.838111
Falcon-512_run18,active,8.119772,5.39875,0.559286,3.019447,24.876566
Falcon-512_run18,active,8.132507,5.39625,0.587537,3.170495,24.916941
Falcon-512_run18,active,8.145241,5.395,0.570014,3.075228,24.956103
Falcon-512_run18,active,8.15798,5.3975,0.551419,2.976285,24.994017
Falcon-512_run18,active,8.170752,5.38375,0.585749,3.153525,25.034294
Falcon-512_run18,active,8.183513,5.39625,0.561968,3.032522,25.07299
Falcon-512_run18,active,8.196293,5.39625,0.530142,2.860779,25.109553
Falcon-512_run18,active,8.209048,5.39625,0.59004,3.184003,25.150165
Falcon-512_run18,active,8.221797,5.39625,0.584855,3.156023,25.1904
Falcon-512_run18,active,8.234536,5.39625,0.587179,3.168566,25.230765
Falcon-512_run18,active,8.247271,5.39625,0.561253,3.028663,25.269335
Falcon-512_run18,active,8.260034,5.3975,0.59147,3.192461,25.31008
Falcon-512_run18,active,8.272771,5.3825,0.570372,3.070027,25.349182
Falcon-512_run18,active,8.28554,5.395,0.588431,3.174584,25.389719
Falcon-512_run18,active,8.298295,5.39625,0.536758,2.896478,25.426664
Falcon-512_run18,active,8.311039,5.395,0.589325,3.179407,25.467181
Falcon-512_run18,active,8.323778,5.3975,0.561432,3.030329,25.505785
Falcon-512_run18,active,8.336516,5.39875,0.589146,3.180652,25.546299
Falcon-512_run18,active,8.349252,5.3975,0.587894,3.17316,25.586714
Falcon-512_run18,active,8.361989,5.395,0.57073,3.079086,25.625933
Falcon-512_run18,active,8.374724,5.385,0.572518,3.083007,25.665196
Falcon-512_run18,active,8.387464,5.3975,0.58861,3.17702,25.705668
Falcon-512_run18,active,8.400205,5.3975,0.548201,2.958914,25.743367
Falcon-512_run18,active,8.412945,5.39625,0.570193,3.076905,25.782568
Falcon-512_run18,active,8.425684,5.3975,0.587894,3.17316,25.822992
Falcon-512_run18,active,8.438419,5.3975,0.569657,3.074723,25.862149
Falcon-512_run18,active,8.451152,5.40125,0.562147,3.036298,25.900809
Falcon-512_run18,active,8.463888,5.39625,0.565008,3.048924,25.939639
Falcon-512_run18,active,8.476625,5.3825,0.587894,3.164342,25.979946
Falcon-512_run18,active,8.489403,5.3975,0.570551,3.079548,26.019296
Falcon-512_run18,active,8.502152,5.3925,0.564114,3.041985,26.058078
Falcon-512_run18,active,8.51489,5.39625,0.590398,3.185933,26.09866
Falcon-512_run18,active,8.527626,5.39625,0.540512,2.91674,26.135807
Falcon-512_run18,active,8.540361,5.39375,0.571802,3.084159,26.175083
Falcon-512_run18,active,8.553096,5.3975,0.581815,3.140348,26.215076
Falcon-512_run18,active,8.565833,5.39625,0.587358,3.169531,26.255447
Falcon-512_run18,active,8.578568,5.39625,0.580385,3.131901,26.295331
Falcon-512_run18,active,8.591301,5.40125,0.587,3.170536,26.335704
Falcon-512_run18,active,8.604042,5.39625,0.570014,3.07594,26.374893
Falcon-512_run18,active,8.61678,5.39625,0.560717,3.025768,26.413435
Falcon-512_run18,active,8.629518,5.395,0.552313,2.97973,26.45139
Falcon-512_run18,active,8.642255,5.39625,0.587894,3.172425,26.491797
Falcon-512_run18,active,8.654988,5.395,0.58861,3.175549,26.532232
Falcon-512_run18,active,8.667723,5.39625,0.578418,3.121288,26.571981
Falcon-512_run18,active,8.680457,5.39625,0.554995,2.994893,26.61012
Falcon-512_run18,active,8.693195,5.3975,0.587179,3.1693,26.65049
Falcon-512_run18,active,8.705949,5.395,0.563041,3.037607,26.689232
Falcon-512_run18,active,8.718725,5.39625,0.586643,3.165671,26.729674
Falcon-512_run18,active,8.731462,5.39625,0.582888,3.145409,26.769738
Falcon-512_run18,active,8.744197,5.39625,0.570908,3.080764,26.808973
Falcon-512_run18,active,8.756934,5.39625,0.571802,3.085589,26.848272
Falcon-512_run18,active,8.769673,5.39625,0.565544,3.051819,26.887151
Falcon-512_run18,active,8.782409,5.39625,0.590398,3.185933,26.927727
Falcon-512_run18,active,8.795144,5.3975,0.573769,3.096919,26.967165
Falcon-512_run18,active,8.807886,5.395,0.561611,3.02989,27.005772
Falcon-512_run18,active,8.820626,5.39625,0.544088,2.936037,27.043178
Falcon-512_run18,active,8.833391,5.3975,0.588967,3.17895,27.083756
Falcon-512_run18,active,8.846133,5.3975,0.565187,3.050596,27.122628
Falcon-512_run18,active,8.858868,5.3975,0.547128,2.953123,27.160234
Falcon-512_run18,active,8.871605,5.4025,0.589861,3.186725,27.200824
Falcon-512_run18,active,8.88434,5.39625,0.569299,3.072081,27.239949
Falcon-512_run18,active,8.897076,5.39625,0.551777,2.977526,27.27787
Falcon-512_run18,active,8.90982,5.3975,0.588252,3.17509,27.318333
Falcon-512_run18,active,8.922559,5.39375,0.571981,3.085124,27.357636
Falcon-512_run18,active,8.937786,5.39625,0.570908,3.080764,27.404544
Falcon-512_run18,active,8.950536,5.39625,0.563041,3.038311,27.443284
Falcon-512_run18,active,8.963271,5.39625,0.573233,3.093307,27.482678
Falcon-512_run18,active,8.976028,5.3975,0.583603,3.149998,27.522861
Falcon-512_run18,active,8.988765,5.3825,0.562147,3.025757,27.561401
Falcon-512_run18,active,9.001505,5.39625,0.565008,3.048924,27.600243
Falcon-512_run18,active,9.014247,5.39625,0.588967,3.178214,27.64074
Falcon-512_run18,active,9.026987,5.39625,0.53497,2.88683,27.677518
Falcon-512_run18,active,9.039724,5.39875,0.587894,3.173895,27.717945
Falcon-512_run18,active,9.052461,5.3975,0.568763,3.069897,27.757045
Falcon-512_run18,active,9.065196,5.3975,0.553565,2.987866,27.795096
Falcon-512_run18,active,9.077934,5.39625,0.540512,2.91674,27.83225
Falcon-512_run18,active,9.090696,5.39875,0.588431,3.176791,27.872792
Falcon-512_run18,active,9.103449,5.395,0.536936,2.896772,27.909734
Falcon-512_run18,active,9.116229,5.395,0.588788,3.176513,27.950332
Falcon-512_run18,active,9.128978,5.39625,0.575378,3.104886,27.989915
Falcon-512_run18,active,9.141724,5.39875,0.53497,2.888167,28.026729
Falcon-512_run18,active,9.154463,5.39625,0.588967,3.178214,28.067213
Falcon-512_run18,active,9.167196,5.39625,0.570372,3.07787,28.106406
Falcon-512_run18,active,9.179932,5.39625,0.560717,3.025768,28.14494
Falcon-512_run18,active,9.192667,5.395,0.530857,2.863975,28.181414
Falcon-512_run18,active,9.20544,5.39625,0.588431,3.17532,28.221972
Falcon-512_run18,active,9.218211,5.3975,0.551777,2.978215,28.260006
Falcon-512_run18,active,9.230953,5.39625,0.587894,3.172425,28.300431
Falcon-512_run18,active,9.243688,5.39875,0.563041,3.039719,28.339142
Falcon-512_run18,active,9.256426,5.39875,0.588073,3.17486,28.379584
Falcon-512_run18,active,9.269163,5.39875,0.571087,3.083157,28.418853
Falcon-512_run18,active,9.281902,5.39,0.535685,2.887341,28.455633
Falcon-512_run18,active,9.294637,5.39625,0.563756,3.04217,28.494376
Falcon-512_run18,active,9.307371,5.39625,0.55124,2.974631,28.532257
Falcon-512_run18,active,9.320114,5.3975,0.589861,3.183776,28.572826
Falcon-512_run18,active,9.332853,5.39625,0.541943,2.924459,28.610081
Falcon-512_run18,active,9.345592,5.3975,0.588073,3.174125,28.650517
Falcon-512_run18,active,9.358329,5.39625,0.539618,2.911916,28.687605
Falcon-512_run18,active,9.371061,5.39625,0.570193,3.076905,28.72678
Falcon-512_run18,active,9.383798,5.39625,0.582709,3.144445,28.766832
Falcon-512_run18,active,9.396535,5.3975,0.570908,3.081478,28.80608
Falcon-512_run18,active,9.409271,5.39625,0.585391,3.158917,28.846312
Falcon-512_run18,active,9.422016,5.39625,0.574484,3.100061,28.885821
Falcon-512_run18,active,9.434753,5.3975,0.559108,3.017783,28.924259
Falcon-512_run18,active,9.447489,5.395,0.564293,3.04436,28.963032
Falcon-512_run18,active,9.460224,5.3975,0.582888,3.146138,29.003099
Falcon-512_run18,active,9.472958,5.39625,0.563756,3.04217,29.041837
Falcon-512_run18,active,9.485696,5.395,0.588431,3.174584,29.082275
Falcon-512_run18,active,9.49843,5.39375,0.563041,3.036903,29.120948
Falcon-512_run18,active,9.511171,5.395,0.576272,3.10899,29.160559
Falcon-512_run18,active,9.523914,5.39875,0.581636,3.14011,29.200572
Falcon-512_run18,active,9.536654,5.3975,0.574127,3.098849,29.240054
Falcon-512_run18,active,9.549418,5.39625,0.531215,2.866568,29.276641
Falcon-512_run18,active,9.562154,5.39375,0.590219,3.183493,29.317185
Falcon-512_run18,active,9.574887,5.39625,0.56322,3.039276,29.355886
Falcon-512_run18,active,9.587621,5.39625,0.566081,3.054714,29.394785
Falcon-512_run18,active,9.600355,5.39625,0.583424,3.148304,29.434875
Falcon-512_run18,active,9.613091,5.4025,0.538903,2.911425,29.471954
Falcon-512_run18,active,9.625835,5.39625,0.554816,2.993928,29.510111
Falcon-512_run18,active,9.638576,5.39875,0.588788,3.178721,29.550609
Falcon-512_run18,active,9.651309,5.395,0.535506,2.889055,29.587395
Falcon-512_run18,active,9.664043,5.3975,0.565544,3.052526,29.626268
Falcon-512_run18,active,9.676778,5.3975,0.589146,3.179916,29.666764
Falcon-512_run18,active,9.689518,5.39625,0.567511,3.062432,29.70578
Falcon-512_run18,active,9.702262,5.39875,0.565187,3.051302,29.744665
Falcon-512_run18,active,9.714995,5.3975,0.555532,2.998482,29.782845
Falcon-512_run18,active,9.727738,5.39625,0.588431,3.17532,29.823305
Falcon-512_run18,active,9.740477,5.395,0.576809,3.111883,29.86295
Falcon-512_run18,active,9.753212,5.3925,0.559465,3.016916,29.90137
Falcon-512_run18,active,9.76595,5.3975,0.529427,2.857581,29.937771
Falcon-512_run18,active,9.778732,5.3975,0.546592,2.950228,29.97548
Falcon-512_run18,active,9.791468,5.40125,0.586106,3.165707,30.015797
Falcon-512_run18,active,9.804201,5.39875,0.590576,3.188374,30.056395
Falcon-512_run18,active,9.816933,5.39625,0.542479,2.927353,30.093668
Falcon-512_run18,active,9.829678,5.3975,0.59004,3.184741,30.134257
Falcon-512_run18,active,9.842419,5.39625,0.563756,3.04217,30.173016
Falcon-512_run18,active,9.855152,5.3975,0.588967,3.17895,30.213494
Falcon-512_run18,active,9.867886,5.3975,0.562147,3.03419,30.252131
Falcon-512_run18,active,9.880621,5.3975,0.590576,3.187636,30.292726
Falcon-512_run18,active,9.893383,5.3975,0.544088,2.936717,30.330205
Falcon-512_run18,active,9.906123,5.395,0.589325,3.179407,30.370709
Falcon-512_run18,active,9.918858,5.39625,0.570193,3.076905,30.409894
Falcon-512_run18,active,9.9316,5.3975,0.550168,2.96953,30.447733
Falcon-512_run18,active,9.944341,5.3975,0.551956,2.97918,30.485688
Falcon-512_run18,active,9.957076,5.3975,0.589325,3.180881,30.526197
Falcon-512_run18,active,9.969812,5.39625,0.589325,3.180144,30.5667
Falcon-512_run18,active,9.982548,5.39875,0.536758,2.89782,30.603608
Falcon-512_run18,active,9.995306,5.39625,0.562505,3.035417,30.642334
Falcon-512_run18,active,10.008041,5.39375,0.588788,3.175777,30.682776
Falcon-512_run18,active,10.020777,5.395,0.573948,3.096449,30.722212
Falcon-512_run18,active,10.033518,5.3975,0.587179,3.1693,30.762592
Falcon-512_run18,active,10.04626,5.3975,0.572696,3.091129,30.801979
Falcon-512_run18,active,10.058992,5.39625,0.557498,3.008401,30.840283
Falcon-512_run18,active,10.071728,5.395,0.588967,3.177478,30.88075
Falcon-512_run18,active,10.084463,5.3975,0.563399,3.040945,30.919477
Falcon-512_run18,active,10.097197,5.3975,0.575021,3.103675,30.959001
Falcon-512_run18,active,10.109936,5.39625,0.587537,3.170495,30.999388
Falcon-512_run18,active,10.122701,5.4,0.566438,3.058767,31.038435
Falcon-512_run18,active,10.135445,5.3975,0.56465,3.047701,31.077273
Falcon-512_run18,active,10.148184,5.395,0.589682,3.181337,31.117801
Falcon-512_run18,active,10.16092,5.39375,0.55875,3.013758,31.156185
Falcon-512_run18,active,10.173668,5.38625,0.539797,2.907483,31.193247
Falcon-512_run18,active,10.186471,5.39375,0.588967,3.176742,31.233919
Falcon-512_run18,active,10.199225,5.3975,0.570908,3.081478,31.273221
Falcon-512_run18,active,10.214656,5.39625,0.571087,3.081729,31.320775
Falcon-512_run18,active,10.227416,5.39625,0.530321,2.861744,31.35729
Falcon-512_run18,active,10.240165,5.4,0.589325,3.182354,31.397865
Falcon-512_run18,active,10.25291,5.3875,0.584676,3.149942,31.438011
Falcon-512_run18,active,10.265348,5.3875,0.559823,3.016045,31.475524
Falcon-512_run18,active,10.277787,5.39,0.565723,3.049248,31.513452
Falcon-512_run18,active,10.290221,5.38875,0.584318,3.148746,31.552603
Falcon-512_run18,active,10.302651,5.38875,0.56179,3.027344,31.590233
Falcon-512_run18,active,10.31508,5.3925,0.540155,2.912785,31.626438
Falcon-512_run18,active,10.327514,5.38875,0.589504,3.176688,31.665936
Falcon-512_run18,active,10.339945,5.3875,0.580921,3.129713,31.704841
Falcon-512_run18,active,10.352391,5.39625,0.53944,2.910951,31.741072
Falcon-512_run18,active,10.365131,5.39625,0.548022,2.957264,31.778746
Falcon-512_run18,active,10.377869,5.3975,0.589861,3.183776,31.819301
Falcon-512_run18,active,10.390606,5.39625,0.572339,3.088483,31.85864
Falcon-512_run18,active,10.40334,5.3975,0.564293,3.04577,31.897425
Falcon-512_run18,active,10.416077,5.39625,0.529963,2.859814,31.93385
Falcon-512_run18,active,10.428814,5.395,0.588252,3.17362,31.974271
Falcon-512_run18,active,10.441561,5.39875,0.569657,3.075435,32.013474
Falcon-512_run18,active,10.454301,5.39625,0.561253,3.028663,32.052061
Falcon-512_run18,active,10.467036,5.3975,0.565008,3.049631,32.090898
Falcon-512_run18,active,10.479773,5.39625,0.54838,2.959193,32.128588
Falcon-512_run18,active,10.492509,5.4,0.572339,3.09063,32.167949
Falcon-512_run18,active,10.505245,5.39375,0.592901,3.197959,32.208679
Falcon-512_run18,active,10.517982,5.39625,0.562505,3.035417,32.247341
Falcon-512_run18,active,10.530756,5.395,0.560538,3.024103,32.285973
Falcon-512_run18,active,10.543506,5.39375,0.588431,3.173849,32.326438
Falcon-512_run18,active,10.556262,5.39625,0.577345,3.115499,32.366181
Falcon-512_run18,active,10.568998,5.39625,0.587894,3.172425,32.406582
Falcon-512_run18,active,10.581744,5.395,0.545519,2.943074,32.444096
Falcon-512_run18,active,10.594481,5.39625,0.587537,3.170495,32.484479
Falcon-512_run18,active,10.607215,5.39625,0.535148,2.887795,32.521252
Falcon-512_run18,active,10.619951,5.39625,0.560717,3.025768,32.559787
Falcon-512_run18,active,10.632687,5.405,0.586464,3.169838,32.600158
Falcon-512_run18,active,10.645431,5.3975,0.561253,3.029364,32.638766
Falcon-512_run18,active,10.658171,5.39625,0.590219,3.184968,32.679342
Falcon-512_run18,active,10.670906,5.39625,0.570908,3.080764,32.718574
Falcon-512_run18,active,10.68364,5.39625,0.549095,2.963053,32.756308
Falcon-512_run18,active,10.696386,5.395,0.573054,3.091626,32.795711
Falcon-512_run18,active,10.709125,5.3975,0.589504,3.181846,32.836247
Falcon-512_run18,active,10.721864,5.39625,0.586464,3.164706,32.876562
Falcon-512_run18,active,10.734601,5.39875,0.572339,3.089914,32.915917
Falcon-512_run18,active,10.747343,5.3975,0.562147,3.03419,32.954578
Falcon-512_run18,active,10.760105,5.39625,0.56018,3.022873,32.993156
Falcon-512_run18,active,10.772885,5.395,0.587179,3.167832,33.033642
Falcon-512_run18,active,10.785631,5.39625,0.570908,3.080764,33.07291
Falcon-512_run18,active,10.798376,5.3975,0.566975,3.060246,33.111911
Falcon-512_run18,active,10.811123,5.39875,0.537652,2.902647,33.148914
Falcon-512_run18,active,10.823861,5.3975,0.559108,3.017783,33.187352
Falcon-512_run18,active,10.836597,5.3975,0.572696,3.091129,33.226722
Falcon-512_run18,active,10.849342,5.395,0.563935,3.04243,33.265496
Falcon-512_run18,active,10.862088,5.3975,0.593795,3.205007,33.306347
Falcon-512_run18,active,10.874823,5.39625,0.544625,2.938932,33.343775
Falcon-512_run18,active,10.887561,5.39625,0.589682,3.182074,33.384308
Falcon-512_run18,active,10.900296,5.395,0.5752,3.103202,33.423828
Falcon-512_run18,active,10.913032,5.39875,0.583067,3.147832,33.46392
Falcon-512_run18,active,10.925771,5.395,0.561074,3.026996,33.502479
Falcon-512_run18,active,10.938505,5.395,0.588252,3.17362,33.542893
Falcon-512_run18,active,10.951246,5.39875,0.57073,3.081226,33.582151
Falcon-512_run18,active,10.964034,5.395,0.543373,2.931498,33.619638
Falcon-512_run18,active,10.976768,5.3975,0.571802,3.086303,33.658941
Falcon-512_run18,active,10.989506,5.3975,0.585391,3.159649,33.699186
Falcon-512_run18,active,11.002242,5.405,0.566617,3.062566,33.738192
Falcon-512_run18,active,11.014975,5.39875,0.576809,3.114047,33.777844
Falcon-512_run18,active,11.027712,5.39875,0.587537,3.171964,33.818245
Falcon-512_run18,active,11.040458,5.39625,0.570908,3.080764,33.857513
Falcon-512_run18,active,11.053232,5.3975,0.566081,3.055421,33.896543
Falcon-512_run18,active,11.065981,5.3975,0.572518,3.090164,33.935939
Falcon-512_run18,active,11.078744,5.39625,0.582709,3.144445,33.976072
Falcon-512_run18,active,11.091483,5.39625,0.530857,2.864638,34.012565
Falcon-512_run18,active,11.10422,5.39625,0.588431,3.17532,34.053007
Falcon-512_run18,active,11.116955,5.3975,0.565544,3.052526,34.09188
Falcon-512_run18,active,11.129693,5.39625,0.589325,3.180144,34.13239
Falcon-512_run18,active,11.142428,5.39625,0.539976,2.913845,34.169499
Falcon-512_run18,active,11.155168,5.39625,0.589861,3.183039,34.210048
Falcon-512_run18,active,11.167908,5.39625,0.564472,3.04603,34.248855
Falcon-512_run18,active,11.180642,5.39625,0.556783,3.004541,34.287117
Falcon-512_run18,active,11.193413,5.4,0.534433,2.885939,34.323971
Falcon-512_run18,active,11.206151,5.39625,0.588967,3.178214,34.364456
Falcon-512_run18,active,11.218883,5.3975,0.580921,3.135522,34.404378
Falcon-512_run18,active,11.231617,5.39875,0.565723,3.054198,34.443271
Falcon-512_run18,active,11.244351,5.3975,0.59308,3.201147,34.484034
Falcon-512_run18,active,11.257094,5.39625,0.572339,3.088483,34.523391
Falcon-512_run18,active,11.269836,5.395,0.561074,3.026996,34.561961
Falcon-512_run18,active,11.282573,5.39875,0.566796,3.05999,34.600935
Falcon-512_run18,active,11.295305,5.3975,0.560896,3.027434,34.63948
Falcon-512_run18,active,11.30804,5.39875,0.585749,3.162311,34.679754
Falcon-512_run18,active,11.320776,5.3975,0.565544,3.052526,34.71863
Falcon-512_run18,active,11.333514,5.39625,0.587894,3.172425,34.75904
Falcon-512_run18,active,11.346248,5.3975,0.569478,3.073758,34.798182
Falcon-512_run18,active,11.358989,5.395,0.566438,3.055935,34.837117
Falcon-512_run18,active,11.371728,5.3975,0.541943,2.925136,34.874379
Falcon-512_run18,active,11.384461,5.39625,0.550346,2.969807,34.912195
Falcon-512_run18,active,11.3972,5.3975,0.588431,3.176055,34.952653
Falcon-512_run18,active,11.409937,5.395,0.571981,3.085839,34.991959
Falcon-512_run18,active,11.422708,5.39625,0.565008,3.048924,35.030895
Falcon-512_run18,active,11.435444,5.39875,0.588788,3.178721,35.07138
Falcon-512_run18,active,11.448176,5.385,0.577345,3.109004,35.110964
Falcon-512_run18,active,11.460918,5.39875,0.587894,3.173895,35.151406
Falcon-512_run18,active,11.47366,5.39,0.56465,3.043466,35.190187
Falcon-512_run18,active,11.48912,5.3975,0.550525,2.97146,35.236126
Falcon-512_run18,active,11.501876,5.39625,0.591113,3.189792,35.276814
Falcon-512_run18,active,11.514616,5.39875,0.574842,3.103428,35.316351
Falcon-512_run18,active,11.527351,5.395,0.534612,2.884232,35.353082
Falcon-512_run18,active,11.540086,5.39625,0.588788,3.177249,35.393546
Falcon-512_run18,active,11.552817,5.39625,0.575021,3.102956,35.433048
Falcon-512_run18,active,11.565568,5.39625,0.588252,3.174355,35.473524
Falcon-512_run18,active,11.578306,5.39875,0.564293,3.046476,35.512331
Falcon-512_run18,active,11.59104,5.395,0.554638,2.99227,35.550434
Falcon-512_run18,active,11.603775,5.39625,0.551956,2.97849,35.588364
Falcon-512_run18,active,11.616509,5.39625,0.589146,3.179179,35.628849
Falcon-512_run18,active,11.629244,5.3975,0.535148,2.888463,35.665635
Falcon-512_run18,active,11.641981,5.3975,0.589861,3.183776,35.706184
Falcon-512_run18,active,11.654752,5.39375,0.588788,3.175777,35.746744
Falcon-512_run18,active,11.667496,5.39875,0.588788,3.178721,35.787252
Falcon-512_run18,active,11.680234,5.3975,0.561968,3.033224,35.825891
Falcon-512_run18,active,11.692975,5.4,0.589325,3.182354,35.866434
Falcon-512_run18,active,11.705723,5.3975,0.588967,3.17895,35.906962
Falcon-512_run18,active,11.718459,5.395,0.587894,3.17169,35.947356
Falcon-512_run18,active,11.731192,5.3975,0.589682,3.182811,35.987882
Falcon-512_run18,active,11.743927,5.3975,0.588967,3.17895,36.028366
Falcon-512_run18,active,11.756662,5.39625,0.589325,3.180144,36.068865
Falcon-512_run18,active,11.769438,5.3975,0.574484,3.10078,36.108482
Falcon-512_run18,active,11.782183,5.3975,0.587894,3.17316,36.148924
Falcon-512_run18,active,11.794917,5.39625,0.574663,3.101026,36.188411
Falcon-512_run18,active,11.807653,5.39625,0.530678,2.863673,36.224883
Falcon-512_run18,active,11.820388,5.3975,0.570014,3.076653,36.264064
Falcon-512_run18,active,11.833123,5.39375,0.587358,3.168062,36.304409
Falcon-512_run18,active,11.84586,5.3975,0.572875,3.092094,36.343792
Falcon-512_run18,active,11.858593,5.39375,0.534612,2.883563,36.38051
Falcon-512_run18,active,11.871334,5.395,0.572339,3.087768,36.41985
Falcon-512_run18,active,11.884074,5.39625,0.591649,3.192687,36.460526
Falcon-512_run18,active,11.89681,5.39625,0.559823,3.020944,36.499
Falcon-512_run18,active,11.909551,5.39625,0.571981,3.086554,36.538326
Falcon-512_run18,active,11.922286,5.39625,0.590219,3.184968,36.578888
Falcon-512_run18,active,11.93502,5.39875,0.570014,3.077365,36.618074
Falcon-512_run18,active,11.947754,5.39625,0.552313,2.98042,36.656027
Falcon-512_run18,active,11.960488,5.39625,0.585928,3.161812,36.696288
Falcon-512_run18,active,11.973229,5.39875,0.574842,3.103428,36.73583
Falcon-512_run18,active,11.985971,5.3975,0.575915,3.1085,36.775441
Falcon-512_run18,active,11.99874,5.39625,0.561611,3.030592,36.814136
Falcon-512_run18,active,12.011476,5.39875,0.583603,3.150728,36.854266
Falcon-512_run18,active,12.024211,5.4,0.561074,3.029802,36.89285
Falcon-512_run18,active,12.036948,5.395,0.577166,3.113813,36.932511
Falcon-512_run18,active,12.049685,5.39625,0.581458,3.137691,36.972476
Falcon-512_run18,active,12.062425,5.38375,0.530321,2.855115,37.00885
Falcon-512_run18,active,12.075167,5.39625,0.588967,3.178214,37.049346
Falcon-512_run18,active,12.087907,5.39625,0.560538,3.024803,37.087882
Falcon-512_run18,active,12.100645,5.39875,0.589682,3.183548,37.128434
Falcon-512_run18,active,12.113409,5.3925,0.539618,2.909892,37.165574
Falcon-512_run18,active,12.126147,5.395,0.589504,3.180372,37.206088
Falcon-512_run18,active,12.138881,5.3975,0.569299,3.072792,37.245216
Falcon-512_run18,active,12.151617,5.39625,0.551419,2.975596,37.283114
Falcon-512_run18,active,12.164353,5.37625,0.587716,3.159706,37.323355
Falcon-512_run18,active,12.177093,5.3975,0.571624,3.085338,37.362663
Falcon-512_run18,active,12.189835,5.39625,0.560359,3.023838,37.40119
Falcon-512_run18,active,12.202571,5.395,0.557856,3.009633,37.439523
Falcon-512_run18,active,12.215304,5.39625,0.589146,3.179179,37.480003
Falcon-512_run18,active,12.22804,5.39875,0.571624,3.086053,37.519306
Falcon-512_run18,active,12.240775,5.3975,0.564472,3.046735,37.558107
Falcon-512_run18,active,12.253513,5.39375,0.54534,2.941428,37.595576
Falcon-512_run18,active,12.266248,5.3825,0.588788,3.169154,37.635935
Falcon-512_run18,active,12.278987,5.39625,0.58861,3.176285,37.676398
Falcon-512_run18,active,12.291726,5.3925,0.563041,3.0362,37.715075
Falcon-512_run18,active,12.304462,5.3975,0.562505,3.03612,37.753742
Falcon-512_run18,active,12.317197,5.3975,0.588073,3.174125,37.794167
Falcon-512_run18,active,12.329936,5.39875,0.575021,3.104394,37.833712
Falcon-512_run18,active,12.342703,5.39875,0.586643,3.167138,37.874147
Falcon-512_run18,active,12.355439,5.39875,0.538367,2.906508,37.911165
Falcon-512_run18,active,12.368173,5.38125,0.570908,3.072201,37.950287
Falcon-512_run18,active,12.380913,5.39625,0.589682,3.182074,37.990827
Falcon-512_run18,active,12.393655,5.3975,0.56179,3.032259,38.029464
Falcon-512_run18,active,12.406391,5.39875,0.589146,3.180652,38.069971
Falcon-512_run18,active,12.419125,5.3975,0.570193,3.077618,38.109162
Falcon-512_run18,active,12.431859,5.39625,0.588431,3.17532,38.149596
Falcon-512_run18,active,12.444594,5.39875,0.548737,2.962495,38.187324
Falcon-512_run18,active,12.457329,5.39625,0.589861,3.183039,38.22786
Falcon-512_run18,active,12.470067,5.395,0.577166,3.113813,38.267524
Falcon-512_run18,active,12.482816,5.39875,0.590576,3.188374,38.308173
Falcon-512_run18,active,12.495557,5.3975,0.571266,3.083408,38.347456
Falcon-512_run18,active,12.508293,5.39875,0.562505,3.036823,38.386134
Falcon-512_run18,active,12.521029,5.39875,0.587179,3.170034,38.426507
Falcon-512_run18,active,12.533766,5.4,0.576451,3.112836,38.466155
Falcon-512_run18,active,12.546503,5.39625,0.564472,3.04603,38.504953
Falcon-512_run18,active,12.559237,5.3975,0.571445,3.084373,38.544229
Falcon-512_run18,active,12.57198,5.3975,0.538009,2.903905,38.581234
Falcon-512_run18,active,12.584732,5.38875,0.588967,3.173797,38.621705
Falcon-512_run18,active,12.597476,5.39625,0.588967,3.178214,38.662211
Falcon-512_run18,active,12.610213,5.395,0.58861,3.175549,38.702658
Falcon-512_run18,active,12.622947,5.39625,0.555889,2.999717,38.740855
Falcon-512_run18,active,12.635683,5.3975,0.588252,3.17509,38.781293
Falcon-512_run18,active,12.648418,5.39625,0.572696,3.090413,38.820651
Falcon-512_run18,active,12.661153,5.39875,0.589861,3.184513,38.861204
Falcon-512_run18,active,12.673895,5.39125,0.560538,3.022,38.89971
Falcon-512_run18,active,12.686631,5.39875,0.587716,3.17293,38.940121
Falcon-512_run18,active,12.69937,5.39625,0.58861,3.176285,38.980584
Falcon-512_run18,active,12.712105,5.395,0.576094,3.108025,39.020164
Falcon-512_run18,active,12.724841,5.40125,0.569836,3.077825,39.059364
Falcon-512_run18,active,12.737579,5.39625,0.589325,3.180144,39.099872
Falcon-512_run18,active,12.750312,5.3975,0.559823,3.021644,39.138348
Falcon-512_run18,active,12.765787,5.39625,0.543731,2.934107,39.183753
Falcon-512_run18,active,12.778548,5.3825,0.5305,2.855414,39.22019
Falcon-512_run18,active,12.791297,5.3975,0.588967,3.17895,39.260718
Falcon-512_run18,active,12.804039,5.39375,0.575021,3.101518,39.300238
Falcon-512_run18,active,12.816775,5.39625,0.562326,3.034452,39.338884
Falcon-512_run18,active,12.829513,5.39625,0.573054,3.092343,39.378275
Falcon-512_run18,active,12.842246,5.3975,0.590755,3.188601,39.418875
Falcon-512_run18,active,12.854978,5.39875,0.570551,3.080261,39.458093
Falcon-512_run18,active,12.867711,5.3975,0.567154,3.061212,39.497073
Falcon-512_run18,active,12.880447,5.3825,0.530678,2.856376,39.53345
Falcon-512_run18,active,12.893187,5.38875,0.588967,3.173797,39.573884
Falcon-512_run18,active,12.905928,5.3975,0.560002,3.022609,39.612395
Falcon-512_run18,active,12.918663,5.3975,0.588788,3.177985,39.652867
Falcon-512_run18,active,12.931399,5.3975,0.570372,3.078583,39.692076
Falcon-512_run18,active,12.944133,5.40125,0.561253,3.031469,39.730679
Falcon-512_run18,active,12.956868,5.39875,0.572875,3.09281,39.770066
Falcon-512_run18,active,12.969605,5.39625,0.587894,3.172425,39.810473
Falcon-512_run18,active,12.98234,5.38625,0.579133,3.119356,39.8502
Falcon-512_run18,active,12.99508,5.40125,0.559644,3.022777,39.888708
Falcon-512_run18,active,13.007817,5.3975,0.557856,3.011028,39.927061
Falcon-512_run18,active,13.020551,5.39625,0.587894,3.172425,39.967458
Falcon-512_run18,active,13.033287,5.39,0.579133,3.121528,40.007214
Falcon-512_run18,active,13.046024,5.3975,0.538367,2.905835,40.044225
Falcon-512_run18,active,13.058762,5.39625,0.559286,3.018049,40.082668
Falcon-512_run18,active,13.071497,5.39625,0.585391,3.158917,40.122898
Falcon-512_run18,active,13.084233,5.4,0.56912,3.07325,40.162039
Falcon-512_run18,active,13.096976,5.3975,0.561611,3.031294,40.200666
Falcon-512_run18,active,13.109718,5.39625,0.589504,3.181109,40.241199
Falcon-512_run18,active,13.122452,5.39625,0.562147,3.033487,40.27983
Falcon-512_run18,active,13.135184,5.3975,0.52889,2.854686,40.316175
Falcon-512_run18,active,13.147919,5.3975,0.587358,3.170265,40.356548
Falcon-512_run18,active,13.160653,5.39625,0.563756,3.04217,40.395286
Falcon-512_run18,active,13.173415,5.3975,0.554995,2.995587,40.433517
Falcon-512_run18,active,13.186156,5.395,0.589146,3.178443,40.474012
Falcon-512_run18,active,13.198896,5.39625,0.566975,3.059538,40.512993
Falcon-512_run18,active,13.211635,5.39625,0.584497,3.154093,40.553173
Falcon-512_run18,active,13.22437,5.39375,0.586106,3.161311,40.593431
Falcon-512_run18,active,13.237104,5.39625,0.562326,3.034452,40.632072
Falcon-512_run18,active,13.249843,5.3975,0.561253,3.029364,40.670662
Falcon-512_run18,active,13.262577,5.39625,0.590576,3.186898,40.711244
Falcon-512_run18,active,13.27531,5.39875,0.560359,3.025239,40.749766
Falcon-512_run18,active,13.288045,5.39625,0.588788,3.177249,40.790229
Falcon-512_run18,active,13.300785,5.3975,0.561253,3.029364,40.828822
Falcon-512_run18,active,13.313527,5.39375,0.579491,3.125629,40.868647
Falcon-512_run18,active,13.326262,5.3975,0.529784,2.859511,40.905064
Falcon-512_run18,active,13.338994,5.39625,0.572696,3.090413,40.944413
Falcon-512_run18,active,13.35173,5.395,0.588252,3.17362,40.98483
Falcon-512_run18,active,13.364465,5.4025,0.588431,3.178997,41.025314
Falcon-512_run18,active,13.377198,5.39875,0.575021,3.104394,41.064843
Falcon-512_run18,active,13.389934,5.39375,0.55571,2.997363,41.103018
Falcon-512_run18,active,13.40271,5.39875,0.590755,3.18934,41.143765
Falcon-512_run18,active,13.415466,5.4,0.558214,3.014353,41.182215
Falcon-512_run18,active,13.428202,5.3975,0.585212,3.158684,41.222446
Falcon-512_run18,active,13.440941,5.39875,0.530857,2.865965,41.258954
Falcon-512_run18,active,13.453678,5.40125,0.587537,3.173433,41.299373
Falcon-512_run18,active,13.466412,5.39625,0.570372,3.07787,41.338569
Falcon-512_run18,active,13.479145,5.3975,0.564293,3.04577,41.377349
Falcon-512_run18,active,13.491878,5.3975,0.573054,3.093059,41.416735
Falcon-512_run18,active,13.504619,5.3975,0.588431,3.176055,41.457201
Falcon-512_run18,active,13.517388,5.3975,0.571087,3.082443,41.49656
Falcon-512_run18,active,13.530128,5.39625,0.541764,2.923494,41.533805
Falcon-512_run18,active,13.542861,5.39625,0.573948,3.097167,41.57324
Falcon-512_run18,active,13.555595,5.39625,0.543731,2.934107,41.610605
Falcon-512_run18,active,13.56833,5.395,0.589861,3.182301,41.651131
Falcon-512_run18,active,13.581065,5.39625,0.564114,3.0441,41.689898
Falcon-512_run18,active,13.593807,5.4,0.588252,3.176561,41.730372
Falcon-512_run18,active,13.606559,5.39625,0.568763,3.069186,41.769511
Falcon-512_run18,active,13.619301,5.3975,0.592364,3.197287,41.81025
Falcon-512_run18,active,13.632037,5.39625,0.577166,3.114534,41.849918
Falcon-512_run18,active,13.644771,5.39375,0.56018,3.021473,41.888395
Falcon-512_run18,active,13.657509,5.3975,0.588073,3.174125,41.928825
Falcon-512_run18,active,13.670246,5.3975,0.553028,2.984971,41.966843
Falcon-512_run18,active,13.682978,5.39375,0.548737,2.959751,42.004528
Falcon-512_run18,active,13.695719,5.3975,0.588967,3.17895,42.045032
Falcon-512_run18,active,13.708467,5.39625,0.538188,2.904197,42.082053
Falcon-512_run18,active,13.721209,5.39625,0.530321,2.861744,42.118517
Falcon-512_run18,active,13.733949,5.39375,0.543552,2.931784,42.155868
Falcon-512_run18,active,13.746722,5.3975,0.589504,3.181846,42.196512
Falcon-512_run18,active,13.759458,5.39375,0.560002,3.020509,42.23498
Falcon-512_run18,active,13.772192,5.39875,0.56018,3.024274,42.273491
Falcon-512_run18,active,13.784927,5.39375,0.561074,3.026295,42.31203
Falcon-512_run18,active,13.797665,5.39625,0.570908,3.080764,42.351273
Falcon-512_run18,active,13.810406,5.3975,0.530678,2.864337,42.387769
Falcon-512_run18,active,13.823144,5.39625,0.587894,3.172425,42.428179
Falcon-512_run18,active,13.835881,5.39375,0.558035,3.0099,42.466516
Falcon-512_run18,active,13.848617,5.3975,0.540512,2.917416,42.503672
Falcon-512_run18,active,13.861352,5.39625,0.575021,3.102956,42.543189
Falcon-512_run18,active,13.874092,5.40375,0.579491,3.131423,42.583083
Falcon-512_run18,active,13.886825,5.3975,0.540334,2.916451,42.620217
Falcon-512_run18,active,13.89956,5.39625,0.588431,3.17532,42.660656
Falcon-512_run18,active,13.912301,5.3975,0.562862,3.03805,42.699363
Falcon-512_run18,active,13.925039,5.39125,0.541049,2.916929,42.736519
Falcon-512_run18,active,13.937778,5.3975,0.547128,2.953123,42.774138
Falcon-512_run18,active,13.950513,5.4,0.571087,3.083871,42.813413
Falcon-512_run18,active,13.963246,5.39625,0.550883,2.972701,42.851265
Falcon-512_run18,active,13.976013,5.39625,0.584855,3.156023,42.891558
Falcon-512_run18,active,13.988747,5.39625,0.575557,3.105851,42.931108
Falcon-512_run18,active,14.001484,5.3975,0.560359,3.024539,42.96963
Falcon-512_run18,active,14.014225,5.395,0.535148,2.887126,43.006415
Falcon-512_run18,active,14.026961,5.3975,0.588967,3.17895,43.046903
Falcon-512_run18,active,14.042413,5.3975,0.587894,3.17316,43.095933
Falcon-512_run18,active,14.055171,5.3975,0.559465,3.019713,43.134458
Falcon-512_run18,active,14.067914,5.39625,0.54087,2.91867,43.171652
Falcon-512_run18,active,14.08065,5.395,0.588252,3.17362,43.212072
Falcon-512_run18,active,14.093416,5.39875,0.579848,3.130457,43.252034
Falcon-512_run18,active,14.106156,5.39125,0.589325,3.177197,43.292513
Falcon-512_run18,active,14.118899,5.39625,0.588967,3.178214,43.333013
Falcon-512_run18,active,14.131638,5.3975,0.570551,3.079548,43.372242
Falcon-512_run18,active,14.144373,5.40125,0.541049,2.92234,43.409458
Falcon-512_run18,active,14.157108,5.3975,0.589146,3.179916,43.449954
Falcon-512_run18,active,14.169845,5.3975,0.558571,3.014888,43.488355
Falcon-512_run18,active,14.18258,5.39875,0.578954,3.12563,43.528161
Falcon-512_run18,active,14.195314,5.4,0.582709,3.14663,43.568229
Falcon-512_run18,active,14.208047,5.3975,0.569478,3.073758,43.607368
Falcon-512_run18,active,14.220788,5.3975,0.560359,3.024539,43.645902
Falcon-512_run18,active,14.233529,5.39625,0.587894,3.172425,43.686323
Falcon-512_run18,active,14.246262,5.39625,0.566438,3.056643,43.725244
Falcon-512_run18,active,14.258994,5.39625,0.550525,2.970772,43.763068
Falcon-512_run18,active,14.271728,5.39875,0.572875,3.09281,43.802452
Falcon-512_run18,active,14.284462,5.39625,0.535327,2.888759,43.839235
Falcon-512_run18,active,14.297195,5.39625,0.588967,3.178214,43.879706
Falcon-512_run18,active,14.309931,5.39625,0.588967,3.178214,43.920184
Falcon-512_run18,active,14.322702,5.395,0.540691,2.917029,43.957437
Falcon-512_run18,active,14.335444,5.39625,0.581279,3.136726,43.997403
Falcon-512_run18,active,14.348179,5.39625,0.588252,3.174355,44.037829
Falcon-512_run18,active,14.360913,5.3975,0.554101,2.990761,44.075913
Falcon-512_run18,active,14.37365,5.3975,0.587179,3.1693,44.116281
Falcon-512_run18,active,14.386386,5.39625,0.561253,3.028663,44.154853
Falcon-512_run18,active,14.399117,5.3975,0.588788,3.177985,44.195314
Falcon-512_run18,active,14.411852,5.39625,0.558035,3.011295,44.233663
Falcon-512_run18,active,14.424591,5.4025,0.569478,3.076605,44.272855
Falcon-512_run18,active,14.437328,5.3975,0.583246,3.148068,44.312952
Falcon-512_run18,active,14.450065,5.3975,0.574127,3.098849,44.352421
Falcon-512_run18,active,14.462798,5.3975,0.549452,2.965669,44.390184
Falcon-512_run18,active,14.475532,5.39625,0.587179,3.168566,44.430532
Falcon-512_run18,active,14.488267,5.39625,0.56465,3.046995,44.469336
Falcon-512_run18,active,14.501002,5.3975,0.533897,2.881708,44.506033
Falcon-512_run18,active,14.513738,5.3975,0.587894,3.17316,44.546448
Falcon-512_run18,active,14.526479,5.3975,0.571087,3.082443,44.585722
Falcon-512_run18,active,14.539218,5.39625,0.56179,3.031557,44.62434
Falcon-512_run18,active,14.551953,5.39625,0.575557,3.105851,44.663894
Falcon-512_run18,active,14.564689,5.3975,0.591113,3.190531,44.704528
Falcon-512_run18,active,14.577425,5.395,0.561253,3.027961,44.743093
Falcon-512_run18,active,14.590159,5.39625,0.558571,3.01419,44.781475
Falcon-512_run18,active,14.602892,5.39625,0.541228,2.920599,44.818663
Falcon-512_run18,active,14.615625,5.40125,0.588967,3.181159,44.859169
Falcon-512_run18,active,14.628374,5.39875,0.575915,3.10922,44.898808
Falcon-512_run18,active,14.641116,5.3975,0.535148,2.888463,44.935612
Falcon-512_run18,active,14.653854,5.39625,0.589682,3.182074,44.976145
Falcon-512_run18,active,14.666589,5.3975,0.558929,3.016818,45.014564
Falcon-512_run18,active,14.679321,5.3975,0.578954,3.124906,45.054352
Falcon-512_run18,active,14.692056,5.39625,0.588788,3.177249,45.094815
Falcon-512_run18,active,14.704796,5.3975,0.587537,3.17123,45.135216
Falcon-512_run18,active,14.717534,5.3975,0.570551,3.079548,45.174442
Falcon-512_run18,active,14.730278,5.39625,0.560359,3.023838,45.212977
Falcon-512_run18,active,14.743013,5.39625,0.544982,2.940861,45.250431
Falcon-512_run18,active,14.755749,5.39625,0.589325,3.180144,45.290934
Falcon-512_run18,active,14.768484,5.39875,0.559823,3.022343,45.329421
Falcon-512_run18,active,14.781219,5.39625,0.530678,2.863673,45.36589
Falcon-512_run18,active,14.793959,5.39625,0.584497,3.154093,45.406072
Falcon-512_run18,active,14.806732,5.39625,0.583782,3.150234,45.446313
Falcon-512_run18,active,14.819469,5.39625,0.536042,2.892619,45.483155
Falcon-512_run18,active,14.832211,5.39625,0.589861,3.183039,45.523713
Falcon-512_run18,active,14.844949,5.39625,0.572875,3.091378,45.563092
Falcon-512_run18,active,14.857687,5.39875,0.561968,3.033927,45.601739
Falcon-512_run18,active,14.870424,5.3975,0.589325,3.180881,45.642253
Falcon-512_run18,active,14.883158,5.39625,0.560717,3.025768,45.680782
Falcon-512_run18,active,14.895893,5.39625,0.583067,3.146374,45.720852
Falcon-512_run18,active,14.908628,5.39625,0.546234,2.947615,45.758389
Falcon-512_run18,active,14.92139,5.395,0.559465,3.018315,45.796909
Falcon-512_run18,active,14.934137,5.3975,0.529427,2.857581,45.833336
Falcon-512_run18,active,14.946877,5.39875,0.576988,3.115012,45.873019
Falcon-512_run18,active,14.959613,5.3975,0.5811,3.136487,45.912965
Falcon-512_run18,active,14.972346,5.39625,0.572875,3.091378,45.95233
Falcon-512_run18,active,14.985083,5.39375,0.565902,3.052334,45.991205
Falcon-512_run18,active,14.997819,5.39625,0.587537,3.170495,46.031586
Falcon-512_run18,active,15.010554,5.3975,0.57073,3.080513,46.070817
Falcon-512_run18,active,15.023291,5.3975,0.564472,3.046735,46.109622
Falcon-512_run18,active,15.036033,5.39625,0.560717,3.025768,46.148177
Falcon-512_run18,active,15.048774,5.395,0.577703,3.116707,46.187888
Falcon-512_run18,active,15.061515,5.39625,0.552492,2.981385,46.225874
Falcon-512_run18,active,15.074248,5.39,0.588788,3.173569,46.266281
Falcon-512_run18,active,15.086985,5.39625,0.588967,3.178214,46.306762
Falcon-512_run18,active,15.099722,5.39875,0.563399,3.041649,46.345503
Falcon-512_run18,active,15.112458,5.39875,0.548916,2.96346,46.383247
Falcon-512_run18,active,15.125193,5.395,0.551419,2.974907,46.421132
Falcon-512_run18,active,15.137936,5.39625,0.570372,3.07787,46.460354
Falcon-512_run18,active,15.150709,5.39625,0.566796,3.058573,46.499422
Falcon-512_run18,active,15.163447,5.3975,0.574127,3.098849,46.538894
Falcon-512_run18,active,15.176182,5.39625,0.584318,3.153128,46.57905
Falcon-512_run18,active,15.188918,5.3975,0.561611,3.031294,46.617655
Falcon-512_run18,active,15.201655,5.39875,0.53944,2.9123,46.654749
Falcon-512_run18,active,15.214391,5.39625,0.55732,3.007436,46.693052
Falcon-512_run18,active,15.227125,5.39625,0.568405,3.067257,46.732111
Falcon-512_run18,active,15.239866,5.39625,0.558392,3.013225,46.770503
Falcon-512_run18,active,15.252606,5.39625,0.588431,3.17532,46.810955
Falcon-512_run18,active,15.26534,5.39625,0.569299,3.072081,46.850076
Falcon-512_run18,active,15.278079,5.39625,0.529427,2.856919,46.886469
Falcon-512_run18,active,15.29081,5.39625,0.54838,2.959193,46.924145
Falcon-512_run18,active,15.303546,5.39625,0.572339,3.088483,46.963479
Falcon-512_run18,active,15.319017,5.38875,0.543016,2.926175,47.008748
Falcon-512_run18,active,15.331794,5.39625,0.571445,3.083659,47.04815
Falcon-512_run18,active,15.344543,5.395,0.561253,3.027961,47.086752
Falcon-512_run18,active,15.357284,5.39625,0.547128,2.952439,47.12437
Falcon-512_run18,active,15.370023,5.39875,0.588967,3.179687,47.164876
Falcon-512_run18,active,15.382759,5.39625,0.56769,3.063397,47.203891
Falcon-512_run18,active,15.395494,5.39625,0.572339,3.088483,47.243223
Falcon-512_run18,active,15.408228,5.39875,0.590219,3.186444,47.2838
Falcon-512_run18,active,15.420963,5.39625,0.583782,3.150234,47.323917
Falcon-512_run18,active,15.433706,5.39625,0.576451,3.110675,47.363557
Falcon-512_run18,active,15.446454,5.3925,0.561968,3.030415,47.402187
Falcon-512_run18,active,15.459192,5.39875,0.585391,3.160381,47.442447
Falcon-512_run18,active,15.471929,5.39625,0.576451,3.110675,47.482067
Falcon-512_run18,active,15.484664,5.39625,0.536758,2.896478,47.518953
Falcon-512_run18,active,15.497423,5.39625,0.588788,3.177249,47.559492
Falcon-512_run18,active,15.510163,5.395,0.572875,3.090662,47.598865
Falcon-512_run18,active,15.522894,5.3925,0.55124,2.972564,47.63671
Falcon-512_run18,active,15.535629,5.3975,0.586464,3.165439,47.677022
Falcon-512_run18,active,15.548369,5.3975,0.561968,3.033224,47.715664
Falcon-512_run18,active,15.561109,5.39625,0.592007,3.194617,47.756366
Falcon-512_run18,active,15.573848,5.39875,0.572875,3.09281,47.795763
Falcon-512_run18,active,15.586582,5.39625,0.561074,3.027698,47.834318
Falcon-512_run18,active,15.599316,5.3975,0.55124,2.97532,47.872207
Falcon-512_run18,active,15.612051,5.3975,0.588431,3.176055,47.912654
Falcon-512_run18,active,15.624787,5.395,0.578239,3.1196,47.952384
Falcon-512_run18,active,15.637526,5.39625,0.587537,3.170495,47.992773
Falcon-512_run18,active,15.65027,5.39875,0.547664,2.956703,48.030455
Falcon-512_run18,active,15.663015,5.3975,0.572518,3.090164,48.069839
Falcon-512_run18,active,15.675752,5.3975,0.532288,2.873022,48.106432
Falcon-512_run18,active,15.688493,5.39625,0.590576,3.186898,48.147035
Falcon-512_run18,active,15.701239,5.39875,0.589682,3.183548,48.187614
Falcon-512_run18,active,15.713982,5.3975,0.576094,3.109465,48.227236
Falcon-512_run18,active,15.72675,5.3925,0.540334,2.913749,48.264439
Falcon-512_run18,active,15.739492,5.39625,0.554459,2.991998,48.302564
Falcon-512_run18,active,15.752238,5.39625,0.574663,3.101026,48.34209
Falcon-512_run18,active,15.764979,5.39875,0.56018,3.024274,48.380622
Falcon-512_run18,active,15.777718,5.39625,0.534612,2.8849,48.417373
Falcon-512_run18,active,15.790456,5.3975,0.588073,3.174125,48.457803
Falcon-512_run18,active,15.80319,5.3975,0.537473,2.901009,48.494746
Falcon-512_run18,active,15.815927,5.395,0.562147,3.032784,48.533374
Falcon-512_run18,active,15.828662,5.3975,0.586822,3.16737,48.573711
Falcon-512_run18,active,15.841429,5.395,0.595046,3.210275,48.614696
Falcon-512_run18,active,15.854175,5.39625,0.570908,3.080764,48.653965
Falcon-512_run18,active,15.866914,5.395,0.562326,3.033749,48.69261
Falcon-512_run18,active,15.879652,5.39625,0.557498,3.008401,48.730932
Falcon-512_run18,active,15.892388,5.39625,0.561074,3.027698,48.769493
Falcon-512_run18,active,15.905124,5.39375,0.582709,3.142988,48.809523
Falcon-512_run18,active,15.917863,5.3975,0.568763,3.069897,48.84863
Falcon-512_run18,active,15.930599,5.39625,0.583246,3.147339,48.888715
Falcon-512_run18,active,15.943334,5.395,0.589325,3.179407,48.929202
Falcon-512_run18,active,15.956078,5.39625,0.594331,3.20716,48.970076
Falcon-512_run18,active,15.968818,5.39625,0.558035,3.011295,49.008438
Falcon-512_run18,active,15.981556,5.3975,0.589861,3.183776,49.048996
Falcon-512_run18,active,15.994295,5.39625,0.53193,2.870427,49.08556
Falcon-512_run18,active,16.007028,5.395,0.590219,3.18423,49.126107
Falcon-512_run18,active,16.019763,5.38875,0.562147,3.029271,49.164684
Falcon-512_run18,active,16.0325,5.3975,0.561074,3.028399,49.203258
Falcon-512_run18,active,16.045238,5.395,0.581815,3.138893,49.243238
Falcon-512_run18,active,16.057982,5.3975,0.578418,3.122011,49.283026
Falcon-512_run18,active,16.070724,5.3975,0.588073,3.174125,49.323471
Falcon-512_run18,active,16.083463,5.4,0.567869,3.066492,49.362536
Falcon-512_run18,active,16.0962,5.395,0.592364,3.195806,49.40324
Falcon-512_run18,active,16.108937,5.3975,0.574484,3.10078,49.442734
Falcon-512_run18,active,16.121674,5.3975,0.563578,3.04191,49.48148
Falcon-512_run18,active,16.13441,5.39875,0.587358,3.170999,49.521866
Falcon-512_run18,active,16.147148,5.3975,0.58861,3.17702,49.562333
Falcon-512_run18,active,16.159892,5.3975,0.570372,3.078583,49.601567
Falcon-512_run18,active,16.172633,5.39625,0.535327,2.888759,49.638374
Falcon-512_run18,active,16.1854,5.39875,0.587894,3.173895,49.678895
Falcon-512_run18,active,16.19814,5.39375,0.570908,3.079337,49.718124
Falcon-512_run18,active,16.210874,5.39625,0.529963,2.859814,49.754543
Falcon-512_run18,active,16.223611,5.39875,0.588967,3.179687,49.79504
Falcon-512_run18,active,16.236345,5.38625,0.565008,3.043274,49.833796
Falcon-512_run18,active,16.24908,5.395,0.559644,3.019279,49.872246
Falcon-512_run18,active,16.261826,5.395,0.559286,3.01735,49.910704
Falcon-512_run18,active,16.274566,5.39125,0.587716,3.168522,49.951073
Falcon-512_run18,active,16.287301,5.3975,0.571445,3.084373,49.990352
Falcon-512_run18,active,16.300038,5.3975,0.549452,2.965669,50.028125
Falcon-512_run18,active,16.312772,5.3975,0.553565,2.987866,50.066173
Falcon-512_run18,active,16.32551,5.39875,0.59147,3.193201,50.106848
Falcon-512_run18,active,16.338247,5.3975,0.561432,3.030329,50.145444
Falcon-512_run18,active,16.350981,5.39625,0.58861,3.176285,50.185892
Falcon-512_run18,active,16.363723,5.38375,0.564114,3.037049,50.22459
Falcon-512_run18,active,16.376464,5.3925,0.548737,2.959065,50.26229
Falcon-512_run18,active,16.389202,5.39625,0.589861,3.183039,50.302835
Falcon-512_run18,active,16.401941,5.3975,0.562505,3.03612,50.341513
Falcon-512_run18,active,16.414714,5.3975,0.547307,2.954088,50.379246
Falcon-512_run18,active,16.427451,5.39625,0.585928,3.161812,50.419519
Falcon-512_run18,active,16.440186,5.39625,0.541049,2.919635,50.456701
Falcon-512_run18,active,16.452922,5.3975,0.586643,3.166405,50.497027
Falcon-512_run18,active,16.465666,5.38125,0.559823,3.012546,50.535419
Falcon-512_run18,active,16.478407,5.3975,0.588788,3.177985,50.575909
Falcon-512_run18,active,16.491142,5.3975,0.570193,3.077618,50.615104
Falcon-512_run18,active,16.503881,5.39625,0.551777,2.977526,50.653032
Falcon-512_run18,active,16.516618,5.39875,0.539261,2.911334,50.690114
Falcon-512_run18,active,16.529375,5.3975,0.588788,3.177985,50.730656
Falcon-512_run18,active,16.542114,5.39875,0.572339,3.089914,50.770021
Falcon-512_run18,active,16.55485,5.39875,0.566438,3.058059,50.808967
Falcon-512_run18,active,16.567585,5.36,0.546949,2.931648,50.846301
Falcon-512_run18,active,16.580351,5.39625,0.587358,3.169531,50.886765
Falcon-512_run18,active,16.595862,5.395,0.585212,3.157221,50.935734
Falcon-512_run18,active,16.608624,5.39625,0.57806,3.119358,50.975545
Falcon-512_run18,active,16.621398,5.39625,0.533003,2.876216,51.012284
Falcon-512_run18,active,16.634142,5.39625,0.573233,3.093307,51.051706
Falcon-512_run18,active,16.646877,5.39625,0.591292,3.190757,51.092341
Falcon-512_run18,active,16.659615,5.3975,0.554816,2.994622,51.130486
Falcon-512_run18,active,16.672357,5.395,0.55571,2.998058,51.168687
Falcon-512_run18,active,16.685104,5.3875,0.588788,3.172098,51.209121
Falcon-512_run18,active,16.697554,5.3875,0.564293,3.040127,51.246971
Falcon-512_run18,active,16.709992,5.38625,0.574842,3.096243,51.285483
Falcon-512_run18,active,16.722426,5.3875,0.58861,3.171134,51.324913
Falcon-512_run18,active,16.734857,5.39,0.56018,3.019372,51.362445
Falcon-512_run18,active,16.74729,5.39,0.540512,2.913362,51.398669
Falcon-512_run18,active,16.759737,5.38625,0.589682,3.176177,51.438202
Falcon-512_run18,active,16.772206,5.36375,0.537652,2.883829,51.474161
Falcon-512_run18,active,16.784662,5.39625,0.534433,2.883935,51.510084
Falcon-512_run18,active,16.79744,5.395,0.569657,3.073298,51.549353
Falcon-512_run18,active,16.810191,5.395,0.589504,3.180372,51.589906
Falcon-512_run18,active,16.822927,5.3975,0.569657,3.074723,51.629067
Falcon-512_run18,active,16.835663,5.395,0.575557,3.105131,51.668612
Falcon-512_run18,active,16.848398,5.39625,0.582709,3.144445,51.708658
Falcon-512_run18,active,16.861135,5.395,0.587179,3.167832,51.749006
Falcon-512_run18,active,16.873882,5.3825,0.573233,3.085426,51.788335
Falcon-512_run18,active,16.886623,5.39875,0.528354,2.852451,51.824679
Falcon-512_run18,active,16.899356,5.3975,0.578776,3.123941,51.864457
Falcon-512_run18,active,16.912092,5.39625,0.581994,3.140585,51.904456
Falcon-512_run18,active,16.924827,5.395,0.528354,2.85047,51.940755
Falcon-512_run18,active,16.937566,5.395,0.588788,3.176513,51.981221
Falcon-512_run18,active,16.950302,5.395,0.539082,2.908347,52.018262
Falcon-512_run18,active,16.963035,5.39625,0.562147,3.033487,52.056887
Falcon-512_run18,active,16.975778,5.39375,0.57359,3.093803,52.09631
Falcon-512_run18,active,16.988517,5.3975,0.58253,3.144208,52.136368
Falcon-512_run18,active,17.001253,5.3975,0.553028,2.984971,52.174381
Falcon-512_run18,active,17.013991,5.39625,0.532109,2.871392,52.210958
Falcon-512_run18,active,17.026726,5.395,0.586285,3.163009,52.25124
Falcon-512_run18,active,17.03946,5.39625,0.569657,3.074011,52.290384
Falcon-512_run18,active,17.052195,5.39875,0.554459,2.993384,52.328504
Falcon-512_run18,active,17.064931,5.3975,0.590219,3.185706,52.369076
Falcon-512_run18,active,17.077675,5.3925,0.589146,3.17697,52.409564
Falcon-512_run18,active,17.090412,5.39625,0.570908,3.080764,52.448804
Falcon-512_run18,active,17.103148,5.3975,0.576451,3.111395,52.48843
Falcon-512_run18,active,17.115883,5.39875,0.573233,3.094741,52.527843
Falcon-512_run18,active,17.12862,5.39625,0.58861,3.176285,52.568298
Falcon-512_run18,active,17.141378,5.3975,0.56465,3.047701,52.607182
Falcon-512_run18,active,17.154117,5.3975,0.587716,3.172195,52.647591
Falcon-512_run18,active,17.166851,5.3925,0.571087,3.079588,52.686808
Falcon-512_run18,active,17.179595,5.395,0.568226,3.065581,52.725875
Falcon-512_run18,active,17.192335,5.3975,0.587894,3.17316,52.766303
Falcon-512_run18,active,17.205072,5.395,0.570551,3.078122,52.805507
Falcon-512_run18,active,17.217811,5.395,0.553386,2.985517,52.84354
Falcon-512_run18,active,17.230546,5.3975,0.588967,3.17895,52.884024
Falcon-512_run18,active,17.243305,5.3975,0.566975,3.060246,52.923069
Falcon-512_run18,active,17.256042,5.405,0.582173,3.146644,52.963148
Falcon-512_run18,active,17.268777,5.3975,0.558929,3.016818,53.001569
Falcon-512_run18,active,17.281522,5.3975,0.586643,3.166405,53.041923
Falcon-512_run18,active,17.294261,5.3975,0.576809,3.113325,53.081583
Falcon-512_run18,active,17.306994,5.40125,0.571445,3.086516,53.120885
Falcon-512_run18,active,17.319729,5.3975,0.560717,3.026469,53.159428
Falcon-512_run18,active,17.332464,5.3975,0.56018,3.023574,53.197931
Falcon-512_run18,active,17.345197,5.3975,0.591113,3.190531,53.238559
Falcon-512_run18,active,17.357936,5.3975,0.55124,2.97532,53.27646
Falcon-512_run18,active,17.370697,5.39625,0.550346,2.969807,53.314357
Falcon-512_run18,active,17.383441,5.3975,0.588431,3.176055,53.354832
Falcon-512_run18,active,17.396179,5.39625,0.572518,3.089448,53.394186
Falcon-512_run18,active,17.408914,5.39625,0.587358,3.169531,53.434551
Falcon-512_run18,active,17.421654,5.3975,0.576272,3.11043,53.474177
Falcon-512_run18,active,17.434387,5.39625,0.57359,3.095237,53.513589
Falcon-512_run18,active,17.447121,5.4,0.546949,2.953526,53.5512
Falcon-512_run18,active,17.459858,5.39375,0.588431,3.173849,53.591625
Falcon-512_run18,active,17.472593,5.3925,0.577882,3.116227,53.631309
Falcon-512_run18,active,17.485335,5.39875,0.571087,3.083157,53.670595
Falcon-512_run18,active,17.498076,5.40125,0.589682,3.185022,53.711177
Falcon-512_run18,active,17.51081,5.39875,0.573054,3.093775,53.750573
Falcon-512_run18,active,17.523545,5.39625,0.583603,3.149269,53.790677
Falcon-512_run18,active,17.536279,5.39875,0.560717,3.02717,53.829226
Falcon-512_run18,active,17.549013,5.4,0.56912,3.07325,53.868361
Falcon-512_run18,active,17.561748,5.3975,0.590219,3.185706,53.90893
Falcon-512_run18,active,17.574484,5.3975,0.569657,3.074723,53.948091
Falcon-512_run18,active,17.587224,5.3925,0.581458,3.13551,53.988036
Falcon-512_run18,active,17.599965,5.395,0.536579,2.894843,54.024919
Falcon-512_run18,active,17.612702,5.39625,0.55285,2.983315,54.062919
Falcon-512_run18,active,17.62544,5.39375,0.590219,3.183493,54.103468
Falcon-512_run18,active,17.638176,5.39375,0.570551,3.077408,54.142663
Falcon-512_run18,active,17.650909,5.3975,0.581994,3.141313,54.18266
Falcon-512_run18,active,17.663643,5.3975,0.535327,2.889429,54.219455
Falcon-512_run18,active,17.676377,5.3975,0.587716,3.172195,54.25985
Falcon-512_run18,active,17.689121,5.395,0.555353,2.996128,54.298033
Falcon-512_run18,active,17.701914,5.39625,0.538009,2.903232,54.335174
Falcon-512_run18,active,17.714653,5.39625,0.588431,3.17532,54.375625
Falcon-512_run18,active,17.727393,5.39375,0.582352,3.141059,54.415641
Falcon-512_run18,active,17.740129,5.3975,0.57216,3.088234,54.454973
Falcon-512_run18,active,17.752865,5.3975,0.588967,3.17895,54.495459
Falcon-512_run18,active,17.765603,5.3975,0.544982,2.941543,54.532931
Falcon-512_run18,active,17.778343,5.395,0.593437,3.201594,54.573717
Falcon-512_run18,active,17.791086,5.3975,0.567511,3.063142,54.612751
Falcon-512_run18,active,17.803827,5.39625,0.563578,3.041206,54.651499
Falcon-512_run18,active,17.816562,5.39625,0.584676,3.155058,54.691678
Falcon-512_run18,active,17.829299,5.3975,0.563935,3.04384,54.730447
Falcon-512_run18,active,17.842035,5.3975,0.563935,3.04384,54.769216
Falcon-512_run18,active,17.854767,5.3975,0.573769,3.096919,54.808645
Falcon-512_run18,active,17.870065,5.3975,0.555353,2.997517,54.854502
Falcon-512_run18,active,17.882814,5.395,0.590219,3.18423,54.895097
Falcon-512_run18,active,17.895558,5.39875,0.570193,3.078331,54.934327
Falcon-512_run18,active,17.908298,5.395,0.581994,3.139858,54.974327
Falcon-512_run18,active,17.921033,5.39625,0.588073,3.17339,55.014741
Falcon-512_run18,active,17.93377,5.39625,0.560002,3.021909,55.053232
Falcon-512_run18,active,17.946506,5.395,0.588431,3.174584,55.093661
Falcon-512_run18,active,17.959239,5.3975,0.56018,3.023574,55.132161
Falcon-512_run18,active,17.972001,5.39875,0.588788,3.178721,55.172729
Falcon-512_run18,active,17.984738,5.39625,0.555532,2.997787,55.210912
Falcon-512_run18,active,17.997482,5.4,0.540512,2.918767,55.248108
Falcon-512_run18,active,18.010222,5.39875,0.588967,3.179687,55.288618
Falcon-512_run18,active,18.022956,5.39625,0.570193,3.076905,55.327799
Falcon-512_run18,active,18.035691,5.39875,0.529963,2.861139,55.364235
Falcon-512_run18,active,18.048426,5.39625,0.587894,3.172425,55.404636
Falcon-512_run18,active,18.06116,5.395,0.54677,2.949826,55.4422
Falcon-512_run18,active,18.073898,5.3975,0.563935,3.04384,55.480972
Falcon-512_run18,active,18.086634,5.39625,0.58557,3.159882,55.521217
Falcon-512_run18,active,18.099377,5.39875,0.575021,3.104394,55.560776
Falcon-512_run18,active,18.112117,5.39625,0.560002,3.021909,55.599274
Falcon-512_run18,active,18.124851,5.39625,0.589682,3.182074,55.639796
Falcon-512_run18,active,18.137589,5.39125,0.572339,3.085622,55.6791
Falcon-512_run18,active,18.150325,5.3975,0.561611,3.031294,55.717707
Falcon-512_run18,active,18.163059,5.39625,0.565544,3.051819,55.756569
Falcon-512_run18,active,18.175795,5.39625,0.58861,3.176285,55.797021
Falcon-512_run18,active,18.188531,5.3975,0.573769,3.096919,55.836463
Falcon-512_run18,active,18.201269,5.39625,0.550346,2.969807,55.874295
Falcon-512_run18,active,18.214011,5.3975,0.587894,3.17316,55.914727
Falcon-512_run18,active,18.226746,5.3925,0.563935,3.041021,55.953453
Falcon-512_run18,active,18.239482,5.39625,0.588431,3.17532,55.993894
Falcon-512_run18,active,18.252217,5.39625,0.572518,3.089448,56.033239
Falcon-512_run18,active,18.264953,5.3975,0.588431,3.176055,56.073689
Falcon-512_run18,active,18.277691,5.395,0.570908,3.080051,56.112922
Falcon-512_run18,active,18.290427,5.3975,0.535327,2.889429,56.149723
Falcon-512_run18,active,18.303166,5.395,0.54838,2.958508,56.18741
Falcon-512_run18,active,18.315905,5.3975,0.589861,3.183776,56.227969
Falcon-512_run18,active,18.328641,5.3925,0.56465,3.044877,56.266747
Falcon-512_run18,active,18.34141,5.39875,0.543731,2.935467,56.304231
Falcon-512_run18,active,18.35415,5.3975,0.587894,3.17316,56.344658
Falcon-512_run18,active,18.366883,5.40125,0.563935,3.045955,56.383442
Falcon-512_run18,active,18.379617,5.395,0.541585,2.921852,56.420649
Falcon-512_run18,active,18.392353,5.39625,0.58861,3.176285,56.461101
Falcon-512_run18,active,18.405095,5.39625,0.550883,2.972701,56.49898
Falcon-512_run18,active,18.417837,5.39875,0.589325,3.181617,56.539521
Falcon-512_run18,active,18.430574,5.395,0.547128,2.951756,56.577115
Falcon-512_run18,active,18.443307,5.39875,0.589682,3.183548,56.617652
Falcon-512_run18,active,18.456043,5.3975,0.538724,2.907765,56.654684
Falcon-512_run18,active,18.468778,5.39625,0.530321,2.861744,56.691129
Falcon-512_run18,active,18.481514,5.3975,0.587894,3.17316,56.731544
Falcon-512_run18,active,18.494251,5.39625,0.563399,3.040241,56.770265
Falcon-512_run18,active,18.506992,5.3975,0.549989,2.968565,56.808088
Falcon-512_run18,active,18.519731,5.39875,0.588431,3.176791,56.848559
Falcon-512_run18,active,18.532465,5.39625,0.561253,3.028663,56.887127
Falcon-512_run18,active,18.545201,5.39625,0.589504,3.181109,56.92764
Falcon-512_run18,active,18.557938,5.395,0.559465,3.018315,56.966083
Falcon-512_run18,active,18.570706,5.39875,0.580921,3.136248,57.006127
Falcon-512_run18,active,18.583443,5.39625,0.534791,2.885865,57.042886
Falcon-512_run18,active,18.596178,5.3975,0.585391,3.159649,57.083124
Falcon-512_run18,active,18.608919,5.3975,0.576988,3.114291,57.122803
Falcon-512_run18,active,18.621663,5.39625,0.549989,2.967877,57.160623
Falcon-512_run18,active,18.6344,5.39375,0.59004,3.182528,57.201161
Falcon-512_run18,active,18.647133,5.39625,0.567869,3.064362,57.24018
Falcon-512_run18,active,18.659869,5.39625,0.562147,3.033487,57.278813
Falcon-512_run18,active,18.672604,5.395,0.589682,3.181337,57.319329
Falcon-512_run18,active,18.685338,5.4,0.533539,2.881112,57.356017
Falcon-512_run18,active,18.69809,5.39625,0.587716,3.17146,57.396459
Falcon-512_run18,active,18.71083,5.39625,0.569299,3.072081,57.435597
Falcon-512_run18,active,18.723574,5.395,0.586106,3.162044,57.475896
Falcon-512_run18,active,18.736311,5.39625,0.575736,3.106815,57.515465
Falcon-512_run18,active,18.749045,5.39375,0.531215,2.86524,57.55195
Falcon-512_run18,active,18.761784,5.3975,0.560538,3.025504,57.590495
Falcon-512_run18,active,18.77452,5.3975,0.589146,3.179916,57.630993
Falcon-512_run18,active,18.787252,5.3975,0.588431,3.176055,57.671431
Falcon-512_run18,active,18.800017,5.39625,0.575557,3.105851,57.711076
Falcon-512_run18,active,18.81276,5.3975,0.563935,3.04384,57.749865
Falcon-512_run18,active,18.825504,5.39875,0.548201,2.959599,57.78758
Falcon-512_run18,active,18.838239,5.39625,0.561611,3.030592,57.826176
Falcon-512_run18,active,18.850975,5.39625,0.588788,3.177249,57.866641
Falcon-512_run18,active,18.86371,5.3975,0.561432,3.030329,57.905233
Falcon-512_run18,active,18.876445,5.39375,0.587537,3.169027,57.945592
Falcon-512_run18,active,18.88918,5.39625,0.575915,3.10778,57.985167
Falcon-512_run18,active,18.901916,5.39875,0.541228,2.921953,58.022383
Falcon-512_run18,active,18.914658,5.395,0.588073,3.172655,58.062806
Falcon-512_run18,active,18.927398,5.3875,0.569299,3.067099,58.101883
Falcon-512_run18,active,18.940133,5.39875,0.575378,3.106324,58.14144
Falcon-512_run18,active,18.952866,5.3975,0.588252,3.17509,58.181871
Falcon-512_run18,active,18.965603,5.3975,0.570014,3.076653,58.221059
Falcon-512_run18,active,18.978338,5.3975,0.543194,2.931892,58.258395
Falcon-512_run18,active,18.991071,5.39625,0.588967,3.178214,58.298862
Falcon-512_run18,active,19.003806,5.3975,0.530678,2.864337,58.335339
Falcon-512_run18,active,19.016547,5.3975,0.554101,2.990761,58.373445
Falcon-512_run18,active,19.029287,5.395,0.567332,3.060758,58.412439
Falcon-512_run18,active,19.042047,5.395,0.567869,3.063652,58.451531
Falcon-512_run18,active,19.054804,5.39625,0.587179,3.168566,58.491953
Falcon-512_run18,active,19.067539,5.39875,0.575378,3.106324,58.531513
Falcon-512_run18,active,19.080283,5.3975,0.563399,3.040945,58.570265
Falcon-512_run18,active,19.093019,5.3975,0.588431,3.176055,58.610717
Falcon-512_run18,active,19.105753,5.39625,0.560359,3.023838,58.649223
Falcon-512_run18,active,19.1185,5.395,0.585212,3.157221,58.689468
Falcon-512_run18,active,19.131238,5.3975,0.56018,3.023574,58.727982
Falcon-512_run18,active,19.14675,5.3975,0.562505,3.03612,58.775077
Falcon-512_run18,active,19.159507,5.39625,0.538546,2.906127,58.81215
Falcon-512_run18,active,19.172245,5.39875,0.57967,3.129491,58.852015
Falcon-512_run18,active,19.184981,5.39625,0.580921,3.134796,58.89194
Falcon-512_run18,active,19.197718,5.39625,0.562147,3.033487,58.930579
Falcon-512_run18,active,19.210455,5.3975,0.565187,3.050596,58.969432
Falcon-512_run18,active,19.223195,5.3975,0.590934,3.189566,59.010067
Falcon-512_run18,active,19.235935,5.3975,0.572339,3.089199,59.049424
Falcon-512_run18,active,19.248671,5.3975,0.538903,2.90873,59.086469
Falcon-512_run18,active,19.26141,5.39625,0.589504,3.181109,59.126993
Falcon-512_run18,active,19.274146,5.39875,0.571624,3.086053,59.166297
Falcon-512_run18,active,19.286878,5.3975,0.575378,3.105605,59.205839
Falcon-512_run18,active,19.299613,5.3975,0.588431,3.176055,59.246286
Falcon-512_run18,active,19.312347,5.39625,0.57663,3.11164,59.285909
Falcon-512_run18,active,19.325087,5.39625,0.5811,3.135761,59.32586
Falcon-512_run18,active,19.337829,5.3975,0.561968,3.033224,59.364509
Falcon-512_run18,active,19.350564,5.39625,0.560359,3.023838,59.403016
Falcon-512_run18,active,19.363298,5.39625,0.560538,3.024803,59.441533
Falcon-512_run18,active,19.376032,5.39625,0.588788,3.177249,59.481993
Falcon-512_run18,active,19.388767,5.3975,0.561253,3.029364,59.520571
Falcon-512_run18,active,19.401503,5.395,0.536221,2.892913,59.557417
Falcon-512_run18,active,19.414237,5.395,0.588967,3.177478,59.59788
Falcon-512_run18,active,19.426976,5.3975,0.5752,3.10464,59.637428
Falcon-512_run18,active,19.439715,5.39625,0.567511,3.062432,59.67644
Falcon-512_run18,active,19.452452,5.3975,0.540155,2.915486,59.713574
Falcon-512_run18,active,19.465188,5.3975,0.571087,3.082443,59.752835
Falcon-512_run18,active,19.477926,5.39875,0.530321,2.863069,59.789304
Falcon-512_run18,active,19.490662,5.395,0.55571,2.998058,59.827488
Falcon-512_run18,active,19.503398,5.3975,0.587,3.168335,59.86784
Falcon-512_run18,active,19.516133,5.3975,0.562326,3.035155,59.906493
Falcon-512_run18,active,19.528874,5.395,0.589682,3.181337,59.947026
Falcon-512_run18,active,19.541615,5.3975,0.572339,3.089199,59.986385
Falcon-512_run18,active,19.55435,5.3975,0.551419,2.976285,60.024288
Falcon-512_run18,active,19.567084,5.395,0.588788,3.176513,60.064738
Falcon-512_run18,active,19.579819,5.39625,0.588967,3.178214,60.10521
Falcon-512_run18,active,19.592559,5.395,0.573769,3.095485,60.144647
Falcon-512_run18,active,19.605304,5.39625,0.58557,3.159882,60.184922
Falcon-512_run18,active,19.618042,5.39375,0.556783,3.003149,60.223174
Falcon-512_run18,active,19.630782,5.39875,0.567869,3.065782,60.262232
Falcon-512_run18,active,19.643521,5.39625,0.581815,3.13962,60.302229
Falcon-512_run18,active,19.656257,5.3975,0.561968,3.033224,60.340859
Falcon-512_run18,active,19.668992,5.3975,0.56912,3.071827,60.379978
Falcon-512_run18,active,19.68173,5.39625,0.590576,3.186898,60.420574
Falcon-512_run18,active,19.694477,5.39625,0.570193,3.076905,60.459796
Falcon-512_run18,active,19.707242,5.3975,0.588431,3.176055,60.500339
Falcon-512_run18,active,19.720039,5.39875,0.528175,2.851486,60.53683
Falcon-512_run18,active,19.732787,5.395,0.588252,3.17362,60.577287
Falcon-512_run18,active,19.745534,5.39625,0.562147,3.033487,60.615953
Falcon-512_run18,active,19.758279,5.4,0.586822,3.168837,60.656341
Falcon-512_run18,active,19.771014,5.3975,0.553922,2.989796,60.694417
Falcon-512_run18,active,19.78375,5.3975,0.587537,3.17123,60.734804
Falcon-512_run18,active,19.796485,5.39625,0.556604,3.003576,60.773056
Falcon-512_run18,active,19.809219,5.3975,0.538903,2.90873,60.810094
Falcon-512_run18,active,19.821959,5.39625,0.590755,3.187863,60.850709
Falcon-512_run18,active,19.834733,5.39625,0.577166,3.114534,60.890492
Falcon-512_run18,active,19.847474,5.39625,0.591113,3.189792,60.931132
Falcon-512_run18,active,19.860209,5.39625,0.564472,3.04603,60.969926
Falcon-512_run18,active,19.872946,5.39625,0.5423,2.926389,61.007197
Falcon-512_run18,active,19.885684,5.3975,0.588073,3.174125,61.04763
Falcon-512_run18,active,19.89842,5.39125,0.571624,3.081766,61.08688
Falcon-512_run18,active,19.911154,5.3975,0.578597,3.122976,61.126647
Falcon-512_run18,active,19.923887,5.4,0.55875,3.01725,61.165067
Falcon-512_run18,active,19.936627,5.39875,0.542837,2.93064,61.202403
Falcon-512_run18,active,19.949401,5.4025,0.552671,2.985804,61.240544
Falcon-512_run18,active,19.962141,5.3975,0.587894,3.17316,61.280971
Falcon-512_run18,active,19.974876,5.39875,0.575736,3.108255,61.320553
Falcon-512_run18,active,19.987611,5.4,0.563756,3.044285,61.359322
Falcon-512_run18,active,20.000346,5.39625,0.586822,3.166636,61.399648
Falcon-512_run18,active,20.01308,5.3975,0.575915,3.1085,61.439233
Falcon-512_run18,active,20.025817,5.3975,0.561968,3.033224,61.477868
Falcon-512_run18,active,20.038559,5.3975,0.546949,2.952158,61.515483
Falcon-512_run18,active,20.051299,5.3975,0.588252,3.17509,61.555935
Falcon-512_run18,active,20.064034,5.39625,0.576094,3.108745,61.595525
Falcon-512_run18,active,20.076768,5.39625,0.547664,2.955334,61.633159
Falcon-512_run18,active,20.089505,5.40125,0.588252,3.177296,61.673626
Falcon-512_run18,active,20.102238,5.39625,0.576451,3.110675,61.713235
Falcon-512_run18,active,20.114974,5.39625,0.561611,3.030592,61.751831
Falcon-512_run18,active,20.12771,5.38625,0.578954,3.118393,61.791549
Falcon-512_run18,active,20.140451,5.39875,0.56912,3.072539,61.830697
Falcon-512_run18,idle_post,20.153309,5.3925,0.438775,2.366095,61.830732
Falcon-512_run18,idle_post,20.166068,5.395,0.436272,2.353687,61.860762
Falcon-512_run18,idle_post,20.178802,5.39875,0.435378,2.350497,61.890695
Falcon-512_run18,idle_post,20.191537,5.40375,0.437702,2.365234,61.920815
Falcon-512_run18,idle_post,20.204268,5.3975,0.438596,2.367324,61.950954
Falcon-512_run18,idle_post,20.217009,5.3975,0.437881,2.363464,61.981066
Falcon-512_run18,idle_post,20.229744,5.39625,0.436272,2.354233,62.011048
Falcon-512_run18,idle_post,20.242483,5.39625,0.440384,2.376424,62.04132
Falcon-512_run18,idle_post,20.255218,5.39625,0.437881,2.362916,62.071414
Falcon-512_run18,idle_post,20.267949,5.39875,0.438418,2.366907,62.101547
Falcon-512_run18,idle_post,20.28068,5.3975,0.438239,2.365394,62.131658
Falcon-512_run18,idle_post,20.293413,5.3975,0.437881,2.363464,62.161754
Falcon-512_run18,idle_post,20.306143,5.39625,0.438418,2.365811,62.19187
Falcon-512_run18,idle_post,20.318871,5.39875,0.438775,2.368838,62.222022
Falcon-512_run18,idle_post,20.331605,5.39625,0.438239,2.364846,62.252135
Falcon-512_run18,idle_post,20.344343,5.39375,0.438239,2.363751,62.282244
Falcon-512_run18,idle_post,20.357077,5.38125,0.438954,2.362121,62.312323
Falcon-512_run18,idle_post,20.36981,5.39375,0.438239,2.363751,62.34242
Falcon-512_run18,idle_post,20.382541,5.39625,0.437881,2.362916,62.372503
Falcon-512_run18,idle_post,20.395269,5.3975,0.438239,2.365394,62.402609
Falcon-512_run18,idle_post,20.40804,5.4025,0.438239,2.367585,62.432848
Falcon-512_run18,idle_post,20.42355,5.39625,0.438775,2.367741,62.46957
Falcon-512_run18,idle_post,20.436304,5.3975,0.437881,2.363464,62.499714
Falcon-512_run18,idle_post,20.449048,5.3975,0.437345,2.360569,62.529797
Falcon-512_run18,idle_post,20.461786,5.39125,0.440384,2.374222,62.560039
Falcon-512_run18,idle_post,20.474519,5.39625,0.43806,2.363881,62.590138
Falcon-512_run18,idle_post,20.487248,5.3975,0.435736,2.351883,62.620076
Falcon-512_run18,idle_post,20.500004,5.39625,0.439669,2.372565,62.650341
Falcon-512_run18,idle_post,20.512735,5.395,0.438239,2.364298,62.68044
Falcon-512_run18,idle_post,20.525468,5.39625,0.437702,2.361952,62.710516
Falcon-512_run18,idle_post,20.5382,5.39625,0.439669,2.372565,62.740723
Falcon-512_run18,idle_post,20.550935,5.3975,0.438239,2.365394,62.770845
Falcon-512_run18,idle_post,20.563669,5.3975,0.438954,2.369254,62.801016
Falcon-512_run18,idle_post,20.576398,5.3975,0.43806,2.364429,62.831113
Falcon-512_run18,idle_post,20.589127,5.39375,0.437702,2.360857,62.861165
Falcon-512_run18,idle_post,20.60186,5.39625,0.437881,2.362916,62.891251
Falcon-512_run18,idle_post,20.614589,5.39875,0.43806,2.364976,62.921356
Falcon-512_run18,idle_post,20.627318,5.39375,0.437881,2.361822,62.951418
Falcon-512_run18,idle_post,20.64005,5.3975,0.437881,2.363464,62.98151
Falcon-512_run18,idle_post,20.652786,5.39625,0.438418,2.365811,63.011642
Falcon-512_run18,idle_post,20.665522,5.395,0.438239,2.364298,63.041753
Falcon-512_run18,idle_post,20.678255,5.395,0.438596,2.366228,63.071882
Falcon-512_run18,idle_post,20.690986,5.39625,0.437881,2.362916,63.101965
Falcon-512_run18,idle_post,20.703724,5.39625,0.43806,2.363881,63.132076
Falcon-512_run18,idle_post,20.716457,5.39625,0.437881,2.362916,63.162163
Falcon-512_run18,idle_post,20.729188,5.395,0.437881,2.362369,63.192238
Falcon-512_run18,idle_post,20.741922,5.3975,0.437881,2.363464,63.222335
Falcon-512_run18,idle_post,20.754661,5.39625,0.43806,2.363881,63.252449
Falcon-512_run18,idle_post,20.767395,5.39625,0.437702,2.361952,63.282526
Falcon-512_run18,idle_post,20.780133,5.39375,0.438239,2.363751,63.312634
