run_id,phase,time_s,voltage_v,current_a,power_w,energy_j
Falcon-512_run13,active,0.000506,5.38625,0.583424,3.14247,3.4e-05
Falcon-512_run13,active,0.013357,5.395,0.580027,3.129247,0.04025
Falcon-512_run13,active,0.026111,5.39625,0.57073,3.0798,0.079527
Falcon-512_run13,active,0.038853,5.3975,0.541585,2.923206,0.116776
Falcon-512_run13,active,0.051697,5.3975,0.586464,3.165439,0.157434
Falcon-512_run13,active,0.064464,5.39625,0.570014,3.07594,0.196703
Falcon-512_run13,active,0.077215,5.4,0.585212,3.160147,0.236998
Falcon-512_run13,active,0.089953,5.39875,0.571087,3.083157,0.276271
Falcon-512_run13,active,0.102688,5.39625,0.546413,2.94858,0.313821
Falcon-512_run13,active,0.115426,5.3925,0.583961,3.149009,0.353934
Falcon-512_run13,active,0.128164,5.4,0.567332,3.063595,0.392957
Falcon-512_run13,active,0.140897,5.3975,0.548558,2.960844,0.430659
Falcon-512_run13,active,0.153632,5.3975,0.569657,3.074723,0.469815
Falcon-512_run13,active,0.166374,5.39625,0.551062,2.973666,0.507704
Falcon-512_run13,active,0.179115,5.39625,0.566438,3.056643,0.546651
Falcon-512_run13,active,0.191851,5.395,0.556426,3.001916,0.584882
Falcon-512_run13,active,0.204586,5.3925,0.55428,2.988955,0.622948
Falcon-512_run13,active,0.217323,5.3775,0.58557,3.148903,0.663055
Falcon-512_run13,active,0.230058,5.3975,0.556962,3.006202,0.701337
Falcon-512_run13,active,0.242792,5.3975,0.584497,3.154824,0.74151
Falcon-512_run13,active,0.25553,5.4,0.553386,2.988284,0.779578
Falcon-512_run13,active,0.268274,5.39625,0.544982,2.940861,0.817055
Falcon-512_run13,active,0.281015,5.39625,0.587894,3.172425,0.857475
Falcon-512_run13,active,0.293751,5.3975,0.556068,3.001377,0.8957
Falcon-512_run13,active,0.306487,5.40125,0.555353,2.999599,0.933904
Falcon-512_run13,active,0.319228,5.3975,0.585928,3.162544,0.974196
Falcon-512_run13,active,0.331964,5.3975,0.571266,3.083408,1.013466
Falcon-512_run13,active,0.344697,5.3975,0.571445,3.084373,1.052741
Falcon-512_run13,active,0.357437,5.395,0.561253,3.027961,1.091317
Falcon-512_run13,active,0.37019,5.39625,0.582173,3.14155,1.131382
Falcon-512_run13,active,0.382968,5.3975,0.569478,3.073758,1.170659
Falcon-512_run13,active,0.39571,5.39625,0.536579,2.895513,1.207552
Falcon-512_run13,active,0.408445,5.39875,0.585212,3.159415,1.247787
Falcon-512_run13,active,0.421182,5.39625,0.561611,3.030592,1.286389
Falcon-512_run13,active,0.433917,5.39625,0.585391,3.158917,1.326617
Falcon-512_run13,active,0.446651,5.4,0.569478,3.075181,1.365776
Falcon-512_run13,active,0.459388,5.39625,0.546413,2.94858,1.403333
Falcon-512_run13,active,0.472131,5.3975,0.527996,2.849861,1.439648
Falcon-512_run13,active,0.484869,5.3975,0.586106,3.163509,1.479945
Falcon-512_run13,active,0.497606,5.39875,0.570372,3.079296,1.519167
Falcon-512_run13,active,0.510342,5.39625,0.560002,3.021909,1.557654
Falcon-512_run13,active,0.52308,5.395,0.534076,2.881338,1.594355
Falcon-512_run13,active,0.535814,5.4025,0.532645,2.877616,1.631
Falcon-512_run13,active,0.548547,5.3975,0.584318,3.153859,1.671156
Falcon-512_run13,active,0.56128,5.39625,0.556604,3.003576,1.709401
Falcon-512_run13,active,0.574021,5.39625,0.547664,2.955334,1.747055
Falcon-512_run13,active,0.58676,5.3975,0.564472,3.046735,1.785867
Falcon-512_run13,active,0.599498,5.3975,0.565902,3.054456,1.824775
Falcon-512_run13,active,0.612264,5.395,0.55732,3.006739,1.863161
Falcon-512_run13,active,0.625,5.3975,0.526208,2.84021,1.899332
Falcon-512_run13,active,0.637737,5.38625,0.585749,3.154989,1.939517
Falcon-512_run13,active,0.650496,5.39,0.562684,3.032865,1.978215
Falcon-512_run13,active,0.663263,5.39125,0.558392,3.010433,2.016649
Falcon-512_run13,active,0.676015,5.4025,0.586106,3.16644,2.057026
Falcon-512_run13,active,0.688755,5.39375,0.533182,2.875848,2.093666
Falcon-512_run13,active,0.701492,5.39625,0.587179,3.168566,2.134024
Falcon-512_run13,active,0.714228,5.3975,0.585391,3.159649,2.174264
Falcon-512_run13,active,0.726965,5.395,0.536579,2.894843,2.211136
Falcon-512_run13,active,0.739701,5.3975,0.588073,3.174125,2.251562
Falcon-512_run13,active,0.752435,5.39875,0.559465,3.020413,2.290024
Falcon-512_run13,active,0.765172,5.39625,0.549452,2.964983,2.327787
Falcon-512_run13,active,0.777913,5.39625,0.587894,3.172425,2.368209
Falcon-512_run13,active,0.790651,5.39375,0.559286,3.016651,2.406634
Falcon-512_run13,active,0.803389,5.39875,0.573412,3.095706,2.446069
Falcon-512_run13,active,0.816126,5.4,0.533003,2.878215,2.482726
Falcon-512_run13,active,0.828861,5.39875,0.557498,3.009794,2.521058
Falcon-512_run13,active,0.841596,5.39625,0.585391,3.158917,2.561285
Falcon-512_run13,active,0.85433,5.395,0.565544,3.051112,2.60014
Falcon-512_run13,active,0.867065,5.39625,0.562505,3.035417,2.638795
Falcon-512_run13,active,0.879809,5.39875,0.480614,2.594717,2.671862
Falcon-512_run13,active,0.892545,5.39625,0.471853,2.546238,2.704292
Falcon-512_run13,active,0.905283,5.39625,0.480078,2.590621,2.737291
Falcon-512_run13,active,0.918019,5.3975,0.478469,2.582535,2.77018
Falcon-512_run13,active,0.930753,5.40375,0.454331,2.45509,2.801445
Falcon-512_run13,active,0.943491,5.3975,0.478469,2.582535,2.83434
Falcon-512_run13,active,0.956272,5.3975,0.479363,2.587361,2.867411
Falcon-512_run13,active,0.96901,5.39875,0.457728,2.471159,2.898886
Falcon-512_run13,active,0.981747,5.39625,0.569836,3.074975,2.938054
Falcon-512_run13,active,0.994561,5.39625,0.585749,3.160847,2.978556
Falcon-512_run13,active,1.007332,5.4,0.553744,2.990215,3.016745
Falcon-512_run13,active,1.020072,5.395,0.556783,3.003845,3.055015
Falcon-512_run13,active,1.032807,5.39625,0.581815,3.13962,3.094997
Falcon-512_run13,active,1.045574,5.39375,0.566975,3.05812,3.134038
Falcon-512_run13,active,1.058313,5.39625,0.570908,3.080764,3.173285
Falcon-512_run13,active,1.071051,5.3975,0.58557,3.160614,3.213546
Falcon-512_run13,active,1.083795,5.3975,0.526566,2.84214,3.249765
Falcon-512_run13,active,1.096534,5.395,0.579491,3.126353,3.289593
Falcon-512_run13,active,1.109269,5.39875,0.529248,2.857278,3.325981
Falcon-512_run13,active,1.122004,5.395,0.586106,3.162044,3.36625
Falcon-512_run13,active,1.134739,5.39625,0.543373,2.932178,3.403589
Falcon-512_run13,active,1.147475,5.395,0.587179,3.167832,3.443935
Falcon-512_run13,active,1.160241,5.39625,0.529784,2.858849,3.480432
Falcon-512_run13,active,1.172978,5.39625,0.585034,3.156988,3.520641
Falcon-512_run13,active,1.185724,5.39875,0.574127,3.099567,3.560149
Falcon-512_run13,active,1.198464,5.39625,0.587,3.167601,3.600503
Falcon-512_run13,active,1.2112,5.39625,0.565544,3.051819,3.639374
Falcon-512_run13,active,1.223936,5.39625,0.586106,3.162777,3.679653
Falcon-512_run13,active,1.23667,5.3675,0.564293,3.028842,3.718222
Falcon-512_run13,active,1.249403,5.3975,0.551598,2.97725,3.756133
Falcon-512_run13,active,1.262138,5.3975,0.538724,2.907765,3.793162
Falcon-512_run13,active,1.277356,5.39625,0.58253,3.14348,3.841
Falcon-512_run13,active,1.290112,5.39625,0.560359,3.023838,3.879571
Falcon-512_run13,active,1.302853,5.3975,0.547843,2.956984,3.917246
Falcon-512_run13,active,1.315591,5.3975,0.588431,3.176055,3.957702
Falcon-512_run13,active,1.328324,5.39625,0.556783,3.004541,3.995961
Falcon-512_run13,active,1.341061,5.39875,0.582173,3.143005,4.035992
Falcon-512_run13,active,1.353795,5.3975,0.575378,3.105605,4.07554
Falcon-512_run13,active,1.366528,5.3975,0.528533,2.852756,4.111863
Falcon-512_run13,active,1.379264,5.39625,0.562862,3.037346,4.150549
Falcon-512_run13,active,1.392006,5.395,0.58557,3.15915,4.190802
Falcon-512_run13,active,1.404743,5.3975,0.533182,2.877848,4.227455
Falcon-512_run13,active,1.417476,5.39875,0.570014,3.077365,4.266641
Falcon-512_run13,active,1.430209,5.39625,0.570551,3.078835,4.305843
Falcon-512_run13,active,1.44297,5.3875,0.566081,3.04976,4.344761
Falcon-512_run13,active,1.455708,5.3925,0.570193,3.074767,4.383927
Falcon-512_run13,active,1.46844,5.39625,0.585749,3.160847,4.424171
Falcon-512_run13,active,1.481175,5.39875,0.562326,3.035857,4.462832
Falcon-512_run13,active,1.493916,5.39625,0.545519,2.943756,4.500338
Falcon-512_run13,active,1.506653,5.39125,0.585391,3.15599,4.540538
Falcon-512_run13,active,1.519391,5.39875,0.568048,3.066747,4.579601
Falcon-512_run13,active,1.532125,5.39625,0.541228,2.920599,4.616793
Falcon-512_run13,active,1.544859,5.3975,0.585749,3.161579,4.657053
Falcon-512_run13,active,1.557593,5.395,0.565902,3.053041,4.695928
Falcon-512_run13,active,1.570327,5.3975,0.585034,3.157719,4.736141
Falcon-512_run13,active,1.583064,5.39625,0.567154,3.060503,4.775123
Falcon-512_run13,active,1.595807,5.395,0.542837,2.928605,4.812442
Falcon-512_run13,active,1.608543,5.39625,0.585749,3.160847,4.852697
Falcon-512_run13,active,1.621279,5.395,0.558571,3.013492,4.891078
Falcon-512_run13,active,1.634013,5.39625,0.586643,3.165671,4.931389
Falcon-512_run13,active,1.646746,5.3975,0.560002,3.022609,4.969876
Falcon-512_run13,active,1.659479,5.39625,0.551956,2.97849,5.007801
Falcon-512_run13,active,1.672248,5.3975,0.583424,3.149033,5.048012
Falcon-512_run13,active,1.684985,5.4,0.563756,3.044285,5.086786
Falcon-512_run13,active,1.697728,5.39875,0.563756,3.04358,5.125571
Falcon-512_run13,active,1.710467,5.39625,0.586106,3.162777,5.16586
Falcon-512_run13,active,1.723202,5.39625,0.531215,2.866568,5.202367
Falcon-512_run13,active,1.735938,5.3975,0.546055,2.947333,5.239905
Falcon-512_run13,active,1.748669,5.395,0.585749,3.160115,5.280136
Falcon-512_run13,active,1.761403,5.3975,0.551062,2.974355,5.31801
Falcon-512_run13,active,1.774138,5.39625,0.568763,3.069186,5.357097
Falcon-512_run13,active,1.786872,5.39625,0.576272,3.10971,5.396697
Falcon-512_run13,active,1.799617,5.39625,0.576809,3.112604,5.436366
Falcon-512_run13,active,1.812613,5.3925,0.572696,3.088265,5.476499
Falcon-512_run13,active,1.825366,5.395,0.527102,2.843717,5.512766
Falcon-512_run13,active,1.838107,5.39375,0.58557,3.158418,5.553007
Falcon-512_run13,active,1.850836,5.3975,0.56465,3.047701,5.591803
Falcon-512_run13,active,1.863579,5.3975,0.567511,3.063142,5.630837
Falcon-512_run13,active,1.876312,5.40375,0.581279,3.141085,5.670832
Falcon-512_run13,active,1.889046,5.39875,0.581636,3.14011,5.710818
Falcon-512_run13,active,1.901781,5.3975,0.57663,3.11236,5.750454
Falcon-512_run13,active,1.914521,5.3925,0.566438,3.054519,5.789369
Falcon-512_run13,active,1.927261,5.39625,0.585928,3.161812,5.82965
Falcon-512_run13,active,1.939997,5.39875,0.57073,3.081226,5.868891
Falcon-512_run13,active,1.952732,5.39875,0.547664,2.956703,5.906546
Falcon-512_run13,active,1.965468,5.39875,0.585749,3.162311,5.94682
Falcon-512_run13,active,1.978203,5.39625,0.557141,3.006471,5.985107
Falcon-512_run13,active,1.990986,5.3975,0.552134,2.980145,6.023203
Falcon-512_run13,active,2.00378,5.39625,0.583782,3.150234,6.063507
Falcon-512_run13,active,2.01652,5.40125,0.584676,3.157981,6.103741
Falcon-512_run13,active,2.029265,5.39875,0.567511,3.063851,6.142789
Falcon-512_run13,active,2.042003,5.395,0.529963,2.859151,6.179208
Falcon-512_run13,active,2.05475,5.395,0.569299,3.071369,6.218361
Falcon-512_run13,active,2.067544,5.39375,0.584497,3.152632,6.258696
Falcon-512_run13,active,2.080319,5.39375,0.569299,3.070658,6.297923
Falcon-512_run13,active,2.093057,5.39625,0.577345,3.115499,6.337608
Falcon-512_run13,active,2.105809,5.395,0.526208,2.838894,6.37381
Falcon-512_run13,active,2.118549,5.39375,0.585391,3.157454,6.414036
Falcon-512_run13,active,2.131288,5.39625,0.584676,3.155058,6.454228
Falcon-512_run13,active,2.144024,5.3975,0.56769,3.064107,6.493252
Falcon-512_run13,active,2.156756,5.3975,0.556247,3.002342,6.531476
Falcon-512_run13,active,2.169489,5.3975,0.557677,3.010063,6.569805
Falcon-512_run13,active,2.182222,5.36875,0.585391,3.142819,6.609821
Falcon-512_run13,active,2.194955,5.39875,0.553565,2.988558,6.647876
Falcon-512_run13,active,2.2077,5.3975,0.583424,3.149033,6.68801
Falcon-512_run13,active,2.220438,5.3975,0.574663,3.101745,6.727519
Falcon-512_run13,active,2.233174,5.3975,0.558571,3.014888,6.765918
Falcon-512_run13,active,2.245909,5.39875,0.556783,3.005933,6.804198
Falcon-512_run13,active,2.258644,5.3975,0.539261,2.91066,6.841265
Falcon-512_run13,active,2.271381,5.39625,0.586285,3.163742,6.881562
Falcon-512_run13,active,2.284115,5.39625,0.572339,3.088483,6.92089
Falcon-512_run13,active,2.296848,5.395,0.557856,3.009633,6.959211
Falcon-512_run13,active,2.309588,5.39625,0.551777,2.977526,6.997146
Falcon-512_run13,active,2.322327,5.38375,0.583424,3.141011,7.037159
Falcon-512_run13,active,2.335065,5.39625,0.56626,3.055678,7.076082
Falcon-512_run13,active,2.347801,5.39625,0.527639,2.847271,7.112345
Falcon-512_run13,active,2.360532,5.3975,0.583067,3.147103,7.152411
Falcon-512_run13,active,2.373268,5.39625,0.557856,3.01033,7.19075
Falcon-512_run13,active,2.386,5.395,0.571981,3.085839,7.230039
Falcon-512_run13,active,2.398734,5.39625,0.559823,3.020944,7.268509
Falcon-512_run13,active,2.411476,5.39625,0.555889,2.999717,7.306731
Falcon-512_run13,active,2.424252,5.3825,0.556962,2.997848,7.345031
Falcon-512_run13,active,2.436989,5.3975,0.585749,3.161579,7.385299
Falcon-512_run13,active,2.449722,5.3975,0.559465,3.019713,7.42375
Falcon-512_run13,active,2.462461,5.3975,0.539618,2.91259,7.460853
Falcon-512_run13,active,2.475197,5.39125,0.586106,3.159846,7.501098
Falcon-512_run13,active,2.487933,5.39,0.585212,3.154295,7.541271
Falcon-512_run13,active,2.500664,5.3975,0.587179,3.1693,7.58162
Falcon-512_run13,active,2.513405,5.3975,0.569299,3.072792,7.62077
Falcon-512_run13,active,2.526145,5.38625,0.58861,3.170398,7.66116
Falcon-512_run13,active,2.53888,5.39625,0.561253,3.028663,7.69973
Falcon-512_run13,active,2.554282,5.39625,0.549274,2.964018,7.745381
Falcon-512_run13,active,2.567036,5.395,0.56912,3.070405,7.784542
Falcon-512_run13,active,2.579775,5.39375,0.558929,3.014722,7.822946
Falcon-512_run13,active,2.592509,5.3975,0.557677,3.010063,7.861276
Falcon-512_run13,active,2.605244,5.39625,0.53497,2.88683,7.89804
Falcon-512_run13,active,2.617989,5.3975,0.585749,3.161579,7.938333
Falcon-512_run13,active,2.630728,5.39625,0.525493,2.835693,7.974459
Falcon-512_run13,active,2.643465,5.3975,0.586285,3.164474,8.014766
Falcon-512_run13,active,2.6562,5.39625,0.52889,2.854025,8.051109
Falcon-512_run13,active,2.668934,5.39,0.557498,3.004916,8.089375
Falcon-512_run13,active,2.681669,5.3975,0.584855,3.156754,8.129575
Falcon-512_run13,active,2.694402,5.39625,0.572875,3.091378,8.168938
Falcon-512_run13,active,2.707136,5.40125,0.585212,3.160878,8.20919
Falcon-512_run13,active,2.719877,5.39625,0.562862,3.037346,8.247889
Falcon-512_run13,active,2.732615,5.39625,0.586464,3.164706,8.288199
Falcon-512_run13,active,2.745348,5.39625,0.526208,2.839552,8.324357
Falcon-512_run13,active,2.758081,5.395,0.567869,3.063652,8.363366
Falcon-512_run13,active,2.770815,5.3975,0.579312,3.126837,8.403182
Falcon-512_run13,active,2.783551,5.3975,0.575915,3.1085,8.442772
Falcon-512_run13,active,2.796283,5.4025,0.531394,2.870854,8.479324
Falcon-512_run13,active,2.809017,5.39625,0.58557,3.159882,8.519561
Falcon-512_run13,active,2.821756,5.3975,0.554101,2.990761,8.557661
Falcon-512_run13,active,2.834493,5.3975,0.586106,3.163509,8.597956
Falcon-512_run13,active,2.847348,5.39375,0.564472,3.044619,8.637094
Falcon-512_run13,active,2.860094,5.39875,0.561968,3.033927,8.675765
Falcon-512_run13,active,2.872869,5.3975,0.538188,2.90487,8.712872
Falcon-512_run13,active,2.885614,5.39625,0.550525,2.970772,8.750735
Falcon-512_run13,active,2.898349,5.39625,0.566975,3.059538,8.7897
Falcon-512_run13,active,2.911084,5.39625,0.576451,3.110675,8.829313
Falcon-512_run13,active,2.923827,5.3975,0.547307,2.954088,8.866958
Falcon-512_run13,active,2.936566,5.38,0.531215,2.857936,8.903366
Falcon-512_run13,active,2.949309,5.3975,0.556604,3.004272,8.941649
Falcon-512_run13,active,2.962044,5.39625,0.585034,3.156988,8.981854
Falcon-512_run13,active,2.97478,5.39625,0.572875,3.091378,9.021223
Falcon-512_run13,active,2.987538,5.39625,0.590755,3.187863,9.061894
Falcon-512_run13,active,3.000316,5.395,0.572696,3.089697,9.101375
Falcon-512_run13,active,3.013058,5.39625,0.55875,3.015155,9.139795
Falcon-512_run13,active,3.025805,5.3975,0.532109,2.872057,9.176405
Falcon-512_run13,active,3.038549,5.38375,0.585034,3.149675,9.216543
Falcon-512_run13,active,3.051295,5.395,0.601304,3.244037,9.257891
Falcon-512_run13,active,3.064033,5.3975,0.593437,3.203077,9.298693
Falcon-512_run13,active,3.076772,5.395,0.560717,3.025067,9.337229
Falcon-512_run13,active,3.089512,5.39625,0.536042,2.892619,9.374081
Falcon-512_run13,active,3.102249,5.39875,0.538724,2.908438,9.411126
Falcon-512_run13,active,3.114987,5.39875,0.532288,2.873688,9.447731
Falcon-512_run13,active,3.12773,5.39625,0.586643,3.165671,9.488071
Falcon-512_run13,active,3.14047,5.38125,0.55875,3.006773,9.526379
Falcon-512_run13,active,3.153207,5.39625,0.584855,3.156023,9.566576
Falcon-512_run13,active,3.165942,5.39375,0.586464,3.16324,9.606861
Falcon-512_run13,active,3.178677,5.395,0.535864,2.890984,9.643678
Falcon-512_run13,active,3.191414,5.395,0.551777,2.976836,9.681593
Falcon-512_run13,active,3.20415,5.39875,0.559465,3.020413,9.720059
Falcon-512_run13,active,3.216885,5.395,0.580921,3.13407,9.759974
Falcon-512_run13,active,3.229629,5.39625,0.587,3.167601,9.800339
Falcon-512_run13,active,3.242369,5.38125,0.585391,3.150136,9.840473
Falcon-512_run13,active,3.25511,5.3925,0.567332,3.05934,9.879453
Falcon-512_run13,active,3.267846,5.395,0.585391,3.158186,9.919677
Falcon-512_run13,active,3.280579,5.39875,0.560359,3.025239,9.958197
Falcon-512_run13,active,3.293316,5.39625,0.558571,3.01419,9.996588
Falcon-512_run13,active,3.30605,5.39375,0.530142,2.859453,10.033
Falcon-512_run13,active,3.318784,5.3975,0.585034,3.157719,10.073211
Falcon-512_run13,active,3.331527,5.39125,0.560717,3.022964,10.111733
Falcon-512_run13,active,3.344267,5.385,0.546592,2.943396,10.149232
Falcon-512_run13,active,3.357004,5.40375,0.588788,3.181665,10.189756
Falcon-512_run13,active,3.369739,5.3975,0.56912,3.071827,10.228874
Falcon-512_run13,active,3.382477,5.39125,0.586106,3.159846,10.269124
Falcon-512_run13,active,3.395213,5.39375,0.57663,3.110198,10.308737
Falcon-512_run13,active,3.407948,5.395,0.578239,3.1196,10.348465
Falcon-512_run13,active,3.420682,5.39625,0.533897,2.881041,10.385151
Falcon-512_run13,active,3.433424,5.3975,0.556962,3.006202,10.423457
Falcon-512_run13,active,3.446162,5.39625,0.583067,3.146374,10.463536
Falcon-512_run13,active,3.458893,5.3975,0.562505,3.03612,10.502189
Falcon-512_run13,active,3.471634,5.3975,0.553028,2.984971,10.540221
Falcon-512_run13,active,3.484368,5.395,0.569478,3.072334,10.579343
Falcon-512_run13,active,3.497102,5.39625,0.545161,2.941826,10.616804
Falcon-512_run13,active,3.509834,5.395,0.585928,3.161079,10.657052
Falcon-512_run13,active,3.522568,5.395,0.556783,3.003845,10.695302
Falcon-512_run13,active,3.535311,5.3975,0.588073,3.174125,10.735749
Falcon-512_run13,active,3.548048,5.395,0.528354,2.85047,10.772057
Falcon-512_run13,active,3.560781,5.39625,0.586285,3.163742,10.812342
Falcon-512_run13,active,3.573546,5.39625,0.570551,3.078835,10.851643
Falcon-512_run13,active,3.586282,5.39875,0.538009,2.904577,10.888636
Falcon-512_run13,active,3.599023,5.39875,0.585212,3.159415,10.928889
Falcon-512_run13,active,3.611759,5.39625,0.569657,3.074011,10.96804
Falcon-512_run13,active,3.624492,5.39625,0.585749,3.160847,11.008286
Falcon-512_run13,active,3.637235,5.40125,0.569478,3.075893,11.047482
Falcon-512_run13,active,3.649974,5.39625,0.578954,3.124183,11.08728
Falcon-512_run13,active,3.662707,5.39625,0.561074,3.027698,11.125833
Falcon-512_run13,active,3.675444,5.3975,0.527102,2.845035,11.162071
Falcon-512_run13,active,3.688179,5.3975,0.565544,3.052526,11.200945
Falcon-512_run13,active,3.700912,5.39625,0.579491,3.127077,11.240762
Falcon-512_run13,active,3.713645,5.3975,0.559465,3.019713,11.279212
Falcon-512_run13,active,3.726379,5.39875,0.527102,2.845694,11.315449
Falcon-512_run13,active,3.739122,5.395,0.585749,3.160115,11.355716
Falcon-512_run13,active,3.751861,5.39375,0.569299,3.070658,11.394834
Falcon-512_run13,active,3.764596,5.39625,0.560896,3.026733,11.43338
Falcon-512_run13,active,3.777332,5.39875,0.5305,2.864035,11.469856
Falcon-512_run13,active,3.790066,5.39625,0.586285,3.163742,11.510143
Falcon-512_run13,active,3.8028,5.395,0.577703,3.116707,11.549833
Falcon-512_run13,active,3.815537,5.4,0.549452,2.967043,11.587624
Falcon-512_run13,active,3.830888,5.3975,0.556604,3.004272,11.63374
Falcon-512_run13,active,3.843655,5.39625,0.526387,2.840517,11.670006
Falcon-512_run13,active,3.856399,5.3825,0.569299,3.064253,11.709056
Falcon-512_run13,active,3.869136,5.3975,0.586106,3.163509,11.749351
Falcon-512_run13,active,3.881871,5.3975,0.562326,3.035155,11.788003
Falcon-512_run13,active,3.894607,5.39625,0.561611,3.030592,11.8266
Falcon-512_run13,active,3.907343,5.3975,0.527818,2.848895,11.862883
Falcon-512_run13,active,3.920073,5.39625,0.586106,3.162777,11.903147
Falcon-512_run13,active,3.932809,5.3975,0.567332,3.062177,11.942146
Falcon-512_run13,active,3.945583,5.3975,0.569299,3.072792,11.981399
Falcon-512_run13,active,3.958322,5.39625,0.554101,2.990069,12.019489
Falcon-512_run13,active,3.971058,5.39625,0.570193,3.076905,12.058677
Falcon-512_run13,active,3.983813,5.395,0.586464,3.163973,12.099034
Falcon-512_run13,active,3.996591,5.39625,0.561253,3.028663,12.137734
Falcon-512_run13,active,4.009334,5.39625,0.586643,3.165671,12.178074
Falcon-512_run13,active,4.022071,5.39625,0.563578,3.041206,12.216808
Falcon-512_run13,active,4.034805,5.39375,0.573412,3.092839,12.256194
Falcon-512_run13,active,4.047553,5.4,0.529784,2.860836,12.292664
Falcon-512_run13,active,4.060294,5.39375,0.588431,3.173849,12.333101
Falcon-512_run13,active,4.073036,5.39625,0.560717,3.025768,12.371656
Falcon-512_run13,active,4.085773,5.395,0.553922,2.988411,12.409718
Falcon-512_run13,active,4.098508,5.39625,0.586106,3.162777,12.449996
Falcon-512_run13,active,4.111245,5.3975,0.567332,3.062177,12.488999
Falcon-512_run13,active,4.123981,5.39875,0.586106,3.164242,12.529299
Falcon-512_run13,active,4.136713,5.39625,0.559823,3.020944,12.567762
Falcon-512_run13,active,4.149456,5.3975,0.569299,3.072792,12.606919
Falcon-512_run13,active,4.162195,5.39625,0.574663,3.101026,12.646422
Falcon-512_run13,active,4.174962,5.395,0.566796,3.057864,12.685462
Falcon-512_run13,active,4.1877,5.39625,0.550346,2.969807,12.723291
Falcon-512_run13,active,4.200434,5.3975,0.558571,3.014888,12.761684
Falcon-512_run13,active,4.21317,5.39625,0.543194,2.931213,12.799016
Falcon-512_run13,active,4.225903,5.3975,0.582173,3.142278,12.839025
Falcon-512_run13,active,4.238638,5.3975,0.56912,3.071827,12.878146
Falcon-512_run13,active,4.251384,5.395,0.561432,3.028926,12.916752
Falcon-512_run13,active,4.264123,5.39375,0.548737,2.959751,12.954457
Falcon-512_run13,active,4.276856,5.39625,0.55428,2.991033,12.992541
Falcon-512_run13,active,4.289589,5.39625,0.572339,3.088483,13.031866
Falcon-512_run13,active,4.302322,5.39375,0.579312,3.124664,13.071652
Falcon-512_run13,active,4.315057,5.39625,0.557677,3.009366,13.109979
Falcon-512_run13,active,4.327791,5.39875,0.588431,3.176791,13.150431
Falcon-512_run13,active,4.340522,5.3975,0.561074,3.028399,13.188987
Falcon-512_run13,active,4.353265,5.39625,0.533539,2.879111,13.225673
Falcon-512_run13,active,4.366002,5.3975,0.558929,3.016818,13.264099
Falcon-512_run13,active,4.378736,5.39875,0.570908,3.082192,13.303348
Falcon-512_run13,active,4.391472,5.3975,0.579133,3.125871,13.34316
Falcon-512_run13,active,4.404209,5.39625,0.558929,3.01612,13.381575
Falcon-512_run13,active,4.416942,5.3925,0.587,3.1654,13.421882
Falcon-512_run13,active,4.429676,5.39625,0.565544,3.051819,13.460742
Falcon-512_run13,active,4.442409,5.39625,0.572339,3.088483,13.500068
Falcon-512_run13,active,4.455151,5.39625,0.578418,3.121288,13.539838
Falcon-512_run13,active,4.467889,5.39625,0.577166,3.114534,13.579514
Falcon-512_run13,active,4.480622,5.39625,0.567332,3.061467,13.618494
Falcon-512_run13,active,4.493355,5.395,0.561611,3.02989,13.657074
Falcon-512_run13,active,4.50609,5.3975,0.584676,3.155789,13.697262
Falcon-512_run13,active,4.518824,5.39625,0.586106,3.162777,13.737537
Falcon-512_run13,active,4.53156,5.39625,0.571445,3.083659,13.77681
Falcon-512_run13,active,4.544292,5.385,0.561611,3.024274,13.815317
Falcon-512_run13,active,4.557034,5.3875,0.586106,3.157648,13.85555
Falcon-512_run13,active,4.569769,5.39625,0.556783,3.004541,13.893814
Falcon-512_run13,active,4.582502,5.3975,0.585928,3.162544,13.934084
Falcon-512_run13,active,4.595237,5.40375,0.548201,2.96234,13.971809
Falcon-512_run13,active,4.607972,5.4025,0.584676,3.158712,14.012035
Falcon-512_run13,active,4.620704,5.3975,0.565544,3.052526,14.050899
Falcon-512_run13,active,4.633439,5.3975,0.562147,3.03419,14.089538
Falcon-512_run13,active,4.64617,5.395,0.530857,2.863975,14.126002
Falcon-512_run13,active,4.658944,5.39625,0.586106,3.162777,14.166402
Falcon-512_run13,active,4.671686,5.39625,0.571981,3.086554,14.20573
Falcon-512_run13,active,4.684418,5.395,0.532645,2.873621,14.242318
Falcon-512_run13,active,4.697153,5.39125,0.588788,3.174305,14.282742
Falcon-512_run13,active,4.709884,5.39625,0.586464,3.164706,14.323032
Falcon-512_run13,active,4.722617,5.3975,0.557677,3.010063,14.361358
Falcon-512_run13,active,4.735351,5.39625,0.589146,3.179179,14.401844
Falcon-512_run13,active,4.748085,5.395,0.585749,3.160115,14.442084
Falcon-512_run13,active,4.760846,5.39625,0.57216,3.087518,14.481483
Falcon-512_run13,active,4.773585,5.39875,0.587,3.169068,14.521854
Falcon-512_run13,active,4.78632,5.39375,0.562862,3.035939,14.560516
Falcon-512_run13,active,4.799055,5.3975,0.566081,3.055421,14.599429
Falcon-512_run13,active,4.81179,5.3975,0.540155,2.915486,14.636558
Falcon-512_run13,active,4.824523,5.3975,0.568405,3.067967,14.67562
Falcon-512_run13,active,4.837255,5.3975,0.56018,3.023574,14.714118
Falcon-512_run13,active,4.849989,5.395,0.553922,2.988411,14.752172
Falcon-512_run13,active,4.86273,5.39625,0.569299,3.072081,14.791314
Falcon-512_run13,active,4.875471,5.4,0.565544,3.05394,14.830223
Falcon-512_run13,active,4.888208,5.3975,0.580385,3.132627,14.870123
Falcon-512_run13,active,4.900943,5.3975,0.560896,3.027434,14.908678
Falcon-512_run13,active,4.913677,5.39625,0.532109,2.871392,14.945241
Falcon-512_run13,active,4.926403,5.39375,0.588431,3.173849,14.985634
Falcon-512_run13,active,4.939142,5.3975,0.567511,3.063142,15.024655
Falcon-512_run13,active,4.951876,5.39625,0.586643,3.165671,15.064966
Falcon-512_run13,active,4.964616,5.39875,0.566975,3.060955,15.103963
Falcon-512_run13,active,4.977355,5.3975,0.557141,3.007167,15.14227
Falcon-512_run13,active,4.990107,5.3975,0.551777,2.978215,15.180248
Falcon-512_run13,active,5.002883,5.395,0.585749,3.160115,15.220622
Falcon-512_run13,active,5.015629,5.40125,0.561611,3.0334,15.259287
Falcon-512_run13,active,5.028365,5.39625,0.567869,3.064362,15.298315
Falcon-512_run13,active,5.041101,5.39875,0.552671,2.983731,15.336316
Falcon-512_run13,active,5.053836,5.39875,0.57073,3.081226,15.375554
Falcon-512_run13,active,5.06658,5.3925,0.585212,3.155758,15.415771
Falcon-512_run13,active,5.079323,5.39625,0.558571,3.01419,15.454181
Falcon-512_run13,active,5.09206,5.395,0.584318,3.152398,15.494332
Falcon-512_run13,active,5.107535,5.39625,0.527102,2.844376,15.53835
Falcon-512_run13,active,5.120294,5.395,0.570014,3.075228,15.577588
Falcon-512_run13,active,5.133052,5.39875,0.585749,3.162311,15.617931
Falcon-512_run13,active,5.14579,5.39625,0.568763,3.069186,15.657026
Falcon-512_run13,active,5.158523,5.39875,0.572518,3.090879,15.696383
Falcon-512_run13,active,5.17127,5.39875,0.55428,2.992419,15.734528
Falcon-512_run13,active,5.18401,5.38875,0.53783,2.898234,15.77145
Falcon-512_run13,active,5.196443,5.38625,0.590398,3.180029,15.810989
Falcon-512_run13,active,5.208876,5.3875,0.56018,3.017972,15.84851
Falcon-512_run13,active,5.221307,5.38625,0.557141,3.0009,15.885815
Falcon-512_run13,active,5.233737,5.38625,0.58557,3.154026,15.92502
Falcon-512_run13,active,5.246168,5.385,0.566438,3.050271,15.962936
Falcon-512_run13,active,5.258598,5.38875,0.571445,3.079373,16.001213
Falcon-512_run13,active,5.271033,5.3875,0.584318,3.148015,16.040358
Falcon-512_run13,active,5.283482,5.39625,0.585928,3.161812,16.07972
Falcon-512_run13,active,5.29626,5.3975,0.555353,2.997517,16.118023
Falcon-512_run13,active,5.308996,5.39875,0.563041,3.039719,16.156738
Falcon-512_run13,active,5.32173,5.3975,0.586643,3.166405,16.197059
Falcon-512_run13,active,5.334465,5.3975,0.55124,2.97532,16.234948
Falcon-512_run13,active,5.347201,5.3975,0.527996,2.849861,16.271244
Falcon-512_run13,active,5.359934,5.3975,0.586464,3.165439,16.311548
Falcon-512_run13,active,5.372671,5.3975,0.559823,3.021644,16.350037
Falcon-512_run13,active,5.385409,5.3975,0.547486,2.955054,16.387679
Falcon-512_run13,active,5.398143,5.3975,0.585749,3.161579,16.427938
Falcon-512_run13,active,5.410877,5.39625,0.577703,3.117429,16.467635
Falcon-512_run13,active,5.423614,5.39625,0.585391,3.158917,16.50787
Falcon-512_run13,active,5.436347,5.39,0.556783,3.001061,16.546082
Falcon-512_run13,active,5.449082,5.395,0.556783,3.003845,16.584335
Falcon-512_run13,active,5.461814,5.39375,0.540512,2.915389,16.621455
Falcon-512_run13,active,5.474552,5.39625,0.586106,3.162777,16.661742
Falcon-512_run13,active,5.487292,5.39625,0.567332,3.061467,16.700746
Falcon-512_run13,active,5.500026,5.40625,0.563041,3.043941,16.739508
Falcon-512_run13,active,5.51276,5.39625,0.586106,3.162777,16.779782
Falcon-512_run13,active,5.525495,5.39125,0.585928,3.158882,16.820011
Falcon-512_run13,active,5.538229,5.4025,0.567869,3.067911,16.859076
Falcon-512_run13,active,5.550966,5.39625,0.530321,2.861744,16.895526
Falcon-512_run13,active,5.563699,5.39625,0.561611,3.030592,16.934115
Falcon-512_run13,active,5.576439,5.39875,0.586643,3.167138,16.974463
Falcon-512_run13,active,5.589178,5.395,0.584497,3.153362,17.014636
Falcon-512_run13,active,5.601911,5.39625,0.585928,3.161812,17.054894
Falcon-512_run13,active,5.614644,5.3975,0.567332,3.062177,17.093887
Falcon-512_run13,active,5.62738,5.3975,0.553565,2.987866,17.13194
Falcon-512_run13,active,5.640114,5.3975,0.587894,3.17316,17.172346
Falcon-512_run13,active,5.652846,5.39875,0.565187,3.051302,17.211197
Falcon-512_run13,active,5.66558,5.39125,0.571802,3.08273,17.25045
Falcon-512_run13,active,5.678321,5.39625,0.556604,3.003576,17.288718
Falcon-512_run13,active,5.69106,5.39625,0.555889,2.999717,17.326933
Falcon-512_run13,active,5.703794,5.39625,0.585749,3.160847,17.367182
Falcon-512_run13,active,5.716526,5.39625,0.559823,3.020944,17.405646
Falcon-512_run13,active,5.729259,5.39875,0.571624,3.086053,17.44494
Falcon-512_run13,active,5.741991,5.39125,0.557141,3.003685,17.483185
Falcon-512_run13,active,5.754724,5.39125,0.537115,2.895722,17.520054
Falcon-512_run13,active,5.767511,5.38875,0.588431,3.170906,17.560602
Falcon-512_run13,active,5.780292,5.3975,0.578239,3.121046,17.600491
Falcon-512_run13,active,5.793035,5.3975,0.538009,2.903905,17.637494
Falcon-512_run13,active,5.805772,5.39625,0.543194,2.931213,17.67483
Falcon-512_run13,active,5.818508,5.39875,0.586106,3.164242,17.71513
Falcon-512_run13,active,5.831245,5.39875,0.559286,3.019447,17.75359
Falcon-512_run13,active,5.843982,5.39625,0.585391,3.158917,17.793823
Falcon-512_run13,active,5.856714,5.3975,0.529427,2.857581,17.830207
Falcon-512_run13,active,5.869449,5.39625,0.586464,3.164706,17.870508
Falcon-512_run13,active,5.88219,5.39625,0.529784,2.858849,17.906934
Falcon-512_run13,active,5.89498,5.3975,0.586643,3.166405,17.947431
Falcon-512_run13,active,5.90775,5.39,0.566975,3.055994,17.986458
Falcon-512_run13,active,5.920516,5.39625,0.531572,2.868498,18.023076
Falcon-512_run13,active,5.933256,5.395,0.587,3.166867,18.063423
Falcon-512_run13,active,5.945987,5.395,0.557856,3.009633,18.101738
Falcon-512_run13,active,5.958729,5.39875,0.527102,2.845694,18.137998
Falcon-512_run13,active,5.971467,5.39625,0.563399,3.040241,18.176723
Falcon-512_run13,active,5.984226,5.3975,0.580027,3.130697,18.21667
Falcon-512_run13,active,5.997012,5.39625,0.56769,3.063397,18.255836
Falcon-512_run13,active,6.009752,5.39625,0.541406,2.921564,18.293058
Falcon-512_run13,active,6.022491,5.39625,0.585212,3.157952,18.333288
Falcon-512_run13,active,6.035229,5.38875,0.566975,3.055285,18.372206
Falcon-512_run13,active,6.047964,5.3975,0.526745,2.843105,18.408412
Falcon-512_run13,active,6.060698,5.3975,0.571087,3.082443,18.447663
Falcon-512_run13,active,6.073434,5.39625,0.585928,3.161812,18.487932
Falcon-512_run13,active,6.08618,5.39875,0.563756,3.04358,18.526725
Falcon-512_run13,active,6.098957,5.39625,0.563399,3.040241,18.565571
Falcon-512_run13,active,6.111702,5.39625,0.585212,3.157952,18.60582
Falcon-512_run13,active,6.124443,5.3975,0.566081,3.055421,18.644748
Falcon-512_run13,active,6.137181,5.39125,0.538903,2.905362,18.681756
Falcon-512_run13,active,6.149918,5.39625,0.586285,3.163742,18.722053
Falcon-512_run13,active,6.162653,5.39875,0.573769,3.097636,18.761501
Falcon-512_run13,active,6.17539,5.39625,0.552492,2.981385,18.799477
Falcon-512_run13,active,6.188133,5.395,0.587179,3.167832,18.839843
Falcon-512_run13,active,6.200871,5.39625,0.568942,3.070151,18.878951
Falcon-512_run13,active,6.213606,5.3825,0.531036,2.858301,18.915352
Falcon-512_run13,active,6.22634,5.39625,0.569299,3.072081,18.954471
Falcon-512_run13,active,6.239076,5.395,0.548558,2.959473,18.992165
Falcon-512_run13,active,6.251811,5.3975,0.584497,3.154824,19.032339
Falcon-512_run13,active,6.264545,5.39625,0.530321,2.861744,19.068781
Falcon-512_run13,active,6.277279,5.395,0.556426,3.001916,19.107008
Falcon-512_run13,active,6.290022,5.395,0.583246,3.14661,19.147104
Falcon-512_run13,active,6.302762,5.3975,0.585212,3.158684,19.187345
Falcon-512_run13,active,6.3155,5.38375,0.533539,2.872442,19.223935
Falcon-512_run13,active,6.328269,5.3975,0.566796,3.059281,19.262999
Falcon-512_run13,active,6.341004,5.39875,0.579491,3.128526,19.302843
Falcon-512_run13,active,6.353738,5.39625,0.564829,3.04796,19.341655
Falcon-512_run13,active,6.366472,5.3975,0.552134,2.980145,19.379604
Falcon-512_run13,active,6.381902,5.395,0.534791,2.885196,19.424124
Falcon-512_run13,active,6.394664,5.39875,0.586106,3.164242,19.464504
Falcon-512_run13,active,6.407408,5.3975,0.533182,2.877848,19.501179
Falcon-512_run13,active,6.420144,5.3975,0.588073,3.174125,19.541604
Falcon-512_run13,active,6.432877,5.39625,0.566617,3.057608,19.580538
Falcon-512_run13,active,6.445612,5.39375,0.526745,2.84113,19.61672
Falcon-512_run13,active,6.458345,5.3975,0.586643,3.166405,19.657037
Falcon-512_run13,active,6.471082,5.395,0.57359,3.09452,19.696451
Falcon-512_run13,active,6.483817,5.39875,0.571624,3.086053,19.735752
Falcon-512_run13,active,6.496557,5.4,0.584497,3.156285,19.775963
Falcon-512_run13,active,6.509296,5.39625,0.567869,3.064362,19.815002
Falcon-512_run13,active,6.522029,5.39625,0.576272,3.10971,19.854597
Falcon-512_run13,active,6.534761,5.395,0.565902,3.053041,19.893469
Falcon-512_run13,active,6.547496,5.39375,0.587,3.166133,19.933789
Falcon-512_run13,active,6.560265,5.3975,0.570193,3.077618,19.973088
Falcon-512_run13,active,6.573,5.3975,0.587179,3.1693,20.013449
Falcon-512_run13,active,6.585751,5.39875,0.561611,3.031996,20.052108
Falcon-512_run13,active,6.598499,5.3975,0.575557,3.10657,20.091711
Falcon-512_run13,active,6.611242,5.3975,0.562862,3.03805,20.130424
Falcon-512_run13,active,6.623979,5.38375,0.545161,2.935012,20.167808
Falcon-512_run13,active,6.636712,5.38125,0.590755,3.179001,20.208286
Falcon-512_run13,active,6.649446,5.38375,0.563399,3.033198,20.246912
Falcon-512_run13,active,6.662185,5.39625,0.557677,3.009366,20.285247
Falcon-512_run13,active,6.674964,5.39625,0.547843,2.956299,20.323027
Falcon-512_run13,active,6.68771,5.39625,0.585928,3.161812,20.363328
Falcon-512_run13,active,6.700473,5.39625,0.54981,2.966912,20.401193
Falcon-512_run13,active,6.713216,5.39625,0.551419,2.975596,20.439113
Falcon-512_run13,active,6.725954,5.3925,0.583603,3.14708,20.479201
Falcon-512_run13,active,6.738733,5.395,0.566975,3.058829,20.518289
Falcon-512_run13,active,6.751485,5.395,0.577703,3.116707,20.558033
Falcon-512_run13,active,6.764251,5.3975,0.553207,2.985936,20.59615
Falcon-512_run13,active,6.776995,5.4,0.541585,2.92456,20.633423
Falcon-512_run13,active,6.789734,5.39625,0.586285,3.163742,20.673723
Falcon-512_run13,active,6.80248,5.395,0.559108,3.016386,20.712171
Falcon-512_run13,active,6.815224,5.39625,0.537294,2.899373,20.749119
Falcon-512_run13,active,6.827959,5.38375,0.586464,3.157376,20.789329
Falcon-512_run13,active,6.840728,5.3975,0.568763,3.069897,20.82853
Falcon-512_run13,active,6.85347,5.395,0.561611,3.02989,20.867138
Falcon-512_run13,active,6.866207,5.38875,0.557498,3.00422,20.905402
Falcon-512_run13,active,6.87897,5.39625,0.585928,3.161812,20.945754
Falcon-512_run13,active,6.891712,5.395,0.560002,3.021209,20.984251
Falcon-512_run13,active,6.904456,5.395,0.535327,2.88809,21.021057
Falcon-512_run13,active,6.917197,5.395,0.532466,2.872656,21.057659
Falcon-512_run13,active,6.929934,5.38125,0.537294,2.891313,21.094483
Falcon-512_run13,active,6.942661,5.39625,0.586285,3.163742,21.134751
Falcon-512_run13,active,6.955402,5.39625,0.570193,3.076905,21.173952
Falcon-512_run13,active,6.968137,5.3975,0.587179,3.1693,21.214313
Falcon-512_run13,active,6.980869,5.3975,0.573769,3.096919,21.253744
Falcon-512_run13,active,6.99365,5.39875,0.559465,3.020413,21.292346
Falcon-512_run13,active,7.006411,5.39625,0.524063,2.827974,21.328434
Falcon-512_run13,active,7.019155,5.39625,0.585749,3.160847,21.368716
Falcon-512_run13,active,7.031892,5.3825,0.566081,3.04693,21.407524
Falcon-512_run13,active,7.044627,5.39625,0.556783,3.004541,21.445789
Falcon-512_run13,active,7.057366,5.39625,0.547307,2.953404,21.48341
Falcon-512_run13,active,7.070102,5.39875,0.538724,2.908438,21.520453
Falcon-512_run13,active,7.082837,5.3975,0.585749,3.161579,21.560717
Falcon-512_run13,active,7.095576,5.3975,0.570014,3.076653,21.599911
Falcon-512_run13,active,7.108317,5.39625,0.536936,2.897443,21.636826
Falcon-512_run13,active,7.121058,5.39875,0.567511,3.063851,21.675862
Falcon-512_run13,active,7.133795,5.38125,0.541049,2.911519,21.712947
Falcon-512_run13,active,7.146565,5.39125,0.597907,3.223467,21.754111
Falcon-512_run13,active,7.159335,5.395,0.56769,3.062688,21.793221
Falcon-512_run13,active,7.172078,5.3975,0.575557,3.10657,21.832809
Falcon-512_run13,active,7.184848,5.39625,0.526745,2.842447,21.869107
Falcon-512_run13,active,7.197588,5.4,0.570193,3.079043,21.908334
Falcon-512_run13,active,7.210333,5.39625,0.56626,3.055678,21.947278
Falcon-512_run13,active,7.223077,5.39875,0.565008,3.050337,21.986151
Falcon-512_run13,active,7.235813,5.37875,0.558571,3.004415,22.024415
Falcon-512_run13,active,7.248576,5.395,0.53336,2.877479,22.061142
Falcon-512_run13,active,7.261324,5.39625,0.538724,2.907092,22.098201
Falcon-512_run13,active,7.274063,5.39625,0.584855,3.156023,22.138404
Falcon-512_run13,active,7.286798,5.39875,0.561968,3.033927,22.177041
Falcon-512_run13,active,7.299536,5.39875,0.567154,3.06192,22.216045
Falcon-512_run13,active,7.312278,5.39625,0.586822,3.166636,22.256394
Falcon-512_run13,active,7.325019,5.3975,0.587179,3.1693,22.296772
Falcon-512_run13,active,7.337755,5.39,0.532466,2.869994,22.333326
Falcon-512_run13,active,7.35049,5.3975,0.585749,3.161579,22.373588
Falcon-512_run13,active,7.363229,5.3975,0.558035,3.011993,22.411957
Falcon-512_run13,active,7.375963,5.3925,0.568226,3.064161,22.450978
Falcon-512_run13,active,7.388696,5.395,0.585391,3.158186,22.49119
Falcon-512_run13,active,7.401429,5.395,0.56912,3.070405,22.530287
Falcon-512_run13,active,7.414169,5.3975,0.561432,3.030329,22.568892
Falcon-512_run13,active,7.426947,5.39375,0.587179,3.167098,22.609361
Falcon-512_run13,active,7.439687,5.3975,0.531572,2.869162,22.645915
Falcon-512_run13,active,7.45242,5.395,0.586822,3.165903,22.686227
Falcon-512_run13,active,7.465156,5.39625,0.587537,3.170495,22.726606
Falcon-512_run13,active,7.477891,5.39375,0.56465,3.045583,22.765389
Falcon-512_run13,active,7.490624,5.39875,0.573769,3.097636,22.804835
Falcon-512_run13,active,7.503361,5.39625,0.566438,3.056643,22.843766
Falcon-512_run13,active,7.516102,5.3975,0.53783,2.90294,22.880751
Falcon-512_run13,active,7.528841,5.39875,0.587,3.169068,22.921121
Falcon-512_run13,active,7.541576,5.39625,0.573769,3.096202,22.960554
Falcon-512_run13,active,7.554312,5.39625,0.585212,3.157952,23.000772
Falcon-512_run13,active,7.567051,5.395,0.569657,3.073298,23.039923
Falcon-512_run13,active,7.579786,5.3975,0.55732,3.008133,23.078232
Falcon-512_run13,active,7.592519,5.3975,0.528354,2.851791,23.114543
Falcon-512_run13,active,7.605253,5.3975,0.587537,3.17123,23.154927
Falcon-512_run13,active,7.617994,5.39625,0.565723,3.052784,23.193823
Falcon-512_run13,active,7.630733,5.395,0.548201,2.957543,23.231497
Falcon-512_run13,active,7.643468,5.395,0.586464,3.163973,23.271792
Falcon-512_run13,active,7.658878,5.39625,0.557498,3.008401,23.31815
Falcon-512_run13,active,7.671632,5.395,0.52889,2.853364,23.354542
Falcon-512_run13,active,7.684369,5.3975,0.5364,2.895219,23.39142
Falcon-512_run13,active,7.697104,5.40125,0.580921,3.137701,23.431377
Falcon-512_run13,active,7.709837,5.3975,0.545519,2.944438,23.468869
Falcon-512_run13,active,7.722579,5.39875,0.585928,3.163277,23.509175
Falcon-512_run13,active,7.73532,5.39625,0.562684,3.036381,23.547861
Falcon-512_run13,active,7.748054,5.385,0.559465,3.01272,23.586225
Falcon-512_run13,active,7.760786,5.39625,0.586643,3.165671,23.626532
Falcon-512_run13,active,7.773555,5.3975,0.535685,2.891359,23.663452
Falcon-512_run13,active,7.78629,5.39875,0.586106,3.164242,23.703747
Falcon-512_run13,active,7.799025,5.3975,0.556962,3.006202,23.742032
Falcon-512_run13,active,7.81176,5.3975,0.564829,3.048666,23.780857
Falcon-512_run13,active,7.824499,5.39625,0.576809,3.112604,23.820507
Falcon-512_run13,active,7.837236,5.39625,0.579848,3.129007,23.860362
Falcon-512_run13,active,7.84997,5.39625,0.566438,3.056643,23.899284
Falcon-512_run13,active,7.86273,5.39625,0.586822,3.166636,23.939692
Falcon-512_run13,active,7.875482,5.39375,0.567869,3.062942,23.978749
Falcon-512_run13,active,7.888252,5.39625,0.586464,3.164706,24.019162
Falcon-512_run13,active,7.900992,5.3975,0.586464,3.165439,24.059493
Falcon-512_run13,active,7.913728,5.395,0.558035,3.010598,24.097835
Falcon-512_run13,active,7.926472,5.3925,0.58414,3.149973,24.137977
Falcon-512_run13,active,7.939213,5.39875,0.545519,2.94512,24.175502
Falcon-512_run13,active,7.951946,5.39625,0.58557,3.159882,24.215737
Falcon-512_run13,active,7.964682,5.3975,0.568405,3.067967,24.254811
Falcon-512_run13,active,7.977419,5.39875,0.576988,3.115012,24.294484
Falcon-512_run13,active,7.990172,5.3975,0.586285,3.164474,24.334842
Falcon-512_run13,active,8.002981,5.39625,0.541764,2.923494,24.372288
Falcon-512_run13,active,8.015726,5.3975,0.585034,3.157719,24.412535
Falcon-512_run13,active,8.028472,5.39375,0.553386,2.984826,24.450578
Falcon-512_run13,active,8.041213,5.3975,0.559823,3.021644,24.489077
Falcon-512_run13,active,8.053959,5.38875,0.586285,3.159344,24.529347
Falcon-512_run13,active,8.066749,5.4,0.56179,3.033664,24.568148
Falcon-512_run13,active,8.079502,5.395,0.558571,3.013492,24.606578
Falcon-512_run13,active,8.092273,5.39625,0.586643,3.165671,24.647006
Falcon-512_run13,active,8.105022,5.39625,0.542837,2.929283,24.684353
Falcon-512_run13,active,8.117758,5.4025,0.538903,2.911425,24.721434
Falcon-512_run13,active,8.130504,5.39625,0.587,3.167601,24.761805
Falcon-512_run13,active,8.143247,5.39875,0.570908,3.082192,24.801084
Falcon-512_run13,active,8.155983,5.3925,0.587,3.1654,24.841399
Falcon-512_run13,active,8.168722,5.3975,0.553207,2.985936,24.879435
Falcon-512_run13,active,8.181461,5.39625,0.571445,3.083659,24.918717
Falcon-512_run13,active,8.194196,5.39625,0.585928,3.161812,24.958984
Falcon-512_run13,active,8.20696,5.39875,0.559823,3.022343,24.99756
Falcon-512_run13,active,8.219701,5.3975,0.534791,2.886533,25.034338
Falcon-512_run13,active,8.232442,5.3975,0.585749,3.161579,25.074621
Falcon-512_run13,active,8.245183,5.39625,0.526745,2.842447,25.110835
Falcon-512_run13,active,8.257918,5.39625,0.57073,3.0798,25.150056
Falcon-512_run13,active,8.270652,5.3975,0.558214,3.012958,25.188424
Falcon-512_run13,active,8.283389,5.39875,0.582173,3.143005,25.228455
Falcon-512_run13,active,8.296123,5.39625,0.558392,3.013225,25.266827
Falcon-512_run13,active,8.308855,5.3975,0.540334,2.916451,25.303958
Falcon-512_run13,active,8.321589,5.39625,0.568763,3.069186,25.343042
Falcon-512_run13,active,8.334331,5.39625,0.558571,3.01419,25.38145
Falcon-512_run13,active,8.347074,5.39875,0.559108,3.018482,25.419913
Falcon-512_run13,active,8.35981,5.3975,0.585391,3.159649,25.460153
Falcon-512_run13,active,8.372542,5.4,0.558392,3.015319,25.498547
Falcon-512_run13,active,8.385277,5.39625,0.544625,2.938932,25.535973
Falcon-512_run13,active,8.39801,5.39875,0.550883,2.974079,25.573843
Falcon-512_run13,active,8.410745,5.39625,0.586285,3.163742,25.614132
Falcon-512_run13,active,8.423482,5.39625,0.556783,3.004541,25.6524
Falcon-512_run13,active,8.436256,5.3975,0.589146,3.179916,25.693023
Falcon-512_run13,active,8.448996,5.3975,0.531036,2.866267,25.729537
Falcon-512_run13,active,8.46173,5.3975,0.586285,3.164474,25.769835
Falcon-512_run13,active,8.474466,5.3975,0.577703,3.118151,25.809546
Falcon-512_run13,active,8.487204,5.395,0.567511,3.061723,25.848548
Falcon-512_run13,active,8.499939,5.3975,0.579848,3.129732,25.888405
Falcon-512_run13,active,8.512673,5.3975,0.556604,3.004272,25.926661
Falcon-512_run13,active,8.525407,5.395,0.554816,2.993234,25.964777
Falcon-512_run13,active,8.538147,5.3975,0.585212,3.158684,26.005018
Falcon-512_run13,active,8.550885,5.39625,0.558571,3.01419,26.043414
Falcon-512_run13,active,8.563626,5.39625,0.53944,2.910951,26.080501
Falcon-512_run13,active,8.576359,5.40125,0.586285,3.166673,26.120823
Falcon-512_run13,active,8.589095,5.395,0.567511,3.061723,26.159818
Falcon-512_run13,active,8.60183,5.3975,0.576272,3.11043,26.199429
Falcon-512_run13,active,8.614565,5.3975,0.531751,2.870127,26.235978
Falcon-512_run13,active,8.627301,5.4025,0.584676,3.158712,26.276208
Falcon-512_run13,active,8.640044,5.3975,0.536221,2.894254,26.31309
Falcon-512_run13,active,8.652781,5.3975,0.587,3.168335,26.353445
Falcon-512_run13,active,8.665539,5.39375,0.584676,3.153596,26.393678
Falcon-512_run13,active,8.678275,5.39625,0.55875,3.015155,26.43208
Falcon-512_run13,active,8.691012,5.3975,0.58557,3.160614,26.472336
Falcon-512_run13,active,8.703748,5.39625,0.57359,3.095237,26.511758
Falcon-512_run13,active,8.716483,5.39875,0.562862,3.038753,26.550457
Falcon-512_run13,active,8.72922,5.3975,0.581636,3.139382,26.590443
Falcon-512_run13,active,8.741962,5.39625,0.558929,3.01612,26.628874
Falcon-512_run13,active,8.754701,5.39625,0.587179,3.168566,26.669238
Falcon-512_run13,active,8.767436,5.3975,0.580921,3.135522,26.70917
Falcon-512_run13,active,8.780174,5.3975,0.562862,3.03805,26.747868
Falcon-512_run13,active,8.792906,5.39875,0.586822,3.168103,26.788205
Falcon-512_run13,active,8.805639,5.39625,0.580385,3.131901,26.828083
Falcon-512_run13,active,8.818374,5.3975,0.584855,3.156754,26.868285
Falcon-512_run13,active,8.831112,5.39625,0.585212,3.157952,26.908509
Falcon-512_run13,active,8.843857,5.39625,0.527996,2.849201,26.944823
Falcon-512_run13,active,8.856594,5.3975,0.584318,3.153859,26.984994
Falcon-512_run13,active,8.86933,5.39875,0.576451,3.112116,27.024628
Falcon-512_run13,active,8.882064,5.39875,0.543731,2.935467,27.062009
Falcon-512_run13,active,8.894798,5.3975,0.564293,3.04577,27.100795
Falcon-512_run13,active,8.907535,5.395,0.576094,3.108025,27.140381
Falcon-512_run13,active,8.920268,5.39625,0.561611,3.030592,27.178971
Falcon-512_run13,active,8.935538,5.3975,0.557677,3.010063,27.224933
Falcon-512_run13,active,8.948298,5.4025,0.58557,3.163542,27.265301
Falcon-512_run13,active,8.961041,5.39875,0.560717,3.02717,27.303877
Falcon-512_run13,active,8.973777,5.3975,0.585391,3.159649,27.344115
Falcon-512_run13,active,8.98653,5.395,0.571445,3.082945,27.383435
Falcon-512_run13,active,8.999314,5.39625,0.552134,2.979455,27.421524
Falcon-512_run13,active,9.012056,5.3975,0.586464,3.165439,27.461858
Falcon-512_run13,active,9.024794,5.395,0.570193,3.076192,27.501043
Falcon-512_run13,active,9.037569,5.4,0.563399,3.042354,27.539909
Falcon-512_run13,active,9.050316,5.3975,0.570908,3.081478,27.579187
Falcon-512_run13,active,9.06306,5.3975,0.585928,3.162544,27.61949
Falcon-512_run13,active,9.075796,5.3975,0.556068,3.001377,27.657716
Falcon-512_run13,active,9.088531,5.39625,0.534791,2.885865,27.694467
Falcon-512_run13,active,9.101267,5.3975,0.538546,2.9068,27.73149
Falcon-512_run13,active,9.114002,5.39375,0.579133,3.1237,27.771269
Falcon-512_run13,active,9.126738,5.385,0.592722,3.191808,27.811918
Falcon-512_run13,active,9.139474,5.39625,0.547664,2.955334,27.849557
Falcon-512_run13,active,9.152247,5.3975,0.586464,3.165439,27.88999
Falcon-512_run13,active,9.164988,5.39875,0.533897,2.882375,27.926714
Falcon-512_run13,active,9.177723,5.39375,0.580921,3.133344,27.966618
Falcon-512_run13,active,9.190461,5.39875,0.568226,3.067712,28.005694
Falcon-512_run13,active,9.203196,5.39875,0.571087,3.083157,28.044959
Falcon-512_run13,active,9.215933,5.3975,0.540334,2.916451,28.082105
Falcon-512_run13,active,9.228665,5.3975,0.586643,3.166405,28.122421
Falcon-512_run13,active,9.2414,5.39625,0.566617,3.057608,28.161359
Falcon-512_run13,active,9.254143,5.39625,0.55571,2.998752,28.199573
Falcon-512_run13,active,9.266882,5.4,0.586106,3.164975,28.239891
Falcon-512_run13,active,9.27962,5.3975,0.532645,2.874952,28.276513
Falcon-512_run13,active,9.292353,5.39625,0.587537,3.170495,28.316881
Falcon-512_run13,active,9.305088,5.39875,0.556604,3.004968,28.355149
Falcon-512_run13,active,9.317821,5.39625,0.557856,3.01033,28.393482
Falcon-512_run13,active,9.330556,5.3975,0.586643,3.166405,28.433803
Falcon-512_run13,active,9.343291,5.395,0.566617,3.0569,28.472736
Falcon-512_run13,active,9.356034,5.38625,0.558035,3.005715,28.511035
Falcon-512_run13,active,9.368772,5.39625,0.586643,3.165671,28.551359
Falcon-512_run13,active,9.381509,5.3975,0.578954,3.124906,28.591161
Falcon-512_run13,active,9.394243,5.39625,0.58557,3.159882,28.631401
Falcon-512_run13,active,9.40698,5.4025,0.569836,3.078537,28.670611
Falcon-512_run13,active,9.419714,5.3975,0.583961,3.151928,28.710749
Falcon-512_run13,active,9.432446,5.3975,0.585928,3.162544,28.751015
Falcon-512_run13,active,9.445181,5.395,0.546055,2.945968,28.78853
Falcon-512_run13,active,9.457923,5.395,0.581636,3.137928,28.828515
Falcon-512_run13,active,9.470662,5.39625,0.561432,3.029627,28.867109
Falcon-512_run13,active,9.483397,5.3975,0.532645,2.874952,28.903722
Falcon-512_run13,active,9.496131,5.39875,0.583782,3.151693,28.943856
Falcon-512_run13,active,9.508864,5.39625,0.570014,3.07594,28.983021
Falcon-512_run13,active,9.521598,5.39625,0.553565,2.987174,29.021059
Falcon-512_run13,active,9.534331,5.395,0.583961,3.150469,29.061175
Falcon-512_run13,active,9.547068,5.39625,0.558392,3.013225,29.099555
Falcon-512_run13,active,9.559809,5.3975,0.563041,3.039015,29.138275
Falcon-512_run13,active,9.572546,5.3975,0.580742,3.134557,29.178199
Falcon-512_run13,active,9.585281,5.395,0.586822,3.165903,29.218518
Falcon-512_run13,active,9.598015,5.39625,0.585749,3.160847,29.258768
Falcon-512_run13,active,9.610751,5.39625,0.586106,3.162777,29.299049
Falcon-512_run13,active,9.623487,5.3975,0.544804,2.940577,29.3365
Falcon-512_run13,active,9.636255,5.3975,0.580742,3.134557,29.376522
Falcon-512_run13,active,9.648992,5.3975,0.577703,3.118151,29.416237
Falcon-512_run13,active,9.661731,5.39625,0.586106,3.162777,29.456529
Falcon-512_run13,active,9.67447,5.395,0.569657,3.073298,29.49568
Falcon-512_run13,active,9.687208,5.395,0.589861,3.182301,29.536214
Falcon-512_run13,active,9.69994,5.39625,0.558571,3.01419,29.57459
Falcon-512_run13,active,9.712674,5.3975,0.586106,3.163509,29.614877
Falcon-512_run13,active,9.725408,5.3975,0.58557,3.160614,29.655124
Falcon-512_run13,active,9.738142,5.39625,0.567869,3.064362,29.694144
Falcon-512_run13,active,9.750873,5.39875,0.559286,3.019447,29.732586
Falcon-512_run13,active,9.763617,5.3975,0.585749,3.161579,29.772876
Falcon-512_run13,active,9.776352,5.39375,0.565723,3.05137,29.811734
Falcon-512_run13,active,9.789085,5.39625,0.557856,3.01033,29.850067
Falcon-512_run13,active,9.801821,5.395,0.587358,3.168796,29.890422
Falcon-512_run13,active,9.814555,5.395,0.539976,2.913171,29.927521
Falcon-512_run13,active,9.827291,5.3975,0.587716,3.172195,29.967922
Falcon-512_run13,active,9.840026,5.39375,0.576272,3.108269,30.007504
Falcon-512_run13,active,9.852758,5.39875,0.543194,2.932571,30.044843
Falcon-512_run13,active,9.865498,5.3975,0.568942,3.070862,30.083964
Falcon-512_run13,active,9.878235,5.39375,0.587179,3.167098,30.124304
Falcon-512_run13,active,9.890971,5.3975,0.566975,3.060246,30.16328
Falcon-512_run13,active,9.903705,5.39875,0.557141,3.007864,30.201582
Falcon-512_run13,active,9.916439,5.3925,0.558035,3.009203,30.2399
Falcon-512_run13,active,9.929173,5.3975,0.58557,3.160614,30.280149
Falcon-512_run13,active,9.941907,5.39625,0.526745,2.842447,30.316345
Falcon-512_run13,active,9.954641,5.3975,0.585212,3.158684,30.356566
Falcon-512_run13,active,9.967379,5.4,0.565008,3.051043,30.395431
Falcon-512_run13,active,9.980121,5.39625,0.553386,2.986209,30.43348
Falcon-512_run13,active,9.992874,5.39625,0.585928,3.161812,30.473802
Falcon-512_run13,active,10.00565,5.395,0.561253,3.027961,30.51249
Falcon-512_run13,active,10.018392,5.39625,0.557498,3.008401,30.550821
Falcon-512_run13,active,10.031131,5.3975,0.586464,3.165439,30.591146
Falcon-512_run13,active,10.043868,5.39625,0.557677,3.009366,30.629476
Falcon-512_run13,active,10.056602,5.39625,0.567511,3.062432,30.668473
Falcon-512_run13,active,10.069346,5.39375,0.580027,3.128522,30.708343
Falcon-512_run13,active,10.082085,5.39625,0.555889,2.999717,30.746557
Falcon-512_run13,active,10.094819,5.395,0.534076,2.881338,30.783249
Falcon-512_run13,active,10.107555,5.38375,0.58557,3.152562,30.823398
Falcon-512_run13,active,10.120291,5.38375,0.541943,2.917685,30.860558
Falcon-512_run13,active,10.133027,5.3825,0.587,3.15953,30.900797
Falcon-512_run13,active,10.145761,5.38375,0.571445,3.076516,30.939975
Falcon-512_run13,active,10.158496,5.3825,0.586643,3.157605,30.980187
Falcon-512_run13,active,10.171241,5.3825,0.560359,3.016133,31.018628
Falcon-512_run13,active,10.183981,5.3825,0.53783,2.894872,31.055506
Falcon-512_run13,active,10.196715,5.38375,0.587537,3.163151,31.095787
Falcon-512_run13,active,10.212222,5.39375,0.568048,3.063907,31.143301
Falcon-512_run13,active,10.225014,5.39625,0.544625,2.938932,31.180895
Falcon-512_run13,active,10.237761,5.39625,0.587537,3.170495,31.221308
Falcon-512_run13,active,10.250492,5.3975,0.562505,3.03612,31.259961
Falcon-512_run13,active,10.263238,5.3975,0.540155,2.915486,31.297122
Falcon-512_run13,active,10.275985,5.39375,0.570014,3.074515,31.336312
Falcon-512_run13,active,10.288723,5.38625,0.587537,3.16462,31.376624
Falcon-512_run13,active,10.301157,5.3875,0.56018,3.017972,31.41415
Falcon-512_run13,active,10.3136,5.39,0.5423,2.922999,31.45052
Falcon-512_run13,active,10.326054,5.3875,0.570193,3.071916,31.488777
Falcon-512_run13,active,10.338489,5.3925,0.58557,3.157686,31.528043
Falcon-512_run13,active,10.35095,5.3875,0.56769,3.05843,31.566155
Falcon-512_run13,active,10.363387,5.38875,0.534076,2.878,31.601947
Falcon-512_run13,active,10.375817,5.38875,0.569836,3.070702,31.640119
Falcon-512_run13,active,10.388262,5.39875,0.585749,3.162311,31.679472
Falcon-512_run13,active,10.400999,5.39625,0.562147,3.033487,31.718109
Falcon-512_run13,active,10.413733,5.3975,0.538724,2.907765,31.755137
Falcon-512_run13,active,10.426468,5.4,0.586285,3.16594,31.795455
Falcon-512_run13,active,10.439205,5.395,0.561432,3.028926,31.834034
Falcon-512_run13,active,10.451939,5.39625,0.529069,2.85499,31.870392
Falcon-512_run13,active,10.464672,5.3975,0.586285,3.164474,31.910684
Falcon-512_run13,active,10.477414,5.39875,0.569836,3.0764,31.949883
Falcon-512_run13,active,10.490153,5.3975,0.585928,3.162544,31.99017
Falcon-512_run13,active,10.502888,5.3975,0.56626,3.056386,32.029093
Falcon-512_run13,active,10.515626,5.39875,0.52889,2.855347,32.065466
Falcon-512_run13,active,10.528361,5.395,0.570908,3.080051,32.104688
Falcon-512_run13,active,10.541097,5.39625,0.587894,3.172425,32.145092
Falcon-512_run13,active,10.553829,5.3975,0.564829,3.048666,32.18391
Falcon-512_run13,active,10.566564,5.395,0.542658,2.92764,32.221192
Falcon-512_run13,active,10.579308,5.38875,0.571802,3.0813,32.26046
Falcon-512_run13,active,10.592047,5.39625,0.579491,3.127077,32.300296
Falcon-512_run13,active,10.604781,5.39625,0.551777,2.977526,32.338211
Falcon-512_run13,active,10.61752,5.39625,0.589325,3.180144,32.378724
Falcon-512_run13,active,10.630258,5.39625,0.57359,3.095237,32.418152
Falcon-512_run13,active,10.642995,5.3975,0.554101,2.990761,32.456245
Falcon-512_run13,active,10.655729,5.39625,0.588431,3.17532,32.496681
Falcon-512_run13,active,10.668462,5.39875,0.559108,3.018482,32.535115
Falcon-512_run13,active,10.681205,5.3975,0.587537,3.17123,32.575525
Falcon-512_run13,active,10.693943,5.39625,0.573233,3.093307,32.614928
Falcon-512_run13,active,10.706678,5.39375,0.585212,3.156489,32.655126
Falcon-512_run13,active,10.719416,5.38625,0.55571,2.993195,32.693252
Falcon-512_run13,active,10.732152,5.39875,0.558392,3.014621,32.731646
Falcon-512_run13,active,10.744884,5.39625,0.585391,3.158917,32.771865
Falcon-512_run13,active,10.757618,5.395,0.586285,3.163009,32.812144
Falcon-512_run13,active,10.770351,5.395,0.559823,3.020244,32.850601
Falcon-512_run13,active,10.783094,5.39625,0.585391,3.158917,32.890854
Falcon-512_run13,active,10.795831,5.3975,0.543731,2.934787,32.928236
Falcon-512_run13,active,10.808562,5.39375,0.586106,3.161311,32.968483
Falcon-512_run13,active,10.821298,5.38375,0.568763,3.062077,33.007481
Falcon-512_run13,active,10.834033,5.3975,0.57359,3.095954,33.046908
Falcon-512_run13,active,10.846767,5.39625,0.568226,3.066292,33.085952
Falcon-512_run13,active,10.859504,5.395,0.586643,3.164938,33.126266
Falcon-512_run13,active,10.87227,5.39125,0.568584,3.065378,33.165398
Falcon-512_run13,active,10.88503,5.38625,0.563756,3.036533,33.204143
Falcon-512_run13,active,10.897793,5.40625,0.529248,2.861247,33.240662
Falcon-512_run13,active,10.910532,5.39625,0.586106,3.162777,33.280953
Falcon-512_run13,active,10.92327,5.38125,0.586285,3.154947,33.321141
Falcon-512_run13,active,10.936005,5.39875,0.560717,3.02717,33.359692
Falcon-512_run13,active,10.948739,5.3975,0.555889,3.000412,33.397898
Falcon-512_run13,active,10.961473,5.3975,0.586822,3.16737,33.438233
Falcon-512_run13,active,10.974202,5.3975,0.560717,3.026469,33.476757
Falcon-512_run13,active,10.986995,5.395,0.556426,3.001916,33.515159
Falcon-512_run13,active,10.999815,5.39625,0.588788,3.177249,33.55589
Falcon-512_run13,active,11.01256,5.3975,0.557141,3.007167,33.594217
Falcon-512_run13,active,11.025301,5.3875,0.532288,2.867699,33.630756
Falcon-512_run13,active,11.038044,5.39625,0.584676,3.155058,33.670962
Falcon-512_run13,active,11.050784,5.395,0.57073,3.079086,33.710188
Falcon-512_run13,active,11.063525,5.3975,0.584497,3.154824,33.750383
Falcon-512_run13,active,11.076262,5.39625,0.560538,3.024803,33.788911
Falcon-512_run13,active,11.089,5.4,0.55124,2.976698,33.826828
Falcon-512_run13,active,11.101736,5.4,0.560359,3.02594,33.865365
Falcon-512_run13,active,11.114471,5.39875,0.581458,3.139144,33.905343
Falcon-512_run13,active,11.127209,5.39125,0.543731,2.931389,33.942684
Falcon-512_run13,active,11.139946,5.39875,0.588431,3.176791,33.983145
Falcon-512_run13,active,11.152683,5.3975,0.586106,3.163509,34.02344
Falcon-512_run13,active,11.16542,5.39625,0.568763,3.069186,34.062531
Falcon-512_run13,active,11.178155,5.39625,0.579848,3.129007,34.102378
Falcon-512_run13,active,11.190898,5.39625,0.577166,3.114534,34.142069
Falcon-512_run13,active,11.203646,5.395,0.559465,3.018315,34.180545
Falcon-512_run13,active,11.216382,5.39875,0.529069,2.856312,34.216922
Falcon-512_run13,active,11.229119,5.3975,0.545161,2.942508,34.254402
Falcon-512_run13,active,11.24186,5.39625,0.586285,3.163742,34.294712
Falcon-512_run13,active,11.254596,5.39625,0.537473,2.900338,34.331649
Falcon-512_run13,active,11.267333,5.39,0.565723,3.049248,34.370489
Falcon-512_run13,active,11.28007,5.395,0.542837,2.928605,34.40779
Falcon-512_run13,active,11.292813,5.39375,0.586106,3.161311,34.448073
Falcon-512_run13,active,11.305587,5.3975,0.566617,3.058316,34.487141
Falcon-512_run13,active,11.318323,5.39875,0.533897,2.882375,34.523851
Falcon-512_run13,active,11.331061,5.395,0.586285,3.163009,34.564142
Falcon-512_run13,active,11.343797,5.3975,0.540691,2.918381,34.601312
Falcon-512_run13,active,11.356531,5.3975,0.56912,3.071827,34.640426
Falcon-512_run13,active,11.369265,5.39625,0.584855,3.156023,34.680616
Falcon-512_run13,active,11.381999,5.39875,0.552313,2.981801,34.718587
Falcon-512_run13,active,11.394743,5.3975,0.587179,3.1693,34.758975
Falcon-512_run13,active,11.407485,5.39625,0.572875,3.091378,34.798367
Falcon-512_run13,active,11.420257,5.3975,0.556068,3.001377,34.836699
Falcon-512_run13,active,11.432993,5.3925,0.557141,3.004382,34.874962
Falcon-512_run13,active,11.445726,5.39625,0.587,3.167601,34.915297
Falcon-512_run13,active,11.45846,5.3975,0.559465,3.019713,34.953749
Falcon-512_run13,active,11.471196,5.39625,0.547843,2.956299,34.991402
Falcon-512_run13,active,11.486711,5.39625,0.539797,2.912881,35.036595
Falcon-512_run13,active,11.499473,5.3975,0.585749,3.161579,35.076942
Falcon-512_run13,active,11.512243,5.39625,0.557498,3.008401,35.115358
Falcon-512_run13,active,11.524981,5.3975,0.586285,3.164474,35.15567
Falcon-512_run13,active,11.537717,5.38375,0.551777,2.970628,35.193503
Falcon-512_run13,active,11.550454,5.39375,0.585928,3.160347,35.233755
Falcon-512_run13,active,11.563192,5.39875,0.566617,3.059025,35.272722
Falcon-512_run13,active,11.575928,5.395,0.542837,2.928605,35.310019
Falcon-512_run13,active,11.588662,5.3975,0.556783,3.005237,35.348289
Falcon-512_run13,active,11.601405,5.39625,0.586822,3.166636,35.38864
Falcon-512_run13,active,11.614145,5.3975,0.570193,3.077618,35.427849
Falcon-512_run13,active,11.62688,5.39625,0.575378,3.104886,35.467391
Falcon-512_run13,active,11.639618,5.3875,0.527996,2.844581,35.503625
Falcon-512_run13,active,11.652377,5.39625,0.568584,3.068221,35.542772
Falcon-512_run13,active,11.665117,5.39875,0.585391,3.160381,35.583035
Falcon-512_run13,active,11.677852,5.4025,0.559286,3.021545,35.621516
Falcon-512_run13,active,11.690586,5.3975,0.56018,3.023574,35.660017
Falcon-512_run13,active,11.703332,5.39625,0.558571,3.01419,35.698436
Falcon-512_run13,active,11.716072,5.39625,0.566617,3.057608,35.737391
Falcon-512_run13,active,11.728806,5.39625,0.569836,3.074975,35.776546
Falcon-512_run13,active,11.741571,5.39375,0.586106,3.161311,35.8169
Falcon-512_run13,active,11.754307,5.39625,0.586464,3.164706,35.857206
Falcon-512_run13,active,11.767045,5.39375,0.554638,2.991577,35.895314
Falcon-512_run13,active,11.779781,5.39625,0.587894,3.172425,35.935718
Falcon-512_run13,active,11.792513,5.39625,0.549274,2.964018,35.973455
Falcon-512_run13,active,11.805258,5.395,0.587,3.166867,36.013816
Falcon-512_run13,active,11.817997,5.395,0.573412,3.093556,36.053226
Falcon-512_run13,active,11.830733,5.39625,0.527639,2.847271,36.08949
Falcon-512_run13,active,11.843471,5.395,0.586643,3.164938,36.129802
Falcon-512_run13,active,11.856204,5.39625,0.566617,3.057608,36.168738
Falcon-512_run13,active,11.86894,5.39625,0.586106,3.162777,36.209017
Falcon-512_run13,active,11.881673,5.395,0.587358,3.168796,36.249367
Falcon-512_run13,active,11.894406,5.39625,0.531394,2.867533,36.285879
Falcon-512_run13,active,11.907149,5.3975,0.588431,3.176055,36.326351
Falcon-512_run13,active,11.919891,5.39625,0.559644,3.019979,36.364831
Falcon-512_run13,active,11.932623,5.39875,0.582352,3.143971,36.404861
Falcon-512_run13,active,11.945357,5.395,0.558392,3.012527,36.443222
Falcon-512_run13,active,11.958091,5.39625,0.531751,2.869462,36.479761
Falcon-512_run13,active,11.970824,5.39625,0.570908,3.080764,36.518988
Falcon-512_run13,active,11.983632,5.39375,0.58557,3.158418,36.559441
Falcon-512_run13,active,11.996414,5.3975,0.584497,3.154824,36.599767
Falcon-512_run13,active,12.009167,5.39625,0.568226,3.066292,36.63887
Falcon-512_run13,active,12.021907,5.395,0.555889,2.999022,36.67708
Falcon-512_run13,active,12.034644,5.39625,0.586106,3.162777,36.717364
Falcon-512_run13,active,12.047379,5.4,0.587537,3.172699,36.757768
Falcon-512_run13,active,12.060117,5.3975,0.570193,3.077618,36.79697
Falcon-512_run13,active,12.072851,5.39625,0.557141,3.006471,36.835254
Falcon-512_run13,active,12.085585,5.3975,0.536936,2.898114,36.87216
Falcon-512_run13,active,12.098319,5.4,0.586106,3.164975,36.912461
Falcon-512_run13,active,12.111064,5.39875,0.567511,3.063851,36.951511
Falcon-512_run13,active,12.123804,5.39875,0.585034,3.15845,36.991749
Falcon-512_run13,active,12.13654,5.40125,0.54087,2.921374,37.028956
Falcon-512_run13,active,12.149275,5.39375,0.586643,3.164205,37.069251
Falcon-512_run13,active,12.16201,5.39875,0.55428,2.992419,37.107361
Falcon-512_run13,active,12.174747,5.39625,0.587358,3.169531,37.147729
Falcon-512_run13,active,12.187483,5.39375,0.56626,3.054263,37.18663
Falcon-512_run13,active,12.200259,5.39625,0.562862,3.037346,37.225435
Falcon-512_run13,active,12.213003,5.39625,0.585212,3.157952,37.265681
Falcon-512_run13,active,12.225744,5.39875,0.578954,3.12563,37.305502
Falcon-512_run13,active,12.238479,5.39625,0.568405,3.067257,37.344566
Falcon-512_run13,active,12.251218,5.3975,0.580027,3.130697,37.384445
Falcon-512_run13,active,12.263961,5.3975,0.558035,3.011993,37.422828
Falcon-512_run13,active,12.276695,5.395,0.539618,2.911241,37.459902
Falcon-512_run13,active,12.289431,5.3975,0.586464,3.165439,37.500214
Falcon-512_run13,active,12.302166,5.39625,0.558929,3.01612,37.538624
Falcon-512_run13,active,12.314936,5.395,0.58557,3.15915,37.578969
Falcon-512_run13,active,12.32768,5.39875,0.584497,3.155554,37.619183
Falcon-512_run13,active,12.340413,5.3975,0.56626,3.056386,37.6581
Falcon-512_run13,active,12.353148,5.3975,0.571445,3.084373,37.697377
Falcon-512_run13,active,12.365881,5.39875,0.563041,3.039719,37.736084
Falcon-512_run13,active,12.378614,5.3975,0.587,3.168335,37.776427
Falcon-512_run13,active,12.39135,5.3975,0.561074,3.028399,37.814994
Falcon-512_run13,active,12.404085,5.3975,0.570908,3.081478,37.854238
Falcon-512_run13,active,12.41685,5.39625,0.584497,3.154093,37.894499
Falcon-512_run13,active,12.429589,5.3975,0.562505,3.03612,37.933178
Falcon-512_run13,active,12.442323,5.39625,0.549452,2.964983,37.970935
Falcon-512_run13,active,12.455059,5.39625,0.586285,3.163742,38.011227
Falcon-512_run13,active,12.467795,5.39625,0.593795,3.204265,38.052035
Falcon-512_run13,active,12.480527,5.39125,0.568405,3.064415,38.091052
Falcon-512_run13,active,12.49326,5.385,0.55732,3.001166,38.129266
Falcon-512_run13,active,12.505994,5.39875,0.553744,2.989523,38.167333
Falcon-512_run13,active,12.518734,5.3975,0.583961,3.151928,38.207489
Falcon-512_run13,active,12.531474,5.39875,0.561968,3.033927,38.246144
Falcon-512_run13,active,12.544233,5.3975,0.557141,3.007167,38.284512
Falcon-512_run13,active,12.556968,5.40125,0.583246,3.150255,38.324629
Falcon-512_run13,active,12.5697,5.395,0.567511,3.061723,38.363612
Falcon-512_run13,active,12.582434,5.39875,0.559286,3.019447,38.402061
Falcon-512_run13,active,12.59517,5.39875,0.55732,3.008829,38.44038
Falcon-512_run13,active,12.607903,5.40375,0.586106,3.167172,38.480709
Falcon-512_run13,active,12.620643,5.3975,0.570014,3.076653,38.519906
Falcon-512_run13,active,12.63338,5.39625,0.578239,3.120323,38.55965
Falcon-512_run13,active,12.646113,5.395,0.529427,2.856258,38.596017
Falcon-512_run13,active,12.658845,5.3975,0.585391,3.159649,38.636247
Falcon-512_run13,active,12.671582,5.39625,0.57073,3.0798,38.675475
Falcon-512_run13,active,12.684314,5.3975,0.560717,3.026469,38.714008
Falcon-512_run13,active,12.697048,5.4,0.584855,3.158216,38.754225
Falcon-512_run13,active,12.709782,5.39625,0.585749,3.160847,38.794474
Falcon-512_run13,active,12.72252,5.395,0.568226,3.065581,38.833525
Falcon-512_run13,active,12.73526,5.395,0.556962,3.00481,38.871806
Falcon-512_run13,active,12.747995,5.40125,0.584855,3.158947,38.912035
Falcon-512_run13,active,12.763494,5.3925,0.532288,2.870361,38.956522
Falcon-512_run13,active,12.776273,5.3975,0.564829,3.048666,38.99548
Falcon-512_run13,active,12.789016,5.39875,0.585212,3.159415,39.035742
Falcon-512_run13,active,12.801761,5.4,0.575915,3.10994,39.075377
Falcon-512_run13,active,12.814493,5.395,0.554101,2.989376,39.113439
Falcon-512_run13,active,12.82724,5.395,0.557141,3.005775,39.151753
Falcon-512_run13,active,12.839978,5.3975,0.584318,3.153859,39.191928
Falcon-512_run13,active,12.852711,5.39875,0.568763,3.070608,39.231026
Falcon-512_run13,active,12.865444,5.3975,0.552134,2.980145,39.268972
Falcon-512_run13,active,12.878178,5.39625,0.527818,2.848236,39.305239
Falcon-512_run13,active,12.890947,5.3975,0.586464,3.165439,39.345659
Falcon-512_run13,active,12.903685,5.39625,0.527996,2.849201,39.381954
Falcon-512_run13,active,12.916417,5.40125,0.561074,3.030503,39.420538
Falcon-512_run13,active,12.929162,5.39625,0.586285,3.163742,39.460858
Falcon-512_run13,active,12.941899,5.39625,0.536579,2.895513,39.49774
Falcon-512_run13,active,12.954633,5.3975,0.553386,2.986901,39.535773
Falcon-512_run13,active,12.967368,5.39875,0.582709,3.145901,39.575838
Falcon-512_run13,active,12.980103,5.395,0.556962,3.00481,39.614102
Falcon-512_run13,active,12.993215,5.39875,0.558929,3.017517,39.65367
Falcon-512_run13,active,13.005974,5.39625,0.586643,3.165671,39.694061
Falcon-512_run13,active,13.018714,5.39625,0.538724,2.907092,39.731096
Falcon-512_run13,active,13.031464,5.39875,0.586106,3.164242,39.77144
Falcon-512_run13,active,13.044207,5.39625,0.551777,2.977526,39.809383
Falcon-512_run13,active,13.056948,5.39625,0.583246,3.147339,39.849483
Falcon-512_run13,active,13.069685,5.3975,0.566796,3.059281,39.88845
Falcon-512_run13,active,13.082421,5.3975,0.526566,2.84214,39.924647
Falcon-512_run13,active,13.095158,5.3975,0.569836,3.075688,39.963823
Falcon-512_run13,active,13.107894,5.39875,0.583246,3.148797,40.003927
Falcon-512_run13,active,13.120628,5.3975,0.558929,3.016818,40.042341
Falcon-512_run13,active,13.133369,5.3975,0.568763,3.069897,40.081455
Falcon-512_run13,active,13.146109,5.39625,0.584318,3.153128,40.121625
Falcon-512_run13,active,13.158844,5.39625,0.559465,3.019014,40.160072
Falcon-512_run13,active,13.17158,5.39625,0.569657,3.074011,40.199225
Falcon-512_run13,active,13.184314,5.39625,0.586285,3.163742,40.239512
Falcon-512_run13,active,13.197051,5.39625,0.566081,3.054714,40.278417
Falcon-512_run13,active,13.209786,5.39625,0.541049,2.919635,40.315601
Falcon-512_run13,active,13.222521,5.39625,0.585749,3.160847,40.355853
Falcon-512_run13,active,13.235265,5.3975,0.565723,3.053491,40.394768
Falcon-512_run13,active,13.248006,5.4,0.583603,3.151457,40.43492
Falcon-512_run13,active,13.26074,5.39625,0.560359,3.023838,40.473425
Falcon-512_run13,active,13.273475,5.38375,0.585928,3.154488,40.513599
Falcon-512_run13,active,13.286217,5.395,0.56179,3.030855,40.552217
Falcon-512_run13,active,13.298955,5.39875,0.55875,3.016552,40.590642
Falcon-512_run13,active,13.311694,5.39625,0.537473,2.900338,40.627588
Falcon-512_run13,active,13.324429,5.395,0.586285,3.163009,40.667868
Falcon-512_run13,active,13.337171,5.395,0.570551,3.078122,40.707091
Falcon-512_run13,active,13.349909,5.39375,0.570014,3.074515,40.746254
Falcon-512_run13,active,13.362644,5.39625,0.586643,3.165671,40.786568
Falcon-512_run13,active,13.375381,5.39625,0.570908,3.080764,40.825809
Falcon-512_run13,active,13.388116,5.4075,0.570014,3.082353,40.865062
Falcon-512_run13,active,13.40085,5.39625,0.557856,3.01033,40.903397
Falcon-512_run13,active,13.413585,5.39625,0.552313,2.98042,40.941351
Falcon-512_run13,active,13.426319,5.39875,0.561253,3.030066,40.979938
Falcon-512_run13,active,13.439065,5.395,0.580385,3.131176,41.019847
Falcon-512_run13,active,13.451804,5.3975,0.559823,3.021644,41.058341
Falcon-512_run13,active,13.464537,5.3975,0.557677,3.010063,41.096668
Falcon-512_run13,active,13.477274,5.4,0.584676,3.15725,41.136881
Falcon-512_run13,active,13.490009,5.3975,0.570014,3.076653,41.176061
Falcon-512_run13,active,13.502743,5.39625,0.558571,3.01419,41.214443
Falcon-512_run13,active,13.515479,5.38875,0.527102,2.840423,41.250619
Falcon-512_run13,active,13.528248,5.40375,0.586643,3.170071,41.291099
Falcon-512_run13,active,13.540991,5.39625,0.558392,3.013225,41.329496
Falcon-512_run13,active,13.553729,5.3975,0.584676,3.155789,41.369693
Falcon-512_run13,active,13.566462,5.3975,0.560359,3.024539,41.408207
Falcon-512_run13,active,13.5792,5.3975,0.585034,3.157719,41.448428
Falcon-512_run13,active,13.591937,5.39625,0.556783,3.004541,41.486698
Falcon-512_run13,active,13.604669,5.39625,0.58414,3.152163,41.526831
Falcon-512_run13,active,13.617404,5.39875,0.576272,3.111151,41.566451
Falcon-512_run13,active,13.630139,5.3975,0.547307,2.954088,41.604072
Falcon-512_run13,active,13.642879,5.3975,0.571802,3.086303,41.643393
Falcon-512_run13,active,13.655621,5.39625,0.591649,3.192687,41.684071
Falcon-512_run13,active,13.668355,5.39625,0.559644,3.019979,41.722529
Falcon-512_run13,active,13.68109,5.395,0.570193,3.076192,41.761704
Falcon-512_run13,active,13.693823,5.3975,0.558035,3.011993,41.800056
Falcon-512_run13,active,13.706558,5.395,0.528354,2.85047,41.836357
Falcon-512_run13,active,13.719295,5.3975,0.570551,3.079548,41.87558
Falcon-512_run13,active,13.732028,5.39875,0.586106,3.164242,41.915871
Falcon-512_run13,active,13.744769,5.39875,0.559823,3.022343,41.954378
Falcon-512_run13,active,13.757511,5.39875,0.564293,3.046476,41.993196
Falcon-512_run13,active,13.770248,5.39875,0.579848,3.130457,42.033069
Falcon-512_run13,active,13.782984,5.3975,0.558571,3.014888,42.071468
Falcon-512_run13,active,13.795718,5.39625,0.567869,3.064362,42.110489
Falcon-512_run13,active,13.808476,5.395,0.57967,3.127317,42.150389
Falcon-512_run13,active,13.821235,5.39625,0.564293,3.045065,42.189239
Falcon-512_run13,active,13.833969,5.39625,0.558392,3.013225,42.227608
Falcon-512_run13,active,13.846719,5.3925,0.527996,2.847221,42.263911
Falcon-512_run13,active,13.859462,5.3975,0.585391,3.159649,42.304175
Falcon-512_run13,active,13.872197,5.3975,0.565366,3.051561,42.343037
Falcon-512_run13,active,13.884933,5.3975,0.585212,3.158684,42.383266
Falcon-512_run13,active,13.897666,5.4025,0.577166,3.118141,42.422971
Falcon-512_run13,active,13.910401,5.395,0.557677,3.008668,42.461285
Falcon-512_run13,active,13.923137,5.39625,0.556426,3.002612,42.499527
Falcon-512_run13,active,13.935871,5.40125,0.561432,3.032435,42.538142
Falcon-512_run13,active,13.948614,5.4,0.571266,3.084836,42.577452
Falcon-512_run13,active,13.961352,5.39625,0.579491,3.127077,42.617285
Falcon-512_run13,active,13.974087,5.4,0.556247,3.003733,42.655537
Falcon-512_run13,active,13.98684,5.395,0.541049,2.918958,42.692761
Falcon-512_run13,active,13.999613,5.3975,0.586464,3.165439,42.733193
Falcon-512_run13,active,14.012353,5.39625,0.573054,3.092343,42.77259
Falcon-512_run13,active,14.025091,5.39625,0.563756,3.04217,42.811342
Falcon-512_run13,active,14.0406,5.39625,0.529963,2.859814,42.855693
Falcon-512_run13,active,14.053766,5.38125,0.587,3.158796,42.897282
Falcon-512_run13,active,14.066318,5.3875,0.549095,2.958248,42.934415
Falcon-512_run13,active,14.078764,5.3875,0.584855,3.150905,42.973631
Falcon-512_run13,active,14.09121,5.38875,0.585034,3.1526,43.012869
Falcon-512_run13,active,14.103657,5.3875,0.56626,3.050724,43.050841
Falcon-512_run13,active,14.116114,5.38875,0.55571,2.994584,43.088145
Falcon-512_run13,active,14.128549,5.39,0.546592,2.946129,43.124778
Falcon-512_run13,active,14.140982,5.3875,0.583603,3.144162,43.16387
Falcon-512_run13,active,14.153426,5.3875,0.576451,3.105631,43.202518
Falcon-512_run13,active,14.16587,5.39625,0.574127,3.098132,43.24107
Falcon-512_run13,active,14.17861,5.39875,0.534254,2.884306,43.277818
Falcon-512_run13,active,14.191348,5.39,0.549631,2.962512,43.315554
Falcon-512_run13,active,14.204082,5.39625,0.585212,3.157952,43.355767
Falcon-512_run13,active,14.216848,5.39125,0.568763,3.066342,43.39491
Falcon-512_run13,active,14.229587,5.39875,0.561611,3.031996,43.433537
Falcon-512_run13,active,14.242324,5.4,0.529248,2.857939,43.469937
Falcon-512_run13,active,14.255071,5.39625,0.586643,3.165671,43.510291
Falcon-512_run13,active,14.26781,5.395,0.570551,3.078122,43.549502
Falcon-512_run13,active,14.280544,5.39625,0.545519,2.943756,43.586987
Falcon-512_run13,active,14.29328,5.39625,0.528533,2.852095,43.623312
Falcon-512_run13,active,14.30601,5.39625,0.562326,3.034452,43.66194
Falcon-512_run13,active,14.318751,5.39875,0.586464,3.166173,43.702282
Falcon-512_run13,active,14.331489,5.39625,0.56912,3.071116,43.741402
Falcon-512_run13,active,14.344256,5.39875,0.537294,2.900716,43.778435
Falcon-512_run13,active,14.357003,5.4,0.568226,3.068423,43.817549
Falcon-512_run13,active,14.369743,5.395,0.558035,3.010598,43.855903
Falcon-512_run13,active,14.382477,5.39625,0.56769,3.063397,43.894913
Falcon-512_run13,active,14.395214,5.39625,0.586822,3.166636,43.935247
Falcon-512_run13,active,14.407949,5.38875,0.56769,3.059139,43.974204
Falcon-512_run13,active,14.420683,5.3975,0.586464,3.165439,44.014511
Falcon-512_run13,active,14.433418,5.3975,0.572696,3.091129,44.053877
Falcon-512_run13,active,14.446151,5.39625,0.563578,3.041206,44.092601
Falcon-512_run13,active,14.458893,5.3975,0.585212,3.158684,44.132849
Falcon-512_run13,active,14.471635,5.3975,0.557498,3.009098,44.171193
Falcon-512_run13,active,14.484369,5.3975,0.586106,3.163509,44.211474
Falcon-512_run13,active,14.497104,5.39625,0.558571,3.01419,44.249861
Falcon-512_run13,active,14.509837,5.3975,0.532466,2.873987,44.286457
Falcon-512_run13,active,14.522571,5.39625,0.584855,3.156023,44.326643
Falcon-512_run13,active,14.535308,5.3975,0.56769,3.064107,44.36567
Falcon-512_run13,active,14.548042,5.395,0.56465,3.046289,44.404463
Falcon-512_run13,active,14.560785,5.39625,0.544088,2.936037,44.441876
Falcon-512_run13,active,14.573548,5.3975,0.586285,3.164474,44.482266
Falcon-512_run13,active,14.586284,5.3975,0.559286,3.018748,44.520711
Falcon-512_run13,active,14.599022,5.3975,0.548916,2.962774,44.558451
Falcon-512_run13,active,14.611757,5.39625,0.585034,3.156988,44.598655
Falcon-512_run13,active,14.624489,5.39625,0.572696,3.090413,44.638004
Falcon-512_run13,active,14.637225,5.395,0.570908,3.080051,44.677229
Falcon-512_run13,active,14.649959,5.39625,0.53193,2.870427,44.713782
Falcon-512_run13,active,14.662701,5.3975,0.586285,3.164474,44.754104
Falcon-512_run13,active,14.675442,5.3925,0.533539,2.87711,44.790762
Falcon-512_run13,active,14.688178,5.3975,0.56769,3.064107,44.829785
Falcon-512_run13,active,14.700912,5.3975,0.561074,3.028399,44.86835
Falcon-512_run13,active,14.713648,5.3975,0.548737,2.961809,44.906071
Falcon-512_run13,active,14.726384,5.3975,0.559644,3.020678,44.944542
Falcon-512_run13,active,14.739122,5.39625,0.586822,3.166636,44.984878
Falcon-512_run13,active,14.751856,5.39875,0.585928,3.163277,45.02516
Falcon-512_run13,active,14.764596,5.3975,0.558035,3.011993,45.063533
Falcon-512_run13,active,14.777335,5.40125,0.584676,3.157981,45.103763
Falcon-512_run13,active,14.790069,5.39625,0.564293,3.045065,45.142539
Falcon-512_run13,active,14.802805,5.395,0.588073,3.172655,45.182944
Falcon-512_run13,active,14.815541,5.39125,0.561253,3.025856,45.221484
Falcon-512_run13,active,14.828274,5.395,0.585391,3.158186,45.261695
Falcon-512_run13,active,14.841009,5.3975,0.573948,3.097884,45.301148
Falcon-512_run13,active,14.853743,5.39875,0.583067,3.147832,45.341233
Falcon-512_run13,active,14.866486,5.39375,0.575021,3.101518,45.380755
Falcon-512_run13,active,14.879227,5.3925,0.574127,3.095979,45.420201
Falcon-512_run13,active,14.891962,5.3975,0.557498,3.009098,45.45852
Falcon-512_run13,active,14.904694,5.3975,0.586106,3.163509,45.4988
Falcon-512_run13,active,14.917428,5.37875,0.570193,3.066927,45.537855
Falcon-512_run13,active,14.930162,5.39625,0.528533,2.852095,45.574171
Falcon-512_run13,active,14.942896,5.39625,0.540691,2.917705,45.611326
Falcon-512_run13,active,14.955639,5.395,0.587,3.166867,45.651681
Falcon-512_run13,active,14.968379,5.4025,0.570014,3.079503,45.690914
Falcon-512_run13,active,14.981118,5.39875,0.585928,3.163277,45.731213
Falcon-512_run13,active,14.993909,5.39625,0.567511,3.062432,45.770384
Falcon-512_run13,active,15.006659,5.395,0.543552,2.932463,45.807772
Falcon-512_run13,active,15.019404,5.38875,0.55571,2.994584,45.845938
Falcon-512_run13,active,15.032142,5.39625,0.583424,3.148304,45.88604
Falcon-512_run13,active,15.044877,5.3975,0.568226,3.067002,45.925098
Falcon-512_run13,active,15.057612,5.3975,0.583067,3.147103,45.965178
Falcon-512_run13,active,15.070355,5.3975,0.567869,3.065072,46.004235
Falcon-512_run13,active,15.083099,5.3975,0.526745,2.843105,46.040469
Falcon-512_run13,active,15.095836,5.3975,0.585034,3.157719,46.080689
Falcon-512_run13,active,15.108571,5.395,0.553028,2.983588,46.118684
Falcon-512_run13,active,15.121307,5.3825,0.543016,2.922781,46.15591
Falcon-512_run13,active,15.134043,5.3975,0.585928,3.162544,46.196187
Falcon-512_run13,active,15.146778,5.39875,0.570193,3.078331,46.235391
Falcon-512_run13,active,15.159517,5.39625,0.568763,3.069186,46.274487
Falcon-512_run13,active,15.172291,5.39625,0.586285,3.163742,46.314901
Falcon-512_run13,active,15.185032,5.3975,0.557498,3.009098,46.35324
Falcon-512_run13,active,15.197769,5.4,0.556962,3.007595,46.391549
Falcon-512_run13,active,15.210505,5.39625,0.570551,3.078835,46.430761
Falcon-512_run13,active,15.223248,5.385,0.586106,3.156183,46.470978
Falcon-512_run13,active,15.235985,5.39875,0.572339,3.089914,46.510337
Falcon-512_run13,active,15.248723,5.39625,0.534076,2.882005,46.547047
Falcon-512_run13,active,15.261457,5.39625,0.585749,3.160847,46.587296
Falcon-512_run13,active,15.274204,5.3975,0.586464,3.165439,46.627647
Falcon-512_run13,active,15.28697,5.39125,0.558392,3.010433,46.666079
Falcon-512_run13,active,15.29971,5.395,0.584855,3.155292,46.706276
Falcon-512_run13,active,15.315234,5.39625,0.58861,3.176285,46.755584
Falcon-512_run13,active,15.328,5.38125,0.534612,2.876881,46.79231
Falcon-512_run13,active,15.340744,5.38375,0.588252,3.167002,46.832671
Falcon-512_run13,active,15.353482,5.38375,0.549631,2.959077,46.870365
Falcon-512_run13,active,15.366219,5.3825,0.582173,3.133545,46.910275
Falcon-512_run13,active,15.378966,5.3825,0.558929,3.008434,46.948624
Falcon-512_run13,active,15.391709,5.3825,0.558929,3.008434,46.986962
Falcon-512_run13,active,15.404442,5.3775,0.586285,3.152749,47.027106
Falcon-512_run13,active,15.417178,5.385,0.56626,3.049308,47.065941
Falcon-512_run13,active,15.429912,5.38875,0.554816,2.989767,47.104012
Falcon-512_run13,active,15.442646,5.39625,0.586822,3.166636,47.144337
Falcon-512_run13,active,15.455383,5.39625,0.56626,3.055678,47.183256
Falcon-512_run13,active,15.468117,5.39375,0.551956,2.977111,47.221168
Falcon-512_run13,active,15.480858,5.39625,0.587179,3.168566,47.261537
Falcon-512_run13,active,15.493597,5.39625,0.585391,3.158917,47.301779
Falcon-512_run13,active,15.50633,5.3975,0.588431,3.176055,47.342222
Falcon-512_run13,active,15.519067,5.4,0.573233,3.095457,47.381649
Falcon-512_run13,active,15.531803,5.38875,0.562505,3.031198,47.420252
Falcon-512_run13,active,15.544535,5.39625,0.56626,3.055678,47.459158
Falcon-512_run13,active,15.557269,5.39625,0.556068,3.000682,47.497367
Falcon-512_run13,active,15.570002,5.39625,0.58414,3.152163,47.537506
Falcon-512_run13,active,15.582743,5.3975,0.585034,3.157719,47.577735
Falcon-512_run13,active,15.595484,5.39625,0.538546,2.906127,47.614765
Falcon-512_run13,active,15.608256,5.4,0.532288,2.874353,47.651475
Falcon-512_run13,active,15.620992,5.39625,0.558035,3.011295,47.689828
Falcon-512_run13,active,15.633728,5.3825,0.567154,3.052704,47.728705
Falcon-512_run13,active,15.646463,5.39625,0.536936,2.897443,47.765605
Falcon-512_run13,active,15.6592,5.3975,0.585034,3.157719,47.805824
Falcon-512_run13,active,15.671933,5.39875,0.57216,3.088949,47.845158
Falcon-512_run13,active,15.684673,5.3975,0.570372,3.078583,47.884376
Falcon-512_run13,active,15.697411,5.38375,0.586285,3.156413,47.924585
Falcon-512_run13,active,15.710145,5.39625,0.560002,3.021909,47.963065
Falcon-512_run13,active,15.722879,5.39625,0.585034,3.156988,48.003266
Falcon-512_run13,active,15.735617,5.39125,0.567869,3.061523,48.042263
Falcon-512_run13,active,15.748349,5.4,0.577703,3.119595,48.081982
Falcon-512_run13,active,15.761083,5.3975,0.548916,2.962774,48.119712
Falcon-512_run13,active,15.773819,5.39875,0.582888,3.146867,48.15979
Falcon-512_run13,active,15.786559,5.4,0.575915,3.10994,48.199408
Falcon-512_run13,active,15.799299,5.3975,0.575557,3.10657,48.238988
Falcon-512_run13,active,15.812034,5.39625,0.543373,2.932178,48.276329
Falcon-512_run13,active,15.824765,5.39625,0.587179,3.168566,48.316669
Falcon-512_run13,active,15.837505,5.39375,0.559644,3.01858,48.355124
Falcon-512_run13,active,15.850242,5.3975,0.533003,2.876883,48.391768
Falcon-512_run13,active,15.862978,5.395,0.586285,3.163009,48.432052
Falcon-512_run13,active,15.875713,5.39625,0.562862,3.037346,48.470731
Falcon-512_run13,active,15.888451,5.395,0.541585,2.921852,48.507952
Falcon-512_run13,active,15.901189,5.39625,0.589504,3.181109,48.548472
Falcon-512_run13,active,15.913923,5.4,0.535327,2.890767,48.585282
Falcon-512_run13,active,15.926656,5.38375,0.578954,3.116946,48.624971
Falcon-512_run13,active,15.939394,5.39375,0.578239,3.118878,48.664697
Falcon-512_run13,active,15.952127,5.3975,0.550346,2.970495,48.702522
Falcon-512_run13,active,15.964861,5.3975,0.541049,2.920311,48.739709
Falcon-512_run13,active,15.977596,5.39625,0.566796,3.058573,48.77866
Falcon-512_run13,active,15.990367,5.39625,0.579848,3.129007,48.818619
Falcon-512_run13,active,16.003151,5.39625,0.561253,3.028663,48.85734
Falcon-512_run13,active,16.015888,5.3975,0.584855,3.156754,48.897547
Falcon-512_run13,active,16.028629,5.39875,0.585034,3.15845,48.937788
Falcon-512_run13,active,16.041366,5.3925,0.575915,3.105621,48.977344
Falcon-512_run13,active,16.054117,5.39375,0.534254,2.881635,49.014088
Falcon-512_run13,active,16.066889,5.3925,0.584855,3.15383,49.05437
Falcon-512_run13,active,16.079633,5.395,0.560359,3.023138,49.092896
Falcon-512_run13,active,16.092384,5.3975,0.586822,3.16737,49.133284
Falcon-512_run13,active,16.105125,5.3975,0.56465,3.047701,49.172115
Falcon-512_run13,active,16.117861,5.3975,0.534791,2.886533,49.208878
Falcon-512_run13,active,16.130598,5.395,0.554816,2.993234,49.247001
Falcon-512_run13,active,16.143337,5.39125,0.584318,3.150207,49.287132
Falcon-512_run13,active,16.156073,5.39625,0.566081,3.054714,49.326036
Falcon-512_run13,active,16.168806,5.40375,0.570372,3.082148,49.365281
Falcon-512_run13,active,16.181574,5.39625,0.57359,3.095237,49.404802
Falcon-512_run13,active,16.194317,5.3975,0.579133,3.125871,49.444636
Falcon-512_run13,active,16.20706,5.4,0.571802,3.087733,49.483983
Falcon-512_run13,active,16.219795,5.39625,0.539618,2.911916,49.521064
Falcon-512_run13,active,16.232531,5.3975,0.584318,3.153859,49.561233
Falcon-512_run13,active,16.24527,5.3975,0.570014,3.076653,49.600425
Falcon-512_run13,active,16.258005,5.39875,0.564472,3.047441,49.639235
Falcon-512_run13,active,16.270739,5.39625,0.557677,3.009366,49.677557
Falcon-512_run13,active,16.283476,5.39625,0.585212,3.157952,49.717781
Falcon-512_run13,active,16.296247,5.3975,0.55732,3.008133,49.756197
Falcon-512_run13,active,16.308989,5.395,0.564293,3.04436,49.794986
Falcon-512_run13,active,16.321723,5.39625,0.586643,3.165671,49.8353
Falcon-512_run13,active,16.334458,5.3975,0.557677,3.010063,49.873633
Falcon-512_run13,active,16.347194,5.4,0.591113,3.192009,49.914286
Falcon-512_run13,active,16.359936,5.39875,0.574842,3.103428,49.953829
Falcon-512_run13,active,16.372669,5.39625,0.557498,3.008401,49.992136
Falcon-512_run13,active,16.385405,5.3975,0.585749,3.161579,50.032403
Falcon-512_run13,active,16.398148,5.39625,0.546413,2.94858,50.069977
Falcon-512_run13,active,16.410886,5.395,0.586643,3.164938,50.11029
Falcon-512_run13,active,16.423627,5.39625,0.529427,2.856919,50.146689
Falcon-512_run13,active,16.43636,5.3975,0.583067,3.147103,50.186763
Falcon-512_run13,active,16.449094,5.39625,0.576988,3.113569,50.226412
Falcon-512_run13,active,16.461847,5.395,0.564293,3.04436,50.265234
Falcon-512_run13,active,16.474622,5.395,0.569657,3.073298,50.304496
Falcon-512_run13,active,16.487372,5.39375,0.583782,3.148774,50.344644
Falcon-512_run13,active,16.500129,5.3975,0.531215,2.867232,50.381221
Falcon-512_run13,active,16.512875,5.3875,0.570014,3.070953,50.420363
Falcon-512_run13,active,16.52567,5.39125,0.586106,3.159846,50.460794
Falcon-512_run13,active,16.538419,5.4,0.572875,3.093526,50.500231
Falcon-512_run13,active,16.551157,5.3975,0.558035,3.011993,50.538599
Falcon-512_run13,active,16.563907,5.3975,0.585212,3.158684,50.578873
Falcon-512_run13,active,16.57667,5.39875,0.570372,3.079296,50.618173
Falcon-512_run13,active,16.592006,5.395,0.580742,3.133105,50.666224
Falcon-512_run13,active,16.604765,5.39875,0.587179,3.170034,50.706669
Falcon-512_run13,active,16.617508,5.3875,0.566796,3.053613,50.745581
Falcon-512_run13,active,16.629943,5.3875,0.530678,2.85903,50.781133
Falcon-512_run13,active,16.642375,5.3875,0.586285,3.158612,50.8204
Falcon-512_run13,active,16.654807,5.3875,0.576451,3.105631,50.859011
Falcon-512_run13,active,16.667239,5.3875,0.55571,2.99389,50.89623
Falcon-512_run13,active,16.679669,5.38875,0.569657,3.069738,50.934387
Falcon-512_run13,active,16.692124,5.38875,0.587,3.163198,50.973786
Falcon-512_run13,active,16.704556,5.38875,0.56465,3.04276,51.011614
Falcon-512_run13,active,16.717001,5.4,0.569657,3.076147,51.049895
Falcon-512_run13,active,16.729742,5.39625,0.575021,3.102956,51.089429
Falcon-512_run13,active,16.742477,5.39625,0.56769,3.063397,51.128444
Falcon-512_run13,active,16.755213,5.395,0.558392,3.012527,51.166811
Falcon-512_run13,active,16.767952,5.39875,0.579848,3.130457,51.20669
Falcon-512_run13,active,16.780708,5.395,0.57806,3.118636,51.246471
Falcon-512_run13,active,16.79345,5.395,0.530321,2.861081,51.282927
Falcon-512_run13,active,16.8062,5.3975,0.587,3.168335,51.323324
Falcon-512_run13,active,16.818967,5.39625,0.585928,3.161812,51.363688
Falcon-512_run13,active,16.831706,5.38875,0.575557,3.101534,51.4032
Falcon-512_run13,active,16.844439,5.3975,0.585928,3.162544,51.443469
Falcon-512_run13,active,16.857174,5.3975,0.560359,3.024539,51.481988
Falcon-512_run13,active,16.869909,5.39875,0.555174,2.997246,51.520156
Falcon-512_run13,active,16.882644,5.3975,0.570014,3.076653,51.559336
Falcon-512_run13,active,16.89538,5.3975,0.577703,3.118151,51.59905
Falcon-512_run13,active,16.908122,5.39625,0.566438,3.056643,51.637998
Falcon-512_run13,active,16.920859,5.39625,0.589146,3.179179,51.678493
Falcon-512_run13,active,16.933594,5.3975,0.561432,3.030329,51.717084
Falcon-512_run13,active,16.946328,5.3975,0.544625,2.939612,51.754515
Falcon-512_run13,active,16.959064,5.3975,0.52889,2.854686,51.790873
Falcon-512_run13,active,16.971798,5.38375,0.553028,2.977367,51.828788
Falcon-512_run13,active,16.984551,5.39625,0.566796,3.058573,51.867794
Falcon-512_run13,active,16.997333,5.39125,0.583424,3.145387,51.907998
Falcon-512_run13,active,17.010087,5.3975,0.573412,3.094989,51.947469
Falcon-512_run13,active,17.022822,5.3975,0.558035,3.011993,51.985828
Falcon-512_run13,active,17.035564,5.39875,0.556783,3.005933,52.024129
Falcon-512_run13,active,17.048297,5.395,0.583782,3.149504,52.064232
Falcon-512_run13,active,17.061033,5.395,0.563041,3.037607,52.102918
Falcon-512_run13,active,17.073767,5.39625,0.56179,3.031557,52.141524
Falcon-512_run13,active,17.086503,5.39375,0.585749,3.159383,52.181762
Falcon-512_run13,active,17.099241,5.3975,0.567332,3.062177,52.220768
Falcon-512_run13,active,17.111986,5.39625,0.538009,2.903232,52.257768
Falcon-512_run13,active,17.124725,5.39875,0.564829,3.049372,52.296614
Falcon-512_run13,active,17.137459,5.4,0.585212,3.160147,52.336858
Falcon-512_run13,active,17.150194,5.39875,0.561432,3.031031,52.375458
Falcon-512_run13,active,17.162965,5.3975,0.589325,3.180881,52.416079
Falcon-512_run13,active,17.175705,5.39375,0.560717,3.024366,52.45461
Falcon-512_run13,active,17.188439,5.3975,0.529963,2.860476,52.491036
Falcon-512_run13,active,17.201176,5.39625,0.538188,2.904197,52.528025
Falcon-512_run13,active,17.213918,5.3975,0.586106,3.163509,52.568334
Falcon-512_run13,active,17.226658,5.3975,0.560717,3.026469,52.606892
Falcon-512_run13,active,17.239396,5.39625,0.534612,2.8849,52.64364
Falcon-512_run13,active,17.252132,5.3975,0.531572,2.869162,52.680183
Falcon-512_run13,active,17.264867,5.3975,0.539618,2.91259,52.717275
Falcon-512_run13,active,17.277602,5.39375,0.586285,3.162276,52.757546
Falcon-512_run13,active,17.290338,5.39625,0.53783,2.902267,52.794509
Falcon-512_run13,active,17.303075,5.39625,0.586285,3.163742,52.834806
Falcon-512_run13,active,17.315818,5.39625,0.57359,3.095237,52.874247
Falcon-512_run13,active,17.328556,5.38625,0.559286,3.012456,52.91262
Falcon-512_run13,active,17.34129,5.39875,0.527281,2.846659,52.94887
Falcon-512_run13,active,17.354025,5.3975,0.585749,3.161579,52.989133
Falcon-512_run13,active,17.36676,5.3975,0.573054,3.093059,53.028522
Falcon-512_run13,active,17.379496,5.4,0.579848,3.131181,53.0684
Falcon-512_run13,active,17.392264,5.3975,0.547843,2.956984,53.106155
Falcon-512_run13,active,17.405001,5.39625,0.547307,2.953404,53.143774
Falcon-512_run13,active,17.417745,5.3925,0.539618,2.909892,53.180856
Falcon-512_run13,active,17.430484,5.3975,0.586464,3.165439,53.22118
Falcon-512_run13,active,17.443221,5.39625,0.557141,3.006471,53.259476
Falcon-512_run13,active,17.455957,5.39625,0.558035,3.011295,53.297828
Falcon-512_run13,active,17.468692,5.39625,0.535685,2.890689,53.33464
Falcon-512_run13,active,17.481427,5.3975,0.59004,3.184741,53.375197
Falcon-512_run13,active,17.494162,5.39625,0.569299,3.072081,53.41432
Falcon-512_run13,active,17.506896,5.39625,0.563578,3.041206,53.453048
Falcon-512_run13,active,17.519644,5.395,0.563935,3.04243,53.491832
Falcon-512_run13,active,17.532383,5.3975,0.558392,3.013923,53.530226
Falcon-512_run13,active,17.54512,5.39875,0.534076,2.883341,53.566952
Falcon-512_run13,active,17.557854,5.40125,0.58557,3.16281,53.607228
Falcon-512_run13,active,17.57059,5.39375,0.56322,3.037868,53.645918
Falcon-512_run13,active,17.583326,5.38625,0.559465,3.013419,53.684296
Falcon-512_run13,active,17.59606,5.3975,0.569299,3.072792,53.723426
Falcon-512_run13,active,17.608793,5.3975,0.53783,2.90294,53.760388
Falcon-512_run13,active,17.621564,5.375,0.585212,3.145517,53.800558
Falcon-512_run13,active,17.634304,5.3975,0.573233,3.094024,53.839977
Falcon-512_run13,active,17.647041,5.3875,0.586643,3.160538,53.880232
Falcon-512_run13,active,17.659776,5.39625,0.56626,3.055678,53.919148
Falcon-512_run13,active,17.672509,5.3975,0.585212,3.158684,53.959368
Falcon-512_run13,active,17.685245,5.39625,0.55428,2.991033,53.997461
Falcon-512_run13,active,17.69798,5.39625,0.527281,2.845341,54.033697
Falcon-512_run13,active,17.710715,5.3975,0.586106,3.163509,54.073984
Falcon-512_run13,active,17.723459,5.3975,0.572339,3.089199,54.113351
Falcon-512_run13,active,17.736198,5.39125,0.55875,3.012361,54.151727
Falcon-512_run13,active,17.748936,5.39625,0.568405,3.067257,54.190798
Falcon-512_run13,active,17.761671,5.3975,0.580027,3.130697,54.230666
Falcon-512_run13,active,17.774407,5.3975,0.57073,3.080513,54.2699
Falcon-512_run13,active,17.787142,5.39875,0.544625,2.940293,54.307344
Falcon-512_run13,active,17.799878,5.39625,0.567869,3.064362,54.346374
Falcon-512_run13,active,17.812611,5.39625,0.580742,3.133831,54.386275
Falcon-512_run13,active,17.825352,5.39625,0.549274,2.964018,54.424039
Falcon-512_run13,active,17.83809,5.39625,0.583961,3.151198,54.464179
Falcon-512_run13,active,17.850823,5.39625,0.561074,3.027698,54.502731
Falcon-512_run13,active,17.866293,5.40125,0.573233,3.096174,54.550628
Falcon-512_run13,active,17.879047,5.4,0.584676,3.15725,54.590896
Falcon-512_run13,active,17.891786,5.3975,0.573412,3.094989,54.630323
Falcon-512_run13,active,17.904523,5.3975,0.535506,2.890394,54.667138
Falcon-512_run13,active,17.917256,5.38875,0.552313,2.976278,54.705037
Falcon-512_run13,active,17.93,5.3975,0.58414,3.152893,54.745218
Falcon-512_run13,active,17.942739,5.39625,0.559823,3.020944,54.783701
Falcon-512_run13,active,17.955478,5.39875,0.587894,3.173895,54.824132
Falcon-512_run13,active,17.968259,5.39625,0.570551,3.078835,54.863482
Falcon-512_run13,active,17.980995,5.3975,0.586643,3.166405,54.903811
Falcon-512_run13,active,17.993777,5.39625,0.568048,3.065327,54.942993
Falcon-512_run13,active,18.00653,5.3925,0.585391,3.156722,54.983249
Falcon-512_run13,active,18.019272,5.395,0.56769,3.062688,55.022273
Falcon-512_run13,active,18.032015,5.3975,0.5423,2.927066,55.059573
Falcon-512_run13,active,18.044758,5.3975,0.549452,2.965669,55.097366
Falcon-512_run13,active,18.057495,5.395,0.584676,3.154327,55.137542
Falcon-512_run13,active,18.07023,5.38375,0.554995,2.987955,55.175593
Falcon-512_run13,active,18.082968,5.3975,0.564293,3.04577,55.214389
Falcon-512_run13,active,18.095702,5.39625,0.586106,3.162777,55.254664
Falcon-512_run13,active,18.108435,5.3975,0.527996,2.849861,55.290953
Falcon-512_run13,active,18.12117,5.395,0.55285,2.982624,55.328937
Falcon-512_run13,active,18.133912,5.4,0.583961,3.153388,55.369116
Falcon-512_run13,active,18.14665,5.39625,0.56465,3.046995,55.40793
Falcon-512_run13,active,18.159389,5.39625,0.56322,3.039276,55.446645
Falcon-512_run13,active,18.172123,5.3975,0.561968,3.033224,55.485273
Falcon-512_run13,active,18.184859,5.39625,0.586822,3.166636,55.525601
Falcon-512_run13,active,18.197593,5.395,0.583961,3.150469,55.565721
Falcon-512_run13,active,18.210327,5.39625,0.568584,3.068221,55.60479
Falcon-512_run13,active,18.223065,5.39625,0.587,3.167601,55.645139
Falcon-512_run13,active,18.235808,5.3975,0.550168,2.96953,55.68298
Falcon-512_run13,active,18.248545,5.39625,0.5423,2.926389,55.720255
Falcon-512_run13,active,18.261283,5.39625,0.587716,3.17146,55.76065
Falcon-512_run13,active,18.274017,5.39625,0.566438,3.056643,55.799576
Falcon-512_run13,active,18.286754,5.39875,0.524599,2.83218,55.835647
Falcon-512_run13,active,18.299488,5.3975,0.586643,3.166405,55.87597
Falcon-512_run13,active,18.312264,5.3975,0.566438,3.057351,55.915031
Falcon-512_run13,active,18.325002,5.39625,0.585212,3.157952,55.955256
Falcon-512_run13,active,18.337745,5.4,0.539797,2.914905,55.9924
Falcon-512_run13,active,18.350484,5.39625,0.586285,3.163742,56.032703
Falcon-512_run13,active,18.363222,5.3975,0.576094,3.109465,56.072311
Falcon-512_run13,active,18.375957,5.3975,0.57806,3.120081,56.112047
Falcon-512_run13,active,18.388693,5.395,0.566438,3.055935,56.150965
Falcon-512_run13,active,18.401427,5.3975,0.585212,3.158684,56.19119
Falcon-512_run13,active,18.414169,5.3975,0.557677,3.010063,56.229544
Falcon-512_run13,active,18.426931,5.39875,0.555353,2.998211,56.267807
Falcon-512_run13,active,18.439677,5.39625,0.581279,3.136726,56.307788
Falcon-512_run13,active,18.452415,5.39625,0.575915,3.10778,56.347374
Falcon-512_run13,active,18.46515,5.3975,0.561074,3.028399,56.385939
Falcon-512_run13,active,18.477884,5.39625,0.585749,3.160847,56.426191
Falcon-512_run13,active,18.490616,5.39625,0.570193,3.076905,56.465368
Falcon-512_run13,active,18.503353,5.39375,0.56018,3.021473,56.503852
Falcon-512_run13,active,18.516087,5.4025,0.557677,3.012851,56.542217
Falcon-512_run13,active,18.528846,5.39625,0.585391,3.158917,56.582522
Falcon-512_run13,active,18.541591,5.39625,0.566438,3.056643,56.621479
Falcon-512_run13,active,18.554329,5.3975,0.586106,3.163509,56.661776
Falcon-512_run13,active,18.567065,5.39875,0.571802,3.087018,56.701091
Falcon-512_run13,active,18.5798,5.37,0.581279,3.121467,56.740842
Falcon-512_run13,active,18.592533,5.39625,0.555889,2.999717,56.779039
Falcon-512_run13,active,18.605267,5.39625,0.537473,2.900338,56.815973
Falcon-512_run13,active,18.618021,5.39625,0.586106,3.162777,56.85631
Falcon-512_run13,active,18.63075,5.395,0.557141,3.005775,56.89457
Falcon-512_run13,active,18.643499,5.3975,0.583603,3.149998,56.934728
Falcon-512_run13,active,18.65627,5.3975,0.575736,3.107535,56.974417
Falcon-512_run13,active,18.669007,5.39625,0.566617,3.057608,57.01336
Falcon-512_run13,active,18.681741,5.39625,0.562862,3.037346,57.052037
Falcon-512_run13,active,18.694477,5.395,0.580742,3.133105,57.091941
Falcon-512_run13,active,18.707215,5.39375,0.539976,2.912496,57.12904
Falcon-512_run13,active,18.71995,5.3975,0.553028,2.984971,57.167055
Falcon-512_run13,active,18.732682,5.3975,0.586464,3.165439,57.207355
Falcon-512_run13,active,18.745421,5.39625,0.590219,3.184968,57.24793
Falcon-512_run13,active,18.758159,5.395,0.579133,3.124424,57.287728
Falcon-512_run13,active,18.770893,5.395,0.532824,2.874585,57.324334
Falcon-512_run13,active,18.783631,5.395,0.566438,3.055935,57.363261
Falcon-512_run13,active,18.796363,5.39875,0.584676,3.15652,57.403448
Falcon-512_run13,active,18.809097,5.3925,0.560717,3.023665,57.441952
Falcon-512_run13,active,18.821829,5.39625,0.569299,3.072081,57.481067
Falcon-512_run13,active,18.834563,5.3975,0.579848,3.129732,57.520921
Falcon-512_run13,active,18.847309,5.39625,0.529069,2.85499,57.557309
Falcon-512_run13,active,18.860047,5.3975,0.541406,2.922241,57.594533
Falcon-512_run13,active,18.872779,5.3975,0.586643,3.166405,57.634849
Falcon-512_run13,active,18.885519,5.3975,0.561611,3.031294,57.673466
Falcon-512_run13,active,18.898252,5.40125,0.556783,3.007325,57.71176
Falcon-512_run13,active,18.910988,5.3825,0.585212,3.149906,57.751876
Falcon-512_run13,active,18.923722,5.39625,0.556247,3.001647,57.7901
Falcon-512_run13,active,18.936455,5.395,0.575021,3.102237,57.829599
Falcon-512_run13,active,18.949196,5.3975,0.531572,2.869162,57.866156
Falcon-512_run13,active,18.961935,5.39625,0.585212,3.157952,57.906384
Falcon-512_run13,active,18.974667,5.39625,0.56626,3.055678,57.945291
Falcon-512_run13,active,18.987425,5.39625,0.553922,2.989104,57.983426
Falcon-512_run13,active,19.000207,5.39875,0.565544,3.053233,58.022451
Falcon-512_run13,active,19.012958,5.39125,0.585034,3.154062,58.062669
Falcon-512_run13,active,19.025697,5.3925,0.584676,3.152865,58.102833
Falcon-512_run13,active,19.038428,5.39375,0.564829,3.046547,58.141618
Falcon-512_run13,active,19.051182,5.39625,0.537473,2.900338,58.17861
Falcon-512_run13,active,19.063925,5.39875,0.586643,3.167138,58.218967
Falcon-512_run13,active,19.076659,5.39375,0.567869,3.062942,58.257972
Falcon-512_run13,active,19.089395,5.39875,0.561611,3.031996,58.296588
Falcon-512_run13,active,19.10213,5.39625,0.537473,2.900338,58.333524
Falcon-512_run13,active,19.114866,5.38,0.586643,3.156138,58.373718
Falcon-512_run13,active,19.127631,5.40125,0.548916,2.964833,58.411566
Falcon-512_run13,active,19.143196,5.39375,0.570551,3.077408,58.459466
Falcon-512_run13,active,19.155972,5.3975,0.58557,3.160614,58.499845
Falcon-512_run13,active,19.168719,5.39,0.559644,3.016481,58.538296
Falcon-512_run13,active,19.181156,5.38625,0.550346,2.964303,58.575164
Falcon-512_run13,active,19.193589,5.3875,0.570014,3.070953,58.613343
Falcon-512_run13,active,19.206021,5.3875,0.586643,3.160538,58.652636
Falcon-512_run13,active,19.218452,5.3775,0.579133,3.114289,58.691351
Falcon-512_run13,active,19.230942,5.38875,0.52889,2.850058,58.726947
Falcon-512_run13,active,19.243383,5.38875,0.587537,3.166089,58.766337
Falcon-512_run13,active,19.255819,5.38625,0.557856,3.004752,58.803703
Falcon-512_run13,active,19.268268,5.39375,0.582709,3.142988,58.84283
Falcon-512_run13,active,19.281009,5.395,0.569836,3.074263,58.882
Falcon-512_run13,active,19.293747,5.395,0.533897,2.880373,58.918689
Falcon-512_run13,active,19.306483,5.39875,0.540155,2.916161,58.95583
Falcon-512_run13,active,19.31922,5.38875,0.565902,3.049504,58.994671
Falcon-512_run13,active,19.331954,5.39625,0.586464,3.164706,59.03497
Falcon-512_run13,active,19.344689,5.3975,0.555353,2.997517,59.073146
Falcon-512_run13,active,19.357431,5.40125,0.58414,3.155084,59.113348
Falcon-512_run13,active,19.37017,5.39625,0.571087,3.081729,59.152604
Falcon-512_run13,active,19.382937,5.3975,0.548022,2.957949,59.19037
Falcon-512_run13,active,19.395677,5.39875,0.56179,3.032962,59.22901
Falcon-512_run13,active,19.408412,5.39,0.580564,3.129238,59.268861
Falcon-512_run13,active,19.42115,5.39,0.560717,3.022264,59.307359
Falcon-512_run13,active,19.433894,5.39625,0.570193,3.076905,59.346569
Falcon-512_run13,active,19.446629,5.39625,0.578597,3.122253,59.386331
Falcon-512_run13,active,19.459376,5.3925,0.569657,3.071874,59.425489
Falcon-512_run13,active,19.472117,5.39875,0.577703,3.118873,59.465226
Falcon-512_run13,active,19.484852,5.395,0.577345,3.114777,59.504892
Falcon-512_run13,active,19.497586,5.39125,0.561968,3.029712,59.543472
Falcon-512_run13,active,19.510321,5.3975,0.585749,3.161579,59.583736
Falcon-512_run13,active,19.523058,5.39125,0.585391,3.15599,59.623933
Falcon-512_run13,active,19.535792,5.39375,0.557677,3.007971,59.662237
Falcon-512_run13,active,19.548524,5.39625,0.562684,3.036381,59.700896
Falcon-512_run13,active,19.561266,5.3975,0.565008,3.049631,59.739754
Falcon-512_run13,active,19.574004,5.3975,0.581636,3.139382,59.779743
Falcon-512_run13,active,19.586738,5.39875,0.570908,3.082192,59.818991
Falcon-512_run13,active,19.599473,5.3975,0.532109,2.872057,59.85557
Falcon-512_run13,active,19.61221,5.3975,0.586285,3.164474,59.895874
Falcon-512_run13,active,19.624946,5.39,0.556247,2.99817,59.934058
Falcon-512_run13,active,19.637679,5.39875,0.587,3.169068,59.974412
Falcon-512_run13,active,19.650413,5.39625,0.548737,2.961123,60.012119
Falcon-512_run13,active,19.663158,5.3975,0.58557,3.160614,60.052399
Falcon-512_run13,active,19.675895,5.39875,0.56465,3.048406,60.091228
Falcon-512_run13,active,19.688628,5.39625,0.55875,3.015155,60.12962
Falcon-512_run13,active,19.701362,5.39625,0.53497,2.88683,60.166381
Falcon-512_run13,active,19.714096,5.39875,0.584855,3.157485,60.206587
Falcon-512_run13,active,19.72683,5.39625,0.559286,3.018049,60.245018
Falcon-512_run13,active,19.739566,5.39875,0.558571,3.015586,60.283427
Falcon-512_run13,active,19.752298,5.3975,0.585749,3.161579,60.323678
Falcon-512_run13,active,19.765039,5.39625,0.56626,3.055678,60.362612
Falcon-512_run13,active,19.777778,5.39875,0.591113,3.19127,60.403264
Falcon-512_run13,active,19.790512,5.39625,0.529784,2.858849,60.439668
Falcon-512_run13,active,19.803249,5.3975,0.587179,3.1693,60.480037
Falcon-512_run13,active,19.815985,5.3975,0.555353,2.997517,60.518213
Falcon-512_run13,active,19.828718,5.39625,0.587179,3.168566,60.558557
Falcon-512_run13,active,19.841456,5.395,0.542479,2.926675,60.595839
Falcon-512_run13,active,19.854206,5.395,0.587894,3.17169,60.636278
Falcon-512_run13,active,19.866976,5.395,0.56465,3.046289,60.675179
Falcon-512_run13,active,19.879726,5.39625,0.546055,2.94665,60.712749
Falcon-512_run13,active,19.892462,5.39625,0.587358,3.169531,60.753114
Falcon-512_run13,active,19.905198,5.39625,0.570014,3.07594,60.792291
Falcon-512_run13,active,19.917932,5.39625,0.561611,3.030592,60.830881
Falcon-512_run13,active,19.930664,5.39625,0.539082,2.909021,60.867921
Falcon-512_run13,active,19.943403,5.39625,0.567869,3.064362,60.906956
Falcon-512_run13,idle_post,19.956246,5.39375,0.434663,2.344462,60.906991
Falcon-512_run13,idle_post,19.969008,5.3975,0.434842,2.347058,60.936945
Falcon-512_run13,idle_post,19.981748,5.39625,0.438239,2.364846,60.967073
Falcon-512_run13,idle_post,19.994884,5.3975,0.436808,2.357673,60.998044
Falcon-512_run13,idle_post,20.007629,5.40125,0.437702,2.36414,61.028175
Falcon-512_run13,idle_post,20.020366,5.39625,0.437881,2.362916,61.05827
Falcon-512_run13,idle_post,20.033097,5.3975,0.436987,2.358638,61.088299
Falcon-512_run13,idle_post,20.045819,5.395,0.436808,2.356581,61.11828
Falcon-512_run13,idle_post,20.05861,5.39375,0.436093,2.352178,61.148365
Falcon-512_run13,idle_post,20.071481,5.3925,0.436808,2.355489,61.178683
Falcon-512_run13,idle_post,20.08426,5.395,0.436451,2.354652,61.208773
Falcon-512_run13,idle_post,20.097012,5.4,0.437345,2.361662,61.238891
Falcon-512_run13,idle_post,20.109745,5.39875,0.436272,2.355323,61.268879
Falcon-512_run13,idle_post,20.122479,5.39625,0.436451,2.355198,61.298872
Falcon-512_run13,idle_post,20.135213,5.395,0.436987,2.357546,61.328892
Falcon-512_run13,idle_post,20.147943,5.39625,0.434126,2.342655,61.358714
Falcon-512_run13,idle_post,20.160672,5.39625,0.437524,2.360987,61.388768
Falcon-512_run13,idle_post,20.173411,5.3975,0.436272,2.354778,61.418765
Falcon-512_run13,idle_post,20.186145,5.39625,0.435557,2.350373,61.448694
Falcon-512_run13,idle_post,20.198875,5.395,0.436272,2.353687,61.478656
Falcon-512_run13,idle_post,20.211606,5.39625,0.436451,2.355198,61.508642
Falcon-512_run13,idle_post,20.224338,5.39875,0.436272,2.355323,61.538629
Falcon-512_run13,idle_post,20.23707,5.39625,0.438239,2.364846,61.568738
Falcon-512_run13,idle_post,20.2498,5.39875,0.436451,2.356289,61.598733
Falcon-512_run13,idle_post,20.26253,5.39625,0.436451,2.355198,61.628716
Falcon-512_run13,idle_post,20.275269,5.39625,0.435736,2.351338,61.658669
Falcon-512_run13,idle_post,20.288004,5.39875,0.43663,2.357254,61.688689
Falcon-512_run13,idle_post,20.300733,5.39875,0.436808,2.358219,61.718705
Falcon-512_run13,idle_post,20.313462,5.39625,0.436451,2.355198,61.748686
Falcon-512_run13,idle_post,20.326194,5.3975,0.435199,2.348988,61.778592
Falcon-512_run13,idle_post,20.338956,5.39625,0.436272,2.354233,61.808638
Falcon-512_run13,idle_post,20.351692,5.3975,0.436808,2.357673,61.838665
Falcon-512_run13,idle_post,20.364421,5.39625,0.437345,2.360022,61.868705
Falcon-512_run13,idle_post,20.377158,5.4,0.436808,2.358765,61.89875
Falcon-512_run13,idle_post,20.389892,5.39625,0.437881,2.362916,61.92884
Falcon-512_run13,idle_post,20.402622,5.395,0.436451,2.354652,61.958814
Falcon-512_run13,idle_post,20.418132,5.39625,0.437345,2.360022,61.995418
Falcon-512_run13,idle_post,20.43088,5.39625,0.436272,2.354233,62.025428
Falcon-512_run13,idle_post,20.443615,5.3975,0.436093,2.353813,62.055405
Falcon-512_run13,idle_post,20.456349,5.3975,0.438954,2.369254,62.085574
Falcon-512_run13,idle_post,20.469081,5.39625,0.438418,2.365811,62.115696
Falcon-512_run13,idle_post,20.481817,5.39625,0.438775,2.367741,62.145852
Falcon-512_run13,idle_post,20.494551,5.395,0.436451,2.354652,62.175836
Falcon-512_run13,idle_post,20.507282,5.39625,0.433769,2.340725,62.205636
Falcon-512_run13,idle_post,20.520012,5.3925,0.437345,2.358382,62.235657
Falcon-512_run13,idle_post,20.53274,5.3975,0.436093,2.353813,62.265616
Falcon-512_run13,idle_post,20.545468,5.39625,0.435557,2.350373,62.295533
Falcon-512_run13,idle_post,20.558198,5.395,0.436272,2.353687,62.325495
Falcon-512_run13,idle_post,20.57096,5.39625,0.436451,2.355198,62.355551
Falcon-512_run13,idle_post,20.583698,5.3975,0.436272,2.354778,62.385548
