run_id,phase,time_s,voltage_v,current_a,power_w,energy_j
Falcon-512_run25,active,0.00049,5.39125,0.581279,3.133819,3.1e-05
Falcon-512_run25,active,0.013332,5.3975,0.572696,3.091129,0.039725
Falcon-512_run25,active,0.026093,5.39625,0.583782,3.150234,0.079926
Falcon-512_run25,active,0.03884,5.39875,0.567869,3.065782,0.119005
Falcon-512_run25,active,0.051629,5.3975,0.55732,3.008133,0.157478
Falcon-512_run25,active,0.064389,5.39875,0.553028,2.985662,0.195575
Falcon-512_run25,active,0.077132,5.3975,0.584855,3.156754,0.235801
Falcon-512_run25,active,0.089877,5.3975,0.561968,3.033224,0.274457
Falcon-512_run25,active,0.102638,5.39625,0.531572,2.868498,0.311065
Falcon-512_run25,active,0.115387,5.40125,0.56465,3.049818,0.349945
Falcon-512_run25,active,0.128132,5.39625,0.540512,2.91674,0.387119
Falcon-512_run25,active,0.140896,5.39625,0.585928,3.161812,0.427478
Falcon-512_run25,active,0.153637,5.39625,0.586822,3.166636,0.467824
Falcon-512_run25,active,0.166379,5.395,0.560717,3.025067,0.506368
Falcon-512_run25,active,0.179131,5.39375,0.533182,2.875848,0.543043
Falcon-512_run25,active,0.191877,5.39625,0.585391,3.158917,0.583305
Falcon-512_run25,active,0.204637,5.39625,0.568405,3.067257,0.622444
Falcon-512_run25,active,0.217384,5.3975,0.553565,2.987866,0.66053
Falcon-512_run25,active,0.230126,5.3975,0.569299,3.072792,0.699682
Falcon-512_run25,active,0.242864,5.39625,0.578954,3.124183,0.73948
Falcon-512_run25,active,0.255668,5.3925,0.539618,2.909892,0.776737
Falcon-512_run25,active,0.268414,5.39875,0.585749,3.162311,0.817044
Falcon-512_run25,active,0.281158,5.39625,0.56769,3.063397,0.856083
Falcon-512_run25,active,0.293899,5.3975,0.587,3.168335,0.896452
Falcon-512_run25,active,0.306659,5.39875,0.568405,3.068678,0.935608
Falcon-512_run25,active,0.319404,5.3975,0.563756,3.042875,0.974388
Falcon-512_run25,active,0.332146,5.39375,0.58557,3.158418,1.014635
Falcon-512_run25,active,0.344917,5.39,0.573054,3.088761,1.05408
Falcon-512_run25,active,0.357675,5.39625,0.530321,2.861744,1.090591
Falcon-512_run25,active,0.370416,5.3975,0.556604,3.004272,1.128868
Falcon-512_run25,active,0.383156,5.39625,0.586285,3.163742,1.169174
Falcon-512_run25,active,0.395899,5.38,0.574127,3.088802,1.208533
Falcon-512_run25,active,0.408641,5.39625,0.534791,2.885865,1.245307
Falcon-512_run25,active,0.421526,5.3925,0.541585,2.920498,1.282936
Falcon-512_run25,active,0.4344,5.39375,0.586106,3.161311,1.323635
Falcon-512_run25,active,0.44715,5.3975,0.550346,2.970495,1.361511
Falcon-512_run25,active,0.459901,5.3975,0.587358,3.170265,1.401933
Falcon-512_run25,active,0.472643,5.39875,0.567332,3.062886,1.440961
Falcon-512_run25,active,0.485389,5.40125,0.573769,3.099071,1.480463
Falcon-512_run25,active,0.498133,5.39625,0.566617,3.057608,1.519429
Falcon-512_run25,active,0.510884,5.3975,0.529963,2.860476,1.555902
Falcon-512_run25,active,0.523638,5.395,0.587,3.166867,1.596292
Falcon-512_run25,active,0.536382,5.3975,0.557856,3.011028,1.634664
Falcon-512_run25,active,0.549121,5.39625,0.586822,3.166636,1.675005
Falcon-512_run25,active,0.561859,5.3975,0.57073,3.080513,1.714245
Falcon-512_run25,active,0.574605,5.395,0.45594,2.459796,1.745598
Falcon-512_run25,active,0.587347,5.3975,0.47078,2.541037,1.777974
Falcon-512_run25,active,0.600091,5.39625,0.482939,2.606058,1.811187
Falcon-512_run25,active,0.61284,5.39625,0.455761,2.459401,1.84254
Falcon-512_run25,active,0.625586,5.39625,0.480793,2.59448,1.875609
Falcon-512_run25,active,0.638326,5.39625,0.461662,2.491241,1.907349
Falcon-512_run25,active,0.651066,5.39875,0.480078,2.591821,1.940367
Falcon-512_run25,active,0.663806,5.3975,0.525672,2.837315,1.976517
Falcon-512_run25,active,0.676549,5.38875,0.586285,3.159344,2.016776
Falcon-512_run25,active,0.6893,5.39375,0.561611,3.029188,2.055401
Falcon-512_run25,active,0.702043,5.39625,0.534433,2.883935,2.09215
Falcon-512_run25,active,0.714793,5.39875,0.529784,2.860174,2.128619
Falcon-512_run25,active,0.72754,5.3975,0.563041,3.039015,2.167356
Falcon-512_run25,active,0.740282,5.3975,0.585212,3.158684,2.207605
Falcon-512_run25,active,0.753022,5.39875,0.585749,3.162311,2.247893
Falcon-512_run25,active,0.765762,5.39375,0.585749,3.159383,2.288143
Falcon-512_run25,active,0.778501,5.3975,0.569657,3.074723,2.327313
Falcon-512_run25,active,0.791243,5.395,0.56322,3.038572,2.366028
Falcon-512_run25,active,0.803984,5.39625,0.530321,2.861744,2.402489
Falcon-512_run25,active,0.816731,5.395,0.552313,2.97973,2.440472
Falcon-512_run25,active,0.829508,5.39625,0.584497,3.154093,2.480773
Falcon-512_run25,active,0.842256,5.39625,0.571802,3.085589,2.520107
Falcon-512_run25,active,0.854996,5.395,0.542479,2.926675,2.557394
Falcon-512_run25,active,0.86774,5.395,0.546413,2.947897,2.594961
Falcon-512_run25,active,0.880479,5.3975,0.587537,3.17123,2.63536
Falcon-512_run25,active,0.893218,5.39625,0.571445,3.083659,2.674642
Falcon-512_run25,active,0.905958,5.395,0.53944,2.910277,2.711718
Falcon-512_run25,active,0.918705,5.39875,0.588073,3.17486,2.752189
Falcon-512_run25,active,0.931447,5.39625,0.577166,3.114534,2.791876
Falcon-512_run25,active,0.944188,5.39375,0.56626,3.054263,2.830789
Falcon-512_run25,active,0.956928,5.3975,0.579491,3.127802,2.870638
Falcon-512_run25,active,0.969668,5.39625,0.562147,3.033487,2.909284
Falcon-512_run25,active,0.982411,5.39375,0.585928,3.160347,2.949555
Falcon-512_run25,active,0.99515,5.3975,0.571802,3.086303,2.988874
Falcon-512_run25,active,1.007891,5.39875,0.582709,3.145901,3.028954
Falcon-512_run25,active,1.020639,5.39625,0.576451,3.110675,3.068609
Falcon-512_run25,active,1.033383,5.4,0.531751,2.871456,3.105204
Falcon-512_run25,active,1.046124,5.39625,0.571087,3.081729,3.144467
Falcon-512_run25,active,1.058865,5.3975,0.588073,3.174125,3.184908
Falcon-512_run25,active,1.071636,5.4,0.565902,3.055871,3.223936
Falcon-512_run25,active,1.084377,5.395,0.543194,2.930534,3.261273
Falcon-512_run25,active,1.097119,5.39625,0.586643,3.165671,3.301611
Falcon-512_run25,active,1.109861,5.3975,0.566975,3.060246,3.340603
Falcon-512_run25,active,1.122607,5.39625,0.557141,3.006471,3.378924
Falcon-512_run25,active,1.135349,5.39625,0.580206,3.130937,3.418819
Falcon-512_run25,active,1.14809,5.3975,0.585928,3.162544,3.459113
Falcon-512_run25,active,1.16083,5.3975,0.566617,3.058316,3.498077
Falcon-512_run25,active,1.173568,5.3975,0.542479,2.928031,3.535374
Falcon-512_run25,active,1.186312,5.39625,0.586106,3.162777,3.575679
Falcon-512_run25,active,1.199055,5.3975,0.565187,3.050596,3.614554
Falcon-512_run25,active,1.211797,5.3975,0.561611,3.031294,3.653178
Falcon-512_run25,active,1.224544,5.3975,0.538546,2.9068,3.690232
Falcon-512_run25,active,1.237287,5.3875,0.585212,3.152832,3.730408
Falcon-512_run25,active,1.250037,5.38125,0.536936,2.889389,3.767247
Falcon-512_run25,active,1.262781,5.3975,0.587,3.168335,3.807624
Falcon-512_run25,active,1.27801,5.39625,0.549274,2.964018,3.852764
Falcon-512_run25,active,1.290766,5.39625,0.58253,3.14348,3.892862
Falcon-512_run25,active,1.303509,5.3925,0.575915,3.105621,3.932437
Falcon-512_run25,active,1.316253,5.3975,0.573769,3.096919,3.971903
Falcon-512_run25,active,1.329001,5.39625,0.535148,2.887795,4.008718
Falcon-512_run25,active,1.341747,5.3975,0.586106,3.163509,4.049038
Falcon-512_run25,active,1.354506,5.39125,0.529963,2.857164,4.085493
Falcon-512_run25,active,1.367246,5.395,0.587179,3.167832,4.125853
Falcon-512_run25,active,1.379987,5.39625,0.536758,2.896478,4.162757
Falcon-512_run25,active,1.392729,5.3975,0.558929,3.016818,4.201197
Falcon-512_run25,active,1.405468,5.4,0.585034,3.159181,4.241442
Falcon-512_run25,active,1.418246,5.3975,0.541228,2.921276,4.27877
Falcon-512_run25,active,1.430994,5.37125,0.534254,2.869614,4.315352
Falcon-512_run25,active,1.443743,5.3975,0.591113,3.190531,4.356027
Falcon-512_run25,active,1.456483,5.39625,0.563935,3.043135,4.394796
Falcon-512_run25,active,1.469223,5.39625,0.554101,2.990069,4.432889
Falcon-512_run25,active,1.481964,5.3975,0.53783,2.90294,4.469877
Falcon-512_run25,active,1.494706,5.39875,0.585212,3.159415,4.510134
Falcon-512_run25,active,1.507449,5.3975,0.565187,3.050596,4.549007
Falcon-512_run25,active,1.52019,5.4,0.571624,3.086767,4.588338
Falcon-512_run25,active,1.532939,5.3975,0.579848,3.129732,4.628236
Falcon-512_run25,active,1.545684,5.39625,0.557677,3.009366,4.666591
Falcon-512_run25,active,1.558424,5.39625,0.543194,2.931213,4.703936
Falcon-512_run25,active,1.571165,5.39625,0.586822,3.166636,4.744281
Falcon-512_run25,active,1.583906,5.3975,0.554995,2.995587,4.782448
Falcon-512_run25,active,1.596645,5.39375,0.559465,3.017615,4.820889
Falcon-512_run25,active,1.609399,5.39625,0.533897,2.881041,4.857635
Falcon-512_run25,active,1.622141,5.39375,0.585749,3.159383,4.897889
Falcon-512_run25,active,1.63489,5.39375,0.531215,2.86524,4.93442
Falcon-512_run25,active,1.647638,5.39875,0.587179,3.170034,4.974832
Falcon-512_run25,active,1.660377,5.39875,0.567511,3.063851,5.013863
Falcon-512_run25,active,1.673117,5.3975,0.534433,2.884603,5.050612
Falcon-512_run25,active,1.685858,5.39625,0.587179,3.168566,5.090983
Falcon-512_run25,active,1.698599,5.3975,0.557141,3.007167,5.129297
Falcon-512_run25,active,1.71134,5.39625,0.561253,3.028663,5.167885
Falcon-512_run25,active,1.72408,5.39125,0.581458,3.134783,5.207823
Falcon-512_run25,active,1.736827,5.3975,0.571087,3.082443,5.247114
Falcon-512_run25,active,1.749572,5.3975,0.587,3.168335,5.287493
Falcon-512_run25,active,1.762312,5.3975,0.558035,3.011993,5.325867
Falcon-512_run25,active,1.775051,5.39125,0.546413,2.945848,5.363395
Falcon-512_run25,active,1.787793,5.3975,0.586643,3.166405,5.403741
Falcon-512_run25,active,1.800535,5.39375,0.568405,3.065836,5.442804
Falcon-512_run25,active,1.813275,5.40125,0.566796,3.061407,5.481807
Falcon-512_run25,active,1.826015,5.39875,0.558035,3.01269,5.520189
Falcon-512_run25,active,1.838763,5.39875,0.534433,2.885271,5.556971
Falcon-512_run25,active,1.851511,5.3975,0.585212,3.158684,5.597237
Falcon-512_run25,active,1.864254,5.4025,0.556604,3.007055,5.635558
Falcon-512_run25,active,1.876995,5.39625,0.586643,3.165671,5.67589
Falcon-512_run25,active,1.889735,5.3975,0.559286,3.018748,5.71435
Falcon-512_run25,active,1.902476,5.3825,0.555174,2.988224,5.752423
Falcon-512_run25,active,1.915217,5.39375,0.556783,3.003149,5.790684
Falcon-512_run25,active,1.927957,5.39625,0.582352,3.142515,5.830721
Falcon-512_run25,active,1.940704,5.39875,0.585212,3.159415,5.870993
Falcon-512_run25,active,1.953451,5.39875,0.586822,3.168103,5.911377
Falcon-512_run25,active,1.966232,5.395,0.57359,3.09452,5.950927
Falcon-512_run25,active,1.978974,5.3975,0.553028,2.984971,5.988962
Falcon-512_run25,active,1.991716,5.39625,0.585928,3.161812,6.029252
Falcon-512_run25,active,2.004453,5.37875,0.558929,3.006338,6.067541
Falcon-512_run25,active,2.017199,5.3975,0.535148,2.888463,6.10436
Falcon-512_run25,active,2.029941,5.39625,0.541943,2.924459,6.141621
Falcon-512_run25,active,2.042687,5.395,0.56769,3.062688,6.180661
Falcon-512_run25,active,2.055432,5.395,0.561611,3.02989,6.219276
Falcon-512_run25,active,2.068174,5.39625,0.531751,2.869462,6.255837
Falcon-512_run25,active,2.08095,5.3975,0.571087,3.082443,6.295221
Falcon-512_run25,active,2.093693,5.39375,0.59147,3.190243,6.335873
Falcon-512_run25,active,2.106428,5.3825,0.575378,3.096974,6.375313
Falcon-512_run25,active,2.119177,5.3975,0.534433,2.884603,6.41209
Falcon-512_run25,active,2.131924,5.39625,0.586822,3.166636,6.452452
Falcon-512_run25,active,2.144671,5.39875,0.570551,3.080261,6.491717
Falcon-512_run25,active,2.157418,5.39625,0.574663,3.101026,6.531248
Falcon-512_run25,active,2.17016,5.39875,0.587537,3.171964,6.571664
Falcon-512_run25,active,2.182901,5.3975,0.57073,3.080513,6.610912
Falcon-512_run25,active,2.195642,5.3975,0.537115,2.899079,6.647849
Falcon-512_run25,active,2.208383,5.3825,0.586464,3.156642,6.688068
Falcon-512_run25,active,2.221125,5.39625,0.568048,3.065327,6.727126
Falcon-512_run25,active,2.233865,5.395,0.528354,2.85047,6.763442
Falcon-512_run25,active,2.246612,5.3975,0.585749,3.161579,6.803743
Falcon-512_run25,active,2.259366,5.3925,0.549095,2.960994,6.841507
Falcon-512_run25,active,2.272139,5.3925,0.586106,3.160579,6.881877
Falcon-512_run25,active,2.284924,5.3975,0.566438,3.057351,6.920964
Falcon-512_run25,active,2.297671,5.39625,0.585928,3.161812,6.961267
Falcon-512_run25,active,2.310413,5.38125,0.562147,3.025055,6.999815
Falcon-512_run25,active,2.323154,5.39875,0.585749,3.162311,7.040104
Falcon-512_run25,active,2.335894,5.39875,0.569299,3.073504,7.079261
Falcon-512_run25,active,2.348651,5.3975,0.582173,3.142278,7.119347
Falcon-512_run25,active,2.361413,5.39875,0.575915,3.10922,7.159029
Falcon-512_run25,active,2.374155,5.40125,0.561611,3.0334,7.19768
Falcon-512_run25,active,2.386895,5.3975,0.586285,3.164474,7.237995
Falcon-512_run25,active,2.399639,5.39625,0.563399,3.040241,7.276739
Falcon-512_run25,active,2.412392,5.395,0.587179,3.167832,7.317139
Falcon-512_run25,active,2.425174,5.3925,0.532645,2.872289,7.353852
Falcon-512_run25,active,2.437919,5.3975,0.551062,2.974355,7.391762
Falcon-512_run25,active,2.450672,5.3975,0.583961,3.151928,7.431957
Falcon-512_run25,active,2.463422,5.39875,0.56179,3.032962,7.470626
Falcon-512_run25,active,2.476164,5.395,0.563399,3.039537,7.509356
Falcon-512_run25,active,2.488947,5.3975,0.535148,2.888463,7.54628
Falcon-512_run25,active,2.50169,5.3975,0.527639,2.84793,7.582571
Falcon-512_run25,active,2.51443,5.39375,0.568226,3.064871,7.621617
Falcon-512_run25,active,2.527174,5.39875,0.584497,3.155554,7.661832
Falcon-512_run25,active,2.539916,5.3975,0.57073,3.080513,7.701083
Falcon-512_run25,active,2.555339,5.3975,0.533539,2.879778,7.745498
Falcon-512_run25,active,2.568105,5.3975,0.561074,3.028399,7.78416
Falcon-512_run25,active,2.58085,5.39625,0.566617,3.057608,7.82313
Falcon-512_run25,active,2.593592,5.4025,0.524778,2.835113,7.859255
Falcon-512_run25,active,2.606335,5.39875,0.587179,3.170034,7.899648
Falcon-512_run25,active,2.61907,5.3825,0.573769,3.088313,7.93898
Falcon-512_run25,active,2.631819,5.39375,0.566081,3.053298,7.977906
Falcon-512_run25,active,2.64457,5.39375,0.546413,2.947214,8.015484
Falcon-512_run25,active,2.657317,5.3725,0.587358,3.155581,8.055709
Falcon-512_run25,active,2.670067,5.3975,0.568763,3.069897,8.09485
Falcon-512_run25,active,2.682808,5.39625,0.560717,3.025768,8.133401
Falcon-512_run25,active,2.695546,5.39875,0.585928,3.163277,8.173697
Falcon-512_run25,active,2.70829,5.3975,0.56912,3.071827,8.212843
Falcon-512_run25,active,2.721036,5.38375,0.56018,3.015871,8.251285
Falcon-512_run25,active,2.733782,5.39875,0.563935,3.044545,8.290091
Falcon-512_run25,active,2.746522,5.3975,0.581636,3.139382,8.330086
Falcon-512_run25,active,2.759271,5.39625,0.526208,2.839552,8.366286
Falcon-512_run25,active,2.772018,5.39625,0.587,3.167601,8.406664
Falcon-512_run25,active,2.78476,5.3925,0.569299,3.069946,8.44578
Falcon-512_run25,active,2.797501,5.39875,0.561074,3.0291,8.484376
Falcon-512_run25,active,2.810241,5.39625,0.541585,2.922529,8.521609
Falcon-512_run25,active,2.82298,5.385,0.586106,3.156183,8.561814
Falcon-512_run25,active,2.835724,5.395,0.569657,3.073298,8.60098
Falcon-512_run25,active,2.848467,5.39625,0.560359,3.023838,8.639515
Falcon-512_run25,active,2.861215,5.39625,0.539618,2.911916,8.676634
Falcon-512_run25,active,2.87396,5.4,0.55875,3.01725,8.715091
Falcon-512_run25,active,2.8867,5.39625,0.583961,3.151198,8.755237
Falcon-512_run25,active,2.899439,5.3975,0.547664,2.956019,8.792892
Falcon-512_run25,active,2.91218,5.3975,0.55428,2.991726,8.831011
Falcon-512_run25,active,2.924921,5.38125,0.588431,3.166493,8.871356
Falcon-512_run25,active,2.93766,5.39625,0.568226,3.066292,8.910416
Falcon-512_run25,active,2.950399,5.3975,0.54838,2.959879,8.948121
Falcon-512_run25,active,2.963143,5.4,0.561611,3.032698,8.986769
Falcon-512_run25,active,2.975889,5.39625,0.585928,3.161812,9.027073
Falcon-512_run25,active,2.988632,5.39875,0.586464,3.166173,9.067416
Falcon-512_run25,active,3.00137,5.39625,0.536221,2.893584,9.104275
Falcon-512_run25,active,3.014108,5.395,0.539082,2.908347,9.141322
Falcon-512_run25,active,3.026845,5.39625,0.586285,3.163742,9.18162
Falcon-512_run25,active,3.039626,5.395,0.565723,3.052077,9.220628
Falcon-512_run25,active,3.052376,5.395,0.586285,3.163009,9.260957
Falcon-512_run25,active,3.065125,5.39875,0.569657,3.075435,9.300165
Falcon-512_run25,active,3.077875,5.3975,0.532466,2.873987,9.336809
Falcon-512_run25,active,3.090617,5.39625,0.586643,3.165671,9.377144
Falcon-512_run25,active,3.103358,5.3975,0.570551,3.079548,9.416381
Falcon-512_run25,active,3.1161,5.39875,0.575915,3.10922,9.455998
Falcon-512_run25,active,3.128842,5.39625,0.536221,2.893584,9.492871
Falcon-512_run25,active,3.141591,5.39625,0.585391,3.158917,9.533142
Falcon-512_run25,active,3.154336,5.3975,0.587358,3.170265,9.573549
Falcon-512_run25,active,3.167076,5.3975,0.564293,3.04577,9.612349
Falcon-512_run25,active,3.179821,5.3975,0.587537,3.17123,9.652767
Falcon-512_run25,active,3.19256,5.395,0.561074,3.026996,9.691327
Falcon-512_run25,active,3.205299,5.39875,0.552134,2.980836,9.7293
Falcon-512_run25,active,3.218036,5.3975,0.586285,3.164474,9.769608
Falcon-512_run25,active,3.230782,5.395,0.539797,2.912206,9.806726
Falcon-512_run25,active,3.243523,5.3925,0.568226,3.064161,9.845768
Falcon-512_run25,active,3.256268,5.3975,0.529069,2.855651,9.882162
Falcon-512_run25,active,3.269015,5.39625,0.539082,2.909021,9.919244
Falcon-512_run25,active,3.28176,5.39875,0.586464,3.166173,9.959596
Falcon-512_run25,active,3.2945,5.39875,0.566438,3.058059,9.998556
Falcon-512_run25,active,3.30724,5.3925,0.532288,2.870361,10.035124
Falcon-512_run25,active,3.31998,5.39875,0.587358,3.170999,10.075522
Falcon-512_run25,active,3.332719,5.4,0.572696,3.092561,10.114918
Falcon-512_run25,active,3.34546,5.39625,0.579312,3.126112,10.154748
Falcon-512_run25,active,3.358255,5.39625,0.565902,3.053749,10.193822
Falcon-512_run25,active,3.371005,5.3975,0.587179,3.1693,10.23423
Falcon-512_run25,active,3.383756,5.3975,0.570551,3.079548,10.273497
Falcon-512_run25,active,3.396495,5.3975,0.583424,3.149033,10.313613
Falcon-512_run25,active,3.409233,5.39875,0.555889,3.001107,10.351842
Falcon-512_run25,active,3.421975,5.39625,0.586643,3.165671,10.392177
Falcon-512_run25,active,3.434714,5.39375,0.571266,3.081266,10.431429
Falcon-512_run25,active,3.447453,5.39625,0.560896,3.026733,10.469989
Falcon-512_run25,active,3.460193,5.3975,0.568405,3.067967,10.509075
Falcon-512_run25,active,3.472942,5.39875,0.577524,3.117908,10.548825
Falcon-512_run25,active,3.485689,5.3975,0.56769,3.064107,10.587882
Falcon-512_run25,active,3.49843,5.39875,0.571266,3.084122,10.627177
Falcon-512_run25,active,3.511169,5.395,0.587179,3.167832,10.667531
Falcon-512_run25,active,3.52391,5.39625,0.542837,2.929283,10.704853
Falcon-512_run25,active,3.536651,5.39625,0.568226,3.066292,10.743921
Falcon-512_run25,active,3.549394,5.39375,0.578776,3.121771,10.783702
Falcon-512_run25,active,3.562146,5.395,0.579312,3.125388,10.823557
Falcon-512_run25,active,3.574887,5.3925,0.56769,3.061268,10.862561
Falcon-512_run25,active,3.587632,5.3975,0.561074,3.028399,10.901158
Falcon-512_run25,active,3.600372,5.39875,0.588431,3.176791,10.94163
Falcon-512_run25,active,3.613112,5.3975,0.560717,3.026469,10.980187
Falcon-512_run25,active,3.62585,5.3975,0.562147,3.03419,11.018838
Falcon-512_run25,active,3.63859,5.3975,0.563399,3.040945,11.057578
Falcon-512_run25,active,3.651334,5.395,0.585749,3.160115,11.097852
Falcon-512_run25,active,3.664079,5.3925,0.570014,3.073803,11.137026
Falcon-512_run25,active,3.676831,5.39375,0.566975,3.05812,11.176022
Falcon-512_run25,active,3.689575,5.3975,0.536936,2.898114,11.212957
Falcon-512_run25,active,3.702315,5.3975,0.566081,3.055421,11.251883
Falcon-512_run25,active,3.715054,5.3975,0.587537,3.17123,11.292283
Falcon-512_run25,active,3.727795,5.39625,0.572339,3.088483,11.331632
Falcon-512_run25,active,3.740539,5.3975,0.583603,3.149998,11.371777
Falcon-512_run25,active,3.75328,5.395,0.565008,3.048218,11.410612
Falcon-512_run25,active,3.766019,5.39625,0.548737,2.961123,11.448336
Falcon-512_run25,active,3.778764,5.39625,0.584318,3.153128,11.48852
Falcon-512_run25,active,3.791508,5.395,0.534612,2.884232,11.525277
Falcon-512_run25,active,3.804249,5.3975,0.560896,3.027434,11.563852
Falcon-512_run25,active,3.816989,5.3975,0.585749,3.161579,11.604129
Falcon-512_run25,active,3.832404,5.38,0.573948,3.08784,11.651728
Falcon-512_run25,active,3.845175,5.395,0.559465,3.018315,11.690275
Falcon-512_run25,active,3.85792,5.39875,0.585391,3.160381,11.730552
Falcon-512_run25,active,3.870661,5.39625,0.574663,3.101026,11.770063
Falcon-512_run25,active,3.883409,5.3975,0.534791,2.886533,11.80686
Falcon-512_run25,active,3.896156,5.39625,0.587358,3.169531,11.847264
Falcon-512_run25,active,3.908921,5.39625,0.557856,3.01033,11.88569
Falcon-512_run25,active,3.921661,5.39625,0.587,3.167601,11.926045
Falcon-512_run25,active,3.934402,5.3975,0.568405,3.067967,11.965135
Falcon-512_run25,active,3.947143,5.395,0.544267,2.936322,12.002547
Falcon-512_run25,active,3.959883,5.39625,0.589861,3.183039,12.043099
Falcon-512_run25,active,3.972623,5.39875,0.582173,3.143005,12.08314
Falcon-512_run25,active,3.985367,5.39625,0.529427,2.856919,12.119549
Falcon-512_run25,active,3.99811,5.39875,0.585391,3.160381,12.159821
Falcon-512_run25,active,4.010851,5.39625,0.566438,3.056643,12.198767
Falcon-512_run25,active,4.023622,5.395,0.530857,2.863975,12.235342
Falcon-512_run25,active,4.036363,5.38375,0.587179,3.161226,12.275618
Falcon-512_run25,active,4.049102,5.39625,0.585928,3.161812,12.315899
Falcon-512_run25,active,4.061843,5.3975,0.538903,2.90873,12.352957
Falcon-512_run25,active,4.074582,5.395,0.586643,3.164938,12.393277
Falcon-512_run25,active,4.087328,5.39625,0.574484,3.100061,12.432791
Falcon-512_run25,active,4.100074,5.39625,0.558571,3.01419,12.47121
Falcon-512_run25,active,4.112814,5.4,0.585391,3.161112,12.511481
Falcon-512_run25,active,4.125554,5.39625,0.578239,3.120323,12.551233
Falcon-512_run25,active,4.138293,5.3975,0.548916,2.962774,12.588976
Falcon-512_run25,active,4.151035,5.3975,0.54677,2.951193,12.626582
Falcon-512_run25,active,4.163789,5.39875,0.550525,2.972148,12.664487
Falcon-512_run25,active,4.17653,5.3975,0.584676,3.155789,12.704694
Falcon-512_run25,active,4.189277,5.39625,0.567511,3.062432,12.743731
Falcon-512_run25,active,4.20202,5.39625,0.532645,2.874287,12.780358
Falcon-512_run25,active,4.21476,5.3975,0.587179,3.1693,12.820737
Falcon-512_run25,active,4.227501,5.395,0.562505,3.034713,12.859402
Falcon-512_run25,active,4.240241,5.39625,0.553744,2.988139,12.897472
Falcon-512_run25,active,4.252983,5.41,0.588967,3.186313,12.938072
Falcon-512_run25,active,4.265724,5.4,0.532824,2.87725,12.974729
Falcon-512_run25,active,4.278463,5.3975,0.58557,3.160614,13.014994
Falcon-512_run25,active,4.29121,5.395,0.572696,3.089697,13.054376
Falcon-512_run25,active,4.303956,5.39625,0.532645,2.874287,13.091014
Falcon-512_run25,active,4.316698,5.39125,0.586464,3.161774,13.131298
Falcon-512_run25,active,4.329437,5.39875,0.562147,3.034892,13.169962
Falcon-512_run25,active,4.34218,5.3975,0.559465,3.019713,13.208442
Falcon-512_run25,active,4.354937,5.3975,0.586822,3.16737,13.248846
Falcon-512_run25,active,4.367682,5.39875,0.563756,3.04358,13.287638
Falcon-512_run25,active,4.380421,5.3975,0.588788,3.177985,13.328121
Falcon-512_run25,active,4.393169,5.39625,0.572696,3.090413,13.367518
Falcon-512_run25,active,4.405912,5.3975,0.586285,3.164474,13.407844
Falcon-512_run25,active,4.418654,5.3975,0.562505,3.03612,13.446529
Falcon-512_run25,active,4.431393,5.3975,0.530678,2.864337,13.483018
Falcon-512_run25,active,4.444135,5.39625,0.566975,3.059538,13.522003
Falcon-512_run25,active,4.456909,5.395,0.580921,3.13407,13.562039
Falcon-512_run25,active,4.469651,5.395,0.528175,2.849505,13.598347
Falcon-512_run25,active,4.48239,5.40125,0.58557,3.16281,13.638636
Falcon-512_run25,active,4.495137,5.39625,0.56322,3.039276,13.677378
Falcon-512_run25,active,4.507886,5.39625,0.586822,3.166636,13.717751
Falcon-512_run25,active,4.520627,5.3975,0.570908,3.081478,13.757012
Falcon-512_run25,active,4.533364,5.4,0.554995,2.996974,13.795185
Falcon-512_run25,active,4.546103,5.39625,0.536936,2.897443,13.832093
Falcon-512_run25,active,4.55884,5.39875,0.586643,3.167138,13.872436
Falcon-512_run25,active,4.571614,5.39875,0.572518,3.090879,13.911919
Falcon-512_run25,active,4.58436,5.395,0.557677,3.008668,13.950266
Falcon-512_run25,active,4.597108,5.39625,0.586285,3.163742,13.990597
Falcon-512_run25,active,4.609854,5.395,0.561968,3.03182,14.029242
Falcon-512_run25,active,4.622596,5.3975,0.585749,3.161579,14.069525
Falcon-512_run25,active,4.635338,5.39625,0.544982,2.940861,14.106999
Falcon-512_run25,active,4.648078,5.3975,0.530678,2.864337,14.143489
Falcon-512_run25,active,4.660815,5.39625,0.58557,3.159882,14.183738
Falcon-512_run25,active,4.673561,5.39125,0.585749,3.157918,14.223988
Falcon-512_run25,active,4.686307,5.395,0.571266,3.08198,14.263271
Falcon-512_run25,active,4.699055,5.395,0.586464,3.163973,14.303606
Falcon-512_run25,active,4.7118,5.3975,0.542479,2.928031,14.340924
Falcon-512_run25,active,4.724541,5.395,0.570908,3.080051,14.380165
Falcon-512_run25,active,4.737279,5.3975,0.586643,3.166405,14.4205
Falcon-512_run25,active,4.750018,5.395,0.569299,3.071369,14.459625
Falcon-512_run25,active,4.762758,5.39875,0.57359,3.096671,14.499078
Falcon-512_run25,active,4.775498,5.3975,0.532824,2.875918,14.535717
Falcon-512_run25,active,4.78824,5.39625,0.586822,3.166636,14.576065
Falcon-512_run25,active,4.800985,5.39875,0.56912,3.072539,14.615226
Falcon-512_run25,active,4.813732,5.39875,0.587179,3.170034,14.655633
Falcon-512_run25,active,4.826473,5.3975,0.553207,2.985936,14.693678
Falcon-512_run25,active,4.839214,5.3975,0.534612,2.885568,14.730441
Falcon-512_run25,active,4.851956,5.39875,0.58414,3.153624,14.770628
Falcon-512_run25,active,4.864697,5.3975,0.569836,3.075688,14.809812
Falcon-512_run25,active,4.877437,5.39625,0.56018,3.022873,14.848326
Falcon-512_run25,active,4.890181,5.395,0.530678,2.86301,14.884812
Falcon-512_run25,active,4.902929,5.395,0.538903,2.907383,14.921873
Falcon-512_run25,active,4.915677,5.3975,0.586464,3.165439,14.962226
Falcon-512_run25,active,4.928416,5.3975,0.557856,3.011028,15.000586
Falcon-512_run25,active,4.941157,5.3975,0.550883,2.97339,15.038468
Falcon-512_run25,active,4.953897,5.39625,0.569657,3.074011,15.077632
Falcon-512_run25,active,4.966637,5.395,0.570551,3.078122,15.116848
Falcon-512_run25,active,4.979377,5.39625,0.556068,3.000682,15.155076
Falcon-512_run25,active,4.992117,5.395,0.558571,3.013492,15.193469
Falcon-512_run25,active,5.004864,5.4,0.587894,3.17463,15.233935
Falcon-512_run25,active,5.017612,5.39625,0.550346,2.969807,15.271793
Falcon-512_run25,active,5.030351,5.3975,0.583067,3.147103,15.311886
Falcon-512_run25,active,5.043092,5.39625,0.566975,3.059538,15.350868
Falcon-512_run25,active,5.055834,5.39625,0.586643,3.165671,15.391204
Falcon-512_run25,active,5.068573,5.39625,0.558571,3.01419,15.429601
Falcon-512_run25,active,5.081312,5.3975,0.527281,2.846,15.465856
Falcon-512_run25,active,5.094052,5.39875,0.541406,2.922918,15.503094
Falcon-512_run25,active,5.109501,5.39625,0.566081,3.054714,15.550288
Falcon-512_run25,active,5.122267,5.38875,0.585391,3.154527,15.590558
Falcon-512_run25,active,5.135011,5.3975,0.568048,3.066037,15.62963
Falcon-512_run25,active,5.147753,5.3975,0.559286,3.018748,15.668097
Falcon-512_run25,active,5.160492,5.39375,0.588431,3.173849,15.708529
Falcon-512_run25,active,5.173231,5.39625,0.567511,3.062432,15.747539
Falcon-512_run25,active,5.185979,5.39625,0.562684,3.036381,15.786247
Falcon-512_run25,active,5.198719,5.39875,0.543731,2.935467,15.823646
Falcon-512_run25,active,5.211466,5.395,0.587179,3.167832,15.864025
Falcon-512_run25,active,5.224214,5.395,0.563399,3.039537,15.902772
Falcon-512_run25,active,5.236952,5.39875,0.532645,2.875618,15.939403
Falcon-512_run25,active,5.249693,5.39625,0.587,3.167601,15.979762
Falcon-512_run25,active,5.262433,5.39625,0.559465,3.019014,16.018223
Falcon-512_run25,active,5.275173,5.3975,0.586643,3.166405,16.058564
Falcon-512_run25,active,5.287915,5.39625,0.558392,3.013225,16.096957
Falcon-512_run25,active,5.300654,5.3975,0.590398,3.186671,16.137552
Falcon-512_run25,active,5.3134,5.3975,0.536042,2.893289,16.174431
Falcon-512_run25,active,5.326146,5.3975,0.586285,3.164474,16.214765
Falcon-512_run25,active,5.338886,5.395,0.570908,3.080051,16.254007
Falcon-512_run25,active,5.351632,5.3975,0.547664,2.956019,16.291681
Falcon-512_run25,active,5.364382,5.3975,0.586106,3.163509,16.332018
Falcon-512_run25,active,5.377122,5.395,0.570193,3.076192,16.371208
Falcon-512_run25,active,5.389865,5.3975,0.574127,3.098849,16.410697
Falcon-512_run25,active,5.402604,5.3975,0.55875,3.015853,16.449117
Falcon-512_run25,active,5.415352,5.39625,0.586106,3.162777,16.489435
Falcon-512_run25,active,5.428099,5.39625,0.528175,2.850165,16.525765
Falcon-512_run25,active,5.44084,5.39625,0.584855,3.156023,16.565977
Falcon-512_run25,active,5.453579,5.395,0.538188,2.903524,16.602966
Falcon-512_run25,active,5.466319,5.3975,0.586464,3.165439,16.643294
Falcon-512_run25,active,5.479059,5.3975,0.571802,3.086303,16.682611
Falcon-512_run25,active,5.4918,5.38875,0.561432,3.025417,16.721158
Falcon-512_run25,active,5.50454,5.39625,0.585212,3.157952,16.761392
Falcon-512_run25,active,5.517287,5.3975,0.57663,3.11236,16.801063
Falcon-512_run25,active,5.530034,5.395,0.557677,3.008668,16.839415
Falcon-512_run25,active,5.542774,5.4025,0.581636,3.142291,16.87945
Falcon-512_run25,active,5.555515,5.3975,0.574127,3.098849,16.918931
Falcon-512_run25,active,5.568255,5.39625,0.578597,3.122253,16.958709
Falcon-512_run25,active,5.580995,5.39125,0.587537,3.167558,16.999063
Falcon-512_run25,active,5.593731,5.39625,0.571981,3.086554,17.038373
Falcon-512_run25,active,5.606482,5.39625,0.587,3.167601,17.078765
Falcon-512_run25,active,5.619232,5.39375,0.568763,3.067764,17.117879
Falcon-512_run25,active,5.631981,5.41125,0.547664,2.963549,17.155661
Falcon-512_run25,active,5.644724,5.3975,0.587716,3.172195,17.196082
Falcon-512_run25,active,5.657464,5.3975,0.559465,3.019713,17.234554
Falcon-512_run25,active,5.670237,5.395,0.551419,2.974907,17.272554
Falcon-512_run25,active,5.682974,5.39625,0.586106,3.162777,17.312836
Falcon-512_run25,active,5.695722,5.3975,0.56018,3.023574,17.351382
Falcon-512_run25,active,5.708461,5.39625,0.558392,3.013225,17.389768
Falcon-512_run25,active,5.721209,5.4,0.590755,3.190078,17.430433
Falcon-512_run25,active,5.733954,5.40375,0.537473,2.904369,17.467451
Falcon-512_run25,active,5.746695,5.39625,0.586822,3.166636,17.507798
Falcon-512_run25,active,5.759435,5.3975,0.562147,3.03419,17.546454
Falcon-512_run25,active,5.772177,5.40125,0.584855,3.158947,17.586704
Falcon-512_run25,active,5.784943,5.39625,0.574127,3.098132,17.626253
Falcon-512_run25,active,5.797684,5.3975,0.585749,3.161579,17.666537
Falcon-512_run25,active,5.810425,5.3975,0.552671,2.983041,17.704544
Falcon-512_run25,active,5.823173,5.3975,0.570193,3.077618,17.743776
Falcon-512_run25,active,5.835915,5.39625,0.574842,3.101991,17.783303
Falcon-512_run25,active,5.848662,5.395,0.579133,3.124424,17.82313
Falcon-512_run25,active,5.8614,5.39625,0.56626,3.055678,17.862052
Falcon-512_run25,active,5.87414,5.39625,0.558571,3.01419,17.900454
Falcon-512_run25,active,5.886881,5.39625,0.585928,3.161812,17.940739
Falcon-512_run25,active,5.899622,5.39625,0.571981,3.086554,17.980064
Falcon-512_run25,active,5.912361,5.395,0.585212,3.157221,18.020284
Falcon-512_run25,active,5.925107,5.39125,0.559108,3.014289,18.058704
Falcon-512_run25,active,5.937853,5.39625,0.586106,3.162777,18.099017
Falcon-512_run25,active,5.950593,5.3975,0.585391,3.159649,18.139271
Falcon-512_run25,active,5.963334,5.39625,0.532824,2.875252,18.175903
Falcon-512_run25,active,5.976075,5.39875,0.567869,3.065782,18.214963
Falcon-512_run25,active,5.988815,5.39625,0.566975,3.059538,18.253942
Falcon-512_run25,active,6.001554,5.4,0.577345,3.117664,18.29366
Falcon-512_run25,active,6.014292,5.39625,0.586643,3.165671,18.333985
Falcon-512_run25,active,6.027037,5.39875,0.572518,3.090879,18.373378
Falcon-512_run25,active,6.039782,5.3975,0.529784,2.859511,18.40982
Falcon-512_run25,active,6.052523,5.3975,0.586643,3.166405,18.450164
Falcon-512_run25,active,6.065262,5.39875,0.528175,2.851486,18.486489
Falcon-512_run25,active,6.078002,5.39625,0.587537,3.170495,18.526882
Falcon-512_run25,active,6.090745,5.39625,0.586285,3.163742,18.567196
Falcon-512_run25,active,6.103489,5.39625,0.568048,3.065327,18.606262
Falcon-512_run25,active,6.116229,5.39625,0.587179,3.168566,18.646629
Falcon-512_run25,active,6.128973,5.3975,0.572518,3.090164,18.686012
Falcon-512_run25,active,6.141717,5.395,0.587537,3.169761,18.726407
Falcon-512_run25,active,6.154459,5.39625,0.557856,3.01033,18.764763
Falcon-512_run25,active,6.167198,5.39625,0.587,3.167601,18.805115
Falcon-512_run25,active,6.179939,5.39125,0.563756,3.039352,18.843841
Falcon-512_run25,active,6.19268,5.39375,0.585928,3.160347,18.884105
Falcon-512_run25,active,6.205427,5.395,0.55124,2.973942,18.922015
Falcon-512_run25,active,6.21817,5.395,0.588073,3.172655,18.962445
Falcon-512_run25,active,6.230921,5.40125,0.583067,3.14929,19.002602
Falcon-512_run25,active,6.24368,5.3975,0.55428,2.991726,19.040773
Falcon-512_run25,active,6.256424,5.395,0.571266,3.08198,19.080049
Falcon-512_run25,active,6.269165,5.39625,0.579312,3.126112,19.119878
Falcon-512_run25,active,6.281905,5.39625,0.530678,2.863673,19.15636
Falcon-512_run25,active,6.294646,5.39625,0.585749,3.160847,19.196635
Falcon-512_run25,active,6.307385,5.3975,0.572339,3.089199,19.235989
Falcon-512_run25,active,6.320125,5.39625,0.586643,3.165671,19.276317
Falcon-512_run25,active,6.332871,5.39625,0.563578,3.041206,19.315081
Falcon-512_run25,active,6.345617,5.3975,0.573054,3.093059,19.354505
Falcon-512_run25,active,6.358372,5.39625,0.559823,3.020944,19.393038
Falcon-512_run25,active,6.371113,5.4025,0.587716,3.175134,19.433492
Falcon-512_run25,active,6.386512,5.3975,0.568226,3.067002,19.480721
Falcon-512_run25,active,6.399271,5.39625,0.571087,3.081729,19.52004
Falcon-512_run25,active,6.412032,5.39125,0.559823,3.018145,19.558554
Falcon-512_run25,active,6.424836,5.39375,0.533539,2.877777,19.595402
Falcon-512_run25,active,6.437592,5.395,0.587358,3.168796,19.635824
Falcon-512_run25,active,6.450343,5.395,0.569299,3.071369,19.674986
Falcon-512_run25,active,6.463088,5.39625,0.587,3.167601,19.715356
Falcon-512_run25,active,6.47583,5.39875,0.572696,3.091845,19.754753
Falcon-512_run25,active,6.488572,5.3975,0.573412,3.094989,19.79419
Falcon-512_run25,active,6.501313,5.4,0.527639,2.84925,19.830491
Falcon-512_run25,active,6.514053,5.39125,0.547664,2.952596,19.868109
Falcon-512_run25,active,6.526818,5.39375,0.567869,3.062942,19.907208
Falcon-512_run25,active,6.539611,5.395,0.562505,3.034713,19.94603
Falcon-512_run25,active,6.552362,5.39625,0.587358,3.169531,19.986444
Falcon-512_run25,active,6.565105,5.3975,0.577345,3.116221,20.026153
Falcon-512_run25,active,6.577844,5.3975,0.568942,3.070862,20.065273
Falcon-512_run25,active,6.590584,5.39625,0.57806,3.119358,20.105016
Falcon-512_run25,active,6.603326,5.39625,0.527996,2.849201,20.141321
Falcon-512_run25,active,6.616069,5.395,0.586643,3.164938,20.181649
Falcon-512_run25,active,6.628813,5.39375,0.567332,3.060049,20.220646
Falcon-512_run25,active,6.64156,5.3925,0.570014,3.073803,20.259828
Falcon-512_run25,active,6.654304,5.3975,0.585928,3.162544,20.300132
Falcon-512_run25,active,6.667045,5.39625,0.558929,3.01612,20.338561
Falcon-512_run25,active,6.679787,5.39625,0.554995,2.994893,20.376722
Falcon-512_run25,active,6.692528,5.39625,0.543194,2.931213,20.414067
Falcon-512_run25,active,6.705269,5.3975,0.587,3.168335,20.454436
Falcon-512_run25,active,6.718015,5.39625,0.562684,3.036381,20.493137
Falcon-512_run25,active,6.730757,5.39625,0.578239,3.120323,20.532897
Falcon-512_run25,active,6.743507,5.3975,0.562862,3.03805,20.571631
Falcon-512_run25,active,6.756253,5.3975,0.586643,3.166405,20.611992
Falcon-512_run25,active,6.768994,5.39625,0.586106,3.162777,20.652289
Falcon-512_run25,active,6.781735,5.39625,0.551777,2.977526,20.690226
Falcon-512_run25,active,6.794475,5.3975,0.571445,3.084373,20.72952
Falcon-512_run25,active,6.807218,5.39625,0.587,3.167601,20.769883
Falcon-512_run25,active,6.819959,5.39875,0.575378,3.106324,20.809463
Falcon-512_run25,active,6.8327,5.39625,0.538546,2.906127,20.846489
Falcon-512_run25,active,6.845448,5.3975,0.586464,3.165439,20.886841
Falcon-512_run25,active,6.858232,5.3975,0.575557,3.10657,20.926556
Falcon-512_run25,active,6.870974,5.40125,0.532645,2.87695,20.963215
Falcon-512_run25,active,6.883718,5.39625,0.529784,2.858849,20.999647
Falcon-512_run25,active,6.896457,5.3975,0.586464,3.165439,21.039972
Falcon-512_run25,active,6.909199,5.39875,0.56912,3.072539,21.079122
Falcon-512_run25,active,6.92194,5.39625,0.586643,3.165671,21.119457
Falcon-512_run25,active,6.93468,5.39875,0.571445,3.085088,21.158762
Falcon-512_run25,active,6.947426,5.3975,0.53497,2.887498,21.195566
Falcon-512_run25,active,6.960172,5.39875,0.588431,3.176791,21.236056
Falcon-512_run25,active,6.972936,5.39875,0.558929,3.017517,21.274573
Falcon-512_run25,active,6.985677,5.3975,0.53336,2.878813,21.311252
Falcon-512_run25,active,6.998417,5.39875,0.583961,3.152658,21.351414
Falcon-512_run25,active,7.011157,5.39625,0.576272,3.10971,21.391033
Falcon-512_run25,active,7.0239,5.39625,0.558929,3.01612,21.429467
Falcon-512_run25,active,7.036643,5.3975,0.529069,2.855651,21.465858
Falcon-512_run25,active,7.04939,5.39625,0.586643,3.165671,21.50621
Falcon-512_run25,active,7.062136,5.39625,0.551777,2.977526,21.544161
Falcon-512_run25,active,7.074876,5.3975,0.592543,3.198252,21.584907
Falcon-512_run25,active,7.08762,5.3975,0.577345,3.116221,21.624619
Falcon-512_run25,active,7.100361,5.39875,0.564293,3.046476,21.663435
Falcon-512_run25,active,7.113101,5.3975,0.585928,3.162544,21.703726
Falcon-512_run25,active,7.125842,5.39625,0.543194,2.931213,21.741071
Falcon-512_run25,active,7.138582,5.39625,0.586106,3.162777,21.781365
Falcon-512_run25,active,7.151327,5.39375,0.561968,3.031117,21.819999
Falcon-512_run25,active,7.164073,5.39625,0.54087,2.91867,21.8572
Falcon-512_run25,active,7.176815,5.395,0.587,3.166867,21.897552
Falcon-512_run25,active,7.189554,5.4,0.555889,3.001802,21.935793
Falcon-512_run25,active,7.202295,5.3975,0.586106,3.163509,21.976098
Falcon-512_run25,active,7.215035,5.3925,0.559644,3.01788,22.014546
Falcon-512_run25,active,7.227774,5.39625,0.528175,2.850165,22.050853
Falcon-512_run25,active,7.240518,5.4,0.588967,3.180423,22.091386
Falcon-512_run25,active,7.253265,5.39625,0.543194,2.931213,22.128749
Falcon-512_run25,active,7.26601,5.3975,0.568226,3.067002,22.167839
Falcon-512_run25,active,7.27875,5.3975,0.580742,3.134557,22.207774
Falcon-512_run25,active,7.29149,5.3975,0.56465,3.047701,22.2466
Falcon-512_run25,active,7.304233,5.39625,0.568942,3.070151,22.285723
Falcon-512_run25,active,7.316972,5.3975,0.580385,3.132627,22.325631
Falcon-512_run25,active,7.329712,5.385,0.530678,2.857703,22.362037
Falcon-512_run25,active,7.342452,5.39625,0.587179,3.168566,22.402403
Falcon-512_run25,active,7.355229,5.3975,0.585749,3.161579,22.442801
Falcon-512_run25,active,7.367984,5.3975,0.580921,3.135522,22.482793
Falcon-512_run25,active,7.380732,5.38375,0.555532,2.990843,22.520921
Falcon-512_run25,active,7.393529,5.38375,0.587537,3.163151,22.561401
Falcon-512_run25,active,7.406329,5.39125,0.539976,2.911146,22.598661
Falcon-512_run25,active,7.41908,5.39375,0.590576,3.185421,22.63928
Falcon-512_run25,active,7.431826,5.3825,0.553922,2.981487,22.677283
Falcon-512_run25,active,7.444567,5.39875,0.528175,2.851486,22.713614
Falcon-512_run25,active,7.457317,5.3975,0.586285,3.164474,22.753959
Falcon-512_run25,active,7.470064,5.39125,0.547843,2.95356,22.791608
Falcon-512_run25,active,7.482807,5.3975,0.568048,3.066037,22.830681
Falcon-512_run25,active,7.495547,5.3975,0.59147,3.192461,22.871351
Falcon-512_run25,active,7.508291,5.39875,0.561611,3.031996,22.909992
Falcon-512_run25,active,7.521035,5.4,0.586822,3.168837,22.950374
Falcon-512_run25,active,7.533776,5.3825,0.555353,2.989186,22.988459
Falcon-512_run25,active,7.546517,5.3975,0.586285,3.164474,23.028778
Falcon-512_run25,active,7.559264,5.395,0.586106,3.162044,23.069085
Falcon-512_run25,active,7.572014,5.39625,0.561253,3.028663,23.1077
Falcon-512_run25,active,7.584753,5.39625,0.566438,3.056643,23.146639
Falcon-512_run25,active,7.597496,5.3975,0.543194,2.931892,23.183999
Falcon-512_run25,active,7.610237,5.39625,0.587,3.167601,23.224358
Falcon-512_run25,active,7.622978,5.39625,0.559823,3.020944,23.262849
Falcon-512_run25,active,7.635717,5.38875,0.543194,2.927139,23.300138
Falcon-512_run25,active,7.648462,5.39875,0.587537,3.171964,23.340563
Falcon-512_run25,active,7.663916,5.39625,0.568048,3.065327,23.387935
Falcon-512_run25,active,7.676686,5.3975,0.587358,3.170265,23.428419
Falcon-512_run25,active,7.689429,5.39875,0.56769,3.064816,23.467473
Falcon-512_run25,active,7.70217,5.39875,0.573769,3.097636,23.506942
Falcon-512_run25,active,7.71491,5.3975,0.562147,3.03419,23.545598
Falcon-512_run25,active,7.727654,5.3975,0.558929,3.016818,23.584044
Falcon-512_run25,active,7.740389,5.39375,0.585928,3.160347,23.624291
Falcon-512_run25,active,7.753208,5.3925,0.568405,3.065125,23.663583
Falcon-512_run25,active,7.765978,5.395,0.55124,2.973942,23.701561
Falcon-512_run25,active,7.778732,5.3975,0.534791,2.886533,23.738375
Falcon-512_run25,active,7.791481,5.395,0.587716,3.170726,23.778797
Falcon-512_run25,active,7.804222,5.39625,0.561611,3.030592,23.81741
Falcon-512_run25,active,7.81696,5.3975,0.563399,3.040945,23.856146
Falcon-512_run25,active,7.829696,5.3975,0.531572,2.869162,23.892688
Falcon-512_run25,active,7.842441,5.39125,0.586822,3.163702,23.933009
Falcon-512_run25,active,7.855207,5.395,0.587,3.166867,23.973437
Falcon-512_run25,active,7.867957,5.395,0.567869,3.063652,24.012499
Falcon-512_run25,active,7.880703,5.395,0.573769,3.095485,24.051954
Falcon-512_run25,active,7.893439,5.39875,0.559465,3.020413,24.090423
Falcon-512_run25,active,7.906184,5.39625,0.590755,3.187863,24.131052
Falcon-512_run25,active,7.91892,5.3975,0.568048,3.066037,24.170101
Falcon-512_run25,active,7.931658,5.39625,0.577166,3.114534,24.209772
Falcon-512_run25,active,7.944391,5.385,0.57663,3.105153,24.249313
Falcon-512_run25,active,7.957126,5.39875,0.579133,3.126595,24.289129
Falcon-512_run25,active,7.969871,5.39875,0.56018,3.024274,24.327672
Falcon-512_run25,active,7.98261,5.3975,0.552671,2.983041,24.365673
Falcon-512_run25,active,7.995344,5.3975,0.586643,3.166405,24.405995
Falcon-512_run25,active,8.008079,5.39625,0.576451,3.110675,24.44561
Falcon-512_run25,active,8.020813,5.39375,0.536042,2.891279,24.482427
Falcon-512_run25,active,8.033546,5.39625,0.559465,3.019014,24.520868
Falcon-512_run25,active,8.04628,5.38875,0.587358,3.165125,24.561173
Falcon-512_run25,active,8.059013,5.39875,0.53336,2.879479,24.597837
Falcon-512_run25,active,8.071756,5.3975,0.586643,3.166405,24.638188
Falcon-512_run25,active,8.084496,5.39625,0.567332,3.061467,24.677191
Falcon-512_run25,active,8.097231,5.39625,0.560359,3.023838,24.715699
Falcon-512_run25,active,8.109965,5.3925,0.5305,2.860719,24.752127
Falcon-512_run25,active,8.122698,5.395,0.586464,3.163973,24.792412
Falcon-512_run25,active,8.135431,5.39875,0.563756,3.04358,24.831168
Falcon-512_run25,active,8.148166,5.38125,0.586285,3.154947,24.871345
Falcon-512_run25,active,8.160947,5.395,0.563041,3.037607,24.910168
Falcon-512_run25,active,8.173693,5.39375,0.536042,2.891279,24.947023
Falcon-512_run25,active,8.186438,5.39625,0.586643,3.165671,24.987368
Falcon-512_run25,active,8.199175,5.39625,0.552671,2.98235,25.025353
Falcon-512_run25,active,8.211912,5.39875,0.552313,2.981801,25.063334
Falcon-512_run25,active,8.224645,5.39875,0.585391,3.160381,25.103575
Falcon-512_run25,active,8.237379,5.3975,0.558214,3.012958,25.14194
Falcon-512_run25,active,8.250114,5.38625,0.58861,3.170398,25.182315
Falcon-512_run25,active,8.262852,5.3975,0.570908,3.081478,25.221568
Falcon-512_run25,active,8.275625,5.3975,0.566975,3.060246,25.260657
Falcon-512_run25,active,8.288366,5.39625,0.574306,3.099097,25.300142
Falcon-512_run25,active,8.301099,5.39625,0.585749,3.160847,25.340391
Falcon-512_run25,active,8.313834,5.39625,0.561968,3.032522,25.379007
Falcon-512_run25,active,8.326567,5.3975,0.569299,3.072792,25.418134
Falcon-512_run25,active,8.339301,5.3975,0.587894,3.17316,25.458542
Falcon-512_run25,active,8.352066,5.38125,0.55875,3.006773,25.496922
Falcon-512_run25,active,8.364846,5.3975,0.546055,2.947333,25.534591
Falcon-512_run25,active,8.377599,5.3975,0.587179,3.1693,25.575007
Falcon-512_run25,active,8.390346,5.39625,0.586822,3.166636,25.615372
Falcon-512_run25,active,8.403085,5.395,0.557498,3.007704,25.653687
Falcon-512_run25,active,8.415823,5.3975,0.59147,3.192461,25.694353
Falcon-512_run25,active,8.428562,5.38625,0.561432,3.024013,25.732877
Falcon-512_run25,active,8.441299,5.4,0.558571,3.016284,25.771294
Falcon-512_run25,active,8.454035,5.39625,0.532645,2.874287,25.807901
Falcon-512_run25,active,8.466769,5.3975,0.587716,3.172195,25.848298
Falcon-512_run25,active,8.479512,5.3925,0.557856,3.008238,25.88663
Falcon-512_run25,active,8.492253,5.39625,0.586822,3.166636,25.926978
Falcon-512_run25,active,8.504989,5.39625,0.568405,3.067257,25.966042
Falcon-512_run25,active,8.517724,5.3975,0.551956,2.97918,26.003982
Falcon-512_run25,active,8.530452,5.4,0.568405,3.069388,26.043049
Falcon-512_run25,active,8.54319,5.3975,0.553744,2.988831,26.081122
Falcon-512_run25,active,8.555927,5.39375,0.584318,3.151667,26.121264
Falcon-512_run25,active,8.568674,5.395,0.573948,3.096449,26.160733
Falcon-512_run25,active,8.58143,5.39375,0.586106,3.161311,26.201059
Falcon-512_run25,active,8.594179,5.39875,0.563756,3.04358,26.239861
Falcon-512_run25,active,8.606918,5.38875,0.57359,3.090935,26.279237
Falcon-512_run25,active,8.619657,5.4,0.560896,3.028836,26.31782
Falcon-512_run25,active,8.632407,5.39875,0.538546,2.907473,26.354891
Falcon-512_run25,active,8.645148,5.3975,0.585034,3.157719,26.395126
Falcon-512_run25,active,8.657886,5.395,0.548201,2.957543,26.432797
Falcon-512_run25,active,8.670625,5.3975,0.583246,3.148068,26.4729
Falcon-512_run25,active,8.683368,5.395,0.586643,3.164938,26.513233
Falcon-512_run25,active,8.696111,5.39875,0.574484,3.101498,26.552753
Falcon-512_run25,active,8.708849,5.39875,0.550704,2.973113,26.590627
Falcon-512_run25,active,8.721585,5.3975,0.588252,3.17509,26.631063
Falcon-512_run25,active,8.734322,5.3975,0.52889,2.854686,26.667423
Falcon-512_run25,active,8.747059,5.39625,0.585749,3.160847,26.707683
Falcon-512_run25,active,8.759796,5.39375,0.571802,3.084159,26.746966
Falcon-512_run25,active,8.772539,5.39625,0.558035,3.011295,26.785341
Falcon-512_run25,active,8.785281,5.39875,0.56018,3.024274,26.823875
Falcon-512_run25,active,8.798021,5.39625,0.588967,3.178214,26.864364
Falcon-512_run25,active,8.810756,5.39625,0.559823,3.020944,26.902836
Falcon-512_run25,active,8.823489,5.39625,0.588431,3.17532,26.943268
Falcon-512_run25,active,8.836224,5.3925,0.561253,3.026558,26.981812
Falcon-512_run25,active,8.848982,5.39625,0.532288,2.872357,27.018456
Falcon-512_run25,active,8.861723,5.4,0.563756,3.044285,27.057246
Falcon-512_run25,active,8.874459,5.3975,0.587358,3.170265,27.097621
Falcon-512_run25,active,8.887203,5.39875,0.567869,3.065782,27.136689
Falcon-512_run25,active,8.899943,5.395,0.572339,3.087768,27.176029
Falcon-512_run25,active,8.912679,5.3975,0.553028,2.984971,27.214046
Falcon-512_run25,active,8.925412,5.39625,0.548022,2.957264,27.251699
Falcon-512_run25,active,8.940675,5.3975,0.571445,3.084373,27.298779
Falcon-512_run25,active,8.953429,5.39625,0.579491,3.127077,27.33866
Falcon-512_run25,active,8.96617,5.3975,0.568226,3.067002,27.377735
Falcon-512_run25,active,8.978906,5.4,0.567511,3.06456,27.416766
Falcon-512_run25,active,8.991652,5.3975,0.587537,3.17123,27.457188
Falcon-512_run25,active,9.004391,5.3975,0.586464,3.165439,27.497511
Falcon-512_run25,active,9.017124,5.39625,0.572339,3.088483,27.536838
Falcon-512_run25,active,9.029858,5.395,0.571087,3.081015,27.57607
Falcon-512_run25,active,9.042591,5.395,0.558035,3.010598,27.614407
Falcon-512_run25,active,9.055325,5.39625,0.562147,3.033487,27.653034
Falcon-512_run25,active,9.068059,5.395,0.58253,3.142752,27.693054
Falcon-512_run25,active,9.080792,5.39625,0.568226,3.066292,27.732097
Falcon-512_run25,active,9.093533,5.39625,0.587,3.167601,27.772456
Falcon-512_run25,active,9.106271,5.39875,0.585749,3.162311,27.812737
Falcon-512_run25,active,9.119003,5.39875,0.567154,3.06192,27.851721
Falcon-512_run25,active,9.131737,5.39875,0.579133,3.126595,27.891536
Falcon-512_run25,active,9.144471,5.39875,0.547307,2.954773,27.929161
Falcon-512_run25,active,9.157205,5.3975,0.585749,3.161579,27.969421
Falcon-512_run25,active,9.169939,5.395,0.566438,3.055935,28.008334
Falcon-512_run25,active,9.182671,5.3975,0.558392,3.013923,28.046709
Falcon-512_run25,active,9.195411,5.39625,0.529069,2.85499,28.083081
Falcon-512_run25,active,9.208149,5.3975,0.539797,2.913555,28.120195
Falcon-512_run25,active,9.22092,5.3975,0.586285,3.164474,28.160608
Falcon-512_run25,active,9.233654,5.39625,0.558571,3.01419,28.198988
Falcon-512_run25,active,9.246387,5.3975,0.535685,2.891359,28.235806
Falcon-512_run25,active,9.259123,5.395,0.584676,3.154327,28.27598
Falcon-512_run25,active,9.27186,5.39375,0.586822,3.165169,28.316293
Falcon-512_run25,active,9.284594,5.39375,0.568942,3.068729,28.355372
Falcon-512_run25,active,9.297335,5.39625,0.558214,3.01226,28.393751
Falcon-512_run25,active,9.310074,5.4,0.586285,3.16594,28.434082
Falcon-512_run25,active,9.322809,5.3975,0.547843,2.956984,28.471739
Falcon-512_run25,active,9.335543,5.39875,0.586643,3.167138,28.512068
Falcon-512_run25,active,9.348302,5.38875,0.571445,3.079373,28.551357
Falcon-512_run25,active,9.361082,5.3975,0.532466,2.873987,28.588089
Falcon-512_run25,active,9.373826,5.39625,0.574127,3.098132,28.627571
Falcon-512_run25,active,9.386567,5.39625,0.587,3.167601,28.667928
Falcon-512_run25,active,9.399315,5.39,0.560002,3.018409,28.706406
Falcon-512_run25,active,9.412058,5.3975,0.532466,2.873987,28.74303
Falcon-512_run25,active,9.424795,5.3975,0.587716,3.172195,28.783434
Falcon-512_run25,active,9.437531,5.4,0.563578,3.043319,28.822193
Falcon-512_run25,active,9.450266,5.3975,0.558035,3.011993,28.860553
Falcon-512_run25,active,9.463004,5.3975,0.538903,2.90873,28.897602
Falcon-512_run25,active,9.47574,5.3975,0.587,3.168335,28.937954
Falcon-512_run25,active,9.488473,5.3975,0.588073,3.174125,28.978373
Falcon-512_run25,active,9.501213,5.39625,0.536042,2.892619,29.015224
Falcon-512_run25,active,9.513953,5.39625,0.562862,3.037346,29.053921
Falcon-512_run25,active,9.526688,5.39625,0.587,3.167601,29.094259
Falcon-512_run25,active,9.539416,5.3925,0.578954,3.122012,29.133997
Falcon-512_run25,active,9.552155,5.3975,0.560538,3.025504,29.172539
Falcon-512_run25,active,9.564924,5.39625,0.551419,2.975596,29.210533
Falcon-512_run25,active,9.57766,5.3875,0.593258,3.19618,29.251241
Falcon-512_run25,active,9.590395,5.3975,0.572518,3.090164,29.290594
Falcon-512_run25,active,9.603136,5.395,0.536579,2.894843,29.327476
Falcon-512_run25,active,9.615879,5.3975,0.54838,2.959879,29.365193
Falcon-512_run25,active,9.628614,5.3975,0.591113,3.190531,29.405824
Falcon-512_run25,active,9.641347,5.3975,0.556783,3.005237,29.444091
Falcon-512_run25,active,9.654083,5.39625,0.587894,3.172425,29.484495
Falcon-512_run25,active,9.666817,5.3975,0.543373,2.932857,29.521842
Falcon-512_run25,active,9.679553,5.395,0.580921,3.13407,29.561758
Falcon-512_run25,active,9.692294,5.39625,0.561253,3.028663,29.600346
Falcon-512_run25,active,9.705037,5.39625,0.560359,3.023838,29.638878
Falcon-512_run25,active,9.717777,5.3975,0.534612,2.885568,29.675641
Falcon-512_run25,active,9.730512,5.3975,0.533003,2.876883,29.712278
Falcon-512_run25,active,9.743247,5.39875,0.550883,2.974079,29.750152
Falcon-512_run25,active,9.755984,5.39625,0.568942,3.070151,29.789257
Falcon-512_run25,active,9.768721,5.39625,0.531036,2.865603,29.825755
Falcon-512_run25,active,9.781453,5.3975,0.566617,3.058316,29.864696
Falcon-512_run25,active,9.79422,5.39625,0.580027,3.129972,29.904656
Falcon-512_run25,active,9.806961,5.39625,0.561253,3.028663,29.943245
Falcon-512_run25,active,9.819702,5.39625,0.53336,2.878146,29.979913
Falcon-512_run25,active,9.832436,5.3975,0.585749,3.161579,30.020174
Falcon-512_run25,active,9.845182,5.39625,0.562505,3.035417,30.058863
Falcon-512_run25,active,9.857944,5.39875,0.559465,3.020413,30.097408
Falcon-512_run25,active,9.870682,5.39625,0.586643,3.165671,30.137734
Falcon-512_run25,active,9.883418,5.39625,0.558571,3.01419,30.176122
Falcon-512_run25,active,9.896155,5.39875,0.530678,2.865,30.212615
Falcon-512_run25,active,9.908929,5.39625,0.587,3.167601,30.253076
Falcon-512_run25,active,9.921669,5.39625,0.538367,2.905162,30.29009
Falcon-512_run25,active,9.934403,5.39625,0.585749,3.160847,30.330339
Falcon-512_run25,active,9.947135,5.4,0.582173,3.143733,30.370365
Falcon-512_run25,active,9.959869,5.3975,0.53783,2.90294,30.407331
Falcon-512_run25,active,9.972603,5.39875,0.560359,3.025239,30.445855
Falcon-512_run25,active,9.985336,5.39625,0.587537,3.170495,30.486225
Falcon-512_run25,active,9.998071,5.3975,0.565187,3.050596,30.525072
Falcon-512_run25,active,10.01081,5.3975,0.557677,3.010063,30.563418
Falcon-512_run25,active,10.023547,5.39625,0.587,3.167601,30.603764
Falcon-512_run25,active,10.036284,5.395,0.573233,3.092591,30.643153
Falcon-512_run25,active,10.049017,5.39625,0.537294,2.899373,30.680072
Falcon-512_run25,active,10.06175,5.3975,0.586464,3.165439,30.720379
Falcon-512_run25,active,10.074484,5.39,0.554638,2.989497,30.758448
Falcon-512_run25,active,10.087219,5.39625,0.586643,3.165671,30.79876
Falcon-512_run25,active,10.099951,5.39625,0.572339,3.088483,30.838085
Falcon-512_run25,active,10.112691,5.39625,0.573412,3.094272,30.877504
Falcon-512_run25,active,10.12543,5.39625,0.538546,2.906127,30.914525
Falcon-512_run25,active,10.138166,5.39625,0.57967,3.128042,30.954365
Falcon-512_run25,active,10.150899,5.3975,0.561968,3.033224,30.992986
Falcon-512_run25,active,10.163636,5.39875,0.536221,2.894924,31.029859
Falcon-512_run25,active,10.176367,5.3975,0.587358,3.170265,31.070221
Falcon-512_run25,active,10.1891,5.39625,0.564114,3.0441,31.10898
Falcon-512_run25,active,10.201833,5.3975,0.568226,3.067002,31.148032
Falcon-512_run25,active,10.217291,5.395,0.571802,3.084874,31.19572
Falcon-512_run25,active,10.230048,5.395,0.585749,3.160115,31.236032
Falcon-512_run25,active,10.242785,5.39625,0.535148,2.887795,31.272815
Falcon-512_run25,active,10.25552,5.39625,0.586285,3.163742,31.313104
Falcon-512_run25,active,10.268256,5.395,0.568405,3.066546,31.352159
Falcon-512_run25,active,10.280991,5.395,0.586285,3.163009,31.392441
Falcon-512_run25,active,10.293725,5.395,0.587179,3.167832,31.432781
Falcon-512_run25,active,10.306457,5.39875,0.57216,3.088949,31.472108
Falcon-512_run25,active,10.319197,5.4,0.569299,3.074216,31.511273
Falcon-512_run25,active,10.331935,5.39625,0.56018,3.022873,31.549779
Falcon-512_run25,active,10.344687,5.39375,0.558571,3.012793,31.588199
Falcon-512_run25,active,10.357464,5.4025,0.529606,2.861194,31.624757
Falcon-512_run25,active,10.370264,5.39625,0.587,3.167601,31.6653
Falcon-512_run25,active,10.383002,5.39625,0.568763,3.069186,31.704397
Falcon-512_run25,active,10.39574,5.3975,0.568226,3.067002,31.743464
Falcon-512_run25,active,10.408474,5.40875,0.544088,2.942838,31.780936
Falcon-512_run25,active,10.421216,5.3975,0.587537,3.17123,31.821344
Falcon-512_run25,active,10.433959,5.3975,0.574127,3.098849,31.860835
Falcon-512_run25,active,10.446695,5.39625,0.529963,2.859814,31.897258
Falcon-512_run25,active,10.45943,5.39625,0.587,3.167601,31.937597
Falcon-512_run25,active,10.472167,5.3975,0.571802,3.086303,31.976906
Falcon-512_run25,active,10.484929,5.3975,0.556962,3.006202,32.015271
Falcon-512_run25,active,10.497665,5.39875,0.536221,2.894924,32.052143
Falcon-512_run25,active,10.510402,5.39625,0.586643,3.165671,32.092461
Falcon-512_run25,active,10.523146,5.39625,0.56912,3.071116,32.131601
Falcon-512_run25,active,10.535889,5.4,0.587537,3.172699,32.17203
Falcon-512_run25,active,10.548625,5.395,0.5423,2.925711,32.209293
Falcon-512_run25,active,10.561362,5.39875,0.587,3.169068,32.249657
Falcon-512_run25,active,10.574099,5.39875,0.568405,3.068678,32.288741
Falcon-512_run25,active,10.586832,5.39625,0.558214,3.01226,32.327098
Falcon-512_run25,active,10.599596,5.4,0.55124,2.976698,32.365091
Falcon-512_run25,active,10.612333,5.39625,0.587179,3.168566,32.405449
Falcon-512_run25,active,10.625075,5.3975,0.568763,3.069897,32.444565
Falcon-512_run25,active,10.637815,5.3975,0.563756,3.042875,32.483333
Falcon-512_run25,active,10.65055,5.3975,0.543194,2.931892,32.52067
Falcon-512_run25,active,10.663284,5.3975,0.588073,3.174125,32.56109
Falcon-512_run25,active,10.67602,5.39625,0.564829,3.04796,32.599908
Falcon-512_run25,active,10.688754,5.39875,0.581636,3.14011,32.639894
Falcon-512_run25,active,10.701511,5.39875,0.559108,3.018482,32.678403
Falcon-512_run25,active,10.714248,5.39625,0.588073,3.17339,32.71882
Falcon-512_run25,active,10.726989,5.3925,0.564293,3.042949,32.757591
Falcon-512_run25,active,10.73973,5.39625,0.572339,3.088483,32.796942
Falcon-512_run25,active,10.752467,5.39625,0.548201,2.958229,32.83462
Falcon-512_run25,active,10.765201,5.39375,0.585749,3.159383,32.874853
Falcon-512_run25,active,10.777937,5.39875,0.587179,3.170034,32.915224
Falcon-512_run25,active,10.790671,5.3975,0.587537,3.17123,32.955607
Falcon-512_run25,active,10.803405,5.39875,0.568226,3.067712,32.994673
Falcon-512_run25,active,10.816148,5.39875,0.537294,2.900716,33.031636
Falcon-512_run25,active,10.828918,5.395,0.571802,3.084874,33.071031
Falcon-512_run25,active,10.841667,5.39625,0.586285,3.163742,33.111365
Falcon-512_run25,active,10.854428,5.3975,0.568584,3.068932,33.150526
Falcon-512_run25,active,10.867167,5.39125,0.56179,3.028748,33.189111
Falcon-512_run25,active,10.879904,5.3975,0.58253,3.144208,33.229159
Falcon-512_run25,active,10.892642,5.39625,0.56018,3.022873,33.267664
Falcon-512_run25,active,10.905378,5.39625,0.549452,2.964983,33.305425
Falcon-512_run25,active,10.918112,5.39625,0.588073,3.17339,33.345835
Falcon-512_run25,active,10.930851,5.3975,0.57216,3.088234,33.385178
Falcon-512_run25,active,10.943622,5.39625,0.544088,2.936037,33.422672
Falcon-512_run25,active,10.956359,5.39625,0.586822,3.166636,33.463008
Falcon-512_run25,active,10.969094,5.39625,0.568226,3.066292,33.502055
Falcon-512_run25,active,10.981829,5.3975,0.56018,3.023574,33.54056
Falcon-512_run25,active,10.994562,5.3975,0.586464,3.165439,33.580867
Falcon-512_run25,active,11.007296,5.39375,0.551062,2.972289,33.618715
Falcon-512_run25,active,11.02003,5.39625,0.587,3.167601,33.659053
Falcon-512_run25,active,11.032771,5.395,0.562684,3.035678,33.69773
Falcon-512_run25,active,11.045512,5.3975,0.580742,3.134557,33.737666
Falcon-512_run25,active,11.058248,5.39625,0.561074,3.027698,33.776229
Falcon-512_run25,active,11.070983,5.39625,0.558214,3.01226,33.814588
Falcon-512_run25,active,11.083718,5.3975,0.585749,3.161579,33.85485
Falcon-512_run25,active,11.096451,5.39625,0.571445,3.083659,33.894117
Falcon-512_run25,active,11.109185,5.3975,0.566438,3.057351,33.933048
Falcon-512_run25,active,11.121919,5.39625,0.587179,3.168566,33.973396
Falcon-512_run25,active,11.13466,5.39625,0.535506,2.889724,34.010216
Falcon-512_run25,active,11.1474,5.3975,0.5364,2.895219,34.0471
Falcon-512_run25,active,11.160136,5.39625,0.538367,2.905162,34.0841
Falcon-512_run25,active,11.172902,5.39625,0.586822,3.166636,34.124526
Falcon-512_run25,active,11.185638,5.39875,0.555353,2.998211,34.162709
Falcon-512_run25,active,11.198373,5.3975,0.548201,2.958914,34.200392
Falcon-512_run25,active,11.211107,5.39625,0.58557,3.159882,34.24063
Falcon-512_run25,active,11.223841,5.3975,0.559823,3.021644,34.279108
Falcon-512_run25,active,11.236581,5.3975,0.588073,3.174125,34.319546
Falcon-512_run25,active,11.249319,5.395,0.563399,3.039537,34.358262
Falcon-512_run25,active,11.262055,5.4,0.586106,3.164975,34.398573
Falcon-512_run25,active,11.27479,5.39875,0.585749,3.162311,34.438843
Falcon-512_run25,active,11.287524,5.40125,0.545876,2.948415,34.476389
Falcon-512_run25,active,11.300259,5.3975,0.593437,3.203077,34.51718
Falcon-512_run25,active,11.312991,5.39875,0.566617,3.059025,34.556129
Falcon-512_run25,active,11.325736,5.395,0.560002,3.021209,34.594634
Falcon-512_run25,active,11.338523,5.39625,0.532466,2.873322,34.631374
Falcon-512_run25,active,11.351288,5.39625,0.587358,3.169531,34.671835
Falcon-512_run25,active,11.36407,5.3975,0.5364,2.895219,34.708842
Falcon-512_run25,active,11.376817,5.4,0.544982,2.942905,34.746355
Falcon-512_run25,active,11.389558,5.3975,0.586643,3.166405,34.786699
Falcon-512_run25,active,11.402299,5.3975,0.570014,3.076653,34.825896
Falcon-512_run25,active,11.415034,5.3975,0.571445,3.084373,34.865176
Falcon-512_run25,active,11.427772,5.3975,0.587358,3.170265,34.905558
Falcon-512_run25,active,11.440515,5.39625,0.586643,3.165671,34.9459
Falcon-512_run25,active,11.453255,5.39625,0.577703,3.117429,34.985614
Falcon-512_run25,active,11.465991,5.39375,0.586643,3.164205,35.025914
Falcon-512_run25,active,11.478726,5.39625,0.571981,3.086554,35.065221
Falcon-512_run25,active,11.494258,5.3975,0.561968,3.033224,35.112334
Falcon-512_run25,active,11.507018,5.39875,0.592901,3.200923,35.153178
Falcon-512_run25,active,11.519757,5.3975,0.573054,3.093059,35.19258
Falcon-512_run25,active,11.532493,5.39625,0.560717,3.025768,35.231118
Falcon-512_run25,active,11.545237,5.39875,0.543373,2.933536,35.268502
Falcon-512_run25,active,11.55798,5.39625,0.583603,3.149269,35.308634
Falcon-512_run25,active,11.570717,5.39625,0.558929,3.01612,35.34705
Falcon-512_run25,active,11.583453,5.3975,0.562505,3.03612,35.385715
Falcon-512_run25,active,11.596188,5.3975,0.585749,3.161579,35.425979
Falcon-512_run25,active,11.608927,5.3975,0.568763,3.069897,35.465086
Falcon-512_run25,active,11.621662,5.3975,0.559823,3.021644,35.503569
Falcon-512_run25,active,11.634397,5.39625,0.532645,2.874287,35.540172
Falcon-512_run25,active,11.647139,5.39375,0.585928,3.160347,35.580439
Falcon-512_run25,active,11.659877,5.39625,0.56912,3.071116,35.61956
Falcon-512_run25,active,11.67261,5.395,0.571445,3.082945,35.658817
Falcon-512_run25,active,11.685345,5.3975,0.586643,3.166405,35.699139
Falcon-512_run25,active,11.69808,5.3975,0.568226,3.067002,35.738197
Falcon-512_run25,active,11.710815,5.39625,0.561253,3.028663,35.776767
Falcon-512_run25,active,11.723549,5.4,0.548558,2.962215,35.814488
Falcon-512_run25,active,11.736287,5.39375,0.538724,2.905745,35.851501
Falcon-512_run25,active,11.74903,5.39875,0.588073,3.17486,35.891958
Falcon-512_run25,active,11.761769,5.39625,0.587179,3.168566,35.932324
Falcon-512_run25,active,11.774505,5.3975,0.572339,3.089199,35.971667
Falcon-512_run25,active,11.78724,5.395,0.560359,3.023138,36.010168
Falcon-512_run25,active,11.799976,5.39875,0.535864,2.892994,36.047013
Falcon-512_run25,active,11.812711,5.39875,0.588073,3.17486,36.087445
Falcon-512_run25,active,11.825444,5.395,0.565723,3.052077,36.126308
Falcon-512_run25,active,11.838228,5.39625,0.559465,3.019014,36.164903
Falcon-512_run25,active,11.850982,5.39875,0.542479,2.92871,36.202254
Falcon-512_run25,active,11.863749,5.39625,0.586106,3.162777,36.242635
Falcon-512_run25,active,11.876488,5.395,0.566081,3.054006,36.281538
Falcon-512_run25,active,11.889224,5.39625,0.567511,3.062432,36.320541
Falcon-512_run25,active,11.901958,5.395,0.546949,2.950791,36.358118
Falcon-512_run25,active,11.914695,5.39625,0.549989,2.967877,36.395921
Falcon-512_run25,active,11.927431,5.3975,0.540155,2.915486,36.43305
Falcon-512_run25,active,11.940165,5.3975,0.587,3.168335,36.473397
Falcon-512_run25,active,11.952943,5.39625,0.575557,3.105851,36.513082
Falcon-512_run25,active,11.965682,5.39625,0.553744,2.988139,36.551149
Falcon-512_run25,active,11.978416,5.3975,0.587716,3.172195,36.591544
Falcon-512_run25,active,11.99115,5.395,0.57216,3.086803,36.63085
Falcon-512_run25,active,12.003883,5.39875,0.568405,3.068678,36.669926
Falcon-512_run25,active,12.01662,5.39625,0.535327,2.888759,36.706718
Falcon-512_run25,active,12.029354,5.39875,0.585928,3.163277,36.747001
Falcon-512_run25,active,12.042088,5.3975,0.56018,3.023574,36.785503
Falcon-512_run25,active,12.054827,5.3975,0.560359,3.024539,36.824033
Falcon-512_run25,active,12.067595,5.39625,0.588252,3.174355,36.86456
Falcon-512_run25,active,12.080333,5.39375,0.569299,3.070658,36.903675
Falcon-512_run25,active,12.093065,5.39875,0.587,3.169068,36.944024
Falcon-512_run25,active,12.1058,5.3975,0.582173,3.142278,36.98404
Falcon-512_run25,active,12.118533,5.3975,0.536221,2.894254,37.020894
Falcon-512_run25,active,12.131266,5.39625,0.588073,3.17339,37.061302
Falcon-512_run25,active,12.144001,5.395,0.583782,3.149504,37.101409
Falcon-512_run25,active,12.156742,5.39875,0.574484,3.101498,37.140925
Falcon-512_run25,active,12.169507,5.395,0.567332,3.060758,37.179995
Falcon-512_run25,active,12.182244,5.3975,0.56018,3.023574,37.218508
Falcon-512_run25,active,12.194977,5.39875,0.527639,2.84859,37.254779
Falcon-512_run25,active,12.207712,5.3975,0.587179,3.1693,37.295138
Falcon-512_run25,active,12.220446,5.39875,0.572339,3.089914,37.334485
Falcon-512_run25,active,12.233179,5.39625,0.586822,3.166636,37.374808
Falcon-512_run25,active,12.245914,5.39,0.559644,3.016481,37.413221
Falcon-512_run25,active,12.258706,5.39625,0.587,3.167601,37.453742
Falcon-512_run25,active,12.271445,5.39375,0.575378,3.103447,37.493276
Falcon-512_run25,active,12.284184,5.39875,0.586106,3.164242,37.533585
Falcon-512_run25,active,12.296926,5.4,0.562326,3.03656,37.572279
Falcon-512_run25,active,12.309659,5.39625,0.532109,2.871392,37.608839
Falcon-512_run25,active,12.322396,5.39625,0.586822,3.166636,37.649173
Falcon-512_run25,active,12.335131,5.39375,0.587179,3.167098,37.689506
Falcon-512_run25,active,12.347922,5.3825,0.567332,3.053667,37.728566
Falcon-512_run25,active,12.360839,5.39625,0.573233,3.093307,37.768521
Falcon-512_run25,active,12.373652,5.3875,0.586643,3.160538,37.809017
Falcon-512_run25,active,12.386116,5.385,0.562326,3.028126,37.846761
Falcon-512_run25,active,12.398557,5.385,0.562147,3.027163,37.88442
Falcon-512_run25,active,12.411022,5.38875,0.528533,2.848131,37.919925
Falcon-512_run25,active,12.423676,5.38625,0.571445,3.077945,37.958871
Falcon-512_run25,active,12.436226,5.3875,0.573412,3.089255,37.997641
Falcon-512_run25,active,12.448669,5.37875,0.574484,3.090008,38.03609
Falcon-512_run25,active,12.461122,5.3775,0.587358,3.158518,38.075423
Falcon-512_run25,active,12.473575,5.3975,0.567154,3.061212,38.113544
Falcon-512_run25,active,12.486319,5.39875,0.578597,3.123699,38.153355
Falcon-512_run25,active,12.49906,5.3925,0.548558,2.958101,38.191043
Falcon-512_run25,active,12.511819,5.39,0.587,3.163932,38.231412
Falcon-512_run25,active,12.524575,5.3975,0.558392,3.013923,38.269857
Falcon-512_run25,active,12.537313,5.39875,0.544088,2.937397,38.307272
Falcon-512_run25,active,12.55005,5.39125,0.585749,3.157918,38.347497
Falcon-512_run25,active,12.562788,5.39625,0.53497,2.88683,38.38427
Falcon-512_run25,active,12.575533,5.39625,0.587358,3.169531,38.424663
Falcon-512_run25,active,12.58827,5.39625,0.568405,3.067257,38.46373
Falcon-512_run25,active,12.601004,5.39625,0.56322,3.039276,38.502433
Falcon-512_run25,active,12.613739,5.39875,0.572875,3.09281,38.54182
Falcon-512_run25,active,12.626474,5.40125,0.560538,3.027606,38.580377
Falcon-512_run25,active,12.63921,5.3975,0.588073,3.174125,38.620803
Falcon-512_run25,active,12.651947,5.39375,0.561253,3.027259,38.65936
Falcon-512_run25,active,12.664688,5.39625,0.587358,3.169531,38.699745
Falcon-512_run25,active,12.677429,5.39625,0.569299,3.072081,38.738886
Falcon-512_run25,active,12.690168,5.39625,0.577166,3.114534,38.77856
Falcon-512_run25,active,12.702902,5.3975,0.587358,3.170265,38.818931
Falcon-512_run25,active,12.715641,5.38875,0.557856,3.006147,38.857227
Falcon-512_run25,active,12.728374,5.3975,0.543194,2.931892,38.894558
Falcon-512_run25,active,12.741107,5.39625,0.585928,3.161812,38.934819
Falcon-512_run25,active,12.753841,5.3925,0.566975,3.057412,38.973752
Falcon-512_run25,active,12.769408,5.39625,0.571624,3.084624,39.02177
Falcon-512_run25,active,12.782173,5.39625,0.587716,3.17146,39.062255
Falcon-512_run25,active,12.794914,5.40125,0.539261,2.912682,39.099364
Falcon-512_run25,active,12.807652,5.39625,0.587894,3.172425,39.139776
Falcon-512_run25,active,12.820386,5.39625,0.573769,3.096202,39.179202
Falcon-512_run25,active,12.833123,5.3975,0.57967,3.128767,39.219051
Falcon-512_run25,active,12.845872,5.39125,0.569478,3.070198,39.258194
Falcon-512_run25,active,12.858631,5.38875,0.558571,3.010001,39.296597
Falcon-512_run25,active,12.871382,5.39625,0.538724,2.907092,39.333667
Falcon-512_run25,active,12.884125,5.3975,0.586822,3.16737,39.374029
Falcon-512_run25,active,12.896864,5.39625,0.559108,3.017084,39.412462
Falcon-512_run25,active,12.9096,5.3975,0.571802,3.086303,39.451771
Falcon-512_run25,active,12.922335,5.39875,0.588073,3.17486,39.492203
Falcon-512_run25,active,12.935069,5.3975,0.559108,3.017783,39.53063
Falcon-512_run25,active,12.947803,5.39875,0.586643,3.167138,39.570963
Falcon-512_run25,active,12.960539,5.38125,0.568584,3.059693,39.609929
Falcon-512_run25,active,12.973279,5.39875,0.561432,3.031031,39.648545
Falcon-512_run25,active,12.986019,5.39625,0.531215,2.866568,39.685065
Falcon-512_run25,active,12.998752,5.39875,0.587,3.169068,39.725418
Falcon-512_run25,active,13.011486,5.39875,0.561432,3.031031,39.764013
Falcon-512_run25,active,13.024222,5.39875,0.584318,3.154589,39.804192
Falcon-512_run25,active,13.036956,5.3975,0.546413,2.949263,39.841747
Falcon-512_run25,active,13.049692,5.39625,0.585928,3.161812,39.882016
Falcon-512_run25,active,13.062427,5.39375,0.58861,3.174813,39.922447
Falcon-512_run25,active,13.075171,5.39625,0.568226,3.066292,39.961525
Falcon-512_run25,active,13.087913,5.3975,0.579848,3.129732,40.001404
Falcon-512_run25,active,13.100649,5.39625,0.587179,3.168566,40.041759
Falcon-512_run25,active,13.113384,5.3975,0.586822,3.16737,40.082095
Falcon-512_run25,active,13.126119,5.3975,0.57216,3.088234,40.121424
Falcon-512_run25,active,13.138855,5.3975,0.587358,3.170265,40.161799
Falcon-512_run25,active,13.151627,5.39625,0.5305,2.862708,40.198363
Falcon-512_run25,active,13.164365,5.3925,0.553207,2.98317,40.236363
Falcon-512_run25,active,13.177106,5.3975,0.58414,3.152893,40.276533
Falcon-512_run25,active,13.189846,5.3975,0.586106,3.163509,40.316835
Falcon-512_run25,active,13.202581,5.39375,0.566617,3.056192,40.355755
Falcon-512_run25,active,13.215316,5.39375,0.572696,3.088981,40.395094
Falcon-512_run25,active,13.228053,5.39875,0.532824,2.876584,40.431733
Falcon-512_run25,active,13.240787,5.3975,0.551777,2.978215,40.469659
Falcon-512_run25,active,13.253522,5.3925,0.586643,3.163471,40.509945
Falcon-512_run25,active,13.266258,5.39375,0.558571,3.012793,40.548316
Falcon-512_run25,active,13.278997,5.395,0.52889,2.853364,40.584666
Falcon-512_run25,active,13.291739,5.3975,0.538367,2.905835,40.621691
Falcon-512_run25,active,13.304475,5.39625,0.587,3.167601,40.662034
Falcon-512_run25,active,13.317209,5.40125,0.568048,3.068167,40.701104
Falcon-512_run25,active,13.329944,5.39625,0.572339,3.088483,40.740436
Falcon-512_run25,active,13.342679,5.3975,0.56018,3.023574,40.778939
Falcon-512_run25,active,13.355914,5.39,0.569299,3.068523,40.819552
Falcon-512_run25,active,13.368658,5.39125,0.580564,3.129964,40.859441
Falcon-512_run25,active,13.381406,5.395,0.566081,3.054006,40.898374
Falcon-512_run25,active,13.394152,5.3975,0.56018,3.023574,40.93691
Falcon-512_run25,active,13.40689,5.39875,0.536221,2.894924,40.973787
Falcon-512_run25,active,13.419629,5.39625,0.587537,3.170495,41.014174
Falcon-512_run25,active,13.432361,5.3975,0.536579,2.896184,41.051049
Falcon-512_run25,active,13.445097,5.4,0.533003,2.878215,41.087706
Falcon-512_run25,active,13.457831,5.39625,0.586285,3.163742,41.127994
Falcon-512_run25,active,13.470565,5.39125,0.567511,3.059595,41.166956
Falcon-512_run25,active,13.483306,5.39625,0.54981,2.966912,41.204758
Falcon-512_run25,active,13.496046,5.39375,0.530321,2.860418,41.241199
Falcon-512_run25,active,13.508781,5.3975,0.56626,3.056386,41.28012
Falcon-512_run25,active,13.521515,5.3975,0.586643,3.166405,41.320441
Falcon-512_run25,active,13.53425,5.3975,0.558929,3.016818,41.358861
Falcon-512_run25,active,13.546985,5.395,0.563399,3.039537,41.397569
Falcon-512_run25,active,13.559719,5.39625,0.583067,3.146374,41.437635
Falcon-512_run25,active,13.572453,5.3975,0.560002,3.022609,41.476127
Falcon-512_run25,active,13.585197,5.39625,0.533182,2.877181,41.512792
Falcon-512_run25,active,13.597937,5.3975,0.587,3.168335,41.553158
Falcon-512_run25,active,13.610672,5.39625,0.535148,2.887795,41.589932
Falcon-512_run25,active,13.623406,5.3975,0.586822,3.16737,41.630267
Falcon-512_run25,active,13.63614,5.39625,0.567511,3.062432,41.669265
Falcon-512_run25,active,13.648907,5.39625,0.572339,3.088483,41.708695
Falcon-512_run25,active,13.661642,5.395,0.562505,3.034713,41.747342
Falcon-512_run25,active,13.674376,5.39875,0.541406,2.922918,41.784563
Falcon-512_run25,active,13.687117,5.39625,0.585749,3.160847,41.824836
Falcon-512_run25,active,13.699856,5.39875,0.558571,3.015586,41.863251
Falcon-512_run25,active,13.712592,5.3975,0.587716,3.172195,41.903651
Falcon-512_run25,active,13.725324,5.39375,0.56322,3.037868,41.94233
Falcon-512_run25,active,13.73806,5.3975,0.532288,2.873022,41.978921
Falcon-512_run25,active,13.750796,5.39875,0.585749,3.162311,42.019194
Falcon-512_run25,active,13.76353,5.3975,0.568226,3.067002,42.05825
Falcon-512_run25,active,13.776265,5.4,0.561968,3.034629,42.096896
Falcon-512_run25,active,13.789007,5.39625,0.586285,3.163742,42.137208
Falcon-512_run25,active,13.801747,5.39625,0.587179,3.168566,42.177575
Falcon-512_run25,active,13.814481,5.405,0.571624,3.089626,42.216919
Falcon-512_run25,active,13.827215,5.39875,0.58253,3.144936,42.256967
Falcon-512_run25,active,13.839951,5.39625,0.576451,3.110675,42.296583
Falcon-512_run25,active,13.852696,5.39625,0.586643,3.165671,42.336932
Falcon-512_run25,active,13.865461,5.39625,0.567511,3.062432,42.376023
Falcon-512_run25,active,13.878238,5.39625,0.558571,3.01419,42.414536
Falcon-512_run25,active,13.890991,5.39625,0.588431,3.17532,42.455031
Falcon-512_run25,active,13.903734,5.39625,0.570014,3.07594,42.494227
Falcon-512_run25,active,13.91647,5.39375,0.574127,3.096696,42.533667
Falcon-512_run25,active,13.929205,5.3975,0.53783,2.90294,42.570636
Falcon-512_run25,active,13.941941,5.3975,0.587537,3.17123,42.611023
Falcon-512_run25,active,13.954678,5.3925,0.578776,3.121047,42.650778
Falcon-512_run25,active,13.967414,5.3975,0.578597,3.122976,42.69055
Falcon-512_run25,active,13.980149,5.3975,0.573769,3.096919,42.729991
Falcon-512_run25,active,13.992919,5.39625,0.586822,3.166636,42.77043
Falcon-512_run25,active,14.005659,5.395,0.56626,3.054971,42.809349
Falcon-512_run25,active,14.018397,5.39625,0.560359,3.023838,42.847866
Falcon-512_run25,active,14.031132,5.39875,0.571087,3.083157,42.88713
Falcon-512_run25,active,14.046577,5.3975,0.587537,3.17123,42.936109
Falcon-512_run25,active,14.059332,5.39625,0.563041,3.038311,42.974862
Falcon-512_run25,active,14.072072,5.3975,0.544267,2.937682,43.01229
Falcon-512_run25,active,14.084807,5.3875,0.589325,3.174987,43.052724
Falcon-512_run25,active,14.097549,5.39625,0.561253,3.028663,43.091316
Falcon-512_run25,active,14.11029,5.395,0.533003,2.87555,43.127953
Falcon-512_run25,active,14.123027,5.39625,0.569657,3.074011,43.167105
Falcon-512_run25,active,14.135763,5.39625,0.585749,3.160847,43.207362
Falcon-512_run25,active,14.148499,5.39625,0.558929,3.01612,43.245774
Falcon-512_run25,active,14.161234,5.3975,0.545876,2.946368,43.283297
Falcon-512_run25,active,14.173971,5.3975,0.587537,3.17123,43.323689
Falcon-512_run25,active,14.186705,5.3975,0.570014,3.076653,43.362867
Falcon-512_run25,active,14.199445,5.39875,0.562862,3.038753,43.40158
Falcon-512_run25,active,14.212186,5.39875,0.530321,2.863069,43.438058
Falcon-512_run25,active,14.224921,5.39625,0.586643,3.165671,43.478375
Falcon-512_run25,active,14.237656,5.39625,0.587894,3.172425,43.518775
Falcon-512_run25,active,14.25039,5.39625,0.571266,3.082694,43.558029
Falcon-512_run25,active,14.263123,5.39625,0.586643,3.165671,43.59834
Falcon-512_run25,active,14.275859,5.3975,0.587,3.168335,43.638689
Falcon-512_run25,active,14.288593,5.3975,0.567332,3.062177,43.677685
Falcon-512_run25,active,14.30134,5.39875,0.586285,3.165207,43.718032
Falcon-512_run25,active,14.314079,5.39875,0.573948,3.098602,43.757505
Falcon-512_run25,active,14.326815,5.39625,0.561968,3.032522,43.796126
Falcon-512_run25,active,14.339548,5.39625,0.583424,3.148304,43.836213
Falcon-512_run25,active,14.352309,5.3975,0.57806,3.120081,43.876029
Falcon-512_run25,active,14.365087,5.39375,0.576451,3.109234,43.915758
Falcon-512_run25,active,14.377826,5.3975,0.580027,3.130697,43.955642
Falcon-512_run25,active,14.390564,5.38,0.566975,3.050324,43.994495
Falcon-512_run25,active,14.403307,5.4,0.572339,3.09063,44.033879
Falcon-512_run25,active,14.416047,5.3975,0.587537,3.17123,44.074282
Falcon-512_run25,active,14.428782,5.3975,0.586285,3.164474,44.11458
Falcon-512_run25,active,14.441516,5.39875,0.569657,3.075435,44.153742
Falcon-512_run25,active,14.454249,5.39625,0.56018,3.022873,44.192234
Falcon-512_run25,active,14.466986,5.3975,0.560002,3.022609,44.230731
Falcon-512_run25,active,14.479721,5.3975,0.589146,3.179916,44.27123
Falcon-512_run25,active,14.492456,5.39875,0.56018,3.024274,44.309744
Falcon-512_run25,active,14.505196,5.3975,0.583603,3.149998,44.349875
Falcon-512_run25,active,14.517936,5.395,0.572339,3.087768,44.389213
Falcon-512_run25,active,14.53067,5.3975,0.539976,2.91452,44.426325
Falcon-512_run25,active,14.543404,5.3975,0.582173,3.142278,44.46634
Falcon-512_run25,active,14.556139,5.39625,0.568942,3.070151,44.505438
Falcon-512_run25,active,14.568917,5.39625,0.558929,3.01612,44.543977
Falcon-512_run25,active,14.581655,5.39625,0.587358,3.169531,44.584353
Falcon-512_run25,active,14.59439,5.3975,0.563578,3.04191,44.623089
Falcon-512_run25,active,14.607129,5.39625,0.56179,3.031557,44.661709
Falcon-512_run25,active,14.619867,5.3975,0.536579,2.896184,44.698602
Falcon-512_run25,active,14.632601,5.3975,0.586643,3.166405,44.738921
Falcon-512_run25,active,14.645335,5.39375,0.548558,2.958787,44.776599
Falcon-512_run25,active,14.658068,5.395,0.587179,3.167832,44.816936
Falcon-512_run25,active,14.670801,5.39625,0.57216,3.087518,44.856249
Falcon-512_run25,active,14.683534,5.39625,0.585928,3.161812,44.896509
Falcon-512_run25,active,14.696269,5.39625,0.55124,2.974631,44.93439
Falcon-512_run25,active,14.709009,5.3975,0.586464,3.165439,44.974718
Falcon-512_run25,active,14.721749,5.3975,0.534433,2.884603,45.011468
Falcon-512_run25,active,14.734484,5.39625,0.584676,3.155058,45.051646
Falcon-512_run25,active,14.747217,5.39625,0.572339,3.088483,45.090973
Falcon-512_run25,active,14.759951,5.39625,0.559465,3.019014,45.129416
Falcon-512_run25,active,14.772684,5.3975,0.550525,2.97146,45.167254
Falcon-512_run25,active,14.785418,5.3975,0.588431,3.176055,45.207696
Falcon-512_run25,active,14.79815,5.39625,0.574127,3.098132,45.247142
Falcon-512_run25,active,14.810889,5.39625,0.587179,3.168566,45.287507
Falcon-512_run25,active,14.823631,5.39625,0.580385,3.131901,45.327414
Falcon-512_run25,active,14.836366,5.39625,0.546413,2.94858,45.364962
Falcon-512_run25,active,14.849115,5.39625,0.587179,3.168566,45.405357
Falcon-512_run25,active,14.861883,5.3975,0.581279,3.137452,45.445417
Falcon-512_run25,active,14.874624,5.39125,0.570908,3.07791,45.484635
Falcon-512_run25,active,14.887362,5.3975,0.532109,2.872057,45.521219
Falcon-512_run25,active,14.9001,5.39625,0.586822,3.166636,45.561554
Falcon-512_run25,active,14.912852,5.39625,0.571445,3.083659,45.600877
Falcon-512_run25,active,14.925589,5.3975,0.583961,3.151928,45.641023
Falcon-512_run25,active,14.938326,5.39625,0.575557,3.105851,45.680583
Falcon-512_run25,active,14.95106,5.3975,0.545519,2.944438,45.718077
Falcon-512_run25,active,14.963796,5.39125,0.592007,3.191657,45.758727
Falcon-512_run25,active,14.976532,5.39625,0.531215,2.866568,45.795234
Falcon-512_run25,active,14.989266,5.395,0.558214,3.011562,45.833584
Falcon-512_run25,active,15.002001,5.39625,0.583067,3.146374,45.873654
Falcon-512_run25,active,15.014742,5.40125,0.53336,2.880813,45.910357
Falcon-512_run25,active,15.02748,5.39875,0.564293,3.046476,45.949163
Falcon-512_run25,active,15.040217,5.3975,0.580921,3.135522,45.9891
Falcon-512_run25,active,15.05295,5.39875,0.532645,2.875618,46.025716
Falcon-512_run25,active,15.065683,5.39625,0.584676,3.155058,46.06589
Falcon-512_run25,active,15.078418,5.39625,0.550704,2.971736,46.103736
Falcon-512_run25,active,15.091153,5.3975,0.586106,3.163509,46.144023
Falcon-512_run25,active,15.103888,5.39625,0.578239,3.120323,46.18376
Falcon-512_run25,active,15.116629,5.3975,0.541585,2.923206,46.221005
Falcon-512_run25,active,15.129368,5.39875,0.586106,3.164242,46.261312
Falcon-512_run25,active,15.142102,5.39625,0.538009,2.903232,46.298283
Falcon-512_run25,active,15.154836,5.3975,0.584318,3.153859,46.338442
Falcon-512_run25,active,15.167608,5.3975,0.55875,3.015853,46.376963
Falcon-512_run25,active,15.180347,5.385,0.571981,3.080119,46.416199
Falcon-512_run25,active,15.193082,5.3975,0.586106,3.163509,46.456486
Falcon-512_run25,active,15.205816,5.3975,0.571624,3.085338,46.495777
Falcon-512_run25,active,15.21855,5.3975,0.589146,3.179916,46.536267
Falcon-512_run25,active,15.231283,5.39625,0.570908,3.080764,46.575497
Falcon-512_run25,active,15.244018,5.4,0.563399,3.042354,46.614239
Falcon-512_run25,active,15.256752,5.39875,0.568405,3.068678,46.653316
Falcon-512_run25,active,15.269517,5.3975,0.580385,3.132627,46.693305
Falcon-512_run25,active,15.282256,5.3975,0.535148,2.888463,46.730102
Falcon-512_run25,active,15.294991,5.39625,0.533182,2.877181,46.766742
Falcon-512_run25,active,15.307727,5.39875,0.586822,3.168103,46.80709
Falcon-512_run25,active,15.323192,5.39,0.56912,3.067559,46.854532
Falcon-512_run25,active,15.335951,5.395,0.586464,3.163973,46.894898
Falcon-512_run25,active,15.348711,5.3975,0.585749,3.161579,46.93524
Falcon-512_run25,active,15.361521,5.395,0.558214,3.011562,46.97382
Falcon-512_run25,active,15.374264,5.4,0.538724,2.909112,47.010892
Falcon-512_run25,active,15.387004,5.395,0.587716,3.170726,47.051286
Falcon-512_run25,active,15.399741,5.3975,0.557141,3.007167,47.089588
Falcon-512_run25,active,15.412476,5.39375,0.55571,2.997363,47.127758
Falcon-512_run25,active,15.42522,5.39625,0.582888,3.145409,47.167843
Falcon-512_run25,active,15.437961,5.3975,0.568942,3.070862,47.20697
Falcon-512_run25,active,15.450698,5.3975,0.580027,3.130697,47.246844
Falcon-512_run25,active,15.463432,5.3975,0.559823,3.021644,47.285323
Falcon-512_run25,active,15.476167,5.3975,0.587,3.168335,47.325673
Falcon-512_run25,active,15.488932,5.3975,0.551956,2.97918,47.363701
Falcon-512_run25,active,15.501667,5.3975,0.559286,3.018748,47.402144
Falcon-512_run25,active,15.5144,5.39625,0.580206,3.130937,47.442013
Falcon-512_run25,active,15.527142,5.39625,0.57967,3.128042,47.481869
Falcon-512_run25,active,15.539884,5.39875,0.556962,3.006899,47.520182
Falcon-512_run25,active,15.552619,5.3975,0.586285,3.164474,47.560483
Falcon-512_run25,active,15.565353,5.3975,0.568226,3.067002,47.599539
Falcon-512_run25,active,15.578088,5.39875,0.568763,3.070608,47.638643
Falcon-512_run25,active,15.590818,5.39375,0.580921,3.133344,47.678529
Falcon-512_run25,active,15.603555,5.38875,0.567332,3.057212,47.717469
Falcon-512_run25,active,15.616292,5.3925,0.571445,3.081516,47.756717
Falcon-512_run25,active,15.629033,5.38125,0.536042,2.884578,47.79347
Falcon-512_run25,active,15.641773,5.39625,0.566438,3.056643,47.832413
Falcon-512_run25,active,15.654509,5.39625,0.587179,3.168566,47.872766
Falcon-512_run25,active,15.667242,5.39875,0.563399,3.041649,47.911496
Falcon-512_run25,active,15.679977,5.39625,0.561968,3.032522,47.950115
Falcon-512_run25,active,15.692711,5.39875,0.586106,3.164242,47.990408
Falcon-512_run25,active,15.705444,5.39375,0.568584,3.0668,48.029459
Falcon-512_run25,active,15.718211,5.39625,0.553207,2.985244,48.067572
Falcon-512_run25,active,15.730951,5.3975,0.570908,3.081478,48.10683
Falcon-512_run25,active,15.743693,5.40375,0.586106,3.167172,48.147184
Falcon-512_run25,active,15.756428,5.39625,0.563756,3.04217,48.185929
Falcon-512_run25,active,15.769163,5.395,0.580742,3.133105,48.225827
Falcon-512_run25,active,15.781897,5.39625,0.558392,3.013225,48.264199
Falcon-512_run25,active,15.794633,5.39625,0.587,3.167601,48.304542
Falcon-512_run25,active,15.80737,5.3975,0.575378,3.105605,48.344095
Falcon-512_run25,active,15.820105,5.395,0.55875,3.014456,48.382485
Falcon-512_run25,active,15.832847,5.4,0.567511,3.06456,48.421535
Falcon-512_run25,active,15.845598,5.395,0.559108,3.016386,48.459995
Falcon-512_run25,active,15.858359,5.39625,0.566438,3.056643,48.499
Falcon-512_run25,active,15.871099,5.3975,0.586106,3.163509,48.539305
Falcon-512_run25,active,15.883838,5.4,0.563399,3.042354,48.578062
Falcon-512_run25,active,15.896575,5.39625,0.549452,2.964983,48.615827
Falcon-512_run25,active,15.909312,5.3975,0.587358,3.170265,48.656205
Falcon-512_run25,active,15.922049,5.3975,0.538009,2.903905,48.693192
Falcon-512_run25,active,15.9348,5.39625,0.526745,2.842447,48.729437
Falcon-512_run25,active,15.94754,5.39625,0.586464,3.164706,48.769756
Falcon-512_run25,active,15.960278,5.39625,0.574484,3.100061,48.809243
Falcon-512_run25,active,15.973013,5.3975,0.579491,3.127802,48.849077
Falcon-512_run25,active,15.985748,5.39875,0.559823,3.022343,48.887567
Falcon-512_run25,active,15.998485,5.39625,0.586106,3.162777,48.927851
Falcon-512_run25,active,16.011219,5.395,0.562505,3.034713,48.966496
Falcon-512_run25,active,16.023956,5.39625,0.557498,3.008401,49.004812
Falcon-512_run25,active,16.036698,5.3975,0.586285,3.164474,49.045134
Falcon-512_run25,active,16.049438,5.39625,0.568226,3.066292,49.084199
Falcon-512_run25,active,16.062181,5.395,0.556783,3.003845,49.122475
Falcon-512_run25,active,16.074919,5.3975,0.538724,2.907765,49.159515
Falcon-512_run25,active,16.087657,5.3975,0.540155,2.915486,49.196652
Falcon-512_run25,active,16.100391,5.395,0.587537,3.169761,49.237018
Falcon-512_run25,active,16.113125,5.39375,0.568584,3.0668,49.27607
Falcon-512_run25,active,16.125861,5.3975,0.531572,2.869162,49.312613
Falcon-512_run25,active,16.138604,5.39875,0.59004,3.185478,49.353202
Falcon-512_run25,active,16.151346,5.3975,0.56769,3.064107,49.392245
Falcon-512_run25,active,16.164083,5.395,0.539797,2.912206,49.429339
Falcon-512_run25,active,16.17682,5.3975,0.528533,2.852756,49.465674
Falcon-512_run25,active,16.189554,5.39625,0.586106,3.162777,49.50595
Falcon-512_run25,active,16.202289,5.39875,0.563399,3.041649,49.544685
Falcon-512_run25,active,16.215024,5.39875,0.536936,2.898785,49.581601
Falcon-512_run25,active,16.22776,5.3975,0.56465,3.047701,49.620416
Falcon-512_run25,active,16.2405,5.395,0.587,3.166867,49.660763
Falcon-512_run25,active,16.253263,5.3975,0.571981,3.087269,49.700165
Falcon-512_run25,active,16.266002,5.395,0.559465,3.018315,49.738617
Falcon-512_run25,active,16.278739,5.39625,0.587,3.167601,49.778962
Falcon-512_run25,active,16.29148,5.39625,0.533539,2.879111,49.815643
Falcon-512_run25,active,16.304218,5.40625,0.587,3.173471,49.856069
Falcon-512_run25,active,16.316969,5.39125,0.583067,3.143459,49.896149
Falcon-512_run25,active,16.329704,5.39625,0.565187,3.049889,49.934992
Falcon-512_run25,active,16.342453,5.39375,0.587358,3.168062,49.97538
Falcon-512_run25,active,16.355256,5.39625,0.558929,3.01612,50.013996
Falcon-512_run25,active,16.368003,5.39875,0.559465,3.020413,50.052495
Falcon-512_run25,active,16.380741,5.40125,0.552492,2.984147,50.090509
Falcon-512_run25,active,16.393508,5.3975,0.587894,3.17316,50.13102
Falcon-512_run25,active,16.406244,5.3975,0.540691,2.918381,50.168189
Falcon-512_run25,active,16.418982,5.3975,0.568226,3.067002,50.207257
Falcon-512_run25,active,16.431718,5.39875,0.587716,3.17293,50.247665
Falcon-512_run25,active,16.444475,5.39625,0.56912,3.071116,50.286845
Falcon-512_run25,active,16.457217,5.39875,0.546592,2.950911,50.324445
Falcon-512_run25,active,16.469952,5.3975,0.587179,3.1693,50.364807
Falcon-512_run25,active,16.482688,5.395,0.57359,3.09452,50.40422
Falcon-512_run25,active,16.495423,5.3975,0.587358,3.170265,50.44459
Falcon-512_run25,active,16.508161,5.3975,0.561253,3.029364,50.483181
Falcon-512_run25,active,16.520931,5.395,0.547307,2.95272,50.520887
Falcon-512_run25,active,16.533667,5.39625,0.585034,3.156988,50.561093
Falcon-512_run25,active,16.546418,5.39125,0.573054,3.089477,50.600487
Falcon-512_run25,active,16.559155,5.3975,0.538009,2.903905,50.637473
Falcon-512_run25,active,16.571891,5.39625,0.585391,3.158917,50.677705
Falcon-512_run25,active,16.584624,5.3975,0.563578,3.04191,50.716439
Falcon-512_run25,active,16.599939,5.39625,0.573412,3.094272,50.763829
Falcon-512_run25,active,16.612686,5.39125,0.548558,2.957415,50.801526
Falcon-512_run25,active,16.625424,5.39625,0.585391,3.158917,50.841765
Falcon-512_run25,active,16.638157,5.39875,0.570014,3.077365,50.880947
Falcon-512_run25,active,16.65091,5.3975,0.55875,3.015853,50.919408
Falcon-512_run25,active,16.663651,5.39375,0.587358,3.168062,50.959774
Falcon-512_run25,active,16.676385,5.3975,0.568405,3.067967,50.998841
Falcon-512_run25,active,16.689118,5.3975,0.560359,3.024539,51.037353
Falcon-512_run25,active,16.701851,5.3975,0.571981,3.087269,51.076662
Falcon-512_run25,active,16.714584,5.39625,0.566796,3.058573,51.115607
Falcon-512_run25,active,16.727317,5.39625,0.580385,3.131901,51.155486
Falcon-512_run25,active,16.740052,5.3975,0.557141,3.007167,51.193783
Falcon-512_run25,active,16.752793,5.3975,0.583961,3.151928,51.233942
Falcon-512_run25,active,16.765532,5.3975,0.566975,3.060246,51.272925
Falcon-512_run25,active,16.778267,5.39625,0.557498,3.008401,51.311237
Falcon-512_run25,active,16.791001,5.39625,0.586822,3.166636,51.351562
Falcon-512_run25,active,16.803736,5.4,0.567332,3.063595,51.390577
Falcon-512_run25,active,16.816471,5.40375,0.57359,3.099539,51.430051
Falcon-512_run25,active,16.829204,5.3975,0.551598,2.97725,51.46796
Falcon-512_run25,active,16.841937,5.3975,0.534254,2.883638,51.504677
Falcon-512_run25,active,16.854691,5.3975,0.58557,3.160614,51.544985
Falcon-512_run25,active,16.867453,5.39625,0.571087,3.081729,51.584317
Falcon-512_run25,active,16.880193,5.39625,0.587894,3.172425,51.624733
Falcon-512_run25,active,16.892931,5.39875,0.566438,3.058059,51.663685
Falcon-512_run25,active,16.905667,5.3975,0.557677,3.010063,51.702022
Falcon-512_run25,active,16.918404,5.39625,0.58861,3.176285,51.742478
Falcon-512_run25,active,16.931139,5.3975,0.577524,3.117186,51.782176
Falcon-512_run25,active,16.943876,5.39625,0.537473,2.900338,51.819116
Falcon-512_run25,active,16.956619,5.39375,0.587,3.166133,51.859463
Falcon-512_run25,active,16.96936,5.3975,0.588431,3.176055,51.899931
Falcon-512_run25,active,16.982097,5.39875,0.59147,3.193201,51.9406
Falcon-512_run25,active,16.99483,5.3975,0.57216,3.088234,51.979924
Falcon-512_run25,active,17.007597,5.3975,0.562505,3.03612,52.018687
Falcon-512_run25,active,17.020335,5.39625,0.590398,3.185933,52.059268
Falcon-512_run25,active,17.033069,5.39875,0.56769,3.064816,52.098296
Falcon-512_run25,active,17.045804,5.395,0.56018,3.022173,52.136783
Falcon-512_run25,active,17.058546,5.39,0.587,3.163932,52.177097
Falcon-512_run25,active,17.071285,5.3875,0.587,3.162465,52.217385
Falcon-512_run25,active,17.084021,5.3975,0.567869,3.065072,52.256421
Falcon-512_run25,active,17.096755,5.39625,0.579848,3.129007,52.296267
Falcon-512_run25,active,17.109516,5.39625,0.557141,3.006471,52.334632
Falcon-512_run25,active,17.122256,5.39875,0.586643,3.167138,52.37498
Falcon-512_run25,active,17.13499,5.395,0.562505,3.034713,52.413626
Falcon-512_run25,active,17.147725,5.3975,0.545161,2.942508,52.451098
Falcon-512_run25,active,17.160468,5.38875,0.567511,3.058176,52.490068
Falcon-512_run25,active,17.173206,5.395,0.587894,3.17169,52.530471
Falcon-512_run25,active,17.185942,5.395,0.579491,3.126353,52.570285
Falcon-512_run25,active,17.198676,5.39625,0.586285,3.163742,52.610572
Falcon-512_run25,active,17.21141,5.39875,0.567154,3.06192,52.649564
Falcon-512_run25,active,17.224145,5.39875,0.56018,3.024274,52.688079
Falcon-512_run25,active,17.236907,5.39625,0.588788,3.177249,52.728625
Falcon-512_run25,active,17.249643,5.39625,0.565544,3.051819,52.767493
Falcon-512_run25,active,17.262376,5.385,0.588431,3.1687,52.807841
Falcon-512_run25,active,17.275127,5.39375,0.588788,3.175777,52.848336
Falcon-512_run25,active,17.287872,5.39375,0.527818,2.846916,52.88462
Falcon-512_run25,active,17.300611,5.3975,0.541049,2.920311,52.921822
Falcon-512_run25,active,17.313348,5.39125,0.587894,3.169486,52.96219
Falcon-512_run25,active,17.326084,5.39875,0.545519,2.94512,52.999699
Falcon-512_run25,active,17.338819,5.39625,0.588788,3.177249,53.040161
Falcon-512_run25,active,17.351578,5.39875,0.541228,2.921953,53.077443
Falcon-512_run25,active,17.364365,5.39125,0.58557,3.156954,53.117811
Falcon-512_run25,active,17.377108,5.39625,0.568405,3.067257,53.156899
Falcon-512_run25,active,17.389844,5.39875,0.578954,3.12563,53.196706
Falcon-512_run25,active,17.402578,5.3975,0.554459,2.992691,53.234814
Falcon-512_run25,active,17.415312,5.39625,0.529784,2.858849,53.271218
Falcon-512_run25,active,17.428047,5.3975,0.564829,3.048666,53.310044
Falcon-512_run25,active,17.440781,5.3975,0.572339,3.089199,53.349382
Falcon-512_run25,active,17.453515,5.39625,0.549274,2.964018,53.387125
Falcon-512_run25,active,17.466254,5.3925,0.587894,3.170221,53.427512
Falcon-512_run25,active,17.478992,5.39625,0.570014,3.07594,53.466692
Falcon-512_run25,active,17.491726,5.3975,0.564472,3.046735,53.505491
Falcon-512_run25,active,17.504462,5.39625,0.564114,3.0441,53.54426
Falcon-512_run25,active,17.517204,5.39625,0.567511,3.062432,53.58328
Falcon-512_run25,active,17.529937,5.39625,0.56018,3.022873,53.621771
Falcon-512_run25,active,17.54267,5.39625,0.589861,3.183039,53.662301
Falcon-512_run25,active,17.555403,5.4,0.572875,3.093526,53.701689
Falcon-512_run25,active,17.568144,5.39125,0.56465,3.044171,53.740475
Falcon-512_run25,active,17.58093,5.39625,0.534076,2.882005,53.777325
Falcon-512_run25,active,17.593665,5.39625,0.572518,3.089448,53.816669
Falcon-512_run25,active,17.606393,5.3975,0.558392,3.013923,53.85503
Falcon-512_run25,active,17.619127,5.38875,0.586643,3.161271,53.895287
Falcon-512_run25,active,17.631878,5.39,0.566438,3.053103,53.934216
Falcon-512_run25,active,17.644644,5.3975,0.561611,3.031294,53.972913
Falcon-512_run25,active,17.657377,5.3975,0.575915,3.1085,54.012493
Falcon-512_run25,active,17.670122,5.38875,0.586285,3.159344,54.05276
Falcon-512_run25,active,17.682861,5.3925,0.562684,3.034271,54.091415
Falcon-512_run25,active,17.69563,5.39625,0.588073,3.17339,54.131935
Falcon-512_run25,active,17.708367,5.395,0.571802,3.084874,54.171227
Falcon-512_run25,active,17.721102,5.39875,0.563399,3.041649,54.209961
Falcon-512_run25,active,17.733835,5.39875,0.538188,2.905542,54.24696
Falcon-512_run25,active,17.74657,5.3975,0.587179,3.1693,54.287318
Falcon-512_run25,active,17.759302,5.39875,0.575021,3.104394,54.326846
Falcon-512_run25,active,17.772046,5.38375,0.529427,2.850302,54.363168
Falcon-512_run25,active,17.78479,5.39875,0.571445,3.085088,54.402485
Falcon-512_run25,active,17.797523,5.3975,0.585391,3.159649,54.442718
Falcon-512_run25,active,17.810259,5.395,0.574663,3.100308,54.482202
Falcon-512_run25,active,17.822992,5.39375,0.533003,2.874884,54.518809
Falcon-512_run25,active,17.835725,5.395,0.587179,3.167832,54.559144
Falcon-512_run25,active,17.848472,5.39625,0.562505,3.035417,54.597837
Falcon-512_run25,active,17.861233,5.4,0.586464,3.166906,54.63825
Falcon-512_run25,active,17.876749,5.3875,0.576988,3.108521,54.686482
Falcon-512_run25,active,17.88951,5.395,0.575736,3.106096,54.726119
Falcon-512_run25,active,17.902249,5.39625,0.536579,2.895513,54.763006
Falcon-512_run25,active,17.914987,5.3975,0.586464,3.165439,54.803325
Falcon-512_run25,active,17.927724,5.3975,0.574306,3.099814,54.842809
Falcon-512_run25,active,17.940461,5.39625,0.562147,3.033487,54.881447
Falcon-512_run25,active,17.953197,5.39875,0.533182,2.878514,54.918106
Falcon-512_run25,active,17.965934,5.39625,0.586643,3.165671,54.958429
Falcon-512_run25,active,17.978671,5.37875,0.552671,2.972678,54.996292
Falcon-512_run25,active,17.991417,5.4025,0.586822,3.170304,55.036699
Falcon-512_run25,active,18.004153,5.39625,0.571266,3.082694,55.075959
Falcon-512_run25,active,18.016918,5.395,0.563935,3.04243,55.114798
Falcon-512_run25,active,18.029654,5.39625,0.559465,3.019014,55.153246
Falcon-512_run25,active,18.042387,5.40375,0.543194,2.935287,55.190622
Falcon-512_run25,active,18.055121,5.3975,0.568584,3.068932,55.229703
Falcon-512_run25,active,18.067858,5.39125,0.562862,3.034532,55.268352
Falcon-512_run25,active,18.080599,5.39125,0.548022,2.954524,55.305996
Falcon-512_run25,active,18.093337,5.39625,0.586643,3.165671,55.346321
Falcon-512_run25,active,18.106072,5.39625,0.587,3.167601,55.386659
Falcon-512_run25,active,18.118806,5.39625,0.570014,3.07594,55.425829
Falcon-512_run25,active,18.13154,5.39625,0.544088,2.936037,55.463217
Falcon-512_run25,active,18.144273,5.39625,0.567511,3.062432,55.502212
Falcon-512_run25,active,18.157005,5.39625,0.580385,3.131901,55.542087
Falcon-512_run25,active,18.169739,5.3975,0.57359,3.095954,55.581511
Falcon-512_run25,active,18.18248,5.38625,0.538367,2.899778,55.618457
Falcon-512_run25,active,18.195231,5.39625,0.538724,2.907092,55.655524
Falcon-512_run25,active,18.207971,5.395,0.567511,3.061723,55.694532
Falcon-512_run25,active,18.220708,5.39625,0.572875,3.091378,55.733904
Falcon-512_run25,active,18.233449,5.39625,0.561253,3.028663,55.772494
Falcon-512_run25,active,18.246236,5.395,0.533003,2.87555,55.809264
Falcon-512_run25,active,18.258972,5.39625,0.572696,3.090413,55.848624
Falcon-512_run25,active,18.271708,5.39625,0.588431,3.17532,55.889065
Falcon-512_run25,active,18.284449,5.39,0.587358,3.16586,55.929401
Falcon-512_run25,active,18.297217,5.395,0.587179,3.167832,55.969845
Falcon-512_run25,active,18.309964,5.38375,0.561253,3.021647,56.008363
Falcon-512_run25,active,18.322702,5.39625,0.561968,3.032522,56.046993
Falcon-512_run25,active,18.335439,5.3975,0.558035,3.011993,56.085356
Falcon-512_run25,active,18.348201,5.3975,0.587,3.168335,56.12579
Falcon-512_run25,active,18.36098,5.39875,0.571087,3.083157,56.165189
Falcon-512_run25,active,18.37372,5.3975,0.539797,2.913555,56.202307
Falcon-512_run25,active,18.386466,5.39125,0.568226,3.063451,56.241357
Falcon-512_run25,active,18.399211,5.39875,0.587,3.169068,56.281744
Falcon-512_run25,active,18.411972,5.38625,0.536042,2.887258,56.31859
Falcon-512_run25,active,18.424798,5.39625,0.534612,2.8849,56.35559
Falcon-512_run25,active,18.43755,5.39375,0.585749,3.159383,56.395879
Falcon-512_run25,active,18.450288,5.3975,0.568942,3.070862,56.434997
Falcon-512_run25,active,18.463026,5.395,0.543731,2.933428,56.472363
Falcon-512_run25,active,18.475767,5.39625,0.566796,3.058573,56.511332
Falcon-512_run25,active,18.488512,5.39125,0.585212,3.155026,56.551542
Falcon-512_run25,active,18.501253,5.40125,0.557141,3.009257,56.589883
Falcon-512_run25,active,18.51399,5.395,0.586464,3.163973,56.630183
Falcon-512_run25,active,18.526725,5.39875,0.568942,3.071573,56.669299
Falcon-512_run25,active,18.53946,5.39625,0.586643,3.165671,56.709613
Falcon-512_run25,active,18.552196,5.39625,0.574306,3.099097,56.749084
Falcon-512_run25,active,18.564932,5.39625,0.535327,2.888759,56.785875
Falcon-512_run25,active,18.577668,5.39625,0.587,3.167601,56.826217
Falcon-512_run25,active,18.590409,5.39625,0.566975,3.059538,56.8652
Falcon-512_run25,active,18.603149,5.39625,0.532645,2.874287,56.901818
Falcon-512_run25,active,18.615883,5.39625,0.586643,3.165671,56.942131
Falcon-512_run25,active,18.628621,5.39625,0.587179,3.168566,56.98249
Falcon-512_run25,active,18.641357,5.3975,0.587,3.168335,57.022843
Falcon-512_run25,active,18.654093,5.39625,0.574127,3.098132,57.062301
Falcon-512_run25,active,18.666829,5.39625,0.56322,3.039276,57.101009
Falcon-512_run25,active,18.679601,5.3975,0.532109,2.872057,57.137691
Falcon-512_run25,active,18.692347,5.4,0.572696,3.092561,57.177108
Falcon-512_run25,active,18.705088,5.39625,0.587537,3.170495,57.217504
Falcon-512_run25,active,18.717824,5.39625,0.536042,2.892619,57.254345
Falcon-512_run25,active,18.730559,5.39625,0.586643,3.165671,57.294657
Falcon-512_run25,active,18.743291,5.39625,0.566975,3.059538,57.333613
Falcon-512_run25,active,18.756026,5.3975,0.55875,3.015853,57.372019
Falcon-512_run25,active,18.768761,5.3975,0.529784,2.859511,57.408436
Falcon-512_run25,active,18.781495,5.40125,0.551419,2.978353,57.446361
Falcon-512_run25,active,18.794238,5.39625,0.588431,3.17532,57.486823
Falcon-512_run25,active,18.806978,5.39875,0.558571,3.015586,57.525242
Falcon-512_run25,active,18.819712,5.3975,0.532466,2.873987,57.561841
Falcon-512_run25,active,18.832446,5.3975,0.544267,2.937682,57.59925
Falcon-512_run25,active,18.84518,5.3975,0.585391,3.159649,57.639484
Falcon-512_run25,active,18.857928,5.3975,0.569299,3.072792,57.678655
Falcon-512_run25,active,18.87069,5.3975,0.587894,3.17316,57.719152
Falcon-512_run25,active,18.883429,5.39625,0.54391,2.935072,57.756541
Falcon-512_run25,active,18.896175,5.39875,0.568584,3.069643,57.795668
Falcon-512_run25,active,18.908966,5.39625,0.563399,3.040241,57.834554
Falcon-512_run25,active,18.921705,5.39625,0.524778,2.831833,57.870629
Falcon-512_run25,active,18.934439,5.3975,0.568942,3.070862,57.909734
Falcon-512_run25,active,18.947174,5.39625,0.580564,3.132866,57.949633
Falcon-512_run25,active,18.959911,5.39625,0.570014,3.07594,57.988809
Falcon-512_run25,active,18.972647,5.39625,0.548916,2.962088,58.026536
Falcon-512_run25,active,18.985382,5.40125,0.586106,3.165707,58.06685
Falcon-512_run25,active,18.998125,5.39625,0.573769,3.096202,58.106305
Falcon-512_run25,active,19.01087,5.3975,0.59004,3.184741,58.146894
Falcon-512_run25,active,19.023628,5.39625,0.567869,3.064362,58.18599
Falcon-512_run25,active,19.036364,5.39875,0.586106,3.164242,58.22629
Falcon-512_run25,active,19.049098,5.39625,0.54838,2.959193,58.263971
Falcon-512_run25,active,19.061835,5.395,0.587716,3.170726,58.304357
Falcon-512_run25,active,19.07457,5.3975,0.567511,3.063142,58.343366
Falcon-512_run25,active,19.087303,5.39875,0.588788,3.178721,58.383841
Falcon-512_run25,active,19.100046,5.39875,0.568048,3.066747,58.42292
Falcon-512_run25,active,19.112784,5.39875,0.566975,3.060955,58.46191
Falcon-512_run25,active,19.125519,5.3975,0.557677,3.010063,58.500243
Falcon-512_run25,active,19.138253,5.3975,0.589146,3.179916,58.540736
Falcon-512_run25,active,19.153762,5.3975,0.544625,2.939612,58.586328
Falcon-512_run25,active,19.166517,5.3975,0.568584,3.068932,58.625473
Falcon-512_run25,active,19.179255,5.39625,0.587537,3.170495,58.665856
Falcon-512_run25,active,19.19199,5.39625,0.57359,3.095237,58.705275
Falcon-512_run25,active,19.20473,5.39625,0.562862,3.037346,58.743972
Falcon-512_run25,active,19.217495,5.395,0.588073,3.172655,58.784471
Falcon-512_run25,active,19.230249,5.39125,0.558929,3.013325,58.822903
Falcon-512_run25,active,19.242985,5.39625,0.558392,3.013225,58.861279
Falcon-512_run25,active,19.25573,5.3975,0.546949,2.952158,58.898904
Falcon-512_run25,active,19.268464,5.39875,0.586285,3.165207,58.939211
Falcon-512_run25,active,19.281201,5.39625,0.531751,2.869462,58.975757
Falcon-512_run25,active,19.293936,5.3975,0.586643,3.166405,59.016083
Falcon-512_run25,active,19.306678,5.39625,0.561968,3.032522,59.054721
Falcon-512_run25,active,19.319418,5.39875,0.553028,2.985662,59.092759
Falcon-512_run25,active,19.332155,5.39625,0.563935,3.043135,59.131522
Falcon-512_run25,active,19.344956,5.3925,0.57073,3.077659,59.170918
Falcon-512_run25,active,19.357737,5.39625,0.545876,2.945686,59.208565
Falcon-512_run25,active,19.370481,5.3975,0.54677,2.951193,59.246175
Falcon-512_run25,active,19.383217,5.39625,0.588252,3.174355,59.286606
Falcon-512_run25,active,19.395954,5.3975,0.560717,3.026469,59.325154
Falcon-512_run25,active,19.408702,5.39625,0.586464,3.164706,59.365497
Falcon-512_run25,active,19.421448,5.39875,0.559108,3.018482,59.403971
Falcon-512_run25,active,19.434214,5.3975,0.543016,2.930927,59.441386
Falcon-512_run25,active,19.446951,5.39375,0.587179,3.167098,59.481726
Falcon-512_run25,active,19.459689,5.3925,0.574127,3.095979,59.521162
Falcon-512_run25,active,19.472424,5.40125,0.529784,2.861498,59.557605
Falcon-512_run25,active,19.485159,5.39625,0.587537,3.170495,59.597981
Falcon-512_run25,active,19.497894,5.3975,0.581815,3.140348,59.637973
Falcon-512_run25,active,19.510636,5.395,0.566081,3.054006,59.676887
Falcon-512_run25,active,19.523376,5.3975,0.53944,2.911625,59.713981
Falcon-512_run25,active,19.536113,5.39625,0.542837,2.929283,59.751292
Falcon-512_run25,active,19.548847,5.3975,0.567154,3.061212,59.790272
Falcon-512_run25,active,19.561582,5.3975,0.588788,3.177985,59.830744
Falcon-512_run25,active,19.574317,5.39875,0.563041,3.039719,59.869456
Falcon-512_run25,active,19.587052,5.39625,0.588431,3.17532,59.909891
Falcon-512_run25,active,19.599787,5.3925,0.570014,3.073803,59.949037
Falcon-512_run25,active,19.612528,5.39625,0.553922,2.989104,59.987122
Falcon-512_run25,active,19.625268,5.3975,0.586643,3.166405,60.027461
Falcon-512_run25,active,19.638004,5.39625,0.586285,3.163742,60.067755
Falcon-512_run25,active,19.650739,5.39625,0.548558,2.960158,60.105451
Falcon-512_run25,active,19.663473,5.3975,0.545876,2.946368,60.142973
Falcon-512_run25,active,19.676209,5.39375,0.586643,3.164205,60.183272
Falcon-512_run25,active,19.688945,5.3975,0.580385,3.132627,60.223169
Falcon-512_run25,active,19.70168,5.39625,0.565544,3.051819,60.262033
Falcon-512_run25,active,19.71442,5.3975,0.587,3.168335,60.302396
Falcon-512_run25,active,19.727158,5.3975,0.531572,2.869162,60.338944
Falcon-512_run25,active,19.739895,5.39625,0.543194,2.931213,60.376279
Falcon-512_run25,active,19.752629,5.3975,0.564114,3.044805,60.415051
Falcon-512_run25,active,19.765363,5.39625,0.56018,3.022873,60.453544
Falcon-512_run25,active,19.778098,5.39875,0.588073,3.17486,60.493978
Falcon-512_run25,active,19.790832,5.3975,0.566081,3.055421,60.532885
Falcon-512_run25,active,19.803604,5.39875,0.586285,3.165207,60.573311
Falcon-512_run25,active,19.81635,5.3975,0.563041,3.039015,60.612045
Falcon-512_run25,active,19.829091,5.39625,0.547307,2.953404,60.649676
Falcon-512_run25,active,19.841827,5.39625,0.585391,3.158917,60.689909
Falcon-512_run25,active,19.854575,5.395,0.568226,3.065581,60.728986
Falcon-512_run25,active,19.867339,5.39625,0.586643,3.165671,60.769393
Falcon-512_run25,active,19.880083,5.39625,0.547486,2.954369,60.807044
Falcon-512_run25,idle_post,19.892928,5.3975,0.440206,2.37601,60.807079
Falcon-512_run25,idle_post,19.905688,5.39625,0.436093,2.353268,60.837107
Falcon-512_run25,idle_post,19.918433,5.395,0.437702,2.361404,60.867203
Falcon-512_run25,idle_post,19.93117,5.3975,0.438775,2.368289,60.897368
Falcon-512_run25,idle_post,19.943908,5.3975,0.437881,2.363464,60.927474
Falcon-512_run25,idle_post,19.956645,5.39625,0.437881,2.362916,60.95757
Falcon-512_run25,idle_post,19.969376,5.39625,0.437881,2.362916,60.987654
Falcon-512_run25,idle_post,19.982108,5.39875,0.437702,2.363046,61.01774
Falcon-512_run25,idle_post,19.994838,5.3975,0.437345,2.360569,61.04779
Falcon-512_run25,idle_post,20.00761,5.3975,0.437702,2.362499,61.077963
Falcon-512_run25,idle_post,20.020349,5.4025,0.439669,2.375313,61.108223
Falcon-512_run25,idle_post,20.033087,5.3975,0.442172,2.386626,61.138624
Falcon-512_run25,idle_post,20.045816,5.3975,0.435557,2.350918,61.168549
Falcon-512_run25,idle_post,20.058544,5.3975,0.437702,2.362499,61.198618
Falcon-512_run25,idle_post,20.071272,5.39625,0.435736,2.351338,61.228545
Falcon-512_run25,idle_post,20.084001,5.3975,0.438596,2.367324,61.258681
Falcon-512_run25,idle_post,20.09673,5.3975,0.437881,2.363464,61.288764
Falcon-512_run25,idle_post,20.109457,5.3975,0.437881,2.363464,61.318844
Falcon-512_run25,idle_post,20.122222,5.3975,0.438775,2.368289,61.349075
Falcon-512_run25,idle_post,20.134952,5.39625,0.437881,2.362916,61.379154
Falcon-512_run25,idle_post,20.147683,5.3975,0.437881,2.363464,61.409245
Falcon-512_run25,idle_post,20.16041,5.3975,0.435378,2.349953,61.439152
Falcon-512_run25,idle_post,20.173138,5.395,0.437524,2.36044,61.469195
Falcon-512_run25,idle_post,20.185866,5.39625,0.437881,2.362916,61.499272
Falcon-512_run25,idle_post,20.198595,5.39625,0.437702,2.361952,61.529337
Falcon-512_run25,idle_post,20.211322,5.4,0.437881,2.364558,61.559429
Falcon-512_run25,idle_post,20.224057,5.395,0.453437,2.446292,61.590583
Falcon-512_run25,idle_post,20.236788,5.3975,0.437881,2.363464,61.620673
Falcon-512_run25,idle_post,20.249537,5.3975,0.435557,2.350918,61.650645
Falcon-512_run25,idle_post,20.262271,5.395,0.437702,2.361404,61.680715
Falcon-512_run25,idle_post,20.275,5.395,0.437702,2.361404,61.710773
Falcon-512_run25,idle_post,20.287734,5.39625,0.437702,2.361952,61.74085
Falcon-512_run25,idle_post,20.300462,5.39875,0.43949,2.372699,61.771051
Falcon-512_run25,idle_post,20.313191,5.3975,0.437524,2.361534,61.801109
Falcon-512_run25,idle_post,20.325926,5.39875,0.437702,2.363046,61.831204
Falcon-512_run25,idle_post,20.338658,5.3975,0.437166,2.359603,61.861245
Falcon-512_run25,idle_post,20.351407,5.39625,0.43806,2.363881,61.891384
Falcon-512_run25,idle_post,20.364181,5.395,0.437702,2.361404,61.921549
Falcon-512_run25,idle_post,20.376967,5.39625,0.437881,2.362916,61.951759
Falcon-512_run25,idle_post,20.389699,5.39625,0.440206,2.375459,61.982003
Falcon-512_run25,idle_post,20.402426,5.39625,0.437345,2.360022,62.012041
Falcon-512_run25,idle_post,20.415152,5.39625,0.436987,2.358092,62.042049
Falcon-512_run25,idle_post,20.430656,5.4025,0.437345,2.362755,62.078681
Falcon-512_run25,idle_post,20.443403,5.38875,0.437345,2.356742,62.108723
Falcon-512_run25,idle_post,20.455834,5.3875,0.440206,2.371608,62.138205
Falcon-512_run25,idle_post,20.46826,5.38875,0.437345,2.356742,62.167488
Falcon-512_run25,idle_post,20.480684,5.39,0.437345,2.357288,62.196775
Falcon-512_run25,idle_post,20.493109,5.3875,0.437345,2.356195,62.226051
Falcon-512_run25,idle_post,20.505533,5.38875,0.437524,2.357705,62.255345
Falcon-512_run25,idle_post,20.517957,5.3875,0.437702,2.358122,62.28464
