run_id,phase,time_s,voltage_v,current_a,power_w,energy_j
Falcon-512_run21,active,0.00061,5.39625,0.583246,3.147339,3.7e-05
Falcon-512_run21,active,0.013537,5.39625,0.57216,3.087518,0.03995
Falcon-512_run21,active,0.026325,5.39875,0.558035,3.01269,0.078475
Falcon-512_run21,active,0.039083,5.3975,0.56465,3.047701,0.117359
Falcon-512_run21,active,0.051833,5.3975,0.575557,3.10657,0.156967
Falcon-512_run21,active,0.064581,5.3975,0.562862,3.03805,0.195697
Falcon-512_run21,active,0.077327,5.3975,0.54677,2.951193,0.233312
Falcon-512_run21,active,0.090069,5.39625,0.531036,2.865603,0.269826
Falcon-512_run21,active,0.102834,5.39875,0.586643,3.167138,0.310256
Falcon-512_run21,active,0.115582,5.39875,0.571266,3.084122,0.34957
Falcon-512_run21,active,0.128329,5.39625,0.552492,2.981385,0.387575
Falcon-512_run21,active,0.141077,5.395,0.541943,2.923781,0.424848
Falcon-512_run21,active,0.15382,5.39625,0.585928,3.161812,0.465138
Falcon-512_run21,active,0.166562,5.39625,0.53783,2.902267,0.502119
Falcon-512_run21,active,0.179304,5.3975,0.59004,3.184741,0.542699
Falcon-512_run21,active,0.192044,5.395,0.558929,3.015421,0.581116
Falcon-512_run21,active,0.204783,5.3975,0.587,3.168335,0.621478
Falcon-512_run21,active,0.217526,5.39875,0.567869,3.065782,0.660544
Falcon-512_run21,active,0.230273,5.39625,0.570193,3.076905,0.699765
Falcon-512_run21,active,0.243021,5.39625,0.585928,3.161812,0.740073
Falcon-512_run21,active,0.255761,5.3975,0.553386,2.986901,0.778126
Falcon-512_run21,active,0.2685,5.39625,0.585749,3.160847,0.818391
Falcon-512_run21,active,0.281241,5.38875,0.585391,3.154527,0.858582
Falcon-512_run21,active,0.294,5.39625,0.536936,2.897443,0.89555
Falcon-512_run21,active,0.306743,5.39625,0.539261,2.909986,0.932634
Falcon-512_run21,active,0.31949,5.4,0.588073,3.175595,0.973113
Falcon-512_run21,active,0.332238,5.395,0.559286,3.01735,1.011577
Falcon-512_run21,active,0.344985,5.3875,0.586285,3.158612,1.05184
Falcon-512_run21,active,0.357747,5.395,0.571445,3.082945,1.091186
Falcon-512_run21,active,0.37049,5.39625,0.579133,3.125148,1.131008
Falcon-512_run21,active,0.383235,5.3975,0.567511,3.063142,1.170048
Falcon-512_run21,active,0.395975,5.3975,0.558035,3.011993,1.208422
Falcon-512_run21,active,0.408714,5.3975,0.548916,2.962774,1.246165
Falcon-512_run21,active,0.421455,5.3975,0.557677,3.010063,1.284516
Falcon-512_run21,active,0.434204,5.39625,0.583961,3.151198,1.324689
Falcon-512_run21,active,0.44695,5.39625,0.586285,3.163742,1.365014
Falcon-512_run21,active,0.459698,5.39875,0.57359,3.096671,1.404491
Falcon-512_run21,active,0.472433,5.39625,0.529606,2.857884,1.440887
Falcon-512_run21,active,0.485172,5.39625,0.586285,3.163742,1.48119
Falcon-512_run21,active,0.497911,5.39625,0.586643,3.165671,1.521518
Falcon-512_run21,active,0.51065,5.3975,0.554101,2.990761,1.559616
Falcon-512_run21,active,0.523393,5.395,0.584318,3.152398,1.599788
Falcon-512_run21,active,0.53614,5.3975,0.569299,3.072792,1.638957
Falcon-512_run21,active,0.548884,5.3975,0.561432,3.030329,1.677576
Falcon-512_run21,active,0.561625,5.3975,0.587537,3.17123,1.717978
Falcon-512_run21,active,0.574364,5.3975,0.568763,3.069897,1.757087
Falcon-512_run21,active,0.587105,5.3975,0.561611,3.031294,1.79571
Falcon-512_run21,active,0.599843,5.3975,0.587,3.168335,1.836065
Falcon-512_run21,active,0.612582,5.3975,0.568226,3.067002,1.875137
Falcon-512_run21,active,0.62532,5.3975,0.575021,3.103675,1.914672
Falcon-512_run21,active,0.638064,5.39625,0.572875,3.091378,1.954069
Falcon-512_run21,active,0.650847,5.395,0.567869,3.063652,1.993231
Falcon-512_run21,active,0.663592,5.3975,0.570193,3.077618,2.032455
Falcon-512_run21,active,0.67634,5.395,0.562147,3.032784,2.071116
Falcon-512_run21,active,0.689121,5.39625,0.587,3.167601,2.111603
Falcon-512_run21,active,0.701871,5.39625,0.548737,2.961123,2.149356
Falcon-512_run21,active,0.714613,5.39625,0.565544,3.051819,2.188244
Falcon-512_run21,active,0.72736,5.39625,0.586106,3.162777,2.228558
Falcon-512_run21,active,0.740136,5.39625,0.547843,2.956299,2.266328
Falcon-512_run21,active,0.752886,5.39625,0.568405,3.067257,2.305436
Falcon-512_run21,active,0.765629,5.39625,0.586285,3.163742,2.345752
Falcon-512_run21,active,0.77837,5.39875,0.565723,3.054198,2.384664
Falcon-512_run21,active,0.791112,5.39875,0.539618,2.913265,2.421785
Falcon-512_run21,active,0.803852,5.3975,0.586643,3.166405,2.462125
Falcon-512_run21,active,0.816591,5.39625,0.559108,3.017084,2.50056
Falcon-512_run21,active,0.829333,5.39625,0.541943,2.924459,2.537824
Falcon-512_run21,active,0.842078,5.3975,0.545519,2.944438,2.575352
Falcon-512_run21,active,0.854825,5.38375,0.586643,3.158338,2.61561
Falcon-512_run21,active,0.867573,5.39875,0.564293,3.046476,2.654446
Falcon-512_run21,active,0.88031,5.395,0.549095,2.962366,2.692179
Falcon-512_run21,active,0.89305,5.3975,0.586285,3.164474,2.732493
Falcon-512_run21,active,0.905788,5.39625,0.569299,3.072081,2.771627
Falcon-512_run21,active,0.918528,5.3975,0.586285,3.164474,2.811941
Falcon-512_run21,active,0.931272,5.39625,0.556962,3.005506,2.850242
Falcon-512_run21,active,0.944017,5.39875,0.586285,3.165207,2.890585
Falcon-512_run21,active,0.956759,5.3825,0.568584,3.060403,2.929578
Falcon-512_run21,active,0.969503,5.39625,0.585212,3.157952,2.969823
Falcon-512_run21,active,0.982244,5.39625,0.556604,3.003576,3.008092
Falcon-512_run21,active,0.994985,5.39625,0.532645,2.874287,3.044715
Falcon-512_run21,active,1.007727,5.395,0.587537,3.169761,3.085103
Falcon-512_run21,active,1.020465,5.395,0.585749,3.160115,3.125357
Falcon-512_run21,active,1.033205,5.39875,0.536936,2.898785,3.162286
Falcon-512_run21,active,1.045951,5.3975,0.573233,3.094024,3.201723
Falcon-512_run21,active,1.058697,5.38125,0.581458,3.128969,3.241605
Falcon-512_run21,active,1.07144,5.40125,0.555353,2.999599,3.279828
Falcon-512_run21,active,1.084177,5.39625,0.586285,3.163742,3.320127
Falcon-512_run21,active,1.096916,5.39625,0.561253,3.028663,3.358709
Falcon-512_run21,active,1.109656,5.3975,0.527639,2.84793,3.39499
Falcon-512_run21,active,1.122406,5.3925,0.586822,3.164435,3.435336
Falcon-512_run21,active,1.135168,5.38875,0.552671,2.978205,3.473344
Falcon-512_run21,active,1.14792,5.3975,0.586464,3.165439,3.513711
Falcon-512_run21,active,1.160666,5.38375,0.557141,2.999507,3.551943
Falcon-512_run21,active,1.17345,5.39625,0.545876,2.945686,3.5896
Falcon-512_run21,active,1.186197,5.39625,0.548201,2.958229,3.62731
Falcon-512_run21,active,1.198941,5.39625,0.587894,3.172425,3.667738
Falcon-512_run21,active,1.211682,5.4,0.58557,3.162078,3.708026
Falcon-512_run21,active,1.224421,5.3975,0.587894,3.17316,3.748448
Falcon-512_run21,active,1.237161,5.39625,0.557856,3.01033,3.786801
Falcon-512_run21,active,1.249908,5.39875,0.586643,3.167138,3.827173
Falcon-512_run21,active,1.262653,5.37375,0.574127,3.085214,3.866494
Falcon-512_run21,active,1.277842,5.39875,0.564829,3.049372,3.912812
Falcon-512_run21,active,1.2906,5.39875,0.580742,3.135283,3.95281
Falcon-512_run21,active,1.303363,5.3875,0.559823,3.016045,3.991304
Falcon-512_run21,active,1.316142,5.39625,0.560717,3.025768,4.029971
Falcon-512_run21,active,1.328884,5.39625,0.578239,3.120323,4.06973
Falcon-512_run21,active,1.341627,5.39875,0.582352,3.143971,4.109792
Falcon-512_run21,active,1.354377,5.395,0.534791,2.885196,4.146579
Falcon-512_run21,active,1.367122,5.395,0.586106,3.162044,4.186881
Falcon-512_run21,active,1.379873,5.395,0.539618,2.911241,4.224
Falcon-512_run21,active,1.392615,5.395,0.570014,3.075228,4.263185
Falcon-512_run21,active,1.405356,5.3975,0.58557,3.160614,4.303456
Falcon-512_run21,active,1.418095,5.3975,0.57806,3.120081,4.343201
Falcon-512_run21,active,1.430833,5.39625,0.545519,2.943756,4.380698
Falcon-512_run21,active,1.44357,5.3975,0.572875,3.092094,4.420082
Falcon-512_run21,active,1.456316,5.39625,0.559286,3.018049,4.458551
Falcon-512_run21,active,1.469059,5.38375,0.587537,3.163151,4.498858
Falcon-512_run21,active,1.4818,5.395,0.58253,3.142752,4.5389
Falcon-512_run21,active,1.494539,5.39625,0.559286,3.018049,4.577347
Falcon-512_run21,active,1.50728,5.39875,0.587,3.169068,4.617726
Falcon-512_run21,active,1.520017,5.39875,0.562862,3.038753,4.65643
Falcon-512_run21,active,1.532756,5.39625,0.556247,3.001647,4.694667
Falcon-512_run21,active,1.545494,5.395,0.562505,3.034713,4.733323
Falcon-512_run21,active,1.558237,5.39875,0.586464,3.166173,4.773671
Falcon-512_run21,active,1.570983,5.38375,0.587537,3.163151,4.813988
Falcon-512_run21,active,1.583724,5.3975,0.566796,3.059281,4.852967
Falcon-512_run21,active,1.596461,5.39625,0.536936,2.897443,4.889872
Falcon-512_run21,active,1.609199,5.40125,0.558929,3.018914,4.928325
Falcon-512_run21,active,1.621937,5.39625,0.587179,3.168566,4.968688
Falcon-512_run21,active,1.634675,5.3975,0.573233,3.094024,5.008097
Falcon-512_run21,active,1.647413,5.3975,0.575557,3.10657,5.047671
Falcon-512_run21,active,1.660159,5.3925,0.542122,2.923391,5.084932
Falcon-512_run21,active,1.672902,5.3825,0.56912,3.063291,5.123968
Falcon-512_run21,active,1.685654,5.39625,0.536936,2.897443,5.160916
Falcon-512_run21,active,1.698426,5.395,0.540512,2.916064,5.19816
Falcon-512_run21,active,1.711173,5.39625,0.569836,3.074975,5.237357
Falcon-512_run21,active,1.723915,5.39375,0.586106,3.161311,5.277638
Falcon-512_run21,active,1.736655,5.39875,0.553922,2.990489,5.315738
Falcon-512_run21,active,1.749499,5.39625,0.586643,3.165671,5.356395
Falcon-512_run21,active,1.762248,5.3975,0.590219,3.185706,5.397011
Falcon-512_run21,active,1.774995,5.38375,0.558392,3.006245,5.435332
Falcon-512_run21,active,1.787735,5.39625,0.585749,3.160847,5.475602
Falcon-512_run21,active,1.800474,5.3975,0.56912,3.071827,5.514733
Falcon-512_run21,active,1.813214,5.3975,0.562147,3.03419,5.55339
Falcon-512_run21,active,1.825953,5.39875,0.532645,2.875618,5.590022
Falcon-512_run21,active,1.838694,5.3975,0.546949,2.952158,5.627633
Falcon-512_run21,active,1.851435,5.39625,0.586285,3.163742,5.667944
Falcon-512_run21,active,1.864179,5.395,0.579848,3.128282,5.70781
Falcon-512_run21,active,1.87692,5.3825,0.566081,3.04693,5.746632
Falcon-512_run21,active,1.889662,5.395,0.586106,3.162044,5.786922
Falcon-512_run21,active,1.902402,5.39875,0.56912,3.072539,5.826067
Falcon-512_run21,active,1.915145,5.3975,0.558214,3.012958,5.864461
Falcon-512_run21,active,1.927884,5.3975,0.586643,3.166405,5.904798
Falcon-512_run21,active,1.940624,5.39375,0.538188,2.902852,5.94178
Falcon-512_run21,active,1.953366,5.395,0.586106,3.162044,5.98207
Falcon-512_run21,active,1.96611,5.39875,0.55124,2.976009,6.019998
Falcon-512_run21,active,1.978857,5.39625,0.530857,2.864638,6.056513
Falcon-512_run21,active,1.991602,5.39625,0.587179,3.168566,6.096895
Falcon-512_run21,active,2.004339,5.39875,0.575915,3.10922,6.136496
Falcon-512_run21,active,2.017078,5.39625,0.53783,2.902267,6.17347
Falcon-512_run21,active,2.029817,5.3975,0.586822,3.16737,6.213817
Falcon-512_run21,active,2.042555,5.3975,0.567332,3.062177,6.252824
Falcon-512_run21,active,2.055296,5.3975,0.57967,3.128767,6.292687
Falcon-512_run21,active,2.068039,5.39625,0.541585,2.922529,6.329931
Falcon-512_run21,active,2.08078,5.39,0.585928,3.15815,6.370166
Falcon-512_run21,active,2.093518,5.39625,0.571624,3.084624,6.409461
Falcon-512_run21,active,2.106257,5.39625,0.585928,3.161812,6.449739
Falcon-512_run21,active,2.118998,5.39875,0.565187,3.051302,6.488615
Falcon-512_run21,active,2.131737,5.4,0.557141,3.00856,6.526941
Falcon-512_run21,active,2.144473,5.39875,0.586285,3.165207,6.567253
Falcon-512_run21,active,2.15721,5.39625,0.571981,3.086554,6.606567
Falcon-512_run21,active,2.169954,5.3975,0.555532,2.998482,6.644778
Falcon-512_run21,active,2.182695,5.39375,0.586106,3.161311,6.685058
Falcon-512_run21,active,2.195435,5.39625,0.556068,3.000682,6.723287
Falcon-512_run21,active,2.208171,5.3975,0.586285,3.164474,6.763589
Falcon-512_run21,active,2.220909,5.4,0.56018,3.024974,6.80212
Falcon-512_run21,active,2.233647,5.39625,0.586285,3.163742,6.842419
Falcon-512_run21,active,2.246384,5.3975,0.568584,3.068932,6.881511
Falcon-512_run21,active,2.259126,5.39875,0.570014,3.077365,6.92072
Falcon-512_run21,active,2.271867,5.39625,0.533003,2.876216,6.957367
Falcon-512_run21,active,2.284609,5.395,0.58557,3.15915,6.997621
Falcon-512_run21,active,2.29736,5.39625,0.571624,3.084624,7.036954
Falcon-512_run21,active,2.310099,5.39625,0.524778,2.831833,7.073027
Falcon-512_run21,active,2.322841,5.39625,0.585749,3.160847,7.113305
Falcon-512_run21,active,2.33558,5.3975,0.55124,2.97532,7.151206
Falcon-512_run21,active,2.348329,5.3975,0.586643,3.166405,7.191574
Falcon-512_run21,active,2.361098,5.4,0.553028,2.986353,7.229708
Falcon-512_run21,active,2.373851,5.39625,0.538367,2.905162,7.266758
Falcon-512_run21,active,2.386598,5.3975,0.585928,3.162544,7.307069
Falcon-512_run21,active,2.399339,5.39625,0.559286,3.018049,7.345522
Falcon-512_run21,active,2.412109,5.39625,0.585034,3.156988,7.385837
Falcon-512_run21,active,2.42485,5.39625,0.555532,2.997787,7.424033
Falcon-512_run21,active,2.43759,5.39875,0.549095,2.964426,7.4618
Falcon-512_run21,active,2.450329,5.3975,0.585391,3.159649,7.502048
Falcon-512_run21,active,2.463073,5.39625,0.570372,3.07787,7.541274
Falcon-512_run21,active,2.475818,5.39625,0.587179,3.168566,7.581658
Falcon-512_run21,active,2.488558,5.3975,0.550883,2.97339,7.619538
Falcon-512_run21,active,2.501298,5.3925,0.586106,3.160579,7.659804
Falcon-512_run21,active,2.514039,5.39625,0.570551,3.078835,7.69903
Falcon-512_run21,active,2.526812,5.39875,0.558571,3.015586,7.73755
Falcon-512_run21,active,2.539554,5.3975,0.559644,3.020678,7.77604
Falcon-512_run21,active,2.554974,5.3975,0.558929,3.016818,7.822559
Falcon-512_run21,active,2.567738,5.3975,0.586643,3.166405,7.862974
Falcon-512_run21,active,2.580488,5.39875,0.561611,3.031996,7.901631
Falcon-512_run21,active,2.593235,5.3975,0.529963,2.860476,7.938095
Falcon-512_run21,active,2.605975,5.39625,0.586464,3.164706,7.978413
Falcon-512_run21,active,2.618716,5.39625,0.533718,2.880076,8.015107
Falcon-512_run21,active,2.631456,5.39625,0.586106,3.162777,8.055402
Falcon-512_run21,active,2.644193,5.39625,0.541406,2.921564,8.092615
Falcon-512_run21,active,2.656938,5.395,0.548201,2.957543,8.130309
Falcon-512_run21,active,2.669678,5.3975,0.580921,3.135522,8.170255
Falcon-512_run21,active,2.682437,5.3975,0.575915,3.1085,8.209917
Falcon-512_run21,active,2.695211,5.39625,0.557856,3.01033,8.24837
Falcon-512_run21,active,2.707953,5.395,0.563935,3.04243,8.287138
Falcon-512_run21,active,2.720724,5.4,0.566796,3.060698,8.326226
Falcon-512_run21,active,2.733468,5.39625,0.538903,2.908056,8.363286
Falcon-512_run21,active,2.746207,5.3975,0.587,3.168335,8.403645
Falcon-512_run21,active,2.758949,5.39875,0.575557,3.107289,8.443239
Falcon-512_run21,active,2.77169,5.39875,0.587,3.169068,8.483616
Falcon-512_run21,active,2.784435,5.39625,0.571981,3.086554,8.522954
Falcon-512_run21,active,2.797177,5.39625,0.559823,3.020944,8.561449
Falcon-512_run21,active,2.809916,5.395,0.571445,3.082945,8.600723
Falcon-512_run21,active,2.822655,5.3975,0.585749,3.161579,8.640997
Falcon-512_run21,active,2.835397,5.39875,0.560359,3.025239,8.679545
Falcon-512_run21,active,2.848137,5.39625,0.568584,3.068221,8.718634
Falcon-512_run21,active,2.860875,5.3975,0.538724,2.907765,8.755674
Falcon-512_run21,active,2.873616,5.39625,0.53336,2.878146,8.792344
Falcon-512_run21,active,2.886362,5.39625,0.587,3.167601,8.832717
Falcon-512_run21,active,2.899108,5.39125,0.576451,3.107793,8.87233
Falcon-512_run21,active,2.911853,5.39625,0.540512,2.91674,8.909503
Falcon-512_run21,active,2.924595,5.3975,0.587716,3.172195,8.949924
Falcon-512_run21,active,2.937335,5.39875,0.587,3.169068,8.990298
Falcon-512_run21,active,2.950074,5.39375,0.536579,2.894172,9.027167
Falcon-512_run21,active,2.962839,5.3975,0.586643,3.166405,9.067586
Falcon-512_run21,active,2.975586,5.395,0.540512,2.916064,9.104756
Falcon-512_run21,active,2.988331,5.39625,0.555174,2.995858,9.142939
Falcon-512_run21,active,3.001074,5.39125,0.585391,3.15599,9.183155
Falcon-512_run21,active,3.013818,5.395,0.562326,3.033749,9.221817
Falcon-512_run21,active,3.026567,5.395,0.565544,3.051112,9.260715
Falcon-512_run21,active,3.039308,5.39875,0.562326,3.035857,9.299395
Falcon-512_run21,active,3.05205,5.39875,0.568942,3.071573,9.338534
Falcon-512_run21,active,3.064789,5.39625,0.586285,3.163742,9.378837
Falcon-512_run21,active,3.077531,5.3975,0.560002,3.022609,9.41735
Falcon-512_run21,active,3.090278,5.3975,0.548201,2.958914,9.455068
Falcon-512_run21,active,3.103026,5.39625,0.540512,2.91674,9.49225
Falcon-512_run21,active,3.115766,5.39625,0.546413,2.94858,9.529816
Falcon-512_run21,active,3.128507,5.39625,0.589861,3.183039,9.570369
Falcon-512_run21,active,3.141245,5.395,0.568226,3.065581,9.609421
Falcon-512_run21,active,3.153986,5.39625,0.528533,2.852095,9.645759
Falcon-512_run21,active,3.166719,5.39625,0.585928,3.161812,9.686017
Falcon-512_run21,active,3.179462,5.39625,0.572518,3.089448,9.725387
Falcon-512_run21,active,3.192207,5.3975,0.580564,3.133592,9.765325
Falcon-512_run21,active,3.204952,5.3975,0.56912,3.071827,9.804474
Falcon-512_run21,active,3.217692,5.3975,0.546413,2.949263,9.842049
Falcon-512_run21,active,3.230434,5.39875,0.534791,2.887202,9.878837
Falcon-512_run21,active,3.243177,5.39625,0.587537,3.170495,9.919238
Falcon-512_run21,active,3.255919,5.3975,0.556068,3.001377,9.957482
Falcon-512_run21,active,3.268658,5.3975,0.569299,3.072792,9.996627
Falcon-512_run21,active,3.28143,5.3975,0.578418,3.122011,10.036502
Falcon-512_run21,active,3.294208,5.3975,0.571981,3.087269,10.075951
Falcon-512_run21,active,3.306959,5.3975,0.586643,3.166405,10.116324
Falcon-512_run21,active,3.319701,5.38375,0.570193,3.069778,10.155441
Falcon-512_run21,active,3.33244,5.39625,0.558392,3.013225,10.193825
Falcon-512_run21,active,3.345179,5.39625,0.579133,3.125148,10.233638
Falcon-512_run21,active,3.357918,5.3975,0.544267,2.937682,10.27106
Falcon-512_run21,active,3.370658,5.40125,0.587894,3.175365,10.311514
Falcon-512_run21,active,3.383401,5.39625,0.567332,3.061467,10.350526
Falcon-512_run21,active,3.396149,5.39625,0.527639,2.847271,10.386823
Falcon-512_run21,active,3.408893,5.395,0.586285,3.163009,10.427133
Falcon-512_run21,active,3.421628,5.38625,0.558571,3.008604,10.465448
Falcon-512_run21,active,3.434377,5.38875,0.556247,2.997475,10.503662
Falcon-512_run21,active,3.447116,5.395,0.547307,2.95272,10.541276
Falcon-512_run21,active,3.459856,5.39875,0.583782,3.151693,10.581428
Falcon-512_run21,active,3.472593,5.3975,0.558929,3.016818,10.619856
Falcon-512_run21,active,3.485337,5.3975,0.553565,2.987866,10.657933
Falcon-512_run21,active,3.498083,5.3975,0.588073,3.174125,10.698388
Falcon-512_run21,active,3.510826,5.4,0.568584,3.070354,10.737514
Falcon-512_run21,active,3.523571,5.3975,0.585928,3.162544,10.777821
Falcon-512_run21,active,3.536312,5.39625,0.558035,3.011295,10.816188
Falcon-512_run21,active,3.54905,5.3975,0.589682,3.182811,10.856729
Falcon-512_run21,active,3.561787,5.3975,0.562862,3.03805,10.895426
Falcon-512_run21,active,3.574525,5.3975,0.555353,2.997517,10.933608
Falcon-512_run21,active,3.587267,5.39625,0.586643,3.165671,10.973946
Falcon-512_run21,active,3.600012,5.3975,0.57073,3.080513,11.013206
Falcon-512_run21,active,3.612752,5.3975,0.562147,3.03419,11.051862
Falcon-512_run21,active,3.625491,5.3975,0.587,3.168335,11.092225
Falcon-512_run21,active,3.638229,5.3975,0.57806,3.120081,11.131968
Falcon-512_run21,active,3.650968,5.39625,0.559108,3.017084,11.170403
Falcon-512_run21,active,3.663707,5.39625,0.549989,2.967877,11.208209
Falcon-512_run21,active,3.676444,5.39625,0.567332,3.061467,11.247203
Falcon-512_run21,active,3.689191,5.39625,0.587894,3.172425,11.287642
Falcon-512_run21,active,3.701951,5.39625,0.570551,3.078835,11.326929
Falcon-512_run21,active,3.714697,5.3975,0.586285,3.164474,11.367262
Falcon-512_run21,active,3.72744,5.39625,0.587,3.167601,11.407628
Falcon-512_run21,active,3.740181,5.395,0.571802,3.084874,11.446932
Falcon-512_run21,active,3.752919,5.39625,0.536042,2.892619,11.483779
Falcon-512_run21,active,3.765657,5.39625,0.558929,3.01612,11.522199
Falcon-512_run21,active,3.778397,5.3975,0.588252,3.17509,11.562648
Falcon-512_run21,active,3.791139,5.39875,0.585928,3.163277,11.602954
Falcon-512_run21,active,3.803882,5.3975,0.586643,3.166405,11.643304
Falcon-512_run21,active,3.816625,5.395,0.57359,3.09452,11.682739
Falcon-512_run21,active,3.832142,5.39625,0.57216,3.087518,11.730646
Falcon-512_run21,active,3.844912,5.39625,0.553028,2.98428,11.768757
Falcon-512_run21,active,3.857658,5.39625,0.562505,3.035417,11.807445
Falcon-512_run21,active,3.870397,5.39875,0.584318,3.154589,11.847632
Falcon-512_run21,active,3.883139,5.39375,0.586464,3.16324,11.887938
Falcon-512_run21,active,3.895879,5.38625,0.559108,3.011493,11.926303
Falcon-512_run21,active,3.908624,5.39625,0.554995,2.994893,11.964475
Falcon-512_run21,active,3.921369,5.3975,0.530678,2.864337,12.000981
Falcon-512_run21,active,3.93411,5.3975,0.585749,3.161579,12.041261
Falcon-512_run21,active,3.946852,5.3975,0.569478,3.073758,12.080428
Falcon-512_run21,active,3.959592,5.39625,0.565366,3.050854,12.119296
Falcon-512_run21,active,3.972329,5.39625,0.548737,2.961123,12.157011
Falcon-512_run21,active,3.985067,5.395,0.586822,3.165903,12.197339
Falcon-512_run21,active,3.997807,5.3975,0.565723,3.053491,12.236239
Falcon-512_run21,active,4.010552,5.395,0.557677,3.008668,12.274586
Falcon-512_run21,active,4.023295,5.39625,0.557677,3.009366,12.312935
Falcon-512_run21,active,4.036039,5.3975,0.538009,2.903905,12.349942
Falcon-512_run21,active,4.048778,5.39625,0.587716,3.17146,12.390343
Falcon-512_run21,active,4.061516,5.395,0.573769,3.095485,12.429774
Falcon-512_run21,active,4.074256,5.3975,0.585749,3.161579,12.470052
Falcon-512_run21,active,4.086997,5.395,0.538724,2.906418,12.507081
Falcon-512_run21,active,4.099736,5.395,0.587358,3.168796,12.547449
Falcon-512_run21,active,4.112482,5.39625,0.572339,3.088483,12.586814
Falcon-512_run21,active,4.125225,5.39625,0.572518,3.089448,12.626185
Falcon-512_run21,active,4.137968,5.39375,0.561968,3.031117,12.664809
Falcon-512_run21,active,4.15071,5.39875,0.549274,2.965391,12.702595
Falcon-512_run21,active,4.163453,5.39625,0.586285,3.163742,12.742909
Falcon-512_run21,active,4.176193,5.39875,0.578954,3.12563,12.782729
Falcon-512_run21,active,4.188932,5.39875,0.578597,3.123699,12.822525
Falcon-512_run21,active,4.201671,5.39125,0.571624,3.081766,12.861781
Falcon-512_run21,active,4.214418,5.39875,0.587179,3.170034,12.90219
Falcon-512_run21,active,4.227164,5.39625,0.567869,3.064362,12.94125
Falcon-512_run21,active,4.239903,5.39875,0.586822,3.168103,12.981608
Falcon-512_run21,active,4.252645,5.39625,0.585212,3.157952,13.021846
Falcon-512_run21,active,4.265386,5.39625,0.568226,3.066292,13.060914
Falcon-512_run21,active,4.278125,5.3975,0.55875,3.015853,13.099332
Falcon-512_run21,active,4.290871,5.3975,0.56465,3.047701,13.138178
Falcon-512_run21,active,4.303624,5.39625,0.532645,2.874287,13.174835
Falcon-512_run21,active,4.316369,5.39625,0.587,3.167601,13.215206
Falcon-512_run21,active,4.329114,5.4,0.565723,3.054905,13.254139
Falcon-512_run21,active,4.341855,5.395,0.568584,3.067511,13.293222
Falcon-512_run21,active,4.354612,5.395,0.559465,3.018315,13.331726
Falcon-512_run21,active,4.367387,5.395,0.534076,2.881338,13.368536
Falcon-512_run21,active,4.380156,5.38875,0.588431,3.170906,13.409026
Falcon-512_run21,active,4.392898,5.3975,0.571445,3.084373,13.448327
Falcon-512_run21,active,4.405638,5.39875,0.532109,2.872722,13.484925
Falcon-512_run21,active,4.418386,5.3975,0.556247,3.002342,13.523199
Falcon-512_run21,active,4.431135,5.39625,0.585034,3.156988,13.563448
Falcon-512_run21,active,4.443874,5.39625,0.571087,3.081729,13.602705
Falcon-512_run21,active,4.456615,5.3975,0.559823,3.021644,13.641206
Falcon-512_run21,active,4.469356,5.3975,0.587179,3.1693,13.681583
Falcon-512_run21,active,4.482093,5.3975,0.57073,3.080513,13.720822
Falcon-512_run21,active,4.494833,5.3975,0.585928,3.162544,13.76111
Falcon-512_run21,active,4.507572,5.3975,0.563756,3.042875,13.799874
Falcon-512_run21,active,4.520313,5.39625,0.56465,3.046995,13.838698
Falcon-512_run21,active,4.533056,5.39625,0.570014,3.07594,13.877893
Falcon-512_run21,active,4.545796,5.3975,0.585928,3.162544,13.918184
Falcon-512_run21,active,4.558533,5.39625,0.54677,2.95051,13.955766
Falcon-512_run21,active,4.571275,5.395,0.585749,3.160115,13.996031
Falcon-512_run21,active,4.584013,5.39875,0.574127,3.099567,14.035513
Falcon-512_run21,active,4.59675,5.39625,0.585749,3.160847,14.075773
Falcon-512_run21,active,4.609487,5.39125,0.569299,3.069234,14.114867
Falcon-512_run21,active,4.622233,5.39625,0.559644,3.019979,14.153358
Falcon-512_run21,active,4.634978,5.39625,0.527996,2.849201,14.189671
Falcon-512_run21,active,4.647717,5.39875,0.586464,3.166173,14.230007
Falcon-512_run21,active,4.660454,5.40125,0.558392,3.016017,14.268421
Falcon-512_run21,active,4.673192,5.39625,0.587179,3.168566,14.308781
Falcon-512_run21,active,4.68594,5.39875,0.570908,3.082192,14.348074
Falcon-512_run21,active,4.698692,5.3975,0.587,3.168335,14.388477
Falcon-512_run21,active,4.711436,5.4,0.573054,3.094492,14.427913
Falcon-512_run21,active,4.724184,5.39875,0.559644,3.021378,14.466429
Falcon-512_run21,active,4.736929,5.39625,0.587179,3.168566,14.506813
Falcon-512_run21,active,4.74967,5.39375,0.560002,3.020509,14.545296
Falcon-512_run21,active,4.76241,5.395,0.532466,2.872656,14.581894
Falcon-512_run21,active,4.775152,5.39375,0.586643,3.164205,14.622213
Falcon-512_run21,active,4.787891,5.395,0.567869,3.063652,14.66124
Falcon-512_run21,active,4.800629,5.39125,0.571802,3.08273,14.70051
Falcon-512_run21,active,4.81337,5.3975,0.586106,3.163509,14.740814
Falcon-512_run21,active,4.826115,5.39625,0.573233,3.093307,14.78024
Falcon-512_run21,active,4.838861,5.4025,0.547843,2.959723,14.817963
Falcon-512_run21,active,4.851601,5.3975,0.588073,3.174125,14.8584
Falcon-512_run21,active,4.86434,5.39625,0.565187,3.049889,14.897253
Falcon-512_run21,active,4.87708,5.3975,0.554459,2.992691,14.935381
Falcon-512_run21,active,4.88982,5.395,0.556962,3.00481,14.973663
Falcon-512_run21,active,4.90256,5.3975,0.592007,3.195357,15.014372
Falcon-512_run21,active,4.915302,5.39625,0.568763,3.069186,15.053479
Falcon-512_run21,active,4.928048,5.39875,0.536936,2.898785,15.090426
Falcon-512_run21,active,4.94079,5.3975,0.568763,3.069897,15.129543
Falcon-512_run21,active,4.953529,5.3925,0.587179,3.166364,15.16988
Falcon-512_run21,active,4.966277,5.395,0.573054,3.091626,15.209293
Falcon-512_run21,active,4.979019,5.39625,0.549452,2.964983,15.247073
Falcon-512_run21,active,4.99176,5.39625,0.541943,2.924459,15.284331
Falcon-512_run21,active,5.004499,5.3975,0.587716,3.172195,15.324742
Falcon-512_run21,active,5.017241,5.39625,0.586285,3.163742,15.365055
Falcon-512_run21,active,5.029989,5.395,0.577345,3.114777,15.404761
Falcon-512_run21,active,5.042732,5.3975,0.560359,3.024539,15.443305
Falcon-512_run21,active,5.055471,5.395,0.587894,3.17169,15.483707
Falcon-512_run21,active,5.068215,5.39625,0.528175,2.850165,15.52003
Falcon-512_run21,active,5.080953,5.39625,0.570014,3.07594,15.559212
Falcon-512_run21,active,5.093693,5.39625,0.581279,3.136726,15.599174
Falcon-512_run21,active,5.109135,5.395,0.574127,3.097414,15.647005
Falcon-512_run21,active,5.121899,5.39625,0.534433,2.883935,15.683814
Falcon-512_run21,active,5.134652,5.39625,0.570551,3.078835,15.723078
Falcon-512_run21,active,5.1474,5.39625,0.586643,3.165671,15.763437
Falcon-512_run21,active,5.160143,5.39625,0.568763,3.069186,15.802545
Falcon-512_run21,active,5.172882,5.3975,0.567154,3.061212,15.841543
Falcon-512_run21,active,5.185626,5.39625,0.558929,3.01612,15.879979
Falcon-512_run21,active,5.198366,5.3975,0.57967,3.128767,15.919841
Falcon-512_run21,active,5.211109,5.3975,0.581815,3.140348,15.959857
Falcon-512_run21,active,5.223848,5.395,0.578239,3.1196,15.999599
Falcon-512_run21,active,5.236594,5.3975,0.530857,2.865302,16.036119
Falcon-512_run21,active,5.249339,5.39875,0.556962,3.006899,16.074442
Falcon-512_run21,active,5.262076,5.395,0.586106,3.162044,16.114718
Falcon-512_run21,active,5.274825,5.39625,0.563578,3.041206,16.15349
Falcon-512_run21,active,5.287571,5.39625,0.558035,3.011295,16.191872
Falcon-512_run21,active,5.300334,5.39625,0.586106,3.162777,16.232239
Falcon-512_run21,active,5.313077,5.3975,0.573412,3.094989,16.271678
Falcon-512_run21,active,5.32582,5.39625,0.528175,2.850165,16.307997
Falcon-512_run21,active,5.338568,5.395,0.586643,3.164938,16.348345
Falcon-512_run21,active,5.351317,5.38375,0.579133,3.117908,16.388096
Falcon-512_run21,active,5.364056,5.3975,0.539976,2.91452,16.425222
Falcon-512_run21,active,5.376799,5.3975,0.569657,3.074723,16.464405
Falcon-512_run21,active,5.389542,5.3925,0.560538,3.022701,16.502922
Falcon-512_run21,active,5.402281,5.39625,0.564293,3.045065,16.541715
Falcon-512_run21,active,5.415023,5.3975,0.586464,3.165439,16.582048
Falcon-512_run21,active,5.427765,5.39625,0.570908,3.080764,16.621302
Falcon-512_run21,active,5.440511,5.4,0.536221,2.895594,16.65821
Falcon-512_run21,active,5.453255,5.3975,0.58557,3.160614,16.698488
Falcon-512_run21,active,5.465995,5.3925,0.56912,3.068982,16.737586
Falcon-512_run21,active,5.478746,5.39375,0.532109,2.870062,16.774183
Falcon-512_run21,active,5.491486,5.39875,0.565723,3.054198,16.813093
Falcon-512_run21,active,5.504224,5.3975,0.584855,3.156754,16.853306
Falcon-512_run21,active,5.516964,5.39875,0.548201,2.959599,16.89101
Falcon-512_run21,active,5.529704,5.39875,0.586643,3.167138,16.931358
Falcon-512_run21,active,5.542449,5.39625,0.562147,3.033487,16.97002
Falcon-512_run21,active,5.555193,5.39625,0.587179,3.168566,17.010401
Falcon-512_run21,active,5.567928,5.39625,0.562862,3.037346,17.049083
Falcon-512_run21,active,5.580667,5.3975,0.579312,3.126837,17.088915
Falcon-512_run21,active,5.593441,5.3975,0.550883,2.97339,17.126897
Falcon-512_run21,active,5.60618,5.3975,0.534254,2.883638,17.163631
Falcon-512_run21,active,5.618921,5.39375,0.587,3.166133,17.20397
Falcon-512_run21,active,5.63166,5.39625,0.579491,3.127077,17.243808
Falcon-512_run21,active,5.644405,5.37875,0.538724,2.897664,17.280737
Falcon-512_run21,active,5.657149,5.39625,0.587716,3.17146,17.321156
Falcon-512_run21,active,5.669887,5.3975,0.586822,3.16737,17.361501
Falcon-512_run21,active,5.682635,5.39625,0.578418,3.121288,17.40129
Falcon-512_run21,active,5.695391,5.3975,0.555889,3.000412,17.439565
Falcon-512_run21,active,5.708164,5.3975,0.586643,3.166405,17.480009
Falcon-512_run21,active,5.720907,5.39625,0.565723,3.052784,17.51891
Falcon-512_run21,active,5.733648,5.39625,0.559823,3.020944,17.5574
Falcon-512_run21,active,5.746394,5.39875,0.565902,3.055163,17.596343
Falcon-512_run21,active,5.759141,5.395,0.56179,3.030855,17.634976
Falcon-512_run21,active,5.771882,5.39875,0.581279,3.138179,17.674958
Falcon-512_run21,active,5.784623,5.3975,0.558571,3.014888,17.713371
Falcon-512_run21,active,5.797362,5.39625,0.585749,3.160847,17.753638
Falcon-512_run21,active,5.810101,5.39625,0.581994,3.140585,17.793646
Falcon-512_run21,active,5.822843,5.395,0.55285,2.982624,17.831651
Falcon-512_run21,active,5.835583,5.3975,0.587,3.168335,17.872016
Falcon-512_run21,active,5.848329,5.395,0.575378,3.104166,17.91158
Falcon-512_run21,active,5.861074,5.39625,0.558392,3.013225,17.949984
Falcon-512_run21,active,5.873815,5.3975,0.531036,2.866267,17.986505
Falcon-512_run21,active,5.886556,5.39625,0.587179,3.168566,18.026873
Falcon-512_run21,active,5.899297,5.3975,0.578239,3.121046,18.066641
Falcon-512_run21,active,5.912036,5.3975,0.53944,2.911625,18.103731
Falcon-512_run21,active,5.924774,5.395,0.586822,3.165903,18.144059
Falcon-512_run21,active,5.937515,5.39625,0.585928,3.161812,18.184343
Falcon-512_run21,active,5.950261,5.39875,0.569478,3.074469,18.22353
Falcon-512_run21,active,5.963008,5.39625,0.577703,3.117429,18.263269
Falcon-512_run21,active,5.975748,5.395,0.579312,3.125388,18.303084
Falcon-512_run21,active,5.988487,5.3925,0.570908,3.078624,18.342303
Falcon-512_run21,active,6.001226,5.39625,0.586643,3.165671,18.382631
Falcon-512_run21,active,6.013966,5.3975,0.559465,3.019713,18.421102
Falcon-512_run21,active,6.026706,5.39625,0.586643,3.165671,18.461432
Falcon-512_run21,active,6.039448,5.395,0.587,3.166867,18.501784
Falcon-512_run21,active,6.052193,5.3975,0.586643,3.166405,18.54214
Falcon-512_run21,active,6.064936,5.39375,0.569836,3.073551,18.581306
Falcon-512_run21,active,6.077672,5.38625,0.586464,3.158842,18.621537
Falcon-512_run21,active,6.090418,5.4,0.585928,3.164009,18.661865
Falcon-512_run21,active,6.103159,5.3975,0.562147,3.03419,18.700524
Falcon-512_run21,active,6.115897,5.3975,0.562147,3.03419,18.739175
Falcon-512_run21,active,6.128634,5.39625,0.568048,3.065327,18.778219
Falcon-512_run21,active,6.141373,5.3975,0.558929,3.016818,18.816648
Falcon-512_run21,active,6.154118,5.3975,0.585928,3.162544,18.856956
Falcon-512_run21,active,6.166862,5.3975,0.559644,3.020678,18.895452
Falcon-512_run21,active,6.179601,5.38375,0.546413,2.94175,18.932926
Falcon-512_run21,active,6.192338,5.39625,0.586106,3.162777,18.973209
Falcon-512_run21,active,6.205075,5.39625,0.572696,3.090413,19.012573
Falcon-512_run21,active,6.217813,5.3975,0.553028,2.984971,19.050594
Falcon-512_run21,active,6.23055,5.38875,0.559644,3.015782,19.089008
Falcon-512_run21,active,6.243306,5.38875,0.587179,3.164162,19.12937
Falcon-512_run21,active,6.256071,5.39625,0.568048,3.065327,19.168499
Falcon-512_run21,active,6.268813,5.39625,0.577703,3.117429,19.208222
Falcon-512_run21,active,6.28155,5.38125,0.5423,2.918254,19.245392
Falcon-512_run21,active,6.294319,5.39625,0.538188,2.904197,19.282475
Falcon-512_run21,active,6.307084,5.39625,0.569299,3.072081,19.321688
Falcon-512_run21,active,6.319822,5.39375,0.582173,3.140095,19.361687
Falcon-512_run21,active,6.332561,5.4,0.560359,3.02594,19.400235
Falcon-512_run21,active,6.345345,5.3975,0.563399,3.040945,19.439112
Falcon-512_run21,active,6.358129,5.39875,0.541228,2.921953,19.476466
Falcon-512_run21,active,6.370882,5.39625,0.587358,3.169531,19.516886
Falcon-512_run21,active,6.386306,5.395,0.586106,3.162044,19.565658
Falcon-512_run21,active,6.399074,5.39625,0.570372,3.07787,19.604957
Falcon-512_run21,active,6.411818,5.38625,0.587,3.161731,19.64525
Falcon-512_run21,active,6.424561,5.3975,0.575021,3.103675,19.684799
Falcon-512_run21,active,6.437303,5.39625,0.531572,2.868498,19.721349
Falcon-512_run21,active,6.450044,5.4025,0.592543,3.201215,19.762134
Falcon-512_run21,active,6.462832,5.3975,0.569478,3.073758,19.801444
Falcon-512_run21,active,6.475581,5.3975,0.559465,3.019713,19.839942
Falcon-512_run21,active,6.488316,5.39625,0.563578,3.041206,19.87867
Falcon-512_run21,active,6.501071,5.395,0.566617,3.0569,19.917661
Falcon-512_run21,active,6.513809,5.395,0.54087,2.917994,19.954831
Falcon-512_run21,active,6.52655,5.39625,0.530857,2.864638,19.991329
Falcon-512_run21,active,6.53929,5.39625,0.586643,3.165671,20.031662
Falcon-512_run21,active,6.552026,5.3975,0.564829,3.048666,20.070487
Falcon-512_run21,active,6.564771,5.39625,0.587537,3.170495,20.110895
Falcon-512_run21,active,6.577513,5.395,0.529606,2.857222,20.147304
Falcon-512_run21,active,6.59025,5.395,0.593437,3.201594,20.188082
Falcon-512_run21,active,6.602995,5.39625,0.571445,3.083659,20.227383
Falcon-512_run21,active,6.61573,5.39875,0.545876,2.94705,20.264915
Falcon-512_run21,active,6.628466,5.3975,0.587894,3.17316,20.305328
Falcon-512_run21,active,6.641205,5.3975,0.532645,2.874952,20.34195
Falcon-512_run21,active,6.653942,5.39875,0.559823,3.022343,20.380448
Falcon-512_run21,active,6.666686,5.39875,0.587716,3.17293,20.420882
Falcon-512_run21,active,6.679431,5.4,0.57806,3.121526,20.460667
Falcon-512_run21,active,6.692182,5.395,0.586106,3.162044,20.500986
Falcon-512_run21,active,6.70495,5.3975,0.573412,3.094989,20.540503
Falcon-512_run21,active,6.717699,5.39625,0.53783,2.902267,20.577502
Falcon-512_run21,active,6.730441,5.395,0.559823,3.020244,20.615987
Falcon-512_run21,active,6.743185,5.39625,0.567332,3.061467,20.655003
Falcon-512_run21,active,6.755926,5.39625,0.562684,3.036381,20.69369
Falcon-512_run21,active,6.768673,5.38875,0.569299,3.067811,20.732795
Falcon-512_run21,active,6.781456,5.395,0.553565,2.986482,20.770972
Falcon-512_run21,active,6.794198,5.38625,0.583961,3.145359,20.811049
Falcon-512_run21,active,6.806943,5.39625,0.576451,3.110675,20.850694
Falcon-512_run21,active,6.819685,5.385,0.579491,3.120558,20.890456
Falcon-512_run21,active,6.832423,5.3975,0.531215,2.867232,20.926978
Falcon-512_run21,active,6.845162,5.39625,0.587179,3.168566,20.967344
Falcon-512_run21,active,6.857901,5.39875,0.559823,3.022343,21.005846
Falcon-512_run21,active,6.870647,5.3975,0.587179,3.1693,21.04624
Falcon-512_run21,active,6.883392,5.3975,0.579491,3.127802,21.086106
Falcon-512_run21,active,6.896155,5.385,0.537473,2.894291,21.123044
Falcon-512_run21,active,6.908896,5.395,0.540155,2.914135,21.160175
Falcon-512_run21,active,6.921637,5.39625,0.569478,3.073046,21.199326
Falcon-512_run21,active,6.934377,5.395,0.562147,3.032784,21.237966
Falcon-512_run21,active,6.947119,5.395,0.587,3.166867,21.278317
Falcon-512_run21,active,6.959858,5.3975,0.527996,2.849861,21.314622
Falcon-512_run21,active,6.972605,5.3975,0.587894,3.17316,21.355071
Falcon-512_run21,active,6.985351,5.39625,0.568584,3.068221,21.394176
Falcon-512_run21,active,6.998091,5.3825,0.549452,2.957428,21.431854
Falcon-512_run21,active,7.010836,5.39375,0.589861,3.181564,21.472403
Falcon-512_run21,active,7.023582,5.39375,0.56018,3.021473,21.510915
Falcon-512_run21,active,7.036318,5.39875,0.557677,3.01076,21.549262
Falcon-512_run21,active,7.049059,5.39875,0.589861,3.184513,21.589836
Falcon-512_run21,active,7.061801,5.39625,0.569299,3.072081,21.628978
Falcon-512_run21,active,7.074548,5.3975,0.547664,2.956019,21.66666
Falcon-512_run21,active,7.087295,5.39875,0.587537,3.171964,21.707093
Falcon-512_run21,active,7.100036,5.38125,0.572339,3.079898,21.746333
Falcon-512_run21,active,7.11278,5.38125,0.579312,3.117423,21.786063
Falcon-512_run21,active,7.125519,5.385,0.573769,3.089747,21.825422
Falcon-512_run21,active,7.138259,5.3825,0.580564,3.124884,21.865233
Falcon-512_run21,active,7.151,5.38125,0.568048,3.056806,21.90418
Falcon-512_run21,active,7.163737,5.3825,0.560002,3.014209,21.942574
Falcon-512_run21,active,7.176484,5.3825,0.586643,3.157605,21.982822
Falcon-512_run21,active,7.189227,5.38125,0.565187,3.041411,22.021578
Falcon-512_run21,active,7.201967,5.3825,0.580921,3.126808,22.061414
Falcon-512_run21,active,7.214708,5.3825,0.553028,2.976675,22.099339
Falcon-512_run21,active,7.227449,5.3825,0.586822,3.158567,22.139583
Falcon-512_run21,active,7.240186,5.38375,0.56912,3.064002,22.17861
Falcon-512_run21,active,7.252926,5.3825,0.588252,3.166266,22.218947
Falcon-512_run21,active,7.265665,5.38125,0.56322,3.030828,22.257559
Falcon-512_run21,active,7.278411,5.37875,0.583961,3.140979,22.297594
Falcon-512_run21,active,7.291163,5.38125,0.571802,3.077012,22.336831
Falcon-512_run21,active,7.303919,5.38125,0.559823,3.012546,22.375258
Falcon-512_run21,active,7.316659,5.405,0.571445,3.088659,22.414607
Falcon-512_run21,active,7.32944,5.3925,0.586643,3.163471,22.45504
Falcon-512_run21,active,7.342181,5.3975,0.57359,3.095954,22.494487
Falcon-512_run21,active,7.354925,5.39625,0.538367,2.905162,22.531509
Falcon-512_run21,active,7.367667,5.39375,0.545698,2.943356,22.569013
Falcon-512_run21,active,7.380413,5.40125,0.586822,3.16957,22.609412
Falcon-512_run21,active,7.393158,5.39875,0.585749,3.162311,22.649716
Falcon-512_run21,active,7.405897,5.395,0.574127,3.097414,22.689173
Falcon-512_run21,active,7.418636,5.39625,0.545519,2.943756,22.726676
Falcon-512_run21,active,7.431378,5.3975,0.586822,3.16737,22.767034
Falcon-512_run21,active,7.444144,5.3975,0.559286,3.018748,22.805571
Falcon-512_run21,active,7.456887,5.3975,0.586822,3.16737,22.845934
Falcon-512_run21,active,7.469627,5.39375,0.575915,3.10634,22.885508
Falcon-512_run21,active,7.482374,5.39625,0.558571,3.01419,22.92393
Falcon-512_run21,active,7.495123,5.39625,0.56912,3.071116,22.963082
Falcon-512_run21,active,7.507865,5.39625,0.573054,3.092343,23.002486
Falcon-512_run21,active,7.520606,5.3975,0.559823,3.021644,23.040986
Falcon-512_run21,active,7.533347,5.39875,0.587179,3.170034,23.081373
Falcon-512_run21,active,7.546085,5.39625,0.544088,2.936037,23.118773
Falcon-512_run21,active,7.558827,5.39875,0.548916,2.96346,23.156533
Falcon-512_run21,active,7.571572,5.3975,0.588788,3.177985,23.197037
Falcon-512_run21,active,7.584316,5.40125,0.571624,3.087482,23.236384
Falcon-512_run21,active,7.59706,5.39625,0.54087,2.91867,23.273579
Falcon-512_run21,active,7.609801,5.39375,0.585212,3.156489,23.313796
Falcon-512_run21,active,7.622542,5.39375,0.565366,3.049441,23.352648
Falcon-512_run21,active,7.635287,5.3975,0.558392,3.013923,23.39106
Falcon-512_run21,active,7.648025,5.3975,0.549095,2.963739,23.428813
Falcon-512_run21,active,7.663447,5.3975,0.587179,3.1693,23.47769
Falcon-512_run21,active,7.676209,5.39625,0.570551,3.078835,23.516982
Falcon-512_run21,active,7.688969,5.39,0.573769,3.092616,23.556444
Falcon-512_run21,active,7.701723,5.3975,0.587894,3.17316,23.596916
Falcon-512_run21,active,7.714465,5.38125,0.558571,3.005811,23.635215
Falcon-512_run21,active,7.727218,5.39625,0.538724,2.907092,23.672291
Falcon-512_run21,active,7.73999,5.39875,0.588252,3.175825,23.712852
Falcon-512_run21,active,7.752736,5.3975,0.533539,2.879778,23.749556
Falcon-512_run21,active,7.765476,5.39625,0.586285,3.163742,23.789863
Falcon-512_run21,active,7.77822,5.39625,0.558571,3.01419,23.828275
Falcon-512_run21,active,7.790971,5.39625,0.585928,3.161812,23.868591
Falcon-512_run21,active,7.803716,5.39625,0.579848,3.129007,23.908471
Falcon-512_run21,active,7.816457,5.385,0.587537,3.163886,23.948781
Falcon-512_run21,active,7.829198,5.39875,0.588431,3.176791,23.989259
Falcon-512_run21,active,7.841939,5.39875,0.550525,2.972148,24.027125
Falcon-512_run21,active,7.854679,5.39625,0.558929,3.01612,24.065552
Falcon-512_run21,active,7.867422,5.39625,0.587894,3.172425,24.105977
Falcon-512_run21,active,7.880161,5.39625,0.580027,3.129972,24.14585
Falcon-512_run21,active,7.892908,5.395,0.531572,2.867833,24.182407
Falcon-512_run21,active,7.905653,5.39625,0.579848,3.129007,24.222287
Falcon-512_run21,active,7.918394,5.39625,0.578239,3.120323,24.262041
Falcon-512_run21,active,7.931137,5.3975,0.553565,2.987866,24.300116
Falcon-512_run21,active,7.943876,5.39625,0.587179,3.168566,24.340481
Falcon-512_run21,active,7.956616,5.3975,0.559286,3.018748,24.37894
Falcon-512_run21,active,7.969358,5.395,0.536042,2.891949,24.415787
Falcon-512_run21,active,7.982099,5.3975,0.592007,3.195357,24.4565
Falcon-512_run21,active,7.994848,5.39625,0.535506,2.889724,24.493342
Falcon-512_run21,active,8.007593,5.39625,0.554459,2.991998,24.531475
Falcon-512_run21,active,8.020332,5.40125,0.585212,3.160878,24.571742
Falcon-512_run21,active,8.033072,5.3975,0.586643,3.166405,24.612081
Falcon-512_run21,active,8.045811,5.3975,0.586285,3.164474,24.652394
Falcon-512_run21,active,8.058551,5.40125,0.573233,3.096174,24.69184
Falcon-512_run21,active,8.071295,5.3975,0.559644,3.020678,24.730335
Falcon-512_run21,active,8.084035,5.39875,0.567869,3.065782,24.769392
Falcon-512_run21,active,8.096782,5.3975,0.553207,2.985936,24.807455
Falcon-512_run21,active,8.109528,5.39875,0.532109,2.872722,24.844069
Falcon-512_run21,active,8.122269,5.39375,0.57216,3.086088,24.883389
Falcon-512_run21,active,8.135018,5.39625,0.580385,3.131901,24.92332
Falcon-512_run21,active,8.14776,5.39875,0.562862,3.038753,24.962038
Falcon-512_run21,active,8.160501,5.395,0.566975,3.058829,25.001011
Falcon-512_run21,active,8.173241,5.39625,0.586822,3.166636,25.041355
Falcon-512_run21,active,8.185983,5.39875,0.566796,3.05999,25.080345
Falcon-512_run21,active,8.19873,5.4,0.534076,2.884008,25.117106
Falcon-512_run21,active,8.211477,5.3975,0.588073,3.174125,25.157566
Falcon-512_run21,active,8.224215,5.39375,0.587894,3.170955,25.197959
Falcon-512_run21,active,8.236955,5.39875,0.562862,3.038753,25.236671
Falcon-512_run21,active,8.249693,5.3975,0.538367,2.905835,25.273688
Falcon-512_run21,active,8.262433,5.39625,0.585749,3.160847,25.313955
Falcon-512_run21,active,8.275175,5.39625,0.586643,3.165671,25.354291
Falcon-512_run21,active,8.287918,5.39875,0.576451,3.112116,25.393952
Falcon-512_run21,active,8.300677,5.3975,0.556604,3.004272,25.432282
Falcon-512_run21,active,8.31346,5.3975,0.533003,2.876883,25.469057
Falcon-512_run21,active,8.326202,5.39875,0.54981,2.968287,25.506879
Falcon-512_run21,active,8.338951,5.39,0.5364,2.891196,25.543739
Falcon-512_run21,active,8.351705,5.39375,0.587,3.166133,25.584121
Falcon-512_run21,active,8.364449,5.395,0.546949,2.950791,25.621725
Falcon-512_run21,active,8.377192,5.39625,0.569836,3.074975,25.66091
Falcon-512_run21,active,8.389935,5.39625,0.577703,3.117429,25.700634
Falcon-512_run21,active,8.402683,5.395,0.586464,3.163973,25.740969
Falcon-512_run21,active,8.415432,5.39625,0.563041,3.038311,25.779705
Falcon-512_run21,active,8.428173,5.3975,0.547843,2.956984,25.81738
Falcon-512_run21,active,8.440916,5.39625,0.559644,3.019979,25.855864
Falcon-512_run21,active,8.453655,5.395,0.583424,3.147575,25.89596
Falcon-512_run21,active,8.466394,5.3975,0.559286,3.018748,25.934415
Falcon-512_run21,active,8.479137,5.39375,0.585749,3.159383,25.974676
Falcon-512_run21,active,8.491879,5.39375,0.574127,3.096696,26.014133
Falcon-512_run21,active,8.504626,5.39625,0.542658,2.928318,26.05146
Falcon-512_run21,active,8.517372,5.39875,0.585212,3.159415,26.091732
Falcon-512_run21,active,8.530112,5.3975,0.569836,3.075688,26.130916
Falcon-512_run21,active,8.542876,5.395,0.552134,2.978765,26.168936
Falcon-512_run21,active,8.555623,5.39,0.546055,2.943238,26.206453
Falcon-512_run21,active,8.568361,5.39375,0.588788,3.175777,26.246907
Falcon-512_run21,active,8.581101,5.39625,0.535148,2.887795,26.283698
Falcon-512_run21,active,8.593839,5.39625,0.570193,3.076905,26.322892
Falcon-512_run21,active,8.606585,5.3975,0.565544,3.052526,26.361797
Falcon-512_run21,active,8.619331,5.39625,0.586106,3.162777,26.40211
Falcon-512_run21,active,8.632067,5.39625,0.560717,3.025768,26.440647
Falcon-512_run21,active,8.64481,5.3975,0.563399,3.040945,26.479399
Falcon-512_run21,active,8.65755,5.39375,0.581636,3.137201,26.519365
Falcon-512_run21,active,8.670287,5.3975,0.536936,2.898114,26.55628
Falcon-512_run21,active,8.683028,5.39875,0.544267,2.938363,26.593716
Falcon-512_run21,active,8.695792,5.3975,0.591113,3.190531,26.634442
Falcon-512_run21,active,8.708555,5.39625,0.562326,3.034452,26.673169
Falcon-512_run21,active,8.721304,5.395,0.532466,2.872656,26.709794
Falcon-512_run21,active,8.734046,5.395,0.587,3.166867,26.750145
Falcon-512_run21,active,8.746819,5.3925,0.586643,3.163471,26.790554
Falcon-512_run21,active,8.759564,5.39125,0.570908,3.07791,26.829779
Falcon-512_run21,active,8.772301,5.4,0.563399,3.042354,26.868531
Falcon-512_run21,active,8.785042,5.39875,0.565544,3.053233,26.907433
Falcon-512_run21,active,8.797783,5.40125,0.576094,3.111626,26.947077
Falcon-512_run21,active,8.81053,5.39625,0.569299,3.072081,26.986236
Falcon-512_run21,active,8.823278,5.39625,0.558929,3.01612,27.024685
Falcon-512_run21,active,8.836016,5.3975,0.587,3.168335,27.065045
Falcon-512_run21,active,8.848758,5.40125,0.540334,2.918477,27.102231
Falcon-512_run21,active,8.861499,5.3975,0.586643,3.166405,27.142575
Falcon-512_run21,active,8.874238,5.39875,0.569299,3.073504,27.181729
Falcon-512_run21,active,8.886979,5.395,0.532645,2.873621,27.218342
Falcon-512_run21,active,8.899717,5.39625,0.554638,2.992963,27.256466
Falcon-512_run21,active,8.912463,5.39625,0.588073,3.17339,27.296913
Falcon-512_run21,active,8.925208,5.39625,0.531572,2.868498,27.333472
Falcon-512_run21,active,8.94045,5.39625,0.536579,2.895513,27.377605
Falcon-512_run21,active,8.953203,5.39375,0.587179,3.167098,27.417997
Falcon-512_run21,active,8.965946,5.3975,0.560538,3.025504,27.456549
Falcon-512_run21,active,8.978686,5.39625,0.541585,2.922529,27.493784
Falcon-512_run21,active,8.991428,5.3975,0.587716,3.172195,27.534204
Falcon-512_run21,active,9.004168,5.3975,0.57663,3.11236,27.573854
Falcon-512_run21,active,9.016915,5.3975,0.566438,3.057351,27.612827
Falcon-512_run21,active,9.029659,5.395,0.587179,3.167832,27.653198
Falcon-512_run21,active,9.042398,5.3975,0.559286,3.018748,27.691653
Falcon-512_run21,active,9.055141,5.39375,0.553028,2.982897,27.729666
Falcon-512_run21,active,9.067881,5.395,0.586822,3.165903,27.769999
Falcon-512_run21,active,9.080621,5.39375,0.585749,3.159383,27.810249
Falcon-512_run21,active,9.093362,5.3975,0.560359,3.024539,27.848784
Falcon-512_run21,active,9.106101,5.3975,0.546413,2.949263,27.886355
Falcon-512_run21,active,9.11885,5.4025,0.587,3.17127,27.926785
Falcon-512_run21,active,9.131596,5.3975,0.572875,3.092094,27.966197
Falcon-512_run21,active,9.144331,5.3975,0.587537,3.17123,28.006584
Falcon-512_run21,active,9.157077,5.3975,0.555353,2.997517,28.044788
Falcon-512_run21,active,9.169818,5.39625,0.588788,3.177249,28.08527
Falcon-512_run21,active,9.182551,5.39625,0.574127,3.098132,28.124719
Falcon-512_run21,active,9.195296,5.39875,0.558929,3.017517,28.163176
Falcon-512_run21,active,9.208035,5.3975,0.58557,3.160614,28.203439
Falcon-512_run21,active,9.220781,5.3975,0.574842,3.10271,28.242987
Falcon-512_run21,active,9.233526,5.3975,0.531394,2.868197,28.279542
Falcon-512_run21,active,9.246268,5.395,0.585749,3.160115,28.31981
Falcon-512_run21,active,9.25901,5.39625,0.566975,3.059538,28.358795
Falcon-512_run21,active,9.271749,5.39625,0.569657,3.074011,28.397953
Falcon-512_run21,active,9.284487,5.395,0.586285,3.163009,28.438245
Falcon-512_run21,active,9.297239,5.39625,0.56018,3.022873,28.476791
Falcon-512_run21,active,9.309979,5.3975,0.563578,3.04191,28.515544
Falcon-512_run21,active,9.322727,5.3975,0.544982,2.941543,28.553045
Falcon-512_run21,active,9.335473,5.395,0.587,3.166867,28.59341
Falcon-512_run21,active,9.348211,5.39875,0.571087,3.083157,28.632682
Falcon-512_run21,active,9.360952,5.39875,0.587537,3.171964,28.673098
Falcon-512_run21,active,9.373692,5.39875,0.570551,3.080261,28.712338
Falcon-512_run21,active,9.386431,5.3975,0.587,3.168335,28.7527
Falcon-512_run21,active,9.399171,5.3975,0.578954,3.124906,28.792511
Falcon-512_run21,active,9.41191,5.3975,0.56626,3.056386,28.831447
Falcon-512_run21,active,9.424656,5.39625,0.566796,3.058573,28.870431
Falcon-512_run21,active,9.437433,5.3975,0.587179,3.1693,28.910927
Falcon-512_run21,active,9.450172,5.39875,0.54981,2.968287,28.948739
Falcon-512_run21,active,9.462915,5.3975,0.571981,3.087269,28.988079
Falcon-512_run21,active,9.475659,5.39875,0.587,3.169068,29.028467
Falcon-512_run21,active,9.488395,5.40125,0.584318,3.15605,29.068663
Falcon-512_run21,active,9.501136,5.39625,0.572696,3.090413,29.108036
Falcon-512_run21,active,9.513876,5.39625,0.537115,2.898408,29.144961
Falcon-512_run21,active,9.526625,5.39625,0.554459,2.991998,29.183106
Falcon-512_run21,active,9.539372,5.3975,0.587716,3.172195,29.223543
Falcon-512_run21,active,9.552139,5.39625,0.563935,3.043135,29.262396
Falcon-512_run21,active,9.564877,5.39625,0.558035,3.011295,29.300752
Falcon-512_run21,active,9.577617,5.39875,0.587358,3.170999,29.341153
Falcon-512_run21,active,9.590354,5.39625,0.587,3.167601,29.381499
Falcon-512_run21,active,9.603095,5.39625,0.561611,3.030592,29.420111
Falcon-512_run21,active,9.615834,5.3975,0.535148,2.888463,29.456908
Falcon-512_run21,active,9.628579,5.3975,0.530857,2.865302,29.493425
Falcon-512_run21,active,9.641323,5.3975,0.587894,3.17316,29.533862
Falcon-512_run21,active,9.654058,5.39625,0.586106,3.162777,29.57414
Falcon-512_run21,active,9.666823,5.39625,0.562147,3.033487,29.612865
Falcon-512_run21,active,9.679567,5.395,0.561074,3.026996,29.651439
Falcon-512_run21,active,9.692314,5.39625,0.586464,3.164706,29.691779
Falcon-512_run21,active,9.705082,5.39875,0.528354,2.852451,29.728201
Falcon-512_run21,active,9.717826,5.39875,0.58861,3.177756,29.768699
Falcon-512_run21,active,9.730575,5.3975,0.572518,3.090164,29.808094
Falcon-512_run21,active,9.743323,5.3975,0.544267,2.937682,29.845544
Falcon-512_run21,active,9.756064,5.39625,0.541406,2.921564,29.882767
Falcon-512_run21,active,9.768805,5.3975,0.583603,3.149998,29.922903
Falcon-512_run21,active,9.781546,5.39625,0.564829,3.04796,29.961737
Falcon-512_run21,active,9.794286,5.3975,0.579491,3.127802,30.001583
Falcon-512_run21,active,9.807027,5.3975,0.553207,2.985936,30.039627
Falcon-512_run21,active,9.819765,5.3975,0.541406,2.922241,30.076853
Falcon-512_run21,active,9.832511,5.39625,0.574484,3.100061,30.116365
Falcon-512_run21,active,9.845256,5.39625,0.556247,3.001647,30.15462
Falcon-512_run21,active,9.857996,5.3975,0.585212,3.158684,30.194863
Falcon-512_run21,active,9.870735,5.3975,0.568226,3.067002,30.233933
Falcon-512_run21,active,9.883477,5.3975,0.563756,3.042875,30.272706
Falcon-512_run21,active,9.896215,5.39625,0.530321,2.861744,30.309158
Falcon-512_run21,active,9.908955,5.395,0.584855,3.155292,30.349357
Falcon-512_run21,active,9.921697,5.395,0.567511,3.061723,30.388369
Falcon-512_run21,active,9.934443,5.3975,0.55124,2.97532,30.426293
Falcon-512_run21,active,9.947191,5.3975,0.586464,3.165439,30.466646
Falcon-512_run21,active,9.959931,5.395,0.565544,3.051112,30.505516
Falcon-512_run21,active,9.97267,5.3975,0.576451,3.111395,30.545152
Falcon-512_run21,active,9.985448,5.3975,0.585749,3.161579,30.585552
Falcon-512_run21,active,9.998188,5.39375,0.534254,2.881635,30.622265
Falcon-512_run21,active,10.010931,5.395,0.586822,3.165903,30.662605
Falcon-512_run21,active,10.023671,5.39875,0.547128,2.953807,30.700237
Falcon-512_run21,active,10.036417,5.39625,0.586643,3.165671,30.740586
Falcon-512_run21,active,10.04916,5.39625,0.571087,3.081729,30.779858
Falcon-512_run21,active,10.061899,5.3975,0.585928,3.162544,30.820146
Falcon-512_run21,active,10.074639,5.39625,0.550883,2.972701,30.858017
Falcon-512_run21,active,10.08738,5.39125,0.532645,2.871623,30.894606
Falcon-512_run21,active,10.100144,5.39625,0.587,3.167601,30.935037
Falcon-512_run21,active,10.112885,5.3975,0.564829,3.048666,30.973878
Falcon-512_run21,active,10.125626,5.39625,0.589861,3.183039,31.014436
Falcon-512_run21,active,10.138374,5.4,0.556068,3.002767,31.052714
Falcon-512_run21,active,10.151121,5.3975,0.584855,3.156754,31.092952
Falcon-512_run21,active,10.163862,5.3975,0.538009,2.903905,31.12995
Falcon-512_run21,active,10.176605,5.395,0.587537,3.169761,31.170344
Falcon-512_run21,active,10.189347,5.395,0.568048,3.064617,31.209392
Falcon-512_run21,active,10.202086,5.395,0.55124,2.973942,31.247278
Falcon-512_run21,active,10.217496,5.3975,0.536579,2.896184,31.291907
Falcon-512_run21,active,10.230255,5.39625,0.570908,3.080764,31.331217
Falcon-512_run21,active,10.243009,5.39625,0.565723,3.052784,31.370151
Falcon-512_run21,active,10.255753,5.39875,0.5811,3.137214,31.410132
Falcon-512_run21,active,10.268491,5.39875,0.584497,3.155554,31.450328
Falcon-512_run21,active,10.281233,5.39625,0.577703,3.117429,31.49005
Falcon-512_run21,active,10.293991,5.39375,0.569657,3.072586,31.529249
Falcon-512_run21,active,10.306733,5.395,0.587537,3.169761,31.569638
Falcon-512_run21,active,10.319475,5.3925,0.562147,3.031379,31.608265
Falcon-512_run21,active,10.332215,5.39625,0.587537,3.170495,31.648656
Falcon-512_run21,active,10.34497,5.39625,0.557677,3.009366,31.68704
Falcon-512_run21,active,10.357764,5.395,0.536758,2.895807,31.724091
Falcon-512_run21,active,10.37053,5.39375,0.585749,3.159383,31.764421
Falcon-512_run21,active,10.383279,5.39375,0.540334,2.914424,31.80158
Falcon-512_run21,active,10.396024,5.39625,0.538724,2.907092,31.838629
Falcon-512_run21,active,10.408764,5.39625,0.586643,3.165671,31.878961
Falcon-512_run21,active,10.421505,5.39625,0.563935,3.043135,31.917733
Falcon-512_run21,active,10.434247,5.39625,0.530142,2.860779,31.954184
Falcon-512_run21,active,10.446999,5.39875,0.587179,3.170034,31.99461
Falcon-512_run21,active,10.459744,5.39875,0.56626,3.057094,32.033573
Falcon-512_run21,active,10.472486,5.395,0.533539,2.878444,32.070248
Falcon-512_run21,active,10.485227,5.3975,0.587179,3.1693,32.110628
Falcon-512_run21,active,10.497966,5.39625,0.564293,3.045065,32.149421
Falcon-512_run21,active,10.510708,5.39625,0.56626,3.055678,32.188355
Falcon-512_run21,active,10.523449,5.39875,0.537473,2.901681,32.225327
Falcon-512_run21,active,10.536192,5.39625,0.533003,2.876216,32.261977
Falcon-512_run21,active,10.548939,5.39625,0.586464,3.164706,32.302318
Falcon-512_run21,active,10.561683,5.3975,0.548558,2.960844,32.340051
Falcon-512_run21,active,10.574424,5.39625,0.586285,3.163742,32.380361
Falcon-512_run21,active,10.587165,5.3975,0.563399,3.040945,32.419107
Falcon-512_run21,active,10.599907,5.3975,0.535685,2.891359,32.455948
Falcon-512_run21,active,10.612646,5.3975,0.586643,3.166405,32.496282
Falcon-512_run21,active,10.625387,5.39625,0.574306,3.099097,32.535768
Falcon-512_run21,active,10.638127,5.39375,0.583961,3.149739,32.575897
Falcon-512_run21,active,10.650875,5.39625,0.534612,2.8849,32.612674
Falcon-512_run21,active,10.663618,5.3975,0.561253,3.029364,32.651278
Falcon-512_run21,active,10.676356,5.39625,0.584318,3.153128,32.691442
Falcon-512_run21,active,10.68911,5.39875,0.560538,3.026205,32.730037
Falcon-512_run21,active,10.701877,5.39625,0.531215,2.866568,32.766636
Falcon-512_run21,active,10.714621,5.39625,0.543016,2.930248,32.803977
Falcon-512_run21,active,10.727366,5.39625,0.587179,3.168566,32.844361
Falcon-512_run21,active,10.740147,5.3975,0.534791,2.886533,32.881256
Falcon-512_run21,active,10.752897,5.39625,0.587537,3.170495,32.921678
Falcon-512_run21,active,10.765642,5.3975,0.559644,3.020678,32.960177
Falcon-512_run21,active,10.778382,5.3975,0.57967,3.128767,33.000035
Falcon-512_run21,active,10.791124,5.39625,0.578597,3.122253,33.03982
Falcon-512_run21,active,10.803865,5.3975,0.571802,3.086303,33.079142
Falcon-512_run21,active,10.816602,5.39625,0.563756,3.04217,33.117892
Falcon-512_run21,active,10.829344,5.39375,0.587,3.166133,33.158233
Falcon-512_run21,active,10.842085,5.39625,0.574663,3.101026,33.197743
Falcon-512_run21,active,10.854835,5.395,0.585749,3.160115,33.238035
Falcon-512_run21,active,10.867582,5.4,0.552671,2.984422,33.276078
Falcon-512_run21,active,10.880321,5.39625,0.58861,3.176285,33.31654
Falcon-512_run21,active,10.893063,5.395,0.563756,3.041466,33.355294
Falcon-512_run21,active,10.905802,5.3975,0.586285,3.164474,33.395607
Falcon-512_run21,active,10.918541,5.395,0.57216,3.086803,33.43493
Falcon-512_run21,active,10.931281,5.3975,0.556426,3.003307,33.473194
Falcon-512_run21,active,10.944019,5.3975,0.586643,3.166405,33.513526
Falcon-512_run21,active,10.956764,5.39875,0.564293,3.046476,33.552354
Falcon-512_run21,active,10.969508,5.39875,0.565902,3.055163,33.591289
Falcon-512_run21,active,10.982247,5.3975,0.587358,3.170265,33.631674
Falcon-512_run21,active,10.994989,5.39625,0.572696,3.090413,33.671051
Falcon-512_run21,active,11.007781,5.395,0.537115,2.897737,33.708121
Falcon-512_run21,active,11.020526,5.395,0.565544,3.051112,33.747006
Falcon-512_run21,active,11.033269,5.39625,0.583067,3.146374,33.787102
Falcon-512_run21,active,11.046013,5.3975,0.563041,3.039015,33.82583
Falcon-512_run21,active,11.058761,5.395,0.541406,2.920888,33.863064
Falcon-512_run21,active,11.07151,5.3975,0.585749,3.161579,33.903372
Falcon-512_run21,active,11.084248,5.3975,0.585391,3.159649,33.94362
Falcon-512_run21,active,11.096998,5.39625,0.584855,3.156023,33.983859
Falcon-512_run21,active,11.109765,5.395,0.559286,3.01735,34.022381
Falcon-512_run21,active,11.12251,5.39625,0.529963,2.859814,34.058829
Falcon-512_run21,active,11.135253,5.3975,0.562862,3.03805,34.097545
Falcon-512_run21,active,11.147995,5.40375,0.569836,3.079249,34.136781
Falcon-512_run21,active,11.160742,5.3975,0.581458,3.138417,34.176784
Falcon-512_run21,active,11.17349,5.39625,0.568405,3.067257,34.215885
Falcon-512_run21,active,11.18623,5.39625,0.577345,3.115499,34.255578
Falcon-512_run21,active,11.198971,5.3975,0.558929,3.016818,34.294015
Falcon-512_run21,active,11.211714,5.395,0.568405,3.066546,34.333093
Falcon-512_run21,active,11.224452,5.395,0.5752,3.103202,34.372622
Falcon-512_run21,active,11.237192,5.39625,0.535685,2.890689,34.409447
Falcon-512_run21,active,11.249933,5.3975,0.579848,3.129732,34.449323
Falcon-512_run21,active,11.262681,5.3975,0.560002,3.022609,34.487857
Falcon-512_run21,active,11.275427,5.39875,0.585749,3.162311,34.528164
Falcon-512_run21,active,11.288185,5.39625,0.538903,2.908056,34.565263
Falcon-512_run21,active,11.300963,5.39625,0.570908,3.080764,34.604631
Falcon-512_run21,active,11.313707,5.3975,0.586464,3.165439,34.64497
Falcon-512_run21,active,11.326448,5.39875,0.586643,3.167138,34.685324
Falcon-512_run21,active,11.339192,5.405,0.565723,3.057734,34.724291
Falcon-512_run21,active,11.351931,5.39625,0.559823,3.020944,34.762776
Falcon-512_run21,active,11.364682,5.39625,0.529069,2.85499,34.799179
Falcon-512_run21,active,11.377467,5.39375,0.588788,3.175777,34.839783
Falcon-512_run21,active,11.390208,5.39625,0.562147,3.033487,34.878431
Falcon-512_run21,active,11.402954,5.39625,0.572696,3.090413,34.917821
Falcon-512_run21,active,11.415693,5.3975,0.558571,3.014888,34.956227
Falcon-512_run21,active,11.428432,5.40875,0.539618,2.918661,34.993409
Falcon-512_run21,active,11.441171,5.4,0.588252,3.176561,35.033876
Falcon-512_run21,active,11.453913,5.39625,0.560717,3.025768,35.07243
Falcon-512_run21,active,11.466659,5.39625,0.557856,3.01033,35.1108
Falcon-512_run21,active,11.479405,5.39625,0.588788,3.177249,35.151296
Falcon-512_run21,active,11.494946,5.38625,0.559823,3.015346,35.198158
Falcon-512_run21,active,11.507727,5.39625,0.532466,2.873322,35.234883
Falcon-512_run21,active,11.520473,5.3975,0.586643,3.166405,35.275241
Falcon-512_run21,active,11.533217,5.395,0.572696,3.089697,35.314615
Falcon-512_run21,active,11.545957,5.39875,0.557677,3.01076,35.352972
Falcon-512_run21,active,11.558699,5.40125,0.588431,3.178262,35.393471
Falcon-512_run21,active,11.571449,5.395,0.543731,2.933428,35.430871
Falcon-512_run21,active,11.584193,5.39625,0.587537,3.170495,35.471276
Falcon-512_run21,active,11.596934,5.39125,0.588073,3.17045,35.511672
Falcon-512_run21,active,11.609683,5.38375,0.551598,2.969666,35.549531
Falcon-512_run21,active,11.622457,5.39125,0.587179,3.16563,35.589968
Falcon-512_run21,active,11.635208,5.4,0.550704,2.973802,35.627887
Falcon-512_run21,active,11.647948,5.40125,0.534612,2.887573,35.664676
Falcon-512_run21,active,11.660714,5.3975,0.586285,3.164474,35.705073
Falcon-512_run21,active,11.673464,5.3975,0.561253,3.029364,35.743696
Falcon-512_run21,active,11.686206,5.3975,0.577703,3.118151,35.78343
Falcon-512_run21,active,11.698973,5.40125,0.588967,3.181159,35.824043
Falcon-512_run21,active,11.71173,5.39875,0.568226,3.067712,35.863178
Falcon-512_run21,active,11.724472,5.39875,0.548558,2.96153,35.900914
Falcon-512_run21,active,11.737214,5.4,0.586285,3.16594,35.941255
Falcon-512_run21,active,11.749955,5.39625,0.574663,3.101026,35.980764
Falcon-512_run21,active,11.762696,5.39625,0.551777,2.977526,36.018701
Falcon-512_run21,active,11.775448,5.39625,0.586822,3.166636,36.05908
Falcon-512_run21,active,11.788193,5.3975,0.544088,2.936717,36.096509
Falcon-512_run21,active,11.800934,5.39625,0.539976,2.913845,36.133637
Falcon-512_run21,active,11.813678,5.395,0.589682,3.181337,36.174177
Falcon-512_run21,active,11.82643,5.3975,0.558929,3.016818,36.212649
Falcon-512_run21,active,11.839173,5.39125,0.586643,3.162738,36.252952
Falcon-512_run21,active,11.851915,5.38875,0.571445,3.079373,36.292189
Falcon-512_run21,active,11.864656,5.3975,0.540155,2.915486,36.329335
Falcon-512_run21,active,11.877437,5.4025,0.581636,3.142291,36.369496
Falcon-512_run21,active,11.890184,5.3975,0.534791,2.886533,36.406292
Falcon-512_run21,active,11.902928,5.39875,0.587358,3.170999,36.446702
Falcon-512_run21,active,11.915668,5.39875,0.587716,3.17293,36.487125
Falcon-512_run21,active,11.928411,5.3975,0.559286,3.018748,36.525594
Falcon-512_run21,active,11.941153,5.39625,0.586643,3.165671,36.565929
Falcon-512_run21,active,11.953893,5.39875,0.560002,3.023309,36.604447
Falcon-512_run21,active,11.966633,5.3975,0.558929,3.016818,36.642882
Falcon-512_run21,active,11.979382,5.3975,0.570908,3.081478,36.682167
Falcon-512_run21,active,11.992154,5.3975,0.587,3.168335,36.722633
Falcon-512_run21,active,12.004898,5.3975,0.529963,2.860476,36.759086
Falcon-512_run21,active,12.017641,5.39625,0.580921,3.134796,36.799033
Falcon-512_run21,active,12.030381,5.39625,0.56018,3.022873,36.837545
Falcon-512_run21,active,12.043123,5.39625,0.565544,3.051819,36.876433
Falcon-512_run21,active,12.055863,5.3975,0.586106,3.163509,36.916734
Falcon-512_run21,active,12.068602,5.39875,0.586643,3.167138,36.957081
Falcon-512_run21,active,12.081351,5.39625,0.559286,3.018049,36.995556
Falcon-512_run21,active,12.094096,5.39625,0.56179,3.031557,37.034196
Falcon-512_run21,active,12.10684,5.395,0.589861,3.182301,37.074751
Falcon-512_run21,active,12.119581,5.39375,0.571802,3.084159,37.114046
Falcon-512_run21,active,12.132319,5.39625,0.540512,2.91674,37.151199
Falcon-512_run21,active,12.14506,5.39875,0.587179,3.170034,37.191588
Falcon-512_run21,active,12.157801,5.4025,0.570014,3.079503,37.230823
Falcon-512_run21,active,12.170542,5.39625,0.562147,3.033487,37.269473
Falcon-512_run21,active,12.18329,5.39625,0.535327,2.888759,37.3063
Falcon-512_run21,active,12.196033,5.38875,0.538724,2.903051,37.343294
Falcon-512_run21,active,12.208774,5.39875,0.587894,3.173895,37.383731
Falcon-512_run21,active,12.221507,5.39,0.559286,3.014554,37.422117
Falcon-512_run21,active,12.234252,5.3975,0.587,3.168335,37.462496
Falcon-512_run21,active,12.246994,5.40125,0.562505,3.038229,37.501209
Falcon-512_run21,active,12.259734,5.3975,0.56179,3.032259,37.53984
Falcon-512_run21,active,12.272473,5.395,0.587537,3.169761,37.58022
Falcon-512_run21,active,12.285238,5.39375,0.559286,3.016651,37.618727
Falcon-512_run21,active,12.298001,5.39625,0.570193,3.076905,37.657999
Falcon-512_run21,active,12.310743,5.3975,0.586285,3.164474,37.698321
Falcon-512_run21,active,12.323491,5.38875,0.572339,3.084191,37.737639
Falcon-512_run21,active,12.336231,5.39625,0.559823,3.020944,37.776125
Falcon-512_run21,active,12.348975,5.3975,0.569657,3.074723,37.815309
Falcon-512_run21,active,12.361715,5.395,0.587,3.166867,37.855656
Falcon-512_run21,active,12.374453,5.39625,0.587894,3.172425,37.896064
Falcon-512_run21,active,12.387203,5.395,0.586285,3.163009,37.936394
Falcon-512_run21,active,12.399948,5.39625,0.557141,3.006471,37.974711
Falcon-512_run21,active,12.412719,5.3975,0.585212,3.158684,38.015051
Falcon-512_run21,active,12.425466,5.39,0.543194,2.927818,38.052372
Falcon-512_run21,active,12.438207,5.39625,0.581815,3.13962,38.092373
Falcon-512_run21,active,12.450949,5.39625,0.538724,2.907092,38.129415
Falcon-512_run21,active,12.463689,5.3975,0.587894,3.17316,38.169841
Falcon-512_run21,active,12.47643,5.39625,0.562862,3.037346,38.208539
Falcon-512_run21,active,12.489178,5.3975,0.545876,2.946368,38.246099
Falcon-512_run21,active,12.501924,5.39625,0.587,3.167601,38.286473
Falcon-512_run21,active,12.514664,5.395,0.587179,3.167832,38.326833
Falcon-512_run21,active,12.527405,5.38625,0.568226,3.060609,38.365828
Falcon-512_run21,active,12.540147,5.395,0.560002,3.021209,38.404323
Falcon-512_run21,active,12.552887,5.39875,0.570551,3.080261,38.443567
Falcon-512_run21,active,12.565628,5.395,0.587179,3.167832,38.483927
Falcon-512_run21,active,12.578368,5.39625,0.561611,3.030592,38.522537
Falcon-512_run21,active,12.591116,5.40125,0.587,3.170536,38.562955
Falcon-512_run21,active,12.603862,5.39625,0.559465,3.019014,38.601437
Falcon-512_run21,active,12.616602,5.395,0.556783,3.003845,38.639706
Falcon-512_run21,active,12.62934,5.3925,0.588431,3.173113,38.680124
Falcon-512_run21,active,12.642082,5.39625,0.553028,2.98428,38.71815
Falcon-512_run21,active,12.654824,5.3975,0.586643,3.166405,38.758497
Falcon-512_run21,active,12.667566,5.40125,0.575021,3.105831,38.79807
Falcon-512_run21,active,12.680305,5.39625,0.53783,2.902267,38.835043
Falcon-512_run21,active,12.693065,5.39625,0.543016,2.930248,38.872433
Falcon-512_run21,active,12.705837,5.3925,0.587537,3.168292,38.912898
Falcon-512_run21,active,12.718584,5.39375,0.533003,2.874884,38.949543
Falcon-512_run21,active,12.731329,5.39375,0.586643,3.164205,38.989871
Falcon-512_run21,active,12.744073,5.3975,0.571087,3.082443,39.029156
Falcon-512_run21,active,12.756814,5.395,0.578597,3.12153,39.068926
Falcon-512_run21,active,12.77234,5.39625,0.531572,2.868498,39.113463
Falcon-512_run21,active,12.785103,5.3975,0.587179,3.1693,39.153913
Falcon-512_run21,active,12.797857,5.395,0.573769,3.095485,39.193393
Falcon-512_run21,active,12.810605,5.39625,0.563399,3.040241,39.23215
Falcon-512_run21,active,12.823349,5.39625,0.558392,3.013225,39.270549
Falcon-512_run21,active,12.836113,5.38875,0.59147,3.187286,39.311233
Falcon-512_run21,active,12.848854,5.39875,0.573054,3.093775,39.350651
Falcon-512_run21,active,12.861594,5.3975,0.560717,3.026469,39.389207
Falcon-512_run21,active,12.874334,5.3975,0.532466,2.873987,39.42582
Falcon-512_run21,active,12.887077,5.395,0.560538,3.024103,39.464358
Falcon-512_run21,active,12.899822,5.39625,0.589325,3.180144,39.504889
Falcon-512_run21,active,12.912567,5.3975,0.534791,2.886533,39.541678
Falcon-512_run21,active,12.925307,5.3975,0.587537,3.17123,39.58208
Falcon-512_run21,active,12.938045,5.385,0.56465,3.040642,39.620812
Falcon-512_run21,active,12.950827,5.395,0.577345,3.114777,39.660625
Falcon-512_run21,active,12.963576,5.39375,0.566438,3.055227,39.699574
Falcon-512_run21,active,12.976315,5.39375,0.538009,2.901887,39.736541
Falcon-512_run21,active,12.989056,5.39625,0.586285,3.163742,39.776852
Falcon-512_run21,active,13.001802,5.3975,0.571981,3.087269,39.816201
Falcon-512_run21,active,13.014544,5.3975,0.586822,3.16737,39.856562
Falcon-512_run21,active,13.027288,5.39375,0.56018,3.021473,39.895067
Falcon-512_run21,active,13.040027,5.38375,0.552313,2.973516,39.932947
Falcon-512_run21,active,13.052767,5.39625,0.58861,3.176285,39.973412
Falcon-512_run21,active,13.065508,5.3975,0.56018,3.023574,40.011934
Falcon-512_run21,active,13.078248,5.3975,0.53336,2.878813,40.048612
Falcon-512_run21,active,13.090992,5.3975,0.544088,2.936717,40.086036
Falcon-512_run21,active,13.103738,5.3975,0.565187,3.050596,40.12492
Falcon-512_run21,active,13.116482,5.3975,0.585212,3.158684,40.165174
Falcon-512_run21,active,13.129221,5.39625,0.560359,3.023838,40.203695
Falcon-512_run21,active,13.141961,5.38125,0.56626,3.047184,40.242517
Falcon-512_run21,active,13.154701,5.39625,0.585749,3.160847,40.282785
Falcon-512_run21,active,13.167443,5.39625,0.532645,2.874287,40.31941
Falcon-512_run21,active,13.180179,5.3975,0.539797,2.913555,40.356517
Falcon-512_run21,active,13.192924,5.3975,0.588073,3.174125,40.396971
Falcon-512_run21,active,13.20567,5.39875,0.547843,2.957668,40.434668
Falcon-512_run21,active,13.218415,5.39625,0.547486,2.954369,40.472323
Falcon-512_run21,active,13.231159,5.39625,0.587358,3.169531,40.512713
Falcon-512_run21,active,13.243897,5.39,0.561074,3.024191,40.551237
Falcon-512_run21,active,13.256638,5.39625,0.563935,3.043135,40.59001
Falcon-512_run21,active,13.269377,5.39625,0.581279,3.136726,40.629969
Falcon-512_run21,active,13.28212,5.3925,0.587179,3.166364,40.670316
Falcon-512_run21,active,13.294915,5.385,0.531215,2.860592,40.706917
Falcon-512_run21,active,13.307689,5.3975,0.554638,2.993656,40.745159
Falcon-512_run21,active,13.320436,5.3975,0.584855,3.156754,40.785399
Falcon-512_run21,active,13.333178,5.39625,0.563041,3.038311,40.824114
Falcon-512_run21,active,13.34592,5.3925,0.533718,2.878074,40.860785
Falcon-512_run21,active,13.358661,5.39625,0.588252,3.174355,40.901229
Falcon-512_run21,active,13.371404,5.39625,0.52889,2.854025,40.937597
Falcon-512_run21,active,13.384142,5.3975,0.587894,3.17316,40.978018
Falcon-512_run21,active,13.396881,5.39375,0.570372,3.076444,41.017209
Falcon-512_run21,active,13.409628,5.395,0.586106,3.162044,41.057515
Falcon-512_run21,active,13.422374,5.3975,0.571445,3.084373,41.096828
Falcon-512_run21,active,13.435116,5.3975,0.558392,3.013923,41.135232
Falcon-512_run21,active,13.447857,5.3875,0.569657,3.069026,41.174333
Falcon-512_run21,active,13.460594,5.3975,0.583246,3.148068,41.214433
Falcon-512_run21,active,13.473334,5.39625,0.568405,3.067257,41.253507
Falcon-512_run21,active,13.486072,5.39875,0.575557,3.107289,41.29309
Falcon-512_run21,active,13.498845,5.39875,0.586643,3.167138,41.333543
Falcon-512_run21,active,13.511596,5.39625,0.574663,3.101026,41.373085
Falcon-512_run21,active,13.524338,5.39625,0.585749,3.160847,41.41336
Falcon-512_run21,active,13.537079,5.3975,0.561968,3.033224,41.452005
Falcon-512_run21,active,13.549819,5.38125,0.529069,2.847054,41.488277
Falcon-512_run21,active,13.56256,5.3975,0.586822,3.16737,41.528633
Falcon-512_run21,active,13.575301,5.39375,0.559465,3.017615,41.567082
Falcon-512_run21,active,13.588039,5.395,0.554459,2.991305,41.605182
Falcon-512_run21,active,13.600778,5.3975,0.585212,3.158684,41.645423
Falcon-512_run21,active,13.613525,5.39625,0.546055,2.94665,41.682983
Falcon-512_run21,active,13.626268,5.38125,0.560717,3.017357,41.721433
Falcon-512_run21,active,13.63901,5.39625,0.542837,2.929283,41.758758
Falcon-512_run21,active,13.651748,5.39125,0.588252,3.171414,41.799156
Falcon-512_run21,active,13.664487,5.39625,0.572875,3.091378,41.838538
Falcon-512_run21,active,13.677226,5.3925,0.530857,2.862647,41.875003
Falcon-512_run21,active,13.689973,5.39625,0.586285,3.163742,41.915334
Falcon-512_run21,active,13.702751,5.39625,0.54677,2.95051,41.953033
Falcon-512_run21,active,13.715506,5.39625,0.586285,3.163742,41.993388
Falcon-512_run21,active,13.728251,5.39625,0.563041,3.038311,42.03211
Falcon-512_run21,active,13.740992,5.395,0.577345,3.114777,42.071795
Falcon-512_run21,active,13.753733,5.39625,0.579133,3.125148,42.111614
Falcon-512_run21,active,13.766475,5.3975,0.573769,3.096919,42.151074
Falcon-512_run21,active,13.779219,5.39875,0.55875,3.016552,42.189516
Falcon-512_run21,active,13.791957,5.39625,0.572696,3.090413,42.228884
Falcon-512_run21,active,13.804725,5.39875,0.568048,3.066747,42.26804
Falcon-512_run21,active,13.817476,5.39875,0.557677,3.01076,42.306431
Falcon-512_run21,active,13.830221,5.39375,0.558392,3.011829,42.344815
Falcon-512_run21,active,13.842966,5.3975,0.540512,2.917416,42.381998
Falcon-512_run21,active,13.855705,5.395,0.595225,3.21124,42.422907
Falcon-512_run21,active,13.868446,5.39875,0.571981,3.087984,42.462249
Falcon-512_run21,active,13.881185,5.3975,0.587,3.168335,42.502613
Falcon-512_run21,active,13.893925,5.39875,0.55875,3.016552,42.541043
Falcon-512_run21,active,13.906666,5.4,0.585391,3.161112,42.581318
Falcon-512_run21,active,13.919415,5.3975,0.571087,3.082443,42.620617
Falcon-512_run21,active,13.932157,5.39875,0.544982,2.942224,42.658105
Falcon-512_run21,active,13.944897,5.39625,0.564829,3.04796,42.696938
Falcon-512_run21,active,13.957638,5.39875,0.559465,3.020413,42.735419
Falcon-512_run21,active,13.970377,5.3975,0.52889,2.854686,42.771785
Falcon-512_run21,active,13.983118,5.3975,0.586464,3.165439,42.812116
Falcon-512_run21,active,13.995856,5.3925,0.570551,3.076695,42.851308
Falcon-512_run21,active,14.008593,5.39875,0.587537,3.171964,42.891711
Falcon-512_run21,active,14.02134,5.3975,0.571624,3.085338,42.931039
Falcon-512_run21,active,14.034083,5.40125,0.558571,3.016983,42.969484
Falcon-512_run21,active,14.049556,5.39625,0.586643,3.165671,43.018465
Falcon-512_run21,active,14.062314,5.39125,0.558214,3.009469,43.056861
Falcon-512_run21,active,14.075058,5.39875,0.587,3.169068,43.097247
Falcon-512_run21,active,14.087798,5.39375,0.572875,3.089946,43.136613
Falcon-512_run21,active,14.100535,5.39625,0.586106,3.162777,43.176899
Falcon-512_run21,active,14.113274,5.3975,0.587894,3.17316,43.217322
Falcon-512_run21,active,14.126019,5.3975,0.562147,3.03419,43.255991
Falcon-512_run21,active,14.138766,5.3975,0.560896,3.027434,43.294581
Falcon-512_run21,active,14.151511,5.39625,0.587179,3.168566,43.334966
Falcon-512_run21,active,14.164249,5.395,0.561253,3.027961,43.373536
Falcon-512_run21,active,14.17699,5.39625,0.554816,2.993928,43.41168
Falcon-512_run21,active,14.18973,5.39625,0.531215,2.866568,43.4482
Falcon-512_run21,active,14.202469,5.39625,0.558929,3.01612,43.486623
Falcon-512_run21,active,14.21521,5.395,0.585749,3.160115,43.526887
Falcon-512_run21,active,14.227956,5.395,0.570014,3.075228,43.566084
Falcon-512_run21,active,14.240718,5.39625,0.559823,3.020944,43.604636
Falcon-512_run21,active,14.25346,5.395,0.553922,2.988411,43.642716
Falcon-512_run21,active,14.266203,5.395,0.538724,2.906418,43.679752
Falcon-512_run21,active,14.27895,5.4,0.589325,3.182354,43.720318
Falcon-512_run21,active,14.291693,5.3975,0.585749,3.161579,43.760606
Falcon-512_run21,active,14.304443,5.3975,0.587358,3.170265,43.801027
Falcon-512_run21,active,14.317181,5.395,0.572339,3.087768,43.840358
Falcon-512_run21,active,14.329926,5.3975,0.587537,3.17123,43.880776
Falcon-512_run21,active,14.342679,5.39625,0.560359,3.023838,43.919339
Falcon-512_run21,active,14.355466,5.40125,0.535148,2.89047,43.956297
Falcon-512_run21,active,14.368212,5.39375,0.586464,3.16324,43.996619
Falcon-512_run21,active,14.380957,5.39625,0.561253,3.028663,44.035217
Falcon-512_run21,active,14.393697,5.39625,0.529427,2.856919,44.071616
Falcon-512_run21,active,14.406438,5.39625,0.53783,2.902267,44.108591
Falcon-512_run21,active,14.419182,5.3975,0.569299,3.072792,44.147752
Falcon-512_run21,active,14.431929,5.39625,0.56322,3.039276,44.186494
Falcon-512_run21,active,14.444674,5.39625,0.558929,3.01612,44.224936
Falcon-512_run21,active,14.457454,5.41125,0.572518,3.098036,44.264529
Falcon-512_run21,active,14.470198,5.3975,0.539797,2.913555,44.301659
Falcon-512_run21,active,14.482941,5.39875,0.587894,3.173895,44.342102
Falcon-512_run21,active,14.495682,5.39875,0.57359,3.096671,44.381557
Falcon-512_run21,active,14.508421,5.39625,0.552134,2.979455,44.419514
Falcon-512_run21,active,14.521161,5.39625,0.586643,3.165671,44.459844
Falcon-512_run21,active,14.53391,5.3975,0.582173,3.142278,44.499904
Falcon-512_run21,active,14.546655,5.4,0.54981,2.968974,44.537744
Falcon-512_run21,active,14.559402,5.39875,0.58557,3.161346,44.578041
Falcon-512_run21,active,14.572145,5.39875,0.557856,3.011725,44.616421
Falcon-512_run21,active,14.584887,5.3975,0.541943,2.925136,44.653691
Falcon-512_run21,active,14.597627,5.3975,0.580742,3.134557,44.693627
Falcon-512_run21,active,14.610367,5.39625,0.566796,3.058573,44.732591
Falcon-512_run21,active,14.623108,5.3975,0.559286,3.018748,44.771055
Falcon-512_run21,active,14.635851,5.3975,0.558392,3.013923,44.809461
Falcon-512_run21,active,14.6486,5.39625,0.58414,3.152163,44.849647
Falcon-512_run21,active,14.661348,5.3975,0.539797,2.913555,44.886791
Falcon-512_run21,active,14.674092,5.3975,0.583603,3.149998,44.926935
Falcon-512_run21,active,14.686851,5.4,0.559108,3.019181,44.965455
Falcon-512_run21,active,14.699607,5.39625,0.56322,3.039276,45.004224
Falcon-512_run21,active,14.712373,5.395,0.587,3.166867,45.044651
Falcon-512_run21,active,14.725118,5.39625,0.561968,3.032522,45.083303
Falcon-512_run21,active,14.737868,5.39625,0.561253,3.028663,45.121917
Falcon-512_run21,active,14.750615,5.3975,0.586822,3.16737,45.162293
Falcon-512_run21,active,14.76336,5.395,0.557856,3.009633,45.200649
Falcon-512_run21,active,14.776131,5.395,0.543731,2.933428,45.238111
Falcon-512_run21,active,14.788877,5.39625,0.586822,3.166636,45.278475
Falcon-512_run21,active,14.801618,5.395,0.535864,2.890984,45.315308
Falcon-512_run21,active,14.814358,5.39625,0.551062,2.973666,45.353191
Falcon-512_run21,active,14.8271,5.39875,0.588073,3.17486,45.393646
Falcon-512_run21,active,14.839846,5.39625,0.556068,3.000682,45.431893
Falcon-512_run21,active,14.85259,5.39625,0.570372,3.07787,45.471119
Falcon-512_run21,active,14.865333,5.4,0.585749,3.163044,45.511424
Falcon-512_run21,active,14.878076,5.40125,0.564114,3.046921,45.550251
Falcon-512_run21,active,14.890845,5.3975,0.564293,3.04577,45.589144
Falcon-512_run21,active,14.90359,5.39625,0.586285,3.163742,45.629464
Falcon-512_run21,active,14.916327,5.38625,0.561074,3.022087,45.667957
Falcon-512_run21,active,14.929067,5.3975,0.558035,3.011993,45.706331
Falcon-512_run21,active,14.941814,5.395,0.586285,3.163009,45.746649
Falcon-512_run21,active,14.954558,5.39625,0.538367,2.905162,45.783673
Falcon-512_run21,active,14.967301,5.41125,0.587179,3.177373,45.824161
Falcon-512_run21,active,14.980041,5.3975,0.575915,3.1085,45.863764
Falcon-512_run21,active,14.99278,5.3825,0.586106,3.154718,45.903953
Falcon-512_run21,active,15.005519,5.40125,0.563041,3.041126,45.942693
Falcon-512_run21,active,15.018259,5.39875,0.586822,3.168103,45.983053
Falcon-512_run21,active,15.031002,5.395,0.558929,3.015421,46.021479
Falcon-512_run21,active,15.043748,5.3975,0.587716,3.172195,46.061913
Falcon-512_run21,active,15.056492,5.395,0.555532,2.997093,46.100109
Falcon-512_run21,active,15.069233,5.3975,0.587,3.168335,46.140474
Falcon-512_run21,active,15.081974,5.39875,0.572696,3.091845,46.179867
Falcon-512_run21,active,15.094714,5.395,0.535148,2.887126,46.21665
Falcon-512_run21,active,15.107456,5.39625,0.560359,3.023838,46.255181
Falcon-512_run21,active,15.120195,5.3975,0.586643,3.166405,46.295515
Falcon-512_run21,active,15.132934,5.3975,0.550704,2.972425,46.333383
Falcon-512_run21,active,15.145681,5.3975,0.538546,2.9068,46.370435
Falcon-512_run21,active,15.158422,5.39625,0.588073,3.17339,46.410869
Falcon-512_run21,active,15.171166,5.39625,0.528533,2.852095,46.447214
Falcon-512_run21,active,15.183906,5.3975,0.586822,3.16737,46.487567
Falcon-512_run21,active,15.196646,5.395,0.564293,3.04436,46.526352
Falcon-512_run21,active,15.209388,5.39625,0.559465,3.019014,46.56482
Falcon-512_run21,active,15.222129,5.3975,0.588252,3.17509,46.605275
Falcon-512_run21,active,15.234874,5.39875,0.573412,3.095706,46.644729
Falcon-512_run21,active,15.247623,5.3975,0.5364,2.895219,46.681639
Falcon-512_run21,active,15.260364,5.39875,0.588788,3.178721,46.722142
Falcon-512_run21,active,15.273106,5.39625,0.539797,2.912881,46.759256
Falcon-512_run21,active,15.285844,5.3975,0.589325,3.180881,46.799775
Falcon-512_run21,active,15.298597,5.39625,0.558929,3.01612,46.838238
Falcon-512_run21,active,15.31134,5.3975,0.533897,2.881708,46.87496
Falcon-512_run21,active,15.326813,5.395,0.550525,2.970083,46.920918
Falcon-512_run21,active,15.339576,5.3975,0.586822,3.16737,46.961342
Falcon-512_run21,active,15.352325,5.39875,0.560717,3.02717,46.999935
Falcon-512_run21,active,15.365068,5.39625,0.56018,3.022873,47.038457
Falcon-512_run21,active,15.377808,5.395,0.587894,3.17169,47.078863
Falcon-512_run21,active,15.390547,5.39875,0.565187,3.051302,47.117733
Falcon-512_run21,active,15.403287,5.39625,0.585749,3.160847,47.158004
Falcon-512_run21,active,15.416026,5.395,0.569657,3.073298,47.197152
Falcon-512_run21,active,15.428764,5.395,0.564829,3.047254,47.235969
Falcon-512_run21,active,15.441505,5.3975,0.562862,3.03805,47.274677
Falcon-512_run21,active,15.454249,5.3975,0.550346,2.970495,47.312534
Falcon-512_run21,active,15.466994,5.39625,0.556247,3.001647,47.350788
Falcon-512_run21,active,15.47973,5.39125,0.586285,3.16081,47.391045
Falcon-512_run21,active,15.492465,5.395,0.569478,3.072334,47.430173
Falcon-512_run21,active,15.505203,5.3975,0.571266,3.083408,47.469448
Falcon-512_run21,active,15.51794,5.3975,0.559286,3.018748,47.507898
Falcon-512_run21,active,15.530677,5.39875,0.531394,2.868861,47.54444
Falcon-512_run21,active,15.543416,5.3975,0.587358,3.170265,47.584825
Falcon-512_run21,active,15.55616,5.39625,0.573233,3.093307,47.624244
Falcon-512_run21,active,15.568905,5.395,0.560538,3.024103,47.662787
Falcon-512_run21,active,15.581643,5.39875,0.535685,2.892028,47.699626
Falcon-512_run21,active,15.594381,5.39625,0.586643,3.165671,47.73995
Falcon-512_run21,active,15.607121,5.40125,0.569657,3.076859,47.77915
Falcon-512_run21,active,15.619858,5.39875,0.549631,2.967321,47.816943
Falcon-512_run21,active,15.632595,5.39875,0.587,3.169068,47.85731
Falcon-512_run21,active,15.645334,5.3975,0.572696,3.091129,47.896686
Falcon-512_run21,active,15.658079,5.39875,0.564829,3.049372,47.935551
Falcon-512_run21,active,15.670826,5.39625,0.586643,3.165671,47.975903
Falcon-512_run21,active,15.683566,5.39625,0.574484,3.100061,48.015399
Falcon-512_run21,active,15.696311,5.3975,0.529784,2.859511,48.051844
Falcon-512_run21,active,15.70906,5.3975,0.587,3.168335,48.092236
Falcon-512_run21,active,15.721805,5.395,0.557498,3.007704,48.13057
Falcon-512_run21,active,15.734548,5.38875,0.561074,3.02349,48.169097
Falcon-512_run21,active,15.747293,5.40125,0.585212,3.160878,48.209382
Falcon-512_run21,active,15.760039,5.39625,0.561611,3.030592,48.24801
Falcon-512_run21,active,15.772784,5.39875,0.538188,2.905542,48.285041
Falcon-512_run21,active,15.785525,5.40125,0.587,3.170536,48.325437
Falcon-512_run21,active,15.798263,5.39625,0.587537,3.170495,48.365824
Falcon-512_run21,active,15.811007,5.39625,0.567869,3.064362,48.404876
Falcon-512_run21,active,15.823746,5.3975,0.579133,3.125871,48.444697
Falcon-512_run21,active,15.836484,5.39875,0.535327,2.890098,48.48151
Falcon-512_run21,active,15.849225,5.3975,0.587358,3.170265,48.521904
Falcon-512_run21,active,15.861971,5.39875,0.56912,3.072539,48.561067
Falcon-512_run21,active,15.874714,5.39625,0.548737,2.961123,48.5988
Falcon-512_run21,active,15.887456,5.3975,0.57073,3.080513,48.638051
Falcon-512_run21,active,15.900194,5.395,0.587179,3.167832,48.678404
Falcon-512_run21,active,15.912933,5.39875,0.569299,3.073504,48.717557
Falcon-512_run21,active,15.925673,5.39625,0.559465,3.019014,48.75602
Falcon-512_run21,active,15.938413,5.39625,0.588967,3.178214,48.79651
Falcon-512_run21,active,15.951155,5.395,0.560717,3.025067,48.835055
Falcon-512_run21,active,15.963902,5.395,0.586285,3.163009,48.875373
Falcon-512_run21,active,15.976646,5.3925,0.569836,3.072838,48.914534
Falcon-512_run21,active,15.989388,5.4,0.546055,2.948698,48.952107
Falcon-512_run21,active,16.002129,5.3975,0.531036,2.866267,48.988626
Falcon-512_run21,active,16.01487,5.39875,0.588073,3.17486,49.029077
Falcon-512_run21,active,16.027611,5.4,0.535327,2.890767,49.065906
Falcon-512_run21,active,16.040348,5.39875,0.589325,3.181617,49.106432
Falcon-512_run21,active,16.053088,5.3975,0.566975,3.060246,49.14542
Falcon-512_run21,active,16.065835,5.395,0.576094,3.108025,49.185036
Falcon-512_run21,active,16.078579,5.3975,0.559286,3.018748,49.223507
Falcon-512_run21,active,16.09132,5.39875,0.573412,3.095706,49.262952
Falcon-512_run21,active,16.10406,5.3975,0.57216,3.088234,49.302295
Falcon-512_run21,active,16.116799,5.39,0.560717,3.022264,49.340796
Falcon-512_run21,active,16.129539,5.395,0.529963,2.859151,49.377219
Falcon-512_run21,active,16.142279,5.39625,0.559465,3.019014,49.415684
Falcon-512_run21,active,16.155022,5.40125,0.585391,3.161844,49.455974
Falcon-512_run21,active,16.167768,5.39625,0.577703,3.117429,49.49571
Falcon-512_run21,active,16.180511,5.395,0.558929,3.015421,49.534135
Falcon-512_run21,active,16.193251,5.3975,0.587358,3.170265,49.574524
Falcon-512_run21,active,16.20599,5.39875,0.558571,3.015586,49.61294
Falcon-512_run21,active,16.218729,5.3975,0.553386,2.986901,49.65099
Falcon-512_run21,active,16.231472,5.3975,0.558929,3.016818,49.689431
Falcon-512_run21,active,16.244205,5.39875,0.529963,2.861139,49.725863
Falcon-512_run21,active,16.256944,5.395,0.588252,3.17362,49.766293
Falcon-512_run21,active,16.269691,5.3975,0.535685,2.891359,49.803149
Falcon-512_run21,active,16.282433,5.3975,0.587179,3.1693,49.843533
Falcon-512_run21,active,16.295188,5.39375,0.558929,3.014722,49.881986
Falcon-512_run21,active,16.30793,5.3975,0.587894,3.17316,49.922418
Falcon-512_run21,active,16.320676,5.3975,0.587358,3.170265,49.962825
Falcon-512_run21,active,16.333449,5.3975,0.568942,3.070862,50.002048
Falcon-512_run21,active,16.346186,5.4,0.567332,3.063595,50.04107
Falcon-512_run21,active,16.358938,5.39375,0.587537,3.169027,50.08148
Falcon-512_run21,active,16.371704,5.39625,0.547307,2.953404,50.119186
Falcon-512_run21,active,16.384451,5.39625,0.567869,3.064362,50.158246
Falcon-512_run21,active,16.39719,5.39625,0.585212,3.157952,50.198475
Falcon-512_run21,active,16.409928,5.39625,0.579133,3.125148,50.238282
Falcon-512_run21,active,16.422666,5.395,0.54981,2.966225,50.276067
Falcon-512_run21,active,16.435406,5.395,0.56912,3.070405,50.315184
Falcon-512_run21,active,16.448142,5.3975,0.586643,3.166405,50.355513
Falcon-512_run21,active,16.460881,5.3975,0.563041,3.039015,50.394226
Falcon-512_run21,active,16.473626,5.395,0.537115,2.897737,50.431157
Falcon-512_run21,active,16.486371,5.395,0.589325,3.179407,50.471679
Falcon-512_run21,active,16.499113,5.39625,0.571087,3.081729,50.510946
Falcon-512_run21,active,16.511853,5.3975,0.563041,3.039015,50.549664
Falcon-512_run21,active,16.524589,5.3975,0.56018,3.023574,50.588172
Falcon-512_run21,active,16.537328,5.3975,0.587179,3.1693,50.628545
Falcon-512_run21,active,16.550065,5.3975,0.578954,3.124906,50.668347
Falcon-512_run21,active,16.562838,5.3975,0.56018,3.023574,50.706967
Falcon-512_run21,active,16.575585,5.39625,0.538903,2.908056,50.744037
Falcon-512_run21,active,16.588328,5.3975,0.586822,3.16737,50.784399
Falcon-512_run21,active,16.603613,5.3975,0.570193,3.077618,50.831439
Falcon-512_run21,active,16.616364,5.39375,0.558035,3.0099,50.86982
Falcon-512_run21,active,16.629107,5.395,0.558214,3.011562,50.908193
Falcon-512_run21,active,16.641845,5.39875,0.529784,2.860174,50.944628
Falcon-512_run21,active,16.654582,5.39875,0.586643,3.167138,50.984969
Falcon-512_run21,active,16.667323,5.39625,0.559286,3.018049,51.02342
Falcon-512_run21,active,16.680066,5.39875,0.57073,3.081226,51.062684
Falcon-512_run21,active,16.69282,5.39625,0.586643,3.165671,51.103059
Falcon-512_run21,active,16.705596,5.39625,0.565723,3.052784,51.142063
Falcon-512_run21,active,16.718344,5.39875,0.588967,3.179687,51.182597
Falcon-512_run21,active,16.731089,5.395,0.561968,3.03182,51.221237
Falcon-512_run21,active,16.743833,5.39625,0.57216,3.087518,51.260584
Falcon-512_run21,active,16.756572,5.39625,0.534791,2.885865,51.297348
Falcon-512_run21,active,16.769311,5.3975,0.586106,3.163509,51.337648
Falcon-512_run21,active,16.782058,5.39625,0.573054,3.092343,51.377066
Falcon-512_run21,active,16.79483,5.39875,0.561074,3.0291,51.415755
Falcon-512_run21,active,16.807575,5.39875,0.573769,3.097636,51.455234
Falcon-512_run21,active,16.820316,5.39625,0.569299,3.072081,51.494374
Falcon-512_run21,active,16.83306,5.39625,0.531215,2.866568,51.530904
Falcon-512_run21,active,16.845799,5.39625,0.586285,3.163742,51.571209
Falcon-512_run21,active,16.858539,5.3975,0.572875,3.092094,51.610601
Falcon-512_run21,active,16.871282,5.39875,0.585749,3.162311,51.650898
Falcon-512_run21,active,16.884027,5.39625,0.570551,3.078835,51.69014
Falcon-512_run21,active,16.896773,5.39875,0.562505,3.036823,51.728846
Falcon-512_run21,active,16.909512,5.395,0.568048,3.064617,51.767887
Falcon-512_run21,active,16.922254,5.39625,0.560002,3.021909,51.80639
Falcon-512_run21,active,16.934996,5.3975,0.529963,2.860476,51.842839
Falcon-512_run21,active,16.947734,5.3975,0.585928,3.162544,51.883125
Falcon-512_run21,active,16.960475,5.39875,0.574484,3.101498,51.922642
Falcon-512_run21,active,16.973216,5.3975,0.570908,3.081478,51.9619
Falcon-512_run21,active,16.985962,5.4,0.578597,3.124423,52.001727
Falcon-512_run21,active,16.998707,5.3975,0.559465,3.019713,52.040213
Falcon-512_run21,active,17.01145,5.3975,0.561611,3.031294,52.078839
Falcon-512_run21,active,17.024189,5.3975,0.587537,3.17123,52.119236
Falcon-512_run21,active,17.036928,5.395,0.573054,3.091626,52.158623
Falcon-512_run21,active,17.049667,5.39875,0.565366,3.052268,52.197505
Falcon-512_run21,active,17.062406,5.3975,0.577703,3.118151,52.237226
Falcon-512_run21,active,17.075148,5.39875,0.534612,2.886237,52.274005
Falcon-512_run21,active,17.087894,5.395,0.586106,3.162044,52.314307
Falcon-512_run21,active,17.100638,5.395,0.5364,2.893878,52.351187
Falcon-512_run21,active,17.113381,5.3975,0.533897,2.881708,52.387908
Falcon-512_run21,active,17.126122,5.39375,0.587716,3.169991,52.428296
Falcon-512_run21,active,17.138864,5.39625,0.568763,3.069186,52.467405
Falcon-512_run21,active,17.151605,5.3975,0.587179,3.1693,52.507784
Falcon-512_run21,active,17.164343,5.3975,0.562147,3.03419,52.546433
Falcon-512_run21,active,17.177082,5.3925,0.568763,3.067053,52.585504
Falcon-512_run21,active,17.18983,5.39,0.580742,3.130202,52.625407
Falcon-512_run21,active,17.202572,5.3975,0.538724,2.907765,52.662461
Falcon-512_run21,active,17.215315,5.39125,0.587179,3.16563,52.7028
Falcon-512_run21,active,17.228055,5.3975,0.573233,3.094024,52.742215
Falcon-512_run21,active,17.240795,5.38625,0.530678,2.858367,52.778633
Falcon-512_run21,active,17.253545,5.3925,0.587358,3.167328,52.819015
Falcon-512_run21,active,17.266289,5.3975,0.566081,3.055421,52.857953
Falcon-512_run21,active,17.279032,5.39875,0.571445,3.085088,52.897267
Falcon-512_run21,active,17.291784,5.39625,0.559108,3.017084,52.93574
Falcon-512_run21,active,17.304541,5.39875,0.533182,2.878514,52.972461
Falcon-512_run21,active,17.317283,5.3975,0.586643,3.166405,53.012808
Falcon-512_run21,active,17.330024,5.39625,0.559823,3.020944,53.051298
Falcon-512_run21,active,17.342757,5.39625,0.539976,2.913845,53.088402
Falcon-512_run21,active,17.355503,5.395,0.567332,3.060758,53.127413
Falcon-512_run21,active,17.368239,5.39625,0.580921,3.134796,53.167338
Falcon-512_run21,active,17.380978,5.3975,0.572696,3.091129,53.206716
Falcon-512_run21,active,17.393723,5.3975,0.544088,2.936717,53.244143
Falcon-512_run21,active,17.406463,5.39625,0.571445,3.083659,53.28343
Falcon-512_run21,active,17.419207,5.39625,0.587537,3.170495,53.323834
Falcon-512_run21,active,17.431947,5.3975,0.579491,3.127802,53.363683
Falcon-512_run21,active,17.444684,5.39375,0.563399,3.038832,53.402389
Falcon-512_run21,active,17.457453,5.3975,0.570908,3.081478,53.441735
Falcon-512_run21,active,17.47019,5.3975,0.571802,3.086303,53.481047
Falcon-512_run21,active,17.482931,5.39875,0.5811,3.137214,53.521017
Falcon-512_run21,active,17.495675,5.39375,0.564114,3.04269,53.559794
Falcon-512_run21,active,17.508417,5.3975,0.535148,2.888463,53.596599
Falcon-512_run21,active,17.521156,5.3975,0.586106,3.163509,53.636898
Falcon-512_run21,active,17.533894,5.3975,0.570014,3.076653,53.676088
Falcon-512_run21,active,17.546631,5.3825,0.562862,3.029607,53.714676
Falcon-512_run21,active,17.559369,5.39625,0.586106,3.162777,53.754964
Falcon-512_run21,active,17.572141,5.3975,0.587,3.168335,53.795431
Falcon-512_run21,active,17.584883,5.395,0.575378,3.104166,53.834985
Falcon-512_run21,active,17.597629,5.39625,0.565544,3.051819,53.87388
Falcon-512_run21,active,17.610372,5.3975,0.551419,2.976285,53.91181
Falcon-512_run21,active,17.623114,5.3975,0.529248,2.856616,53.948208
Falcon-512_run21,active,17.635851,5.3925,0.577345,3.113334,53.987863
Falcon-512_run21,active,17.648591,5.38125,0.579312,3.117423,54.027577
Falcon-512_run21,active,17.66133,5.39625,0.587358,3.169531,54.067953
Falcon-512_run21,active,17.674068,5.4,0.559286,3.020147,54.106426
Falcon-512_run21,active,17.686832,5.3975,0.536936,2.898114,54.143417
Falcon-512_run21,active,17.699594,5.39875,0.572339,3.089914,54.18285
Falcon-512_run21,active,17.712363,5.39625,0.587358,3.169531,54.223321
Falcon-512_run21,active,17.725108,5.40375,0.56912,3.075384,54.262518
Falcon-512_run21,active,17.737862,5.39375,0.587894,3.170955,54.30296
Falcon-512_run21,active,17.750627,5.38375,0.561611,3.023572,54.341556
Falcon-512_run21,active,17.763377,5.3975,0.587179,3.1693,54.381965
Falcon-512_run21,active,17.776142,5.39625,0.541585,2.922529,54.41927
Falcon-512_run21,active,17.788886,5.3975,0.587537,3.17123,54.459684
Falcon-512_run21,active,17.801636,5.3975,0.561968,3.033224,54.498357
Falcon-512_run21,active,17.814381,5.3975,0.57216,3.088234,54.537718
Falcon-512_run21,active,17.827126,5.39625,0.581279,3.136726,54.577695
Falcon-512_run21,active,17.839867,5.39625,0.568405,3.067257,54.616774
Falcon-512_run21,active,17.852608,5.39,0.5305,2.859393,54.653207
Falcon-512_run21,active,17.865351,5.3975,0.583246,3.148068,54.693322
Falcon-512_run21,active,17.880878,5.395,0.581279,3.135999,54.742015
Falcon-512_run21,active,17.89364,5.39375,0.54087,2.917318,54.779245
Falcon-512_run21,active,17.906391,5.4,0.563756,3.044285,54.818065
Falcon-512_run21,active,17.91914,5.3975,0.54534,2.943473,54.855591
Falcon-512_run21,active,17.93188,5.3975,0.587537,3.17123,54.895991
Falcon-512_run21,active,17.94462,5.4025,0.562505,3.038932,54.934706
Falcon-512_run21,active,17.957358,5.39625,0.553744,2.988139,54.97277
Falcon-512_run21,active,17.970096,5.39625,0.586643,3.165671,55.013095
Falcon-512_run21,active,17.982836,5.3975,0.58861,3.17702,55.053569
Falcon-512_run21,active,17.995576,5.4025,0.540334,2.919152,55.090761
Falcon-512_run21,active,18.00833,5.3875,0.53783,2.897561,55.127717
Falcon-512_run21,active,18.02111,5.3925,0.588431,3.173113,55.168267
Falcon-512_run21,active,18.033864,5.39375,0.587,3.166133,55.208649
Falcon-512_run21,active,18.046606,5.39625,0.559465,3.019014,55.247116
Falcon-512_run21,active,18.059351,5.39625,0.56465,3.046995,55.285951
Falcon-512_run21,active,18.072126,5.39625,0.559286,3.018049,55.324505
Falcon-512_run21,active,18.084867,5.39125,0.558214,3.009469,55.362849
Falcon-512_run21,active,18.097609,5.3975,0.587179,3.1693,55.403233
Falcon-512_run21,active,18.110356,5.39625,0.563399,3.040241,55.441988
Falcon-512_run21,active,18.123101,5.395,0.587716,3.170726,55.482398
Falcon-512_run21,active,18.13584,5.39875,0.584318,3.154589,55.522584
Falcon-512_run21,active,18.14858,5.39625,0.564293,3.045065,55.561378
Falcon-512_run21,active,18.161319,5.3925,0.586643,3.163471,55.601678
Falcon-512_run21,active,18.174059,5.39625,0.572518,3.089448,55.641036
Falcon-512_run21,active,18.186827,5.3975,0.562684,3.037085,55.679816
Falcon-512_run21,active,18.199572,5.3925,0.587,3.1654,55.720158
Falcon-512_run21,active,18.212315,5.3975,0.572875,3.092094,55.75956
Falcon-512_run21,active,18.22506,5.39625,0.564829,3.04796,55.798408
Falcon-512_run21,active,18.237799,5.39625,0.550525,2.970772,55.836251
Falcon-512_run21,active,18.250538,5.3975,0.585928,3.162544,55.876538
Falcon-512_run21,active,18.263278,5.3925,0.539618,2.909892,55.913612
Falcon-512_run21,active,18.276016,5.39625,0.539976,2.913845,55.950727
Falcon-512_run21,active,18.288758,5.39625,0.572875,3.091378,55.990117
Falcon-512_run21,active,18.301507,5.39375,0.534791,2.884528,56.026894
Falcon-512_run21,active,18.314254,5.39875,0.564293,3.046476,56.065725
Falcon-512_run21,active,18.327003,5.39875,0.581636,3.14011,56.105758
Falcon-512_run21,active,18.33974,5.39625,0.586464,3.164706,56.146068
Falcon-512_run21,active,18.352491,5.39625,0.587537,3.170495,56.186496
Falcon-512_run21,active,18.365251,5.39125,0.587179,3.16563,56.22689
Falcon-512_run21,active,18.377999,5.3975,0.587,3.168335,56.267279
Falcon-512_run21,active,18.390741,5.395,0.571981,3.085839,56.306598
Falcon-512_run21,active,18.403485,5.39625,0.567154,3.060503,56.345602
Falcon-512_run21,active,18.41623,5.39625,0.549631,2.965947,56.383404
Falcon-512_run21,active,18.428973,5.3975,0.538903,2.90873,56.42047
Falcon-512_run21,active,18.441713,5.39875,0.588431,3.176791,56.460941
Falcon-512_run21,active,18.454452,5.39625,0.587358,3.169531,56.501318
Falcon-512_run21,active,18.467194,5.395,0.565544,3.051112,56.540194
Falcon-512_run21,active,18.479931,5.39625,0.545876,2.945686,56.577715
Falcon-512_run21,active,18.492669,5.39875,0.541049,2.920987,56.614922
Falcon-512_run21,active,18.505448,5.39875,0.586285,3.165207,56.655368
Falcon-512_run21,active,18.518194,5.39875,0.588788,3.178721,56.695885
Falcon-512_run21,active,18.53094,5.3975,0.573948,3.097884,56.735372
Falcon-512_run21,active,18.54368,5.39625,0.534612,2.8849,56.772125
Falcon-512_run21,active,18.556422,5.395,0.586464,3.163973,56.812439
Falcon-512_run21,active,18.569161,5.38125,0.573054,3.083747,56.851724
Falcon-512_run21,active,18.581899,5.3975,0.561253,3.029364,56.890313
Falcon-512_run21,active,18.594638,5.39625,0.585928,3.161812,56.930591
Falcon-512_run21,active,18.607379,5.395,0.587894,3.17169,56.971
Falcon-512_run21,active,18.620151,5.3975,0.573769,3.096919,57.010554
Falcon-512_run21,active,18.632892,5.39625,0.586285,3.163742,57.050865
Falcon-512_run21,active,18.64563,5.39875,0.558929,3.017517,57.089301
Falcon-512_run21,active,18.658368,5.39875,0.531215,2.867896,57.125831
Falcon-512_run21,active,18.671108,5.38875,0.584497,3.149709,57.165959
Falcon-512_run21,active,18.683846,5.4,0.567869,3.066492,57.205021
Falcon-512_run21,active,18.696592,5.39625,0.560717,3.025768,57.243588
Falcon-512_run21,active,18.709363,5.3975,0.54087,2.919346,57.280869
Falcon-512_run21,active,18.722116,5.39625,0.588252,3.174355,57.321353
Falcon-512_run21,active,18.734867,5.3975,0.564472,3.046735,57.360202
Falcon-512_run21,active,18.747609,5.39625,0.55285,2.983315,57.398214
Falcon-512_run21,active,18.760347,5.3975,0.544625,2.939612,57.435661
Falcon-512_run21,active,18.773085,5.3875,0.58414,3.147052,57.475747
Falcon-512_run21,active,18.78583,5.395,0.558571,3.013492,57.514153
Falcon-512_run21,active,18.79857,5.39625,0.555889,2.999717,57.552371
Falcon-512_run21,active,18.811312,5.39625,0.587716,3.17146,57.592782
Falcon-512_run21,active,18.824058,5.39625,0.557856,3.01033,57.631152
Falcon-512_run21,active,18.836801,5.3975,0.586643,3.166405,57.671499
Falcon-512_run21,active,18.849541,5.39625,0.574484,3.100061,57.710995
Falcon-512_run21,active,18.862282,5.39875,0.56018,3.024274,57.749528
Falcon-512_run21,active,18.875024,5.39,0.554816,2.99046,57.787632
Falcon-512_run21,active,18.887765,5.39625,0.587358,3.169531,57.828014
Falcon-512_run21,active,18.900504,5.3975,0.563041,3.039015,57.866727
Falcon-512_run21,active,18.913243,5.39625,0.532824,2.875252,57.903356
Falcon-512_run21,active,18.925989,5.39875,0.570014,3.077365,57.94258
Falcon-512_run21,active,18.938732,5.4,0.540512,2.918767,57.979775
Falcon-512_run21,active,18.951476,5.39625,0.587,3.167601,58.020141
Falcon-512_run21,active,18.964214,5.4,0.587179,3.170768,58.06053
Falcon-512_run21,active,18.976954,5.3875,0.561253,3.023752,58.099055
Falcon-512_run21,active,18.989697,5.39375,0.549631,2.964573,58.136833
Falcon-512_run21,active,19.002445,5.39625,0.593616,3.2033,58.177667
Falcon-512_run21,active,19.015188,5.40625,0.568226,3.071974,58.216812
Falcon-512_run21,active,19.027936,5.39625,0.563578,3.041206,58.255584
Falcon-512_run21,active,19.04068,5.3975,0.587894,3.17316,58.29602
Falcon-512_run21,active,19.053458,5.39375,0.564114,3.04269,58.3349
Falcon-512_run21,active,19.066202,5.3975,0.543731,2.934787,58.372302
Falcon-512_run21,active,19.078944,5.395,0.589682,3.181337,58.412838
Falcon-512_run21,active,19.091682,5.39625,0.567511,3.062432,58.451847
Falcon-512_run21,active,19.104422,5.39375,0.567154,3.059085,58.490821
Falcon-512_run21,active,19.117162,5.4,0.544625,2.940974,58.528287
Falcon-512_run21,active,19.129907,5.39875,0.587179,3.170034,58.568691
Falcon-512_run21,active,19.142651,5.3975,0.569299,3.072792,58.607851
Falcon-512_run21,active,19.158139,5.395,0.568405,3.066546,58.655345
Falcon-512_run21,active,19.170902,5.39625,0.57359,3.095237,58.694851
Falcon-512_run21,active,19.183647,5.39125,0.586643,3.162738,58.735158
Falcon-512_run21,active,19.196389,5.39625,0.576809,3.112604,58.774818
Falcon-512_run21,active,19.20913,5.3975,0.570908,3.081478,58.814081
Falcon-512_run21,active,19.22187,5.39625,0.587537,3.170495,58.854473
Falcon-512_run21,active,19.234619,5.39625,0.56769,3.063397,58.893528
Falcon-512_run21,active,19.247366,5.39625,0.552134,2.979455,58.931506
Falcon-512_run21,active,19.260135,5.3975,0.553207,2.985936,58.969636
Falcon-512_run21,active,19.272876,5.39625,0.586106,3.162777,59.009932
Falcon-512_run21,active,19.285619,5.3875,0.565187,3.044944,59.048733
Falcon-512_run21,active,19.298373,5.3975,0.550704,2.972425,59.086643
Falcon-512_run21,active,19.311115,5.3975,0.587537,3.17123,59.127051
Falcon-512_run21,active,19.323854,5.4,0.587894,3.17463,59.167493
Falcon-512_run21,active,19.3366,5.39625,0.587537,3.170495,59.207903
Falcon-512_run21,active,19.349345,5.395,0.569478,3.072334,59.247061
Falcon-512_run21,active,19.362086,5.3975,0.56912,3.071827,59.2862
Falcon-512_run21,active,19.374831,5.3825,0.587716,3.163379,59.326517
Falcon-512_run21,active,19.387574,5.38875,0.574127,3.093826,59.36594
Falcon-512_run21,active,19.400314,5.3975,0.549452,2.965669,59.403723
Falcon-512_run21,active,19.413053,5.39875,0.571802,3.087018,59.443049
Falcon-512_run21,active,19.425791,5.3975,0.566617,3.058316,59.482004
Falcon-512_run21,active,19.438537,5.39625,0.558214,3.01226,59.5204
Falcon-512_run21,active,19.451282,5.39625,0.586822,3.166636,59.560758
Falcon-512_run21,active,19.464021,5.4,0.571266,3.084836,59.600056
Falcon-512_run21,active,19.476759,5.39875,0.541585,2.923883,59.637301
Falcon-512_run21,active,19.489498,5.38875,0.586643,3.161271,59.677571
Falcon-512_run21,active,19.502236,5.395,0.559286,3.01735,59.716007
Falcon-512_run21,active,19.514976,5.395,0.588431,3.174584,59.756452
Falcon-512_run21,active,19.527711,5.39625,0.563041,3.038311,59.795146
Falcon-512_run21,active,19.540468,5.39625,0.556604,3.003576,59.83346
Falcon-512_run21,active,19.553213,5.3975,0.542837,2.929962,59.870802
Falcon-512_run21,active,19.565953,5.3975,0.553922,2.989796,59.908892
Falcon-512_run21,active,19.578694,5.3975,0.568405,3.067967,59.947983
Falcon-512_run21,active,19.591436,5.3875,0.558392,3.008339,59.986314
Falcon-512_run21,active,19.604173,5.3975,0.583424,3.149033,60.026424
Falcon-512_run21,active,19.616911,5.39625,0.574484,3.100061,60.065913
Falcon-512_run21,active,19.629649,5.39625,0.580027,3.129972,60.105782
Falcon-512_run21,active,19.642394,5.39625,0.529963,2.859814,60.14223
Falcon-512_run21,active,19.655139,5.39625,0.586643,3.165671,60.182576
Falcon-512_run21,active,19.667878,5.39625,0.571802,3.085589,60.221883
Falcon-512_run21,active,19.680616,5.39625,0.5364,2.894548,60.258755
Falcon-512_run21,active,19.693361,5.39625,0.588252,3.174355,60.299212
Falcon-512_run21,active,19.706127,5.395,0.568763,3.068475,60.338385
Falcon-512_run21,active,19.718885,5.395,0.542479,2.926675,60.375722
Falcon-512_run21,active,19.731623,5.3975,0.586643,3.166405,60.416057
Falcon-512_run21,active,19.744374,5.39625,0.533003,2.876216,60.45273
Falcon-512_run21,active,19.757119,5.39625,0.554459,2.991998,60.490864
Falcon-512_run21,active,19.769859,5.39625,0.587358,3.169531,60.531245
Falcon-512_run21,active,19.7826,5.39625,0.528175,2.850165,60.567558
Falcon-512_run21,active,19.795342,5.395,0.570193,3.076192,60.606756
Falcon-512_run21,active,19.808078,5.4,0.587894,3.17463,60.647188
Falcon-512_run21,active,19.820824,5.3975,0.563756,3.042875,60.685971
Falcon-512_run21,active,19.833567,5.40125,0.587358,3.172467,60.726399
Falcon-512_run21,active,19.846314,5.39625,0.559823,3.020944,60.764905
Falcon-512_run21,idle_post,19.859158,5.395,0.439133,2.369121,60.764941
Falcon-512_run21,idle_post,19.871915,5.3975,0.436808,2.357673,60.795018
Falcon-512_run21,idle_post,19.884652,5.39875,0.4411,2.381386,60.825351
Falcon-512_run21,idle_post,19.897425,5.3975,0.435557,2.350918,60.855378
Falcon-512_run21,idle_post,19.910164,5.39875,0.437881,2.364011,60.885495
Falcon-512_run21,idle_post,19.922905,5.3975,0.438775,2.368289,60.915669
Falcon-512_run21,idle_post,19.935642,5.3975,0.438239,2.365394,60.945796
Falcon-512_run21,idle_post,19.948384,5.395,0.437702,2.361404,60.975886
Falcon-512_run21,idle_post,19.961126,5.3975,0.437345,2.360569,61.005963
Falcon-512_run21,idle_post,19.973863,5.4025,0.43806,2.366619,61.036107
Falcon-512_run21,idle_post,19.986601,5.3975,0.437702,2.362499,61.0662
Falcon-512_run21,idle_post,19.999338,5.39625,0.437345,2.360022,61.096259
Falcon-512_run21,idle_post,20.012073,5.395,0.437702,2.361404,61.126332
Falcon-512_run21,idle_post,20.02481,5.39625,0.437702,2.361952,61.156417
Falcon-512_run21,idle_post,20.037546,5.395,0.436987,2.357546,61.186443
Falcon-512_run21,idle_post,20.050289,5.3975,0.437524,2.361534,61.216536
Falcon-512_run21,idle_post,20.063031,5.39625,0.437345,2.360022,61.246607
Falcon-512_run21,idle_post,20.075766,5.39625,0.436808,2.357127,61.276625
Falcon-512_run21,idle_post,20.088501,5.39875,0.437166,2.36015,61.306682
Falcon-512_run21,idle_post,20.101235,5.395,0.444497,2.39806,61.33722
Falcon-512_run21,idle_post,20.113971,5.39625,0.441815,2.384143,61.367583
Falcon-512_run21,idle_post,20.126706,5.39625,0.43949,2.3716,61.397786
Falcon-512_run21,idle_post,20.139446,5.39875,0.437881,2.364011,61.427904
Falcon-512_run21,idle_post,20.152187,5.39625,0.436093,2.353268,61.457887
Falcon-512_run21,idle_post,20.164928,5.39875,0.436987,2.359185,61.487943
Falcon-512_run21,idle_post,20.177663,5.39625,0.437345,2.360022,61.517998
Falcon-512_run21,idle_post,20.190398,5.39625,0.437345,2.360022,61.548054
Falcon-512_run21,idle_post,20.203135,5.39625,0.436451,2.355198,61.578053
Falcon-512_run21,idle_post,20.215869,5.3975,0.437345,2.360569,61.608111
Falcon-512_run21,idle_post,20.228603,5.3975,0.437345,2.360569,61.638172
Falcon-512_run21,idle_post,20.241339,5.39875,0.437345,2.361115,61.668242
Falcon-512_run21,idle_post,20.254081,5.3925,0.436987,2.356453,61.698267
Falcon-512_run21,idle_post,20.266822,5.39625,0.437345,2.360022,61.728338
Falcon-512_run21,idle_post,20.279561,5.39625,0.439133,2.36967,61.758524
Falcon-512_run21,idle_post,20.2923,5.39875,0.437702,2.363046,61.788627
Falcon-512_run21,idle_post,20.30505,5.39375,0.437524,2.359893,61.818717
Falcon-512_run21,idle_post,20.31778,5.39625,0.438239,2.364846,61.84882
Falcon-512_run21,idle_post,20.330519,5.39875,0.441815,2.385248,61.879206
Falcon-512_run21,idle_post,20.34326,5.39625,0.437702,2.361952,61.909299
Falcon-512_run21,idle_post,20.356004,5.395,0.437166,2.358511,61.939356
Falcon-512_run21,idle_post,20.368745,5.3975,0.436987,2.358638,61.969409
Falcon-512_run21,idle_post,20.381484,5.3975,0.437166,2.359603,61.999466
Falcon-512_run21,idle_post,20.394219,5.39875,0.437881,2.364011,62.029573
Falcon-512_run21,idle_post,20.406956,5.3975,0.437166,2.359603,62.059627
Falcon-512_run21,idle_post,20.419701,5.3975,0.439669,2.373115,62.089872
Falcon-512_run21,idle_post,20.435221,5.3975,0.437345,2.360569,62.126509
Falcon-512_run21,idle_post,20.447978,5.39625,0.437345,2.360022,62.156614
Falcon-512_run21,idle_post,20.460724,5.3975,0.437345,2.360569,62.186702
Falcon-512_run21,idle_post,20.473465,5.39875,0.436987,2.359185,62.21676
Falcon-512_run21,idle_post,20.486201,5.3975,0.436987,2.358638,62.246801
