run_id,phase,time_s,voltage_v,current_a,power_w,energy_j
SPHINCS+-SHA2-128f-simple_run30,active,0.000614,5.39375,0.580921,3.133344,3.6e-05
SPHINCS+-SHA2-128f-simple_run30,active,0.013468,5.3975,0.592901,3.200182,0.041171
SPHINCS+-SHA2-128f-simple_run30,active,0.026226,5.39625,0.592364,3.196546,0.081953
SPHINCS+-SHA2-128f-simple_run30,active,0.038976,5.395,0.596119,3.216063,0.122956
SPHINCS+-SHA2-128f-simple_run30,active,0.051754,5.38375,0.594331,3.199731,0.163842
SPHINCS+-SHA2-128f-simple_run30,active,0.064502,5.38875,0.597013,3.217155,0.204856
SPHINCS+-SHA2-128f-simple_run30,active,0.077246,5.39875,0.595046,3.212507,0.245796
SPHINCS+-SHA2-128f-simple_run30,active,0.089988,5.39625,0.592364,3.196546,0.286528
SPHINCS+-SHA2-128f-simple_run30,active,0.102756,5.3925,0.591292,3.18854,0.327239
SPHINCS+-SHA2-128f-simple_run30,active,0.115511,5.39875,0.59004,3.185478,0.367868
SPHINCS+-SHA2-128f-simple_run30,active,0.128268,5.3975,0.592722,3.199217,0.40868
SPHINCS+-SHA2-128f-simple_run30,active,0.14104,5.39625,0.596119,3.216808,0.449768
SPHINCS+-SHA2-128f-simple_run30,active,0.153782,5.38375,0.594689,3.201656,0.490563
SPHINCS+-SHA2-128f-simple_run30,active,0.166525,5.39625,0.593437,3.202335,0.53137
SPHINCS+-SHA2-128f-simple_run30,active,0.179264,5.395,0.595583,3.213169,0.572303
SPHINCS+-SHA2-128f-simple_run30,active,0.192004,5.3975,0.594331,3.207903,0.613171
SPHINCS+-SHA2-128f-simple_run30,active,0.204764,5.3975,0.59308,3.201147,0.654017
SPHINCS+-SHA2-128f-simple_run30,active,0.217509,5.3975,0.59594,3.216588,0.695012
SPHINCS+-SHA2-128f-simple_run30,active,0.23025,5.395,0.594331,3.206417,0.735867
SPHINCS+-SHA2-128f-simple_run30,active,0.242993,5.3975,0.594152,3.206938,0.77673
SPHINCS+-SHA2-128f-simple_run30,active,0.255768,5.39625,0.591828,3.193652,0.817531
SPHINCS+-SHA2-128f-simple_run30,active,0.26851,5.3975,0.59451,3.208868,0.858416
SPHINCS+-SHA2-128f-simple_run30,active,0.281249,5.39625,0.593795,3.204265,0.899238
SPHINCS+-SHA2-128f-simple_run30,active,0.29399,5.39625,0.594331,3.20716,0.940099
SPHINCS+-SHA2-128f-simple_run30,active,0.306748,5.39625,0.589504,3.181109,0.980685
SPHINCS+-SHA2-128f-simple_run30,active,0.319495,5.39625,0.594331,3.20716,1.021565
SPHINCS+-SHA2-128f-simple_run30,active,0.332236,5.40125,0.59451,3.211097,1.062479
SPHINCS+-SHA2-128f-simple_run30,active,0.344976,5.39625,0.592722,3.198476,1.103228
SPHINCS+-SHA2-128f-simple_run30,active,0.357716,5.39625,0.594331,3.20716,1.144086
SPHINCS+-SHA2-128f-simple_run30,active,0.370459,5.3975,0.594152,3.206938,1.184951
SPHINCS+-SHA2-128f-simple_run30,active,0.383199,5.39625,0.594868,3.210054,1.225846
SPHINCS+-SHA2-128f-simple_run30,active,0.395939,5.39625,0.594868,3.210054,1.266743
SPHINCS+-SHA2-128f-simple_run30,active,0.408695,5.39625,0.594152,3.206195,1.307643
SPHINCS+-SHA2-128f-simple_run30,active,0.421442,5.3975,0.594868,3.210798,1.348571
SPHINCS+-SHA2-128f-simple_run30,active,0.434183,5.39875,0.59451,3.209611,1.389465
SPHINCS+-SHA2-128f-simple_run30,active,0.446925,5.3975,0.595046,3.211763,1.430387
SPHINCS+-SHA2-128f-simple_run30,active,0.459664,5.39375,0.594331,3.205674,1.471226
SPHINCS+-SHA2-128f-simple_run30,active,0.472402,5.395,0.59451,3.207381,1.512081
SPHINCS+-SHA2-128f-simple_run30,active,0.48514,5.39375,0.596119,3.215318,1.553037
SPHINCS+-SHA2-128f-simple_run30,active,0.497879,5.395,0.594331,3.206417,1.593885
SPHINCS+-SHA2-128f-simple_run30,active,0.510636,5.39375,0.594868,3.208567,1.634815
SPHINCS+-SHA2-128f-simple_run30,active,0.52338,5.3975,0.594152,3.206938,1.675686
SPHINCS+-SHA2-128f-simple_run30,active,0.536118,5.3975,0.593974,3.205973,1.716523
SPHINCS+-SHA2-128f-simple_run30,active,0.548856,5.39625,0.598265,3.228386,1.757646
SPHINCS+-SHA2-128f-simple_run30,active,0.561593,5.39375,0.594331,3.205674,1.798477
SPHINCS+-SHA2-128f-simple_run30,active,0.574333,5.39625,0.59451,3.208125,1.839347
SPHINCS+-SHA2-128f-simple_run30,active,0.587073,5.40125,0.595046,3.213994,1.880294
SPHINCS+-SHA2-128f-simple_run30,active,0.599811,5.39625,0.594868,3.210054,1.921185
SPHINCS+-SHA2-128f-simple_run30,active,0.612568,5.39625,0.594868,3.210054,1.962133
SPHINCS+-SHA2-128f-simple_run30,active,0.625312,5.395,0.595583,3.213169,2.003084
SPHINCS+-SHA2-128f-simple_run30,active,0.638052,5.39625,0.595046,3.211019,2.043993
SPHINCS+-SHA2-128f-simple_run30,active,0.650794,5.39625,0.599695,3.236105,2.085228
SPHINCS+-SHA2-128f-simple_run30,active,0.663534,5.3975,0.594331,3.207903,2.126095
SPHINCS+-SHA2-128f-simple_run30,active,0.676273,5.395,0.592007,3.193877,2.166781
SPHINCS+-SHA2-128f-simple_run30,active,0.689046,5.39625,0.594689,3.209089,2.207771
SPHINCS+-SHA2-128f-simple_run30,active,0.701785,5.39625,0.595583,3.213914,2.248713
SPHINCS+-SHA2-128f-simple_run30,active,0.714544,5.39625,0.594689,3.209089,2.289657
SPHINCS+-SHA2-128f-simple_run30,active,0.727286,5.39625,0.594689,3.209089,2.33055
SPHINCS+-SHA2-128f-simple_run30,active,0.740024,5.40125,0.596119,3.219789,2.371561
SPHINCS+-SHA2-128f-simple_run30,active,0.752763,5.40375,0.599516,3.239637,2.412833
SPHINCS+-SHA2-128f-simple_run30,active,0.765503,5.4025,0.594331,3.210874,2.453737
SPHINCS+-SHA2-128f-simple_run30,active,0.778242,5.3975,0.595046,3.211763,2.494654
SPHINCS+-SHA2-128f-simple_run30,active,0.790983,5.39875,0.59451,3.209611,2.535548
SPHINCS+-SHA2-128f-simple_run30,active,0.80375,5.39625,0.594689,3.209089,2.576516
SPHINCS+-SHA2-128f-simple_run30,active,0.816496,5.3975,0.589682,3.182811,2.617085
SPHINCS+-SHA2-128f-simple_run30,active,0.829241,5.39125,0.595225,3.209008,2.657983
SPHINCS+-SHA2-128f-simple_run30,active,0.84198,5.3975,0.594152,3.206938,2.698836
SPHINCS+-SHA2-128f-simple_run30,active,0.854723,5.3975,0.597192,3.223344,2.739911
SPHINCS+-SHA2-128f-simple_run30,active,0.867462,5.3975,0.59451,3.208868,2.780789
SPHINCS+-SHA2-128f-simple_run30,active,0.880198,5.3975,0.594331,3.207903,2.821647
SPHINCS+-SHA2-128f-simple_run30,active,0.892937,5.39875,0.595046,3.212507,2.862571
SPHINCS+-SHA2-128f-simple_run30,active,0.905675,5.3975,0.59898,3.232995,2.90375
SPHINCS+-SHA2-128f-simple_run30,active,0.918451,5.39625,0.595046,3.211019,2.944776
SPHINCS+-SHA2-128f-simple_run30,active,0.931199,5.3975,0.595225,3.212728,2.985732
SPHINCS+-SHA2-128f-simple_run30,active,0.943937,5.3975,0.596119,3.217553,3.026718
SPHINCS+-SHA2-128f-simple_run30,active,0.956676,5.39625,0.594689,3.209089,3.067598
SPHINCS+-SHA2-128f-simple_run30,active,0.969413,5.3975,0.59451,3.208868,3.10847
SPHINCS+-SHA2-128f-simple_run30,active,0.982154,5.395,0.594689,3.208346,3.149348
SPHINCS+-SHA2-128f-simple_run30,active,0.994894,5.4025,0.595225,3.215704,3.190313
SPHINCS+-SHA2-128f-simple_run30,active,1.007633,5.39625,0.595583,3.213914,3.231256
SPHINCS+-SHA2-128f-simple_run30,active,1.020377,5.395,0.595225,3.21124,3.272181
SPHINCS+-SHA2-128f-simple_run30,active,1.03312,5.3975,0.594868,3.210798,3.313095
SPHINCS+-SHA2-128f-simple_run30,active,1.045859,5.39,0.595046,3.2073,3.353955
SPHINCS+-SHA2-128f-simple_run30,active,1.058602,5.3975,0.600053,3.238785,3.395225
SPHINCS+-SHA2-128f-simple_run30,active,1.071342,5.39625,0.595046,3.211019,3.436133
SPHINCS+-SHA2-128f-simple_run30,active,1.08408,5.39875,0.599695,3.237604,3.477373
SPHINCS+-SHA2-128f-simple_run30,active,1.096818,5.39375,0.595404,3.21146,3.518283
SPHINCS+-SHA2-128f-simple_run30,active,1.109556,5.3975,0.595225,3.212728,3.559206
SPHINCS+-SHA2-128f-simple_run30,active,1.122327,5.39875,0.594868,3.211541,3.600221
SPHINCS+-SHA2-128f-simple_run30,active,1.135076,5.40125,0.595404,3.215926,3.64122
SPHINCS+-SHA2-128f-simple_run30,active,1.147816,5.39625,0.595046,3.211019,3.68213
SPHINCS+-SHA2-128f-simple_run30,active,1.160558,5.39625,0.600053,3.238035,3.723388
SPHINCS+-SHA2-128f-simple_run30,active,1.173305,5.39625,0.595046,3.211019,3.764318
SPHINCS+-SHA2-128f-simple_run30,active,1.186127,5.39375,0.594689,3.207603,3.805447
SPHINCS+-SHA2-128f-simple_run30,active,1.198924,5.395,0.594868,3.209311,3.846517
SPHINCS+-SHA2-128f-simple_run30,active,1.211669,5.39625,0.595046,3.211019,3.887439
SPHINCS+-SHA2-128f-simple_run30,active,1.224418,5.3925,0.595046,3.208788,3.92835
SPHINCS+-SHA2-128f-simple_run30,active,1.237163,5.395,0.595046,3.210275,3.969263
SPHINCS+-SHA2-128f-simple_run30,active,1.249902,5.39625,0.595225,3.211984,4.010182
SPHINCS+-SHA2-128f-simple_run30,active,1.262644,5.395,0.59898,3.231497,4.051357
SPHINCS+-SHA2-128f-simple_run30,active,1.278235,5.395,0.595225,3.21124,4.101424
SPHINCS+-SHA2-128f-simple_run30,active,1.290997,5.3975,0.595225,3.212728,4.142426
SPHINCS+-SHA2-128f-simple_run30,active,1.303796,5.395,0.594331,3.206417,4.183464
SPHINCS+-SHA2-128f-simple_run30,active,1.316568,5.395,0.595225,3.21124,4.224477
SPHINCS+-SHA2-128f-simple_run30,active,1.329323,5.3975,0.595046,3.211763,4.265442
SPHINCS+-SHA2-128f-simple_run30,active,1.34207,5.3975,0.595225,3.212728,4.306396
SPHINCS+-SHA2-128f-simple_run30,active,1.354811,5.39,0.595404,3.209228,4.347286
SPHINCS+-SHA2-128f-simple_run30,active,1.367554,5.39875,0.595046,3.212507,4.388222
SPHINCS+-SHA2-128f-simple_run30,active,1.380292,5.3975,0.595583,3.214658,4.429169
SPHINCS+-SHA2-128f-simple_run30,active,1.393062,5.3975,0.594689,3.209833,4.470159
SPHINCS+-SHA2-128f-simple_run30,active,1.405802,5.39625,0.594689,3.209089,4.511045
SPHINCS+-SHA2-128f-simple_run30,active,1.418545,5.39625,0.595046,3.211019,4.55196
SPHINCS+-SHA2-128f-simple_run30,active,1.431289,5.39625,0.593974,3.20523,4.592809
SPHINCS+-SHA2-128f-simple_run30,active,1.444029,5.39375,0.595225,3.210496,4.633711
SPHINCS+-SHA2-128f-simple_run30,active,1.456767,5.3975,0.595046,3.211763,4.674621
SPHINCS+-SHA2-128f-simple_run30,active,1.469504,5.39625,0.596119,3.216808,4.715593
SPHINCS+-SHA2-128f-simple_run30,active,1.482242,5.3975,0.595583,3.214658,4.756544
SPHINCS+-SHA2-128f-simple_run30,active,1.494984,5.40125,0.596298,3.220755,4.797581
SPHINCS+-SHA2-128f-simple_run30,active,1.507756,5.39625,0.595046,3.211019,4.838594
SPHINCS+-SHA2-128f-simple_run30,active,1.520496,5.3975,0.595046,3.211763,4.879512
SPHINCS+-SHA2-128f-simple_run30,active,1.533242,5.395,0.595225,3.21124,4.920441
SPHINCS+-SHA2-128f-simple_run30,active,1.545985,5.40625,0.595225,3.217936,4.961448
SPHINCS+-SHA2-128f-simple_run30,active,1.558727,5.39875,0.594689,3.210576,5.002355
SPHINCS+-SHA2-128f-simple_run30,active,1.571467,5.39625,0.594868,3.210054,5.043253
SPHINCS+-SHA2-128f-simple_run30,active,1.584204,5.39125,0.600947,3.239854,5.084519
SPHINCS+-SHA2-128f-simple_run30,active,1.596943,5.39875,0.595046,3.212507,5.125444
SPHINCS+-SHA2-128f-simple_run30,active,1.609683,5.39625,0.595404,3.212949,5.166375
SPHINCS+-SHA2-128f-simple_run30,active,1.622446,5.39625,0.594868,3.210054,5.207345
SPHINCS+-SHA2-128f-simple_run30,active,1.635194,5.3975,0.592722,3.199217,5.248129
SPHINCS+-SHA2-128f-simple_run30,active,1.647935,5.3975,0.593795,3.205007,5.288964
SPHINCS+-SHA2-128f-simple_run30,active,1.660673,5.3975,0.595046,3.211763,5.329875
SPHINCS+-SHA2-128f-simple_run30,active,1.67341,5.3975,0.592364,3.197287,5.370601
SPHINCS+-SHA2-128f-simple_run30,active,1.686149,5.39625,0.597013,3.221632,5.411639
SPHINCS+-SHA2-128f-simple_run30,active,1.698891,5.3975,0.595225,3.212728,5.452578
SPHINCS+-SHA2-128f-simple_run30,active,1.711629,5.39375,0.594868,3.208567,5.493448
SPHINCS+-SHA2-128f-simple_run30,active,1.724366,5.39625,0.591292,3.190757,5.534088
SPHINCS+-SHA2-128f-simple_run30,active,1.737111,5.3975,0.596119,3.217553,5.575095
SPHINCS+-SHA2-128f-simple_run30,active,1.749854,5.39125,0.595583,3.210936,5.616014
SPHINCS+-SHA2-128f-simple_run30,active,1.762593,5.39875,0.59594,3.217333,5.656999
SPHINCS+-SHA2-128f-simple_run30,active,1.775331,5.39625,0.592007,3.194617,5.697692
SPHINCS+-SHA2-128f-simple_run30,active,1.788067,5.39625,0.595046,3.211019,5.738587
SPHINCS+-SHA2-128f-simple_run30,active,1.800808,5.3975,0.595225,3.212728,5.77952
SPHINCS+-SHA2-128f-simple_run30,active,1.813546,5.3975,0.593258,3.202112,5.820308
SPHINCS+-SHA2-128f-simple_run30,active,1.826296,5.3975,0.594868,3.210798,5.861245
SPHINCS+-SHA2-128f-simple_run30,active,1.839064,5.39875,0.595225,3.213472,5.902275
SPHINCS+-SHA2-128f-simple_run30,active,1.851809,5.3975,0.595046,3.211763,5.94321
SPHINCS+-SHA2-128f-simple_run30,active,1.864553,5.39125,0.593258,3.198404,5.98397
SPHINCS+-SHA2-128f-simple_run30,active,1.877295,5.39625,0.595225,3.211984,6.024898
SPHINCS+-SHA2-128f-simple_run30,active,1.890036,5.39875,0.595225,3.213472,6.065841
SPHINCS+-SHA2-128f-simple_run30,active,1.902779,5.39625,0.594868,3.210054,6.106747
SPHINCS+-SHA2-128f-simple_run30,active,1.91552,5.40125,0.595046,3.213994,6.147695
SPHINCS+-SHA2-128f-simple_run30,active,1.928259,5.39625,0.595046,3.211019,6.1886
SPHINCS+-SHA2-128f-simple_run30,active,1.941008,5.39625,0.595583,3.213914,6.229576
SPHINCS+-SHA2-128f-simple_run30,active,1.953754,5.395,0.595583,3.213169,6.270531
SPHINCS+-SHA2-128f-simple_run30,active,1.966501,5.39625,0.594331,3.20716,6.31141
SPHINCS+-SHA2-128f-simple_run30,active,1.979241,5.3975,0.595225,3.212728,6.352343
SPHINCS+-SHA2-128f-simple_run30,active,1.991981,5.39625,0.595762,3.214879,6.3933
SPHINCS+-SHA2-128f-simple_run30,active,2.004723,5.39375,0.596119,3.215318,6.43427
SPHINCS+-SHA2-128f-simple_run30,active,2.017463,5.3925,0.594689,3.206859,6.475124
SPHINCS+-SHA2-128f-simple_run30,active,2.03021,5.39125,0.59594,3.212864,6.516079
SPHINCS+-SHA2-128f-simple_run30,active,2.042964,5.39875,0.595046,3.212507,6.55705
SPHINCS+-SHA2-128f-simple_run30,active,2.055763,5.39375,0.595225,3.210496,6.598143
SPHINCS+-SHA2-128f-simple_run30,active,2.068547,5.3975,0.592722,3.199217,6.639041
SPHINCS+-SHA2-128f-simple_run30,active,2.081291,5.3975,0.59308,3.201147,6.679837
SPHINCS+-SHA2-128f-simple_run30,active,2.094032,5.3975,0.589325,3.180881,6.720364
SPHINCS+-SHA2-128f-simple_run30,active,2.106775,5.3975,0.595225,3.212728,6.761305
SPHINCS+-SHA2-128f-simple_run30,active,2.11952,5.39625,0.595583,3.213914,6.802265
SPHINCS+-SHA2-128f-simple_run30,active,2.132274,5.39625,0.595046,3.211019,6.843219
SPHINCS+-SHA2-128f-simple_run30,active,2.145075,5.39375,0.599695,3.234606,6.884623
SPHINCS+-SHA2-128f-simple_run30,active,2.157823,5.3975,0.595046,3.211763,6.925569
SPHINCS+-SHA2-128f-simple_run30,active,2.170569,5.3975,0.594868,3.210798,6.966492
SPHINCS+-SHA2-128f-simple_run30,active,2.183309,5.39625,0.487409,2.63018,7.000002
SPHINCS+-SHA2-128f-simple_run30,active,2.196049,5.39625,0.485442,2.619566,7.033374
SPHINCS+-SHA2-128f-simple_run30,active,2.208788,5.3975,0.485621,2.621138,7.066764
SPHINCS+-SHA2-128f-simple_run30,active,2.221525,5.39625,0.485442,2.619566,7.100131
SPHINCS+-SHA2-128f-simple_run30,active,2.234262,5.395,0.488482,2.635358,7.133697
SPHINCS+-SHA2-128f-simple_run30,active,2.247009,5.39875,0.485084,2.618849,7.16708
SPHINCS+-SHA2-128f-simple_run30,active,2.259757,5.39625,0.485084,2.617637,7.200449
SPHINCS+-SHA2-128f-simple_run30,active,2.272492,5.395,0.482402,2.602561,7.233593
SPHINCS+-SHA2-128f-simple_run30,active,2.285234,5.39875,0.601483,3.247257,7.27497
SPHINCS+-SHA2-128f-simple_run30,active,2.297974,5.3975,0.595583,3.214658,7.315924
SPHINCS+-SHA2-128f-simple_run30,active,2.310715,5.39875,0.594689,3.210576,7.356829
SPHINCS+-SHA2-128f-simple_run30,active,2.323455,5.39625,0.595583,3.213914,7.397774
SPHINCS+-SHA2-128f-simple_run30,active,2.336191,5.39875,0.595046,3.212507,7.43869
SPHINCS+-SHA2-128f-simple_run30,active,2.348936,5.3975,0.598622,3.231064,7.479871
SPHINCS+-SHA2-128f-simple_run30,active,2.361681,5.3975,0.59594,3.216588,7.520864
SPHINCS+-SHA2-128f-simple_run30,active,2.374465,5.39625,0.592543,3.197511,7.561742
SPHINCS+-SHA2-128f-simple_run30,active,2.387213,5.39625,0.600232,3.239,7.603034
SPHINCS+-SHA2-128f-simple_run30,active,2.399954,5.39625,0.595225,3.211984,7.643957
SPHINCS+-SHA2-128f-simple_run30,active,2.412694,5.3975,0.596656,3.220449,7.684984
SPHINCS+-SHA2-128f-simple_run30,active,2.425432,5.39625,0.595225,3.211984,7.725899
SPHINCS+-SHA2-128f-simple_run30,active,2.438171,5.3975,0.595046,3.211763,7.766813
SPHINCS+-SHA2-128f-simple_run30,active,2.450918,5.395,0.594868,3.209311,7.807723
SPHINCS+-SHA2-128f-simple_run30,active,2.463665,5.395,0.59755,3.22378,7.848815
SPHINCS+-SHA2-128f-simple_run30,active,2.476402,5.39375,0.595046,3.209532,7.889695
SPHINCS+-SHA2-128f-simple_run30,active,2.48914,5.3975,0.599874,3.23782,7.930941
SPHINCS+-SHA2-128f-simple_run30,active,2.501878,5.39875,0.595225,3.213472,7.971874
SPHINCS+-SHA2-128f-simple_run30,active,2.514618,5.39625,0.595583,3.213914,8.012818
SPHINCS+-SHA2-128f-simple_run30,active,2.527356,5.39625,0.595046,3.211019,8.053721
SPHINCS+-SHA2-128f-simple_run30,active,2.540092,5.39625,0.595046,3.211019,8.094617
SPHINCS+-SHA2-128f-simple_run30,active,2.555661,5.3975,0.590576,3.187636,8.144243
SPHINCS+-SHA2-128f-simple_run30,active,2.568426,5.39625,0.595046,3.211019,8.185234
SPHINCS+-SHA2-128f-simple_run30,active,2.58117,5.39625,0.594689,3.209089,8.226129
SPHINCS+-SHA2-128f-simple_run30,active,2.59391,5.39875,0.58861,3.177756,8.266613
SPHINCS+-SHA2-128f-simple_run30,active,2.606651,5.3975,0.594689,3.209833,8.307511
SPHINCS+-SHA2-128f-simple_run30,active,2.619392,5.39625,0.595046,3.211019,8.348421
SPHINCS+-SHA2-128f-simple_run30,active,2.632128,5.39625,0.595225,3.211984,8.389331
SPHINCS+-SHA2-128f-simple_run30,active,2.644867,5.3975,0.595046,3.211763,8.430244
SPHINCS+-SHA2-128f-simple_run30,active,2.657612,5.39625,0.595046,3.211019,8.471168
SPHINCS+-SHA2-128f-simple_run30,active,2.670356,5.39625,0.594868,3.210054,8.512078
SPHINCS+-SHA2-128f-simple_run30,active,2.683096,5.39625,0.59308,3.200406,8.552851
SPHINCS+-SHA2-128f-simple_run30,active,2.695846,5.39375,0.595225,3.210496,8.593785
SPHINCS+-SHA2-128f-simple_run30,active,2.708617,5.3975,0.595583,3.214658,8.634841
SPHINCS+-SHA2-128f-simple_run30,active,2.721361,5.39625,0.596119,3.216808,8.675835
SPHINCS+-SHA2-128f-simple_run30,active,2.734104,5.3975,0.593258,3.202112,8.71664
SPHINCS+-SHA2-128f-simple_run30,active,2.746848,5.39625,0.594868,3.210054,8.757547
SPHINCS+-SHA2-128f-simple_run30,active,2.759597,5.3975,0.596119,3.217553,8.798567
SPHINCS+-SHA2-128f-simple_run30,active,2.772344,5.39875,0.595404,3.214437,8.839543
SPHINCS+-SHA2-128f-simple_run30,active,2.785081,5.39625,0.595225,3.211984,8.880454
SPHINCS+-SHA2-128f-simple_run30,active,2.79782,5.39625,0.595046,3.211019,8.92136
SPHINCS+-SHA2-128f-simple_run30,active,2.810562,5.39625,0.595046,3.211019,8.962276
SPHINCS+-SHA2-128f-simple_run30,active,2.823303,5.38625,0.593974,3.19929,9.003037
SPHINCS+-SHA2-128f-simple_run30,active,2.836043,5.39625,0.595046,3.211019,9.043944
SPHINCS+-SHA2-128f-simple_run30,active,2.848784,5.39875,0.594152,3.20768,9.084814
SPHINCS+-SHA2-128f-simple_run30,active,2.861529,5.3975,0.595046,3.211763,9.125748
SPHINCS+-SHA2-128f-simple_run30,active,2.874274,5.40125,0.595046,3.213994,9.166711
SPHINCS+-SHA2-128f-simple_run30,active,2.887016,5.39625,0.594689,3.209089,9.207601
SPHINCS+-SHA2-128f-simple_run30,active,2.89976,5.39625,0.596477,3.218738,9.24862
SPHINCS+-SHA2-128f-simple_run30,active,2.912499,5.395,0.595225,3.21124,9.289527
SPHINCS+-SHA2-128f-simple_run30,active,2.925238,5.39375,0.60041,3.238464,9.330783
SPHINCS+-SHA2-128f-simple_run30,active,2.937976,5.395,0.595762,3.214134,9.371724
SPHINCS+-SHA2-128f-simple_run30,active,2.950718,5.3975,0.595046,3.211763,9.412647
SPHINCS+-SHA2-128f-simple_run30,active,2.963464,5.39625,0.599159,3.233211,9.45386
SPHINCS+-SHA2-128f-simple_run30,active,2.976207,5.3975,0.595583,3.214658,9.494824
SPHINCS+-SHA2-128f-simple_run30,active,2.988946,5.39625,0.595046,3.211019,9.535728
SPHINCS+-SHA2-128f-simple_run30,active,3.001684,5.39625,0.595404,3.212949,9.576654
SPHINCS+-SHA2-128f-simple_run30,active,3.014456,5.4,0.596477,3.220975,9.617794
SPHINCS+-SHA2-128f-simple_run30,active,3.027201,5.39625,0.59594,3.215843,9.658778
SPHINCS+-SHA2-128f-simple_run30,active,3.03994,5.3975,0.595046,3.211763,9.699695
SPHINCS+-SHA2-128f-simple_run30,active,3.05268,5.3975,0.597907,3.227204,9.740809
SPHINCS+-SHA2-128f-simple_run30,active,3.065427,5.3975,0.597192,3.223344,9.781895
SPHINCS+-SHA2-128f-simple_run30,active,3.078172,5.39625,0.595404,3.212949,9.822847
SPHINCS+-SHA2-128f-simple_run30,active,3.090915,5.3975,0.595046,3.211763,9.863773
SPHINCS+-SHA2-128f-simple_run30,active,3.103655,5.39625,0.59594,3.215843,9.904743
SPHINCS+-SHA2-128f-simple_run30,active,3.116398,5.3975,0.59594,3.216588,9.945731
SPHINCS+-SHA2-128f-simple_run30,active,3.129149,5.39625,0.595404,3.212949,9.9867
SPHINCS+-SHA2-128f-simple_run30,active,3.141889,5.39625,0.59308,3.200406,10.027473
SPHINCS+-SHA2-128f-simple_run30,active,3.154634,5.39625,0.590755,3.187863,10.068102
SPHINCS+-SHA2-128f-simple_run30,active,3.16738,5.39375,0.595046,3.209532,10.109011
SPHINCS+-SHA2-128f-simple_run30,active,3.180126,5.395,0.595046,3.210275,10.149928
SPHINCS+-SHA2-128f-simple_run30,active,3.192867,5.39625,0.59755,3.224527,10.191013
SPHINCS+-SHA2-128f-simple_run30,active,3.205607,5.3975,0.595583,3.214658,10.231967
SPHINCS+-SHA2-128f-simple_run30,active,3.218346,5.39625,0.595225,3.211984,10.272885
SPHINCS+-SHA2-128f-simple_run30,active,3.231088,5.3975,0.595762,3.215623,10.313857
SPHINCS+-SHA2-128f-simple_run30,active,3.243825,5.4,0.590219,3.187182,10.354454
SPHINCS+-SHA2-128f-simple_run30,active,3.256564,5.39625,0.59451,3.208125,10.395323
SPHINCS+-SHA2-128f-simple_run30,active,3.269309,5.3975,0.595404,3.213693,10.436281
SPHINCS+-SHA2-128f-simple_run30,active,3.282053,5.39875,0.593258,3.202854,10.477097
SPHINCS+-SHA2-128f-simple_run30,active,3.294795,5.39875,0.59594,3.217333,10.518094
SPHINCS+-SHA2-128f-simple_run30,active,3.307535,5.3975,0.595225,3.212728,10.559023
SPHINCS+-SHA2-128f-simple_run30,active,3.320271,5.39625,0.596298,3.217773,10.600004
SPHINCS+-SHA2-128f-simple_run30,active,3.333048,5.39875,0.593258,3.202854,10.640927
SPHINCS+-SHA2-128f-simple_run30,active,3.345788,5.39375,0.595225,3.210496,10.681828
SPHINCS+-SHA2-128f-simple_run30,active,3.358529,5.39625,0.595046,3.211019,10.72274
SPHINCS+-SHA2-128f-simple_run30,active,3.371275,5.39625,0.595225,3.211984,10.763681
SPHINCS+-SHA2-128f-simple_run30,active,3.38402,5.39875,0.597371,3.225056,10.804785
SPHINCS+-SHA2-128f-simple_run30,active,3.39676,5.3975,0.595225,3.212728,10.845715
SPHINCS+-SHA2-128f-simple_run30,active,3.409499,5.3975,0.596477,3.219484,10.886727
SPHINCS+-SHA2-128f-simple_run30,active,3.422236,5.39875,0.595046,3.212507,10.927647
SPHINCS+-SHA2-128f-simple_run30,active,3.434977,5.3925,0.595225,3.209752,10.968542
SPHINCS+-SHA2-128f-simple_run30,active,3.447743,5.3925,0.595404,3.210716,11.009529
SPHINCS+-SHA2-128f-simple_run30,active,3.460482,5.3975,0.595225,3.212728,11.050457
SPHINCS+-SHA2-128f-simple_run30,active,3.473227,5.39,0.595404,3.209228,11.091358
SPHINCS+-SHA2-128f-simple_run30,active,3.485971,5.39875,0.599159,3.234709,11.13258
SPHINCS+-SHA2-128f-simple_run30,active,3.498712,5.39625,0.595046,3.211019,11.173491
SPHINCS+-SHA2-128f-simple_run30,active,3.511451,5.3925,0.597013,3.219394,11.214505
SPHINCS+-SHA2-128f-simple_run30,active,3.524189,5.39875,0.596477,3.220229,11.255522
SPHINCS+-SHA2-128f-simple_run30,active,3.53693,5.39625,0.595225,3.211984,11.296446
SPHINCS+-SHA2-128f-simple_run30,active,3.549669,5.39875,0.595225,3.213472,11.337382
SPHINCS+-SHA2-128f-simple_run30,active,3.562438,5.3975,0.59594,3.216588,11.378456
SPHINCS+-SHA2-128f-simple_run30,active,3.575187,5.39625,0.595046,3.211019,11.419394
SPHINCS+-SHA2-128f-simple_run30,active,3.587929,5.39625,0.595225,3.211984,11.460321
SPHINCS+-SHA2-128f-simple_run30,active,3.600669,5.39625,0.595225,3.211984,11.501241
SPHINCS+-SHA2-128f-simple_run30,active,3.613407,5.4,0.596119,3.219044,11.542245
SPHINCS+-SHA2-128f-simple_run30,active,3.626145,5.39625,0.595225,3.211984,11.583161
SPHINCS+-SHA2-128f-simple_run30,active,3.638886,5.3975,0.595046,3.211763,11.624081
SPHINCS+-SHA2-128f-simple_run30,active,3.651626,5.39875,0.594868,3.211541,11.664995
SPHINCS+-SHA2-128f-simple_run30,active,3.664363,5.39625,0.595762,3.214879,11.705944
SPHINCS+-SHA2-128f-simple_run30,active,3.677108,5.39375,0.595046,3.209532,11.746849
SPHINCS+-SHA2-128f-simple_run30,active,3.68985,5.39375,0.595046,3.209532,11.787746
SPHINCS+-SHA2-128f-simple_run30,active,3.702591,5.39875,0.591649,3.194166,11.828441
SPHINCS+-SHA2-128f-simple_run30,active,3.71533,5.39875,0.595225,3.213472,11.869378
SPHINCS+-SHA2-128f-simple_run30,active,3.728068,5.39875,0.595046,3.212507,11.910299
SPHINCS+-SHA2-128f-simple_run30,active,3.74081,5.39625,0.595225,3.211984,11.951227
SPHINCS+-SHA2-128f-simple_run30,active,3.753549,5.3975,0.595046,3.211763,11.992141
SPHINCS+-SHA2-128f-simple_run30,active,3.766288,5.39625,0.595583,3.213914,12.033083
SPHINCS+-SHA2-128f-simple_run30,active,3.779036,5.3975,0.595404,3.213693,12.07405
SPHINCS+-SHA2-128f-simple_run30,active,3.791777,5.39625,0.592007,3.194617,12.114755
SPHINCS+-SHA2-128f-simple_run30,active,3.804516,5.3975,0.595046,3.211763,12.155669
SPHINCS+-SHA2-128f-simple_run30,active,3.817255,5.39625,0.600232,3.239,12.196929
SPHINCS+-SHA2-128f-simple_run30,active,3.832766,5.39125,0.588967,3.175269,12.246182
SPHINCS+-SHA2-128f-simple_run30,active,3.845527,5.3975,0.596298,3.218518,12.287253
SPHINCS+-SHA2-128f-simple_run30,active,3.858273,5.39625,0.594689,3.209089,12.328155
SPHINCS+-SHA2-128f-simple_run30,active,3.871028,5.3975,0.595225,3.212728,12.369135
SPHINCS+-SHA2-128f-simple_run30,active,3.883796,5.40625,0.593258,3.207303,12.410084
SPHINCS+-SHA2-128f-simple_run30,active,3.896581,5.395,0.595583,3.213169,12.451167
SPHINCS+-SHA2-128f-simple_run30,active,3.909341,5.39625,0.592722,3.198476,12.491977
SPHINCS+-SHA2-128f-simple_run30,active,3.922086,5.395,0.594689,3.208346,12.53287
SPHINCS+-SHA2-128f-simple_run30,active,3.934832,5.4,0.593258,3.203595,12.573703
SPHINCS+-SHA2-128f-simple_run30,active,3.947574,5.39875,0.595046,3.212507,12.614634
SPHINCS+-SHA2-128f-simple_run30,active,3.960344,5.39625,0.595046,3.211019,12.655641
SPHINCS+-SHA2-128f-simple_run30,active,3.973089,5.39875,0.598801,3.232778,12.696843
SPHINCS+-SHA2-128f-simple_run30,active,3.985837,5.39875,0.595225,3.213472,12.737808
SPHINCS+-SHA2-128f-simple_run30,active,3.998586,5.39625,0.59594,3.215843,12.778805
SPHINCS+-SHA2-128f-simple_run30,active,4.011325,5.39625,0.597013,3.221632,12.819848
SPHINCS+-SHA2-128f-simple_run30,active,4.024066,5.39625,0.597013,3.221632,12.860893
SPHINCS+-SHA2-128f-simple_run30,active,4.036806,5.395,0.595583,3.213169,12.901829
SPHINCS+-SHA2-128f-simple_run30,active,4.049547,5.39625,0.59594,3.215843,12.942802
SPHINCS+-SHA2-128f-simple_run30,active,4.062286,5.3975,0.594689,3.209833,12.983693
SPHINCS+-SHA2-128f-simple_run30,active,4.075028,5.3975,0.595046,3.211763,13.024616
SPHINCS+-SHA2-128f-simple_run30,active,4.087778,5.39875,0.595046,3.212507,13.065575
SPHINCS+-SHA2-128f-simple_run30,active,4.100523,5.39625,0.59451,3.208125,13.106464
SPHINCS+-SHA2-128f-simple_run30,active,4.113266,5.395,0.598444,3.228603,13.147605
SPHINCS+-SHA2-128f-simple_run30,active,4.126017,5.395,0.595404,3.212205,13.188563
SPHINCS+-SHA2-128f-simple_run30,active,4.13876,5.3975,0.595046,3.211763,13.229491
SPHINCS+-SHA2-128f-simple_run30,active,4.151501,5.39625,0.596298,3.217773,13.270489
SPHINCS+-SHA2-128f-simple_run30,active,4.16424,5.3975,0.596834,3.221414,13.311528
SPHINCS+-SHA2-128f-simple_run30,active,4.176979,5.39625,0.595046,3.211019,13.352434
SPHINCS+-SHA2-128f-simple_run30,active,4.189725,5.3975,0.595225,3.212728,13.393382
SPHINCS+-SHA2-128f-simple_run30,active,4.202471,5.39375,0.593795,3.202781,13.434206
SPHINCS+-SHA2-128f-simple_run30,active,4.215212,5.39625,0.595404,3.212949,13.475139
SPHINCS+-SHA2-128f-simple_run30,active,4.227948,5.39625,0.595404,3.212949,13.51606
SPHINCS+-SHA2-128f-simple_run30,active,4.240686,5.39625,0.595404,3.212949,13.556986
SPHINCS+-SHA2-128f-simple_run30,active,4.253425,5.385,0.595404,3.206251,13.597832
SPHINCS+-SHA2-128f-simple_run30,active,4.266164,5.39625,0.595404,3.212949,13.63876
SPHINCS+-SHA2-128f-simple_run30,active,4.278904,5.39625,0.595046,3.211019,13.67967
SPHINCS+-SHA2-128f-simple_run30,active,4.29165,5.4,0.595583,3.216147,13.720661
SPHINCS+-SHA2-128f-simple_run30,active,4.30439,5.39625,0.596477,3.218738,13.761669
SPHINCS+-SHA2-128f-simple_run30,active,4.317128,5.3975,0.596298,3.218518,13.802667
SPHINCS+-SHA2-128f-simple_run30,active,4.329867,5.395,0.595583,3.213169,13.843599
SPHINCS+-SHA2-128f-simple_run30,active,4.342606,5.39625,0.594689,3.209089,13.884481
SPHINCS+-SHA2-128f-simple_run30,active,4.355346,5.39625,0.596119,3.216808,13.925462
SPHINCS+-SHA2-128f-simple_run30,active,4.368083,5.39375,0.595225,3.210496,13.966355
SPHINCS+-SHA2-128f-simple_run30,active,4.380822,5.39375,0.595404,3.21146,14.007266
SPHINCS+-SHA2-128f-simple_run30,active,4.393565,5.39625,0.59451,3.208125,14.048148
SPHINCS+-SHA2-128f-simple_run30,active,4.406308,5.39125,0.595046,3.208044,14.089026
SPHINCS+-SHA2-128f-simple_run30,active,4.419049,5.39875,0.595404,3.214437,14.129983
SPHINCS+-SHA2-128f-simple_run30,active,4.431786,5.39875,0.592364,3.198027,14.170716
SPHINCS+-SHA2-128f-simple_run30,active,4.444525,5.39625,0.595046,3.211019,14.211621
SPHINCS+-SHA2-128f-simple_run30,active,4.457265,5.39625,0.595046,3.211019,14.252529
SPHINCS+-SHA2-128f-simple_run30,active,4.470004,5.39625,0.594689,3.209089,14.293408
SPHINCS+-SHA2-128f-simple_run30,active,4.482743,5.395,0.598444,3.228603,14.334539
SPHINCS+-SHA2-128f-simple_run30,active,4.495488,5.3975,0.595762,3.215623,14.375519
SPHINCS+-SHA2-128f-simple_run30,active,4.508231,5.39875,0.59594,3.217333,14.416518
SPHINCS+-SHA2-128f-simple_run30,active,4.520969,5.39875,0.595225,3.213472,14.457454
SPHINCS+-SHA2-128f-simple_run30,active,4.533708,5.39625,0.593616,3.2033,14.49826
SPHINCS+-SHA2-128f-simple_run30,active,4.546448,5.3975,0.595404,3.213693,14.539203
SPHINCS+-SHA2-128f-simple_run30,active,4.559187,5.38375,0.595225,3.204544,14.580026
SPHINCS+-SHA2-128f-simple_run30,active,4.571925,5.39625,0.601483,3.245754,14.621368
SPHINCS+-SHA2-128f-simple_run30,active,4.584661,5.39875,0.596477,3.220229,14.662381
SPHINCS+-SHA2-128f-simple_run30,active,4.597403,5.39875,0.595046,3.212507,14.703317
SPHINCS+-SHA2-128f-simple_run30,active,4.610146,5.3975,0.596119,3.217553,14.744316
SPHINCS+-SHA2-128f-simple_run30,active,4.622885,5.39375,0.590576,3.185421,14.784896
SPHINCS+-SHA2-128f-simple_run30,active,4.635624,5.395,0.595225,3.21124,14.825803
SPHINCS+-SHA2-128f-simple_run30,active,4.648363,5.3975,0.595046,3.211763,14.866718
SPHINCS+-SHA2-128f-simple_run30,active,4.661103,5.385,0.594331,3.200474,14.907491
SPHINCS+-SHA2-128f-simple_run30,active,4.67384,5.3975,0.595225,3.212728,14.948412
SPHINCS+-SHA2-128f-simple_run30,active,4.686579,5.3975,0.595225,3.212728,14.989339
SPHINCS+-SHA2-128f-simple_run30,active,4.699338,5.39625,0.595225,3.211984,15.030322
SPHINCS+-SHA2-128f-simple_run30,active,4.71211,5.39375,0.593258,3.199887,15.071192
SPHINCS+-SHA2-128f-simple_run30,active,4.724854,5.4,0.597192,3.224837,15.112289
SPHINCS+-SHA2-128f-simple_run30,active,4.737595,5.39875,0.595404,3.214437,15.153244
SPHINCS+-SHA2-128f-simple_run30,active,4.750336,5.39625,0.595225,3.211984,15.194168
SPHINCS+-SHA2-128f-simple_run30,active,4.76308,5.385,0.594152,3.199511,15.234942
SPHINCS+-SHA2-128f-simple_run30,active,4.775822,5.39625,0.595225,3.211984,15.27587
SPHINCS+-SHA2-128f-simple_run30,active,4.788562,5.3975,0.595583,3.214658,15.316823
SPHINCS+-SHA2-128f-simple_run30,active,4.80131,5.3975,0.596477,3.219484,15.357864
SPHINCS+-SHA2-128f-simple_run30,active,4.814054,5.3975,0.595225,3.212728,15.398807
SPHINCS+-SHA2-128f-simple_run30,active,4.826797,5.39625,0.595225,3.211984,15.439739
SPHINCS+-SHA2-128f-simple_run30,active,4.839535,5.39625,0.595225,3.211984,15.480653
SPHINCS+-SHA2-128f-simple_run30,active,4.852273,5.395,0.596477,3.217992,15.521643
SPHINCS+-SHA2-128f-simple_run30,active,4.86505,5.385,0.596298,3.211065,15.562671
SPHINCS+-SHA2-128f-simple_run30,active,4.877791,5.39375,0.596834,3.219176,15.603687
SPHINCS+-SHA2-128f-simple_run30,active,4.890531,5.38625,0.594868,3.204106,15.644507
SPHINCS+-SHA2-128f-simple_run30,active,4.903277,5.3975,0.594868,3.210798,15.685432
SPHINCS+-SHA2-128f-simple_run30,active,4.91602,5.39625,0.596119,3.216808,15.726423
SPHINCS+-SHA2-128f-simple_run30,active,4.928755,5.3975,0.595762,3.215623,15.767376
SPHINCS+-SHA2-128f-simple_run30,active,4.941496,5.3975,0.595225,3.212728,15.80831
SPHINCS+-SHA2-128f-simple_run30,active,4.954236,5.3975,0.595225,3.212728,15.849238
SPHINCS+-SHA2-128f-simple_run30,active,4.966977,5.385,0.595225,3.205288,15.890078
SPHINCS+-SHA2-128f-simple_run30,active,4.979743,5.3975,0.595225,3.212728,15.931092
SPHINCS+-SHA2-128f-simple_run30,active,4.992483,5.39875,0.595583,3.215403,15.972055
SPHINCS+-SHA2-128f-simple_run30,active,5.005229,5.39875,0.594152,3.20768,16.012939
SPHINCS+-SHA2-128f-simple_run30,active,5.017974,5.39625,0.595046,3.211019,16.053865
SPHINCS+-SHA2-128f-simple_run30,active,5.030715,5.395,0.595046,3.210275,16.094766
SPHINCS+-SHA2-128f-simple_run30,active,5.043454,5.3975,0.594868,3.210798,16.135668
SPHINCS+-SHA2-128f-simple_run30,active,5.05619,5.395,0.595225,3.21124,16.176569
SPHINCS+-SHA2-128f-simple_run30,active,5.06893,5.39625,0.595046,3.211019,16.217474
SPHINCS+-SHA2-128f-simple_run30,active,5.081668,5.395,0.597371,3.222815,16.258527
SPHINCS+-SHA2-128f-simple_run30,active,5.094441,5.3975,0.595046,3.211763,16.299553
SPHINCS+-SHA2-128f-simple_run30,active,5.109976,5.3975,0.59308,3.201147,16.349283
SPHINCS+-SHA2-128f-simple_run30,active,5.122756,5.38625,0.593258,3.195438,16.390119
SPHINCS+-SHA2-128f-simple_run30,active,5.135499,5.395,0.592722,3.197735,16.43087
SPHINCS+-SHA2-128f-simple_run30,active,5.148235,5.3975,0.595225,3.212728,16.471787
SPHINCS+-SHA2-128f-simple_run30,active,5.160974,5.39875,0.594152,3.20768,16.512648
SPHINCS+-SHA2-128f-simple_run30,active,5.173714,5.38625,0.595225,3.206032,16.553492
SPHINCS+-SHA2-128f-simple_run30,active,5.186455,5.3975,0.595046,3.211763,16.594413
SPHINCS+-SHA2-128f-simple_run30,active,5.199194,5.3975,0.595225,3.212728,16.63534
SPHINCS+-SHA2-128f-simple_run30,active,5.21194,5.39375,0.595046,3.209532,16.676249
SPHINCS+-SHA2-128f-simple_run30,active,5.224684,5.3975,0.595225,3.212728,16.717193
SPHINCS+-SHA2-128f-simple_run30,active,5.237423,5.3975,0.595225,3.212728,16.758119
SPHINCS+-SHA2-128f-simple_run30,active,5.25016,5.40125,0.59594,3.218823,16.799119
SPHINCS+-SHA2-128f-simple_run30,active,5.262899,5.39125,0.595225,3.209008,16.839999
SPHINCS+-SHA2-128f-simple_run30,active,5.275637,5.38625,0.594152,3.200253,16.880763
SPHINCS+-SHA2-128f-simple_run30,active,5.288374,5.39625,0.595404,3.212949,16.921686
SPHINCS+-SHA2-128f-simple_run30,active,5.301112,5.39125,0.596834,3.217683,16.962673
SPHINCS+-SHA2-128f-simple_run30,active,5.313855,5.39625,0.595762,3.214879,17.00364
SPHINCS+-SHA2-128f-simple_run30,active,5.3266,5.39625,0.595046,3.211019,17.044563
SPHINCS+-SHA2-128f-simple_run30,active,5.339338,5.3975,0.595404,3.213693,17.085499
SPHINCS+-SHA2-128f-simple_run30,active,5.352074,5.39875,0.594868,3.211541,17.126404
SPHINCS+-SHA2-128f-simple_run30,active,5.364812,5.38125,0.595046,3.202093,17.16719
SPHINCS+-SHA2-128f-simple_run30,active,5.377551,5.38375,0.595225,3.204544,17.208013
SPHINCS+-SHA2-128f-simple_run30,active,5.39029,5.3975,0.595583,3.214658,17.248964
SPHINCS+-SHA2-128f-simple_run30,active,5.40303,5.3975,0.593795,3.205007,17.289797
SPHINCS+-SHA2-128f-simple_run30,active,5.415773,5.39875,0.595046,3.212507,17.330735
SPHINCS+-SHA2-128f-simple_run30,active,5.428516,5.39625,0.595583,3.213914,17.371689
SPHINCS+-SHA2-128f-simple_run30,active,5.441252,5.3975,0.597192,3.223344,17.412742
SPHINCS+-SHA2-128f-simple_run30,active,5.453994,5.395,0.595583,3.213169,17.453682
SPHINCS+-SHA2-128f-simple_run30,active,5.466734,5.4,0.595404,3.215182,17.494645
SPHINCS+-SHA2-128f-simple_run30,active,5.479472,5.38125,0.595583,3.20498,17.53547
SPHINCS+-SHA2-128f-simple_run30,active,5.492209,5.39625,0.595225,3.211984,17.576379
SPHINCS+-SHA2-128f-simple_run30,active,5.504946,5.3975,0.597371,3.224309,17.617447
SPHINCS+-SHA2-128f-simple_run30,active,5.517689,5.39625,0.595404,3.212949,17.65839
SPHINCS+-SHA2-128f-simple_run30,active,5.530468,5.3975,0.593974,3.205973,17.699359
SPHINCS+-SHA2-128f-simple_run30,active,5.543212,5.3975,0.595046,3.211763,17.740291
SPHINCS+-SHA2-128f-simple_run30,active,5.555951,5.3975,0.595583,3.214658,17.781244
SPHINCS+-SHA2-128f-simple_run30,active,5.56869,5.395,0.595046,3.210275,17.822139
SPHINCS+-SHA2-128f-simple_run30,active,5.581429,5.385,0.598265,3.221656,17.863178
SPHINCS+-SHA2-128f-simple_run30,active,5.594167,5.39625,0.595583,3.213914,17.904117
SPHINCS+-SHA2-128f-simple_run30,active,5.606907,5.395,0.595583,3.213169,17.945054
SPHINCS+-SHA2-128f-simple_run30,active,5.619652,5.39875,0.596834,3.22216,17.986119
SPHINCS+-SHA2-128f-simple_run30,active,5.632395,5.39625,0.595225,3.211984,18.027049
SPHINCS+-SHA2-128f-simple_run30,active,5.645134,5.39625,0.597728,3.225492,18.068139
SPHINCS+-SHA2-128f-simple_run30,active,5.657872,5.39625,0.595225,3.211984,18.109053
SPHINCS+-SHA2-128f-simple_run30,active,5.670611,5.38875,0.593437,3.197885,18.149792
SPHINCS+-SHA2-128f-simple_run30,active,5.683349,5.39375,0.595225,3.210496,18.190687
SPHINCS+-SHA2-128f-simple_run30,active,5.696085,5.39625,0.595225,3.211984,18.231596
SPHINCS+-SHA2-128f-simple_run30,active,5.708824,5.3975,0.595583,3.214658,18.272545
SPHINCS+-SHA2-128f-simple_run30,active,5.721567,5.39125,0.595404,3.209972,18.313452
SPHINCS+-SHA2-128f-simple_run30,active,5.734312,5.39625,0.595046,3.211019,18.354375
SPHINCS+-SHA2-128f-simple_run30,active,5.747054,5.395,0.595225,3.21124,18.395292
SPHINCS+-SHA2-128f-simple_run30,active,5.75979,5.39625,0.595225,3.211984,18.436201
SPHINCS+-SHA2-128f-simple_run30,active,5.772529,5.39125,0.595583,3.210936,18.477107
SPHINCS+-SHA2-128f-simple_run30,active,5.78527,5.39625,0.595583,3.213914,18.518054
SPHINCS+-SHA2-128f-simple_run30,active,5.798008,5.39625,0.595404,3.212949,18.558979
SPHINCS+-SHA2-128f-simple_run30,active,5.810776,5.3975,0.595762,3.215623,18.600038
SPHINCS+-SHA2-128f-simple_run30,active,5.82354,5.39625,0.595225,3.211984,18.641034
SPHINCS+-SHA2-128f-simple_run30,active,5.836284,5.39625,0.595583,3.213914,18.681992
SPHINCS+-SHA2-128f-simple_run30,active,5.849062,5.385,0.595225,3.205288,18.722949
SPHINCS+-SHA2-128f-simple_run30,active,5.861802,5.39875,0.595046,3.212507,18.763877
SPHINCS+-SHA2-128f-simple_run30,active,5.874544,5.39625,0.596119,3.216808,18.804866
SPHINCS+-SHA2-128f-simple_run30,active,5.887283,5.39375,0.59451,3.206638,18.845716
SPHINCS+-SHA2-128f-simple_run30,active,5.900022,5.39875,0.595762,3.216368,18.88669
SPHINCS+-SHA2-128f-simple_run30,active,5.912761,5.39625,0.596298,3.217773,18.927681
SPHINCS+-SHA2-128f-simple_run30,active,5.925507,5.395,0.59594,3.215098,18.968659
SPHINCS+-SHA2-128f-simple_run30,active,5.938253,5.3975,0.595225,3.212728,19.009608
SPHINCS+-SHA2-128f-simple_run30,active,5.950995,5.39875,0.59594,3.217333,19.050603
SPHINCS+-SHA2-128f-simple_run30,active,5.963763,5.3975,0.597192,3.223344,19.091759
SPHINCS+-SHA2-128f-simple_run30,active,5.976502,5.3975,0.595225,3.212728,19.132687
SPHINCS+-SHA2-128f-simple_run30,active,5.989241,5.39375,0.595583,3.212425,19.173611
SPHINCS+-SHA2-128f-simple_run30,active,6.001981,5.395,0.596119,3.216063,19.214583
SPHINCS+-SHA2-128f-simple_run30,active,6.014722,5.3975,0.595225,3.212728,19.255516
SPHINCS+-SHA2-128f-simple_run30,active,6.027466,5.3975,0.595225,3.212728,19.296458
SPHINCS+-SHA2-128f-simple_run30,active,6.040206,5.3975,0.598622,3.231064,19.337622
SPHINCS+-SHA2-128f-simple_run30,active,6.052944,5.39875,0.595225,3.213472,19.378557
SPHINCS+-SHA2-128f-simple_run30,active,6.065682,5.39625,0.597371,3.223562,19.419619
SPHINCS+-SHA2-128f-simple_run30,active,6.07845,5.3975,0.595046,3.211763,19.460626
SPHINCS+-SHA2-128f-simple_run30,active,6.091195,5.395,0.59451,3.207381,19.501503
SPHINCS+-SHA2-128f-simple_run30,active,6.103933,5.3975,0.595046,3.211763,19.542415
SPHINCS+-SHA2-128f-simple_run30,active,6.116676,5.39625,0.595404,3.212949,19.583356
SPHINCS+-SHA2-128f-simple_run30,active,6.12943,5.3975,0.596834,3.221414,19.624443
SPHINCS+-SHA2-128f-simple_run30,active,6.142175,5.39625,0.596119,3.216808,19.66544
SPHINCS+-SHA2-128f-simple_run30,active,6.154918,5.3975,0.595583,3.214658,19.706407
SPHINCS+-SHA2-128f-simple_run30,active,6.167658,5.39625,0.596477,3.218738,19.747414
SPHINCS+-SHA2-128f-simple_run30,active,6.180396,5.39375,0.590219,3.183493,19.787965
SPHINCS+-SHA2-128f-simple_run30,active,6.193136,5.3975,0.59594,3.216588,19.828944
SPHINCS+-SHA2-128f-simple_run30,active,6.205875,5.39875,0.595225,3.213472,19.86988
SPHINCS+-SHA2-128f-simple_run30,active,6.218616,5.39625,0.595762,3.214879,19.91084
SPHINCS+-SHA2-128f-simple_run30,active,6.231361,5.395,0.592364,3.195806,19.951571
SPHINCS+-SHA2-128f-simple_run30,active,6.244102,5.39875,0.595046,3.212507,19.992502
SPHINCS+-SHA2-128f-simple_run30,active,6.256842,5.39625,0.594689,3.209089,20.033386
SPHINCS+-SHA2-128f-simple_run30,active,6.269582,5.39875,0.596477,3.220229,20.07441
SPHINCS+-SHA2-128f-simple_run30,active,6.28232,5.39625,0.595225,3.211984,20.115327
SPHINCS+-SHA2-128f-simple_run30,active,6.295063,5.39625,0.594689,3.209089,20.156219
SPHINCS+-SHA2-128f-simple_run30,active,6.3078,5.3975,0.595404,3.213693,20.197151
SPHINCS+-SHA2-128f-simple_run30,active,6.320538,5.39375,0.595225,3.210496,20.238049
SPHINCS+-SHA2-128f-simple_run30,active,6.333283,5.39625,0.594868,3.210054,20.278958
SPHINCS+-SHA2-128f-simple_run30,active,6.346025,5.39625,0.595225,3.211984,20.319887
SPHINCS+-SHA2-128f-simple_run30,active,6.358767,5.39625,0.595225,3.211984,20.360812
SPHINCS+-SHA2-128f-simple_run30,active,6.371502,5.39875,0.595225,3.213472,20.401737
SPHINCS+-SHA2-128f-simple_run30,active,6.387079,5.3975,0.595583,3.214658,20.451811
SPHINCS+-SHA2-128f-simple_run30,active,6.399841,5.39625,0.597728,3.225492,20.492976
SPHINCS+-SHA2-128f-simple_run30,active,6.412585,5.39875,0.595583,3.215403,20.533953
SPHINCS+-SHA2-128f-simple_run30,active,6.425325,5.39625,0.596656,3.219703,20.574973
SPHINCS+-SHA2-128f-simple_run30,active,6.438072,5.3975,0.595225,3.212728,20.615925
SPHINCS+-SHA2-128f-simple_run30,active,6.450821,5.39625,0.598265,3.228386,20.657083
SPHINCS+-SHA2-128f-simple_run30,active,6.463561,5.3975,0.595404,3.213693,20.698025
SPHINCS+-SHA2-128f-simple_run30,active,6.476298,5.3975,0.594868,3.210798,20.738922
SPHINCS+-SHA2-128f-simple_run30,active,6.489065,5.39875,0.593795,3.20575,20.779849
SPHINCS+-SHA2-128f-simple_run30,active,6.501805,5.39625,0.595046,3.211019,20.820758
SPHINCS+-SHA2-128f-simple_run30,active,6.514547,5.39625,0.595583,3.213914,20.861709
SPHINCS+-SHA2-128f-simple_run30,active,6.527286,5.39625,0.595225,3.211984,20.902626
SPHINCS+-SHA2-128f-simple_run30,active,6.540028,5.39375,0.595404,3.21146,20.943548
SPHINCS+-SHA2-128f-simple_run30,active,6.55277,5.39625,0.595046,3.211019,20.984464
SPHINCS+-SHA2-128f-simple_run30,active,6.565509,5.39625,0.595225,3.211984,21.025381
SPHINCS+-SHA2-128f-simple_run30,active,6.578246,5.39875,0.595583,3.215403,21.066336
SPHINCS+-SHA2-128f-simple_run30,active,6.590986,5.39625,0.595762,3.214879,21.107292
SPHINCS+-SHA2-128f-simple_run30,active,6.603757,5.38875,0.595762,3.21041,21.148291
SPHINCS+-SHA2-128f-simple_run30,active,6.616496,5.39625,0.595583,3.213914,21.189235
SPHINCS+-SHA2-128f-simple_run30,active,6.629233,5.3975,0.59594,3.216588,21.230204
SPHINCS+-SHA2-128f-simple_run30,active,6.641995,5.39625,0.596477,3.218738,21.271282
SPHINCS+-SHA2-128f-simple_run30,active,6.654768,5.3975,0.595225,3.212728,21.312318
SPHINCS+-SHA2-128f-simple_run30,active,6.667513,5.39625,0.595225,3.211984,21.353254
SPHINCS+-SHA2-128f-simple_run30,active,6.680252,5.40125,0.595583,3.216892,21.394234
SPHINCS+-SHA2-128f-simple_run30,active,6.692993,5.395,0.595583,3.213169,21.435174
SPHINCS+-SHA2-128f-simple_run30,active,6.705735,5.39375,0.59594,3.214354,21.476129
SPHINCS+-SHA2-128f-simple_run30,active,6.718478,5.3975,0.595583,3.214658,21.517095
SPHINCS+-SHA2-128f-simple_run30,active,6.731218,5.39125,0.595046,3.208044,21.557966
SPHINCS+-SHA2-128f-simple_run30,active,6.743963,5.3975,0.597371,3.224309,21.59906
SPHINCS+-SHA2-128f-simple_run30,active,6.756707,5.3975,0.595225,3.212728,21.640003
SPHINCS+-SHA2-128f-simple_run30,active,6.769449,5.3975,0.595404,3.213693,21.68095
SPHINCS+-SHA2-128f-simple_run30,active,6.782187,5.395,0.595404,3.212205,21.721868
SPHINCS+-SHA2-128f-simple_run30,active,6.794928,5.39625,0.59594,3.215843,21.762842
SPHINCS+-SHA2-128f-simple_run30,active,6.807671,5.39625,0.595583,3.213914,21.803795
SPHINCS+-SHA2-128f-simple_run30,active,6.820408,5.40625,0.59594,3.221803,21.844832
SPHINCS+-SHA2-128f-simple_run30,active,6.833148,5.3975,0.595404,3.213693,21.885775
SPHINCS+-SHA2-128f-simple_run30,active,6.845893,5.39875,0.595404,3.214437,21.926744
SPHINCS+-SHA2-128f-simple_run30,active,6.858641,5.3975,0.595225,3.212728,21.967697
SPHINCS+-SHA2-128f-simple_run30,active,6.871382,5.39625,0.593258,3.201371,22.008487
SPHINCS+-SHA2-128f-simple_run30,active,6.884117,5.39625,0.594868,3.210054,22.049366
SPHINCS+-SHA2-128f-simple_run30,active,6.896858,5.3975,0.595225,3.212728,22.090299
SPHINCS+-SHA2-128f-simple_run30,active,6.9096,5.3975,0.595404,3.213693,22.131249
SPHINCS+-SHA2-128f-simple_run30,active,6.922339,5.3975,0.595225,3.212728,22.172176
SPHINCS+-SHA2-128f-simple_run30,active,6.93508,5.39625,0.596477,3.218738,22.213184
SPHINCS+-SHA2-128f-simple_run30,active,6.947825,5.395,0.595583,3.213169,22.254137
SPHINCS+-SHA2-128f-simple_run30,active,6.960567,5.3975,0.596119,3.217553,22.295137
SPHINCS+-SHA2-128f-simple_run30,active,6.973308,5.3975,0.595225,3.212728,22.336071
SPHINCS+-SHA2-128f-simple_run30,active,6.98605,5.3975,0.595046,3.211763,22.376995
SPHINCS+-SHA2-128f-simple_run30,active,6.998795,5.3975,0.597013,3.222379,22.418062
SPHINCS+-SHA2-128f-simple_run30,active,7.011535,5.39625,0.595762,3.214879,22.459019
SPHINCS+-SHA2-128f-simple_run30,active,7.024273,5.3975,0.595225,3.212728,22.499944
SPHINCS+-SHA2-128f-simple_run30,active,7.037047,5.395,0.595583,3.213169,22.540988
SPHINCS+-SHA2-128f-simple_run30,active,7.049793,5.39625,0.59594,3.215843,22.58198
SPHINCS+-SHA2-128f-simple_run30,active,7.062539,5.40125,0.595225,3.21496,22.622957
SPHINCS+-SHA2-128f-simple_run30,active,7.075279,5.39875,0.595225,3.213472,22.663897
SPHINCS+-SHA2-128f-simple_run30,active,7.088018,5.39625,0.594152,3.206195,22.704739
SPHINCS+-SHA2-128f-simple_run30,active,7.100758,5.395,0.597728,3.224745,22.745821
SPHINCS+-SHA2-128f-simple_run30,active,7.113499,5.39625,0.595404,3.212949,22.786759
SPHINCS+-SHA2-128f-simple_run30,active,7.126251,5.39625,0.595225,3.211984,22.827718
SPHINCS+-SHA2-128f-simple_run30,active,7.138996,5.39625,0.59594,3.215843,22.868705
SPHINCS+-SHA2-128f-simple_run30,active,7.15177,5.3975,0.595583,3.214658,22.909767
SPHINCS+-SHA2-128f-simple_run30,active,7.164516,5.3975,0.598265,3.229134,22.950927
SPHINCS+-SHA2-128f-simple_run30,active,7.177274,5.38875,0.595225,3.20752,22.991847
SPHINCS+-SHA2-128f-simple_run30,active,7.190108,5.39875,0.594331,3.208646,23.033027
SPHINCS+-SHA2-128f-simple_run30,active,7.202857,5.39375,0.596477,3.217247,23.074046
SPHINCS+-SHA2-128f-simple_run30,active,7.215607,5.39625,0.59451,3.208125,23.114947
SPHINCS+-SHA2-128f-simple_run30,active,7.228348,5.395,0.594689,3.208346,23.155827
SPHINCS+-SHA2-128f-simple_run30,active,7.241092,5.3975,0.595583,3.214658,23.196794
SPHINCS+-SHA2-128f-simple_run30,active,7.253831,5.39375,0.595583,3.212425,23.237716
SPHINCS+-SHA2-128f-simple_run30,active,7.266574,5.3975,0.595762,3.215623,23.278692
SPHINCS+-SHA2-128f-simple_run30,active,7.279312,5.39625,0.595583,3.213914,23.319633
SPHINCS+-SHA2-128f-simple_run30,active,7.292051,5.39625,0.595583,3.213914,23.360575
SPHINCS+-SHA2-128f-simple_run30,active,7.304789,5.39625,0.597907,3.226457,23.401674
SPHINCS+-SHA2-128f-simple_run30,active,7.317528,5.39375,0.59594,3.214354,23.442622
SPHINCS+-SHA2-128f-simple_run30,active,7.330267,5.4,0.596119,3.219044,23.483627
SPHINCS+-SHA2-128f-simple_run30,active,7.343007,5.3975,0.595404,3.213693,23.524571
SPHINCS+-SHA2-128f-simple_run30,active,7.355757,5.39875,0.595404,3.214437,23.565553
SPHINCS+-SHA2-128f-simple_run30,active,7.368502,5.39875,0.595225,3.213472,23.60651
SPHINCS+-SHA2-128f-simple_run30,active,7.381242,5.39625,0.595404,3.212949,23.647441
SPHINCS+-SHA2-128f-simple_run30,active,7.393981,5.3975,0.595225,3.212728,23.68837
SPHINCS+-SHA2-128f-simple_run30,active,7.406722,5.3975,0.595404,3.213693,23.729314
SPHINCS+-SHA2-128f-simple_run30,active,7.41946,5.4,0.593258,3.203595,23.770124
SPHINCS+-SHA2-128f-simple_run30,active,7.4322,5.3975,0.596834,3.221414,23.811163
SPHINCS+-SHA2-128f-simple_run30,active,7.444939,5.39625,0.595404,3.212949,23.852092
SPHINCS+-SHA2-128f-simple_run30,active,7.457684,5.39625,0.59451,3.208125,23.89298
SPHINCS+-SHA2-128f-simple_run30,active,7.470472,5.39625,0.595225,3.211984,23.934056
SPHINCS+-SHA2-128f-simple_run30,active,7.483217,5.39625,0.595583,3.213914,23.975018
SPHINCS+-SHA2-128f-simple_run30,active,7.495956,5.39625,0.595404,3.212949,24.015946
SPHINCS+-SHA2-128f-simple_run30,active,7.508695,5.39625,0.594152,3.206195,24.056791
SPHINCS+-SHA2-128f-simple_run30,active,7.521434,5.3975,0.595225,3.212728,24.097718
SPHINCS+-SHA2-128f-simple_run30,active,7.534174,5.3975,0.595404,3.213693,24.138659
SPHINCS+-SHA2-128f-simple_run30,active,7.546915,5.39625,0.595046,3.211019,24.17957
SPHINCS+-SHA2-128f-simple_run30,active,7.55966,5.3975,0.590219,3.185706,24.220172
SPHINCS+-SHA2-128f-simple_run30,active,7.572403,5.3975,0.596298,3.218518,24.261188
SPHINCS+-SHA2-128f-simple_run30,active,7.585142,5.3975,0.595583,3.214658,24.302138
SPHINCS+-SHA2-128f-simple_run30,active,7.597881,5.3975,0.588073,3.174125,24.342573
SPHINCS+-SHA2-128f-simple_run30,active,7.610622,5.3975,0.593437,3.203077,24.383384
SPHINCS+-SHA2-128f-simple_run30,active,7.623361,5.39625,0.595583,3.213914,24.424326
SPHINCS+-SHA2-128f-simple_run30,active,7.636098,5.395,0.595404,3.212205,24.465239
SPHINCS+-SHA2-128f-simple_run30,active,7.648837,5.3975,0.593795,3.205007,24.506067
SPHINCS+-SHA2-128f-simple_run30,active,7.664443,5.39,0.596119,3.213082,24.556211
SPHINCS+-SHA2-128f-simple_run30,active,7.677222,5.3975,0.596477,3.219484,24.597355
SPHINCS+-SHA2-128f-simple_run30,active,7.689965,5.39625,0.595583,3.213914,24.638309
SPHINCS+-SHA2-128f-simple_run30,active,7.702707,5.39625,0.595046,3.211019,24.679224
SPHINCS+-SHA2-128f-simple_run30,active,7.715447,5.39625,0.595583,3.213914,24.720168
SPHINCS+-SHA2-128f-simple_run30,active,7.728185,5.4,0.594868,3.212285,24.761088
SPHINCS+-SHA2-128f-simple_run30,active,7.740924,5.39625,0.595225,3.211984,24.802003
SPHINCS+-SHA2-128f-simple_run30,active,7.753677,5.39625,0.595583,3.213914,24.842993
SPHINCS+-SHA2-128f-simple_run30,active,7.766457,5.39625,0.594689,3.209089,24.884004
SPHINCS+-SHA2-128f-simple_run30,active,7.779209,5.3975,0.597371,3.224309,24.925118
SPHINCS+-SHA2-128f-simple_run30,active,7.791946,5.39875,0.595225,3.213472,24.966051
SPHINCS+-SHA2-128f-simple_run30,active,7.804687,5.3975,0.595225,3.212728,25.006983
SPHINCS+-SHA2-128f-simple_run30,active,7.817426,5.39625,0.596119,3.216808,25.047961
SPHINCS+-SHA2-128f-simple_run30,active,7.830163,5.39625,0.596477,3.218738,25.08896
SPHINCS+-SHA2-128f-simple_run30,active,7.842902,5.39625,0.595225,3.211984,25.129878
SPHINCS+-SHA2-128f-simple_run30,active,7.85564,5.39625,0.595404,3.212949,25.170804
SPHINCS+-SHA2-128f-simple_run30,active,7.868384,5.39875,0.596834,3.22216,25.211866
SPHINCS+-SHA2-128f-simple_run30,active,7.881128,5.3975,0.595583,3.214658,25.252835
SPHINCS+-SHA2-128f-simple_run30,active,7.893866,5.3975,0.595225,3.212728,25.293759
SPHINCS+-SHA2-128f-simple_run30,active,7.906605,5.3975,0.595583,3.214658,25.33471
SPHINCS+-SHA2-128f-simple_run30,active,7.919344,5.395,0.598265,3.227639,25.375828
SPHINCS+-SHA2-128f-simple_run30,active,7.932082,5.39625,0.596477,3.218738,25.416827
SPHINCS+-SHA2-128f-simple_run30,active,7.944821,5.3975,0.597728,3.226239,25.457926
SPHINCS+-SHA2-128f-simple_run30,active,7.95756,5.3975,0.591292,3.191496,25.498581
SPHINCS+-SHA2-128f-simple_run30,active,7.970303,5.39875,0.595583,3.215403,25.539557
SPHINCS+-SHA2-128f-simple_run30,active,7.983049,5.39625,0.596477,3.218738,25.58058
SPHINCS+-SHA2-128f-simple_run30,active,7.995787,5.395,0.595762,3.214134,25.621522
SPHINCS+-SHA2-128f-simple_run30,active,8.008526,5.39625,0.592901,3.199441,25.662281
SPHINCS+-SHA2-128f-simple_run30,active,8.021265,5.39875,0.594868,3.211541,25.703194
SPHINCS+-SHA2-128f-simple_run30,active,8.034003,5.3975,0.595225,3.212728,25.744117
SPHINCS+-SHA2-128f-simple_run30,active,8.046744,5.3975,0.595225,3.212728,25.785049
SPHINCS+-SHA2-128f-simple_run30,active,8.059482,5.39125,0.60041,3.236963,25.826281
SPHINCS+-SHA2-128f-simple_run30,active,8.072224,5.39625,0.595583,3.213914,25.867234
SPHINCS+-SHA2-128f-simple_run30,active,8.084969,5.3975,0.597371,3.224309,25.908328
SPHINCS+-SHA2-128f-simple_run30,active,8.097709,5.3975,0.595046,3.211763,25.949246
SPHINCS+-SHA2-128f-simple_run30,active,8.110451,5.39625,0.595225,3.211984,25.990173
SPHINCS+-SHA2-128f-simple_run30,active,8.123206,5.3975,0.595583,3.214658,26.031175
SPHINCS+-SHA2-128f-simple_run30,active,8.135942,5.39625,0.595225,3.211984,26.072083
SPHINCS+-SHA2-128f-simple_run30,active,8.148681,5.395,0.592722,3.197735,26.11282
SPHINCS+-SHA2-128f-simple_run30,active,8.161417,5.39625,0.59594,3.215843,26.153775
SPHINCS+-SHA2-128f-simple_run30,active,8.174162,5.39625,0.595583,3.213914,26.194737
SPHINCS+-SHA2-128f-simple_run30,active,8.18691,5.39625,0.595404,3.212949,26.235696
SPHINCS+-SHA2-128f-simple_run30,active,8.199649,5.4,0.596298,3.220009,26.276717
SPHINCS+-SHA2-128f-simple_run30,active,8.212385,5.395,0.595225,3.21124,26.317614
SPHINCS+-SHA2-128f-simple_run30,active,8.225124,5.39625,0.595762,3.214879,26.358568
SPHINCS+-SHA2-128f-simple_run30,active,8.237861,5.395,0.596477,3.217992,26.399556
SPHINCS+-SHA2-128f-simple_run30,active,8.250602,5.3975,0.594689,3.209833,26.440455
SPHINCS+-SHA2-128f-simple_run30,active,8.263342,5.3975,0.595583,3.214658,26.481408
SPHINCS+-SHA2-128f-simple_run30,active,8.276087,5.39625,0.595225,3.211984,26.522343
SPHINCS+-SHA2-128f-simple_run30,active,8.28883,5.4025,0.592543,3.201215,26.563139
SPHINCS+-SHA2-128f-simple_run30,active,8.301572,5.39625,0.595404,3.212949,26.604076
SPHINCS+-SHA2-128f-simple_run30,active,8.31431,5.39625,0.595225,3.211984,26.644992
SPHINCS+-SHA2-128f-simple_run30,active,8.327051,5.3975,0.595404,3.213693,26.685936
SPHINCS+-SHA2-128f-simple_run30,active,8.339791,5.395,0.592901,3.1987,26.726688
SPHINCS+-SHA2-128f-simple_run30,active,8.352528,5.395,0.595404,3.212205,26.767601
SPHINCS+-SHA2-128f-simple_run30,active,8.365267,5.39625,0.595225,3.211984,26.808519
SPHINCS+-SHA2-128f-simple_run30,active,8.378013,5.395,0.595762,3.214134,26.849487
SPHINCS+-SHA2-128f-simple_run30,active,8.390757,5.39875,0.59451,3.209611,26.890391
SPHINCS+-SHA2-128f-simple_run30,active,8.403498,5.39625,0.595046,3.211019,26.931303
SPHINCS+-SHA2-128f-simple_run30,active,8.416235,5.3975,0.595583,3.214658,26.972248
SPHINCS+-SHA2-128f-simple_run30,active,8.428974,5.39625,0.595583,3.213914,27.013188
SPHINCS+-SHA2-128f-simple_run30,active,8.441713,5.3975,0.595583,3.214658,27.05414
SPHINCS+-SHA2-128f-simple_run30,active,8.454454,5.39625,0.595225,3.211984,27.095063
SPHINCS+-SHA2-128f-simple_run30,active,8.467194,5.3975,0.593974,3.205973,27.135908
SPHINCS+-SHA2-128f-simple_run30,active,8.479937,5.4,0.593795,3.206492,27.176768
SPHINCS+-SHA2-128f-simple_run30,active,8.492682,5.39625,0.596298,3.217773,27.21778
SPHINCS+-SHA2-128f-simple_run30,active,8.505422,5.39625,0.597728,3.225492,27.258872
SPHINCS+-SHA2-128f-simple_run30,active,8.518161,5.39875,0.595046,3.212507,27.299798
SPHINCS+-SHA2-128f-simple_run30,active,8.530902,5.39625,0.595583,3.213914,27.340745
SPHINCS+-SHA2-128f-simple_run30,active,8.54364,5.39625,0.597192,3.222597,27.381793
SPHINCS+-SHA2-128f-simple_run30,active,8.556376,5.3975,0.596656,3.220449,27.422811
SPHINCS+-SHA2-128f-simple_run30,active,8.569113,5.39375,0.594152,3.20471,27.463628
SPHINCS+-SHA2-128f-simple_run30,active,8.581857,5.395,0.595404,3.212205,27.504565
SPHINCS+-SHA2-128f-simple_run30,active,8.594602,5.3975,0.595583,3.214658,27.545535
SPHINCS+-SHA2-128f-simple_run30,active,8.607342,5.3975,0.592364,3.197287,27.586269
SPHINCS+-SHA2-128f-simple_run30,active,8.62008,5.39875,0.595583,3.215403,27.627226
SPHINCS+-SHA2-128f-simple_run30,active,8.632819,5.39625,0.594868,3.210054,27.66812
SPHINCS+-SHA2-128f-simple_run30,active,8.645559,5.3975,0.597371,3.224309,27.709198
SPHINCS+-SHA2-128f-simple_run30,active,8.658297,5.39375,0.59594,3.214354,27.750142
SPHINCS+-SHA2-128f-simple_run30,active,8.671038,5.3975,0.595583,3.214658,27.791099
SPHINCS+-SHA2-128f-simple_run30,active,8.68378,5.39625,0.600947,3.242859,27.832419
SPHINCS+-SHA2-128f-simple_run30,active,8.6966,5.39875,0.595404,3.214437,27.873631
SPHINCS+-SHA2-128f-simple_run30,active,8.709357,5.4,0.595583,3.216147,27.914658
SPHINCS+-SHA2-128f-simple_run30,active,8.7221,5.39875,0.59594,3.217333,27.955658
SPHINCS+-SHA2-128f-simple_run30,active,8.734846,5.39625,0.595583,3.213914,27.99662
SPHINCS+-SHA2-128f-simple_run30,active,8.747589,5.3925,0.594868,3.207824,28.037499
SPHINCS+-SHA2-128f-simple_run30,active,8.760331,5.39625,0.596298,3.217773,28.078497
SPHINCS+-SHA2-128f-simple_run30,active,8.773071,5.39625,0.595583,3.213914,28.119444
SPHINCS+-SHA2-128f-simple_run30,active,8.785818,5.3975,0.595583,3.214658,28.160421
SPHINCS+-SHA2-128f-simple_run30,active,8.798566,5.4,0.595404,3.215182,28.201407
SPHINCS+-SHA2-128f-simple_run30,active,8.811306,5.39625,0.595046,3.211019,28.242317
SPHINCS+-SHA2-128f-simple_run30,active,8.824049,5.39625,0.595404,3.212949,28.283258
SPHINCS+-SHA2-128f-simple_run30,active,8.836789,5.395,0.595046,3.210275,28.324158
SPHINCS+-SHA2-128f-simple_run30,active,8.849532,5.39625,0.595583,3.213914,28.365112
SPHINCS+-SHA2-128f-simple_run30,active,8.862273,5.39625,0.595225,3.211984,28.406037
SPHINCS+-SHA2-128f-simple_run30,active,8.875023,5.39625,0.595225,3.211984,28.446989
SPHINCS+-SHA2-128f-simple_run30,active,8.887768,5.4,0.595046,3.213251,28.487943
SPHINCS+-SHA2-128f-simple_run30,active,8.900513,5.39875,0.595225,3.213472,28.528899
SPHINCS+-SHA2-128f-simple_run30,active,8.913253,5.3975,0.595404,3.213693,28.569842
SPHINCS+-SHA2-128f-simple_run30,active,8.925994,5.395,0.595046,3.210275,28.610742
SPHINCS+-SHA2-128f-simple_run30,active,8.941518,5.39625,0.595583,3.213914,28.660637
SPHINCS+-SHA2-128f-simple_run30,active,8.954282,5.395,0.595225,3.21124,28.701623
SPHINCS+-SHA2-128f-simple_run30,active,8.967028,5.3975,0.595046,3.211763,28.742562
SPHINCS+-SHA2-128f-simple_run30,active,8.97977,5.3975,0.594689,3.209833,28.78346
SPHINCS+-SHA2-128f-simple_run30,active,8.992517,5.4,0.595583,3.216147,28.824458
SPHINCS+-SHA2-128f-simple_run30,active,9.005265,5.3975,0.595225,3.212728,28.865412
SPHINCS+-SHA2-128f-simple_run30,active,9.018005,5.39375,0.592543,3.19603,28.906132
SPHINCS+-SHA2-128f-simple_run30,active,9.030748,5.3875,0.595046,3.205812,28.946983
SPHINCS+-SHA2-128f-simple_run30,active,9.043492,5.39875,0.595583,3.215403,28.987961
SPHINCS+-SHA2-128f-simple_run30,active,9.056229,5.39625,0.595225,3.211984,29.028872
SPHINCS+-SHA2-128f-simple_run30,active,9.06897,5.40125,0.595583,3.216892,29.069857
SPHINCS+-SHA2-128f-simple_run30,active,9.081711,5.3975,0.595404,3.213693,29.110801
SPHINCS+-SHA2-128f-simple_run30,active,9.094459,5.3975,0.595225,3.212728,29.151758
SPHINCS+-SHA2-128f-simple_run30,active,9.107204,5.3975,0.595583,3.214658,29.19273
SPHINCS+-SHA2-128f-simple_run30,active,9.119947,5.39625,0.59594,3.215843,29.233709
SPHINCS+-SHA2-128f-simple_run30,active,9.1327,5.39875,0.596119,3.218299,29.274751
SPHINCS+-SHA2-128f-simple_run30,active,9.14544,5.39625,0.595046,3.211019,29.31566
SPHINCS+-SHA2-128f-simple_run30,active,9.158182,5.39625,0.593795,3.204265,29.356487
SPHINCS+-SHA2-128f-simple_run30,active,9.170924,5.39875,0.595404,3.214437,29.397447
SPHINCS+-SHA2-128f-simple_run30,active,9.183663,5.3975,0.595225,3.212728,29.438375
SPHINCS+-SHA2-128f-simple_run30,active,9.196452,5.38875,0.595583,3.209447,29.479418
SPHINCS+-SHA2-128f-simple_run30,active,9.209209,5.39625,0.595583,3.213914,29.520419
SPHINCS+-SHA2-128f-simple_run30,active,9.221952,5.3975,0.595225,3.212728,29.56136
SPHINCS+-SHA2-128f-simple_run30,active,9.234696,5.39875,0.596477,3.220229,29.602398
SPHINCS+-SHA2-128f-simple_run30,active,9.247438,5.40125,0.59451,3.211097,29.643312
SPHINCS+-SHA2-128f-simple_run30,active,9.260179,5.3975,0.595404,3.213693,29.68426
SPHINCS+-SHA2-128f-simple_run30,active,9.272922,5.39625,0.59594,3.215843,29.725237
SPHINCS+-SHA2-128f-simple_run30,active,9.285661,5.3975,0.597728,3.226239,29.766336
SPHINCS+-SHA2-128f-simple_run30,active,9.298447,5.39625,0.593258,3.201371,29.807271
SPHINCS+-SHA2-128f-simple_run30,active,9.311198,5.39875,0.595583,3.215403,29.848269
SPHINCS+-SHA2-128f-simple_run30,active,9.323936,5.3975,0.596834,3.221414,29.889305
SPHINCS+-SHA2-128f-simple_run30,active,9.336679,5.39625,0.59594,3.215843,29.930283
SPHINCS+-SHA2-128f-simple_run30,active,9.349419,5.3975,0.595583,3.214658,29.971238
SPHINCS+-SHA2-128f-simple_run30,active,9.362161,5.3975,0.595404,3.213693,30.012188
SPHINCS+-SHA2-128f-simple_run30,active,9.374904,5.39625,0.595583,3.213914,30.053142
SPHINCS+-SHA2-128f-simple_run30,active,9.387646,5.39875,0.598801,3.232778,30.094334
SPHINCS+-SHA2-128f-simple_run30,active,9.400382,5.39875,0.595225,3.213472,30.135262
SPHINCS+-SHA2-128f-simple_run30,active,9.413123,5.39625,0.595225,3.211984,30.176184
SPHINCS+-SHA2-128f-simple_run30,active,9.425861,5.39625,0.593437,3.202335,30.216978
SPHINCS+-SHA2-128f-simple_run30,active,9.438601,5.3975,0.599159,3.23396,30.258177
SPHINCS+-SHA2-128f-simple_run30,active,9.451343,5.3975,0.595762,3.215623,30.299149
SPHINCS+-SHA2-128f-simple_run30,active,9.464083,5.39625,0.595046,3.211019,30.340058
SPHINCS+-SHA2-128f-simple_run30,active,9.476823,5.38875,0.592722,3.194031,30.38075
SPHINCS+-SHA2-128f-simple_run30,active,9.489561,5.39625,0.59594,3.215843,30.421716
SPHINCS+-SHA2-128f-simple_run30,active,9.502306,5.39875,0.595225,3.213472,30.462671
SPHINCS+-SHA2-128f-simple_run30,active,9.515052,5.3975,0.595225,3.212728,30.50362
SPHINCS+-SHA2-128f-simple_run30,active,9.52779,5.39875,0.597013,3.223125,30.544676
SPHINCS+-SHA2-128f-simple_run30,active,9.54053,5.39625,0.595225,3.211984,30.585596
SPHINCS+-SHA2-128f-simple_run30,active,9.553271,5.39625,0.595404,3.212949,30.626531
SPHINCS+-SHA2-128f-simple_run30,active,9.566011,5.3975,0.595225,3.212728,30.667462
SPHINCS+-SHA2-128f-simple_run30,active,9.578751,5.40125,0.595404,3.215926,30.708432
SPHINCS+-SHA2-128f-simple_run30,active,9.591489,5.39625,0.595404,3.212949,30.74936
SPHINCS+-SHA2-128f-simple_run30,active,9.604233,5.3975,0.595583,3.214658,30.790328
SPHINCS+-SHA2-128f-simple_run30,active,9.616978,5.39875,0.594868,3.211541,30.83126
SPHINCS+-SHA2-128f-simple_run30,active,9.629717,5.395,0.595046,3.210275,30.872156
SPHINCS+-SHA2-128f-simple_run30,active,9.642458,5.39625,0.594689,3.209089,30.913041
SPHINCS+-SHA2-128f-simple_run30,active,9.655198,5.395,0.595225,3.21124,30.953952
SPHINCS+-SHA2-128f-simple_run30,active,9.667936,5.40125,0.595583,3.216892,30.994928
SPHINCS+-SHA2-128f-simple_run30,active,9.680676,5.395,0.595225,3.21124,31.03584
SPHINCS+-SHA2-128f-simple_run30,active,9.693413,5.39625,0.595583,3.213914,31.076778
SPHINCS+-SHA2-128f-simple_run30,active,9.706161,5.3975,0.595225,3.212728,31.117731
SPHINCS+-SHA2-128f-simple_run30,active,9.718906,5.39875,0.595225,3.213472,31.158689
SPHINCS+-SHA2-128f-simple_run30,active,9.731648,5.39875,0.595404,3.214437,31.199645
SPHINCS+-SHA2-128f-simple_run30,active,9.744385,5.3975,0.597013,3.222379,31.240691
SPHINCS+-SHA2-128f-simple_run30,active,9.757124,5.39625,0.593795,3.204265,31.281509
SPHINCS+-SHA2-128f-simple_run30,active,9.769865,5.3975,0.595583,3.214658,31.322466
SPHINCS+-SHA2-128f-simple_run30,active,9.782605,5.3975,0.596119,3.217553,31.36346
SPHINCS+-SHA2-128f-simple_run30,active,9.795358,5.3975,0.596119,3.217553,31.404491
SPHINCS+-SHA2-128f-simple_run30,active,9.808132,5.39375,0.596656,3.218211,31.445601
SPHINCS+-SHA2-128f-simple_run30,active,9.820882,5.39625,0.595404,3.212949,31.486566
SPHINCS+-SHA2-128f-simple_run30,active,9.833624,5.39625,0.595404,3.212949,31.527505
SPHINCS+-SHA2-128f-simple_run30,active,9.846363,5.39625,0.592901,3.199441,31.568265
SPHINCS+-SHA2-128f-simple_run30,active,9.859105,5.3975,0.595583,3.214658,31.609225
SPHINCS+-SHA2-128f-simple_run30,active,9.871844,5.39625,0.59594,3.215843,31.650191
SPHINCS+-SHA2-128f-simple_run30,active,9.884583,5.39625,0.597728,3.225492,31.691282
SPHINCS+-SHA2-128f-simple_run30,active,9.897321,5.39875,0.595762,3.216368,31.732252
SPHINCS+-SHA2-128f-simple_run30,active,9.910067,5.39875,0.595225,3.213472,31.77321
SPHINCS+-SHA2-128f-simple_run30,active,9.922815,5.39625,0.594689,3.209089,31.814118
SPHINCS+-SHA2-128f-simple_run30,active,9.935554,5.395,0.59898,3.231497,31.855285
SPHINCS+-SHA2-128f-simple_run30,active,9.948292,5.3975,0.596834,3.221414,31.89632
SPHINCS+-SHA2-128f-simple_run30,active,9.96107,5.39625,0.594689,3.209089,31.937326
SPHINCS+-SHA2-128f-simple_run30,active,9.973811,5.39625,0.595225,3.211984,31.978248
SPHINCS+-SHA2-128f-simple_run30,active,9.98655,5.39125,0.596119,3.213828,32.019191
SPHINCS+-SHA2-128f-simple_run30,active,9.999291,5.39625,0.595225,3.211984,32.060113
SPHINCS+-SHA2-128f-simple_run30,active,10.012034,5.39625,0.595225,3.211984,32.101045
SPHINCS+-SHA2-128f-simple_run30,active,10.024779,5.39625,0.595404,3.212949,32.141993
SPHINCS+-SHA2-128f-simple_run30,active,10.037519,5.39875,0.596298,3.219264,32.183006
SPHINCS+-SHA2-128f-simple_run30,active,10.050258,5.39625,0.596477,3.218738,32.22401
SPHINCS+-SHA2-128f-simple_run30,active,10.063003,5.3975,0.595583,3.214658,32.264981
SPHINCS+-SHA2-128f-simple_run30,active,10.075777,5.3975,0.597728,3.226239,32.306195
SPHINCS+-SHA2-128f-simple_run30,active,10.088518,5.38875,0.595583,3.209447,32.347084
SPHINCS+-SHA2-128f-simple_run30,active,10.101257,5.3975,0.59594,3.216588,32.388061
SPHINCS+-SHA2-128f-simple_run30,active,10.114006,5.3975,0.595583,3.214658,32.429046
SPHINCS+-SHA2-128f-simple_run30,active,10.126766,5.395,0.597907,3.225709,32.470203
SPHINCS+-SHA2-128f-simple_run30,active,10.139507,5.39625,0.595404,3.212949,32.511141
SPHINCS+-SHA2-128f-simple_run30,active,10.152243,5.39625,0.59594,3.215843,32.552099
SPHINCS+-SHA2-128f-simple_run30,active,10.164983,5.395,0.59594,3.215098,32.593059
SPHINCS+-SHA2-128f-simple_run30,active,10.177724,5.38875,0.595046,3.206556,32.633912
SPHINCS+-SHA2-128f-simple_run30,active,10.190465,5.385,0.595225,3.205288,32.674751
SPHINCS+-SHA2-128f-simple_run30,active,10.203205,5.3975,0.594868,3.210798,32.715656
SPHINCS+-SHA2-128f-simple_run30,active,10.218795,5.39625,0.595404,3.212949,32.765746
SPHINCS+-SHA2-128f-simple_run30,active,10.231559,5.39625,0.595046,3.211019,32.806732
SPHINCS+-SHA2-128f-simple_run30,active,10.244299,5.395,0.598265,3.227639,32.847851
SPHINCS+-SHA2-128f-simple_run30,active,10.25706,5.395,0.594152,3.205452,32.888758
SPHINCS+-SHA2-128f-simple_run30,active,10.269796,5.39625,0.595583,3.213914,32.929691
SPHINCS+-SHA2-128f-simple_run30,active,10.282538,5.3975,0.595404,3.213693,32.970637
SPHINCS+-SHA2-128f-simple_run30,active,10.295277,5.39625,0.597907,3.226457,33.011739
SPHINCS+-SHA2-128f-simple_run30,active,10.308013,5.3975,0.59147,3.192461,33.052399
SPHINCS+-SHA2-128f-simple_run30,active,10.320758,5.39625,0.596298,3.217773,33.09341
SPHINCS+-SHA2-128f-simple_run30,active,10.333501,5.395,0.595583,3.213169,33.134357
SPHINCS+-SHA2-128f-simple_run30,active,10.346238,5.39875,0.60488,3.265598,33.175949
SPHINCS+-SHA2-128f-simple_run30,active,10.358977,5.3975,0.595404,3.213693,33.216889
SPHINCS+-SHA2-128f-simple_run30,active,10.371748,5.39625,0.595225,3.211984,33.257909
SPHINCS+-SHA2-128f-simple_run30,active,10.384486,5.39625,0.597192,3.222597,33.29896
SPHINCS+-SHA2-128f-simple_run30,active,10.397223,5.39625,0.59147,3.191722,33.339611
SPHINCS+-SHA2-128f-simple_run30,active,10.409961,5.3975,0.595583,3.214658,33.380559
SPHINCS+-SHA2-128f-simple_run30,active,10.422707,5.395,0.595583,3.213169,33.421516
SPHINCS+-SHA2-128f-simple_run30,active,10.435451,5.3975,0.592007,3.195357,33.462237
SPHINCS+-SHA2-128f-simple_run30,active,10.448188,5.39875,0.600589,3.242431,33.503535
SPHINCS+-SHA2-128f-simple_run30,active,10.460926,5.39625,0.595225,3.211984,33.544449
SPHINCS+-SHA2-128f-simple_run30,active,10.473664,5.3975,0.595404,3.213693,33.585386
SPHINCS+-SHA2-128f-simple_run30,active,10.486429,5.39375,0.594152,3.20471,33.626294
SPHINCS+-SHA2-128f-simple_run30,active,10.49917,5.395,0.595404,3.212205,33.667221
SPHINCS+-SHA2-128f-simple_run30,active,10.511907,5.3975,0.594689,3.209833,33.708105
SPHINCS+-SHA2-128f-simple_run30,active,10.524651,5.3975,0.597907,3.227204,33.749231
SPHINCS+-SHA2-128f-simple_run30,active,10.537394,5.3975,0.595583,3.214658,33.790196
SPHINCS+-SHA2-128f-simple_run30,active,10.550133,5.3975,0.600053,3.238785,33.831456
SPHINCS+-SHA2-128f-simple_run30,active,10.562871,5.3975,0.595762,3.215623,33.872416
SPHINCS+-SHA2-128f-simple_run30,active,10.57561,5.39625,0.595404,3.212949,33.913344
SPHINCS+-SHA2-128f-simple_run30,active,10.588347,5.39625,0.595225,3.211984,33.954256
SPHINCS+-SHA2-128f-simple_run30,active,10.601085,5.38375,0.595404,3.205506,33.995089
SPHINCS+-SHA2-128f-simple_run30,active,10.613823,5.3975,0.595404,3.213693,34.036024
SPHINCS+-SHA2-128f-simple_run30,active,10.626568,5.40125,0.595404,3.215926,34.077011
SPHINCS+-SHA2-128f-simple_run30,active,10.639313,5.3975,0.595404,3.213693,34.117968
SPHINCS+-SHA2-128f-simple_run30,active,10.65205,5.3975,0.595583,3.214658,34.158916
SPHINCS+-SHA2-128f-simple_run30,active,10.66479,5.39,0.597728,3.221756,34.199959
SPHINCS+-SHA2-128f-simple_run30,active,10.677529,5.3975,0.595404,3.213693,34.240898
SPHINCS+-SHA2-128f-simple_run30,active,10.690266,5.39625,0.595404,3.212949,34.281824
SPHINCS+-SHA2-128f-simple_run30,active,10.703034,5.38875,0.595404,3.208483,34.322788
SPHINCS+-SHA2-128f-simple_run30,active,10.715789,5.3975,0.598444,3.230099,34.363987
SPHINCS+-SHA2-128f-simple_run30,active,10.72854,5.39625,0.595583,3.213914,34.404969
SPHINCS+-SHA2-128f-simple_run30,active,10.741286,5.3975,0.596298,3.218518,34.445992
SPHINCS+-SHA2-128f-simple_run30,active,10.754027,5.39625,0.595583,3.213914,34.486939
SPHINCS+-SHA2-128f-simple_run30,active,10.766769,5.39625,0.59594,3.215843,34.527915
SPHINCS+-SHA2-128f-simple_run30,active,10.779509,5.3975,0.596298,3.218518,34.568921
SPHINCS+-SHA2-128f-simple_run30,active,10.792246,5.39625,0.597013,3.221632,34.609955
SPHINCS+-SHA2-128f-simple_run30,active,10.804985,5.3875,0.593437,3.197143,34.650683
SPHINCS+-SHA2-128f-simple_run30,active,10.817724,5.39625,0.596477,3.218738,34.691685
SPHINCS+-SHA2-128f-simple_run30,active,10.830477,5.39625,0.595583,3.213914,34.732672
SPHINCS+-SHA2-128f-simple_run30,active,10.843217,5.39625,0.595046,3.211019,34.77358
SPHINCS+-SHA2-128f-simple_run30,active,10.855954,5.39875,0.60041,3.241466,34.81487
SPHINCS+-SHA2-128f-simple_run30,active,10.868694,5.39625,0.595404,3.212949,34.8558
SPHINCS+-SHA2-128f-simple_run30,active,10.881431,5.3975,0.595762,3.215623,34.89676
SPHINCS+-SHA2-128f-simple_run30,active,10.894172,5.39625,0.593437,3.202335,34.937559
SPHINCS+-SHA2-128f-simple_run30,active,10.906913,5.3875,0.593258,3.19618,34.978283
SPHINCS+-SHA2-128f-simple_run30,active,10.919652,5.39625,0.595583,3.213914,35.019224
SPHINCS+-SHA2-128f-simple_run30,active,10.932396,5.39625,0.595583,3.213914,35.060183
SPHINCS+-SHA2-128f-simple_run30,active,10.945138,5.39875,0.599874,3.23857,35.101448
SPHINCS+-SHA2-128f-simple_run30,active,10.957875,5.3975,0.598801,3.232029,35.142615
SPHINCS+-SHA2-128f-simple_run30,active,10.970615,5.39,0.595404,3.209228,35.183499
SPHINCS+-SHA2-128f-simple_run30,active,10.983352,5.3975,0.595583,3.214658,35.224444
SPHINCS+-SHA2-128f-simple_run30,active,10.996087,5.3975,0.594689,3.209833,35.265322
SPHINCS+-SHA2-128f-simple_run30,active,11.008825,5.3875,0.595583,3.208702,35.306193
SPHINCS+-SHA2-128f-simple_run30,active,11.021563,5.39875,0.595225,3.213472,35.347127
SPHINCS+-SHA2-128f-simple_run30,active,11.034306,5.3975,0.596298,3.218518,35.388142
SPHINCS+-SHA2-128f-simple_run30,active,11.047053,5.39875,0.596298,3.219264,35.429177
SPHINCS+-SHA2-128f-simple_run30,active,11.05979,5.39625,0.600589,3.240929,35.470456
SPHINCS+-SHA2-128f-simple_run30,active,11.072525,5.395,0.59594,3.215098,35.511403
SPHINCS+-SHA2-128f-simple_run30,active,11.085269,5.3975,0.597371,3.224309,35.552493
SPHINCS+-SHA2-128f-simple_run30,active,11.098007,5.3975,0.595404,3.213693,35.593428
SPHINCS+-SHA2-128f-simple_run30,active,11.110747,5.39375,0.595046,3.209532,35.634318
SPHINCS+-SHA2-128f-simple_run30,active,11.123496,5.3975,0.595762,3.215623,35.675314
SPHINCS+-SHA2-128f-simple_run30,active,11.136239,5.39875,0.595046,3.212507,35.716252
SPHINCS+-SHA2-128f-simple_run30,active,11.148985,5.3975,0.595583,3.214658,35.757224
SPHINCS+-SHA2-128f-simple_run30,active,11.161726,5.39625,0.595762,3.214879,35.798186
SPHINCS+-SHA2-128f-simple_run30,active,11.174465,5.40375,0.595225,3.216448,35.83916
SPHINCS+-SHA2-128f-simple_run30,active,11.187206,5.39,0.595583,3.210191,35.880059
SPHINCS+-SHA2-128f-simple_run30,active,11.199946,5.39875,0.595046,3.212507,35.920989
SPHINCS+-SHA2-128f-simple_run30,active,11.212686,5.39375,0.595046,3.209532,35.961878
SPHINCS+-SHA2-128f-simple_run30,active,11.225423,5.40625,0.59147,3.197637,36.002607
SPHINCS+-SHA2-128f-simple_run30,active,11.238162,5.3825,0.595225,3.2038,36.04342
SPHINCS+-SHA2-128f-simple_run30,active,11.250902,5.38125,0.595583,3.20498,36.084251
SPHINCS+-SHA2-128f-simple_run30,active,11.263646,5.38375,0.595583,3.206469,36.125115
SPHINCS+-SHA2-128f-simple_run30,active,11.276384,5.37625,0.595225,3.200079,36.165878
SPHINCS+-SHA2-128f-simple_run30,active,11.289129,5.385,0.593258,3.194696,36.206592
SPHINCS+-SHA2-128f-simple_run30,active,11.301868,5.38625,0.593437,3.196401,36.247313
SPHINCS+-SHA2-128f-simple_run30,active,11.314609,5.385,0.593974,3.198548,36.288066
SPHINCS+-SHA2-128f-simple_run30,active,11.327348,5.3825,0.595046,3.202837,36.328864
SPHINCS+-SHA2-128f-simple_run30,active,11.340093,5.38375,0.596656,3.212245,36.369807
SPHINCS+-SHA2-128f-simple_run30,active,11.352838,5.38375,0.595404,3.205506,36.410659
SPHINCS+-SHA2-128f-simple_run30,active,11.365577,5.38,0.598265,3.218665,36.451661
SPHINCS+-SHA2-128f-simple_run30,active,11.378316,5.385,0.594689,3.202399,36.492456
SPHINCS+-SHA2-128f-simple_run30,active,11.391057,5.385,0.595583,3.207213,36.533321
SPHINCS+-SHA2-128f-simple_run30,active,11.403797,5.385,0.595225,3.205288,36.574157
SPHINCS+-SHA2-128f-simple_run30,active,11.416536,5.38375,0.595583,3.206469,36.615002
SPHINCS+-SHA2-128f-simple_run30,active,11.429274,5.385,0.595046,3.204325,36.65582
SPHINCS+-SHA2-128f-simple_run30,active,11.442016,5.385,0.595225,3.205288,36.696663
SPHINCS+-SHA2-128f-simple_run30,active,11.45476,5.385,0.597013,3.214916,36.737634
SPHINCS+-SHA2-128f-simple_run30,active,11.467501,5.385,0.59898,3.225507,36.77873
SPHINCS+-SHA2-128f-simple_run30,active,11.48024,5.385,0.595225,3.205288,36.81956
SPHINCS+-SHA2-128f-simple_run30,active,11.495876,5.3825,0.595404,3.204762,36.86967
SPHINCS+-SHA2-128f-simple_run30,active,11.508637,5.38375,0.595046,3.203581,36.910551
SPHINCS+-SHA2-128f-simple_run30,active,11.52138,5.38125,0.595583,3.20498,36.951393
SPHINCS+-SHA2-128f-simple_run30,active,11.53412,5.3825,0.595225,3.2038,36.99221
SPHINCS+-SHA2-128f-simple_run30,active,11.546869,5.38625,0.59594,3.209884,37.033131
SPHINCS+-SHA2-128f-simple_run30,active,11.559614,5.385,0.595583,3.207213,37.074009
SPHINCS+-SHA2-128f-simple_run30,active,11.572352,5.38375,0.595583,3.206469,37.114853
SPHINCS+-SHA2-128f-simple_run30,active,11.58509,5.38375,0.591113,3.182404,37.155388
SPHINCS+-SHA2-128f-simple_run30,active,11.597828,5.3825,0.595404,3.204762,37.196212
SPHINCS+-SHA2-128f-simple_run30,active,11.61057,5.38375,0.595225,3.204544,37.237045
SPHINCS+-SHA2-128f-simple_run30,active,11.623308,5.385,0.595225,3.205288,37.277873
SPHINCS+-SHA2-128f-simple_run30,active,11.636045,5.38875,0.59594,3.211374,37.318775
SPHINCS+-SHA2-128f-simple_run30,active,11.648791,5.3825,0.595046,3.202837,37.359598
SPHINCS+-SHA2-128f-simple_run30,active,11.661533,5.3875,0.595225,3.206776,37.400459
SPHINCS+-SHA2-128f-simple_run30,active,11.674269,5.38375,0.59594,3.208394,37.441323
SPHINCS+-SHA2-128f-simple_run30,active,11.68701,5.38125,0.595762,3.205942,37.482169
SPHINCS+-SHA2-128f-simple_run30,active,11.699748,5.38375,0.595225,3.204544,37.522988
SPHINCS+-SHA2-128f-simple_run30,active,11.712485,5.3825,0.595762,3.206687,37.563832
SPHINCS+-SHA2-128f-simple_run30,active,11.725223,5.3825,0.595225,3.2038,37.604641
SPHINCS+-SHA2-128f-simple_run30,active,11.73796,5.38375,0.595225,3.204544,37.64546
SPHINCS+-SHA2-128f-simple_run30,active,11.750709,5.3825,0.595225,3.2038,37.686303
SPHINCS+-SHA2-128f-simple_run30,active,11.763454,5.385,0.595583,3.207213,37.727179
SPHINCS+-SHA2-128f-simple_run30,active,11.776191,5.3825,0.601483,3.237483,37.768416
SPHINCS+-SHA2-128f-simple_run30,active,11.788928,5.38375,0.595583,3.206469,37.809257
SPHINCS+-SHA2-128f-simple_run30,active,11.801681,5.3825,0.595762,3.206687,37.85015
SPHINCS+-SHA2-128f-simple_run30,active,11.814454,5.38375,0.594152,3.198768,37.891008
SPHINCS+-SHA2-128f-simple_run30,active,11.8272,5.385,0.595404,3.206251,37.931876
SPHINCS+-SHA2-128f-simple_run30,active,11.83994,5.38375,0.595583,3.206469,37.972727
SPHINCS+-SHA2-128f-simple_run30,active,11.852685,5.3825,0.596119,3.208612,38.013621
SPHINCS+-SHA2-128f-simple_run30,active,11.865431,5.38125,0.594689,3.200169,38.054409
SPHINCS+-SHA2-128f-simple_run30,active,11.87817,5.3875,0.600589,3.235674,38.095628
SPHINCS+-SHA2-128f-simple_run30,active,11.890912,5.385,0.595225,3.205288,38.13647
SPHINCS+-SHA2-128f-simple_run30,active,11.903652,5.385,0.596477,3.212028,38.177391
SPHINCS+-SHA2-128f-simple_run30,active,11.916391,5.38625,0.59594,3.209884,38.218281
SPHINCS+-SHA2-128f-simple_run30,active,11.929128,5.385,0.595046,3.204325,38.259096
SPHINCS+-SHA2-128f-simple_run30,active,11.941867,5.38375,0.59594,3.208394,38.299968
SPHINCS+-SHA2-128f-simple_run30,active,11.954615,5.385,0.592186,3.188919,38.340619
SPHINCS+-SHA2-128f-simple_run30,active,11.96736,5.38375,0.594868,3.202618,38.381436
SPHINCS+-SHA2-128f-simple_run30,active,11.980097,5.38375,0.600053,3.230534,38.422586
SPHINCS+-SHA2-128f-simple_run30,active,11.992836,5.3825,0.595046,3.202837,38.463386
SPHINCS+-SHA2-128f-simple_run30,active,12.005576,5.3875,0.595583,3.208702,38.504264
SPHINCS+-SHA2-128f-simple_run30,active,12.018317,5.38375,0.595225,3.204544,38.545092
SPHINCS+-SHA2-128f-simple_run30,active,12.031059,5.38375,0.595046,3.203581,38.585912
SPHINCS+-SHA2-128f-simple_run30,active,12.043796,5.385,0.594689,3.202399,38.626701
SPHINCS+-SHA2-128f-simple_run30,active,12.056539,5.38375,0.594868,3.202618,38.667515
SPHINCS+-SHA2-128f-simple_run30,active,12.069283,5.3825,0.595583,3.205724,38.708368
SPHINCS+-SHA2-128f-simple_run30,active,12.082021,5.38125,0.598801,3.222299,38.749413
SPHINCS+-SHA2-128f-simple_run30,active,12.094802,5.38,0.595583,3.204235,38.790365
SPHINCS+-SHA2-128f-simple_run30,active,12.107558,5.37875,0.596119,3.206376,38.831265
SPHINCS+-SHA2-128f-simple_run30,active,12.120349,5.385,0.595583,3.207213,38.87229
SPHINCS+-SHA2-128f-simple_run30,active,12.133117,5.385,0.595762,3.208176,38.913251
SPHINCS+-SHA2-128f-simple_run30,active,12.145861,5.3875,0.595404,3.207739,38.954132
SPHINCS+-SHA2-128f-simple_run30,active,12.158614,5.38375,0.595762,3.207432,38.995035
SPHINCS+-SHA2-128f-simple_run30,active,12.171364,5.385,0.595583,3.207213,39.035929
SPHINCS+-SHA2-128f-simple_run30,active,12.184115,5.3775,0.598801,3.220053,39.076988
SPHINCS+-SHA2-128f-simple_run30,active,12.196883,5.38375,0.59594,3.208394,39.117951
SPHINCS+-SHA2-128f-simple_run30,active,12.209625,5.3825,0.595583,3.205724,39.158798
SPHINCS+-SHA2-128f-simple_run30,active,12.222364,5.38125,0.595225,3.203056,39.199603
SPHINCS+-SHA2-128f-simple_run30,active,12.235106,5.38125,0.594689,3.200169,39.240379
SPHINCS+-SHA2-128f-simple_run30,active,12.247843,5.38375,0.597371,3.216095,39.281343
SPHINCS+-SHA2-128f-simple_run30,active,12.260589,5.38375,0.595225,3.204544,39.322188
SPHINCS+-SHA2-128f-simple_run30,active,12.273332,5.38375,0.595583,3.206469,39.363049
SPHINCS+-SHA2-128f-simple_run30,active,12.286072,5.3825,0.600768,3.233634,39.404244
SPHINCS+-SHA2-128f-simple_run30,active,12.298812,5.385,0.595046,3.204325,39.445066
SPHINCS+-SHA2-128f-simple_run30,active,12.31155,5.3825,0.595046,3.202837,39.485865
SPHINCS+-SHA2-128f-simple_run30,active,12.324289,5.385,0.595583,3.207213,39.526722
SPHINCS+-SHA2-128f-simple_run30,active,12.337063,5.3825,0.595762,3.206687,39.567684
SPHINCS+-SHA2-128f-simple_run30,active,12.3498,5.3825,0.596477,3.210536,39.608576
SPHINCS+-SHA2-128f-simple_run30,active,12.362546,5.38625,0.595583,3.207958,39.649466
SPHINCS+-SHA2-128f-simple_run30,active,12.375289,5.38375,0.600589,3.233422,39.690669
SPHINCS+-SHA2-128f-simple_run30,active,12.388027,5.3825,0.600232,3.230747,39.731821
SPHINCS+-SHA2-128f-simple_run30,active,12.400766,5.385,0.595225,3.205288,39.772654
SPHINCS+-SHA2-128f-simple_run30,active,12.413504,5.385,0.596119,3.210102,39.813545
SPHINCS+-SHA2-128f-simple_run30,active,12.42624,5.38125,0.595583,3.20498,39.854362
SPHINCS+-SHA2-128f-simple_run30,active,12.438981,5.38375,0.59594,3.208394,39.895242
SPHINCS+-SHA2-128f-simple_run30,active,12.451749,5.3825,0.595404,3.204762,39.936158
SPHINCS+-SHA2-128f-simple_run30,active,12.464493,5.3825,0.594152,3.198025,39.976917
SPHINCS+-SHA2-128f-simple_run30,active,12.477236,5.3825,0.595583,3.205724,40.017767
SPHINCS+-SHA2-128f-simple_run30,active,12.489974,5.38375,0.599338,3.226684,40.058867
SPHINCS+-SHA2-128f-simple_run30,active,12.502715,5.38375,0.597907,3.218983,40.09988
SPHINCS+-SHA2-128f-simple_run30,active,12.515451,5.3825,0.595404,3.204762,40.140697
SPHINCS+-SHA2-128f-simple_run30,active,12.528188,5.38375,0.595404,3.205506,40.181525
SPHINCS+-SHA2-128f-simple_run30,active,12.540927,5.3825,0.594689,3.200912,40.222303
SPHINCS+-SHA2-128f-simple_run30,active,12.553664,5.3775,0.596834,3.209477,40.263181
SPHINCS+-SHA2-128f-simple_run30,active,12.566453,5.3825,0.592901,3.191289,40.303993
SPHINCS+-SHA2-128f-simple_run30,active,12.579201,5.385,0.593437,3.195659,40.344734
SPHINCS+-SHA2-128f-simple_run30,active,12.591939,5.38375,0.596477,3.211282,40.385637
SPHINCS+-SHA2-128f-simple_run30,active,12.60468,5.38125,0.595762,3.205942,40.426483
SPHINCS+-SHA2-128f-simple_run30,active,12.617419,5.38375,0.595762,3.207432,40.467342
SPHINCS+-SHA2-128f-simple_run30,active,12.630157,5.38125,0.595762,3.205942,40.508179
SPHINCS+-SHA2-128f-simple_run30,active,12.64291,5.375,0.596298,3.205102,40.549056
SPHINCS+-SHA2-128f-simple_run30,active,12.655668,5.38375,0.595583,3.206469,40.589965
SPHINCS+-SHA2-128f-simple_run30,active,12.668415,5.38375,0.594331,3.199731,40.630749
SPHINCS+-SHA2-128f-simple_run30,active,12.681162,5.38375,0.595225,3.204544,40.671598
SPHINCS+-SHA2-128f-simple_run30,active,12.6939,5.3825,0.598265,3.22016,40.712619
SPHINCS+-SHA2-128f-simple_run30,active,12.706641,5.38375,0.595046,3.203581,40.753435
SPHINCS+-SHA2-128f-simple_run30,active,12.719379,5.3825,0.595225,3.2038,40.794246
SPHINCS+-SHA2-128f-simple_run30,active,12.732116,5.385,0.59594,3.209139,40.835118
SPHINCS+-SHA2-128f-simple_run30,active,12.744854,5.38625,0.597371,3.217588,40.876105
SPHINCS+-SHA2-128f-simple_run30,active,12.757593,5.38375,0.595225,3.204544,40.916927
SPHINCS+-SHA2-128f-simple_run30,active,12.773225,5.385,0.595583,3.207213,40.967062
SPHINCS+-SHA2-128f-simple_run30,active,12.785989,5.3825,0.595404,3.204762,41.007967
SPHINCS+-SHA2-128f-simple_run30,active,12.798733,5.38375,0.596119,3.209357,41.048868
SPHINCS+-SHA2-128f-simple_run30,active,12.811472,5.38375,0.595225,3.204544,41.089692
SPHINCS+-SHA2-128f-simple_run30,active,12.824209,5.385,0.592722,3.191808,41.130346
SPHINCS+-SHA2-128f-simple_run30,active,12.836949,5.38125,0.596119,3.207866,41.171213
SPHINCS+-SHA2-128f-simple_run30,active,12.849689,5.3825,0.59594,3.207649,41.212079
SPHINCS+-SHA2-128f-simple_run30,active,12.862448,5.3825,0.594689,3.200912,41.25292
SPHINCS+-SHA2-128f-simple_run30,active,12.875196,5.3875,0.595583,3.208702,41.293824
SPHINCS+-SHA2-128f-simple_run30,active,12.887939,5.385,0.595583,3.207213,41.334692
SPHINCS+-SHA2-128f-simple_run30,active,12.900677,5.385,0.595225,3.205288,41.375521
SPHINCS+-SHA2-128f-simple_run30,active,12.913415,5.38125,0.593795,3.195358,41.416224
SPHINCS+-SHA2-128f-simple_run30,active,12.926151,5.3825,0.595225,3.2038,41.457028
SPHINCS+-SHA2-128f-simple_run30,active,12.938891,5.38375,0.595046,3.203581,41.497842
SPHINCS+-SHA2-128f-simple_run30,active,12.951629,5.385,0.595225,3.205288,41.538671
SPHINCS+-SHA2-128f-simple_run30,active,12.964365,5.385,0.596477,3.212028,41.57958
SPHINCS+-SHA2-128f-simple_run30,active,12.977109,5.38375,0.595762,3.207432,41.620455
SPHINCS+-SHA2-128f-simple_run30,active,12.989852,5.385,0.595583,3.207213,41.661326
SPHINCS+-SHA2-128f-simple_run30,active,13.002594,5.3775,0.595583,3.202747,41.702134
SPHINCS+-SHA2-128f-simple_run30,active,13.015331,5.38125,0.595225,3.203056,41.742932
SPHINCS+-SHA2-128f-simple_run30,active,13.028066,5.38375,0.595046,3.203581,41.783729
SPHINCS+-SHA2-128f-simple_run30,active,13.040806,5.3825,0.595583,3.205724,41.82457
SPHINCS+-SHA2-128f-simple_run30,active,13.053546,5.385,0.592901,3.192771,41.865244
SPHINCS+-SHA2-128f-simple_run30,active,13.066284,5.385,0.59594,3.209139,41.906124
SPHINCS+-SHA2-128f-simple_run30,active,13.079031,5.385,0.595583,3.207213,41.947006
SPHINCS+-SHA2-128f-simple_run30,active,13.091774,5.385,0.595225,3.205288,41.98785
SPHINCS+-SHA2-128f-simple_run30,active,13.104514,5.38875,0.597907,3.221972,42.028897
SPHINCS+-SHA2-128f-simple_run30,active,13.117258,5.38375,0.59594,3.208394,42.069785
SPHINCS+-SHA2-128f-simple_run30,active,13.130005,5.38375,0.595225,3.204544,42.110635
SPHINCS+-SHA2-128f-simple_run30,active,13.142752,5.39,0.599338,3.23043,42.151814
SPHINCS+-SHA2-128f-simple_run30,active,13.155488,5.3825,0.595404,3.204762,42.19263
SPHINCS+-SHA2-128f-simple_run30,active,13.168227,5.3825,0.595225,3.2038,42.233441
SPHINCS+-SHA2-128f-simple_run30,active,13.181001,5.38,0.595225,3.202312,42.274348
SPHINCS+-SHA2-128f-simple_run30,active,13.19382,5.385,0.598622,3.223582,42.315671
SPHINCS+-SHA2-128f-simple_run30,active,13.206571,5.3825,0.595225,3.2038,42.356523
SPHINCS+-SHA2-128f-simple_run30,active,13.219316,5.38625,0.59594,3.209884,42.397433
SPHINCS+-SHA2-128f-simple_run30,active,13.232061,5.3825,0.595404,3.204762,42.438279
SPHINCS+-SHA2-128f-simple_run30,active,13.244803,5.38375,0.593974,3.197805,42.479023
SPHINCS+-SHA2-128f-simple_run30,active,13.257546,5.38125,0.594689,3.200169,42.519803
SPHINCS+-SHA2-128f-simple_run30,active,13.270288,5.3825,0.59594,3.207649,42.560674
SPHINCS+-SHA2-128f-simple_run30,active,13.283039,5.385,0.59451,3.201436,42.601497
SPHINCS+-SHA2-128f-simple_run30,active,13.295787,5.3975,0.595583,3.214658,42.642479
SPHINCS+-SHA2-128f-simple_run30,active,13.30853,5.39625,0.595762,3.214879,42.683444
SPHINCS+-SHA2-128f-simple_run30,active,13.321273,5.3975,0.595404,3.213693,42.724396
SPHINCS+-SHA2-128f-simple_run30,active,13.334015,5.39375,0.596119,3.215318,42.765368
SPHINCS+-SHA2-128f-simple_run30,active,13.34676,5.3925,0.595404,3.210716,42.806286
SPHINCS+-SHA2-128f-simple_run30,active,13.359501,5.39875,0.595404,3.214437,42.847243
SPHINCS+-SHA2-128f-simple_run30,active,13.372242,5.39625,0.596656,3.219703,42.888266
SPHINCS+-SHA2-128f-simple_run30,active,13.38499,5.3975,0.595404,3.213693,42.929231
SPHINCS+-SHA2-128f-simple_run30,active,13.397737,5.39625,0.596119,3.216808,42.970236
SPHINCS+-SHA2-128f-simple_run30,active,13.410481,5.39625,0.596298,3.217773,43.011246
SPHINCS+-SHA2-128f-simple_run30,active,13.423224,5.39875,0.595583,3.215403,43.052218
SPHINCS+-SHA2-128f-simple_run30,active,13.435962,5.39625,0.595225,3.211984,43.093133
SPHINCS+-SHA2-128f-simple_run30,active,13.448705,5.3975,0.595583,3.214658,43.134096
SPHINCS+-SHA2-128f-simple_run30,active,13.461444,5.39625,0.595583,3.213914,43.175038
SPHINCS+-SHA2-128f-simple_run30,active,13.474183,5.39625,0.595225,3.211984,43.215957
SPHINCS+-SHA2-128f-simple_run30,active,13.486934,5.3975,0.595583,3.214658,43.256947
SPHINCS+-SHA2-128f-simple_run30,active,13.49968,5.3975,0.595225,3.212728,43.297895
SPHINCS+-SHA2-128f-simple_run30,active,13.51242,5.39875,0.595046,3.212507,43.338825
SPHINCS+-SHA2-128f-simple_run30,active,13.525162,5.39625,0.596477,3.218738,43.379837
SPHINCS+-SHA2-128f-simple_run30,active,13.537903,5.3975,0.595225,3.212728,43.420769
SPHINCS+-SHA2-128f-simple_run30,active,13.550645,5.39625,0.594689,3.209089,43.461661
SPHINCS+-SHA2-128f-simple_run30,active,13.563387,5.40375,0.597013,3.22611,43.502767
SPHINCS+-SHA2-128f-simple_run30,active,13.576126,5.39,0.59594,3.212119,43.543687
SPHINCS+-SHA2-128f-simple_run30,active,13.588875,5.3975,0.594689,3.209833,43.584608
SPHINCS+-SHA2-128f-simple_run30,active,13.601623,5.4025,0.595404,3.21667,43.625614
SPHINCS+-SHA2-128f-simple_run30,active,13.614365,5.3975,0.595225,3.212728,43.666551
SPHINCS+-SHA2-128f-simple_run30,active,13.627108,5.39125,0.595225,3.209008,43.707445
SPHINCS+-SHA2-128f-simple_run30,active,13.639849,5.39625,0.596477,3.218738,43.748453
SPHINCS+-SHA2-128f-simple_run30,active,13.652589,5.405,0.596477,3.223957,43.789528
SPHINCS+-SHA2-128f-simple_run30,active,13.665329,5.39625,0.597907,3.226457,43.830633
SPHINCS+-SHA2-128f-simple_run30,active,13.678071,5.3975,0.595583,3.214658,43.871593
SPHINCS+-SHA2-128f-simple_run30,active,13.69082,5.39875,0.595404,3.214437,43.912575
SPHINCS+-SHA2-128f-simple_run30,active,13.703568,5.39875,0.59755,3.226021,43.9537
SPHINCS+-SHA2-128f-simple_run30,active,13.716339,5.39625,0.595583,3.213914,43.994745
SPHINCS+-SHA2-128f-simple_run30,active,13.729085,5.39625,0.595762,3.214879,44.035721
SPHINCS+-SHA2-128f-simple_run30,active,13.741825,5.39875,0.595762,3.216368,44.076699
SPHINCS+-SHA2-128f-simple_run30,active,13.754571,5.395,0.596834,3.219922,44.117737
SPHINCS+-SHA2-128f-simple_run30,active,13.767312,5.39625,0.595583,3.213914,44.158686
SPHINCS+-SHA2-128f-simple_run30,active,13.780051,5.3975,0.59594,3.216588,44.199663
SPHINCS+-SHA2-128f-simple_run30,active,13.792799,5.3975,0.595225,3.212728,44.240619
SPHINCS+-SHA2-128f-simple_run30,active,13.805544,5.39625,0.595404,3.212949,44.281568
SPHINCS+-SHA2-128f-simple_run30,active,13.818287,5.39625,0.595404,3.212949,44.32251
SPHINCS+-SHA2-128f-simple_run30,active,13.831032,5.3975,0.594868,3.210798,44.363431
SPHINCS+-SHA2-128f-simple_run30,active,13.843772,5.39875,0.591113,3.19127,44.404088
SPHINCS+-SHA2-128f-simple_run30,active,13.856513,5.39625,0.595404,3.212949,44.445027
SPHINCS+-SHA2-128f-simple_run30,active,13.869255,5.3975,0.59594,3.216588,44.486011
SPHINCS+-SHA2-128f-simple_run30,active,13.881995,5.39625,0.59147,3.191722,44.526675
SPHINCS+-SHA2-128f-simple_run30,active,13.894745,5.3975,0.596477,3.219484,44.567722
SPHINCS+-SHA2-128f-simple_run30,active,13.90749,5.39625,0.595225,3.211984,44.608659
SPHINCS+-SHA2-128f-simple_run30,active,13.920232,5.39625,0.598801,3.231281,44.649831
SPHINCS+-SHA2-128f-simple_run30,active,13.932974,5.39375,0.594152,3.20471,44.690668
SPHINCS+-SHA2-128f-simple_run30,active,13.945716,5.3975,0.595404,3.213693,44.731615
SPHINCS+-SHA2-128f-simple_run30,active,13.958462,5.39875,0.594868,3.211541,44.772548
SPHINCS+-SHA2-128f-simple_run30,active,13.971205,5.39625,0.595583,3.213914,44.813503
SPHINCS+-SHA2-128f-simple_run30,active,13.983944,5.39625,0.597371,3.223562,44.85457
SPHINCS+-SHA2-128f-simple_run30,active,13.996692,5.39625,0.595583,3.213914,44.89554
SPHINCS+-SHA2-128f-simple_run30,active,14.009437,5.3975,0.595225,3.212728,44.936486
SPHINCS+-SHA2-128f-simple_run30,active,14.022179,5.39625,0.596477,3.218738,44.977498
SPHINCS+-SHA2-128f-simple_run30,active,14.034921,5.3975,0.595225,3.212728,45.018436
SPHINCS+-SHA2-128f-simple_run30,active,14.050574,5.385,0.595225,3.205288,45.06861
SPHINCS+-SHA2-128f-simple_run30,active,14.063355,5.40875,0.596119,3.22426,45.109817
SPHINCS+-SHA2-128f-simple_run30,active,14.0761,5.3975,0.594868,3.210798,45.15074
SPHINCS+-SHA2-128f-simple_run30,active,14.088843,5.3975,0.595583,3.214658,45.191703
SPHINCS+-SHA2-128f-simple_run30,active,14.101591,5.39875,0.58557,3.161346,45.232005
SPHINCS+-SHA2-128f-simple_run30,active,14.114342,5.39875,0.59594,3.217333,45.273029
SPHINCS+-SHA2-128f-simple_run30,active,14.127098,5.39625,0.595046,3.211019,45.31399
SPHINCS+-SHA2-128f-simple_run30,active,14.139836,5.39625,0.595404,3.212949,45.354916
SPHINCS+-SHA2-128f-simple_run30,active,14.152578,5.39625,0.596298,3.217773,45.395918
SPHINCS+-SHA2-128f-simple_run30,active,14.165321,5.39875,0.595583,3.215403,45.436891
SPHINCS+-SHA2-128f-simple_run30,active,14.178063,5.39625,0.595404,3.212949,45.477829
SPHINCS+-SHA2-128f-simple_run30,active,14.190807,5.39625,0.589682,3.182074,45.518382
SPHINCS+-SHA2-128f-simple_run30,active,14.203554,5.3975,0.594331,3.207903,45.559272
SPHINCS+-SHA2-128f-simple_run30,active,14.216297,5.395,0.595225,3.21124,45.600192
SPHINCS+-SHA2-128f-simple_run30,active,14.229075,5.39625,0.59594,3.215843,45.641285
SPHINCS+-SHA2-128f-simple_run30,active,14.241815,5.3975,0.593258,3.202112,45.682081
SPHINCS+-SHA2-128f-simple_run30,active,14.254557,5.39625,0.595583,3.213914,45.723033
SPHINCS+-SHA2-128f-simple_run30,active,14.267301,5.3975,0.595583,3.214658,45.764
SPHINCS+-SHA2-128f-simple_run30,active,14.280042,5.3975,0.595583,3.214658,45.804956
SPHINCS+-SHA2-128f-simple_run30,active,14.292782,5.4,0.597728,3.227733,45.846081
SPHINCS+-SHA2-128f-simple_run30,active,14.305526,5.39125,0.595762,3.2119,45.887012
SPHINCS+-SHA2-128f-simple_run30,active,14.318288,5.38875,0.59594,3.211374,45.927995
SPHINCS+-SHA2-128f-simple_run30,active,14.331044,5.39875,0.595046,3.212507,45.968974
SPHINCS+-SHA2-128f-simple_run30,active,14.343785,5.40375,0.597192,3.227076,46.01009
SPHINCS+-SHA2-128f-simple_run30,active,14.356527,5.3975,0.595225,3.212728,46.051026
SPHINCS+-SHA2-128f-simple_run30,active,14.369269,5.3975,0.595404,3.213693,46.091975
SPHINCS+-SHA2-128f-simple_run30,active,14.38201,5.40125,0.595583,3.216892,46.132962
SPHINCS+-SHA2-128f-simple_run30,active,14.394754,5.39625,0.59594,3.215843,46.173944
SPHINCS+-SHA2-128f-simple_run30,active,14.407502,5.3975,0.596119,3.217553,46.214963
SPHINCS+-SHA2-128f-simple_run30,active,14.420245,5.3975,0.595583,3.214658,46.255927
SPHINCS+-SHA2-128f-simple_run30,active,14.432985,5.3925,0.594689,3.206859,46.296781
SPHINCS+-SHA2-128f-simple_run30,active,14.445723,5.39625,0.595762,3.214879,46.337733
SPHINCS+-SHA2-128f-simple_run30,active,14.458464,5.3975,0.595404,3.213693,46.378679
SPHINCS+-SHA2-128f-simple_run30,active,14.471205,5.3975,0.595046,3.211763,46.419598
SPHINCS+-SHA2-128f-simple_run30,active,14.483943,5.395,0.595225,3.21124,46.460503
SPHINCS+-SHA2-128f-simple_run30,active,14.496683,5.39625,0.595225,3.211984,46.501424
SPHINCS+-SHA2-128f-simple_run30,active,14.509427,5.3975,0.595404,3.213693,46.542382
SPHINCS+-SHA2-128f-simple_run30,active,14.52217,5.39875,0.595762,3.216368,46.583367
SPHINCS+-SHA2-128f-simple_run30,active,14.534914,5.3975,0.595583,3.214658,46.624333
SPHINCS+-SHA2-128f-simple_run30,active,14.547653,5.39625,0.595583,3.213914,46.665275
SPHINCS+-SHA2-128f-simple_run30,active,14.56039,5.39625,0.595583,3.213914,46.706213
SPHINCS+-SHA2-128f-simple_run30,active,14.573132,5.40125,0.594689,3.212063,46.747139
SPHINCS+-SHA2-128f-simple_run30,active,14.585871,5.3725,0.595046,3.196887,46.787864
SPHINCS+-SHA2-128f-simple_run30,active,14.598612,5.39625,0.595583,3.213914,46.828813
SPHINCS+-SHA2-128f-simple_run30,active,14.611357,5.3975,0.598444,3.230099,46.869982
SPHINCS+-SHA2-128f-simple_run30,active,14.6241,5.39625,0.595583,3.213914,46.910936
SPHINCS+-SHA2-128f-simple_run30,active,14.63684,5.3975,0.595762,3.215623,46.951905
SPHINCS+-SHA2-128f-simple_run30,active,14.649581,5.39625,0.595583,3.213914,46.99285
SPHINCS+-SHA2-128f-simple_run30,active,14.662319,5.395,0.602377,3.249825,47.034249
SPHINCS+-SHA2-128f-simple_run30,active,14.675062,5.3975,0.59594,3.216588,47.075236
SPHINCS+-SHA2-128f-simple_run30,active,14.687801,5.3975,0.595583,3.214658,47.116189
SPHINCS+-SHA2-128f-simple_run30,active,14.700542,5.39625,0.596477,3.218738,47.157199
SPHINCS+-SHA2-128f-simple_run30,active,14.713287,5.39625,0.590576,3.186898,47.197817
SPHINCS+-SHA2-128f-simple_run30,active,14.726032,5.39625,0.595404,3.212949,47.238763
SPHINCS+-SHA2-128f-simple_run30,active,14.738773,5.39625,0.595046,3.211019,47.279677
SPHINCS+-SHA2-128f-simple_run30,active,14.751526,5.3975,0.597371,3.224309,47.320794
SPHINCS+-SHA2-128f-simple_run30,active,14.764295,5.39625,0.596834,3.220668,47.36192
SPHINCS+-SHA2-128f-simple_run30,active,14.777083,5.3975,0.595225,3.212728,47.403003
SPHINCS+-SHA2-128f-simple_run30,active,14.789828,5.39625,0.595225,3.211984,47.443941
SPHINCS+-SHA2-128f-simple_run30,active,14.802573,5.39375,0.589682,3.180599,47.484478
SPHINCS+-SHA2-128f-simple_run30,active,14.815323,5.395,0.595046,3.210275,47.525408
SPHINCS+-SHA2-128f-simple_run30,active,14.828067,5.395,0.595404,3.212205,47.566347
SPHINCS+-SHA2-128f-simple_run30,active,14.840812,5.39875,0.595046,3.212507,47.607289
SPHINCS+-SHA2-128f-simple_run30,active,14.853554,5.39625,0.595046,3.211019,47.648202
SPHINCS+-SHA2-128f-simple_run30,active,14.866295,5.39875,0.595046,3.212507,47.689136
SPHINCS+-SHA2-128f-simple_run30,active,14.879041,5.3975,0.595583,3.214658,47.73011
SPHINCS+-SHA2-128f-simple_run30,active,14.89178,5.39375,0.59594,3.214354,47.771057
SPHINCS+-SHA2-128f-simple_run30,active,14.904522,5.39625,0.597371,3.223562,47.81213
SPHINCS+-SHA2-128f-simple_run30,active,14.917269,5.3975,0.595583,3.214658,47.853108
SPHINCS+-SHA2-128f-simple_run30,active,14.930015,5.3975,0.596656,3.220449,47.894156
SPHINCS+-SHA2-128f-simple_run30,active,14.94276,5.39375,0.595762,3.213389,47.93511
SPHINCS+-SHA2-128f-simple_run30,active,14.955502,5.3975,0.596298,3.218518,47.97612
SPHINCS+-SHA2-128f-simple_run30,active,14.968241,5.3975,0.59594,3.216588,48.017096
SPHINCS+-SHA2-128f-simple_run30,active,14.980982,5.395,0.595046,3.210275,48.057998
SPHINCS+-SHA2-128f-simple_run30,active,14.993723,5.39625,0.595583,3.213914,48.098948
SPHINCS+-SHA2-128f-simple_run30,active,15.006465,5.39625,0.595225,3.211984,48.139874
SPHINCS+-SHA2-128f-simple_run30,active,15.019213,5.39875,0.600947,3.244362,48.181233
SPHINCS+-SHA2-128f-simple_run30,active,15.031959,5.3975,0.59594,3.216588,48.222231
SPHINCS+-SHA2-128f-simple_run30,active,15.0447,5.4,0.594868,3.212285,48.263161
SPHINCS+-SHA2-128f-simple_run30,active,15.05744,5.39875,0.595583,3.215403,48.304125
SPHINCS+-SHA2-128f-simple_run30,active,15.07018,5.39625,0.595225,3.211984,48.345046
SPHINCS+-SHA2-128f-simple_run30,active,15.082922,5.39125,0.595046,3.208044,48.38592
SPHINCS+-SHA2-128f-simple_run30,active,15.095666,5.39625,0.595225,3.211984,48.426854
SPHINCS+-SHA2-128f-simple_run30,active,15.108405,5.3975,0.595404,3.213693,48.467796
SPHINCS+-SHA2-128f-simple_run30,active,15.121167,5.395,0.595225,3.21124,48.508776
SPHINCS+-SHA2-128f-simple_run30,active,15.133914,5.39625,0.595225,3.211984,48.549721
SPHINCS+-SHA2-128f-simple_run30,active,15.146658,5.39625,0.595404,3.212949,48.590664
SPHINCS+-SHA2-128f-simple_run30,active,15.159402,5.3975,0.595583,3.214658,48.631632
SPHINCS+-SHA2-128f-simple_run30,active,15.17214,5.39875,0.598265,3.229882,48.672775
SPHINCS+-SHA2-128f-simple_run30,active,15.184887,5.39625,0.595583,3.213914,48.713743
SPHINCS+-SHA2-128f-simple_run30,active,15.19763,5.39625,0.596834,3.220668,48.754783
SPHINCS+-SHA2-128f-simple_run30,active,15.210369,5.39875,0.59594,3.217333,48.79577
SPHINCS+-SHA2-128f-simple_run30,active,15.223123,5.39625,0.594868,3.210054,48.83671
SPHINCS+-SHA2-128f-simple_run30,active,15.235871,5.39125,0.596119,3.213828,48.877679
SPHINCS+-SHA2-128f-simple_run30,active,15.248612,5.39625,0.595225,3.211984,48.918605
SPHINCS+-SHA2-128f-simple_run30,active,15.261353,5.3975,0.594331,3.207903,48.959477
SPHINCS+-SHA2-128f-simple_run30,active,15.274094,5.39875,0.595583,3.215403,49.000443
SPHINCS+-SHA2-128f-simple_run30,active,15.286837,5.395,0.595583,3.213169,49.041388
SPHINCS+-SHA2-128f-simple_run30,active,15.299578,5.39625,0.595225,3.211984,49.082312
SPHINCS+-SHA2-128f-simple_run30,active,15.312339,5.39625,0.58557,3.159882,49.122637
SPHINCS+-SHA2-128f-simple_run30,active,15.32797,5.39875,0.595583,3.215403,49.172895
SPHINCS+-SHA2-128f-simple_run30,active,15.340736,5.39375,0.595404,3.21146,49.213892
SPHINCS+-SHA2-128f-simple_run30,active,15.353478,5.39625,0.595762,3.214879,49.254858
SPHINCS+-SHA2-128f-simple_run30,active,15.366218,5.39875,0.596119,3.218299,49.295857
SPHINCS+-SHA2-128f-simple_run30,active,15.378959,5.39625,0.595583,3.213914,49.336808
SPHINCS+-SHA2-128f-simple_run30,active,15.391723,5.39875,0.594152,3.20768,49.377749
SPHINCS+-SHA2-128f-simple_run30,active,15.404462,5.39625,0.596656,3.219703,49.418765
SPHINCS+-SHA2-128f-simple_run30,active,15.417199,5.395,0.595583,3.213169,49.459691
SPHINCS+-SHA2-128f-simple_run30,active,15.429943,5.3975,0.596834,3.221414,49.500747
SPHINCS+-SHA2-128f-simple_run30,active,15.442689,5.395,0.596119,3.216063,49.541738
SPHINCS+-SHA2-128f-simple_run30,active,15.455428,5.39625,0.595225,3.211984,49.582656
SPHINCS+-SHA2-128f-simple_run30,active,15.468165,5.3975,0.595762,3.215623,49.623612
SPHINCS+-SHA2-128f-simple_run30,active,15.480904,5.3925,0.592901,3.197218,49.66434
SPHINCS+-SHA2-128f-simple_run30,active,15.49364,5.3975,0.596298,3.218518,49.705334
SPHINCS+-SHA2-128f-simple_run30,active,15.506382,5.395,0.595583,3.213169,49.746274
SPHINCS+-SHA2-128f-simple_run30,active,15.519125,5.39875,0.595762,3.216368,49.787262
SPHINCS+-SHA2-128f-simple_run30,active,15.531869,5.39625,0.592901,3.199441,49.828035
SPHINCS+-SHA2-128f-simple_run30,active,15.544612,5.3975,0.597371,3.224309,49.869122
SPHINCS+-SHA2-128f-simple_run30,active,15.557351,5.3975,0.595225,3.212728,49.910049
SPHINCS+-SHA2-128f-simple_run30,active,15.57009,5.3975,0.596477,3.219484,49.951061
SPHINCS+-SHA2-128f-simple_run30,active,15.582829,5.39625,0.595046,3.211019,49.991968
SPHINCS+-SHA2-128f-simple_run30,active,15.595568,5.39625,0.594689,3.209089,50.032847
SPHINCS+-SHA2-128f-simple_run30,active,15.608326,5.39625,0.595583,3.213914,50.073853
SPHINCS+-SHA2-128f-simple_run30,active,15.621067,5.39625,0.592186,3.195582,50.114566
SPHINCS+-SHA2-128f-simple_run30,active,15.633811,5.3975,0.595404,3.213693,50.155522
SPHINCS+-SHA2-128f-simple_run30,active,15.646558,5.3975,0.595404,3.213693,50.196485
SPHINCS+-SHA2-128f-simple_run30,active,15.659297,5.3975,0.595583,3.214658,50.237439
SPHINCS+-SHA2-128f-simple_run30,active,15.672034,5.39875,0.597013,3.223125,50.278489
SPHINCS+-SHA2-128f-simple_run30,active,15.684772,5.39625,0.597371,3.223562,50.319551
SPHINCS+-SHA2-128f-simple_run30,active,15.697522,5.3975,0.596477,3.219484,50.360602
SPHINCS+-SHA2-128f-simple_run30,active,15.710283,5.395,0.596477,3.217992,50.401666
SPHINCS+-SHA2-128f-simple_run30,active,15.723031,5.3975,0.600947,3.24361,50.443014
SPHINCS+-SHA2-128f-simple_run30,active,15.735779,5.395,0.59594,3.215098,50.484002
SPHINCS+-SHA2-128f-simple_run30,active,15.748526,5.395,0.595762,3.214134,50.524973
SPHINCS+-SHA2-128f-simple_run30,active,15.761267,5.39125,0.597907,3.223467,50.566042
SPHINCS+-SHA2-128f-simple_run30,active,15.774006,5.39625,0.59594,3.215843,50.607009
SPHINCS+-SHA2-128f-simple_run30,active,15.786744,5.3975,0.595225,3.212728,50.647933
SPHINCS+-SHA2-128f-simple_run30,active,15.799483,5.39625,0.595583,3.213914,50.688875
SPHINCS+-SHA2-128f-simple_run30,active,15.812219,5.3975,0.595404,3.213693,50.729804
SPHINCS+-SHA2-128f-simple_run30,active,15.824956,5.39625,0.595225,3.211984,50.770716
SPHINCS+-SHA2-128f-simple_run30,active,15.837701,5.39625,0.596119,3.216808,50.811713
SPHINCS+-SHA2-128f-simple_run30,active,15.850445,5.39125,0.596298,3.214792,50.852684
SPHINCS+-SHA2-128f-simple_run30,active,15.863187,5.40125,0.595404,3.215926,50.893659
SPHINCS+-SHA2-128f-simple_run30,active,15.875923,5.39625,0.59594,3.215843,50.934618
SPHINCS+-SHA2-128f-simple_run30,active,15.888659,5.3975,0.595225,3.212728,50.975536
SPHINCS+-SHA2-128f-simple_run30,active,15.901396,5.405,0.593795,3.209461,51.016413
SPHINCS+-SHA2-128f-simple_run30,active,15.914135,5.39625,0.595583,3.213914,51.057354
SPHINCS+-SHA2-128f-simple_run30,active,15.926873,5.395,0.595046,3.210275,51.098248
SPHINCS+-SHA2-128f-simple_run30,active,15.939616,5.3925,0.595046,3.208788,51.139138
SPHINCS+-SHA2-128f-simple_run30,active,15.952357,5.40125,0.59594,3.218823,51.180148
SPHINCS+-SHA2-128f-simple_run30,active,15.965095,5.405,0.596119,3.222024,51.22119
SPHINCS+-SHA2-128f-simple_run30,active,15.977832,5.395,0.595225,3.21124,51.262093
SPHINCS+-SHA2-128f-simple_run30,active,15.990573,5.3975,0.597371,3.224309,51.303172
SPHINCS+-SHA2-128f-simple_run30,active,16.00331,5.39625,0.594689,3.209089,51.344048
SPHINCS+-SHA2-128f-simple_run30,active,16.016047,5.39625,0.595225,3.211984,51.384957
SPHINCS+-SHA2-128f-simple_run30,active,16.028785,5.39125,0.595225,3.209008,51.425834
SPHINCS+-SHA2-128f-simple_run30,active,16.041529,5.3975,0.596834,3.221414,51.466887
SPHINCS+-SHA2-128f-simple_run30,active,16.05427,5.39625,0.595404,3.212949,51.507825
SPHINCS+-SHA2-128f-simple_run30,active,16.067012,5.39625,0.595225,3.211984,51.54875
SPHINCS+-SHA2-128f-simple_run30,active,16.079751,5.39625,0.595583,3.213914,51.589694
SPHINCS+-SHA2-128f-simple_run30,active,16.092491,5.39625,0.594331,3.20716,51.630553
SPHINCS+-SHA2-128f-simple_run30,active,16.105231,5.3975,0.597371,3.224309,51.67163
SPHINCS+-SHA2-128f-simple_run30,active,16.117973,5.3975,0.595583,3.214658,51.712592
SPHINCS+-SHA2-128f-simple_run30,active,16.130726,5.39125,0.596656,3.21672,51.753614
SPHINCS+-SHA2-128f-simple_run30,active,16.143474,5.39625,0.596477,3.218738,51.794646
SPHINCS+-SHA2-128f-simple_run30,active,16.156218,5.3975,0.595583,3.214658,51.835615
SPHINCS+-SHA2-128f-simple_run30,active,16.168959,5.39625,0.595225,3.211984,51.876539
SPHINCS+-SHA2-128f-simple_run30,active,16.181699,5.39625,0.597728,3.225492,51.917632
SPHINCS+-SHA2-128f-simple_run30,active,16.194439,5.3975,0.595762,3.215623,51.958599
SPHINCS+-SHA2-128f-simple_run30,active,16.207188,5.39625,0.595404,3.212949,51.99956
SPHINCS+-SHA2-128f-simple_run30,active,16.219928,5.3975,0.598801,3.232029,52.040736
SPHINCS+-SHA2-128f-simple_run30,active,16.232668,5.38625,0.595583,3.207958,52.081607
SPHINCS+-SHA2-128f-simple_run30,active,16.245414,5.395,0.602377,3.249825,52.123027
SPHINCS+-SHA2-128f-simple_run30,active,16.258157,5.39625,0.596119,3.216808,52.164019
SPHINCS+-SHA2-128f-simple_run30,active,16.2709,5.39,0.591649,3.188989,52.204655
SPHINCS+-SHA2-128f-simple_run30,active,16.283639,5.3975,0.595225,3.212728,52.245584
SPHINCS+-SHA2-128f-simple_run30,active,16.296376,5.3975,0.595583,3.214658,52.286528
SPHINCS+-SHA2-128f-simple_run30,active,16.309116,5.39625,0.595225,3.211984,52.327451
SPHINCS+-SHA2-128f-simple_run30,active,16.321854,5.395,0.59594,3.215098,52.368404
SPHINCS+-SHA2-128f-simple_run30,active,16.334595,5.3925,0.595225,3.209752,52.409298
SPHINCS+-SHA2-128f-simple_run30,active,16.34734,5.39625,0.595225,3.211984,52.450235
SPHINCS+-SHA2-128f-simple_run30,active,16.360082,5.39125,0.593258,3.198404,52.49099
SPHINCS+-SHA2-128f-simple_run30,active,16.372822,5.395,0.595404,3.212205,52.531912
SPHINCS+-SHA2-128f-simple_run30,active,16.38556,5.39625,0.595762,3.214879,52.572863
SPHINCS+-SHA2-128f-simple_run30,active,16.398299,5.3975,0.59594,3.216588,52.613839
SPHINCS+-SHA2-128f-simple_run30,active,16.41104,5.3975,0.595404,3.213693,52.654786
SPHINCS+-SHA2-128f-simple_run30,active,16.423777,5.39625,0.595225,3.211984,52.695698
SPHINCS+-SHA2-128f-simple_run30,active,16.436516,5.385,0.596119,3.210102,52.736589
SPHINCS+-SHA2-128f-simple_run30,active,16.449261,5.39625,0.595583,3.213914,52.777551
SPHINCS+-SHA2-128f-simple_run30,active,16.462005,5.4075,0.595404,3.219647,52.818582
SPHINCS+-SHA2-128f-simple_run30,active,16.474747,5.3975,0.595225,3.212728,52.859521
SPHINCS+-SHA2-128f-simple_run30,active,16.487488,5.39625,0.596477,3.218738,52.90053
SPHINCS+-SHA2-128f-simple_run30,active,16.500226,5.39875,0.595583,3.215403,52.941489
SPHINCS+-SHA2-128f-simple_run30,active,16.512968,5.39625,0.596477,3.218738,52.982502
SPHINCS+-SHA2-128f-simple_run30,active,16.525708,5.39625,0.595583,3.213914,53.023446
SPHINCS+-SHA2-128f-simple_run30,active,16.538449,5.39,0.595225,3.208264,53.064323
SPHINCS+-SHA2-128f-simple_run30,active,16.551197,5.39875,0.595583,3.215403,53.105312
SPHINCS+-SHA2-128f-simple_run30,active,16.56394,5.3975,0.597013,3.222379,53.146374
SPHINCS+-SHA2-128f-simple_run30,active,16.57668,5.39875,0.595046,3.212507,53.187301
SPHINCS+-SHA2-128f-simple_run30,active,16.589419,5.39875,0.595225,3.213472,53.228238
SPHINCS+-SHA2-128f-simple_run30,active,16.605009,5.3975,0.595225,3.212728,53.278326
SPHINCS+-SHA2-128f-simple_run30,active,16.617766,5.39625,0.595583,3.213914,53.319326
SPHINCS+-SHA2-128f-simple_run30,active,16.630514,5.3975,0.598086,3.228169,53.360477
SPHINCS+-SHA2-128f-simple_run30,active,16.643255,5.3975,0.595225,3.212728,53.401411
SPHINCS+-SHA2-128f-simple_run30,active,16.655999,5.39625,0.595583,3.213914,53.44237
SPHINCS+-SHA2-128f-simple_run30,active,16.668745,5.39625,0.595583,3.213914,53.483333
SPHINCS+-SHA2-128f-simple_run30,active,16.681485,5.3925,0.595583,3.21168,53.52425
SPHINCS+-SHA2-128f-simple_run30,active,16.694222,5.39625,0.595404,3.212949,53.565174
SPHINCS+-SHA2-128f-simple_run30,active,16.70696,5.395,0.595583,3.213169,53.606103
SPHINCS+-SHA2-128f-simple_run30,active,16.719727,5.395,0.596298,3.217028,53.647176
SPHINCS+-SHA2-128f-simple_run30,active,16.732468,5.395,0.59594,3.215098,53.68814
SPHINCS+-SHA2-128f-simple_run30,active,16.745208,5.38375,0.595404,3.205506,53.728977
SPHINCS+-SHA2-128f-simple_run30,active,16.757952,5.39625,0.595225,3.211984,53.769912
SPHINCS+-SHA2-128f-simple_run30,active,16.770696,5.3975,0.594868,3.210798,53.810829
SPHINCS+-SHA2-128f-simple_run30,active,16.783436,5.3975,0.595404,3.213693,53.85177
SPHINCS+-SHA2-128f-simple_run30,active,16.796208,5.39625,0.595583,3.213914,53.892821
SPHINCS+-SHA2-128f-simple_run30,active,16.808966,5.39375,0.595404,3.21146,53.933793
SPHINCS+-SHA2-128f-simple_run30,active,16.821711,5.39375,0.595225,3.210496,53.974708
SPHINCS+-SHA2-128f-simple_run30,active,16.834454,5.3975,0.595225,3.212728,54.01565
SPHINCS+-SHA2-128f-simple_run30,active,16.847194,5.39125,0.595225,3.209008,54.056532
SPHINCS+-SHA2-128f-simple_run30,active,16.85994,5.39,0.595404,3.209228,54.097435
SPHINCS+-SHA2-128f-simple_run30,active,16.872686,5.39625,0.595404,3.212949,54.138387
SPHINCS+-SHA2-128f-simple_run30,active,16.885428,5.3975,0.596477,3.219484,54.179411
SPHINCS+-SHA2-128f-simple_run30,active,16.89817,5.3975,0.595583,3.214658,54.220371
SPHINCS+-SHA2-128f-simple_run30,active,16.910912,5.3975,0.595046,3.211763,54.261296
SPHINCS+-SHA2-128f-simple_run30,active,16.923653,5.3975,0.597013,3.222379,54.302353
SPHINCS+-SHA2-128f-simple_run30,active,16.936393,5.39625,0.595583,3.213914,54.343299
SPHINCS+-SHA2-128f-simple_run30,active,16.949134,5.39375,0.595404,3.21146,54.384214
SPHINCS+-SHA2-128f-simple_run30,active,16.961881,5.395,0.594689,3.208346,54.425111
SPHINCS+-SHA2-128f-simple_run30,active,16.974626,5.39375,0.595225,3.210496,54.46603
SPHINCS+-SHA2-128f-simple_run30,active,16.987367,5.3975,0.596298,3.218518,54.507039
SPHINCS+-SHA2-128f-simple_run30,active,17.000107,5.39625,0.595046,3.211019,54.547945
SPHINCS+-SHA2-128f-simple_run30,active,17.012846,5.39875,0.595583,3.215403,54.588907
SPHINCS+-SHA2-128f-simple_run30,active,17.025588,5.39625,0.595583,3.213914,54.629859
SPHINCS+-SHA2-128f-simple_run30,active,17.038327,5.3975,0.595404,3.213693,54.670798
SPHINCS+-SHA2-128f-simple_run30,active,17.05107,5.39125,0.595046,3.208044,54.711676
SPHINCS+-SHA2-128f-simple_run30,active,17.063814,5.39625,0.595046,3.211019,54.752599
SPHINCS+-SHA2-128f-simple_run30,active,17.076558,5.3975,0.595583,3.214658,54.793568
SPHINCS+-SHA2-128f-simple_run30,active,17.089297,5.39625,0.596477,3.218738,54.834571
SPHINCS+-SHA2-128f-simple_run30,active,17.102037,5.39625,0.595225,3.211984,54.875489
SPHINCS+-SHA2-128f-simple_run30,active,17.114782,5.3975,0.595225,3.212728,54.916436
SPHINCS+-SHA2-128f-simple_run30,active,17.127534,5.39625,0.595225,3.211984,54.957398
SPHINCS+-SHA2-128f-simple_run30,active,17.140273,5.395,0.590219,3.18423,54.99796
SPHINCS+-SHA2-128f-simple_run30,active,17.153061,5.39,0.595404,3.209228,55.039001
SPHINCS+-SHA2-128f-simple_run30,active,17.165812,5.3975,0.595583,3.214658,55.079991
SPHINCS+-SHA2-128f-simple_run30,active,17.17856,5.3975,0.595225,3.212728,55.120945
SPHINCS+-SHA2-128f-simple_run30,active,17.191301,5.39625,0.595583,3.213914,55.161895
SPHINCS+-SHA2-128f-simple_run30,active,17.204039,5.39875,0.595225,3.213472,55.202828
SPHINCS+-SHA2-128f-simple_run30,active,17.216776,5.395,0.595583,3.213169,55.243755
SPHINCS+-SHA2-128f-simple_run30,active,17.229517,5.395,0.592901,3.1987,55.284508
SPHINCS+-SHA2-128f-simple_run30,active,17.242256,5.39875,0.595762,3.216368,55.325481
SPHINCS+-SHA2-128f-simple_run30,active,17.255,5.39125,0.596834,3.217683,55.366486
SPHINCS+-SHA2-128f-simple_run30,active,17.267771,5.3975,0.595762,3.215623,55.407553
SPHINCS+-SHA2-128f-simple_run30,active,17.280518,5.39875,0.595583,3.215403,55.44854
SPHINCS+-SHA2-128f-simple_run30,active,17.293259,5.39875,0.595404,3.214437,55.489497
SPHINCS+-SHA2-128f-simple_run30,active,17.306,5.3975,0.595583,3.214658,55.530454
SPHINCS+-SHA2-128f-simple_run30,active,17.318743,5.39375,0.595225,3.210496,55.571365
SPHINCS+-SHA2-128f-simple_run30,active,17.331485,5.3975,0.595762,3.215623,55.612338
SPHINCS+-SHA2-128f-simple_run30,active,17.344223,5.39625,0.598086,3.227422,55.653448
SPHINCS+-SHA2-128f-simple_run30,active,17.356963,5.39125,0.595046,3.208044,55.694321
SPHINCS+-SHA2-128f-simple_run30,active,17.369709,5.405,0.596298,3.222991,55.7354
SPHINCS+-SHA2-128f-simple_run30,active,17.382456,5.395,0.595046,3.210275,55.776321
SPHINCS+-SHA2-128f-simple_run30,active,17.395196,5.39625,0.596119,3.216808,55.817304
SPHINCS+-SHA2-128f-simple_run30,active,17.407935,5.39875,0.596119,3.218299,55.858302
SPHINCS+-SHA2-128f-simple_run30,active,17.420674,5.395,0.595225,3.21124,55.89921
SPHINCS+-SHA2-128f-simple_run30,active,17.433415,5.3975,0.595404,3.213693,55.940157
SPHINCS+-SHA2-128f-simple_run30,active,17.446155,5.39625,0.59594,3.215843,55.981127
SPHINCS+-SHA2-128f-simple_run30,active,17.458897,5.3925,0.594689,3.206859,56.021988
SPHINCS+-SHA2-128f-simple_run30,active,17.471646,5.395,0.595225,3.21124,56.062927
SPHINCS+-SHA2-128f-simple_run30,active,17.484392,5.39375,0.596656,3.218211,56.103946
SPHINCS+-SHA2-128f-simple_run30,active,17.497132,5.39875,0.595404,3.214437,56.144898
SPHINCS+-SHA2-128f-simple_run30,active,17.509872,5.39625,0.595404,3.212949,56.185833
SPHINCS+-SHA2-128f-simple_run30,active,17.522618,5.39625,0.59451,3.208125,56.226723
SPHINCS+-SHA2-128f-simple_run30,active,17.535358,5.3975,0.593258,3.202112,56.267516
SPHINCS+-SHA2-128f-simple_run30,active,17.548096,5.3975,0.594152,3.206938,56.308368
SPHINCS+-SHA2-128f-simple_run30,active,17.560834,5.38875,0.592901,3.194994,56.349065
SPHINCS+-SHA2-128f-simple_run30,active,17.573581,5.39625,0.595583,3.213914,56.390034
SPHINCS+-SHA2-128f-simple_run30,active,17.586326,5.3975,0.595225,3.212728,56.430978
SPHINCS+-SHA2-128f-simple_run30,active,17.599068,5.39625,0.594331,3.20716,56.471843
SPHINCS+-SHA2-128f-simple_run30,active,17.611807,5.3975,0.595762,3.215623,56.512807
SPHINCS+-SHA2-128f-simple_run30,active,17.624546,5.39625,0.595583,3.213914,56.553749
SPHINCS+-SHA2-128f-simple_run30,active,17.637284,5.395,0.595762,3.214134,56.594694
SPHINCS+-SHA2-128f-simple_run30,active,17.650024,5.395,0.59451,3.207381,56.635554
SPHINCS+-SHA2-128f-simple_run30,active,17.662765,5.3975,0.595225,3.212728,56.676487
SPHINCS+-SHA2-128f-simple_run30,active,17.675509,5.39625,0.595583,3.213914,56.717447
SPHINCS+-SHA2-128f-simple_run30,active,17.688251,5.39875,0.594689,3.210576,56.758353
SPHINCS+-SHA2-128f-simple_run30,active,17.700991,5.39625,0.595225,3.211984,56.799275
SPHINCS+-SHA2-128f-simple_run30,active,17.713731,5.39875,0.595404,3.214437,56.840227
SPHINCS+-SHA2-128f-simple_run30,active,17.726473,5.39625,0.595583,3.213914,56.881179
SPHINCS+-SHA2-128f-simple_run30,active,17.739213,5.39625,0.599159,3.233211,56.922371
SPHINCS+-SHA2-128f-simple_run30,active,17.751953,5.39625,0.595404,3.212949,56.963303
SPHINCS+-SHA2-128f-simple_run30,active,17.764694,5.39625,0.596477,3.218738,57.004313
SPHINCS+-SHA2-128f-simple_run30,active,17.777439,5.39875,0.596298,3.219264,57.045343
SPHINCS+-SHA2-128f-simple_run30,active,17.790185,5.39375,0.597728,3.223998,57.086436
SPHINCS+-SHA2-128f-simple_run30,active,17.802928,5.39625,0.595404,3.212949,57.12738
SPHINCS+-SHA2-128f-simple_run30,active,17.815668,5.39625,0.596656,3.219703,57.168398
SPHINCS+-SHA2-128f-simple_run30,active,17.828406,5.3975,0.59451,3.208868,57.209271
SPHINCS+-SHA2-128f-simple_run30,active,17.841146,5.4025,0.595404,3.21667,57.250251
SPHINCS+-SHA2-128f-simple_run30,active,17.853884,5.395,0.595225,3.21124,57.291158
SPHINCS+-SHA2-128f-simple_run30,active,17.866624,5.39625,0.595404,3.212949,57.33209
SPHINCS+-SHA2-128f-simple_run30,active,17.882188,5.39625,0.595225,3.211984,57.382081
SPHINCS+-SHA2-128f-simple_run30,active,17.894948,5.395,0.595225,3.21124,57.423058
SPHINCS+-SHA2-128f-simple_run30,active,17.907692,5.39625,0.595762,3.214879,57.464028
SPHINCS+-SHA2-128f-simple_run30,active,17.920433,5.39625,0.595046,3.211019,57.504938
SPHINCS+-SHA2-128f-simple_run30,active,17.933171,5.39625,0.595583,3.213914,57.545878
SPHINCS+-SHA2-128f-simple_run30,active,17.945911,5.3975,0.595404,3.213693,57.58682
SPHINCS+-SHA2-128f-simple_run30,active,17.958651,5.3975,0.596298,3.218518,57.627823
SPHINCS+-SHA2-128f-simple_run30,active,17.971389,5.39,0.595046,3.2073,57.668678
SPHINCS+-SHA2-128f-simple_run30,active,17.984132,5.39625,0.596834,3.220668,57.709721
SPHINCS+-SHA2-128f-simple_run30,active,17.996875,5.39625,0.595404,3.212949,57.750662
SPHINCS+-SHA2-128f-simple_run30,active,18.009612,5.3975,0.594689,3.209833,57.791544
SPHINCS+-SHA2-128f-simple_run30,active,18.022349,5.3975,0.596298,3.218518,57.832541
SPHINCS+-SHA2-128f-simple_run30,active,18.035088,5.395,0.595046,3.210275,57.873437
SPHINCS+-SHA2-128f-simple_run30,active,18.047824,5.39875,0.595583,3.215403,57.914388
SPHINCS+-SHA2-128f-simple_run30,active,18.060563,5.395,0.595225,3.21124,57.955294
SPHINCS+-SHA2-128f-simple_run30,active,18.073301,5.39,0.595583,3.210191,57.996186
SPHINCS+-SHA2-128f-simple_run30,active,18.086044,5.39375,0.595404,3.21146,58.037112
SPHINCS+-SHA2-128f-simple_run30,active,18.098789,5.3975,0.59451,3.208868,58.078008
SPHINCS+-SHA2-128f-simple_run30,active,18.111527,5.39375,0.595583,3.212425,58.118926
SPHINCS+-SHA2-128f-simple_run30,active,18.124276,5.395,0.598265,3.227639,58.160075
SPHINCS+-SHA2-128f-simple_run30,active,18.137058,5.385,0.595583,3.207213,58.201069
SPHINCS+-SHA2-128f-simple_run30,active,18.149797,5.39625,0.595583,3.213914,58.242014
SPHINCS+-SHA2-128f-simple_run30,active,18.162541,5.39625,0.595583,3.213914,58.282972
SPHINCS+-SHA2-128f-simple_run30,active,18.175282,5.39,0.595404,3.209228,58.323861
SPHINCS+-SHA2-128f-simple_run30,active,18.188028,5.39625,0.595046,3.211019,58.364786
SPHINCS+-SHA2-128f-simple_run30,active,18.200773,5.39875,0.59594,3.217333,58.405792
SPHINCS+-SHA2-128f-simple_run30,active,18.213513,5.39875,0.595583,3.215403,58.446755
SPHINCS+-SHA2-128f-simple_run30,active,18.226251,5.39875,0.595583,3.215403,58.487715
SPHINCS+-SHA2-128f-simple_run30,active,18.238993,5.3975,0.595046,3.211763,58.52864
SPHINCS+-SHA2-128f-simple_run30,active,18.251765,5.39625,0.595583,3.213914,58.569687
SPHINCS+-SHA2-128f-simple_run30,active,18.264508,5.3975,0.596477,3.219484,58.610714
SPHINCS+-SHA2-128f-simple_run30,active,18.27725,5.3975,0.596477,3.219484,58.651736
SPHINCS+-SHA2-128f-simple_run30,active,18.289997,5.39875,0.597013,3.223125,58.692821
SPHINCS+-SHA2-128f-simple_run30,active,18.302746,5.39625,0.595046,3.211019,58.733756
SPHINCS+-SHA2-128f-simple_run30,active,18.315485,5.39625,0.59594,3.215843,58.774726
SPHINCS+-SHA2-128f-simple_run30,active,18.328224,5.395,0.595404,3.212205,58.815645
SPHINCS+-SHA2-128f-simple_run30,active,18.340964,5.39625,0.595046,3.211019,58.856552
SPHINCS+-SHA2-128f-simple_run30,active,18.353702,5.395,0.59594,3.215098,58.897507
SPHINCS+-SHA2-128f-simple_run30,active,18.366445,5.39625,0.595583,3.213914,58.938462
SPHINCS+-SHA2-128f-simple_run30,active,18.379186,5.39375,0.598622,3.22882,58.979599
SPHINCS+-SHA2-128f-simple_run30,active,18.391929,5.39625,0.595225,3.211984,59.020531
SPHINCS+-SHA2-128f-simple_run30,active,18.404674,5.395,0.595046,3.210275,59.061447
SPHINCS+-SHA2-128f-simple_run30,active,18.417414,5.3975,0.594689,3.209833,59.102337
SPHINCS+-SHA2-128f-simple_run30,active,18.430152,5.395,0.595583,3.213169,59.143267
SPHINCS+-SHA2-128f-simple_run30,active,18.442892,5.3975,0.595583,3.214658,59.184223
SPHINCS+-SHA2-128f-simple_run30,active,18.455631,5.3975,0.595225,3.212728,59.225149
SPHINCS+-SHA2-128f-simple_run30,active,18.468369,5.3975,0.588431,3.176055,59.265606
SPHINCS+-SHA2-128f-simple_run30,active,18.481106,5.3975,0.595762,3.215623,59.306565
SPHINCS+-SHA2-128f-simple_run30,active,18.493852,5.39625,0.594331,3.20716,59.347441
SPHINCS+-SHA2-128f-simple_run30,active,18.506597,5.395,0.595583,3.213169,59.388395
SPHINCS+-SHA2-128f-simple_run30,active,18.519336,5.39625,0.598265,3.228386,59.42952
SPHINCS+-SHA2-128f-simple_run30,active,18.532074,5.3975,0.595404,3.213693,59.470456
SPHINCS+-SHA2-128f-simple_run30,active,18.544813,5.3975,0.597192,3.223344,59.511518
SPHINCS+-SHA2-128f-simple_run30,active,18.557553,5.39625,0.59308,3.200406,59.552292
SPHINCS+-SHA2-128f-simple_run30,active,18.570293,5.3975,0.595225,3.212728,59.593221
SPHINCS+-SHA2-128f-simple_run30,active,18.583034,5.395,0.59594,3.215098,59.634187
SPHINCS+-SHA2-128f-simple_run30,active,18.595778,5.39375,0.595583,3.212425,59.675125
SPHINCS+-SHA2-128f-simple_run30,active,18.608521,5.39625,0.59755,3.224527,59.716214
SPHINCS+-SHA2-128f-simple_run30,active,18.621259,5.3975,0.595583,3.214658,59.757164
SPHINCS+-SHA2-128f-simple_run30,active,18.633998,5.39875,0.595046,3.212507,59.798088
SPHINCS+-SHA2-128f-simple_run30,active,18.646741,5.39625,0.596119,3.216808,59.839078
SPHINCS+-SHA2-128f-simple_run30,active,18.65948,5.395,0.596834,3.219922,59.880098
SPHINCS+-SHA2-128f-simple_run30,active,18.672217,5.39875,0.595404,3.214437,59.92104
SPHINCS+-SHA2-128f-simple_run30,active,18.684954,5.3975,0.597192,3.223344,59.962095
SPHINCS+-SHA2-128f-simple_run30,active,18.697698,5.39875,0.595404,3.214437,60.00306
SPHINCS+-SHA2-128f-simple_run30,active,18.710445,5.3975,0.595046,3.211763,60.044
SPHINCS+-SHA2-128f-simple_run30,active,18.723188,5.3975,0.596119,3.217553,60.085002
SPHINCS+-SHA2-128f-simple_run30,active,18.735925,5.39875,0.595583,3.215403,60.125957
SPHINCS+-SHA2-128f-simple_run30,active,18.748664,5.3975,0.594331,3.207903,60.166822
SPHINCS+-SHA2-128f-simple_run30,active,18.761402,5.395,0.595583,3.213169,60.207753
SPHINCS+-SHA2-128f-simple_run30,active,18.77414,5.39625,0.596119,3.216808,60.248728
SPHINCS+-SHA2-128f-simple_run30,active,18.78688,5.3975,0.595404,3.213693,60.289669
SPHINCS+-SHA2-128f-simple_run30,active,18.799624,5.39375,0.595404,3.21146,60.330596
SPHINCS+-SHA2-128f-simple_run30,active,18.812377,5.3975,0.596834,3.221414,60.37168
SPHINCS+-SHA2-128f-simple_run30,active,18.825137,5.39625,0.596834,3.220668,60.412776
SPHINCS+-SHA2-128f-simple_run30,active,18.83788,5.39625,0.597013,3.221632,60.453827
SPHINCS+-SHA2-128f-simple_run30,active,18.850622,5.39375,0.595583,3.212425,60.494761
SPHINCS+-SHA2-128f-simple_run30,active,18.863365,5.3975,0.595404,3.213693,60.535712
SPHINCS+-SHA2-128f-simple_run30,active,18.876102,5.39625,0.595404,3.212949,60.576636
SPHINCS+-SHA2-128f-simple_run30,active,18.888846,5.40125,0.59755,3.227515,60.617767
SPHINCS+-SHA2-128f-simple_run30,active,18.901594,5.395,0.595404,3.212205,60.658718
SPHINCS+-SHA2-128f-simple_run30,active,18.914339,5.395,0.59594,3.215098,60.699694
SPHINCS+-SHA2-128f-simple_run30,active,18.927082,5.38125,0.595046,3.202093,60.740496
SPHINCS+-SHA2-128f-simple_run30,active,18.939823,5.395,0.595225,3.21124,60.781412
SPHINCS+-SHA2-128f-simple_run30,active,18.952563,5.3975,0.595583,3.214658,60.822366
SPHINCS+-SHA2-128f-simple_run30,active,18.965303,5.39625,0.595762,3.214879,60.863323
SPHINCS+-SHA2-128f-simple_run30,active,18.978043,5.39875,0.594689,3.210576,60.904227
SPHINCS+-SHA2-128f-simple_run30,active,18.990784,5.39625,0.59594,3.215843,60.945201
SPHINCS+-SHA2-128f-simple_run30,active,19.003531,5.39625,0.595583,3.213914,60.986168
SPHINCS+-SHA2-128f-simple_run30,active,19.016274,5.39625,0.595583,3.213914,61.027122
SPHINCS+-SHA2-128f-simple_run30,active,19.02905,5.395,0.596656,3.218957,61.068249
SPHINCS+-SHA2-128f-simple_run30,active,19.041792,5.39625,0.595046,3.211019,61.109162
SPHINCS+-SHA2-128f-simple_run30,active,19.054534,5.395,0.595762,3.214134,61.150116
SPHINCS+-SHA2-128f-simple_run30,active,19.067276,5.39625,0.593437,3.202335,61.190922
SPHINCS+-SHA2-128f-simple_run30,active,19.080014,5.3975,0.59594,3.216588,61.231896
SPHINCS+-SHA2-128f-simple_run30,active,19.092753,5.395,0.595583,3.213169,61.272826
SPHINCS+-SHA2-128f-simple_run30,active,19.105499,5.3975,0.597013,3.222379,61.313899
SPHINCS+-SHA2-128f-simple_run30,active,19.118265,5.39625,0.600768,3.241894,61.355285
SPHINCS+-SHA2-128f-simple_run30,active,19.131107,5.395,0.595583,3.213169,61.396548
SPHINCS+-SHA2-128f-simple_run30,active,19.143859,5.39875,0.597371,3.225056,61.437674
SPHINCS+-SHA2-128f-simple_run30,active,19.159535,5.4,0.594331,3.209388,61.487987
SPHINCS+-SHA2-128f-simple_run30,active,19.172397,5.39625,0.59594,3.215843,61.529349
SPHINCS+-SHA2-128f-simple_run30,active,19.185213,5.395,0.59594,3.215098,61.570552
SPHINCS+-SHA2-128f-simple_run30,active,19.197993,5.39625,0.588788,3.177249,61.611158
SPHINCS+-SHA2-128f-simple_run30,active,19.210826,5.39375,0.595404,3.21146,61.652369
SPHINCS+-SHA2-128f-simple_run30,active,19.223581,5.385,0.595583,3.207213,61.693278
SPHINCS+-SHA2-128f-simple_run30,active,19.236023,5.38625,0.596119,3.210847,61.733228
SPHINCS+-SHA2-128f-simple_run30,active,19.248463,5.39,0.597013,3.217901,61.773257
SPHINCS+-SHA2-128f-simple_run30,active,19.260903,5.38875,0.595583,3.209447,61.813183
SPHINCS+-SHA2-128f-simple_run30,active,19.273341,5.38875,0.595762,3.21041,61.853115
SPHINCS+-SHA2-128f-simple_run30,active,19.285779,5.38625,0.595583,3.207958,61.893016
SPHINCS+-SHA2-128f-simple_run30,active,19.298215,5.3875,0.595583,3.208702,61.932918
SPHINCS+-SHA2-128f-simple_run30,active,19.310653,5.3875,0.595404,3.207739,61.972816
SPHINCS+-SHA2-128f-simple_run30,active,19.323105,5.39625,0.595225,3.211984,62.012812
SPHINCS+-SHA2-128f-simple_run30,active,19.335848,5.3975,0.59594,3.216588,62.053803
SPHINCS+-SHA2-128f-simple_run30,active,19.34859,5.40125,0.593616,3.206268,62.094657
SPHINCS+-SHA2-128f-simple_run30,active,19.36133,5.3975,0.595583,3.214658,62.135611
SPHINCS+-SHA2-128f-simple_run30,active,19.374072,5.3975,0.596834,3.221414,62.176658
SPHINCS+-SHA2-128f-simple_run30,active,19.386814,5.39625,0.595225,3.211984,62.217586
SPHINCS+-SHA2-128f-simple_run30,active,19.399554,5.3975,0.597907,3.227204,62.2587
SPHINCS+-SHA2-128f-simple_run30,active,19.412341,5.3975,0.596119,3.217553,62.29984
SPHINCS+-SHA2-128f-simple_run30,active,19.425091,5.39875,0.59594,3.217333,62.340865
SPHINCS+-SHA2-128f-simple_run30,active,19.437833,5.40125,0.594868,3.213029,62.381804
SPHINCS+-SHA2-128f-simple_run30,active,19.450578,5.3975,0.595225,3.212728,62.422749
SPHINCS+-SHA2-128f-simple_run30,active,19.463319,5.39625,0.595046,3.211019,62.463661
SPHINCS+-SHA2-128f-simple_run30,active,19.476059,5.3975,0.595583,3.214658,62.504616
SPHINCS+-SHA2-128f-simple_run30,active,19.4888,5.39625,0.596834,3.220668,62.545649
SPHINCS+-SHA2-128f-simple_run30,active,19.501539,5.3975,0.595583,3.214658,62.586603
SPHINCS+-SHA2-128f-simple_run30,active,19.514285,5.3975,0.595583,3.214658,62.627578
SPHINCS+-SHA2-128f-simple_run30,active,19.527032,5.39875,0.593258,3.202854,62.668403
SPHINCS+-SHA2-128f-simple_run30,active,19.539772,5.39625,0.591113,3.189792,62.709041
SPHINCS+-SHA2-128f-simple_run30,active,19.552511,5.39875,0.595762,3.216368,62.750015
SPHINCS+-SHA2-128f-simple_run30,active,19.565251,5.3975,0.597371,3.224309,62.791092
SPHINCS+-SHA2-128f-simple_run30,active,19.577993,5.395,0.588788,3.176513,62.831569
SPHINCS+-SHA2-128f-simple_run30,active,19.590737,5.39625,0.59594,3.215843,62.872548
SPHINCS+-SHA2-128f-simple_run30,active,19.603477,5.3975,0.597728,3.226239,62.913651
SPHINCS+-SHA2-128f-simple_run30,active,19.616222,5.3875,0.593795,3.199069,62.954425
SPHINCS+-SHA2-128f-simple_run30,active,19.628965,5.39625,0.59451,3.208125,62.995306
SPHINCS+-SHA2-128f-simple_run30,active,19.641706,5.3975,0.595762,3.215623,63.036274
SPHINCS+-SHA2-128f-simple_run30,active,19.654446,5.39625,0.595225,3.211984,63.077197
SPHINCS+-SHA2-128f-simple_run30,active,19.667187,5.3975,0.594331,3.207903,63.118067
SPHINCS+-SHA2-128f-simple_run30,active,19.679926,5.39625,0.595583,3.213914,63.15901
SPHINCS+-SHA2-128f-simple_run30,active,19.692666,5.39625,0.595225,3.211984,63.19993
SPHINCS+-SHA2-128f-simple_run30,active,19.705406,5.3975,0.597013,3.222379,63.240982
SPHINCS+-SHA2-128f-simple_run30,active,19.718151,5.395,0.593258,3.200629,63.281775
SPHINCS+-SHA2-128f-simple_run30,active,19.730895,5.3975,0.595404,3.213693,63.32273
SPHINCS+-SHA2-128f-simple_run30,active,19.743634,5.3975,0.595583,3.214658,63.363684
SPHINCS+-SHA2-128f-simple_run30,active,19.756372,5.39625,0.595583,3.213914,63.404623
SPHINCS+-SHA2-128f-simple_run30,active,19.769112,5.3975,0.595404,3.213693,63.445564
SPHINCS+-SHA2-128f-simple_run30,active,19.78185,5.3975,0.595225,3.212728,63.486488
SPHINCS+-SHA2-128f-simple_run30,active,19.794591,5.39625,0.595583,3.213914,63.527436
SPHINCS+-SHA2-128f-simple_run30,active,19.807331,5.39875,0.59594,3.217333,63.568424
SPHINCS+-SHA2-128f-simple_run30,active,19.820075,5.39625,0.595583,3.213914,63.609382
SPHINCS+-SHA2-128f-simple_run30,active,19.832821,5.39625,0.595583,3.213914,63.650347
SPHINCS+-SHA2-128f-simple_run30,active,19.84556,5.39625,0.595225,3.211984,63.691265
SPHINCS+-SHA2-128f-simple_run30,active,19.858298,5.41125,0.593795,3.213172,63.732196
SPHINCS+-SHA2-128f-simple_run30,active,19.871037,5.3975,0.596656,3.220449,63.773219
SPHINCS+-SHA2-128f-simple_run30,active,19.883777,5.39625,0.595225,3.211984,63.81414
SPHINCS+-SHA2-128f-simple_run30,active,19.896516,5.4025,0.596834,3.224398,63.855215
SPHINCS+-SHA2-128f-simple_run30,active,19.909254,5.395,0.595404,3.212205,63.896134
SPHINCS+-SHA2-128f-simple_run30,active,19.922001,5.39625,0.595583,3.213914,63.937102
SPHINCS+-SHA2-128f-simple_run30,active,19.934748,5.3975,0.595762,3.215623,63.97809
SPHINCS+-SHA2-128f-simple_run30,active,19.947487,5.3975,0.597907,3.227204,64.019203
SPHINCS+-SHA2-128f-simple_run30,active,19.960225,5.3975,0.59594,3.216588,64.060176
SPHINCS+-SHA2-128f-simple_run30,active,19.972964,5.39625,0.596119,3.216808,64.101154
SPHINCS+-SHA2-128f-simple_run30,active,19.985706,5.395,0.595225,3.21124,64.14207
SPHINCS+-SHA2-128f-simple_run30,active,19.998448,5.3975,0.597013,3.222379,64.183131
SPHINCS+-SHA2-128f-simple_run30,active,20.011186,5.3975,0.595583,3.214658,64.22408
SPHINCS+-SHA2-128f-simple_run30,active,20.023932,5.3975,0.597371,3.224309,64.265177
SPHINCS+-SHA2-128f-simple_run30,active,20.036677,5.3975,0.597728,3.226239,64.306296
SPHINCS+-SHA2-128f-simple_run30,active,20.049417,5.39625,0.597192,3.222597,64.34735
SPHINCS+-SHA2-128f-simple_run30,active,20.062156,5.39625,0.595046,3.211019,64.388254
SPHINCS+-SHA2-128f-simple_run30,active,20.074897,5.39375,0.595225,3.210496,64.429159
SPHINCS+-SHA2-128f-simple_run30,active,20.087637,5.395,0.598265,3.227639,64.47028
SPHINCS+-SHA2-128f-simple_run30,active,20.100374,5.40125,0.595583,3.216892,64.511255
SPHINCS+-SHA2-128f-simple_run30,active,20.113118,5.39875,0.59594,3.217333,64.552255
SPHINCS+-SHA2-128f-simple_run30,active,20.125881,5.39625,0.597728,3.225492,64.593424
SPHINCS+-SHA2-128f-simple_run30,active,20.138631,5.39625,0.595583,3.213914,64.634401
SPHINCS+-SHA2-128f-simple_run30,active,20.151372,5.3975,0.595583,3.214658,64.675357
SPHINCS+-SHA2-128f-simple_run30,active,20.16411,5.39625,0.597728,3.225492,64.716444
SPHINCS+-SHA2-128f-simple_run30,active,20.176851,5.39625,0.596298,3.217773,64.757443
SPHINCS+-SHA2-128f-simple_run30,active,20.189593,5.39875,0.595583,3.215403,64.798412
SPHINCS+-SHA2-128f-simple_run30,active,20.202334,5.39875,0.595583,3.215403,64.839379
SPHINCS+-SHA2-128f-simple_run30,active,20.215076,5.3975,0.595225,3.212728,64.880318
SPHINCS+-SHA2-128f-simple_run30,active,20.227822,5.39875,0.595225,3.213472,64.921276
SPHINCS+-SHA2-128f-simple_run30,active,20.240567,5.39625,0.595762,3.214879,64.96225
SPHINCS+-SHA2-128f-simple_run30,active,20.253306,5.3975,0.596298,3.218518,65.00325
SPHINCS+-SHA2-128f-simple_run30,active,20.266047,5.3975,0.595225,3.212728,65.044185
SPHINCS+-SHA2-128f-simple_run30,active,20.278789,5.395,0.595046,3.210275,65.085088
SPHINCS+-SHA2-128f-simple_run30,active,20.291527,5.3975,0.595225,3.212728,65.126011
SPHINCS+-SHA2-128f-simple_run30,active,20.304268,5.395,0.595225,3.21124,65.166927
SPHINCS+-SHA2-128f-simple_run30,active,20.317047,5.3925,0.596834,3.21843,65.208056
SPHINCS+-SHA2-128f-simple_run30,active,20.329795,5.39625,0.595404,3.212949,65.249014
SPHINCS+-SHA2-128f-simple_run30,active,20.342545,5.39625,0.595583,3.213914,65.289992
SPHINCS+-SHA2-128f-simple_run30,active,20.355286,5.39875,0.595046,3.212507,65.330922
SPHINCS+-SHA2-128f-simple_run30,active,20.368025,5.4,0.595583,3.216147,65.371891
SPHINCS+-SHA2-128f-simple_run30,active,20.380765,5.39625,0.597371,3.223562,65.412961
SPHINCS+-SHA2-128f-simple_run30,active,20.393506,5.39625,0.595404,3.212949,65.453897
SPHINCS+-SHA2-128f-simple_run30,active,20.406246,5.395,0.596477,3.217992,65.494893
SPHINCS+-SHA2-128f-simple_run30,active,20.418988,5.4,0.596298,3.220009,65.535923
SPHINCS+-SHA2-128f-simple_run30,active,20.43469,5.3875,0.595225,3.206776,65.586278
SPHINCS+-SHA2-128f-simple_run30,active,20.447472,5.39875,0.59451,3.209611,65.627302
SPHINCS+-SHA2-128f-simple_run30,active,20.460214,5.39625,0.596656,3.219703,65.668328
SPHINCS+-SHA2-128f-simple_run30,active,20.472956,5.39625,0.59594,3.215843,65.709303
SPHINCS+-SHA2-128f-simple_run30,active,20.485697,5.395,0.596298,3.217028,65.750292
SPHINCS+-SHA2-128f-simple_run30,active,20.49844,5.395,0.594152,3.205452,65.791138
SPHINCS+-SHA2-128f-simple_run30,active,20.511182,5.39625,0.595583,3.213914,65.83209
SPHINCS+-SHA2-128f-simple_run30,active,20.523921,5.39625,0.596119,3.216808,65.87307
SPHINCS+-SHA2-128f-simple_run30,active,20.536662,5.395,0.597728,3.224745,65.914156
SPHINCS+-SHA2-128f-simple_run30,active,20.549405,5.39625,0.596119,3.216808,65.955149
SPHINCS+-SHA2-128f-simple_run30,active,20.562146,5.39125,0.596119,3.213828,65.996094
SPHINCS+-SHA2-128f-simple_run30,active,20.574887,5.39625,0.595583,3.213914,66.037042
SPHINCS+-SHA2-128f-simple_run30,active,20.587627,5.39625,0.595225,3.211984,66.077964
SPHINCS+-SHA2-128f-simple_run30,active,20.60037,5.395,0.596477,3.217992,66.11897
SPHINCS+-SHA2-128f-simple_run30,active,20.613109,5.3975,0.595225,3.212728,66.159899
SPHINCS+-SHA2-128f-simple_run30,active,20.625849,5.3975,0.596834,3.221414,66.200937
SPHINCS+-SHA2-128f-simple_run30,active,20.638598,5.3975,0.596656,3.220449,66.241996
SPHINCS+-SHA2-128f-simple_run30,active,20.651346,5.395,0.603271,3.254648,66.283487
SPHINCS+-SHA2-128f-simple_run30,active,20.664086,5.3975,0.596656,3.220449,66.324515
SPHINCS+-SHA2-128f-simple_run30,active,20.676827,5.39125,0.59594,3.212864,66.365449
SPHINCS+-SHA2-128f-simple_run30,active,20.689566,5.39875,0.596834,3.22216,66.406498
SPHINCS+-SHA2-128f-simple_run30,active,20.702304,5.39625,0.595583,3.213914,66.447437
SPHINCS+-SHA2-128f-simple_run30,active,20.715047,5.3975,0.595583,3.214658,66.488399
SPHINCS+-SHA2-128f-simple_run30,active,20.727784,5.39625,0.595225,3.211984,66.529312
SPHINCS+-SHA2-128f-simple_run30,active,20.740531,5.39625,0.595583,3.213914,66.57028
SPHINCS+-SHA2-128f-simple_run30,active,20.753279,5.39625,0.595583,3.213914,66.61125
SPHINCS+-SHA2-128f-simple_run30,active,20.766025,5.39625,0.595583,3.213914,66.652214
SPHINCS+-SHA2-128f-simple_run30,active,20.778768,5.39625,0.595762,3.214879,66.693181
SPHINCS+-SHA2-128f-simple_run30,active,20.79151,5.39625,0.59594,3.215843,66.734157
SPHINCS+-SHA2-128f-simple_run30,active,20.804247,5.3975,0.59755,3.225274,66.775237
SPHINCS+-SHA2-128f-simple_run30,active,20.816988,5.3875,0.595583,3.208702,66.816119
SPHINCS+-SHA2-128f-simple_run30,active,20.829727,5.3975,0.595583,3.214658,66.857071
SPHINCS+-SHA2-128f-simple_run30,active,20.842476,5.3975,0.595583,3.214658,66.898054
SPHINCS+-SHA2-128f-simple_run30,active,20.855222,5.39625,0.595404,3.212949,66.939008
SPHINCS+-SHA2-128f-simple_run30,active,20.867961,5.39875,0.593974,3.206715,66.979859
SPHINCS+-SHA2-128f-simple_run30,active,20.880701,5.39875,0.595762,3.216368,67.020835
SPHINCS+-SHA2-128f-simple_run30,active,20.893441,5.3975,0.597192,3.223344,67.061901
SPHINCS+-SHA2-128f-simple_run30,active,20.906181,5.39625,0.594331,3.20716,67.10276
SPHINCS+-SHA2-128f-simple_run30,active,20.918921,5.3975,0.596477,3.219484,67.143777
SPHINCS+-SHA2-128f-simple_run30,active,20.931663,5.3975,0.596119,3.217553,67.184775
SPHINCS+-SHA2-128f-simple_run30,active,20.944409,5.3975,0.59594,3.216588,67.225771
SPHINCS+-SHA2-128f-simple_run30,active,20.957154,5.3975,0.591113,3.190531,67.266435
SPHINCS+-SHA2-128f-simple_run30,active,20.969894,5.39625,0.595583,3.213914,67.307381
SPHINCS+-SHA2-128f-simple_run30,active,20.982636,5.3975,0.595404,3.213693,67.34833
SPHINCS+-SHA2-128f-simple_run30,active,20.995376,5.3975,0.593437,3.203077,67.389138
SPHINCS+-SHA2-128f-simple_run30,active,21.008114,5.39625,0.59594,3.215843,67.430101
SPHINCS+-SHA2-128f-simple_run30,active,21.020854,5.39625,0.595583,3.213914,67.471047
SPHINCS+-SHA2-128f-simple_run30,active,21.033595,5.39625,0.595583,3.213914,67.511994
SPHINCS+-SHA2-128f-simple_run30,active,21.046342,5.395,0.595225,3.21124,67.552929
SPHINCS+-SHA2-128f-simple_run30,active,21.059089,5.39875,0.595404,3.214437,67.593901
SPHINCS+-SHA2-128f-simple_run30,active,21.071828,5.3975,0.595583,3.214658,67.634852
SPHINCS+-SHA2-128f-simple_run30,active,21.084568,5.3975,0.59594,3.216588,67.675832
SPHINCS+-SHA2-128f-simple_run30,active,21.097306,5.395,0.593437,3.201594,67.716616
SPHINCS+-SHA2-128f-simple_run30,active,21.110047,5.39375,0.596119,3.215318,67.75758
SPHINCS+-SHA2-128f-simple_run30,active,21.122806,5.3975,0.595225,3.212728,67.798573
SPHINCS+-SHA2-128f-simple_run30,active,21.135547,5.39875,0.595762,3.216368,67.839551
SPHINCS+-SHA2-128f-simple_run30,active,21.148292,5.3975,0.59594,3.216588,67.880548
SPHINCS+-SHA2-128f-simple_run30,active,21.161083,5.39625,0.595583,3.213914,67.921655
SPHINCS+-SHA2-128f-simple_run30,active,21.173822,5.39625,0.595404,3.212949,67.962588
SPHINCS+-SHA2-128f-simple_run30,active,21.186568,5.4,0.596834,3.222906,68.003667
SPHINCS+-SHA2-128f-simple_run30,active,21.19931,5.395,0.59594,3.215098,68.044634
SPHINCS+-SHA2-128f-simple_run30,active,21.212049,5.39625,0.595762,3.214879,68.085586
SPHINCS+-SHA2-128f-simple_run30,active,21.22479,5.39875,0.596298,3.219264,68.126605
SPHINCS+-SHA2-128f-simple_run30,active,21.237531,5.38375,0.595225,3.204544,68.167433
SPHINCS+-SHA2-128f-simple_run30,active,21.250278,5.39125,0.595046,3.208044,68.208326
SPHINCS+-SHA2-128f-simple_run30,active,21.263027,5.39625,0.595046,3.211019,68.249262
SPHINCS+-SHA2-128f-simple_run30,active,21.275766,5.4,0.596119,3.219044,68.290271
SPHINCS+-SHA2-128f-simple_run30,active,21.288506,5.3975,0.595583,3.214658,68.331226
SPHINCS+-SHA2-128f-simple_run30,active,21.301247,5.39625,0.595225,3.211984,68.372147
SPHINCS+-SHA2-128f-simple_run30,active,21.313984,5.395,0.595404,3.212205,68.413063
SPHINCS+-SHA2-128f-simple_run30,active,21.32673,5.39625,0.594689,3.209089,68.453966
SPHINCS+-SHA2-128f-simple_run30,active,21.339471,5.39875,0.595404,3.214437,68.494922
SPHINCS+-SHA2-128f-simple_run30,active,21.352217,5.39,0.595583,3.210191,68.535838
SPHINCS+-SHA2-128f-simple_run30,active,21.364963,5.3975,0.596834,3.221414,68.576899
SPHINCS+-SHA2-128f-simple_run30,active,21.377705,5.39375,0.597013,3.22014,68.617929
SPHINCS+-SHA2-128f-simple_run30,active,21.390448,5.3975,0.595404,3.213693,68.65888
SPHINCS+-SHA2-128f-simple_run30,active,21.40319,5.3975,0.597907,3.227204,68.700002
SPHINCS+-SHA2-128f-simple_run30,active,21.415932,5.3975,0.599159,3.23396,68.741211
SPHINCS+-SHA2-128f-simple_run30,active,21.428673,5.39875,0.59594,3.217333,68.782203
SPHINCS+-SHA2-128f-simple_run30,active,21.441413,5.395,0.595583,3.213169,68.823137
SPHINCS+-SHA2-128f-simple_run30,active,21.45416,5.38875,0.596119,3.212337,68.864086
SPHINCS+-SHA2-128f-simple_run30,active,21.466908,5.4,0.593258,3.203595,68.904924
SPHINCS+-SHA2-128f-simple_run30,active,21.479651,5.39625,0.594689,3.209089,68.945817
SPHINCS+-SHA2-128f-simple_run30,active,21.49239,5.39875,0.59451,3.209611,68.986704
SPHINCS+-SHA2-128f-simple_run30,active,21.50513,5.39625,0.592364,3.196546,69.027429
SPHINCS+-SHA2-128f-simple_run30,active,21.51787,5.39625,0.59594,3.215843,69.068398
SPHINCS+-SHA2-128f-simple_run30,active,21.530613,5.395,0.595583,3.213169,69.109344
SPHINCS+-SHA2-128f-simple_run30,active,21.543354,5.3975,0.595225,3.212728,69.150277
SPHINCS+-SHA2-128f-simple_run30,active,21.556102,5.38875,0.593795,3.199812,69.19107
SPHINCS+-SHA2-128f-simple_run30,active,21.568849,5.39625,0.595404,3.212949,69.232024
SPHINCS+-SHA2-128f-simple_run30,active,21.581589,5.3975,0.595404,3.213693,69.272965
SPHINCS+-SHA2-128f-simple_run30,active,21.594329,5.39625,0.595762,3.214879,69.313924
SPHINCS+-SHA2-128f-simple_run30,active,21.607073,5.395,0.594152,3.205452,69.354774
SPHINCS+-SHA2-128f-simple_run30,active,21.619814,5.39625,0.595583,3.213914,69.395724
SPHINCS+-SHA2-128f-simple_run30,active,21.632554,5.3975,0.595583,3.214658,69.436679
SPHINCS+-SHA2-128f-simple_run30,active,21.645295,5.3975,0.59594,3.216588,69.477659
SPHINCS+-SHA2-128f-simple_run30,active,21.658042,5.39,0.595225,3.208264,69.518556
SPHINCS+-SHA2-128f-simple_run30,active,21.670789,5.39625,0.595583,3.213914,69.559523
SPHINCS+-SHA2-128f-simple_run30,active,21.683531,5.3975,0.595404,3.213693,69.600472
SPHINCS+-SHA2-128f-simple_run30,active,21.696269,5.39125,0.597728,3.222503,69.641522
SPHINCS+-SHA2-128f-simple_run30,active,21.71194,5.3975,0.595583,3.214658,69.691899
SPHINCS+-SHA2-128f-simple_run30,active,21.724699,5.39625,0.596834,3.220668,69.732991
SPHINCS+-SHA2-128f-simple_run30,active,21.737442,5.395,0.595225,3.21124,69.773911
SPHINCS+-SHA2-128f-simple_run30,active,21.750185,5.39625,0.595225,3.211984,69.81484
SPHINCS+-SHA2-128f-simple_run30,active,21.762936,5.38875,0.595583,3.209447,69.855765
SPHINCS+-SHA2-128f-simple_run30,active,21.775683,5.395,0.596834,3.219922,69.89681
SPHINCS+-SHA2-128f-simple_run30,active,21.788425,5.3975,0.595583,3.214658,69.937772
SPHINCS+-SHA2-128f-simple_run30,active,21.801168,5.3975,0.595762,3.215623,69.978746
SPHINCS+-SHA2-128f-simple_run30,active,21.813907,5.39625,0.595762,3.214879,70.0197
SPHINCS+-SHA2-128f-simple_run30,active,21.826647,5.39625,0.601304,3.244789,70.061039
SPHINCS+-SHA2-128f-simple_run30,active,21.839386,5.39625,0.595583,3.213914,70.101983
SPHINCS+-SHA2-128f-simple_run30,active,21.852124,5.39625,0.595225,3.211984,70.142895
SPHINCS+-SHA2-128f-simple_run30,active,21.864873,5.395,0.596298,3.217028,70.183909
SPHINCS+-SHA2-128f-simple_run30,active,21.877616,5.39625,0.594868,3.210054,70.224817
SPHINCS+-SHA2-128f-simple_run30,active,21.890357,5.3975,0.595762,3.215623,70.265787
SPHINCS+-SHA2-128f-simple_run30,active,21.903099,5.3975,0.595046,3.211763,70.30671
SPHINCS+-SHA2-128f-simple_run30,active,21.915836,5.3975,0.598622,3.231064,70.347866
SPHINCS+-SHA2-128f-simple_run30,active,21.928575,5.3975,0.596834,3.221414,70.388903
SPHINCS+-SHA2-128f-simple_run30,active,21.941315,5.3975,0.595583,3.214658,70.429857
SPHINCS+-SHA2-128f-simple_run30,active,21.954055,5.39625,0.595404,3.212949,70.470789
SPHINCS+-SHA2-128f-simple_run30,active,21.966793,5.39,0.599159,3.229466,70.511927
SPHINCS+-SHA2-128f-simple_run30,active,21.979538,5.3925,0.596477,3.216501,70.55292
SPHINCS+-SHA2-128f-simple_run30,active,21.992282,5.39125,0.595046,3.208044,70.593806
SPHINCS+-SHA2-128f-simple_run30,active,22.00508,5.3975,0.596298,3.218518,70.634996
SPHINCS+-SHA2-128f-simple_run30,active,22.017822,5.3925,0.595404,3.210716,70.675907
SPHINCS+-SHA2-128f-simple_run30,active,22.030567,5.39875,0.595583,3.215403,70.716888
SPHINCS+-SHA2-128f-simple_run30,active,22.043308,5.39625,0.596834,3.220668,70.757919
SPHINCS+-SHA2-128f-simple_run30,active,22.056047,5.38875,0.594689,3.204629,70.798745
SPHINCS+-SHA2-128f-simple_run30,active,22.068794,5.39375,0.595046,3.209532,70.839658
SPHINCS+-SHA2-128f-simple_run30,active,22.081541,5.39875,0.598086,3.228917,70.880815
SPHINCS+-SHA2-128f-simple_run30,active,22.094281,5.3975,0.595404,3.213693,70.921757
SPHINCS+-SHA2-128f-simple_run30,active,22.107024,5.39875,0.59594,3.217333,70.962757
SPHINCS+-SHA2-128f-simple_run30,active,22.119768,5.3975,0.594868,3.210798,71.003676
SPHINCS+-SHA2-128f-simple_run30,active,22.132521,5.3975,0.595046,3.211763,71.044636
SPHINCS+-SHA2-128f-simple_run30,active,22.145263,5.39625,0.597013,3.221632,71.085685
SPHINCS+-SHA2-128f-simple_run30,active,22.158003,5.3975,0.595583,3.214658,71.126641
SPHINCS+-SHA2-128f-simple_run30,active,22.170754,5.3875,0.595583,3.208702,71.167555
SPHINCS+-SHA2-128f-simple_run30,active,22.183501,5.3975,0.600947,3.24361,71.208901
SPHINCS+-SHA2-128f-simple_run30,active,22.196242,5.4025,0.595046,3.214738,71.24986
SPHINCS+-SHA2-128f-simple_run30,active,22.208983,5.3975,0.595583,3.214658,71.290816
SPHINCS+-SHA2-128f-simple_run30,active,22.221725,5.39625,0.596656,3.219703,71.331841
SPHINCS+-SHA2-128f-simple_run30,active,22.234471,5.395,0.595583,3.213169,71.372796
SPHINCS+-SHA2-128f-simple_run30,active,22.247212,5.395,0.594152,3.205452,71.413637
SPHINCS+-SHA2-128f-simple_run30,active,22.259951,5.395,0.595583,3.213169,71.454572
SPHINCS+-SHA2-128f-simple_run30,active,22.272699,5.39375,0.59594,3.214354,71.495547
SPHINCS+-SHA2-128f-simple_run30,active,22.285445,5.39375,0.597371,3.222069,71.536617
SPHINCS+-SHA2-128f-simple_run30,active,22.298185,5.39875,0.596298,3.219264,71.57763
SPHINCS+-SHA2-128f-simple_run30,active,22.310929,5.3975,0.595583,3.214658,71.618598
SPHINCS+-SHA2-128f-simple_run30,active,22.323671,5.3975,0.595583,3.214658,71.659558
SPHINCS+-SHA2-128f-simple_run30,active,22.336417,5.40125,0.594331,3.210131,71.700474
SPHINCS+-SHA2-128f-simple_run30,active,22.349165,5.3975,0.595583,3.214658,71.741456
SPHINCS+-SHA2-128f-simple_run30,active,22.361906,5.39625,0.594689,3.209089,71.782343
SPHINCS+-SHA2-128f-simple_run30,active,22.374657,5.38875,0.590755,3.183432,71.822933
SPHINCS+-SHA2-128f-simple_run30,active,22.387404,5.39875,0.597907,3.227951,71.864081
SPHINCS+-SHA2-128f-simple_run30,active,22.400143,5.39625,0.59594,3.215843,71.905047
SPHINCS+-SHA2-128f-simple_run30,active,22.412883,5.3975,0.596119,3.217553,71.946039
SPHINCS+-SHA2-128f-simple_run30,active,22.425624,5.395,0.593795,3.203523,71.986856
SPHINCS+-SHA2-128f-simple_run30,active,22.438364,5.3975,0.596119,3.217553,72.027846
SPHINCS+-SHA2-128f-simple_run30,active,22.451106,5.3975,0.596119,3.217553,72.068845
SPHINCS+-SHA2-128f-simple_run30,active,22.463846,5.3975,0.598086,3.228169,72.109971
SPHINCS+-SHA2-128f-simple_run30,active,22.476594,5.3925,0.590398,3.183719,72.150556
SPHINCS+-SHA2-128f-simple_run30,active,22.489338,5.3975,0.597907,3.227204,72.191685
SPHINCS+-SHA2-128f-simple_run30,active,22.50208,5.3975,0.595762,3.215623,72.232657
SPHINCS+-SHA2-128f-simple_run30,active,22.514823,5.39875,0.595225,3.213472,72.273609
SPHINCS+-SHA2-128f-simple_run30,active,22.527565,5.39875,0.596834,3.22216,72.314664
SPHINCS+-SHA2-128f-simple_run30,active,22.540349,5.39625,0.595583,3.213914,72.35575
SPHINCS+-SHA2-128f-simple_run30,active,22.553097,5.3975,0.593795,3.205007,72.396607
SPHINCS+-SHA2-128f-simple_run30,active,22.565842,5.3975,0.593616,3.204042,72.437445
SPHINCS+-SHA2-128f-simple_run30,active,22.578593,5.3875,0.593795,3.199069,72.478235
SPHINCS+-SHA2-128f-simple_run30,active,22.591338,5.3975,0.598622,3.231064,72.519414
SPHINCS+-SHA2-128f-simple_run30,active,22.604081,5.3975,0.597728,3.226239,72.560528
SPHINCS+-SHA2-128f-simple_run30,active,22.616824,5.39875,0.595583,3.215403,72.6015
SPHINCS+-SHA2-128f-simple_run30,active,22.629564,5.3975,0.595404,3.213693,72.642443
SPHINCS+-SHA2-128f-simple_run30,active,22.642303,5.39625,0.595583,3.213914,72.683386
SPHINCS+-SHA2-128f-simple_run30,active,22.655046,5.3975,0.595762,3.215623,72.724363
SPHINCS+-SHA2-128f-simple_run30,active,22.667785,5.39625,0.595762,3.214879,72.765315
SPHINCS+-SHA2-128f-simple_run30,active,22.680531,5.39625,0.595583,3.213914,72.806282
SPHINCS+-SHA2-128f-simple_run30,active,22.693278,5.39625,0.600768,3.241894,72.847605
SPHINCS+-SHA2-128f-simple_run30,active,22.706018,5.395,0.595225,3.21124,72.888517
SPHINCS+-SHA2-128f-simple_run30,active,22.71876,5.395,0.596119,3.216063,72.929495
SPHINCS+-SHA2-128f-simple_run30,active,22.731501,5.395,0.594868,3.209311,72.970387
SPHINCS+-SHA2-128f-simple_run30,active,22.744239,5.39625,0.596477,3.218738,73.011387
SPHINCS+-SHA2-128f-simple_run30,active,22.756981,5.40125,0.594331,3.210131,73.052288
SPHINCS+-SHA2-128f-simple_run30,active,22.769724,5.39875,0.595404,3.214437,73.093251
SPHINCS+-SHA2-128f-simple_run30,active,22.782479,5.3975,0.595404,3.213693,73.134241
SPHINCS+-SHA2-128f-simple_run30,active,22.795226,5.3925,0.603092,3.252176,73.175699
SPHINCS+-SHA2-128f-simple_run30,active,22.807971,5.3975,0.595046,3.211763,73.216631
SPHINCS+-SHA2-128f-simple_run30,active,22.820713,5.39625,0.595225,3.211984,73.25756
SPHINCS+-SHA2-128f-simple_run30,active,22.833454,5.39625,0.595583,3.213914,73.298505
SPHINCS+-SHA2-128f-simple_run30,active,22.846196,5.40375,0.593795,3.208719,73.339393
SPHINCS+-SHA2-128f-simple_run30,active,22.85894,5.39625,0.595404,3.212949,73.380337
SPHINCS+-SHA2-128f-simple_run30,active,22.871687,5.39875,0.595225,3.213472,73.4213
SPHINCS+-SHA2-128f-simple_run30,active,22.884445,5.3975,0.593795,3.205007,73.462189
SPHINCS+-SHA2-128f-simple_run30,active,22.897194,5.39625,0.594331,3.20716,73.503078
SPHINCS+-SHA2-128f-simple_run30,active,22.909935,5.3975,0.595583,3.214658,73.544036
SPHINCS+-SHA2-128f-simple_run30,active,22.922678,5.395,0.595046,3.210275,73.584945
SPHINCS+-SHA2-128f-simple_run30,active,22.935419,5.39625,0.589146,3.179179,73.62545
SPHINCS+-SHA2-128f-simple_run30,active,22.948159,5.395,0.595404,3.212205,73.666374
SPHINCS+-SHA2-128f-simple_run30,active,22.960899,5.39875,0.595583,3.215403,73.707338
SPHINCS+-SHA2-128f-simple_run30,active,22.973638,5.3975,0.595225,3.212728,73.748264
SPHINCS+-SHA2-128f-simple_run30,active,22.989276,5.38875,0.595225,3.20752,73.798422
SPHINCS+-SHA2-128f-simple_run30,active,23.002042,5.3975,0.595404,3.213693,73.839451
SPHINCS+-SHA2-128f-simple_run30,active,23.01479,5.39125,0.595583,3.210936,73.880382
SPHINCS+-SHA2-128f-simple_run30,active,23.027532,5.3925,0.595225,3.209752,73.921283
SPHINCS+-SHA2-128f-simple_run30,active,23.04027,5.3925,0.595404,3.210716,73.962181
SPHINCS+-SHA2-128f-simple_run30,active,23.053043,5.39875,0.59594,3.217333,74.003273
SPHINCS+-SHA2-128f-simple_run30,active,23.065783,5.39875,0.592901,3.200923,74.044055
SPHINCS+-SHA2-128f-simple_run30,active,23.078525,5.3975,0.595404,3.213693,74.085002
SPHINCS+-SHA2-128f-simple_run30,active,23.091272,5.3875,0.595583,3.208702,74.125905
SPHINCS+-SHA2-128f-simple_run30,active,23.104016,5.39625,0.60041,3.239965,74.167194
SPHINCS+-SHA2-128f-simple_run30,active,23.11676,5.39625,0.595046,3.211019,74.208116
SPHINCS+-SHA2-128f-simple_run30,active,23.129511,5.39875,0.595404,3.214437,74.249104
SPHINCS+-SHA2-128f-simple_run30,active,23.142252,5.39875,0.595225,3.213472,74.290045
SPHINCS+-SHA2-128f-simple_run30,active,23.154993,5.3975,0.597907,3.227204,74.331164
SPHINCS+-SHA2-128f-simple_run30,active,23.167768,5.39625,0.595583,3.213914,74.372221
SPHINCS+-SHA2-128f-simple_run30,active,23.180509,5.39875,0.595225,3.213472,74.413165
SPHINCS+-SHA2-128f-simple_run30,active,23.19326,5.3875,0.595583,3.208702,74.454079
SPHINCS+-SHA2-128f-simple_run30,active,23.206007,5.3975,0.597371,3.224309,74.49518
SPHINCS+-SHA2-128f-simple_run30,active,23.21875,5.395,0.596119,3.216063,74.536162
SPHINCS+-SHA2-128f-simple_run30,active,23.231493,5.3975,0.595762,3.215623,74.577137
SPHINCS+-SHA2-128f-simple_run30,active,23.244232,5.39625,0.593616,3.2033,74.617945
SPHINCS+-SHA2-128f-simple_run30,active,23.256972,5.395,0.595046,3.210275,74.658845
SPHINCS+-SHA2-128f-simple_run30,active,23.269713,5.39625,0.595404,3.212949,74.699781
SPHINCS+-SHA2-128f-simple_run30,active,23.282456,5.39625,0.595225,3.211984,74.740711
SPHINCS+-SHA2-128f-simple_run30,active,23.295204,5.3975,0.59147,3.192461,74.781406
SPHINCS+-SHA2-128f-simple_run30,active,23.307949,5.39625,0.595583,3.213914,74.822369
SPHINCS+-SHA2-128f-simple_run30,active,23.32069,5.3975,0.59594,3.216588,74.863352
SPHINCS+-SHA2-128f-simple_run30,active,23.333432,5.3975,0.595225,3.212728,74.904287
SPHINCS+-SHA2-128f-simple_run30,active,23.346172,5.4,0.596119,3.219044,74.945299
SPHINCS+-SHA2-128f-simple_run30,active,23.358914,5.39625,0.595404,3.212949,74.986239
SPHINCS+-SHA2-128f-simple_run30,active,23.371655,5.39625,0.595046,3.211019,75.027151
SPHINCS+-SHA2-128f-simple_run30,active,23.384397,5.395,0.597013,3.220886,75.068189
SPHINCS+-SHA2-128f-simple_run30,active,23.397144,5.395,0.59594,3.215098,75.109174
SPHINCS+-SHA2-128f-simple_run30,active,23.409891,5.39625,0.595583,3.213914,75.150139
SPHINCS+-SHA2-128f-simple_run30,active,23.422635,5.3975,0.595583,3.214658,75.191107
SPHINCS+-SHA2-128f-simple_run30,active,23.435374,5.38875,0.596656,3.215228,75.232068
SPHINCS+-SHA2-128f-simple_run30,active,23.448113,5.3975,0.595225,3.212728,75.272996
SPHINCS+-SHA2-128f-simple_run30,active,23.460856,5.395,0.59594,3.215098,75.313964
SPHINCS+-SHA2-128f-simple_run30,active,23.473596,5.39625,0.595762,3.214879,75.354923
SPHINCS+-SHA2-128f-simple_run30,active,23.486336,5.395,0.596477,3.217992,75.395919
SPHINCS+-SHA2-128f-simple_run30,active,23.499087,5.3975,0.595762,3.215623,75.43692
SPHINCS+-SHA2-128f-simple_run30,active,23.51183,5.39625,0.601483,3.245754,75.478284
SPHINCS+-SHA2-128f-simple_run30,active,23.524569,5.3975,0.595583,3.214658,75.519235
SPHINCS+-SHA2-128f-simple_run30,active,23.53731,5.39625,0.595583,3.213914,75.560182
SPHINCS+-SHA2-128f-simple_run30,active,23.550049,5.3975,0.595762,3.215623,75.601146
SPHINCS+-SHA2-128f-simple_run30,active,23.562791,5.39625,0.595225,3.211984,75.642074
SPHINCS+-SHA2-128f-simple_run30,active,23.575531,5.40125,0.595583,3.216892,75.683057
SPHINCS+-SHA2-128f-simple_run30,active,23.58827,5.3975,0.595404,3.213693,75.723996
SPHINCS+-SHA2-128f-simple_run30,active,23.601056,5.3975,0.595762,3.215623,75.765109
SPHINCS+-SHA2-128f-simple_run30,active,23.613801,5.39625,0.599338,3.234176,75.80633
SPHINCS+-SHA2-128f-simple_run30,active,23.626544,5.39625,0.595583,3.213914,75.847286
SPHINCS+-SHA2-128f-simple_run30,active,23.639285,5.3975,0.595404,3.213693,75.88823
SPHINCS+-SHA2-128f-simple_run30,active,23.652024,5.3975,0.595404,3.213693,75.929169
SPHINCS+-SHA2-128f-simple_run30,active,23.664764,5.39875,0.595225,3.213472,75.97011
SPHINCS+-SHA2-128f-simple_run30,active,23.677503,5.395,0.595583,3.213169,76.011042
SPHINCS+-SHA2-128f-simple_run30,active,23.690242,5.39625,0.595225,3.211984,76.051961
SPHINCS+-SHA2-128f-simple_run30,active,23.702991,5.3975,0.595404,3.213693,76.092931
SPHINCS+-SHA2-128f-simple_run30,active,23.715765,5.39625,0.593974,3.20523,76.133875
SPHINCS+-SHA2-128f-simple_run30,active,23.728506,5.3975,0.595225,3.212728,76.174807
SPHINCS+-SHA2-128f-simple_run30,active,23.741248,5.3975,0.59594,3.216588,76.215792
SPHINCS+-SHA2-128f-simple_run30,active,23.753988,5.3975,0.596477,3.219484,76.256809
SPHINCS+-SHA2-128f-simple_run30,active,23.76673,5.39875,0.601304,3.246292,76.298173
SPHINCS+-SHA2-128f-simple_run30,active,23.779471,5.39625,0.596119,3.216808,76.339159
SPHINCS+-SHA2-128f-simple_run30,active,23.792209,5.3975,0.595225,3.212728,76.380082
SPHINCS+-SHA2-128f-simple_run30,active,23.804957,5.39625,0.60041,3.239965,76.421385
SPHINCS+-SHA2-128f-simple_run30,active,23.817701,5.39625,0.595583,3.213914,76.462345
SPHINCS+-SHA2-128f-simple_run30,active,23.830443,5.395,0.595225,3.21124,76.503262
SPHINCS+-SHA2-128f-simple_run30,active,23.843186,5.39625,0.596656,3.219703,76.54429
SPHINCS+-SHA2-128f-simple_run30,active,23.855926,5.39875,0.595225,3.213472,76.585229
SPHINCS+-SHA2-128f-simple_run30,active,23.868666,5.3975,0.595404,3.213693,76.626171
SPHINCS+-SHA2-128f-simple_run30,active,23.881404,5.395,0.595583,3.213169,76.667103
SPHINCS+-SHA2-128f-simple_run30,active,23.894143,5.39625,0.597013,3.221632,76.708143
SPHINCS+-SHA2-128f-simple_run30,active,23.906891,5.39625,0.594689,3.209089,76.749053
SPHINCS+-SHA2-128f-simple_run30,active,23.919637,5.39625,0.597907,3.226457,76.790175
SPHINCS+-SHA2-128f-simple_run30,active,23.932376,5.39625,0.595404,3.212949,76.831107
SPHINCS+-SHA2-128f-simple_run30,active,23.945117,5.3925,0.597907,3.224215,76.872186
SPHINCS+-SHA2-128f-simple_run30,active,23.957861,5.39625,0.59308,3.200406,76.912972
SPHINCS+-SHA2-128f-simple_run30,active,23.970603,5.3975,0.593258,3.202112,76.953774
SPHINCS+-SHA2-128f-simple_run30,active,23.983349,5.39875,0.592901,3.200923,76.994572
SPHINCS+-SHA2-128f-simple_run30,active,23.996085,5.39625,0.596477,3.218738,77.035567
SPHINCS+-SHA2-128f-simple_run30,active,24.008833,5.39875,0.596834,3.22216,77.076643
SPHINCS+-SHA2-128f-simple_run30,active,24.021576,5.3975,0.599695,3.236855,77.117891
SPHINCS+-SHA2-128f-simple_run30,active,24.034317,5.39875,0.596298,3.219264,77.158905
SPHINCS+-SHA2-128f-simple_run30,active,24.04706,5.39625,0.596119,3.216808,77.199897
SPHINCS+-SHA2-128f-simple_run30,active,24.0598,5.4,0.595046,3.213251,77.240835
SPHINCS+-SHA2-128f-simple_run30,active,24.072542,5.3975,0.595583,3.214658,77.281796
SPHINCS+-SHA2-128f-simple_run30,active,24.085283,5.39375,0.595046,3.209532,77.322687
SPHINCS+-SHA2-128f-simple_run30,active,24.098023,5.39625,0.595762,3.214879,77.363644
SPHINCS+-SHA2-128f-simple_run30,active,24.110763,5.3925,0.595762,3.212644,77.404574
SPHINCS+-SHA2-128f-simple_run30,active,24.123516,5.395,0.600053,3.237285,77.445859
SPHINCS+-SHA2-128f-simple_run30,active,24.136255,5.39625,0.596656,3.219703,77.486875
SPHINCS+-SHA2-128f-simple_run30,active,24.148997,5.39875,0.59594,3.217333,77.52787
SPHINCS+-SHA2-128f-simple_run30,active,24.161738,5.3975,0.595225,3.212728,77.568805
SPHINCS+-SHA2-128f-simple_run30,active,24.174484,5.3925,0.594331,3.204931,77.609654
SPHINCS+-SHA2-128f-simple_run30,active,24.187225,5.39875,0.594868,3.211541,77.650571
SPHINCS+-SHA2-128f-simple_run30,active,24.199965,5.39625,0.595404,3.212949,77.691504
SPHINCS+-SHA2-128f-simple_run30,active,24.212712,5.39875,0.595583,3.215403,77.732492
SPHINCS+-SHA2-128f-simple_run30,active,24.225457,5.40125,0.597013,3.224618,77.77359
SPHINCS+-SHA2-128f-simple_run30,active,24.238198,5.39625,0.595225,3.211984,77.814514
SPHINCS+-SHA2-128f-simple_run30,active,24.25094,5.39625,0.595225,3.211984,77.855441
SPHINCS+-SHA2-128f-simple_run30,active,24.266589,5.39625,0.595404,3.212949,77.90572
SPHINCS+-SHA2-128f-simple_run30,active,24.279355,5.39625,0.595046,3.211019,77.946711
SPHINCS+-SHA2-128f-simple_run30,active,24.292095,5.39875,0.59594,3.217333,77.987701
SPHINCS+-SHA2-128f-simple_run30,active,24.304835,5.40375,0.593795,3.208719,78.02858
SPHINCS+-SHA2-128f-simple_run30,active,24.317582,5.39625,0.595762,3.214879,78.069559
SPHINCS+-SHA2-128f-simple_run30,active,24.330327,5.3975,0.59594,3.216588,78.110554
SPHINCS+-SHA2-128f-simple_run30,active,24.34307,5.395,0.595404,3.212205,78.151488
SPHINCS+-SHA2-128f-simple_run30,active,24.355809,5.4,0.595225,3.214216,78.192434
SPHINCS+-SHA2-128f-simple_run30,active,24.368547,5.39625,0.595762,3.214879,78.233387
SPHINCS+-SHA2-128f-simple_run30,active,24.381289,5.3975,0.595762,3.215623,78.274358
SPHINCS+-SHA2-128f-simple_run30,active,24.394028,5.39125,0.595583,3.210936,78.315264
SPHINCS+-SHA2-128f-simple_run30,active,24.406772,5.39625,0.596119,3.216808,78.356257
SPHINCS+-SHA2-128f-simple_run30,active,24.419518,5.39375,0.595404,3.21146,78.397191
SPHINCS+-SHA2-128f-simple_run30,active,24.43226,5.3925,0.595404,3.210716,78.438101
SPHINCS+-SHA2-128f-simple_run30,active,24.445003,5.40125,0.594689,3.212063,78.479032
SPHINCS+-SHA2-128f-simple_run30,active,24.457743,5.39625,0.59594,3.215843,78.520002
SPHINCS+-SHA2-128f-simple_run30,active,24.470484,5.39875,0.595583,3.215403,78.560972
SPHINCS+-SHA2-128f-simple_run30,active,24.483225,5.3975,0.595583,3.214658,78.601931
SPHINCS+-SHA2-128f-simple_run30,active,24.495964,5.3975,0.597192,3.223344,78.642993
SPHINCS+-SHA2-128f-simple_run30,active,24.508703,5.395,0.596477,3.217992,78.683985
SPHINCS+-SHA2-128f-simple_run30,active,24.521452,5.39625,0.59594,3.215843,78.724983
SPHINCS+-SHA2-128f-simple_run30,active,24.534195,5.3975,0.590755,3.188601,78.765616
SPHINCS+-SHA2-128f-simple_run30,active,24.546935,5.3975,0.596119,3.217553,78.806607
SPHINCS+-SHA2-128f-simple_run30,active,24.559675,5.39625,0.59594,3.215843,78.847577
SPHINCS+-SHA2-128f-simple_run30,active,24.572414,5.39625,0.595046,3.211019,78.888482
SPHINCS+-SHA2-128f-simple_run30,active,24.585155,5.395,0.599516,3.234391,78.929694
SPHINCS+-SHA2-128f-simple_run30,active,24.597895,5.3975,0.595404,3.213693,78.970634
SPHINCS+-SHA2-128f-simple_run30,active,24.610634,5.39625,0.59594,3.215843,79.011603
SPHINCS+-SHA2-128f-simple_run30,active,24.623388,5.3975,0.60041,3.240715,79.052935
SPHINCS+-SHA2-128f-simple_run30,active,24.636133,5.3975,0.595583,3.214658,79.093906
SPHINCS+-SHA2-128f-simple_run30,active,24.648875,5.39625,0.595225,3.211984,79.134833
SPHINCS+-SHA2-128f-simple_run30,active,24.661616,5.39625,0.595404,3.212949,79.175767
SPHINCS+-SHA2-128f-simple_run30,active,24.674357,5.39875,0.594152,3.20768,79.216636
SPHINCS+-SHA2-128f-simple_run30,active,24.687101,5.3975,0.595225,3.212728,79.257581
SPHINCS+-SHA2-128f-simple_run30,active,24.699841,5.39875,0.595583,3.215403,79.298543
SPHINCS+-SHA2-128f-simple_run30,active,24.712581,5.395,0.595404,3.212205,79.339467
SPHINCS+-SHA2-128f-simple_run30,active,24.725328,5.3975,0.598622,3.231064,79.380654
SPHINCS+-SHA2-128f-simple_run30,active,24.738072,5.3975,0.595404,3.213693,79.42161
SPHINCS+-SHA2-128f-simple_run30,active,24.750816,5.39625,0.59594,3.215843,79.462591
SPHINCS+-SHA2-128f-simple_run30,active,24.763557,5.3975,0.594689,3.209833,79.503489
SPHINCS+-SHA2-128f-simple_run30,active,24.776296,5.3975,0.596477,3.219484,79.544501
SPHINCS+-SHA2-128f-simple_run30,active,24.789076,5.3975,0.595046,3.211763,79.585547
SPHINCS+-SHA2-128f-simple_run30,active,24.801817,5.39625,0.595583,3.213914,79.626496
SPHINCS+-SHA2-128f-simple_run30,active,24.814559,5.39,0.594689,3.205373,79.66734
SPHINCS+-SHA2-128f-simple_run30,active,24.827308,5.395,0.595583,3.213169,79.708303
SPHINCS+-SHA2-128f-simple_run30,active,24.840052,5.39625,0.595583,3.213914,79.749261
SPHINCS+-SHA2-128f-simple_run30,active,24.852792,5.39625,0.59594,3.215843,79.790232
SPHINCS+-SHA2-128f-simple_run30,active,24.865533,5.395,0.594689,3.208346,79.83111
SPHINCS+-SHA2-128f-simple_run30,active,24.878274,5.3975,0.595583,3.214658,79.872066
SPHINCS+-SHA2-128f-simple_run30,active,24.891015,5.3975,0.595583,3.214658,79.913027
SPHINCS+-SHA2-128f-simple_run30,active,24.903759,5.3975,0.59594,3.216588,79.954018
SPHINCS+-SHA2-128f-simple_run30,active,24.9165,5.3975,0.595404,3.213693,79.994962
SPHINCS+-SHA2-128f-simple_run30,active,24.929246,5.3975,0.595583,3.214658,80.035936
SPHINCS+-SHA2-128f-simple_run30,active,24.941991,5.39625,0.595225,3.211984,80.076875
SPHINCS+-SHA2-128f-simple_run30,active,24.954734,5.39625,0.592543,3.197511,80.117621
SPHINCS+-SHA2-128f-simple_run30,active,24.967476,5.3975,0.595583,3.214658,80.158582
SPHINCS+-SHA2-128f-simple_run30,active,24.980215,5.39625,0.595583,3.213914,80.199523
SPHINCS+-SHA2-128f-simple_run30,active,24.992956,5.39625,0.595583,3.213914,80.240472
SPHINCS+-SHA2-128f-simple_run30,active,25.005696,5.39625,0.595404,3.212949,80.281405
SPHINCS+-SHA2-128f-simple_run30,active,25.018439,5.39625,0.595762,3.214879,80.32237
SPHINCS+-SHA2-128f-simple_run30,active,25.031188,5.39625,0.595583,3.213914,80.363347
SPHINCS+-SHA2-128f-simple_run30,active,25.04393,5.3975,0.600589,3.24168,80.404653
SPHINCS+-SHA2-128f-simple_run30,active,25.056672,5.39875,0.595404,3.214437,80.445609
SPHINCS+-SHA2-128f-simple_run30,active,25.069412,5.3975,0.596477,3.219484,80.486625
SPHINCS+-SHA2-128f-simple_run30,active,25.082151,5.39625,0.595404,3.212949,80.527556
SPHINCS+-SHA2-128f-simple_run30,active,25.094894,5.39625,0.592901,3.199441,80.568326
SPHINCS+-SHA2-128f-simple_run30,active,25.107635,5.39625,0.595225,3.211984,80.609251
SPHINCS+-SHA2-128f-simple_run30,active,25.120378,5.39625,0.595583,3.213914,80.650204
SPHINCS+-SHA2-128f-simple_run30,active,25.133136,5.39625,0.595762,3.214879,80.691221
SPHINCS+-SHA2-128f-simple_run30,active,25.145882,5.395,0.600947,3.242108,80.732545
SPHINCS+-SHA2-128f-simple_run30,active,25.158627,5.39625,0.596119,3.216808,80.773543
SPHINCS+-SHA2-128f-simple_run30,active,25.17137,5.395,0.595225,3.21124,80.814463
SPHINCS+-SHA2-128f-simple_run30,active,25.184165,5.39625,0.601483,3.245754,80.855992
SPHINCS+-SHA2-128f-simple_run30,active,25.196938,5.39625,0.595583,3.213914,80.897043
SPHINCS+-SHA2-128f-simple_run30,active,25.20968,5.3975,0.595404,3.213693,80.937992
SPHINCS+-SHA2-128f-simple_run30,active,25.222464,5.39875,0.595583,3.215403,80.979097
SPHINCS+-SHA2-128f-simple_run30,active,25.23522,5.39625,0.592364,3.196546,81.019873
SPHINCS+-SHA2-128f-simple_run30,active,25.247965,5.39375,0.595225,3.210496,81.06079
SPHINCS+-SHA2-128f-simple_run30,active,25.260707,5.395,0.595762,3.214134,81.101745
SPHINCS+-SHA2-128f-simple_run30,active,25.273447,5.39625,0.594152,3.206195,81.142594
SPHINCS+-SHA2-128f-simple_run30,active,25.286186,5.40125,0.595762,3.217857,81.183586
SPHINCS+-SHA2-128f-simple_run30,active,25.298928,5.3975,0.596477,3.219484,81.224609
SPHINCS+-SHA2-128f-simple_run30,active,25.311669,5.3975,0.596834,3.221414,81.265653
SPHINCS+-SHA2-128f-simple_run30,active,25.324408,5.395,0.594331,3.206417,81.306499
SPHINCS+-SHA2-128f-simple_run30,active,25.337156,5.39375,0.596656,3.218211,81.347524
SPHINCS+-SHA2-128f-simple_run30,active,25.349902,5.395,0.595583,3.213169,81.38848
SPHINCS+-SHA2-128f-simple_run30,active,25.362643,5.3975,0.595404,3.213693,81.429425
SPHINCS+-SHA2-128f-simple_run30,active,25.375385,5.39625,0.595583,3.213914,81.470377
SPHINCS+-SHA2-128f-simple_run30,active,25.388126,5.39625,0.595583,3.213914,81.511324
SPHINCS+-SHA2-128f-simple_run30,active,25.400864,5.3975,0.595404,3.213693,81.552263
SPHINCS+-SHA2-128f-simple_run30,active,25.413606,5.395,0.59594,3.215098,81.593229
SPHINCS+-SHA2-128f-simple_run30,active,25.426348,5.39375,0.59594,3.214354,81.634185
SPHINCS+-SHA2-128f-simple_run30,active,25.439096,5.3975,0.595583,3.214658,81.675165
SPHINCS+-SHA2-128f-simple_run30,active,25.451841,5.3975,0.595762,3.215623,81.716148
SPHINCS+-SHA2-128f-simple_run30,active,25.464581,5.4,0.597371,3.225802,81.757246
SPHINCS+-SHA2-128f-simple_run30,active,25.47732,5.3975,0.595762,3.215623,81.798211
SPHINCS+-SHA2-128f-simple_run30,active,25.490061,5.39875,0.595583,3.215403,81.839175
SPHINCS+-SHA2-128f-simple_run30,active,25.502801,5.39625,0.59594,3.215843,81.880146
SPHINCS+-SHA2-128f-simple_run30,active,25.515539,5.395,0.594152,3.205452,81.920976
SPHINCS+-SHA2-128f-simple_run30,active,25.528276,5.3975,0.597371,3.224309,81.962046
SPHINCS+-SHA2-128f-simple_run30,active,25.543956,5.39375,0.597907,3.224962,82.012615
SPHINCS+-SHA2-128f-simple_run30,active,25.55672,5.39625,0.595225,3.211984,82.053612
SPHINCS+-SHA2-128f-simple_run30,active,25.569463,5.39625,0.596119,3.216808,82.094603
SPHINCS+-SHA2-128f-simple_run30,active,25.582205,5.3975,0.595404,3.213693,82.13555
SPHINCS+-SHA2-128f-simple_run30,active,25.594947,5.39875,0.595762,3.216368,82.176535
SPHINCS+-SHA2-128f-simple_run30,active,25.607688,5.39375,0.595583,3.212425,82.217465
SPHINCS+-SHA2-128f-simple_run30,active,25.620429,5.39625,0.595046,3.211019,82.258377
SPHINCS+-SHA2-128f-simple_run30,active,25.633169,5.4,0.595046,3.213251,82.299311
SPHINCS+-SHA2-128f-simple_run30,active,25.645913,5.4,0.595762,3.217113,82.34031
SPHINCS+-SHA2-128f-simple_run30,active,25.65866,5.3975,0.59594,3.216588,82.381314
SPHINCS+-SHA2-128f-simple_run30,active,25.6714,5.39625,0.594331,3.20716,82.422173
SPHINCS+-SHA2-128f-simple_run30,active,25.684137,5.3925,0.595046,3.208788,82.463041
SPHINCS+-SHA2-128f-simple_run30,active,25.696873,5.3975,0.59451,3.208868,82.503911
SPHINCS+-SHA2-128f-simple_run30,active,25.709611,5.39625,0.595225,3.211984,82.544825
SPHINCS+-SHA2-128f-simple_run30,active,25.722349,5.3975,0.59594,3.216588,82.585798
SPHINCS+-SHA2-128f-simple_run30,active,25.735088,5.3975,0.59594,3.216588,82.626773
SPHINCS+-SHA2-128f-simple_run30,active,25.747831,5.3975,0.594689,3.209833,82.667676
SPHINCS+-SHA2-128f-simple_run30,active,25.760575,5.3975,0.595225,3.212728,82.708621
SPHINCS+-SHA2-128f-simple_run30,active,25.773313,5.39625,0.595583,3.213914,82.74956
SPHINCS+-SHA2-128f-simple_run30,active,25.786051,5.39625,0.595583,3.213914,82.790497
SPHINCS+-SHA2-128f-simple_run30,active,25.798791,5.39625,0.596477,3.218738,82.831504
SPHINCS+-SHA2-128f-simple_run30,active,25.81153,5.39625,0.596834,3.220668,82.872533
SPHINCS+-SHA2-128f-simple_run30,active,25.824268,5.3975,0.595762,3.215623,82.913493
SPHINCS+-SHA2-128f-simple_run30,active,25.837044,5.3975,0.595583,3.214658,82.954563
SPHINCS+-SHA2-128f-simple_run30,active,25.849791,5.39875,0.59594,3.217333,82.995574
SPHINCS+-SHA2-128f-simple_run30,active,25.862538,5.39625,0.595404,3.212949,83.036529
SPHINCS+-SHA2-128f-simple_run30,active,25.875278,5.3975,0.596298,3.218518,83.077535
SPHINCS+-SHA2-128f-simple_run30,active,25.888015,5.3975,0.595404,3.213693,83.118467
SPHINCS+-SHA2-128f-simple_run30,active,25.900754,5.3975,0.595404,3.213693,83.159408
SPHINCS+-SHA2-128f-simple_run30,active,25.913493,5.39875,0.59898,3.233743,83.200602
SPHINCS+-SHA2-128f-simple_run30,active,25.926235,5.39625,0.595583,3.213914,83.241552
SPHINCS+-SHA2-128f-simple_run30,active,25.938981,5.39875,0.595404,3.214437,83.282524
SPHINCS+-SHA2-128f-simple_run30,active,25.951758,5.3975,0.59594,3.216588,83.323621
SPHINCS+-SHA2-128f-simple_run30,active,25.964503,5.3975,0.595046,3.211763,83.364556
SPHINCS+-SHA2-128f-simple_run30,active,25.977242,5.3975,0.595762,3.215623,83.40552
SPHINCS+-SHA2-128f-simple_run30,active,25.98998,5.3975,0.594868,3.210798,83.446421
SPHINCS+-SHA2-128f-simple_run30,active,26.002724,5.39625,0.596119,3.216808,83.487413
SPHINCS+-SHA2-128f-simple_run30,active,26.015464,5.3975,0.595583,3.214658,83.528368
SPHINCS+-SHA2-128f-simple_run30,active,26.0282,5.39625,0.595404,3.212949,83.569289
SPHINCS+-SHA2-128f-simple_run30,active,26.040938,5.3975,0.595225,3.212728,83.610213
SPHINCS+-SHA2-128f-simple_run30,active,26.053683,5.3975,0.602377,3.251331,83.65165
SPHINCS+-SHA2-128f-simple_run30,active,26.066465,5.39625,0.596477,3.218738,83.692792
SPHINCS+-SHA2-128f-simple_run30,active,26.07921,5.39625,0.595583,3.213914,83.733756
SPHINCS+-SHA2-128f-simple_run30,active,26.091946,5.3975,0.595225,3.212728,83.774673
SPHINCS+-SHA2-128f-simple_run30,active,26.104686,5.3975,0.595762,3.215623,83.815637
SPHINCS+-SHA2-128f-simple_run30,active,26.117428,5.395,0.595762,3.214134,83.856593
SPHINCS+-SHA2-128f-simple_run30,active,26.130182,5.39625,0.59594,3.215843,83.897607
SPHINCS+-SHA2-128f-simple_run30,active,26.142925,5.3975,0.595583,3.214658,83.938574
SPHINCS+-SHA2-128f-simple_run30,active,26.155673,5.405,0.595225,3.217192,83.979584
SPHINCS+-SHA2-128f-simple_run30,active,26.168417,5.3975,0.595762,3.215623,84.020564
SPHINCS+-SHA2-128f-simple_run30,active,26.181158,5.4,0.595583,3.216147,84.061542
SPHINCS+-SHA2-128f-simple_run30,active,26.193901,5.395,0.595583,3.213169,84.102487
SPHINCS+-SHA2-128f-simple_run30,active,26.206646,5.39625,0.595762,3.214879,84.143461
SPHINCS+-SHA2-128f-simple_run30,active,26.219389,5.39625,0.595583,3.213914,84.184415
SPHINCS+-SHA2-128f-simple_run30,active,26.232127,5.3975,0.595583,3.214658,84.225363
SPHINCS+-SHA2-128f-simple_run30,active,26.244867,5.4025,0.596298,3.2215,84.266405
SPHINCS+-SHA2-128f-simple_run30,active,26.257613,5.3975,0.595762,3.215623,84.307393
SPHINCS+-SHA2-128f-simple_run30,active,26.270359,5.3975,0.595762,3.215623,84.348379
SPHINCS+-SHA2-128f-simple_run30,active,26.283102,5.39,0.600589,3.237176,84.389631
SPHINCS+-SHA2-128f-simple_run30,active,26.295841,5.39625,0.595583,3.213914,84.430571
SPHINCS+-SHA2-128f-simple_run30,active,26.30858,5.39625,0.595225,3.211984,84.47149
SPHINCS+-SHA2-128f-simple_run30,active,26.32132,5.39625,0.595762,3.214879,84.512446
SPHINCS+-SHA2-128f-simple_run30,active,26.334058,5.4,0.597728,3.227733,84.553561
SPHINCS+-SHA2-128f-simple_run30,active,26.346798,5.3975,0.59594,3.216588,84.594541
SPHINCS+-SHA2-128f-simple_run30,active,26.359545,5.3975,0.59594,3.216588,84.635544
SPHINCS+-SHA2-128f-simple_run30,active,26.372291,5.39625,0.595583,3.213914,84.676506
SPHINCS+-SHA2-128f-simple_run30,active,26.385068,5.3975,0.598622,3.231064,84.717793
SPHINCS+-SHA2-128f-simple_run30,active,26.397807,5.39875,0.595404,3.214437,84.758741
SPHINCS+-SHA2-128f-simple_run30,active,26.410549,5.39625,0.59594,3.215843,84.799715
SPHINCS+-SHA2-128f-simple_run30,active,26.423288,5.39625,0.596834,3.220668,84.840744
SPHINCS+-SHA2-128f-simple_run30,active,26.436024,5.3975,0.595583,3.214658,84.881685
SPHINCS+-SHA2-128f-simple_run30,active,26.448764,5.39625,0.595404,3.212949,84.922619
SPHINCS+-SHA2-128f-simple_run30,active,26.461511,5.39625,0.595583,3.213914,84.963588
SPHINCS+-SHA2-128f-simple_run30,active,26.474255,5.39625,0.59451,3.208125,85.00447
SPHINCS+-SHA2-128f-simple_run30,active,26.486997,5.3975,0.595583,3.214658,85.045433
SPHINCS+-SHA2-128f-simple_run30,active,26.499767,5.39625,0.595762,3.214879,85.086486
SPHINCS+-SHA2-128f-simple_run30,active,26.512508,5.3975,0.597013,3.222379,85.127542
SPHINCS+-SHA2-128f-simple_run30,active,26.525248,5.395,0.596298,3.217028,85.168528
SPHINCS+-SHA2-128f-simple_run30,active,26.537988,5.39625,0.595762,3.214879,85.209486
SPHINCS+-SHA2-128f-simple_run30,active,26.550731,5.3975,0.595762,3.215623,85.25046
SPHINCS+-SHA2-128f-simple_run30,active,26.563477,5.39875,0.592543,3.198993,85.291238
SPHINCS+-SHA2-128f-simple_run30,active,26.57622,5.38875,0.59594,3.211374,85.332158
SPHINCS+-SHA2-128f-simple_run30,active,26.588961,5.3975,0.596119,3.217553,85.373154
SPHINCS+-SHA2-128f-simple_run30,active,26.6017,5.39625,0.597013,3.221632,85.414194
SPHINCS+-SHA2-128f-simple_run30,active,26.614442,5.4025,0.597013,3.225364,85.455291
SPHINCS+-SHA2-128f-simple_run30,active,26.627182,5.39625,0.597013,3.221632,85.496334
SPHINCS+-SHA2-128f-simple_run30,active,26.639925,5.39625,0.59594,3.215843,85.537315
SPHINCS+-SHA2-128f-simple_run30,active,26.652666,5.3975,0.590755,3.188601,85.57794
SPHINCS+-SHA2-128f-simple_run30,active,26.665413,5.395,0.595583,3.213169,85.618899
SPHINCS+-SHA2-128f-simple_run30,active,26.678157,5.38375,0.59594,3.208394,85.659786
SPHINCS+-SHA2-128f-simple_run30,active,26.6909,5.39625,0.595404,3.212949,85.700728
SPHINCS+-SHA2-128f-simple_run30,active,26.703642,5.3975,0.595583,3.214658,85.741689
SPHINCS+-SHA2-128f-simple_run30,active,26.71638,5.3975,0.595583,3.214658,85.782639
SPHINCS+-SHA2-128f-simple_run30,active,26.729122,5.3975,0.594689,3.209833,85.823537
SPHINCS+-SHA2-128f-simple_run30,active,26.741862,5.39625,0.595762,3.214879,85.864497
SPHINCS+-SHA2-128f-simple_run30,active,26.754603,5.39375,0.596119,3.215318,85.905464
SPHINCS+-SHA2-128f-simple_run30,active,26.767351,5.3975,0.595225,3.212728,85.946417
SPHINCS+-SHA2-128f-simple_run30,active,26.780094,5.395,0.595762,3.214134,85.987375
SPHINCS+-SHA2-128f-simple_run30,active,26.792834,5.39125,0.595583,3.210936,86.028283
SPHINCS+-SHA2-128f-simple_run30,active,26.805573,5.39375,0.597013,3.22014,86.069304
SPHINCS+-SHA2-128f-simple_run30,active,26.821199,5.3925,0.595225,3.209752,86.11946
SPHINCS+-SHA2-128f-simple_run30,active,26.833972,5.39625,0.59898,3.232246,86.160746
SPHINCS+-SHA2-128f-simple_run30,active,26.84672,5.39625,0.595762,3.214879,86.201729
SPHINCS+-SHA2-128f-simple_run30,active,26.859461,5.405,0.595583,3.219125,86.242742
SPHINCS+-SHA2-128f-simple_run30,active,26.872208,5.39625,0.595583,3.213914,86.283712
SPHINCS+-SHA2-128f-simple_run30,active,26.884954,5.39625,0.59594,3.215843,86.324702
SPHINCS+-SHA2-128f-simple_run30,active,26.897695,5.3975,0.595583,3.214658,86.365659
SPHINCS+-SHA2-128f-simple_run30,active,26.910437,5.39625,0.595762,3.214879,86.406623
SPHINCS+-SHA2-128f-simple_run30,active,26.923177,5.3925,0.594152,3.203967,86.447442
SPHINCS+-SHA2-128f-simple_run30,active,26.935915,5.39625,0.595762,3.214879,86.488391
SPHINCS+-SHA2-128f-simple_run30,active,26.948653,5.39875,0.595583,3.215403,86.529349
SPHINCS+-SHA2-128f-simple_run30,active,26.961392,5.39625,0.595404,3.212949,86.570279
SPHINCS+-SHA2-128f-simple_run30,active,26.974138,5.4,0.595225,3.214216,86.611249
SPHINCS+-SHA2-128f-simple_run30,active,26.986887,5.395,0.598801,3.230532,86.652435
SPHINCS+-SHA2-128f-simple_run30,active,26.999627,5.3975,0.595583,3.214658,86.693388
SPHINCS+-SHA2-128f-simple_run30,active,27.012364,5.39125,0.595583,3.210936,86.734286
SPHINCS+-SHA2-128f-simple_run30,active,27.025102,5.39625,0.59594,3.215843,86.775251
SPHINCS+-SHA2-128f-simple_run30,active,27.037842,5.39625,0.596119,3.216808,86.816232
SPHINCS+-SHA2-128f-simple_run30,active,27.050582,5.39625,0.595583,3.213914,86.857178
SPHINCS+-SHA2-128f-simple_run30,active,27.063323,5.385,0.595583,3.207213,86.89804
SPHINCS+-SHA2-128f-simple_run30,active,27.076067,5.395,0.59594,3.215098,86.939013
SPHINCS+-SHA2-128f-simple_run30,active,27.088811,5.3975,0.595583,3.214658,86.979981
SPHINCS+-SHA2-128f-simple_run30,active,27.101552,5.39625,0.596656,3.219703,87.021003
SPHINCS+-SHA2-128f-simple_run30,active,27.114293,5.39875,0.594868,3.211541,87.061921
SPHINCS+-SHA2-128f-simple_run30,active,27.127045,5.3975,0.59594,3.216588,87.10294
SPHINCS+-SHA2-128f-simple_run30,active,27.139784,5.395,0.595762,3.214134,87.143884
SPHINCS+-SHA2-128f-simple_run30,active,27.152523,5.40125,0.595583,3.216892,87.184866
SPHINCS+-SHA2-128f-simple_run30,active,27.165262,5.39625,0.597728,3.225492,87.225955
SPHINCS+-SHA2-128f-simple_run30,active,27.178012,5.39625,0.595583,3.213914,87.266933
SPHINCS+-SHA2-128f-simple_run30,active,27.190762,5.395,0.595404,3.212205,87.307887
SPHINCS+-SHA2-128f-simple_run30,active,27.203503,5.3975,0.590219,3.185706,87.348476
SPHINCS+-SHA2-128f-simple_run30,active,27.216242,5.39625,0.595225,3.211984,87.389393
SPHINCS+-SHA2-128f-simple_run30,active,27.228982,5.3975,0.595762,3.215623,87.430361
SPHINCS+-SHA2-128f-simple_run30,active,27.241723,5.39625,0.594689,3.209089,87.471248
SPHINCS+-SHA2-128f-simple_run30,active,27.254464,5.39625,0.59755,3.224527,87.512331
SPHINCS+-SHA2-128f-simple_run30,active,27.267204,5.39625,0.595225,3.211984,87.553251
SPHINCS+-SHA2-128f-simple_run30,active,27.279947,5.39625,0.595225,3.211984,87.594182
SPHINCS+-SHA2-128f-simple_run30,active,27.292691,5.39625,0.597728,3.225492,87.635287
SPHINCS+-SHA2-128f-simple_run30,active,27.305432,5.395,0.595404,3.212205,87.676214
SPHINCS+-SHA2-128f-simple_run30,active,27.318171,5.3975,0.595046,3.211763,87.717129
SPHINCS+-SHA2-128f-simple_run30,active,27.330913,5.39625,0.59594,3.215843,87.758107
SPHINCS+-SHA2-128f-simple_run30,active,27.343655,5.39625,0.597371,3.223562,87.79918
SPHINCS+-SHA2-128f-simple_run30,active,27.356392,5.3975,0.596298,3.218518,87.840175
SPHINCS+-SHA2-128f-simple_run30,active,27.369131,5.39625,0.596656,3.219703,87.881191
SPHINCS+-SHA2-128f-simple_run30,active,27.381877,5.3975,0.596656,3.220449,87.922237
SPHINCS+-SHA2-128f-simple_run30,active,27.394623,5.39625,0.595583,3.213914,87.963202
SPHINCS+-SHA2-128f-simple_run30,active,27.407364,5.39625,0.596119,3.216808,88.004188
SPHINCS+-SHA2-128f-simple_run30,active,27.420103,5.3975,0.595583,3.214658,88.045138
SPHINCS+-SHA2-128f-simple_run30,active,27.432842,5.395,0.59755,3.22378,88.086207
SPHINCS+-SHA2-128f-simple_run30,active,27.445583,5.39625,0.59594,3.215843,88.127179
SPHINCS+-SHA2-128f-simple_run30,active,27.458322,5.39625,0.59594,3.215843,88.168146
SPHINCS+-SHA2-128f-simple_run30,active,27.471068,5.39625,0.595762,3.214879,88.209123
SPHINCS+-SHA2-128f-simple_run30,active,27.483815,5.395,0.596656,3.218957,88.250156
SPHINCS+-SHA2-128f-simple_run30,active,27.496561,5.38125,0.595762,3.205942,88.29102
SPHINCS+-SHA2-128f-simple_run30,active,27.509304,5.39625,0.59594,3.215843,88.331997
SPHINCS+-SHA2-128f-simple_run30,active,27.522043,5.39625,0.595404,3.212949,88.372928
SPHINCS+-SHA2-128f-simple_run30,active,27.534785,5.4025,0.594689,3.212806,88.413866
SPHINCS+-SHA2-128f-simple_run30,active,27.547525,5.39625,0.600947,3.242859,88.455178
SPHINCS+-SHA2-128f-simple_run30,active,27.560263,5.39625,0.595762,3.214879,88.496131
SPHINCS+-SHA2-128f-simple_run30,active,27.573006,5.395,0.595225,3.21124,88.537051
SPHINCS+-SHA2-128f-simple_run30,active,27.585751,5.39875,0.595762,3.216368,88.578045
SPHINCS+-SHA2-128f-simple_run30,active,27.598499,5.395,0.595583,3.213169,88.619004
SPHINCS+-SHA2-128f-simple_run30,active,27.611239,5.4,0.595046,3.213251,88.659943
SPHINCS+-SHA2-128f-simple_run30,active,27.623978,5.395,0.598265,3.227639,88.70106
SPHINCS+-SHA2-128f-simple_run30,active,27.636718,5.39625,0.595762,3.214879,88.742016
SPHINCS+-SHA2-128f-simple_run30,active,27.649457,5.39625,0.595404,3.212949,88.782948
SPHINCS+-SHA2-128f-simple_run30,active,27.662198,5.39625,0.596477,3.218738,88.823955
SPHINCS+-SHA2-128f-simple_run30,active,27.67494,5.39625,0.595225,3.211984,88.864883
SPHINCS+-SHA2-128f-simple_run30,active,27.687686,5.39875,0.595225,3.213472,88.905843
SPHINCS+-SHA2-128f-simple_run30,active,27.70043,5.38625,0.595583,3.207958,88.946724
SPHINCS+-SHA2-128f-simple_run30,active,27.71317,5.4,0.595404,3.215182,88.987686
SPHINCS+-SHA2-128f-simple_run30,active,27.72591,5.3975,0.595583,3.214658,89.028642
SPHINCS+-SHA2-128f-simple_run30,active,27.738652,5.39625,0.595404,3.212949,89.069581
SPHINCS+-SHA2-128f-simple_run30,active,27.751392,5.39625,0.595583,3.213914,89.110527
SPHINCS+-SHA2-128f-simple_run30,active,27.764128,5.39625,0.596298,3.217773,89.151509
SPHINCS+-SHA2-128f-simple_run30,active,27.776867,5.3975,0.595762,3.215623,89.192473
SPHINCS+-SHA2-128f-simple_run30,active,27.789614,5.3975,0.595583,3.214658,89.233448
SPHINCS+-SHA2-128f-simple_run30,active,27.802361,5.38875,0.59594,3.211374,89.274382
SPHINCS+-SHA2-128f-simple_run30,active,27.815103,5.39625,0.59594,3.215843,89.315359
SPHINCS+-SHA2-128f-simple_run30,active,27.827841,5.39875,0.595583,3.215403,89.356319
SPHINCS+-SHA2-128f-simple_run30,active,27.840579,5.39625,0.595583,3.213914,89.397258
SPHINCS+-SHA2-128f-simple_run30,active,27.853319,5.39625,0.598265,3.228386,89.438385
SPHINCS+-SHA2-128f-simple_run30,active,27.866059,5.3975,0.595583,3.214658,89.479341
SPHINCS+-SHA2-128f-simple_run30,active,27.8788,5.39625,0.59594,3.215843,89.520315
SPHINCS+-SHA2-128f-simple_run30,active,27.891546,5.39625,0.597728,3.225492,89.561426
SPHINCS+-SHA2-128f-simple_run30,active,27.904287,5.3875,0.595046,3.205812,89.602271
SPHINCS+-SHA2-128f-simple_run30,active,27.917071,5.3975,0.596119,3.217553,89.643405
SPHINCS+-SHA2-128f-simple_run30,active,27.929813,5.395,0.596119,3.216063,89.684383
SPHINCS+-SHA2-128f-simple_run30,active,27.942554,5.395,0.588788,3.176513,89.724856
SPHINCS+-SHA2-128f-simple_run30,active,27.955296,5.3975,0.595225,3.212728,89.765791
SPHINCS+-SHA2-128f-simple_run30,active,27.968035,5.3975,0.595762,3.215623,89.806755
SPHINCS+-SHA2-128f-simple_run30,active,27.980779,5.39875,0.595225,3.213472,89.847708
SPHINCS+-SHA2-128f-simple_run30,active,27.993526,5.39125,0.600053,3.235035,89.888946
SPHINCS+-SHA2-128f-simple_run30,active,28.006275,5.385,0.595583,3.207213,89.929834
SPHINCS+-SHA2-128f-simple_run30,active,28.019019,5.39625,0.595225,3.211984,89.970768
SPHINCS+-SHA2-128f-simple_run30,active,28.03176,5.3975,0.596477,3.219484,90.011786
SPHINCS+-SHA2-128f-simple_run30,active,28.044498,5.395,0.597907,3.225709,90.052878
SPHINCS+-SHA2-128f-simple_run30,active,28.057238,5.39625,0.595583,3.213914,90.093823
SPHINCS+-SHA2-128f-simple_run30,active,28.069979,5.3975,0.595583,3.214658,90.134778
SPHINCS+-SHA2-128f-simple_run30,active,28.08272,5.3975,0.596477,3.219484,90.175799
SPHINCS+-SHA2-128f-simple_run30,active,28.098315,5.39625,0.596119,3.216808,90.225966
SPHINCS+-SHA2-128f-simple_run30,active,28.111075,5.39375,0.59594,3.214354,90.26698
SPHINCS+-SHA2-128f-simple_run30,active,28.123827,5.395,0.595404,3.212205,90.307943
SPHINCS+-SHA2-128f-simple_run30,active,28.136568,5.39625,0.596119,3.216808,90.348927
SPHINCS+-SHA2-128f-simple_run30,active,28.149308,5.3975,0.595762,3.215623,90.389896
SPHINCS+-SHA2-128f-simple_run30,active,28.162049,5.3975,0.592186,3.196322,90.43062
SPHINCS+-SHA2-128f-simple_run30,active,28.174792,5.3975,0.595583,3.214658,90.471583
SPHINCS+-SHA2-128f-simple_run30,active,28.187534,5.3975,0.595583,3.214658,90.512545
SPHINCS+-SHA2-128f-simple_run30,active,28.20028,5.395,0.594689,3.208346,90.553438
SPHINCS+-SHA2-128f-simple_run30,active,28.213078,5.3925,0.596298,3.215537,90.594589
SPHINCS+-SHA2-128f-simple_run30,active,28.22582,5.39625,0.595583,3.213914,90.635542
SPHINCS+-SHA2-128f-simple_run30,active,28.238561,5.39625,0.596119,3.216808,90.676527
SPHINCS+-SHA2-128f-simple_run30,active,28.251301,5.39625,0.595583,3.213914,90.717474
SPHINCS+-SHA2-128f-simple_run30,active,28.26404,5.39625,0.59755,3.224527,90.758549
SPHINCS+-SHA2-128f-simple_run30,active,28.276778,5.3975,0.596119,3.217553,90.799537
SPHINCS+-SHA2-128f-simple_run30,active,28.289517,5.39625,0.59594,3.215843,90.840503
SPHINCS+-SHA2-128f-simple_run30,active,28.302261,5.395,0.593616,3.202558,90.881317
SPHINCS+-SHA2-128f-simple_run30,active,28.315008,5.38625,0.595404,3.206995,90.922195
SPHINCS+-SHA2-128f-simple_run30,active,28.32775,5.3975,0.595762,3.215623,90.963167
SPHINCS+-SHA2-128f-simple_run30,active,28.340488,5.3975,0.595762,3.215623,91.004129
SPHINCS+-SHA2-128f-simple_run30,active,28.353227,5.39875,0.596119,3.218299,91.045129
SPHINCS+-SHA2-128f-simple_run30,active,28.365967,5.39625,0.596298,3.217773,91.086122
SPHINCS+-SHA2-128f-simple_run30,active,28.37871,5.39625,0.595225,3.211984,91.127053
SPHINCS+-SHA2-128f-simple_run30,active,28.391452,5.3975,0.596656,3.220449,91.168087
SPHINCS+-SHA2-128f-simple_run30,active,28.404197,5.3975,0.59755,3.225274,91.209193
SPHINCS+-SHA2-128f-simple_run30,active,28.416943,5.3875,0.595225,3.206776,91.250067
SPHINCS+-SHA2-128f-simple_run30,active,28.429684,5.39875,0.595583,3.215403,91.291032
SPHINCS+-SHA2-128f-simple_run30,active,28.442454,5.39875,0.595225,3.213472,91.332071
SPHINCS+-SHA2-128f-simple_run30,active,28.4552,5.3975,0.59594,3.216588,91.373069
SPHINCS+-SHA2-128f-simple_run30,active,28.467939,5.39625,0.595225,3.211984,91.413986
SPHINCS+-SHA2-128f-simple_run30,active,28.480675,5.39625,0.595225,3.211984,91.454895
SPHINCS+-SHA2-128f-simple_run30,active,28.493421,5.38625,0.595225,3.206032,91.495758
SPHINCS+-SHA2-128f-simple_run30,active,28.50617,5.3975,0.595404,3.213693,91.536728
SPHINCS+-SHA2-128f-simple_run30,active,28.518919,5.3875,0.596298,3.212555,91.577685
SPHINCS+-SHA2-128f-simple_run30,active,28.531659,5.395,0.595404,3.212205,91.61861
SPHINCS+-SHA2-128f-simple_run30,active,28.5444,5.395,0.595046,3.210275,91.659511
SPHINCS+-SHA2-128f-simple_run30,active,28.55714,5.3975,0.59594,3.216588,91.700491
SPHINCS+-SHA2-128f-simple_run30,active,28.56988,5.3975,0.595583,3.214658,91.741445
SPHINCS+-SHA2-128f-simple_run30,active,28.582622,5.3975,0.590934,3.189566,91.782086
SPHINCS+-SHA2-128f-simple_run30,active,28.595362,5.39875,0.595225,3.213472,91.823026
SPHINCS+-SHA2-128f-simple_run30,active,28.608107,5.3975,0.595762,3.215623,91.864009
SPHINCS+-SHA2-128f-simple_run30,active,28.620853,5.38625,0.595583,3.207958,91.904899
SPHINCS+-SHA2-128f-simple_run30,active,28.633593,5.3975,0.596298,3.218518,91.945903
SPHINCS+-SHA2-128f-simple_run30,active,28.646333,5.39625,0.595583,3.213914,91.986849
SPHINCS+-SHA2-128f-simple_run30,active,28.65908,5.3975,0.596477,3.219484,92.027886
SPHINCS+-SHA2-128f-simple_run30,active,28.671819,5.39625,0.592007,3.194617,92.068582
SPHINCS+-SHA2-128f-simple_run30,active,28.684559,5.3975,0.595583,3.214658,92.109538
SPHINCS+-SHA2-128f-simple_run30,active,28.697299,5.39625,0.59594,3.215843,92.150506
SPHINCS+-SHA2-128f-simple_run30,active,28.710045,5.395,0.595583,3.213169,92.191464
SPHINCS+-SHA2-128f-simple_run30,active,28.722793,5.385,0.595046,3.204325,92.232313
SPHINCS+-SHA2-128f-simple_run30,active,28.735535,5.3975,0.59451,3.208868,92.273198
SPHINCS+-SHA2-128f-simple_run30,active,28.748273,5.3975,0.595404,3.213693,92.314136
SPHINCS+-SHA2-128f-simple_run30,active,28.761048,5.39625,0.593616,3.2033,92.355056
SPHINCS+-SHA2-128f-simple_run30,active,28.773789,5.3975,0.595225,3.212728,92.395991
SPHINCS+-SHA2-128f-simple_run30,active,28.786532,5.3975,0.595762,3.215623,92.436966
SPHINCS+-SHA2-128f-simple_run30,active,28.799273,5.3975,0.595583,3.214658,92.477924
SPHINCS+-SHA2-128f-simple_run30,active,28.812017,5.3975,0.599338,3.234925,92.519152
SPHINCS+-SHA2-128f-simple_run30,active,28.824761,5.39625,0.597907,3.226457,92.56027
SPHINCS+-SHA2-128f-simple_run30,active,28.837503,5.39625,0.59594,3.215843,92.601244
SPHINCS+-SHA2-128f-simple_run30,active,28.850243,5.39875,0.595225,3.213472,92.642185
SPHINCS+-SHA2-128f-simple_run30,active,28.862985,5.39875,0.593795,3.20575,92.683032
SPHINCS+-SHA2-128f-simple_run30,active,28.875762,5.3975,0.59594,3.216588,92.72413
SPHINCS+-SHA2-128f-simple_run30,active,28.888504,5.39625,0.595762,3.214879,92.765094
SPHINCS+-SHA2-128f-simple_run30,active,28.901247,5.395,0.595762,3.214134,92.806053
SPHINCS+-SHA2-128f-simple_run30,active,28.913995,5.3975,0.596477,3.219484,92.847093
SPHINCS+-SHA2-128f-simple_run30,active,28.926744,5.395,0.596834,3.219922,92.888144
SPHINCS+-SHA2-128f-simple_run30,active,28.939483,5.39625,0.596119,3.216808,92.929124
SPHINCS+-SHA2-128f-simple_run30,active,28.952223,5.39375,0.596477,3.217247,92.970112
SPHINCS+-SHA2-128f-simple_run30,active,28.964967,5.39625,0.596119,3.216808,93.011107
SPHINCS+-SHA2-128f-simple_run30,active,28.977706,5.395,0.593437,3.201594,93.051891
SPHINCS+-SHA2-128f-simple_run30,active,28.990459,5.39625,0.59308,3.200406,93.092707
SPHINCS+-SHA2-128f-simple_run30,active,29.003201,5.4025,0.592722,3.202181,93.133509
SPHINCS+-SHA2-128f-simple_run30,active,29.015948,5.3975,0.595583,3.214658,93.174485
SPHINCS+-SHA2-128f-simple_run30,active,29.028693,5.39875,0.594689,3.210576,93.215405
SPHINCS+-SHA2-128f-simple_run30,active,29.041433,5.395,0.595404,3.212205,93.25633
SPHINCS+-SHA2-128f-simple_run30,active,29.054173,5.395,0.595583,3.213169,93.297264
SPHINCS+-SHA2-128f-simple_run30,active,29.066916,5.4,0.595225,3.214216,93.338223
SPHINCS+-SHA2-128f-simple_run30,active,29.079658,5.39875,0.596477,3.220229,93.379256
SPHINCS+-SHA2-128f-simple_run30,active,29.092398,5.3975,0.594868,3.210798,93.42016
SPHINCS+-SHA2-128f-simple_run30,active,29.105137,5.39625,0.595583,3.213914,93.461104
SPHINCS+-SHA2-128f-simple_run30,active,29.117888,5.39625,0.59594,3.215843,93.502109
SPHINCS+-SHA2-128f-simple_run30,active,29.130646,5.39625,0.595583,3.213914,93.54311
SPHINCS+-SHA2-128f-simple_run30,active,29.143387,5.395,0.592364,3.195806,93.58383
SPHINCS+-SHA2-128f-simple_run30,active,29.156127,5.39625,0.595762,3.214879,93.624785
SPHINCS+-SHA2-128f-simple_run30,active,29.168867,5.39875,0.595762,3.216368,93.665763
SPHINCS+-SHA2-128f-simple_run30,active,29.18161,5.3975,0.599695,3.236855,93.707009
SPHINCS+-SHA2-128f-simple_run30,active,29.194349,5.395,0.595583,3.213169,93.747944
SPHINCS+-SHA2-128f-simple_run30,active,29.207091,5.395,0.59594,3.215098,93.78891
SPHINCS+-SHA2-128f-simple_run30,active,29.219836,5.39625,0.596656,3.219703,93.829946
SPHINCS+-SHA2-128f-simple_run30,active,29.23258,5.39375,0.590576,3.185421,93.87054
SPHINCS+-SHA2-128f-simple_run30,active,29.245321,5.3975,0.596298,3.218518,93.911547
SPHINCS+-SHA2-128f-simple_run30,active,29.258062,5.3975,0.595762,3.215623,93.952518
SPHINCS+-SHA2-128f-simple_run30,active,29.270806,5.3925,0.594689,3.206859,93.993385
SPHINCS+-SHA2-128f-simple_run30,active,29.283549,5.3975,0.597013,3.222379,94.034449
SPHINCS+-SHA2-128f-simple_run30,active,29.296289,5.39625,0.595404,3.212949,94.07538
SPHINCS+-SHA2-128f-simple_run30,active,29.309088,5.39625,0.595404,3.212949,94.116503
SPHINCS+-SHA2-128f-simple_run30,active,29.321836,5.3975,0.59308,3.201147,94.157311
SPHINCS+-SHA2-128f-simple_run30,active,29.334583,5.3975,0.595583,3.214658,94.19829
SPHINCS+-SHA2-128f-simple_run30,active,29.347325,5.39625,0.595583,3.213914,94.239239
SPHINCS+-SHA2-128f-simple_run30,active,29.360063,5.39875,0.59594,3.217333,94.280224
SPHINCS+-SHA2-128f-simple_run30,active,29.375683,5.39875,0.594689,3.210576,94.330372
SPHINCS+-SHA2-128f-simple_run30,active,29.388444,5.3975,0.596656,3.220449,94.371468
SPHINCS+-SHA2-128f-simple_run30,active,29.40119,5.39875,0.595762,3.216368,94.412465
SPHINCS+-SHA2-128f-simple_run30,active,29.413933,5.3975,0.59594,3.216588,94.453453
SPHINCS+-SHA2-128f-simple_run30,active,29.426684,5.39625,0.596298,3.217773,94.494482
SPHINCS+-SHA2-128f-simple_run30,active,29.439431,5.39625,0.595583,3.213914,94.535452
SPHINCS+-SHA2-128f-simple_run30,active,29.452169,5.40125,0.602198,3.252624,94.576881
SPHINCS+-SHA2-128f-simple_run30,active,29.464908,5.3975,0.595583,3.214658,94.617833
SPHINCS+-SHA2-128f-simple_run30,active,29.477649,5.39625,0.595404,3.212949,94.658769
SPHINCS+-SHA2-128f-simple_run30,active,29.490424,5.39875,0.595762,3.216368,94.699861
SPHINCS+-SHA2-128f-simple_run30,active,29.50317,5.39625,0.595762,3.214879,94.740835
SPHINCS+-SHA2-128f-simple_run30,active,29.515912,5.395,0.595225,3.21124,94.781755
SPHINCS+-SHA2-128f-simple_run30,active,29.528661,5.39625,0.596119,3.216808,94.822765
SPHINCS+-SHA2-128f-simple_run30,active,29.541404,5.4025,0.595762,3.218602,94.863779
SPHINCS+-SHA2-128f-simple_run30,active,29.554146,5.39875,0.595225,3.213472,94.904725
SPHINCS+-SHA2-128f-simple_run30,active,29.566888,5.39625,0.59594,3.215843,94.945702
SPHINCS+-SHA2-128f-simple_run30,active,29.579627,5.39875,0.595762,3.216368,94.986674
SPHINCS+-SHA2-128f-simple_run30,active,29.592367,5.39625,0.594331,3.20716,95.027535
SPHINCS+-SHA2-128f-simple_run30,active,29.605106,5.39875,0.598622,3.231813,95.068704
SPHINCS+-SHA2-128f-simple_run30,active,29.617846,5.39625,0.59451,3.208125,95.109575
SPHINCS+-SHA2-128f-simple_run30,active,29.630596,5.3975,0.594152,3.206938,95.150463
SPHINCS+-SHA2-128f-simple_run30,active,29.64334,5.39875,0.597371,3.225056,95.191563
SPHINCS+-SHA2-128f-simple_run30,active,29.656078,5.3975,0.595583,3.214658,95.232512
SPHINCS+-SHA2-128f-simple_run30,active,29.668817,5.395,0.595404,3.212205,95.273433
SPHINCS+-SHA2-128f-simple_run30,active,29.681558,5.39375,0.597907,3.224962,95.314522
SPHINCS+-SHA2-128f-simple_run30,active,29.694299,5.3975,0.595583,3.214658,95.355481
SPHINCS+-SHA2-128f-simple_run30,active,29.707043,5.39625,0.595583,3.213914,95.396438
SPHINCS+-SHA2-128f-simple_run30,active,29.719782,5.39625,0.595225,3.211984,95.437355
SPHINCS+-SHA2-128f-simple_run30,active,29.732529,5.40125,0.596119,3.219789,95.478398
SPHINCS+-SHA2-128f-simple_run30,active,29.745273,5.395,0.597728,3.224745,95.519494
SPHINCS+-SHA2-128f-simple_run30,active,29.758012,5.39875,0.595583,3.215403,95.560457
SPHINCS+-SHA2-128f-simple_run30,active,29.770754,5.4025,0.595762,3.218602,95.601468
SPHINCS+-SHA2-128f-simple_run30,active,29.783495,5.39125,0.595583,3.210936,95.642379
SPHINCS+-SHA2-128f-simple_run30,active,29.796236,5.39875,0.595762,3.216368,95.683357
SPHINCS+-SHA2-128f-simple_run30,active,29.808975,5.39875,0.595583,3.215403,95.724318
SPHINCS+-SHA2-128f-simple_run30,active,29.821714,5.39625,0.595404,3.212949,95.765248
SPHINCS+-SHA2-128f-simple_run30,active,29.834462,5.39625,0.595762,3.214879,95.806232
SPHINCS+-SHA2-128f-simple_run30,active,29.847206,5.39625,0.595404,3.212949,95.847178
SPHINCS+-SHA2-128f-simple_run30,active,29.859946,5.39875,0.595583,3.215403,95.888142
SPHINCS+-SHA2-128f-simple_run30,active,29.872685,5.395,0.597192,3.221851,95.929186
SPHINCS+-SHA2-128f-simple_run30,active,29.885424,5.3975,0.595225,3.212728,95.970113
SPHINCS+-SHA2-128f-simple_run30,active,29.898166,5.39625,0.595583,3.213914,96.011064
SPHINCS+-SHA2-128f-simple_run30,active,29.91091,5.3975,0.595583,3.214658,96.05203
SPHINCS+-SHA2-128f-simple_run30,active,29.923651,5.39625,0.595583,3.213914,96.092978
SPHINCS+-SHA2-128f-simple_run30,active,29.936396,5.39625,0.595583,3.213914,96.13394
SPHINCS+-SHA2-128f-simple_run30,active,29.94914,5.39625,0.597013,3.221632,96.174998
SPHINCS+-SHA2-128f-simple_run30,active,29.961882,5.4,0.601126,3.246078,96.216357
SPHINCS+-SHA2-128f-simple_run30,active,29.974623,5.39625,0.595583,3.213914,96.257308
SPHINCS+-SHA2-128f-simple_run30,active,29.98736,5.39625,0.595583,3.213914,96.298243
SPHINCS+-SHA2-128f-simple_run30,active,30.0001,5.39125,0.595762,3.2119,96.339163
SPHINCS+-SHA2-128f-simple_run30,active,30.01284,5.3975,0.595583,3.214658,96.380119
SPHINCS+-SHA2-128f-simple_run30,active,30.025579,5.39625,0.595046,3.211019,96.421023
SPHINCS+-SHA2-128f-simple_run30,active,30.038325,5.395,0.595583,3.213169,96.461978
SPHINCS+-SHA2-128f-simple_run30,active,30.051073,5.3975,0.59147,3.192461,96.502674
SPHINCS+-SHA2-128f-simple_run30,active,30.063811,5.3975,0.597371,3.224309,96.543747
SPHINCS+-SHA2-128f-simple_run30,active,30.076551,5.3975,0.595762,3.215623,96.584715
SPHINCS+-SHA2-128f-simple_run30,active,30.089291,5.395,0.59594,3.215098,96.625673
SPHINCS+-SHA2-128f-simple_run30,active,30.10203,5.39625,0.588967,3.178214,96.66616
SPHINCS+-SHA2-128f-simple_run30,active,30.114774,5.39875,0.595225,3.213472,96.707114
SPHINCS+-SHA2-128f-simple_run30,active,30.127524,5.3975,0.59594,3.216588,96.748126
SPHINCS+-SHA2-128f-simple_run30,active,30.140268,5.39875,0.596656,3.221194,96.789176
SPHINCS+-SHA2-128f-simple_run30,active,30.153054,5.39875,0.595583,3.215403,96.830288
SPHINCS+-SHA2-128f-simple_run30,active,30.165795,5.39625,0.597907,3.226457,96.871396
SPHINCS+-SHA2-128f-simple_run30,active,30.178538,5.39625,0.601841,3.247683,96.912781
SPHINCS+-SHA2-128f-simple_run30,active,30.191282,5.39125,0.592901,3.196476,96.953518
SPHINCS+-SHA2-128f-simple_run30,active,30.204022,5.39625,0.595583,3.213914,96.994462
SPHINCS+-SHA2-128f-simple_run30,active,30.216762,5.395,0.594689,3.208346,97.035336
SPHINCS+-SHA2-128f-simple_run30,active,30.229502,5.39625,0.595762,3.214879,97.076294
SPHINCS+-SHA2-128f-simple_run30,active,30.242248,5.39,0.595225,3.208264,97.117187
SPHINCS+-SHA2-128f-simple_run30,active,30.254995,5.39625,0.595583,3.213914,97.158156
SPHINCS+-SHA2-128f-simple_run30,active,30.267762,5.39625,0.595404,3.212949,97.199175
SPHINCS+-SHA2-128f-simple_run30,active,30.280504,5.39625,0.595583,3.213914,97.240126
SPHINCS+-SHA2-128f-simple_run30,active,30.293244,5.39625,0.59594,3.215843,97.281095
SPHINCS+-SHA2-128f-simple_run30,active,30.305984,5.3975,0.595583,3.214658,97.32205
SPHINCS+-SHA2-128f-simple_run30,active,30.318726,5.39625,0.595046,3.211019,97.362965
SPHINCS+-SHA2-128f-simple_run30,active,30.331466,5.3975,0.595225,3.212728,97.403897
SPHINCS+-SHA2-128f-simple_run30,active,30.344212,5.39625,0.595583,3.213914,97.444859
SPHINCS+-SHA2-128f-simple_run30,active,30.356958,5.39625,0.595225,3.211984,97.485799
SPHINCS+-SHA2-128f-simple_run30,active,30.369698,5.39625,0.59594,3.215843,97.52677
SPHINCS+-SHA2-128f-simple_run30,active,30.382441,5.395,0.595583,3.213169,97.567714
SPHINCS+-SHA2-128f-simple_run30,active,30.395183,5.395,0.595225,3.21124,97.608633
SPHINCS+-SHA2-128f-simple_run30,active,30.407921,5.3975,0.59594,3.216588,97.649607
SPHINCS+-SHA2-128f-simple_run30,active,30.420663,5.4025,0.595404,3.21667,97.690592
SPHINCS+-SHA2-128f-simple_run30,active,30.4334,5.395,0.59594,3.215098,97.731542
SPHINCS+-SHA2-128f-simple_run30,active,30.446145,5.3925,0.59594,3.213609,97.772501
SPHINCS+-SHA2-128f-simple_run30,active,30.458891,5.39625,0.595583,3.213914,97.813467
SPHINCS+-SHA2-128f-simple_run30,active,30.471631,5.39375,0.595583,3.212425,97.854393
SPHINCS+-SHA2-128f-simple_run30,active,30.48437,5.39625,0.596834,3.220668,97.89542
SPHINCS+-SHA2-128f-simple_run30,active,30.497111,5.3975,0.595404,3.213693,97.936366
SPHINCS+-SHA2-128f-simple_run30,active,30.509852,5.3975,0.601841,3.248436,97.977753
SPHINCS+-SHA2-128f-simple_run30,active,30.522595,5.39625,0.596656,3.219703,98.018783
SPHINCS+-SHA2-128f-simple_run30,active,30.535336,5.39875,0.595583,3.215403,98.05975
SPHINCS+-SHA2-128f-simple_run30,active,30.548083,5.39625,0.595762,3.214879,98.10073
SPHINCS+-SHA2-128f-simple_run30,active,30.560831,5.395,0.594689,3.208346,98.14163
SPHINCS+-SHA2-128f-simple_run30,active,30.573572,5.39625,0.595404,3.212949,98.182565
SPHINCS+-SHA2-128f-simple_run30,active,30.58631,5.39625,0.59594,3.215843,98.22353
SPHINCS+-SHA2-128f-simple_run30,active,30.599052,5.39625,0.595046,3.211019,98.264445
SPHINCS+-SHA2-128f-simple_run30,active,30.61179,5.39375,0.597907,3.224962,98.305524
SPHINCS+-SHA2-128f-simple_run30,active,30.624529,5.39625,0.59755,3.224527,98.346603
SPHINCS+-SHA2-128f-simple_run30,active,30.637268,5.3975,0.595762,3.215623,98.387565
SPHINCS+-SHA2-128f-simple_run30,active,30.652883,5.40125,0.599159,3.236206,98.438099
SPHINCS+-SHA2-128f-simple_run30,active,30.665641,5.39625,0.59594,3.215843,98.479128
SPHINCS+-SHA2-128f-simple_run30,active,30.678412,5.39625,0.596119,3.216808,98.520208
SPHINCS+-SHA2-128f-simple_run30,active,30.691156,5.39125,0.60041,3.236963,98.561461
SPHINCS+-SHA2-128f-simple_run30,active,30.703896,5.4,0.595225,3.214216,98.602408
SPHINCS+-SHA2-128f-simple_run30,active,30.716637,5.3975,0.597371,3.224309,98.643488
SPHINCS+-SHA2-128f-simple_run30,active,30.729377,5.39625,0.596656,3.219703,98.68451
SPHINCS+-SHA2-128f-simple_run30,active,30.742118,5.3975,0.594152,3.206938,98.725368
SPHINCS+-SHA2-128f-simple_run30,active,30.754868,5.39625,0.60041,3.239965,98.766677
SPHINCS+-SHA2-128f-simple_run30,active,30.767613,5.39625,0.596119,3.216808,98.807675
SPHINCS+-SHA2-128f-simple_run30,active,30.78035,5.39625,0.59594,3.215843,98.848637
SPHINCS+-SHA2-128f-simple_run30,active,30.79309,5.395,0.593795,3.203523,98.889449
SPHINCS+-SHA2-128f-simple_run30,active,30.805828,5.3975,0.59594,3.216588,98.930423
SPHINCS+-SHA2-128f-simple_run30,active,30.818568,5.39625,0.595762,3.214879,98.971379
SPHINCS+-SHA2-128f-simple_run30,active,30.831308,5.39625,0.595225,3.211984,99.012299
SPHINCS+-SHA2-128f-simple_run30,active,30.844046,5.3975,0.597192,3.223344,99.053359
SPHINCS+-SHA2-128f-simple_run30,active,30.856792,5.39625,0.60041,3.239965,99.094655
SPHINCS+-SHA2-128f-simple_run30,active,30.869536,5.395,0.594868,3.209311,99.135556
SPHINCS+-SHA2-128f-simple_run30,active,30.882276,5.395,0.595046,3.210275,99.176454
SPHINCS+-SHA2-128f-simple_run30,active,30.895016,5.39625,0.595404,3.212949,99.217389
SPHINCS+-SHA2-128f-simple_run30,active,30.907758,5.39625,0.595046,3.211019,99.258301
SPHINCS+-SHA2-128f-simple_run30,active,30.920496,5.3975,0.593795,3.205007,99.299128
SPHINCS+-SHA2-128f-simple_run30,active,30.933236,5.39,0.595583,3.210191,99.340025
SPHINCS+-SHA2-128f-simple_run30,active,30.945976,5.39875,0.596834,3.22216,99.381077
SPHINCS+-SHA2-128f-simple_run30,active,30.958725,5.39625,0.595225,3.211984,99.422026
SPHINCS+-SHA2-128f-simple_run30,active,30.971471,5.3975,0.587537,3.17123,99.462446
SPHINCS+-SHA2-128f-simple_run30,active,30.984209,5.39625,0.598265,3.228386,99.50357
SPHINCS+-SHA2-128f-simple_run30,active,30.99695,5.39625,0.595404,3.212949,99.544505
SPHINCS+-SHA2-128f-simple_run30,active,31.00969,5.39875,0.594689,3.210576,99.585408
SPHINCS+-SHA2-128f-simple_run30,active,31.022465,5.39625,0.595225,3.211984,99.62644
SPHINCS+-SHA2-128f-simple_run30,active,31.03521,5.3975,0.59594,3.216588,99.667437
SPHINCS+-SHA2-128f-simple_run30,active,31.047949,5.39625,0.59594,3.215843,99.708401
SPHINCS+-SHA2-128f-simple_run30,active,31.060695,5.395,0.598622,3.229568,99.749566
SPHINCS+-SHA2-128f-simple_run30,active,31.073442,5.39625,0.595583,3.213914,99.790533
SPHINCS+-SHA2-128f-simple_run30,active,31.086181,5.3975,0.59594,3.216588,99.831512
SPHINCS+-SHA2-128f-simple_run30,active,31.098922,5.39625,0.595404,3.212949,99.872448
SPHINCS+-SHA2-128f-simple_run30,active,31.111663,5.3925,0.595583,3.21168,99.913369
SPHINCS+-SHA2-128f-simple_run30,active,31.124412,5.39625,0.595583,3.213914,99.954343
SPHINCS+-SHA2-128f-simple_run30,active,31.137153,5.395,0.595762,3.214134,99.995293
SPHINCS+-SHA2-128f-simple_run30,active,31.149892,5.395,0.595583,3.213169,100.036224
SPHINCS+-SHA2-128f-simple_run30,active,31.162643,5.40125,0.594689,3.212063,100.077181
SPHINCS+-SHA2-128f-simple_run30,active,31.175391,5.3975,0.59594,3.216588,100.118189
SPHINCS+-SHA2-128f-simple_run30,active,31.188165,5.39625,0.596119,3.216808,100.159279
SPHINCS+-SHA2-128f-simple_run30,active,31.200914,5.39125,0.595583,3.210936,100.200215
SPHINCS+-SHA2-128f-simple_run30,active,31.213653,5.395,0.600947,3.242108,100.241516
SPHINCS+-SHA2-128f-simple_run30,active,31.226439,5.39625,0.596119,3.216808,100.282645
SPHINCS+-SHA2-128f-simple_run30,active,31.239184,5.3975,0.595404,3.213693,100.323605
SPHINCS+-SHA2-128f-simple_run30,active,31.251922,5.4025,0.595404,3.21667,100.364579
SPHINCS+-SHA2-128f-simple_run30,active,31.26467,5.3975,0.597907,3.227204,100.405718
SPHINCS+-SHA2-128f-simple_run30,active,31.277413,5.3975,0.595762,3.215623,100.446697
SPHINCS+-SHA2-128f-simple_run30,active,31.290154,5.39375,0.59594,3.214354,100.487649
SPHINCS+-SHA2-128f-simple_run30,active,31.302897,5.395,0.59594,3.215098,100.528619
SPHINCS+-SHA2-128f-simple_run30,active,31.315636,5.3975,0.595583,3.214658,100.569572
SPHINCS+-SHA2-128f-simple_run30,active,31.328377,5.3975,0.596298,3.218518,100.610578
SPHINCS+-SHA2-128f-simple_run30,active,31.341117,5.39625,0.59147,3.191722,100.651241
SPHINCS+-SHA2-128f-simple_run30,active,31.353859,5.39625,0.595762,3.214879,100.692206
SPHINCS+-SHA2-128f-simple_run30,active,31.366608,5.3975,0.599159,3.23396,100.733435
SPHINCS+-SHA2-128f-simple_run30,active,31.379353,5.3975,0.59594,3.216588,100.774432
SPHINCS+-SHA2-128f-simple_run30,active,31.392092,5.39625,0.59594,3.215843,100.815397
SPHINCS+-SHA2-128f-simple_run30,active,31.404832,5.3975,0.597728,3.226239,100.8565
SPHINCS+-SHA2-128f-simple_run30,active,31.417572,5.395,0.596119,3.216063,100.897473
SPHINCS+-SHA2-128f-simple_run30,active,31.430312,5.39625,0.592543,3.197511,100.938207
SPHINCS+-SHA2-128f-simple_run30,active,31.443054,5.395,0.596119,3.216063,100.979186
SPHINCS+-SHA2-128f-simple_run30,active,31.455793,5.3975,0.595225,3.212728,101.020113
SPHINCS+-SHA2-128f-simple_run30,active,31.468538,5.39625,0.59594,3.215843,101.061101
SPHINCS+-SHA2-128f-simple_run30,active,31.481285,5.395,0.596834,3.219922,101.102144
SPHINCS+-SHA2-128f-simple_run30,active,31.494027,5.39625,0.595583,3.213914,101.143097
SPHINCS+-SHA2-128f-simple_run30,active,31.506768,5.3975,0.596656,3.220449,101.184129
SPHINCS+-SHA2-128f-simple_run30,active,31.519509,5.39875,0.596477,3.220229,101.225156
SPHINCS+-SHA2-128f-simple_run30,active,31.532247,5.3975,0.594331,3.207903,101.266019
SPHINCS+-SHA2-128f-simple_run30,active,31.544985,5.395,0.597728,3.224745,101.307097
SPHINCS+-SHA2-128f-simple_run30,active,31.557725,5.3975,0.595225,3.212728,101.348027
SPHINCS+-SHA2-128f-simple_run30,active,31.570477,5.39875,0.59004,3.185478,101.388646
SPHINCS+-SHA2-128f-simple_run30,active,31.58322,5.39625,0.595583,3.213914,101.429604
SPHINCS+-SHA2-128f-simple_run30,active,31.595958,5.39625,0.596119,3.216808,101.470579
SPHINCS+-SHA2-128f-simple_run30,active,31.608698,5.3975,0.595583,3.214658,101.511531
SPHINCS+-SHA2-128f-simple_run30,active,31.621435,5.4,0.595404,3.215182,101.552486
SPHINCS+-SHA2-128f-simple_run30,active,31.634177,5.39625,0.595583,3.213914,101.593436
SPHINCS+-SHA2-128f-simple_run30,active,31.646919,5.395,0.596119,3.216063,101.634416
SPHINCS+-SHA2-128f-simple_run30,active,31.659659,5.39625,0.595762,3.214879,101.675374
SPHINCS+-SHA2-128f-simple_run30,active,31.672403,5.39375,0.59594,3.214354,101.716338
SPHINCS+-SHA2-128f-simple_run30,active,31.685147,5.395,0.595404,3.212205,101.757271
SPHINCS+-SHA2-128f-simple_run30,active,31.697887,5.3975,0.595404,3.213693,101.798214
SPHINCS+-SHA2-128f-simple_run30,active,31.710629,5.39625,0.595046,3.211019,101.839131
SPHINCS+-SHA2-128f-simple_run30,active,31.723369,5.3975,0.595583,3.214658,101.880086
SPHINCS+-SHA2-128f-simple_run30,active,31.736107,5.39625,0.596119,3.216808,101.921061
SPHINCS+-SHA2-128f-simple_run30,active,31.748847,5.39875,0.596477,3.220229,101.962086
SPHINCS+-SHA2-128f-simple_run30,active,31.761585,5.395,0.59594,3.215098,102.00304
SPHINCS+-SHA2-128f-simple_run30,active,31.774329,5.3975,0.597728,3.226239,102.044155
SPHINCS+-SHA2-128f-simple_run30,active,31.787075,5.39625,0.595583,3.213914,102.085119
SPHINCS+-SHA2-128f-simple_run30,active,31.799811,5.39625,0.596834,3.220668,102.12614
SPHINCS+-SHA2-128f-simple_run30,active,31.812553,5.395,0.595583,3.213169,102.167079
SPHINCS+-SHA2-128f-simple_run30,active,31.825292,5.39625,0.59594,3.215843,102.208046
SPHINCS+-SHA2-128f-simple_run30,active,31.838034,5.39625,0.595583,3.213914,102.248997
SPHINCS+-SHA2-128f-simple_run30,active,31.850774,5.4,0.596119,3.219044,102.29001
SPHINCS+-SHA2-128f-simple_run30,active,31.863514,5.39625,0.597013,3.221632,102.331054
SPHINCS+-SHA2-128f-simple_run30,active,31.87626,5.3975,0.59594,3.216588,102.372052
SPHINCS+-SHA2-128f-simple_run30,active,31.889007,5.39625,0.595046,3.211019,102.412983
SPHINCS+-SHA2-128f-simple_run30,active,31.901749,5.3975,0.598622,3.231064,102.454152
SPHINCS+-SHA2-128f-simple_run30,active,31.914491,5.39625,0.600589,3.240929,102.49545
SPHINCS+-SHA2-128f-simple_run30,active,31.930104,5.3975,0.597728,3.226239,102.545819
SPHINCS+-SHA2-128f-simple_run30,active,31.942865,5.39875,0.595583,3.215403,102.586851
SPHINCS+-SHA2-128f-simple_run30,active,31.955608,5.3975,0.595583,3.214658,102.627817
SPHINCS+-SHA2-128f-simple_run30,active,31.968346,5.3975,0.596119,3.217553,102.668802
SPHINCS+-SHA2-128f-simple_run30,active,31.981094,5.41,0.596834,3.228874,102.709961
SPHINCS+-SHA2-128f-simple_run30,active,31.993841,5.39875,0.59594,3.217333,102.750973
SPHINCS+-SHA2-128f-simple_run30,active,32.006584,5.395,0.597192,3.221851,102.792032
SPHINCS+-SHA2-128f-simple_run30,active,32.019324,5.39625,0.595225,3.211984,102.832951
SPHINCS+-SHA2-128f-simple_run30,active,32.032065,5.4025,0.595583,3.217636,102.873945
SPHINCS+-SHA2-128f-simple_run30,active,32.044805,5.39625,0.595225,3.211984,102.914867
SPHINCS+-SHA2-128f-simple_run30,active,32.057544,5.39625,0.595046,3.211019,102.955773
SPHINCS+-SHA2-128f-simple_run30,active,32.070282,5.40125,0.594689,3.212063,102.996689
SPHINCS+-SHA2-128f-simple_run30,active,32.08303,5.39625,0.599516,3.23514,103.037929
SPHINCS+-SHA2-128f-simple_run30,active,32.095771,5.395,0.595583,3.213169,103.078868
SPHINCS+-SHA2-128f-simple_run30,active,32.10851,5.39625,0.595762,3.214879,103.119824
SPHINCS+-SHA2-128f-simple_run30,active,32.121263,5.3975,0.596834,3.221414,103.160904
SPHINCS+-SHA2-128f-simple_run30,active,32.134004,5.395,0.595583,3.213169,103.201846
SPHINCS+-SHA2-128f-simple_run30,active,32.146748,5.40125,0.595225,3.21496,103.242816
SPHINCS+-SHA2-128f-simple_run30,active,32.159487,5.39875,0.595583,3.215403,103.283777
SPHINCS+-SHA2-128f-simple_run30,active,32.172226,5.3975,0.59451,3.208868,103.324656
SPHINCS+-SHA2-128f-simple_run30,active,32.184974,5.39625,0.602377,3.250578,103.366093
SPHINCS+-SHA2-128f-simple_run30,active,32.19772,5.3975,0.595762,3.215623,103.407079
SPHINCS+-SHA2-128f-simple_run30,active,32.210463,5.395,0.59147,3.190983,103.447742
SPHINCS+-SHA2-128f-simple_run30,active,32.223203,5.39625,0.596298,3.217773,103.488737
SPHINCS+-SHA2-128f-simple_run30,active,32.235943,5.3975,0.596656,3.220449,103.529764
SPHINCS+-SHA2-128f-simple_run30,active,32.248685,5.39625,0.597907,3.226457,103.570875
SPHINCS+-SHA2-128f-simple_run30,active,32.261424,5.395,0.599516,3.234391,103.612078
SPHINCS+-SHA2-128f-simple_run30,active,32.274162,5.39625,0.596298,3.217773,103.653067
SPHINCS+-SHA2-128f-simple_run30,active,32.28691,5.3975,0.600589,3.24168,103.694392
SPHINCS+-SHA2-128f-simple_run30,active,32.299655,5.3975,0.593437,3.203077,103.735214
SPHINCS+-SHA2-128f-simple_run30,active,32.312394,5.39625,0.595404,3.212949,103.776145
SPHINCS+-SHA2-128f-simple_run30,active,32.325135,5.3975,0.598265,3.229134,103.817288
SPHINCS+-SHA2-128f-simple_run30,active,32.337875,5.39375,0.595583,3.212425,103.858214
SPHINCS+-SHA2-128f-simple_run30,active,32.350617,5.39875,0.597728,3.226986,103.899334
SPHINCS+-SHA2-128f-simple_run30,active,32.363359,5.3925,0.59451,3.205895,103.940183
SPHINCS+-SHA2-128f-simple_run30,active,32.376098,5.3975,0.595583,3.214658,103.981133
SPHINCS+-SHA2-128f-simple_run30,active,32.388843,5.3975,0.599695,3.236855,104.022388
SPHINCS+-SHA2-128f-simple_run30,active,32.401589,5.3975,0.595404,3.213693,104.06335
SPHINCS+-SHA2-128f-simple_run30,active,32.414329,5.39625,0.595583,3.213914,104.104296
SPHINCS+-SHA2-128f-simple_run30,active,32.427072,5.395,0.595583,3.213169,104.14524
SPHINCS+-SHA2-128f-simple_run30,active,32.43981,5.39375,0.597371,3.222069,104.186282
SPHINCS+-SHA2-128f-simple_run30,active,32.452551,5.3975,0.59594,3.216588,104.227265
SPHINCS+-SHA2-128f-simple_run30,active,32.465291,5.39875,0.596656,3.221194,104.268302
SPHINCS+-SHA2-128f-simple_run30,active,32.478031,5.3975,0.595404,3.213693,104.309246
SPHINCS+-SHA2-128f-simple_run30,active,32.4908,5.39625,0.598801,3.231281,104.350507
SPHINCS+-SHA2-128f-simple_run30,active,32.503557,5.39625,0.595583,3.213914,104.391505
SPHINCS+-SHA2-128f-simple_run30,active,32.51633,5.39625,0.595583,3.213914,104.432557
SPHINCS+-SHA2-128f-simple_run30,active,32.529082,5.39625,0.596119,3.216808,104.473577
SPHINCS+-SHA2-128f-simple_run30,active,32.54182,5.39625,0.596477,3.218738,104.514577
SPHINCS+-SHA2-128f-simple_run30,active,32.554564,5.3975,0.593258,3.202112,104.555385
SPHINCS+-SHA2-128f-simple_run30,active,32.56731,5.39625,0.592901,3.199441,104.596164
SPHINCS+-SHA2-128f-simple_run30,active,32.580046,5.39125,0.593795,3.201296,104.636938
SPHINCS+-SHA2-128f-simple_run30,active,32.592796,5.39375,0.600053,3.236535,104.678203
SPHINCS+-SHA2-128f-simple_run30,active,32.605544,5.3975,0.596834,3.221414,104.71927
SPHINCS+-SHA2-128f-simple_run30,active,32.618288,5.39375,0.600947,3.241357,104.760577
SPHINCS+-SHA2-128f-simple_run30,active,32.631031,5.39375,0.595225,3.210496,104.801487
SPHINCS+-SHA2-128f-simple_run30,active,32.643769,5.3975,0.59755,3.225274,104.842573
SPHINCS+-SHA2-128f-simple_run30,active,32.65651,5.39625,0.595583,3.213914,104.883521
SPHINCS+-SHA2-128f-simple_run30,active,32.66925,5.3975,0.599516,3.23589,104.924747
SPHINCS+-SHA2-128f-simple_run30,active,32.681986,5.3975,0.596834,3.221414,104.965773
SPHINCS+-SHA2-128f-simple_run30,active,32.69474,5.395,0.600768,3.241143,105.007111
SPHINCS+-SHA2-128f-simple_run30,active,32.707484,5.39875,0.595762,3.216368,105.048101
SPHINCS+-SHA2-128f-simple_run30,active,32.720224,5.395,0.588073,3.172655,105.088522
SPHINCS+-SHA2-128f-simple_run30,active,32.732965,5.39625,0.595404,3.212949,105.129456
SPHINCS+-SHA2-128f-simple_run30,active,32.745703,5.3975,0.597728,3.226239,105.170553
SPHINCS+-SHA2-128f-simple_run30,active,32.758446,5.39625,0.596119,3.216808,105.211546
SPHINCS+-SHA2-128f-simple_run30,active,32.771187,5.39625,0.59755,3.224527,105.252629
SPHINCS+-SHA2-128f-simple_run30,active,32.783924,5.39625,0.59594,3.215843,105.293588
SPHINCS+-SHA2-128f-simple_run30,active,32.796669,5.3975,0.60202,3.249401,105.335001
SPHINCS+-SHA2-128f-simple_run30,active,32.809412,5.39625,0.597907,3.226457,105.376115
SPHINCS+-SHA2-128f-simple_run30,active,32.822151,5.3975,0.595225,3.212728,105.417044
SPHINCS+-SHA2-128f-simple_run30,active,32.834892,5.39625,0.596298,3.217773,105.458042
SPHINCS+-SHA2-128f-simple_run30,active,32.847632,5.39625,0.59594,3.215843,105.49901
SPHINCS+-SHA2-128f-simple_run30,active,32.86037,5.3975,0.596834,3.221414,105.540045
SPHINCS+-SHA2-128f-simple_run30,active,32.873109,5.39375,0.59594,3.214354,105.580993
SPHINCS+-SHA2-128f-simple_run30,active,32.885846,5.3975,0.595404,3.213693,105.621925
SPHINCS+-SHA2-128f-simple_run30,active,32.898593,5.3975,0.597907,3.227204,105.663065
SPHINCS+-SHA2-128f-simple_run30,active,32.911339,5.3975,0.595583,3.214658,105.704037
SPHINCS+-SHA2-128f-simple_run30,active,32.924076,5.39875,0.595762,3.216368,105.745005
SPHINCS+-SHA2-128f-simple_run30,active,32.936814,5.39625,0.595762,3.214879,105.785956
SPHINCS+-SHA2-128f-simple_run30,active,32.949553,5.3975,0.594152,3.206938,105.82681
SPHINCS+-SHA2-128f-simple_run30,active,32.962292,5.39875,0.595583,3.215403,105.867768
SPHINCS+-SHA2-128f-simple_run30,active,32.975032,5.39625,0.595225,3.211984,105.90869
SPHINCS+-SHA2-128f-simple_run30,active,32.98777,5.3975,0.595046,3.211763,105.949602
SPHINCS+-SHA2-128f-simple_run30,active,33.000519,5.3925,0.60041,3.237713,105.990879
SPHINCS+-SHA2-128f-simple_run30,active,33.013273,5.3975,0.595583,3.214658,106.031879
SPHINCS+-SHA2-128f-simple_run30,active,33.026013,5.39625,0.595046,3.211019,106.072788
SPHINCS+-SHA2-128f-simple_run30,active,33.038756,5.3975,0.595583,3.214658,106.11375
SPHINCS+-SHA2-128f-simple_run30,active,33.051492,5.3975,0.595225,3.212728,106.15467
SPHINCS+-SHA2-128f-simple_run30,active,33.06423,5.3975,0.597371,3.224309,106.19574
SPHINCS+-SHA2-128f-simple_run30,active,33.076968,5.39625,0.596119,3.216808,106.236715
SPHINCS+-SHA2-128f-simple_run30,active,33.089703,5.38875,0.596477,3.214264,106.277651
SPHINCS+-SHA2-128f-simple_run30,active,33.102452,5.39625,0.595762,3.214879,106.318634
SPHINCS+-SHA2-128f-simple_run30,active,33.1152,5.39625,0.595583,3.213914,106.359605
SPHINCS+-SHA2-128f-simple_run30,active,33.127948,5.38375,0.595762,3.207432,106.400496
SPHINCS+-SHA2-128f-simple_run30,active,33.140689,5.3975,0.595762,3.215623,106.441466
SPHINCS+-SHA2-128f-simple_run30,active,33.153427,5.39625,0.59594,3.215843,106.482428
SPHINCS+-SHA2-128f-simple_run30,active,33.166165,5.39125,0.596119,3.213828,106.523368
SPHINCS+-SHA2-128f-simple_run30,active,33.178909,5.4025,0.595583,3.217636,106.564372
SPHINCS+-SHA2-128f-simple_run30,active,33.191651,5.3975,0.595404,3.213693,106.605322
SPHINCS+-SHA2-128f-simple_run30,active,33.211396,5.38875,0.597013,3.217155,106.668845
SPHINCS+-SHA2-128f-simple_run30,active,33.224184,5.39625,0.597192,3.222597,106.710053
SPHINCS+-SHA2-128f-simple_run30,active,33.236929,5.3975,0.595583,3.214658,106.751026
SPHINCS+-SHA2-128f-simple_run30,active,33.249672,5.40375,0.593258,3.20582,106.791876
SPHINCS+-SHA2-128f-simple_run30,active,33.262437,5.39625,0.595225,3.211984,106.832876
SPHINCS+-SHA2-128f-simple_run30,active,33.275182,5.39625,0.595225,3.211984,106.873816
SPHINCS+-SHA2-128f-simple_run30,active,33.28792,5.3975,0.595583,3.214658,106.914763
SPHINCS+-SHA2-128f-simple_run30,active,33.300659,5.395,0.602198,3.24886,106.956149
SPHINCS+-SHA2-128f-simple_run30,active,33.313407,5.39625,0.595583,3.213914,106.997121
SPHINCS+-SHA2-128f-simple_run30,active,33.32615,5.3975,0.595762,3.215623,107.038098
SPHINCS+-SHA2-128f-simple_run30,active,33.33889,5.39625,0.595583,3.213914,107.079044
SPHINCS+-SHA2-128f-simple_run30,active,33.35163,5.39625,0.595583,3.213914,107.119988
SPHINCS+-SHA2-128f-simple_run30,active,33.364367,5.39625,0.596119,3.216808,107.160961
SPHINCS+-SHA2-128f-simple_run30,active,33.377106,5.39625,0.596656,3.219703,107.201975
SPHINCS+-SHA2-128f-simple_run30,active,33.389842,5.39875,0.589146,3.180652,107.242486
SPHINCS+-SHA2-128f-simple_run30,active,33.402584,5.39625,0.596119,3.216808,107.283473
SPHINCS+-SHA2-128f-simple_run30,active,33.415332,5.3975,0.595225,3.212728,107.324431
SPHINCS+-SHA2-128f-simple_run30,active,33.428072,5.39625,0.596477,3.218738,107.365437
SPHINCS+-SHA2-128f-simple_run30,active,33.440811,5.39625,0.595583,3.213914,107.406378
SPHINCS+-SHA2-128f-simple_run30,active,33.453549,5.3975,0.59594,3.216588,107.447351
SPHINCS+-SHA2-128f-simple_run30,active,33.466287,5.395,0.595583,3.213169,107.48828
SPHINCS+-SHA2-128f-simple_run30,active,33.479028,5.39875,0.594152,3.20768,107.52915
SPHINCS+-SHA2-128f-simple_run30,active,33.491767,5.39625,0.595583,3.213914,107.570092
SPHINCS+-SHA2-128f-simple_run30,active,33.504506,5.3975,0.59594,3.216588,107.611066
SPHINCS+-SHA2-128f-simple_run30,active,33.517246,5.39625,0.595583,3.213914,107.652014
SPHINCS+-SHA2-128f-simple_run30,active,33.529986,5.39375,0.597907,3.224962,107.6931
SPHINCS+-SHA2-128f-simple_run30,active,33.542727,5.39625,0.595583,3.213914,107.734049
SPHINCS+-SHA2-128f-simple_run30,active,33.555469,5.3925,0.595225,3.209752,107.774947
SPHINCS+-SHA2-128f-simple_run30,active,33.568207,5.3875,0.595583,3.208702,107.81582
SPHINCS+-SHA2-128f-simple_run30,active,33.580947,5.3975,0.59594,3.216588,107.856798
SPHINCS+-SHA2-128f-simple_run30,active,33.593687,5.39625,0.595404,3.212949,107.897731
SPHINCS+-SHA2-128f-simple_run30,active,33.606468,5.39875,0.59594,3.217333,107.938852
SPHINCS+-SHA2-128f-simple_run30,active,33.619222,5.39875,0.596119,3.218299,107.979897
SPHINCS+-SHA2-128f-simple_run30,active,33.631964,5.3975,0.595762,3.215623,108.020871
SPHINCS+-SHA2-128f-simple_run30,active,33.644704,5.3925,0.597907,3.224215,108.061947
SPHINCS+-SHA2-128f-simple_run30,active,33.657443,5.40125,0.595583,3.216892,108.102929
SPHINCS+-SHA2-128f-simple_run30,active,33.670184,5.395,0.595404,3.212205,108.143856
SPHINCS+-SHA2-128f-simple_run30,active,33.682926,5.39875,0.595583,3.215403,108.184827
SPHINCS+-SHA2-128f-simple_run30,active,33.695669,5.39625,0.59594,3.215843,108.225803
SPHINCS+-SHA2-128f-simple_run30,active,33.708415,5.39875,0.595583,3.215403,108.266789
SPHINCS+-SHA2-128f-simple_run30,active,33.721161,5.39625,0.59594,3.215843,108.307778
SPHINCS+-SHA2-128f-simple_run30,active,33.733901,5.3975,0.596477,3.219484,108.348795
SPHINCS+-SHA2-128f-simple_run30,active,33.746645,5.39625,0.596834,3.220668,108.389839
SPHINCS+-SHA2-128f-simple_run30,active,33.759386,5.3975,0.595583,3.214658,108.430796
SPHINCS+-SHA2-128f-simple_run30,active,33.772122,5.39625,0.596119,3.216808,108.471766
SPHINCS+-SHA2-128f-simple_run30,active,33.784863,5.39625,0.596834,3.220668,108.5128
SPHINCS+-SHA2-128f-simple_run30,active,33.797602,5.39625,0.596298,3.217773,108.553791
SPHINCS+-SHA2-128f-simple_run30,active,33.810348,5.39625,0.595225,3.211984,108.594731
SPHINCS+-SHA2-128f-simple_run30,active,33.823095,5.3975,0.59594,3.216588,108.635733
SPHINCS+-SHA2-128f-simple_run30,active,33.835835,5.39625,0.59594,3.215843,108.676702
SPHINCS+-SHA2-128f-simple_run30,active,33.848577,5.39625,0.591649,3.192687,108.717382
SPHINCS+-SHA2-128f-simple_run30,active,33.861316,5.395,0.595583,3.213169,108.758318
SPHINCS+-SHA2-128f-simple_run30,active,33.874057,5.39375,0.595583,3.212425,108.799246
SPHINCS+-SHA2-128f-simple_run30,active,33.886801,5.39625,0.595046,3.211019,108.840167
SPHINCS+-SHA2-128f-simple_run30,active,33.899542,5.39375,0.591292,3.189279,108.880803
SPHINCS+-SHA2-128f-simple_run30,active,33.912287,5.3975,0.595762,3.215623,108.921784
SPHINCS+-SHA2-128f-simple_run30,active,33.92507,5.39625,0.595404,3.212949,108.962857
SPHINCS+-SHA2-128f-simple_run30,active,33.937811,5.3975,0.594152,3.206938,109.003716
SPHINCS+-SHA2-128f-simple_run30,active,33.950555,5.39625,0.594689,3.209089,109.044612
SPHINCS+-SHA2-128f-simple_run30,active,33.963297,5.39625,0.595404,3.212949,109.085551
SPHINCS+-SHA2-128f-simple_run30,active,33.976036,5.39875,0.595762,3.216368,109.126525
SPHINCS+-SHA2-128f-simple_run30,active,33.988778,5.3975,0.598086,3.228169,109.167657
SPHINCS+-SHA2-128f-simple_run30,active,34.001519,5.3975,0.597728,3.226239,109.208763
SPHINCS+-SHA2-128f-simple_run30,active,34.014266,5.39625,0.595583,3.213914,109.24973
SPHINCS+-SHA2-128f-simple_run30,active,34.027014,5.39875,0.600947,3.244362,109.29109
SPHINCS+-SHA2-128f-simple_run30,active,34.039759,5.3975,0.598622,3.231064,109.332271
SPHINCS+-SHA2-128f-simple_run30,active,34.0525,5.395,0.595762,3.214134,109.373222
SPHINCS+-SHA2-128f-simple_run30,active,34.065241,5.39625,0.59755,3.224527,109.414306
SPHINCS+-SHA2-128f-simple_run30,active,34.077982,5.39625,0.595046,3.211019,109.455218
SPHINCS+-SHA2-128f-simple_run30,active,34.090725,5.3975,0.59594,3.216588,109.496205
SPHINCS+-SHA2-128f-simple_run30,active,34.103465,5.39625,0.597728,3.225492,109.537299
SPHINCS+-SHA2-128f-simple_run30,active,34.116211,5.39625,0.595583,3.213914,109.578264
SPHINCS+-SHA2-128f-simple_run30,active,34.12897,5.3875,0.591828,3.188473,109.618944
SPHINCS+-SHA2-128f-simple_run30,active,34.141711,5.39625,0.595404,3.212949,109.65988
SPHINCS+-SHA2-128f-simple_run30,active,34.154454,5.39625,0.595404,3.212949,109.700824
SPHINCS+-SHA2-128f-simple_run30,active,34.167195,5.39875,0.595404,3.214437,109.74178
SPHINCS+-SHA2-128f-simple_run30,active,34.179934,5.39875,0.595046,3.212507,109.782704
SPHINCS+-SHA2-128f-simple_run30,active,34.192677,5.39625,0.596119,3.216808,109.823696
SPHINCS+-SHA2-128f-simple_run30,active,34.205416,5.3975,0.600053,3.238785,109.864953
SPHINCS+-SHA2-128f-simple_run30,active,34.218162,5.4025,0.595762,3.218602,109.905979
SPHINCS+-SHA2-128f-simple_run30,active,34.23091,5.39625,0.595583,3.213914,109.946948
SPHINCS+-SHA2-128f-simple_run30,active,34.243652,5.39875,0.595583,3.215403,109.98792
SPHINCS+-SHA2-128f-simple_run30,active,34.256392,5.39625,0.596119,3.216808,110.028902
SPHINCS+-SHA2-128f-simple_run30,active,34.269132,5.39625,0.59755,3.224527,110.069982
SPHINCS+-SHA2-128f-simple_run30,active,34.281873,5.39625,0.596119,3.216808,110.110966
SPHINCS+-SHA2-128f-simple_run30,active,34.294616,5.39625,0.596477,3.218738,110.151983
SPHINCS+-SHA2-128f-simple_run30,active,34.307356,5.39125,0.59594,3.212864,110.192915
SPHINCS+-SHA2-128f-simple_run30,active,34.320101,5.3925,0.595404,3.210716,110.233836
SPHINCS+-SHA2-128f-simple_run30,active,34.332846,5.39875,0.596119,3.218299,110.274854
SPHINCS+-SHA2-128f-simple_run30,active,34.345588,5.39625,0.595762,3.214879,110.315817
SPHINCS+-SHA2-128f-simple_run30,active,34.358329,5.3975,0.592722,3.199217,110.35658
SPHINCS+-SHA2-128f-simple_run30,active,34.371073,5.395,0.595762,3.214134,110.397541
SPHINCS+-SHA2-128f-simple_run30,active,34.383813,5.39,0.595046,3.2073,110.438402
SPHINCS+-SHA2-128f-simple_run30,active,34.396556,5.39875,0.595404,3.214437,110.479361
SPHINCS+-SHA2-128f-simple_run30,active,34.409296,5.395,0.59594,3.215098,110.520324
SPHINCS+-SHA2-128f-simple_run30,active,34.422044,5.39625,0.594689,3.209089,110.561232
SPHINCS+-SHA2-128f-simple_run30,active,34.43479,5.3975,0.595583,3.214658,110.602208
SPHINCS+-SHA2-128f-simple_run30,active,34.447532,5.3975,0.59594,3.216588,110.643194
SPHINCS+-SHA2-128f-simple_run30,active,34.460271,5.3825,0.593437,3.194176,110.683883
SPHINCS+-SHA2-128f-simple_run30,active,34.473052,5.39625,0.595583,3.213914,110.724961
SPHINCS+-SHA2-128f-simple_run30,active,34.488667,5.39625,0.595583,3.213914,110.775144
SPHINCS+-SHA2-128f-simple_run30,active,34.501425,5.39625,0.596834,3.220668,110.816236
SPHINCS+-SHA2-128f-simple_run30,active,34.514169,5.39625,0.595762,3.214879,110.857206
SPHINCS+-SHA2-128f-simple_run30,active,34.526921,5.39875,0.59594,3.217333,110.898233
SPHINCS+-SHA2-128f-simple_run30,active,34.539666,5.39125,0.595583,3.210936,110.939156
SPHINCS+-SHA2-128f-simple_run30,active,34.552409,5.395,0.595583,3.213169,110.9801
SPHINCS+-SHA2-128f-simple_run30,active,34.56515,5.39875,0.59594,3.217333,111.021093
SPHINCS+-SHA2-128f-simple_run30,active,34.57789,5.39375,0.595583,3.212425,111.06202
SPHINCS+-SHA2-128f-simple_run30,active,34.590633,5.39875,0.595583,3.215403,111.102992
SPHINCS+-SHA2-128f-simple_run30,active,34.603374,5.39875,0.595583,3.215403,111.14396
SPHINCS+-SHA2-128f-simple_run30,active,34.616112,5.39625,0.595583,3.213914,111.184899
SPHINCS+-SHA2-128f-simple_run30,active,34.628859,5.39125,0.595583,3.210936,111.225831
SPHINCS+-SHA2-128f-simple_run30,active,34.641607,5.3975,0.596119,3.217553,111.266846
SPHINCS+-SHA2-128f-simple_run30,active,34.654346,5.3975,0.596119,3.217553,111.307833
SPHINCS+-SHA2-128f-simple_run30,active,34.667089,5.3975,0.596119,3.217553,111.348836
SPHINCS+-SHA2-128f-simple_run30,active,34.679828,5.39625,0.594868,3.210054,111.389729
SPHINCS+-SHA2-128f-simple_run30,active,34.69257,5.3975,0.594689,3.209833,111.43063
SPHINCS+-SHA2-128f-simple_run30,active,34.705318,5.3975,0.595583,3.214658,111.471611
SPHINCS+-SHA2-128f-simple_run30,active,34.718058,5.4,0.596298,3.220009,111.512633
SPHINCS+-SHA2-128f-simple_run30,active,34.730807,5.39625,0.600589,3.240929,111.553952
SPHINCS+-SHA2-128f-simple_run30,active,34.743551,5.39875,0.595583,3.215403,111.594928
SPHINCS+-SHA2-128f-simple_run30,active,34.75629,5.3975,0.59594,3.216588,111.635903
SPHINCS+-SHA2-128f-simple_run30,active,34.769059,5.39625,0.592007,3.194617,111.676697
SPHINCS+-SHA2-128f-simple_run30,active,34.781799,5.39625,0.596298,3.217773,111.717691
SPHINCS+-SHA2-128f-simple_run30,active,34.794544,5.3825,0.595583,3.205724,111.758546
SPHINCS+-SHA2-128f-simple_run30,active,34.807304,5.3975,0.592901,3.200182,111.799381
SPHINCS+-SHA2-128f-simple_run30,active,34.820055,5.4,0.596298,3.220009,111.84044
SPHINCS+-SHA2-128f-simple_run30,active,34.832806,5.3975,0.59594,3.216588,111.881456
SPHINCS+-SHA2-128f-simple_run30,active,34.845552,5.39875,0.596119,3.218299,111.922475
SPHINCS+-SHA2-128f-simple_run30,active,34.858292,5.39625,0.601483,3.245754,111.963827
SPHINCS+-SHA2-128f-simple_run30,active,34.871036,5.39625,0.595404,3.212949,112.004772
SPHINCS+-SHA2-128f-simple_run30,active,34.883775,5.39625,0.597728,3.225492,112.045862
SPHINCS+-SHA2-128f-simple_run30,active,34.896516,5.39875,0.596477,3.220229,112.08689
SPHINCS+-SHA2-128f-simple_run30,active,34.909258,5.40125,0.598086,3.230412,112.128052
SPHINCS+-SHA2-128f-simple_run30,active,34.921998,5.39625,0.595583,3.213914,112.168998
SPHINCS+-SHA2-128f-simple_run30,active,34.934746,5.39625,0.595583,3.213914,112.20997
SPHINCS+-SHA2-128f-simple_run30,active,34.947492,5.39875,0.596119,3.218299,112.25099
SPHINCS+-SHA2-128f-simple_run30,active,34.960232,5.39625,0.59594,3.215843,112.29196
SPHINCS+-SHA2-128f-simple_run30,active,34.972972,5.39625,0.595583,3.213914,112.332904
SPHINCS+-SHA2-128f-simple_run30,active,34.985712,5.3975,0.595404,3.213693,112.373848
SPHINCS+-SHA2-128f-simple_run30,active,34.998456,5.39375,0.594331,3.205674,112.4147
SPHINCS+-SHA2-128f-simple_run30,active,35.011197,5.3975,0.595046,3.211763,112.45562
SPHINCS+-SHA2-128f-simple_run30,active,35.023941,5.39375,0.59594,3.214354,112.496585
SPHINCS+-SHA2-128f-simple_run30,active,35.036689,5.38125,0.596119,3.207866,112.53748
SPHINCS+-SHA2-128f-simple_run30,active,35.049436,5.3925,0.595583,3.21168,112.578416
SPHINCS+-SHA2-128f-simple_run30,active,35.062179,5.39625,0.594868,3.210054,112.619325
SPHINCS+-SHA2-128f-simple_run30,active,35.074922,5.3975,0.595583,3.214658,112.660287
SPHINCS+-SHA2-128f-simple_run30,active,35.087662,5.4025,0.595583,3.217636,112.701282
SPHINCS+-SHA2-128f-simple_run30,active,35.100404,5.39625,0.595762,3.214879,112.742245
SPHINCS+-SHA2-128f-simple_run30,active,35.113148,5.3925,0.595583,3.21168,112.783173
SPHINCS+-SHA2-128f-simple_run30,active,35.125896,5.39625,0.596119,3.216808,112.824183
SPHINCS+-SHA2-128f-simple_run30,active,35.138646,5.3975,0.59594,3.216588,112.865192
SPHINCS+-SHA2-128f-simple_run30,active,35.151393,5.3975,0.595404,3.213693,112.906157
SPHINCS+-SHA2-128f-simple_run30,active,35.164133,5.3975,0.595583,3.214658,112.947114
SPHINCS+-SHA2-128f-simple_run30,active,35.176876,5.39375,0.59594,3.214354,112.988074
SPHINCS+-SHA2-128f-simple_run30,active,35.189619,5.39625,0.596834,3.220668,113.029114
SPHINCS+-SHA2-128f-simple_run30,active,35.202359,5.3975,0.59594,3.216588,113.070095
SPHINCS+-SHA2-128f-simple_run30,active,35.215104,5.39625,0.595583,3.213914,113.111055
SPHINCS+-SHA2-128f-simple_run30,active,35.227844,5.39375,0.602377,3.249072,113.152447
SPHINCS+-SHA2-128f-simple_run30,active,35.240592,5.3975,0.595762,3.215623,113.193442
SPHINCS+-SHA2-128f-simple_run30,active,35.253337,5.395,0.595583,3.213169,113.234393
SPHINCS+-SHA2-128f-simple_run30,active,35.266078,5.39625,0.595583,3.213914,113.275342
SPHINCS+-SHA2-128f-simple_run30,active,35.278822,5.38625,0.595583,3.207958,113.316223
SPHINCS+-SHA2-128f-simple_run30,active,35.291564,5.3975,0.596119,3.217553,113.357221
SPHINCS+-SHA2-128f-simple_run30,active,35.304336,5.39875,0.598444,3.230847,113.398486
SPHINCS+-SHA2-128f-simple_run30,active,35.317083,5.39875,0.596477,3.220229,113.439535
SPHINCS+-SHA2-128f-simple_run30,active,35.329825,5.39625,0.597371,3.223562,113.480609
SPHINCS+-SHA2-128f-simple_run30,active,35.342574,5.39625,0.595404,3.212949,113.521572
SPHINCS+-SHA2-128f-simple_run30,active,35.355319,5.39625,0.595762,3.214879,113.562545
SPHINCS+-SHA2-128f-simple_run30,active,35.368059,5.3975,0.592901,3.200182,113.603314
SPHINCS+-SHA2-128f-simple_run30,active,35.3808,5.385,0.596298,3.211065,113.644227
SPHINCS+-SHA2-128f-simple_run30,active,35.39354,5.395,0.595583,3.213169,113.685163
SPHINCS+-SHA2-128f-simple_run30,active,35.406282,5.39875,0.597907,3.227951,113.726293
SPHINCS+-SHA2-128f-simple_run30,active,35.419025,5.39625,0.596477,3.218738,113.767311
SPHINCS+-SHA2-128f-simple_run30,active,35.431764,5.39625,0.595583,3.213914,113.808251
SPHINCS+-SHA2-128f-simple_run30,active,35.444511,5.395,0.597907,3.225709,113.849369
SPHINCS+-SHA2-128f-simple_run30,active,35.457255,5.3975,0.595762,3.215623,113.890349
SPHINCS+-SHA2-128f-simple_run30,active,35.469996,5.39875,0.596119,3.218299,113.931355
SPHINCS+-SHA2-128f-simple_run30,active,35.48274,5.38375,0.595046,3.203581,113.97218
SPHINCS+-SHA2-128f-simple_run30,active,35.49548,5.39875,0.595583,3.215403,114.013144
SPHINCS+-SHA2-128f-simple_run30,active,35.508218,5.395,0.597907,3.225709,114.054233
SPHINCS+-SHA2-128f-simple_run30,active,35.520958,5.3975,0.595225,3.212728,114.095163
SPHINCS+-SHA2-128f-simple_run30,active,35.533699,5.395,0.595225,3.21124,114.136077
SPHINCS+-SHA2-128f-simple_run30,active,35.546448,5.3975,0.595583,3.214658,114.177063
SPHINCS+-SHA2-128f-simple_run30,active,35.559194,5.4,0.596656,3.22194,114.218129
SPHINCS+-SHA2-128f-simple_run30,active,35.571933,5.3975,0.595762,3.215623,114.259092
SPHINCS+-SHA2-128f-simple_run30,active,35.584675,5.38625,0.59594,3.209884,114.299995
SPHINCS+-SHA2-128f-simple_run30,active,35.597415,5.39625,0.596477,3.218738,114.341001
SPHINCS+-SHA2-128f-simple_run30,active,35.610155,5.39625,0.59594,3.215843,114.381971
SPHINCS+-SHA2-128f-simple_run30,active,35.622897,5.39875,0.595583,3.215403,114.422939
SPHINCS+-SHA2-128f-simple_run30,active,35.635636,5.3975,0.595404,3.213693,114.463881
SPHINCS+-SHA2-128f-simple_run30,active,35.648373,5.39375,0.595762,3.213389,114.50481
SPHINCS+-SHA2-128f-simple_run30,active,35.661118,5.39625,0.595225,3.211984,114.545745
SPHINCS+-SHA2-128f-simple_run30,active,35.67386,5.39625,0.595225,3.211984,114.586672
SPHINCS+-SHA2-128f-simple_run30,active,35.686602,5.38125,0.595583,3.20498,114.62751
SPHINCS+-SHA2-128f-simple_run30,active,35.699342,5.3975,0.595762,3.215623,114.668477
SPHINCS+-SHA2-128f-simple_run30,active,35.712078,5.3975,0.595046,3.211763,114.709384
SPHINCS+-SHA2-128f-simple_run30,active,35.724818,5.39625,0.595583,3.213914,114.750328
SPHINCS+-SHA2-128f-simple_run30,active,35.737557,5.38875,0.602914,3.248951,114.791718
SPHINCS+-SHA2-128f-simple_run30,active,35.750304,5.39625,0.595225,3.211984,114.832658
SPHINCS+-SHA2-128f-simple_run30,active,35.76594,5.39625,0.598265,3.228386,114.883138
SPHINCS+-SHA2-128f-simple_run30,active,35.778702,5.3975,0.595583,3.214658,114.924164
SPHINCS+-SHA2-128f-simple_run30,active,35.791447,5.39875,0.59594,3.217333,114.965168
SPHINCS+-SHA2-128f-simple_run30,active,35.804186,5.3975,0.596119,3.217553,115.006156
SPHINCS+-SHA2-128f-simple_run30,active,35.816926,5.40125,0.597907,3.229446,115.047302
SPHINCS+-SHA2-128f-simple_run30,active,35.829666,5.3975,0.59594,3.216588,115.08828
SPHINCS+-SHA2-128f-simple_run30,active,35.84245,5.3975,0.595583,3.214658,115.129375
SPHINCS+-SHA2-128f-simple_run30,active,35.855203,5.3975,0.595762,3.215623,115.170383
SPHINCS+-SHA2-128f-simple_run30,active,35.867949,5.39875,0.594689,3.210576,115.211307
SPHINCS+-SHA2-128f-simple_run30,active,35.880693,5.39625,0.595583,3.213914,115.252263
SPHINCS+-SHA2-128f-simple_run30,active,35.893433,5.39375,0.594689,3.207603,115.293129
SPHINCS+-SHA2-128f-simple_run30,active,35.906173,5.3975,0.596477,3.219484,115.334146
SPHINCS+-SHA2-128f-simple_run30,active,35.918915,5.40125,0.595583,3.216892,115.375136
SPHINCS+-SHA2-128f-simple_run30,active,35.931654,5.3975,0.59594,3.216588,115.416112
SPHINCS+-SHA2-128f-simple_run30,active,35.944392,5.3975,0.595583,3.214658,115.457059
SPHINCS+-SHA2-128f-simple_run30,active,35.957138,5.40125,0.595225,3.21496,115.498038
SPHINCS+-SHA2-128f-simple_run30,active,35.969881,5.395,0.596119,3.216063,115.53902
SPHINCS+-SHA2-128f-simple_run30,active,35.982624,5.39625,0.59594,3.215843,115.58
SPHINCS+-SHA2-128f-simple_run30,active,35.995365,5.38375,0.595583,3.206469,115.620854
SPHINCS+-SHA2-128f-simple_run30,active,36.008104,5.39625,0.597371,3.223562,115.661917
SPHINCS+-SHA2-128f-simple_run30,active,36.020842,5.395,0.59594,3.215098,115.702874
SPHINCS+-SHA2-128f-simple_run30,active,36.033582,5.3975,0.59594,3.216588,115.74385
SPHINCS+-SHA2-128f-simple_run30,active,36.046322,5.395,0.595225,3.21124,115.784762
SPHINCS+-SHA2-128f-simple_run30,active,36.05907,5.39625,0.596477,3.218738,115.825795
SPHINCS+-SHA2-128f-simple_run30,active,36.071815,5.3975,0.59594,3.216588,115.866791
SPHINCS+-SHA2-128f-simple_run30,active,36.084557,5.39625,0.597371,3.223562,115.907866
SPHINCS+-SHA2-128f-simple_run30,active,36.097297,5.38875,0.59147,3.187286,115.948471
SPHINCS+-SHA2-128f-simple_run30,active,36.110038,5.39875,0.595404,3.214437,115.989426
SPHINCS+-SHA2-128f-simple_run30,active,36.122794,5.39625,0.595225,3.211984,116.0304
SPHINCS+-SHA2-128f-simple_run30,active,36.135536,5.39625,0.595583,3.213914,116.071349
SPHINCS+-SHA2-128f-simple_run30,active,36.148277,5.39625,0.590398,3.185933,116.111942
SPHINCS+-SHA2-128f-simple_run30,active,36.161059,5.3975,0.604165,3.260982,116.153623
SPHINCS+-SHA2-128f-simple_run30,active,36.173799,5.3975,0.59594,3.216588,116.194603
SPHINCS+-SHA2-128f-simple_run30,active,36.186545,5.39625,0.592543,3.197511,116.235358
SPHINCS+-SHA2-128f-simple_run30,active,36.199288,5.385,0.595583,3.207213,116.276227
SPHINCS+-SHA2-128f-simple_run30,active,36.212027,5.39625,0.595225,3.211984,116.317145
SPHINCS+-SHA2-128f-simple_run30,active,36.224767,5.39625,0.597371,3.223562,116.358215
SPHINCS+-SHA2-128f-simple_run30,active,36.237507,5.395,0.596298,3.217028,116.399199
SPHINCS+-SHA2-128f-simple_run30,active,36.250247,5.39875,0.595583,3.215403,116.440164
SPHINCS+-SHA2-128f-simple_run30,active,36.262998,5.39875,0.595583,3.215403,116.481164
SPHINCS+-SHA2-128f-simple_run30,active,36.275771,5.39625,0.595583,3.213914,116.522214
SPHINCS+-SHA2-128f-simple_run30,active,36.288514,5.3975,0.595225,3.212728,116.563154
SPHINCS+-SHA2-128f-simple_run30,active,36.301257,5.3825,0.594689,3.200912,116.603942
SPHINCS+-SHA2-128f-simple_run30,active,36.313998,5.3975,0.59594,3.216588,116.644926
SPHINCS+-SHA2-128f-simple_run30,active,36.326742,5.3975,0.593795,3.205007,116.68577
SPHINCS+-SHA2-128f-simple_run30,active,36.339484,5.39625,0.595762,3.214879,116.726736
SPHINCS+-SHA2-128f-simple_run30,active,36.352224,5.3975,0.595225,3.212728,116.767664
SPHINCS+-SHA2-128f-simple_run30,active,36.364971,5.3975,0.596119,3.217553,116.808677
SPHINCS+-SHA2-128f-simple_run30,active,36.377716,5.395,0.595225,3.21124,116.849606
SPHINCS+-SHA2-128f-simple_run30,active,36.390461,5.39375,0.595583,3.212425,116.890548
SPHINCS+-SHA2-128f-simple_run30,active,36.403201,5.38125,0.59594,3.206904,116.931405
SPHINCS+-SHA2-128f-simple_run30,active,36.41594,5.39625,0.596477,3.218738,116.972406
SPHINCS+-SHA2-128f-simple_run30,active,36.428679,5.3975,0.59594,3.216588,117.013384
SPHINCS+-SHA2-128f-simple_run30,active,36.44142,5.3975,0.595583,3.214658,117.054342
SPHINCS+-SHA2-128f-simple_run30,active,36.454161,5.39875,0.595762,3.216368,117.09532
SPHINCS+-SHA2-128f-simple_run30,active,36.466911,5.3925,0.593437,3.20011,117.136121
SPHINCS+-SHA2-128f-simple_run30,active,36.479656,5.39625,0.595583,3.213914,117.177086
SPHINCS+-SHA2-128f-simple_run30,active,36.492399,5.3975,0.595583,3.214658,117.218049
SPHINCS+-SHA2-128f-simple_run30,active,36.505141,5.39875,0.59594,3.217333,117.259043
SPHINCS+-SHA2-128f-simple_run30,active,36.517879,5.3925,0.59594,3.213609,117.29998
SPHINCS+-SHA2-128f-simple_run30,active,36.530623,5.3975,0.595583,3.214658,117.340945
SPHINCS+-SHA2-128f-simple_run30,active,36.543365,5.39875,0.595583,3.215403,117.381916
SPHINCS+-SHA2-128f-simple_run30,active,36.556105,5.40125,0.595225,3.21496,117.422874
SPHINCS+-SHA2-128f-simple_run30,active,36.568853,5.3975,0.595583,3.214658,117.463855
SPHINCS+-SHA2-128f-simple_run30,active,36.581599,5.39625,0.596656,3.219703,117.504896
SPHINCS+-SHA2-128f-simple_run30,active,36.594342,5.39625,0.595762,3.214879,117.545862
SPHINCS+-SHA2-128f-simple_run30,active,36.607087,5.405,0.59594,3.221058,117.586914
SPHINCS+-SHA2-128f-simple_run30,active,36.619827,5.3975,0.595583,3.214658,117.627867
SPHINCS+-SHA2-128f-simple_run30,active,36.632566,5.3975,0.595046,3.211763,117.668785
SPHINCS+-SHA2-128f-simple_run30,active,36.645308,5.39625,0.598265,3.228386,117.709921
SPHINCS+-SHA2-128f-simple_run30,active,36.658049,5.39625,0.595046,3.211019,117.75083
SPHINCS+-SHA2-128f-simple_run30,active,36.670797,5.3975,0.595762,3.215623,117.791825
SPHINCS+-SHA2-128f-simple_run30,active,36.683543,5.3975,0.596834,3.221414,117.832885
SPHINCS+-SHA2-128f-simple_run30,active,36.696285,5.3975,0.596834,3.221414,117.873932
SPHINCS+-SHA2-128f-simple_run30,active,36.709067,5.3975,0.595583,3.214658,117.915019
SPHINCS+-SHA2-128f-simple_run30,active,36.721815,5.395,0.595762,3.214134,117.955994
SPHINCS+-SHA2-128f-simple_run30,active,36.734561,5.39625,0.595404,3.212949,117.996947
SPHINCS+-SHA2-128f-simple_run30,active,36.747304,5.39875,0.590934,3.190305,118.037601
SPHINCS+-SHA2-128f-simple_run30,active,36.760045,5.39875,0.595762,3.216368,118.07858
SPHINCS+-SHA2-128f-simple_run30,active,36.772794,5.3975,0.595762,3.215623,118.119577
SPHINCS+-SHA2-128f-simple_run30,active,36.78554,5.39875,0.593974,3.206715,118.160449
SPHINCS+-SHA2-128f-simple_run30,active,36.798281,5.39625,0.594331,3.20716,118.201313
SPHINCS+-SHA2-128f-simple_run30,active,36.811026,5.395,0.59594,3.215098,118.242288
SPHINCS+-SHA2-128f-simple_run30,active,36.823766,5.3975,0.595583,3.214658,118.283242
SPHINCS+-SHA2-128f-simple_run30,active,36.836508,5.39875,0.59147,3.193201,118.323931
SPHINCS+-SHA2-128f-simple_run30,active,36.849249,5.395,0.59594,3.215098,118.364894
SPHINCS+-SHA2-128f-simple_run30,active,36.86199,5.39875,0.596477,3.220229,118.405923
SPHINCS+-SHA2-128f-simple_run30,active,36.87474,5.39875,0.593258,3.202854,118.44676
SPHINCS+-SHA2-128f-simple_run30,active,36.887486,5.39625,0.59147,3.191722,118.48744
SPHINCS+-SHA2-128f-simple_run30,active,36.900227,5.395,0.59594,3.215098,118.528405
SPHINCS+-SHA2-128f-simple_run30,active,36.912967,5.395,0.59594,3.215098,118.569365
SPHINCS+-SHA2-128f-simple_run30,active,36.925708,5.39625,0.593437,3.202335,118.610167
SPHINCS+-SHA2-128f-simple_run30,active,36.938452,5.39625,0.595583,3.213914,118.651124
SPHINCS+-SHA2-128f-simple_run30,active,36.951197,5.3975,0.595583,3.214658,118.692095
SPHINCS+-SHA2-128f-simple_run30,active,36.963937,5.39375,0.596119,3.215318,118.733057
SPHINCS+-SHA2-128f-simple_run30,active,36.976684,5.4,0.597371,3.225802,118.774178
SPHINCS+-SHA2-128f-simple_run30,active,36.98943,5.39625,0.59594,3.215843,118.815168
SPHINCS+-SHA2-128f-simple_run30,active,37.002172,5.3975,0.595583,3.214658,118.856126
SPHINCS+-SHA2-128f-simple_run30,active,37.014916,5.3975,0.595583,3.214658,118.897094
SPHINCS+-SHA2-128f-simple_run30,active,37.027656,5.3975,0.59594,3.216588,118.938076
SPHINCS+-SHA2-128f-simple_run30,active,37.043288,5.3975,0.595762,3.215623,118.98834
SPHINCS+-SHA2-128f-simple_run30,active,37.056052,5.3975,0.594868,3.210798,119.029323
SPHINCS+-SHA2-128f-simple_run30,active,37.068798,5.3975,0.596298,3.218518,119.070348
SPHINCS+-SHA2-128f-simple_run30,active,37.081547,5.3975,0.59594,3.216588,119.111354
SPHINCS+-SHA2-128f-simple_run30,active,37.094291,5.39625,0.596298,3.217773,119.152364
SPHINCS+-SHA2-128f-simple_run30,active,37.107037,5.39625,0.594331,3.20716,119.193241
SPHINCS+-SHA2-128f-simple_run30,active,37.119777,5.39625,0.59594,3.215843,119.234212
SPHINCS+-SHA2-128f-simple_run30,active,37.132528,5.39625,0.595583,3.213914,119.275193
SPHINCS+-SHA2-128f-simple_run30,active,37.145269,5.39625,0.592364,3.196546,119.315918
SPHINCS+-SHA2-128f-simple_run30,active,37.158013,5.39625,0.595225,3.211984,119.356852
SPHINCS+-SHA2-128f-simple_run30,active,37.170756,5.3975,0.596119,3.217553,119.397853
SPHINCS+-SHA2-128f-simple_run30,active,37.183516,5.38375,0.595046,3.203581,119.438733
SPHINCS+-SHA2-128f-simple_run30,active,37.196384,5.395,0.595583,3.213169,119.480078
SPHINCS+-SHA2-128f-simple_run30,active,37.209133,5.39625,0.59594,3.215843,119.521077
SPHINCS+-SHA2-128f-simple_run30,active,37.221878,5.39625,0.595762,3.214879,119.562052
SPHINCS+-SHA2-128f-simple_run30,active,37.234624,5.3975,0.596477,3.219484,119.603088
SPHINCS+-SHA2-128f-simple_run30,active,37.247373,5.395,0.595762,3.214134,119.644063
SPHINCS+-SHA2-128f-simple_run30,active,37.260113,5.39625,0.596119,3.216808,119.685047
SPHINCS+-SHA2-128f-simple_run30,active,37.272854,5.39625,0.596119,3.216808,119.726031
SPHINCS+-SHA2-128f-simple_run30,active,37.285604,5.3975,0.59308,3.201147,119.766847
SPHINCS+-SHA2-128f-simple_run30,active,37.298351,5.39625,0.59594,3.215843,119.807837
SPHINCS+-SHA2-128f-simple_run30,active,37.311094,5.39625,0.595583,3.213914,119.848794
SPHINCS+-SHA2-128f-simple_run30,active,37.323835,5.39625,0.600589,3.240929,119.890085
SPHINCS+-SHA2-128f-simple_run30,active,37.336589,5.40125,0.593437,3.205303,119.930967
SPHINCS+-SHA2-128f-simple_run30,active,37.349332,5.3975,0.594152,3.206938,119.971831
SPHINCS+-SHA2-128f-simple_run30,active,37.362076,5.3975,0.594868,3.210798,120.012752
SPHINCS+-SHA2-128f-simple_run30,active,37.37482,5.3975,0.59594,3.216588,120.053743
SPHINCS+-SHA2-128f-simple_run30,active,37.387569,5.40125,0.596119,3.219789,120.094791
SPHINCS+-SHA2-128f-simple_run30,active,37.400337,5.395,0.596119,3.216063,120.135853
SPHINCS+-SHA2-128f-simple_run30,active,37.413082,5.3975,0.595225,3.212728,120.176802
SPHINCS+-SHA2-128f-simple_run30,active,37.425824,5.38875,0.598265,3.223899,120.21788
SPHINCS+-SHA2-128f-simple_run30,active,37.438569,5.39625,0.596298,3.217773,120.25889
SPHINCS+-SHA2-128f-simple_run30,active,37.45131,5.39625,0.596119,3.216808,120.299875
SPHINCS+-SHA2-128f-simple_run30,active,37.464052,5.39625,0.596834,3.220668,120.340912
SPHINCS+-SHA2-128f-simple_run30,active,37.476794,5.39625,0.596656,3.219703,120.381938
SPHINCS+-SHA2-128f-simple_run30,active,37.489541,5.3975,0.598265,3.229134,120.423102
SPHINCS+-SHA2-128f-simple_run30,active,37.502287,5.3975,0.595762,3.215623,120.464087
SPHINCS+-SHA2-128f-simple_run30,active,37.51503,5.3975,0.595404,3.213693,120.50504
SPHINCS+-SHA2-128f-simple_run30,active,37.527772,5.3975,0.596119,3.217553,120.546037
SPHINCS+-SHA2-128f-simple_run30,active,37.540512,5.395,0.596298,3.217028,120.587021
SPHINCS+-SHA2-128f-simple_run30,active,37.553253,5.3975,0.596477,3.219484,120.628042
SPHINCS+-SHA2-128f-simple_run30,active,37.565994,5.39875,0.596656,3.221194,120.669082
SPHINCS+-SHA2-128f-simple_run30,active,37.578737,5.3975,0.595762,3.215623,120.710059
SPHINCS+-SHA2-128f-simple_run30,active,37.591485,5.39625,0.602377,3.250578,120.751498
SPHINCS+-SHA2-128f-simple_run30,active,37.604226,5.395,0.59594,3.215098,120.792462
SPHINCS+-SHA2-128f-simple_run30,active,37.616968,5.3975,0.591649,3.193427,120.83315
SPHINCS+-SHA2-128f-simple_run30,active,37.629709,5.3975,0.596477,3.219484,120.874171
SPHINCS+-SHA2-128f-simple_run30,active,37.642453,5.39625,0.596298,3.217773,120.915178
SPHINCS+-SHA2-128f-simple_run30,active,37.655194,5.3975,0.601841,3.248436,120.956567
SPHINCS+-SHA2-128f-simple_run30,active,37.667935,5.3975,0.59594,3.216588,120.997549
SPHINCS+-SHA2-128f-simple_run30,active,37.680676,5.3975,0.595762,3.215623,121.038519
SPHINCS+-SHA2-128f-simple_run30,active,37.693423,5.39625,0.595762,3.214879,121.0795
SPHINCS+-SHA2-128f-simple_run30,active,37.70617,5.39875,0.590576,3.188374,121.120141
SPHINCS+-SHA2-128f-simple_run30,active,37.718919,5.3975,0.59594,3.216588,121.161149
SPHINCS+-SHA2-128f-simple_run30,active,37.73166,5.3975,0.59594,3.216588,121.202133
SPHINCS+-SHA2-128f-simple_run30,active,37.7444,5.39625,0.596656,3.219703,121.243151
SPHINCS+-SHA2-128f-simple_run30,active,37.75714,5.39625,0.595583,3.213914,121.284097
SPHINCS+-SHA2-128f-simple_run30,active,37.769881,5.3975,0.59594,3.216588,121.325079
SPHINCS+-SHA2-128f-simple_run30,active,37.782624,5.39625,0.596119,3.216808,121.366072
SPHINCS+-SHA2-128f-simple_run30,active,37.795371,5.3975,0.596834,3.221414,121.407136
SPHINCS+-SHA2-128f-simple_run30,active,37.808113,5.3975,0.595583,3.214658,121.448096
SPHINCS+-SHA2-128f-simple_run30,active,37.820855,5.39625,0.595583,3.213914,121.489047
SPHINCS+-SHA2-128f-simple_run30,active,37.833596,5.3975,0.595225,3.212728,121.529982
SPHINCS+-SHA2-128f-simple_run30,active,37.846337,5.4,0.595046,3.213251,121.57092
SPHINCS+-SHA2-128f-simple_run30,active,37.859082,5.39625,0.595225,3.211984,121.611857
SPHINCS+-SHA2-128f-simple_run30,active,37.871824,5.39625,0.595762,3.214879,121.652822
SPHINCS+-SHA2-128f-simple_run30,active,37.884566,5.39625,0.599338,3.234176,121.694033
SPHINCS+-SHA2-128f-simple_run30,active,37.897314,5.39625,0.597013,3.221632,121.735102
SPHINCS+-SHA2-128f-simple_run30,active,37.910059,5.39625,0.595762,3.214879,121.776074
SPHINCS+-SHA2-128f-simple_run30,active,37.922802,5.39625,0.595583,3.213914,121.817029
SPHINCS+-SHA2-128f-simple_run30,active,37.935546,5.395,0.594689,3.208346,121.857916
SPHINCS+-SHA2-128f-simple_run30,active,37.948285,5.3925,0.595762,3.212644,121.898844
SPHINCS+-SHA2-128f-simple_run30,active,37.961072,5.395,0.595583,3.213169,121.939929
SPHINCS+-SHA2-128f-simple_run30,active,37.973813,5.39625,0.595583,3.213914,121.980878
SPHINCS+-SHA2-128f-simple_run30,active,37.986552,5.3975,0.595762,3.215623,122.021842
SPHINCS+-SHA2-128f-simple_run30,active,37.999301,5.39625,0.599159,3.233211,122.063063
SPHINCS+-SHA2-128f-simple_run30,active,38.012045,5.39625,0.59594,3.215843,122.104046
SPHINCS+-SHA2-128f-simple_run30,active,38.024788,5.3925,0.598265,3.226143,122.145155
SPHINCS+-SHA2-128f-simple_run30,active,38.037529,5.395,0.595762,3.214134,122.186105
SPHINCS+-SHA2-128f-simple_run30,active,38.050269,5.39875,0.595225,3.213472,122.227047
SPHINCS+-SHA2-128f-simple_run30,active,38.063012,5.3975,0.595583,3.214658,122.268009
SPHINCS+-SHA2-128f-simple_run30,active,38.075753,5.40125,0.593795,3.207234,122.308873
SPHINCS+-SHA2-128f-simple_run30,active,38.088494,5.395,0.595404,3.212205,122.3498
SPHINCS+-SHA2-128f-simple_run30,active,38.101241,5.395,0.595225,3.21124,122.390733
SPHINCS+-SHA2-128f-simple_run30,active,38.11399,5.3975,0.595583,3.214658,122.431718
SPHINCS+-SHA2-128f-simple_run30,active,38.126753,5.39625,0.596298,3.217773,122.472787
SPHINCS+-SHA2-128f-simple_run30,active,38.139494,5.39875,0.595583,3.215403,122.513753
SPHINCS+-SHA2-128f-simple_run30,active,38.152234,5.3975,0.594868,3.210798,122.554659
SPHINCS+-SHA2-128f-simple_run30,active,38.164975,5.395,0.58557,3.15915,122.594912
SPHINCS+-SHA2-128f-simple_run30,active,38.177717,5.3975,0.593437,3.203077,122.635723
SPHINCS+-SHA2-128f-simple_run30,active,38.190467,5.39625,0.593616,3.2033,122.676565
SPHINCS+-SHA2-128f-simple_run30,active,38.203217,5.3975,0.59594,3.216588,122.717577
SPHINCS+-SHA2-128f-simple_run30,active,38.215963,5.3975,0.59147,3.192461,122.758267
SPHINCS+-SHA2-128f-simple_run30,active,38.228707,5.395,0.595583,3.213169,122.799217
SPHINCS+-SHA2-128f-simple_run30,active,38.241445,5.39625,0.595762,3.214879,122.840168
SPHINCS+-SHA2-128f-simple_run30,active,38.254188,5.39625,0.59147,3.191722,122.880839
SPHINCS+-SHA2-128f-simple_run30,active,38.266937,5.3975,0.593616,3.204042,122.921689
SPHINCS+-SHA2-128f-simple_run30,active,38.279678,5.39625,0.593616,3.2033,122.962503
SPHINCS+-SHA2-128f-simple_run30,active,38.292415,5.39625,0.593437,3.202335,123.003289
SPHINCS+-SHA2-128f-simple_run30,active,38.30517,5.3975,0.594868,3.210798,123.044245
SPHINCS+-SHA2-128f-simple_run30,active,38.320887,5.39125,0.595404,3.209972,123.094695
SPHINCS+-SHA2-128f-simple_run30,active,38.333666,5.39625,0.595762,3.214879,123.135777
SPHINCS+-SHA2-128f-simple_run30,active,38.346449,5.3975,0.593437,3.203077,123.176724
SPHINCS+-SHA2-128f-simple_run30,active,38.359201,5.39875,0.593795,3.20575,123.217602
SPHINCS+-SHA2-128f-simple_run30,active,38.371939,5.39625,0.593258,3.201371,123.258383
SPHINCS+-SHA2-128f-simple_run30,active,38.384681,5.39875,0.595225,3.213472,123.299329
SPHINCS+-SHA2-128f-simple_run30,active,38.397422,5.39625,0.596119,3.216808,123.340314
SPHINCS+-SHA2-128f-simple_run30,active,38.410172,5.395,0.600947,3.242108,123.381649
SPHINCS+-SHA2-128f-simple_run30,active,38.422918,5.395,0.595583,3.213169,123.422605
SPHINCS+-SHA2-128f-simple_run30,active,38.435661,5.39625,0.595225,3.211984,123.463534
SPHINCS+-SHA2-128f-simple_run30,active,38.448399,5.3975,0.595583,3.214658,123.504483
SPHINCS+-SHA2-128f-simple_run30,active,38.461137,5.39625,0.595762,3.214879,123.545436
SPHINCS+-SHA2-128f-simple_run30,active,38.473877,5.39875,0.596477,3.220229,123.58646
SPHINCS+-SHA2-128f-simple_run30,active,38.486619,5.39625,0.591292,3.190757,123.627118
SPHINCS+-SHA2-128f-simple_run30,active,38.499359,5.395,0.59594,3.215098,123.668076
SPHINCS+-SHA2-128f-simple_run30,active,38.512104,5.3975,0.60041,3.240715,123.709381
SPHINCS+-SHA2-128f-simple_run30,active,38.524848,5.3975,0.599695,3.236855,123.750631
SPHINCS+-SHA2-128f-simple_run30,active,38.537588,5.3975,0.595404,3.213693,123.791574
SPHINCS+-SHA2-128f-simple_run30,active,38.550327,5.39625,0.595583,3.213914,123.832516
SPHINCS+-SHA2-128f-simple_run30,active,38.56307,5.3975,0.595046,3.211763,123.873442
SPHINCS+-SHA2-128f-simple_run30,active,38.575808,5.39875,0.594868,3.211541,123.914351
SPHINCS+-SHA2-128f-simple_run30,active,38.58855,5.39625,0.595404,3.212949,123.95529
SPHINCS+-SHA2-128f-simple_run30,active,38.601291,5.3975,0.595583,3.214658,123.996248
SPHINCS+-SHA2-128f-simple_run30,active,38.614037,5.3975,0.597013,3.222379,124.03732
SPHINCS+-SHA2-128f-simple_run30,active,38.62678,5.395,0.59594,3.215098,124.078291
SPHINCS+-SHA2-128f-simple_run30,active,38.639523,5.3975,0.596298,3.218518,124.119304
SPHINCS+-SHA2-128f-simple_run30,active,38.652261,5.39625,0.596656,3.219703,124.160316
SPHINCS+-SHA2-128f-simple_run30,active,38.665006,5.39125,0.595404,3.209972,124.201228
SPHINCS+-SHA2-128f-simple_run30,active,38.677747,5.39875,0.59594,3.217333,124.242219
SPHINCS+-SHA2-128f-simple_run30,active,38.690489,5.3975,0.595225,3.212728,124.283156
SPHINCS+-SHA2-128f-simple_run30,active,38.703229,5.3975,0.595404,3.213693,124.324101
SPHINCS+-SHA2-128f-simple_run30,active,38.715975,5.38375,0.596119,3.209357,124.365007
SPHINCS+-SHA2-128f-simple_run30,active,38.728717,5.3975,0.597192,3.223344,124.406078
SPHINCS+-SHA2-128f-simple_run30,active,38.741466,5.3975,0.595583,3.214658,124.44706
SPHINCS+-SHA2-128f-simple_run30,active,38.754206,5.3975,0.595583,3.214658,124.488016
SPHINCS+-SHA2-128f-simple_run30,active,38.766949,5.395,0.595404,3.212205,124.52895
SPHINCS+-SHA2-128f-simple_run30,active,38.779689,5.3975,0.59594,3.216588,124.569927
SPHINCS+-SHA2-128f-simple_run30,active,38.792429,5.3975,0.595404,3.213693,124.610871
SPHINCS+-SHA2-128f-simple_run30,active,38.80517,5.405,0.595046,3.216226,124.651848
SPHINCS+-SHA2-128f-simple_run30,active,38.817917,5.3975,0.600768,3.242645,124.693183
SPHINCS+-SHA2-128f-simple_run30,active,38.830663,5.39625,0.595583,3.213914,124.734149
SPHINCS+-SHA2-128f-simple_run30,active,38.843407,5.39375,0.595583,3.212425,124.775087
SPHINCS+-SHA2-128f-simple_run30,active,38.856147,5.4,0.595762,3.217113,124.816072
SPHINCS+-SHA2-128f-simple_run30,active,38.868888,5.3975,0.596119,3.217553,124.857067
SPHINCS+-SHA2-128f-simple_run30,active,38.881628,5.3975,0.596834,3.221414,124.898107
SPHINCS+-SHA2-128f-simple_run30,active,38.894369,5.40125,0.59594,3.218823,124.93912
SPHINCS+-SHA2-128f-simple_run30,active,38.907118,5.39375,0.597013,3.22014,124.980173
SPHINCS+-SHA2-128f-simple_run30,active,38.919864,5.39375,0.601841,3.246179,125.021549
SPHINCS+-SHA2-128f-simple_run30,active,38.93261,5.38125,0.595583,3.20498,125.062399
SPHINCS+-SHA2-128f-simple_run30,active,38.945352,5.4,0.595046,3.213251,125.103344
SPHINCS+-SHA2-128f-simple_run30,active,38.958094,5.3975,0.595583,3.214658,125.144303
SPHINCS+-SHA2-128f-simple_run30,active,38.970837,5.39875,0.595583,3.215403,125.185278
SPHINCS+-SHA2-128f-simple_run30,active,38.983579,5.39875,0.595583,3.215403,125.226248
SPHINCS+-SHA2-128f-simple_run30,active,38.996322,5.39625,0.595225,3.211984,125.267177
SPHINCS+-SHA2-128f-simple_run30,active,39.009063,5.39625,0.595404,3.212949,125.308114
SPHINCS+-SHA2-128f-simple_run30,active,39.021811,5.3975,0.600232,3.23975,125.349414
SPHINCS+-SHA2-128f-simple_run30,active,39.034557,5.3975,0.59755,3.225274,125.390526
SPHINCS+-SHA2-128f-simple_run30,active,39.047299,5.3975,0.595404,3.213693,125.431472
SPHINCS+-SHA2-128f-simple_run30,active,39.060036,5.395,0.595583,3.213169,125.4724
SPHINCS+-SHA2-128f-simple_run30,active,39.072776,5.39625,0.59594,3.215843,125.51337
SPHINCS+-SHA2-128f-simple_run30,active,39.085515,5.39625,0.598801,3.231281,125.554533
SPHINCS+-SHA2-128f-simple_run30,active,39.098261,5.39875,0.595583,3.215403,125.595515
SPHINCS+-SHA2-128f-simple_run30,active,39.111004,5.39625,0.595762,3.214879,125.636484
SPHINCS+-SHA2-128f-simple_run30,active,39.123769,5.39625,0.60041,3.239965,125.677841
SPHINCS+-SHA2-128f-simple_run30,active,39.136515,5.39625,0.59594,3.215843,125.718831
SPHINCS+-SHA2-128f-simple_run30,active,39.149259,5.3975,0.595583,3.214658,125.759797
SPHINCS+-SHA2-128f-simple_run30,active,39.161999,5.39625,0.595583,3.213914,125.800744
SPHINCS+-SHA2-128f-simple_run30,active,39.174742,5.39375,0.600053,3.236535,125.841987
SPHINCS+-SHA2-128f-simple_run30,active,39.187492,5.3975,0.593616,3.204042,125.882838
SPHINCS+-SHA2-128f-simple_run30,active,39.200233,5.39875,0.593616,3.204784,125.923671
SPHINCS+-SHA2-128f-simple_run30,active,39.212974,5.3975,0.593437,3.203077,125.96448
SPHINCS+-SHA2-128f-simple_run30,active,39.225715,5.39875,0.599874,3.23857,126.005745
SPHINCS+-SHA2-128f-simple_run30,active,39.238477,5.39875,0.59594,3.217333,126.046803
SPHINCS+-SHA2-128f-simple_run30,active,39.251257,5.39625,0.59594,3.215843,126.0879
SPHINCS+-SHA2-128f-simple_run30,active,39.264009,5.39375,0.592186,3.194101,126.128634
SPHINCS+-SHA2-128f-simple_run30,active,39.276754,5.39875,0.593795,3.20575,126.169489
SPHINCS+-SHA2-128f-simple_run30,active,39.289496,5.3975,0.593795,3.205007,126.210327
SPHINCS+-SHA2-128f-simple_run30,active,39.302234,5.39875,0.595404,3.214437,126.251274
SPHINCS+-SHA2-128f-simple_run30,active,39.314978,5.38625,0.598086,3.221441,126.292329
SPHINCS+-SHA2-128f-simple_run30,active,39.327759,5.3975,0.597371,3.224309,126.333539
SPHINCS+-SHA2-128f-simple_run30,active,39.340499,5.3975,0.595404,3.213693,126.374479
SPHINCS+-SHA2-128f-simple_run30,active,39.353235,5.3975,0.593795,3.205007,126.4153
SPHINCS+-SHA2-128f-simple_run30,active,39.365979,5.39375,0.593437,3.200852,126.45609
SPHINCS+-SHA2-128f-simple_run30,active,39.378722,5.39875,0.593258,3.202854,126.496905
SPHINCS+-SHA2-128f-simple_run30,active,39.391463,5.3975,0.595583,3.214658,126.537863
SPHINCS+-SHA2-128f-simple_run30,active,39.404201,5.3925,0.595404,3.210716,126.578759
SPHINCS+-SHA2-128f-simple_run30,active,39.416939,5.3975,0.59594,3.216588,126.619732
SPHINCS+-SHA2-128f-simple_run30,active,39.429687,5.39625,0.599516,3.23514,126.660975
SPHINCS+-SHA2-128f-simple_run30,active,39.442459,5.39875,0.596298,3.219264,126.702093
SPHINCS+-SHA2-128f-simple_run30,active,39.455205,5.39875,0.597728,3.226986,126.743222
SPHINCS+-SHA2-128f-simple_run30,active,39.467943,5.39625,0.595583,3.213914,126.784163
SPHINCS+-SHA2-128f-simple_run30,active,39.480684,5.3975,0.59594,3.216588,126.825144
SPHINCS+-SHA2-128f-simple_run30,active,39.493423,5.395,0.595583,3.213169,126.866078
SPHINCS+-SHA2-128f-simple_run30,active,39.506165,5.39625,0.596834,3.220668,126.907116
SPHINCS+-SHA2-128f-simple_run30,active,39.518907,5.39625,0.59594,3.215843,126.948091
SPHINCS+-SHA2-128f-simple_run30,active,39.531653,5.3975,0.600589,3.24168,126.989408
SPHINCS+-SHA2-128f-simple_run30,active,39.544396,5.395,0.595225,3.21124,127.030331
SPHINCS+-SHA2-128f-simple_run30,active,39.557134,5.39625,0.596119,3.216808,127.071306
SPHINCS+-SHA2-128f-simple_run30,active,39.569874,5.39625,0.595404,3.212949,127.112238
SPHINCS+-SHA2-128f-simple_run30,active,39.582615,5.39625,0.596298,3.217773,127.153237
SPHINCS+-SHA2-128f-simple_run30,active,39.598272,5.3975,0.595583,3.214658,127.203568
SPHINCS+-SHA2-128f-simple_run30,active,39.611032,5.395,0.595404,3.212205,127.244556
SPHINCS+-SHA2-128f-simple_run30,active,39.623773,5.39375,0.596119,3.215318,127.285522
SPHINCS+-SHA2-128f-simple_run30,active,39.636522,5.39125,0.59594,3.212864,127.326482
SPHINCS+-SHA2-128f-simple_run30,active,39.649266,5.3975,0.596834,3.221414,127.367537
SPHINCS+-SHA2-128f-simple_run30,active,39.662006,5.3975,0.595225,3.212728,127.408466
SPHINCS+-SHA2-128f-simple_run30,active,39.674746,5.39125,0.595046,3.208044,127.449337
SPHINCS+-SHA2-128f-simple_run30,active,39.687483,5.395,0.59594,3.215098,127.490289
SPHINCS+-SHA2-128f-simple_run30,active,39.700223,5.39375,0.595225,3.210496,127.53119
SPHINCS+-SHA2-128f-simple_run30,active,39.712963,5.39125,0.595404,3.209972,127.572084
SPHINCS+-SHA2-128f-simple_run30,active,39.7257,5.40375,0.595225,3.216448,127.613053
SPHINCS+-SHA2-128f-simple_run30,active,39.738448,5.3975,0.595583,3.214658,127.654032
SPHINCS+-SHA2-128f-simple_run30,active,39.751193,5.3975,0.596477,3.219484,127.695067
SPHINCS+-SHA2-128f-simple_run30,active,39.763931,5.39375,0.59594,3.214354,127.736012
SPHINCS+-SHA2-128f-simple_run30,active,39.776669,5.3975,0.595762,3.215623,127.776972
SPHINCS+-SHA2-128f-simple_run30,active,39.789408,5.395,0.59594,3.215098,127.817927
SPHINCS+-SHA2-128f-simple_run30,active,39.802146,5.39625,0.595404,3.212949,127.858856
SPHINCS+-SHA2-128f-simple_run30,active,39.814888,5.40125,0.600947,3.245864,127.900213
SPHINCS+-SHA2-128f-simple_run30,active,39.827627,5.3975,0.59594,3.216588,127.941191
SPHINCS+-SHA2-128f-simple_run30,active,39.840371,5.3975,0.595225,3.212728,127.982133
SPHINCS+-SHA2-128f-simple_run30,active,39.853112,5.39625,0.595762,3.214879,128.023093
SPHINCS+-SHA2-128f-simple_run30,active,39.86585,5.3975,0.594152,3.206938,128.063943
SPHINCS+-SHA2-128f-simple_run30,active,39.87859,5.395,0.595583,3.213169,128.104878
SPHINCS+-SHA2-128f-simple_run30,active,39.891328,5.39625,0.595583,3.213914,128.145819
SPHINCS+-SHA2-128f-simple_run30,active,39.904066,5.39625,0.601304,3.244789,128.187151
SPHINCS+-SHA2-128f-simple_run30,active,39.916806,5.3975,0.596656,3.220449,128.228179
SPHINCS+-SHA2-128f-simple_run30,active,39.929544,5.39625,0.59594,3.215843,128.269143
SPHINCS+-SHA2-128f-simple_run30,active,39.942289,5.3975,0.596834,3.221414,128.310199
SPHINCS+-SHA2-128f-simple_run30,active,39.955034,5.39625,0.601126,3.243824,128.351542
SPHINCS+-SHA2-128f-simple_run30,active,39.967772,5.39625,0.595583,3.213914,128.39248
SPHINCS+-SHA2-128f-simple_run30,active,39.98051,5.3975,0.596656,3.220449,128.433503
SPHINCS+-SHA2-128f-simple_run30,active,39.993248,5.39625,0.598265,3.228386,128.474625
SPHINCS+-SHA2-128f-simple_run30,active,40.005987,5.3975,0.596119,3.217553,128.515615
SPHINCS+-SHA2-128f-simple_run30,active,40.018729,5.395,0.59594,3.215098,128.556581
SPHINCS+-SHA2-128f-simple_run30,active,40.031468,5.39625,0.595762,3.214879,128.597536
SPHINCS+-SHA2-128f-simple_run30,active,40.044213,5.39875,0.597013,3.223125,128.638613
SPHINCS+-SHA2-128f-simple_run30,active,40.056958,5.3975,0.596477,3.219484,128.679645
SPHINCS+-SHA2-128f-simple_run30,active,40.069699,5.39625,0.596119,3.216808,128.720631
SPHINCS+-SHA2-128f-simple_run30,active,40.08244,5.3975,0.596477,3.219484,128.761651
SPHINCS+-SHA2-128f-simple_run30,active,40.09518,5.39625,0.59594,3.215843,128.802622
SPHINCS+-SHA2-128f-simple_run30,active,40.107918,5.39375,0.59594,3.214354,128.843565
SPHINCS+-SHA2-128f-simple_run30,active,40.120673,5.3975,0.596119,3.217553,128.884606
SPHINCS+-SHA2-128f-simple_run30,active,40.133415,5.3925,0.596477,3.216501,128.925589
SPHINCS+-SHA2-128f-simple_run30,active,40.146161,5.39875,0.596477,3.220229,128.966633
SPHINCS+-SHA2-128f-simple_run30,active,40.15891,5.3975,0.595404,3.213693,129.007606
SPHINCS+-SHA2-128f-simple_run30,active,40.171646,5.3975,0.600947,3.24361,129.048918
SPHINCS+-SHA2-128f-simple_run30,active,40.184389,5.39,0.593974,3.201518,129.089715
SPHINCS+-SHA2-128f-simple_run30,active,40.197133,5.3975,0.594689,3.209833,129.130621
SPHINCS+-SHA2-128f-simple_run30,active,40.209876,5.39875,0.594689,3.210576,129.171534
SPHINCS+-SHA2-128f-simple_run30,active,40.222619,5.39625,0.592722,3.198476,129.212289
SPHINCS+-SHA2-128f-simple_run30,active,40.235357,5.39625,0.597192,3.222597,129.253339
SPHINCS+-SHA2-128f-simple_run30,active,40.248109,5.39625,0.597728,3.225492,129.29447
SPHINCS+-SHA2-128f-simple_run30,active,40.260857,5.39625,0.596119,3.216808,129.335479
SPHINCS+-SHA2-128f-simple_run30,active,40.273597,5.3975,0.59451,3.208868,129.376361
SPHINCS+-SHA2-128f-simple_run30,active,40.286342,5.395,0.593795,3.203523,129.417188
SPHINCS+-SHA2-128f-simple_run30,active,40.299083,5.3975,0.593795,3.205007,129.458024
SPHINCS+-SHA2-128f-simple_run30,active,40.311829,5.3975,0.595404,3.213693,129.498986
SPHINCS+-SHA2-128f-simple_run30,active,40.324569,5.3925,0.605238,3.263746,129.540566
SPHINCS+-SHA2-128f-simple_run30,active,40.337311,5.39625,0.595404,3.212949,129.581504
SPHINCS+-SHA2-128f-simple_run30,active,40.350065,5.39625,0.594868,3.210054,129.622445
SPHINCS+-SHA2-128f-simple_run30,active,40.362814,5.3975,0.597013,3.222379,129.663527
SPHINCS+-SHA2-128f-simple_run30,active,40.375556,5.39625,0.593795,3.204265,129.704356
SPHINCS+-SHA2-128f-simple_run30,active,40.388295,5.395,0.593437,3.201594,129.745141
SPHINCS+-SHA2-128f-simple_run30,active,40.40107,5.3975,0.595404,3.213693,129.786196
SPHINCS+-SHA2-128f-simple_run30,active,40.41381,5.39625,0.594868,3.210054,129.827093
SPHINCS+-SHA2-128f-simple_run30,active,40.426554,5.3975,0.595404,3.213693,129.868048
SPHINCS+-SHA2-128f-simple_run30,active,40.439296,5.3975,0.597013,3.222379,129.909108
SPHINCS+-SHA2-128f-simple_run30,active,40.452042,5.3975,0.599695,3.236855,129.950366
SPHINCS+-SHA2-128f-simple_run30,active,40.464789,5.39625,0.595583,3.213914,129.991332
SPHINCS+-SHA2-128f-simple_run30,active,40.477531,5.39625,0.596298,3.217773,130.032335
SPHINCS+-SHA2-128f-simple_run30,active,40.490273,5.3975,0.595583,3.214658,130.073294
SPHINCS+-SHA2-128f-simple_run30,active,40.503016,5.3825,0.601662,3.238446,130.114563
SPHINCS+-SHA2-128f-simple_run30,active,40.515758,5.39625,0.595762,3.214879,130.155527
SPHINCS+-SHA2-128f-simple_run30,active,40.528498,5.3975,0.595583,3.214658,130.196482
SPHINCS+-SHA2-128f-simple_run30,active,40.541239,5.3975,0.596119,3.217553,130.237475
SPHINCS+-SHA2-128f-simple_run30,active,40.553985,5.39625,0.594152,3.206195,130.278343
SPHINCS+-SHA2-128f-simple_run30,active,40.566732,5.39625,0.595046,3.211019,130.319273
SPHINCS+-SHA2-128f-simple_run30,active,40.579476,5.39875,0.59594,3.217333,130.360273
SPHINCS+-SHA2-128f-simple_run30,active,40.592214,5.395,0.596119,3.216063,130.401242
SPHINCS+-SHA2-128f-simple_run30,active,40.604955,5.3975,0.595404,3.213693,130.442188
SPHINCS+-SHA2-128f-simple_run30,active,40.617696,5.39625,0.595762,3.214879,130.483147
SPHINCS+-SHA2-128f-simple_run30,active,40.630439,5.395,0.595225,3.21124,130.524069
SPHINCS+-SHA2-128f-simple_run30,active,40.643183,5.39625,0.596119,3.216808,130.565064
SPHINCS+-SHA2-128f-simple_run30,active,40.655928,5.3975,0.596119,3.217553,130.60607
SPHINCS+-SHA2-128f-simple_run30,active,40.668672,5.39625,0.59594,3.215843,130.647053
SPHINCS+-SHA2-128f-simple_run30,active,40.681414,5.3975,0.596119,3.217553,130.688051
SPHINCS+-SHA2-128f-simple_run30,active,40.694156,5.4,0.595762,3.217113,130.729042
SPHINCS+-SHA2-128f-simple_run30,active,40.706899,5.395,0.59594,3.215098,130.770015
SPHINCS+-SHA2-128f-simple_run30,active,40.71964,5.395,0.59594,3.215098,130.810977
SPHINCS+-SHA2-128f-simple_run30,active,40.732379,5.39625,0.596834,3.220668,130.852005
SPHINCS+-SHA2-128f-simple_run30,active,40.745113,5.40125,0.596656,3.222686,130.893042
SPHINCS+-SHA2-128f-simple_run30,active,40.757865,5.3975,0.59594,3.216588,130.934063
SPHINCS+-SHA2-128f-simple_run30,active,40.770611,5.3975,0.595762,3.215623,130.975047
SPHINCS+-SHA2-128f-simple_run30,active,40.783356,5.395,0.595583,3.213169,131.016
SPHINCS+-SHA2-128f-simple_run30,active,40.796095,5.395,0.595583,3.213169,131.056931
SPHINCS+-SHA2-128f-simple_run30,active,40.808835,5.3975,0.596298,3.218518,131.097937
SPHINCS+-SHA2-128f-simple_run30,active,40.821576,5.39875,0.595583,3.215403,131.138904
SPHINCS+-SHA2-128f-simple_run30,active,40.834316,5.4,0.595762,3.217113,131.179889
SPHINCS+-SHA2-128f-simple_run30,active,40.847057,5.39625,0.595046,3.211019,131.2208
SPHINCS+-SHA2-128f-simple_run30,active,40.859802,5.3975,0.596477,3.219484,131.261833
SPHINCS+-SHA2-128f-simple_run30,active,40.875471,5.39875,0.596119,3.218299,131.312262
SPHINCS+-SHA2-128f-simple_run30,active,40.888236,5.3975,0.596477,3.219484,131.353356
SPHINCS+-SHA2-128f-simple_run30,active,40.90098,5.39625,0.596119,3.216808,131.394353
SPHINCS+-SHA2-128f-simple_run30,active,40.91372,5.395,0.592007,3.193877,131.435043
SPHINCS+-SHA2-128f-simple_run30,active,40.926464,5.39625,0.59594,3.215843,131.476026
SPHINCS+-SHA2-128f-simple_run30,active,40.939205,5.39875,0.596656,3.221194,131.517066
SPHINCS+-SHA2-128f-simple_run30,active,40.951943,5.39875,0.598086,3.228917,131.558196
SPHINCS+-SHA2-128f-simple_run30,active,40.964691,5.4,0.595583,3.216147,131.599196
SPHINCS+-SHA2-128f-simple_run30,active,40.977437,5.3975,0.59594,3.216588,131.640193
SPHINCS+-SHA2-128f-simple_run30,active,40.990178,5.39625,0.595583,3.213914,131.681142
SPHINCS+-SHA2-128f-simple_run30,active,41.002919,5.395,0.590755,3.187124,131.721751
SPHINCS+-SHA2-128f-simple_run30,active,41.015657,5.39625,0.595583,3.213914,131.762689
SPHINCS+-SHA2-128f-simple_run30,active,41.028401,5.395,0.59594,3.215098,131.803663
SPHINCS+-SHA2-128f-simple_run30,active,41.041142,5.395,0.595762,3.214134,131.844613
SPHINCS+-SHA2-128f-simple_run30,active,41.053884,5.39875,0.595762,3.216368,131.885596
SPHINCS+-SHA2-128f-simple_run30,active,41.066635,5.395,0.598086,3.226674,131.926741
SPHINCS+-SHA2-128f-simple_run30,active,41.07938,5.39625,0.595762,3.214879,131.967714
SPHINCS+-SHA2-128f-simple_run30,active,41.09212,5.3975,0.595583,3.214658,132.00867
SPHINCS+-SHA2-128f-simple_run30,active,41.104862,5.4,0.596834,3.222906,132.049733
SPHINCS+-SHA2-128f-simple_run30,active,41.117604,5.39875,0.59594,3.217333,132.090731
SPHINCS+-SHA2-128f-simple_run30,active,41.130355,5.3975,0.595762,3.215623,132.131732
SPHINCS+-SHA2-128f-simple_run30,active,41.143098,5.39375,0.59594,3.214354,132.172691
SPHINCS+-SHA2-128f-simple_run30,active,41.155837,5.39625,0.59594,3.215843,132.213658
SPHINCS+-SHA2-128f-simple_run30,active,41.168585,5.39625,0.595583,3.213914,132.254629
SPHINCS+-SHA2-128f-simple_run30,active,41.181327,5.39375,0.596298,3.216282,132.295613
SPHINCS+-SHA2-128f-simple_run30,active,41.194078,5.39625,0.593795,3.204265,132.336468
SPHINCS+-SHA2-128f-simple_run30,active,41.206824,5.39625,0.595225,3.211984,132.37741
SPHINCS+-SHA2-128f-simple_run30,active,41.219567,5.3975,0.594152,3.206938,132.418276
SPHINCS+-SHA2-128f-simple_run30,active,41.232332,5.39875,0.586643,3.167138,132.458703
SPHINCS+-SHA2-128f-simple_run30,active,41.245071,5.39625,0.603808,3.258297,132.500212
SPHINCS+-SHA2-128f-simple_run30,active,41.257813,5.395,0.595583,3.213169,132.541154
SPHINCS+-SHA2-128f-simple_run30,active,41.270564,5.395,0.595583,3.213169,132.582125
SPHINCS+-SHA2-128f-simple_run30,active,41.283303,5.39625,0.599159,3.233211,132.623314
SPHINCS+-SHA2-128f-simple_run30,active,41.296049,5.3975,0.595046,3.211763,132.664249
SPHINCS+-SHA2-128f-simple_run30,active,41.308786,5.395,0.593795,3.203523,132.705053
SPHINCS+-SHA2-128f-simple_run30,active,41.321526,5.3925,0.597192,3.220358,132.746082
SPHINCS+-SHA2-128f-simple_run30,active,41.334259,5.39875,0.595225,3.213472,132.786999
SPHINCS+-SHA2-128f-simple_run30,active,41.347002,5.3975,0.59594,3.216588,132.827987
SPHINCS+-SHA2-128f-simple_run30,active,41.359765,5.39625,0.593974,3.20523,132.868894
SPHINCS+-SHA2-128f-simple_run30,active,41.372512,5.3975,0.596298,3.218518,132.909921
SPHINCS+-SHA2-128f-simple_run30,active,41.38526,5.39875,0.593795,3.20575,132.95079
SPHINCS+-SHA2-128f-simple_run30,active,41.398004,5.3975,0.592901,3.200182,132.991572
SPHINCS+-SHA2-128f-simple_run30,active,41.410749,5.39625,0.596119,3.216808,133.03257
SPHINCS+-SHA2-128f-simple_run30,active,41.423492,5.3975,0.596834,3.221414,133.07362
SPHINCS+-SHA2-128f-simple_run30,active,41.436232,5.3975,0.595225,3.212728,133.11455
SPHINCS+-SHA2-128f-simple_run30,active,41.448975,5.39625,0.59594,3.215843,133.155528
SPHINCS+-SHA2-128f-simple_run30,active,41.461717,5.39875,0.596656,3.221194,133.196574
SPHINCS+-SHA2-128f-simple_run30,active,41.474467,5.3975,0.597013,3.222379,133.237661
SPHINCS+-SHA2-128f-simple_run30,active,41.487215,5.3975,0.596477,3.219484,133.278702
SPHINCS+-SHA2-128f-simple_run30,active,41.499956,5.39625,0.597013,3.221632,133.31975
SPHINCS+-SHA2-128f-simple_run30,active,41.512699,5.39625,0.596298,3.217773,133.360752
SPHINCS+-SHA2-128f-simple_run30,active,41.52544,5.3825,0.595583,3.205724,133.401597
SPHINCS+-SHA2-128f-simple_run30,active,41.538181,5.39875,0.595225,3.213472,133.442539
SPHINCS+-SHA2-128f-simple_run30,active,41.550925,5.395,0.595583,3.213169,133.483487
SPHINCS+-SHA2-128f-simple_run30,active,41.563667,5.3925,0.597371,3.221322,133.524534
SPHINCS+-SHA2-128f-simple_run30,active,41.576414,5.39625,0.59594,3.215843,133.565526
SPHINCS+-SHA2-128f-simple_run30,active,41.58916,5.3975,0.595583,3.214658,133.606499
SPHINCS+-SHA2-128f-simple_run30,active,41.6019,5.39375,0.595225,3.210496,133.647403
SPHINCS+-SHA2-128f-simple_run30,active,41.614644,5.3975,0.595225,3.212728,133.688346
SPHINCS+-SHA2-128f-simple_run30,active,41.627385,5.38375,0.595583,3.206469,133.7292
SPHINCS+-SHA2-128f-simple_run30,active,41.640126,5.39625,0.595404,3.212949,133.770134
SPHINCS+-SHA2-128f-simple_run30,active,41.652867,5.3975,0.595404,3.213693,133.81108
SPHINCS+-SHA2-128f-simple_run30,active,41.665608,5.39625,0.597728,3.225492,133.852176
SPHINCS+-SHA2-128f-simple_run30,active,41.678355,5.39625,0.59594,3.215843,133.893169
SPHINCS+-SHA2-128f-simple_run30,active,41.691103,5.3975,0.595225,3.212728,133.934124
SPHINCS+-SHA2-128f-simple_run30,active,41.703842,5.3975,0.596834,3.221414,133.975163
SPHINCS+-SHA2-128f-simple_run30,active,41.716583,5.3975,0.595225,3.212728,134.016097
SPHINCS+-SHA2-128f-simple_run30,active,41.729325,5.38375,0.59594,3.208394,134.056977
SPHINCS+-SHA2-128f-simple_run30,active,41.742066,5.395,0.595583,3.213169,134.097915
SPHINCS+-SHA2-128f-simple_run30,active,41.754812,5.39375,0.595046,3.209532,134.138824
SPHINCS+-SHA2-128f-simple_run30,active,41.76755,5.395,0.596298,3.217028,134.179803
SPHINCS+-SHA2-128f-simple_run30,active,41.780297,5.39625,0.595762,3.214879,134.220782
SPHINCS+-SHA2-128f-simple_run30,active,41.793077,5.4,0.596298,3.220009,134.261935
SPHINCS+-SHA2-128f-simple_run30,active,41.805821,5.39625,0.595404,3.212949,134.302881
SPHINCS+-SHA2-128f-simple_run30,active,41.818567,5.39875,0.595225,3.213472,134.343839
SPHINCS+-SHA2-128f-simple_run30,active,41.831308,5.38375,0.595225,3.204544,134.38467
SPHINCS+-SHA2-128f-simple_run30,active,41.844047,5.39625,0.594152,3.206195,134.425513
SPHINCS+-SHA2-128f-simple_run30,active,41.856789,5.39625,0.59594,3.215843,134.466488
SPHINCS+-SHA2-128f-simple_run30,active,41.86953,5.39875,0.595762,3.216368,134.507468
SPHINCS+-SHA2-128f-simple_run30,active,41.882278,5.39625,0.604344,3.261191,134.549041
SPHINCS+-SHA2-128f-simple_run30,active,41.895026,5.3975,0.59594,3.216588,134.590048
SPHINCS+-SHA2-128f-simple_run30,active,41.907765,5.3975,0.59594,3.216588,134.631024
SPHINCS+-SHA2-128f-simple_run30,active,41.920507,5.39625,0.595583,3.213914,134.671975
SPHINCS+-SHA2-128f-simple_run30,active,41.933247,5.3825,0.601841,3.239408,134.713245
SPHINCS+-SHA2-128f-simple_run30,active,41.945988,5.3975,0.595762,3.215623,134.754217
SPHINCS+-SHA2-128f-simple_run30,active,41.958731,5.3975,0.595762,3.215623,134.795193
SPHINCS+-SHA2-128f-simple_run30,active,41.971472,5.39875,0.59594,3.217333,134.836184
SPHINCS+-SHA2-128f-simple_run30,active,41.984218,5.3975,0.596119,3.217553,134.877196
SPHINCS+-SHA2-128f-simple_run30,active,41.996963,5.39625,0.595404,3.212949,134.918144
SPHINCS+-SHA2-128f-simple_run30,active,42.009705,5.395,0.595762,3.214134,134.959098
SPHINCS+-SHA2-128f-simple_run30,active,42.022448,5.395,0.599695,3.235356,135.000328
SPHINCS+-SHA2-128f-simple_run30,active,42.035191,5.395,0.596477,3.217992,135.041334
SPHINCS+-SHA2-128f-simple_run30,active,42.047931,5.39625,0.595583,3.213914,135.08228
SPHINCS+-SHA2-128f-simple_run30,active,42.060676,5.39875,0.596119,3.218299,135.123295
SPHINCS+-SHA2-128f-simple_run30,active,42.073416,5.39625,0.595225,3.211984,135.164219
SPHINCS+-SHA2-128f-simple_run30,active,42.086161,5.3975,0.595046,3.211763,135.205152
SPHINCS+-SHA2-128f-simple_run30,active,42.098909,5.39625,0.595583,3.213914,135.246123
SPHINCS+-SHA2-128f-simple_run30,active,42.111651,5.38,0.595762,3.205197,135.286962
SPHINCS+-SHA2-128f-simple_run30,active,42.124404,5.395,0.597013,3.220886,135.32804
SPHINCS+-SHA2-128f-simple_run30,active,42.137147,5.39625,0.59594,3.215843,135.369017
SPHINCS+-SHA2-128f-simple_run30,active,42.152818,5.395,0.597192,3.221851,135.419507
SPHINCS+-SHA2-128f-simple_run30,active,42.165583,5.395,0.59594,3.215098,135.460547
SPHINCS+-SHA2-128f-simple_run30,active,42.178325,5.39625,0.604523,3.262156,135.502116
SPHINCS+-SHA2-128f-simple_run30,active,42.191066,5.3975,0.596834,3.221414,135.543157
SPHINCS+-SHA2-128f-simple_run30,active,42.203809,5.39625,0.590219,3.184968,135.583745
SPHINCS+-SHA2-128f-simple_run30,active,42.216557,5.39625,0.595046,3.211019,135.624679
SPHINCS+-SHA2-128f-simple_run30,active,42.2293,5.39625,0.594331,3.20716,135.665548
SPHINCS+-SHA2-128f-simple_run30,active,42.242037,5.38375,0.59898,3.224759,135.706622
SPHINCS+-SHA2-128f-simple_run30,active,42.254777,5.39625,0.59898,3.232246,135.747799
SPHINCS+-SHA2-128f-simple_run30,active,42.267517,5.39625,0.596119,3.216808,135.788783
SPHINCS+-SHA2-128f-simple_run30,active,42.28026,5.3925,0.595404,3.210716,135.829695
SPHINCS+-SHA2-128f-simple_run30,active,42.293007,5.39625,0.59594,3.215843,135.870688
SPHINCS+-SHA2-128f-simple_run30,active,42.305754,5.395,0.595046,3.210275,135.911609
SPHINCS+-SHA2-128f-simple_run30,active,42.318496,5.39625,0.592901,3.199441,135.952379
SPHINCS+-SHA2-128f-simple_run30,active,42.331237,5.4,0.594868,3.212285,135.993306
SPHINCS+-SHA2-128f-simple_run30,active,42.343977,5.38375,0.597907,3.218983,136.034316
SPHINCS+-SHA2-128f-simple_run30,active,42.356716,5.3975,0.596119,3.217553,136.075304
SPHINCS+-SHA2-128f-simple_run30,active,42.369456,5.3975,0.593974,3.205973,136.116148
SPHINCS+-SHA2-128f-simple_run30,active,42.382202,5.39125,0.594331,3.204188,136.15699
SPHINCS+-SHA2-128f-simple_run30,active,42.394954,5.39625,0.593437,3.202335,136.197826
SPHINCS+-SHA2-128f-simple_run30,active,42.407733,5.39875,0.596298,3.219264,136.238963
SPHINCS+-SHA2-128f-simple_run30,active,42.420474,5.3975,0.595583,3.214658,136.279923
SPHINCS+-SHA2-128f-simple_run30,active,42.433217,5.39625,0.595762,3.214879,136.320888
SPHINCS+-SHA2-128f-simple_run30,active,42.445959,5.38375,0.59594,3.208394,136.361769
SPHINCS+-SHA2-128f-simple_run30,active,42.458703,5.39375,0.59594,3.214354,136.402733
SPHINCS+-SHA2-128f-simple_run30,active,42.47145,5.3875,0.595762,3.209666,136.443647
SPHINCS+-SHA2-128f-simple_run30,active,42.484186,5.39625,0.597192,3.222597,136.484691
SPHINCS+-SHA2-128f-simple_run30,active,42.496935,5.395,0.596477,3.217992,136.525716
SPHINCS+-SHA2-128f-simple_run30,active,42.509683,5.3975,0.596834,3.221414,136.566782
SPHINCS+-SHA2-128f-simple_run30,active,42.522457,5.39875,0.595404,3.214437,136.607843
SPHINCS+-SHA2-128f-simple_run30,active,42.535202,5.395,0.596656,3.218957,136.64887
SPHINCS+-SHA2-128f-simple_run30,active,42.547943,5.38375,0.595583,3.206469,136.689724
SPHINCS+-SHA2-128f-simple_run30,active,42.560684,5.3975,0.596298,3.218518,136.730731
SPHINCS+-SHA2-128f-simple_run30,active,42.573426,5.3975,0.596477,3.219484,136.771752
SPHINCS+-SHA2-128f-simple_run30,active,42.586167,5.3975,0.595583,3.214658,136.81271
SPHINCS+-SHA2-128f-simple_run30,active,42.598915,5.3975,0.596298,3.218518,136.853742
SPHINCS+-SHA2-128f-simple_run30,active,42.61166,5.395,0.599159,3.232462,136.894938
SPHINCS+-SHA2-128f-simple_run30,active,42.624401,5.395,0.595762,3.214134,136.935889
SPHINCS+-SHA2-128f-simple_run30,active,42.637141,5.39625,0.595046,3.211019,136.976799
SPHINCS+-SHA2-128f-simple_run30,active,42.64988,5.3825,0.595583,3.205724,137.017635
SPHINCS+-SHA2-128f-simple_run30,active,42.662624,5.40125,0.596834,3.223652,137.058718
SPHINCS+-SHA2-128f-simple_run30,active,42.675367,5.3975,0.595583,3.214658,137.099683
SPHINCS+-SHA2-128f-simple_run30,active,42.688107,5.39625,0.59594,3.215843,137.140651
SPHINCS+-SHA2-128f-simple_run30,active,42.700854,5.3975,0.600947,3.24361,137.181997
SPHINCS+-SHA2-128f-simple_run30,active,42.713598,5.39625,0.59594,3.215843,137.222982
SPHINCS+-SHA2-128f-simple_run30,active,42.726338,5.39375,0.59594,3.214354,137.263932
SPHINCS+-SHA2-128f-simple_run30,active,42.73908,5.395,0.595762,3.214134,137.304887
SPHINCS+-SHA2-128f-simple_run30,active,42.751818,5.39375,0.597371,3.222069,137.34593
SPHINCS+-SHA2-128f-simple_run30,active,42.764565,5.395,0.597371,3.222815,137.387011
SPHINCS+-SHA2-128f-simple_run30,active,42.777307,5.38625,0.596298,3.21181,137.427935
SPHINCS+-SHA2-128f-simple_run30,active,42.790049,5.3975,0.596834,3.221414,137.468983
SPHINCS+-SHA2-128f-simple_run30,active,42.8028,5.39625,0.591649,3.192687,137.509694
SPHINCS+-SHA2-128f-simple_run30,active,42.815548,5.39625,0.595762,3.214879,137.550677
SPHINCS+-SHA2-128f-simple_run30,active,42.828292,5.39875,0.59594,3.217333,137.591677
SPHINCS+-SHA2-128f-simple_run30,active,42.841063,5.3975,0.598801,3.232029,137.632954
SPHINCS+-SHA2-128f-simple_run30,active,42.853805,5.3975,0.595583,3.214658,137.673916
SPHINCS+-SHA2-128f-simple_run30,active,42.866549,5.39625,0.595762,3.214879,137.714886
SPHINCS+-SHA2-128f-simple_run30,active,42.87929,5.39625,0.595583,3.213914,137.755835
SPHINCS+-SHA2-128f-simple_run30,active,42.892029,5.39625,0.594152,3.206195,137.796677
SPHINCS+-SHA2-128f-simple_run30,active,42.904774,5.39625,0.597013,3.221632,137.837738
SPHINCS+-SHA2-128f-simple_run30,active,42.91752,5.39875,0.595583,3.215403,137.878722
SPHINCS+-SHA2-128f-simple_run30,active,42.93026,5.39875,0.59594,3.217333,137.919711
SPHINCS+-SHA2-128f-simple_run30,active,42.943003,5.39625,0.596298,3.217773,137.960714
SPHINCS+-SHA2-128f-simple_run30,active,42.955773,5.395,0.602914,3.252719,138.00225
SPHINCS+-SHA2-128f-simple_run30,active,42.968515,5.39625,0.594689,3.209089,138.043142
SPHINCS+-SHA2-128f-simple_run30,active,42.981257,5.395,0.596119,3.216063,138.084121
SPHINCS+-SHA2-128f-simple_run30,active,42.993998,5.3975,0.595583,3.214658,138.125077
SPHINCS+-SHA2-128f-simple_run30,active,43.006746,5.39625,0.595583,3.213914,138.166048
SPHINCS+-SHA2-128f-simple_run30,active,43.019491,5.39625,0.596298,3.217773,138.207058
SPHINCS+-SHA2-128f-simple_run30,active,43.032232,5.39875,0.597013,3.223125,138.248125
SPHINCS+-SHA2-128f-simple_run30,active,43.044973,5.3975,0.597907,3.227204,138.289243
SPHINCS+-SHA2-128f-simple_run30,active,43.057712,5.39375,0.596834,3.219176,138.330252
SPHINCS+-SHA2-128f-simple_run30,active,43.070454,5.39125,0.595225,3.209008,138.371142
SPHINCS+-SHA2-128f-simple_run30,active,43.083196,5.39875,0.595762,3.216368,138.412126
SPHINCS+-SHA2-128f-simple_run30,active,43.095935,5.3975,0.595583,3.214658,138.453075
SPHINCS+-SHA2-128f-simple_run30,active,43.108682,5.39625,0.59594,3.215843,138.49407
SPHINCS+-SHA2-128f-simple_run30,active,43.121441,5.4,0.593795,3.206492,138.53498
SPHINCS+-SHA2-128f-simple_run30,active,43.134188,5.39625,0.595583,3.213914,138.575946
SPHINCS+-SHA2-128f-simple_run30,active,43.146932,5.395,0.595583,3.213169,138.616896
SPHINCS+-SHA2-128f-simple_run30,active,43.159673,5.3975,0.596119,3.217553,138.65789
SPHINCS+-SHA2-128f-simple_run30,active,43.172412,5.4,0.593437,3.204561,138.698715
SPHINCS+-SHA2-128f-simple_run30,active,43.185178,5.395,0.59594,3.215098,138.739758
SPHINCS+-SHA2-128f-simple_run30,active,43.197953,5.39625,0.595762,3.214879,138.780829
SPHINCS+-SHA2-128f-simple_run30,active,43.210711,5.39625,0.595046,3.211019,138.821794
SPHINCS+-SHA2-128f-simple_run30,active,43.223461,5.3975,0.59308,3.201147,138.862608
SPHINCS+-SHA2-128f-simple_run30,active,43.236206,5.395,0.594689,3.208346,138.9035
SPHINCS+-SHA2-128f-simple_run30,active,43.248946,5.3975,0.595762,3.215623,138.944467
SPHINCS+-SHA2-128f-simple_run30,active,43.26169,5.39875,0.591828,3.195131,138.985187
SPHINCS+-SHA2-128f-simple_run30,active,43.274435,5.39625,0.602914,3.253473,139.02665
SPHINCS+-SHA2-128f-simple_run30,active,43.287177,5.39625,0.596119,3.216808,139.067639
SPHINCS+-SHA2-128f-simple_run30,active,43.299917,5.39875,0.592901,3.200923,139.108419
SPHINCS+-SHA2-128f-simple_run30,active,43.312655,5.39625,0.592364,3.196546,139.149138
SPHINCS+-SHA2-128f-simple_run30,active,43.325391,5.3975,0.602735,3.253261,139.19057
SPHINCS+-SHA2-128f-simple_run30,active,43.338136,5.39875,0.595583,3.215403,139.231549
SPHINCS+-SHA2-128f-simple_run30,active,43.350882,5.3975,0.593795,3.205007,139.272401
SPHINCS+-SHA2-128f-simple_run30,active,43.363619,5.3975,0.598622,3.231064,139.313554
SPHINCS+-SHA2-128f-simple_run30,active,43.376363,5.39875,0.593795,3.20575,139.354408
SPHINCS+-SHA2-128f-simple_run30,active,43.389104,5.395,0.594152,3.205452,139.39525
SPHINCS+-SHA2-128f-simple_run30,active,43.401845,5.3975,0.596119,3.217553,139.436246
SPHINCS+-SHA2-128f-simple_run30,active,43.414596,5.39625,0.595225,3.211984,139.4772
SPHINCS+-SHA2-128f-simple_run30,active,43.430257,5.39125,0.596119,3.213828,139.527533
SPHINCS+-SHA2-128f-simple_run30,active,43.443017,5.3975,0.595225,3.212728,139.568528
SPHINCS+-SHA2-128f-simple_run30,active,43.455762,5.39625,0.595762,3.214879,139.609499
SPHINCS+-SHA2-128f-simple_run30,active,43.468502,5.395,0.595404,3.212205,139.650424
SPHINCS+-SHA2-128f-simple_run30,active,43.481242,5.4,0.595583,3.216147,139.691397
SPHINCS+-SHA2-128f-simple_run30,active,43.493982,5.39625,0.596834,3.220668,139.73243
SPHINCS+-SHA2-128f-simple_run30,active,43.506725,5.39625,0.595583,3.213914,139.773385
SPHINCS+-SHA2-128f-simple_run30,active,43.519473,5.39625,0.595404,3.212949,139.814342
SPHINCS+-SHA2-128f-simple_run30,active,43.532217,5.3975,0.599516,3.23589,139.855582
SPHINCS+-SHA2-128f-simple_run30,active,43.544959,5.3975,0.595583,3.214658,139.896544
SPHINCS+-SHA2-128f-simple_run30,active,43.557698,5.3975,0.595583,3.214658,139.937495
SPHINCS+-SHA2-128f-simple_run30,active,43.570442,5.395,0.597728,3.224745,139.978589
SPHINCS+-SHA2-128f-simple_run30,active,43.583184,5.3975,0.595583,3.214658,140.01955
SPHINCS+-SHA2-128f-simple_run30,active,43.595921,5.3975,0.595225,3.212728,140.060472
SPHINCS+-SHA2-128f-simple_run30,active,43.608662,5.39625,0.59594,3.215843,140.101444
SPHINCS+-SHA2-128f-simple_run30,active,43.621408,5.395,0.594331,3.206417,140.142314
SPHINCS+-SHA2-128f-simple_run30,active,43.634152,5.39625,0.596119,3.216808,140.18331
SPHINCS+-SHA2-128f-simple_run30,active,43.646896,5.3975,0.595762,3.215623,140.224289
SPHINCS+-SHA2-128f-simple_run30,active,43.659637,5.39625,0.600947,3.242859,140.265607
SPHINCS+-SHA2-128f-simple_run30,active,43.672376,5.39625,0.600589,3.240929,140.306892
SPHINCS+-SHA2-128f-simple_run30,active,43.685117,5.39875,0.598086,3.228917,140.34803
SPHINCS+-SHA2-128f-simple_run30,active,43.697857,5.3975,0.596119,3.217553,140.389025
SPHINCS+-SHA2-128f-simple_run30,active,43.7106,5.395,0.593795,3.203523,140.429846
SPHINCS+-SHA2-128f-simple_run30,active,43.723348,5.3975,0.596656,3.220449,140.4709
SPHINCS+-SHA2-128f-simple_run30,active,43.736091,5.39375,0.595583,3.212425,140.511837
SPHINCS+-SHA2-128f-simple_run30,active,43.748834,5.3975,0.59594,3.216588,140.552824
SPHINCS+-SHA2-128f-simple_run30,active,43.761573,5.39625,0.598444,3.229351,140.593964
SPHINCS+-SHA2-128f-simple_run30,active,43.774311,5.395,0.595762,3.214134,140.634907
SPHINCS+-SHA2-128f-simple_run30,active,43.787054,5.39875,0.596477,3.220229,140.675942
SPHINCS+-SHA2-128f-simple_run30,active,43.799794,5.3975,0.596477,3.219484,140.716957
SPHINCS+-SHA2-128f-simple_run30,active,43.812535,5.395,0.595404,3.212205,140.757883
SPHINCS+-SHA2-128f-simple_run30,active,43.825282,5.39875,0.595583,3.215403,140.79887
SPHINCS+-SHA2-128f-simple_run30,active,43.838026,5.3975,0.595225,3.212728,140.839815
SPHINCS+-SHA2-128f-simple_run30,active,43.850772,5.3925,0.594689,3.206859,140.880688
SPHINCS+-SHA2-128f-simple_run30,active,43.863515,5.39625,0.595762,3.214879,140.921656
SPHINCS+-SHA2-128f-simple_run30,active,43.876254,5.3975,0.595762,3.215623,140.962619
SPHINCS+-SHA2-128f-simple_run30,active,43.888993,5.39625,0.595225,3.211984,141.003537
SPHINCS+-SHA2-128f-simple_run30,active,43.901732,5.39375,0.59594,3.214354,141.044485
SPHINCS+-SHA2-128f-simple_run30,active,43.914475,5.39625,0.595583,3.213914,141.085439
SPHINCS+-SHA2-128f-simple_run30,active,43.927223,5.395,0.59594,3.215098,141.126425
SPHINCS+-SHA2-128f-simple_run30,active,43.939965,5.4,0.595404,3.215182,141.167394
SPHINCS+-SHA2-128f-simple_run30,active,43.952709,5.3975,0.596834,3.221414,141.208446
SPHINCS+-SHA2-128f-simple_run30,active,43.965448,5.395,0.59594,3.215098,141.249405
SPHINCS+-SHA2-128f-simple_run30,active,43.978187,5.39625,0.596656,3.219703,141.290419
SPHINCS+-SHA2-128f-simple_run30,active,43.990928,5.4,0.592543,3.199733,141.331189
SPHINCS+-SHA2-128f-simple_run30,active,44.003666,5.39625,0.595225,3.211984,141.372101
SPHINCS+-SHA2-128f-simple_run30,active,44.016403,5.395,0.595225,3.21124,141.413003
SPHINCS+-SHA2-128f-simple_run30,active,44.029147,5.3975,0.596119,3.217553,141.454008
SPHINCS+-SHA2-128f-simple_run30,active,44.041891,5.4,0.597371,3.225802,141.495119
SPHINCS+-SHA2-128f-simple_run30,active,44.054635,5.3975,0.596834,3.221414,141.536172
SPHINCS+-SHA2-128f-simple_run30,active,44.067376,5.39875,0.596119,3.218299,141.577176
SPHINCS+-SHA2-128f-simple_run30,active,44.080115,5.3975,0.595225,3.212728,141.618103
SPHINCS+-SHA2-128f-simple_run30,active,44.092857,5.3975,0.598086,3.228169,141.659235
SPHINCS+-SHA2-128f-simple_run30,active,44.105597,5.3975,0.59594,3.216588,141.700216
SPHINCS+-SHA2-128f-simple_run30,active,44.118341,5.39625,0.595404,3.212949,141.741161
SPHINCS+-SHA2-128f-simple_run30,active,44.1311,5.3975,0.594152,3.206938,141.782079
SPHINCS+-SHA2-128f-simple_run30,active,44.143847,5.39625,0.596477,3.218738,141.823109
SPHINCS+-SHA2-128f-simple_run30,active,44.156589,5.39625,0.596119,3.216808,141.864095
SPHINCS+-SHA2-128f-simple_run30,active,44.16933,5.3975,0.595583,3.214658,141.905053
SPHINCS+-SHA2-128f-simple_run30,active,44.18207,5.395,0.596834,3.219922,141.946076
SPHINCS+-SHA2-128f-simple_run30,active,44.194814,5.39625,0.595762,3.214879,141.987048
SPHINCS+-SHA2-128f-simple_run30,active,44.207556,5.3975,0.595583,3.214658,142.028008
SPHINCS+-SHA2-128f-simple_run30,active,44.220294,5.39625,0.598444,3.229351,142.069143
SPHINCS+-SHA2-128f-simple_run30,active,44.233114,5.4,0.593616,3.205526,142.110238
SPHINCS+-SHA2-128f-simple_run30,active,44.245864,5.39625,0.593437,3.202335,142.151068
SPHINCS+-SHA2-128f-simple_run30,active,44.258613,5.39875,0.593258,3.202854,142.191901
SPHINCS+-SHA2-128f-simple_run30,active,44.271356,5.39875,0.600947,3.244362,142.233245
SPHINCS+-SHA2-128f-simple_run30,active,44.284099,5.39625,0.597371,3.223562,142.274321
SPHINCS+-SHA2-128f-simple_run30,active,44.296842,5.39875,0.596119,3.218299,142.315333
SPHINCS+-SHA2-128f-simple_run30,active,44.309583,5.39625,0.593258,3.201371,142.35612
SPHINCS+-SHA2-128f-simple_run30,active,44.322323,5.39875,0.594689,3.210576,142.397023
SPHINCS+-SHA2-128f-simple_run30,active,44.33507,5.3975,0.595225,3.212728,142.437977
SPHINCS+-SHA2-128f-simple_run30,active,44.347815,5.3975,0.59451,3.208868,142.478875
SPHINCS+-SHA2-128f-simple_run30,active,44.360552,5.39125,0.599695,3.233107,142.520052
SPHINCS+-SHA2-128f-simple_run30,active,44.373294,5.39625,0.595762,3.214879,142.561019
SPHINCS+-SHA2-128f-simple_run30,active,44.386038,5.39625,0.59594,3.215843,142.601999
SPHINCS+-SHA2-128f-simple_run30,active,44.398784,5.39625,0.593795,3.204265,142.642841
SPHINCS+-SHA2-128f-simple_run30,active,44.411524,5.39125,0.594152,3.203224,142.683652
SPHINCS+-SHA2-128f-simple_run30,active,44.424261,5.39625,0.593795,3.204265,142.724463
SPHINCS+-SHA2-128f-simple_run30,active,44.437013,5.39625,0.594152,3.206195,142.76535
SPHINCS+-SHA2-128f-simple_run30,active,44.449759,5.39125,0.596119,3.213828,142.806314
SPHINCS+-SHA2-128f-simple_run30,active,44.462504,5.39875,0.595762,3.216368,142.847305
SPHINCS+-SHA2-128f-simple_run30,active,44.475246,5.3975,0.595762,3.215623,142.888277
SPHINCS+-SHA2-128f-simple_run30,active,44.487984,5.39625,0.59594,3.215843,142.929242
SPHINCS+-SHA2-128f-simple_run30,active,44.500727,5.40375,0.596119,3.221279,142.97029
SPHINCS+-SHA2-128f-simple_run30,active,44.513468,5.3975,0.596119,3.217553,143.011286
SPHINCS+-SHA2-128f-simple_run30,active,44.526208,5.39625,0.595404,3.212949,143.052219
SPHINCS+-SHA2-128f-simple_run30,active,44.538958,5.395,0.595583,3.213169,143.093185
SPHINCS+-SHA2-128f-simple_run30,active,44.551735,5.39125,0.596298,3.214792,143.134261
SPHINCS+-SHA2-128f-simple_run30,active,44.564478,5.39625,0.597728,3.225492,143.175364
SPHINCS+-SHA2-128f-simple_run30,active,44.577217,5.39625,0.59594,3.215843,143.216332
SPHINCS+-SHA2-128f-simple_run30,active,44.589958,5.39625,0.598801,3.231281,143.257499
SPHINCS+-SHA2-128f-simple_run30,active,44.6027,5.3975,0.595583,3.214658,143.29846
SPHINCS+-SHA2-128f-simple_run30,active,44.615443,5.39625,0.596477,3.218738,143.339479
SPHINCS+-SHA2-128f-simple_run30,active,44.628182,5.3975,0.596477,3.219484,143.380492
SPHINCS+-SHA2-128f-simple_run30,active,44.640929,5.39375,0.597728,3.223998,143.421587
SPHINCS+-SHA2-128f-simple_run30,active,44.653673,5.39625,0.595583,3.213914,143.462547
SPHINCS+-SHA2-128f-simple_run30,active,44.666448,5.3975,0.595762,3.215623,143.503624
SPHINCS+-SHA2-128f-simple_run30,active,44.679196,5.385,0.595583,3.207213,143.544511
SPHINCS+-SHA2-128f-simple_run30,active,44.691937,5.39375,0.593258,3.199887,143.585279
SPHINCS+-SHA2-128f-simple_run30,active,44.707603,5.39125,0.596119,3.213828,143.635627
SPHINCS+-SHA2-128f-simple_run30,active,44.720383,5.40125,0.596298,3.220755,143.67679
SPHINCS+-SHA2-128f-simple_run30,active,44.733128,5.3975,0.595046,3.211763,143.717724
SPHINCS+-SHA2-128f-simple_run30,active,44.745878,5.39,0.596119,3.213082,143.758689
SPHINCS+-SHA2-128f-simple_run30,active,44.758626,5.3975,0.596119,3.217553,143.799706
SPHINCS+-SHA2-128f-simple_run30,active,44.771367,5.39375,0.595762,3.213389,143.840649
SPHINCS+-SHA2-128f-simple_run30,active,44.784114,5.39875,0.597371,3.225056,143.881758
SPHINCS+-SHA2-128f-simple_run30,active,44.796857,5.39625,0.59594,3.215843,143.922738
SPHINCS+-SHA2-128f-simple_run30,active,44.809596,5.40375,0.595762,3.219347,143.963749
SPHINCS+-SHA2-128f-simple_run30,active,44.822336,5.39625,0.596477,3.218738,144.004756
SPHINCS+-SHA2-128f-simple_run30,active,44.83508,5.39875,0.59594,3.217333,144.045759
SPHINCS+-SHA2-128f-simple_run30,active,44.847825,5.4,0.595583,3.216147,144.086749
SPHINCS+-SHA2-128f-simple_run30,active,44.860569,5.40375,0.596834,3.225144,144.127848
SPHINCS+-SHA2-128f-simple_run30,active,44.87331,5.395,0.595583,3.213169,144.168788
SPHINCS+-SHA2-128f-simple_run30,active,44.886052,5.3975,0.59594,3.216588,144.209773
SPHINCS+-SHA2-128f-simple_run30,active,44.898793,5.39625,0.595583,3.213914,144.250724
SPHINCS+-SHA2-128f-simple_run30,active,44.911534,5.39625,0.596298,3.217773,144.291721
SPHINCS+-SHA2-128f-simple_run30,active,44.924274,5.39625,0.597728,3.225492,144.332811
SPHINCS+-SHA2-128f-simple_run30,active,44.937054,5.3975,0.596119,3.217553,144.373933
SPHINCS+-SHA2-128f-simple_run30,active,44.949801,5.39375,0.596477,3.217247,144.414944
SPHINCS+-SHA2-128f-simple_run30,active,44.962547,5.39875,0.596119,3.218299,144.455965
SPHINCS+-SHA2-128f-simple_run30,active,44.975289,5.3975,0.595583,3.214658,144.496925
SPHINCS+-SHA2-128f-simple_run30,active,44.988025,5.3975,0.594868,3.210798,144.537818
SPHINCS+-SHA2-128f-simple_run30,active,45.000764,5.39875,0.591649,3.194166,144.578508
SPHINCS+-SHA2-128f-simple_run30,active,45.013509,5.39875,0.593437,3.203819,144.619341
SPHINCS+-SHA2-128f-simple_run30,active,45.02625,5.39625,0.593258,3.201371,144.66013
SPHINCS+-SHA2-128f-simple_run30,active,45.038989,5.395,0.594868,3.209311,144.701013
SPHINCS+-SHA2-128f-simple_run30,active,45.051768,5.3975,0.594689,3.209833,144.742031
SPHINCS+-SHA2-128f-simple_run30,active,45.064517,5.3975,0.596119,3.217553,144.783053
SPHINCS+-SHA2-128f-simple_run30,active,45.077257,5.39625,0.593616,3.2033,144.823863
SPHINCS+-SHA2-128f-simple_run30,active,45.089995,5.3975,0.589504,3.181846,144.864392
SPHINCS+-SHA2-128f-simple_run30,active,45.102737,5.39625,0.593795,3.204265,144.90522
SPHINCS+-SHA2-128f-simple_run30,active,45.115486,5.39625,0.59594,3.215843,144.946219
SPHINCS+-SHA2-128f-simple_run30,active,45.128239,5.39625,0.59594,3.215843,144.987233
SPHINCS+-SHA2-128f-simple_run30,active,45.140979,5.4,0.595046,3.213251,145.028167
SPHINCS+-SHA2-128f-simple_run30,active,45.153727,5.39625,0.595225,3.211984,145.069114
SPHINCS+-SHA2-128f-simple_run30,active,45.166476,5.39875,0.593616,3.204784,145.109973
SPHINCS+-SHA2-128f-simple_run30,active,45.179219,5.3975,0.590755,3.188601,145.150606
SPHINCS+-SHA2-128f-simple_run30,active,45.191957,5.38875,0.593437,3.197885,145.19134
SPHINCS+-SHA2-128f-simple_run30,active,45.204705,5.4,0.595225,3.214216,145.232313
SPHINCS+-SHA2-128f-simple_run30,active,45.217448,5.395,0.595583,3.213169,145.273261
SPHINCS+-SHA2-128f-simple_run30,active,45.230187,5.39875,0.596834,3.22216,145.314307
SPHINCS+-SHA2-128f-simple_run30,active,45.242925,5.395,0.593437,3.201594,145.355088
SPHINCS+-SHA2-128f-simple_run30,active,45.25567,5.39875,0.594331,3.208646,145.395984
SPHINCS+-SHA2-128f-simple_run30,active,45.268419,5.3975,0.593795,3.205007,145.436842
SPHINCS+-SHA2-128f-simple_run30,active,45.281156,5.39625,0.595762,3.214879,145.477792
SPHINCS+-SHA2-128f-simple_run30,active,45.293888,5.3975,0.603629,3.258086,145.519275
SPHINCS+-SHA2-128f-simple_run30,active,45.306626,5.39625,0.595762,3.214879,145.560224
SPHINCS+-SHA2-128f-simple_run30,active,45.319365,5.38875,0.596119,3.212337,145.601147
SPHINCS+-SHA2-128f-simple_run30,active,45.332104,5.39625,0.593795,3.204265,145.641966
SPHINCS+-SHA2-128f-simple_run30,active,45.344846,5.39875,0.603986,3.260772,145.683513
SPHINCS+-SHA2-128f-simple_run30,active,45.357585,5.3975,0.594331,3.207903,145.72438
SPHINCS+-SHA2-128f-simple_run30,active,45.370328,5.41125,0.597013,3.230588,145.765548
SPHINCS+-SHA2-128f-simple_run30,active,45.383074,5.39625,0.598801,3.231281,145.806732
SPHINCS+-SHA2-128f-simple_run30,active,45.395815,5.3975,0.59594,3.216588,145.847716
SPHINCS+-SHA2-128f-simple_run30,active,45.408561,5.39875,0.593437,3.203819,145.888552
SPHINCS+-SHA2-128f-simple_run30,active,45.4213,5.39625,0.593437,3.202335,145.929348
SPHINCS+-SHA2-128f-simple_run30,active,45.434035,5.39875,0.593616,3.204784,145.970158
SPHINCS+-SHA2-128f-simple_run30,active,45.446778,5.39875,0.595046,3.212507,146.011097
SPHINCS+-SHA2-128f-simple_run30,active,45.459527,5.39875,0.592543,3.198993,146.051881
SPHINCS+-SHA2-128f-simple_run30,active,45.472271,5.39625,0.595583,3.213914,146.092838
SPHINCS+-SHA2-128f-simple_run30,active,45.485043,5.395,0.597013,3.220886,146.133977
SPHINCS+-SHA2-128f-simple_run30,active,45.497784,5.39625,0.595404,3.212949,146.174912
SPHINCS+-SHA2-128f-simple_run30,active,45.510528,5.39875,0.590934,3.190305,146.215569
SPHINCS+-SHA2-128f-simple_run30,active,45.523269,5.39625,0.59594,3.215843,146.256542
SPHINCS+-SHA2-128f-simple_run30,active,45.536009,5.3975,0.595762,3.215623,146.297508
SPHINCS+-SHA2-128f-simple_run30,active,45.548749,5.3975,0.59594,3.216588,146.338489
SPHINCS+-SHA2-128f-simple_run30,active,45.561495,5.39625,0.594331,3.20716,146.379367
SPHINCS+-SHA2-128f-simple_run30,active,45.574239,5.3975,0.59594,3.216588,146.42036
SPHINCS+-SHA2-128f-simple_run30,active,45.586982,5.395,0.59594,3.215098,146.461328
SPHINCS+-SHA2-128f-simple_run30,active,45.599755,5.39625,0.599695,3.236105,146.502664
SPHINCS+-SHA2-128f-simple_run30,active,45.612497,5.39625,0.596477,3.218738,146.543676
SPHINCS+-SHA2-128f-simple_run30,active,45.625236,5.395,0.595583,3.213169,146.584609
SPHINCS+-SHA2-128f-simple_run30,active,45.637974,5.39625,0.595225,3.211984,146.625524
SPHINCS+-SHA2-128f-simple_run30,active,45.650716,5.39875,0.59147,3.193201,146.666213
SPHINCS+-SHA2-128f-simple_run30,active,45.663463,5.395,0.595583,3.213169,146.707171
SPHINCS+-SHA2-128f-simple_run30,active,45.676205,5.3975,0.595583,3.214658,146.748132
SPHINCS+-SHA2-128f-simple_run30,active,45.688947,5.39625,0.594689,3.209089,146.789022
SPHINCS+-SHA2-128f-simple_run30,active,45.701688,5.39625,0.595404,3.212949,146.829957
SPHINCS+-SHA2-128f-simple_run30,active,45.714452,5.3975,0.595583,3.214658,146.870989
SPHINCS+-SHA2-128f-simple_run30,active,45.727197,5.39875,0.595583,3.215403,146.911968
SPHINCS+-SHA2-128f-simple_run30,active,45.739935,5.39625,0.594331,3.20716,146.952822
SPHINCS+-SHA2-128f-simple_run30,active,45.752676,5.39625,0.595583,3.213914,146.993769
SPHINCS+-SHA2-128f-simple_run30,active,45.765422,5.3975,0.59594,3.216588,147.034769
SPHINCS+-SHA2-128f-simple_run30,active,45.778165,5.3975,0.596119,3.217553,147.075771
SPHINCS+-SHA2-128f-simple_run30,active,45.790908,5.39625,0.595583,3.213914,147.116724
SPHINCS+-SHA2-128f-simple_run30,active,45.803647,5.395,0.597371,3.222815,147.15778
SPHINCS+-SHA2-128f-simple_run30,active,45.816389,5.3975,0.59594,3.216588,147.198765
SPHINCS+-SHA2-128f-simple_run30,active,45.829128,5.40125,0.595046,3.213994,147.239711
SPHINCS+-SHA2-128f-simple_run30,active,45.841868,5.3975,0.59594,3.216588,147.280688
SPHINCS+-SHA2-128f-simple_run30,active,45.854609,5.39625,0.59594,3.215843,147.321663
SPHINCS+-SHA2-128f-simple_run30,active,45.867358,5.3975,0.595404,3.213693,147.362634
SPHINCS+-SHA2-128f-simple_run30,active,45.880101,5.38875,0.59594,3.211374,147.403557
SPHINCS+-SHA2-128f-simple_run30,active,45.892845,5.39625,0.595046,3.211019,147.444479
SPHINCS+-SHA2-128f-simple_run30,active,45.905588,5.3975,0.598265,3.229134,147.485627
SPHINCS+-SHA2-128f-simple_run30,active,45.918329,5.3975,0.59594,3.216588,147.526608
SPHINCS+-SHA2-128f-simple_run30,active,45.931072,5.3975,0.595762,3.215623,147.567585
SPHINCS+-SHA2-128f-simple_run30,active,45.943808,5.3975,0.59755,3.225274,147.608664
SPHINCS+-SHA2-128f-simple_run30,active,45.956548,5.3975,0.595225,3.212728,147.649594
SPHINCS+-SHA2-128f-simple_run30,active,45.969295,5.395,0.598622,3.229568,147.690761
SPHINCS+-SHA2-128f-simple_run30,active,45.984971,5.3975,0.596119,3.217553,147.741199
SPHINCS+-SHA2-128f-simple_run30,active,45.99773,5.3975,0.597192,3.223344,147.782324
SPHINCS+-SHA2-128f-simple_run30,active,46.010474,5.39875,0.591113,3.19127,147.822994
SPHINCS+-SHA2-128f-simple_run30,active,46.023223,5.3975,0.593258,3.202112,147.863817
SPHINCS+-SHA2-128f-simple_run30,active,46.035959,5.395,0.598086,3.226674,147.904913
SPHINCS+-SHA2-128f-simple_run30,active,46.048701,5.3975,0.595225,3.212728,147.94585
SPHINCS+-SHA2-128f-simple_run30,active,46.061445,5.4,0.599159,3.235458,147.987082
SPHINCS+-SHA2-128f-simple_run30,active,46.074195,5.39625,0.595404,3.212949,148.028046
SPHINCS+-SHA2-128f-simple_run30,active,46.086942,5.3975,0.596834,3.221414,148.06911
SPHINCS+-SHA2-128f-simple_run30,active,46.099679,5.39875,0.594152,3.20768,148.109967
SPHINCS+-SHA2-128f-simple_run30,active,46.112422,5.39625,0.594331,3.20716,148.150836
SPHINCS+-SHA2-128f-simple_run30,active,46.125183,5.395,0.594689,3.208346,148.191779
SPHINCS+-SHA2-128f-simple_run30,active,46.137923,5.39875,0.593616,3.204784,148.232607
SPHINCS+-SHA2-128f-simple_run30,active,46.150667,5.395,0.595762,3.214134,148.273566
SPHINCS+-SHA2-128f-simple_run30,active,46.163412,5.39625,0.602735,3.252508,148.315022
SPHINCS+-SHA2-128f-simple_run30,active,46.176159,5.3975,0.595583,3.214658,148.355999
SPHINCS+-SHA2-128f-simple_run30,active,46.188903,5.40125,0.595583,3.216892,148.396996
SPHINCS+-SHA2-128f-simple_run30,active,46.201643,5.39625,0.59594,3.215843,148.437963
SPHINCS+-SHA2-128f-simple_run30,active,46.214384,5.3975,0.593616,3.204042,148.478787
SPHINCS+-SHA2-128f-simple_run30,active,46.227131,5.3975,0.593795,3.205007,148.51964
SPHINCS+-SHA2-128f-simple_run30,active,46.239868,5.39125,0.593795,3.201296,148.560415
SPHINCS+-SHA2-128f-simple_run30,active,46.252605,5.39875,0.603629,3.258841,148.601925
SPHINCS+-SHA2-128f-simple_run30,active,46.265349,5.3975,0.597192,3.223344,148.643003
SPHINCS+-SHA2-128f-simple_run30,active,46.278095,5.3975,0.59594,3.216588,148.684
SPHINCS+-SHA2-128f-simple_run30,active,46.290841,5.39625,0.596119,3.216808,148.725001
SPHINCS+-SHA2-128f-simple_run30,active,46.303579,5.39875,0.594152,3.20768,148.765863
SPHINCS+-SHA2-128f-simple_run30,active,46.316341,5.39625,0.594152,3.206195,148.806778
SPHINCS+-SHA2-128f-simple_run30,active,46.329083,5.4,0.58861,3.178492,148.847278
SPHINCS+-SHA2-128f-simple_run30,active,46.341822,5.39875,0.596119,3.218299,148.888277
SPHINCS+-SHA2-128f-simple_run30,active,46.354559,5.39375,0.595762,3.213389,148.929205
SPHINCS+-SHA2-128f-simple_run30,active,46.367295,5.39625,0.595583,3.213914,148.97014
SPHINCS+-SHA2-128f-simple_run30,active,46.380047,5.39375,0.598622,3.22882,149.011312
SPHINCS+-SHA2-128f-simple_run30,active,46.392789,5.3975,0.593437,3.203077,149.052127
SPHINCS+-SHA2-128f-simple_run30,active,46.405542,5.3825,0.592722,3.190326,149.092812
SPHINCS+-SHA2-128f-simple_run30,active,46.418304,5.39625,0.594331,3.20716,149.133744
SPHINCS+-SHA2-128f-simple_run30,active,46.431051,5.39625,0.595583,3.213914,149.174711
SPHINCS+-SHA2-128f-simple_run30,active,46.443796,5.39625,0.595762,3.214879,149.215683
SPHINCS+-SHA2-128f-simple_run30,active,46.456537,5.3975,0.593437,3.203077,149.256493
SPHINCS+-SHA2-128f-simple_run30,active,46.469277,5.3975,0.594868,3.210798,149.297399
SPHINCS+-SHA2-128f-simple_run30,active,46.482024,5.39625,0.592901,3.199441,149.338184
SPHINCS+-SHA2-128f-simple_run30,active,46.494771,5.39625,0.594152,3.206195,149.379052
SPHINCS+-SHA2-128f-simple_run30,active,46.507516,5.3975,0.596834,3.221414,149.420108
SPHINCS+-SHA2-128f-simple_run30,active,46.520257,5.3975,0.591292,3.191496,149.460772
SPHINCS+-SHA2-128f-simple_run30,active,46.533002,5.39625,0.595583,3.213914,149.501734
SPHINCS+-SHA2-128f-simple_run30,active,46.545744,5.3975,0.59594,3.216588,149.54272
SPHINCS+-SHA2-128f-simple_run30,active,46.558487,5.39625,0.596119,3.216808,149.583711
SPHINCS+-SHA2-128f-simple_run30,active,46.571229,5.39625,0.595583,3.213914,149.624662
SPHINCS+-SHA2-128f-simple_run30,active,46.583974,5.39625,0.597013,3.221632,149.665721
SPHINCS+-SHA2-128f-simple_run30,active,46.596718,5.3975,0.595583,3.214658,149.706691
SPHINCS+-SHA2-128f-simple_run30,active,46.60946,5.3875,0.593795,3.199069,149.747451
SPHINCS+-SHA2-128f-simple_run30,active,46.6222,5.39625,0.595225,3.211984,149.788374
SPHINCS+-SHA2-128f-simple_run30,active,46.634943,5.3975,0.595583,3.214658,149.829339
SPHINCS+-SHA2-128f-simple_run30,active,46.647686,5.39625,0.596834,3.220668,149.870378
SPHINCS+-SHA2-128f-simple_run30,active,46.660429,5.39875,0.595762,3.216368,149.911365
SPHINCS+-SHA2-128f-simple_run30,active,46.673169,5.39875,0.597371,3.225056,149.95245
SPHINCS+-SHA2-128f-simple_run30,active,46.685916,5.3975,0.597013,3.222379,149.993527
SPHINCS+-SHA2-128f-simple_run30,active,46.698662,5.39875,0.599159,3.234709,150.034757
SPHINCS+-SHA2-128f-simple_run30,active,46.711403,5.39625,0.596298,3.217773,150.075756
SPHINCS+-SHA2-128f-simple_run30,active,46.724142,5.395,0.597728,3.224745,150.116835
SPHINCS+-SHA2-128f-simple_run30,active,46.736883,5.39625,0.59594,3.215843,150.157807
SPHINCS+-SHA2-128f-simple_run30,active,46.749621,5.39375,0.595046,3.209532,150.19869
SPHINCS+-SHA2-128f-simple_run30,active,46.762363,5.395,0.595404,3.212205,150.23962
SPHINCS+-SHA2-128f-simple_run30,active,46.775104,5.395,0.595583,3.213169,150.280559
SPHINCS+-SHA2-128f-simple_run30,active,46.787846,5.3975,0.595762,3.215623,150.321534
SPHINCS+-SHA2-128f-simple_run30,active,46.800593,5.39625,0.596477,3.218738,150.362564
SPHINCS+-SHA2-128f-simple_run30,active,46.813336,5.39875,0.595583,3.215403,150.403535
SPHINCS+-SHA2-128f-simple_run30,active,46.826074,5.3975,0.595762,3.215623,150.444498
SPHINCS+-SHA2-128f-simple_run30,active,46.838815,5.4,0.596656,3.22194,150.485548
SPHINCS+-SHA2-128f-simple_run30,active,46.851554,5.39625,0.594868,3.210054,150.52644
SPHINCS+-SHA2-128f-simple_run30,active,46.864291,5.39625,0.595583,3.213914,150.567378
SPHINCS+-SHA2-128f-simple_run30,active,46.877069,5.39625,0.595583,3.213914,150.608445
SPHINCS+-SHA2-128f-simple_run30,active,46.889815,5.40125,0.594868,3.213029,150.649397
SPHINCS+-SHA2-128f-simple_run30,active,46.902559,5.39625,0.596477,3.218738,150.690416
SPHINCS+-SHA2-128f-simple_run30,active,46.915295,5.38375,0.596119,3.209357,150.731292
SPHINCS+-SHA2-128f-simple_run30,active,46.928033,5.39875,0.600947,3.244362,150.772618
SPHINCS+-SHA2-128f-simple_run30,active,46.940773,5.39625,0.593258,3.201371,150.813402
SPHINCS+-SHA2-128f-simple_run30,active,46.953512,5.39625,0.596119,3.216808,150.854383
SPHINCS+-SHA2-128f-simple_run30,active,46.966254,5.39625,0.595762,3.214879,150.895345
SPHINCS+-SHA2-128f-simple_run30,active,46.978995,5.3975,0.591292,3.191496,150.936008
SPHINCS+-SHA2-128f-simple_run30,active,46.991783,5.3975,0.59594,3.216588,150.977141
SPHINCS+-SHA2-128f-simple_run30,active,47.004528,5.3975,0.596119,3.217553,151.018151
SPHINCS+-SHA2-128f-simple_run30,active,47.017266,5.39625,0.59147,3.191722,151.058808
SPHINCS+-SHA2-128f-simple_run30,active,47.03001,5.3975,0.587179,3.1693,151.099196
SPHINCS+-SHA2-128f-simple_run30,active,47.042753,5.39625,0.593437,3.202335,151.140003
SPHINCS+-SHA2-128f-simple_run30,active,47.055491,5.3975,0.593616,3.204042,151.180815
SPHINCS+-SHA2-128f-simple_run30,active,47.068233,5.39625,0.59594,3.215843,151.221794
SPHINCS+-SHA2-128f-simple_run30,active,47.080973,5.39625,0.595583,3.213914,151.262737
SPHINCS+-SHA2-128f-simple_run30,active,47.093718,5.39875,0.595046,3.212507,151.303682
SPHINCS+-SHA2-128f-simple_run30,active,47.106464,5.3975,0.59594,3.216588,151.344681
SPHINCS+-SHA2-128f-simple_run30,active,47.119203,5.39875,0.599516,3.236639,151.385913
SPHINCS+-SHA2-128f-simple_run30,active,47.13196,5.3975,0.593437,3.203077,151.426774
SPHINCS+-SHA2-128f-simple_run30,active,47.144704,5.39625,0.595404,3.212949,151.467718
SPHINCS+-SHA2-128f-simple_run30,active,47.157445,5.38375,0.593795,3.196843,151.508449
SPHINCS+-SHA2-128f-simple_run30,active,47.170194,5.39375,0.596119,3.215318,151.549441
SPHINCS+-SHA2-128f-simple_run30,active,47.182935,5.3975,0.598265,3.229134,151.590586
SPHINCS+-SHA2-128f-simple_run30,active,47.195686,5.3975,0.596298,3.218518,151.631625
SPHINCS+-SHA2-128f-simple_run30,active,47.208428,5.39,0.600947,3.239103,151.672896
SPHINCS+-SHA2-128f-simple_run30,active,47.221164,5.3975,0.593437,3.203077,151.713692
SPHINCS+-SHA2-128f-simple_run30,active,47.233905,5.39625,0.593437,3.202335,151.754493
SPHINCS+-SHA2-128f-simple_run30,active,47.246647,5.39875,0.593437,3.203819,151.795316
SPHINCS+-SHA2-128f-simple_run30,active,47.262288,5.39625,0.595583,3.213914,151.845584
SPHINCS+-SHA2-128f-simple_run30,active,47.27505,5.3975,0.595762,3.215623,151.886623
SPHINCS+-SHA2-128f-simple_run30,active,47.28779,5.39625,0.597371,3.223562,151.927691
SPHINCS+-SHA2-128f-simple_run30,active,47.300541,5.3975,0.593437,3.203077,151.968532
SPHINCS+-SHA2-128f-simple_run30,active,47.313283,5.39625,0.594152,3.206195,152.009384
SPHINCS+-SHA2-128f-simple_run30,active,47.326027,5.39625,0.593616,3.2033,152.050209
SPHINCS+-SHA2-128f-simple_run30,active,47.338764,5.3975,0.588788,3.177985,152.090687
SPHINCS+-SHA2-128f-simple_run30,active,47.351503,5.39875,0.595404,3.214437,152.131633
SPHINCS+-SHA2-128f-simple_run30,active,47.364244,5.39375,0.597907,3.224962,152.172723
SPHINCS+-SHA2-128f-simple_run30,active,47.376988,5.3975,0.594331,3.207903,152.213607
SPHINCS+-SHA2-128f-simple_run30,active,47.389724,5.3975,0.59594,3.216588,152.254573
SPHINCS+-SHA2-128f-simple_run30,active,47.40248,5.3975,0.596834,3.221414,152.295665
SPHINCS+-SHA2-128f-simple_run30,active,47.415224,5.395,0.594331,3.206417,152.336528
SPHINCS+-SHA2-128f-simple_run30,active,47.427966,5.3975,0.595046,3.211763,152.377453
SPHINCS+-SHA2-128f-simple_run30,active,47.440706,5.3975,0.595046,3.211763,152.418369
SPHINCS+-SHA2-128f-simple_run30,active,47.453445,5.3975,0.595404,3.213693,152.459307
SPHINCS+-SHA2-128f-simple_run30,active,47.466184,5.39,0.595225,3.208264,152.500179
SPHINCS+-SHA2-128f-simple_run30,active,47.47893,5.4025,0.592364,3.200249,152.540968
SPHINCS+-SHA2-128f-simple_run30,active,47.49167,5.39625,0.599516,3.23514,152.582184
SPHINCS+-SHA2-128f-simple_run30,active,47.504417,5.3975,0.597728,3.226239,152.623309
SPHINCS+-SHA2-128f-simple_run30,active,47.51716,5.39625,0.59594,3.215843,152.664288
SPHINCS+-SHA2-128f-simple_run30,active,47.529901,5.40125,0.595583,3.216892,152.705276
SPHINCS+-SHA2-128f-simple_run30,active,47.542643,5.3975,0.595225,3.212728,152.746213
SPHINCS+-SHA2-128f-simple_run30,active,47.555384,5.395,0.595404,3.212205,152.787137
SPHINCS+-SHA2-128f-simple_run30,active,47.568122,5.40125,0.595583,3.216892,152.828115
SPHINCS+-SHA2-128f-simple_run30,active,47.580863,5.39625,0.595762,3.214879,152.869076
SPHINCS+-SHA2-128f-simple_run30,active,47.593602,5.3975,0.600589,3.24168,152.910371
SPHINCS+-SHA2-128f-simple_run30,active,47.606348,5.39625,0.595583,3.213914,152.951336
SPHINCS+-SHA2-128f-simple_run30,active,47.619094,5.4,0.595046,3.213251,152.992293
SPHINCS+-SHA2-128f-simple_run30,active,47.631833,5.3975,0.59594,3.216588,153.033269
SPHINCS+-SHA2-128f-simple_run30,active,47.644575,5.39875,0.595583,3.215403,153.074239
SPHINCS+-SHA2-128f-simple_run30,active,47.657314,5.39875,0.595762,3.216368,153.115214
SPHINCS+-SHA2-128f-simple_run30,active,47.670055,5.39625,0.596477,3.218738,153.156221
SPHINCS+-SHA2-128f-simple_run30,active,47.682799,5.3975,0.595583,3.214658,153.197189
SPHINCS+-SHA2-128f-simple_run30,active,47.695538,5.3975,0.600768,3.242645,153.2385
SPHINCS+-SHA2-128f-simple_run30,active,47.708284,5.40125,0.598801,3.234275,153.279723
SPHINCS+-SHA2-128f-simple_run30,active,47.721072,5.39625,0.59594,3.215843,153.320846
SPHINCS+-SHA2-128f-simple_run30,active,47.733813,5.39625,0.595583,3.213914,153.361794
SPHINCS+-SHA2-128f-simple_run30,active,47.746554,5.39625,0.595583,3.213914,153.402744
SPHINCS+-SHA2-128f-simple_run30,active,47.759294,5.39625,0.595225,3.211984,153.443664
SPHINCS+-SHA2-128f-simple_run30,active,47.772032,5.3825,0.595404,3.204762,153.484488
SPHINCS+-SHA2-128f-simple_run30,active,47.784775,5.39625,0.59594,3.215843,153.525465
SPHINCS+-SHA2-128f-simple_run30,active,47.797514,5.39625,0.597371,3.223562,153.56653
SPHINCS+-SHA2-128f-simple_run30,active,47.810258,5.3975,0.595225,3.212728,153.607475
SPHINCS+-SHA2-128f-simple_run30,active,47.823004,5.39625,0.595404,3.212949,153.648425
SPHINCS+-SHA2-128f-simple_run30,active,47.835769,5.395,0.59594,3.215098,153.689466
SPHINCS+-SHA2-128f-simple_run30,active,47.848509,5.3975,0.597013,3.222379,153.730519
SPHINCS+-SHA2-128f-simple_run30,active,47.861248,5.3975,0.59594,3.216588,153.771497
SPHINCS+-SHA2-128f-simple_run30,active,47.873988,5.38375,0.596298,3.210319,153.812396
SPHINCS+-SHA2-128f-simple_run30,active,47.88673,5.3975,0.593974,3.205973,153.853246
SPHINCS+-SHA2-128f-simple_run30,active,47.899469,5.39625,0.601483,3.245754,153.894595
SPHINCS+-SHA2-128f-simple_run30,active,47.912214,5.39625,0.59594,3.215843,153.935581
SPHINCS+-SHA2-128f-simple_run30,active,47.924957,5.39625,0.597728,3.225492,153.976683
SPHINCS+-SHA2-128f-simple_run30,active,47.937697,5.3975,0.592901,3.200182,154.017451
SPHINCS+-SHA2-128f-simple_run30,active,47.950442,5.3975,0.595404,3.213693,154.058411
SPHINCS+-SHA2-128f-simple_run30,active,47.963185,5.3975,0.596834,3.221414,154.09946
SPHINCS+-SHA2-128f-simple_run30,active,47.975921,5.3825,0.59594,3.207649,154.140313
SPHINCS+-SHA2-128f-simple_run30,active,47.988659,5.4,0.594331,3.209388,154.181196
SPHINCS+-SHA2-128f-simple_run30,active,48.001401,5.3975,0.597728,3.226239,154.222303
SPHINCS+-SHA2-128f-simple_run30,active,48.014148,5.395,0.593795,3.203523,154.26314
SPHINCS+-SHA2-128f-simple_run30,active,48.026894,5.39875,0.595583,3.215403,154.304123
SPHINCS+-SHA2-128f-simple_run30,active,48.039637,5.395,0.596656,3.218957,154.345143
SPHINCS+-SHA2-128f-simple_run30,active,48.052382,5.39875,0.595225,3.213472,154.386099
SPHINCS+-SHA2-128f-simple_run30,active,48.065124,5.395,0.597907,3.225709,154.4272
SPHINCS+-SHA2-128f-simple_run30,active,48.077861,5.37875,0.595583,3.203491,154.468004
SPHINCS+-SHA2-128f-simple_run30,active,48.090602,5.39625,0.593795,3.204265,154.508829
SPHINCS+-SHA2-128f-simple_run30,active,48.103348,5.39875,0.599159,3.234709,154.550058
SPHINCS+-SHA2-128f-simple_run30,active,48.116099,5.3975,0.593437,3.203077,154.590901
SPHINCS+-SHA2-128f-simple_run30,active,48.128853,5.39125,0.593795,3.201296,154.631731
SPHINCS+-SHA2-128f-simple_run30,active,48.141591,5.3975,0.59594,3.216588,154.672702
SPHINCS+-SHA2-128f-simple_run30,active,48.154335,5.3975,0.595583,3.214658,154.713668
SPHINCS+-SHA2-128f-simple_run30,active,48.167076,5.4025,0.595404,3.21667,154.754654
SPHINCS+-SHA2-128f-simple_run30,active,48.179813,5.38375,0.59594,3.208394,154.795518
SPHINCS+-SHA2-128f-simple_run30,active,48.192553,5.3975,0.595762,3.215623,154.836487
SPHINCS+-SHA2-128f-simple_run30,active,48.205299,5.3975,0.599695,3.236855,154.877744
SPHINCS+-SHA2-128f-simple_run30,active,48.218046,5.395,0.587894,3.17169,154.918173
SPHINCS+-SHA2-128f-simple_run30,active,48.23079,5.39625,0.593795,3.204265,154.959006
SPHINCS+-SHA2-128f-simple_run30,active,48.243533,5.395,0.596298,3.217028,155.000003
SPHINCS+-SHA2-128f-simple_run30,active,48.256276,5.395,0.597192,3.221851,155.041058
SPHINCS+-SHA2-128f-simple_run30,active,48.269052,5.39625,0.595225,3.211984,155.082095
SPHINCS+-SHA2-128f-simple_run30,active,48.281786,5.39375,0.593437,3.200852,155.122855
SPHINCS+-SHA2-128f-simple_run30,active,48.294528,5.3975,0.593437,3.203077,155.163668
SPHINCS+-SHA2-128f-simple_run30,active,48.307267,5.39875,0.60202,3.250153,155.205073
SPHINCS+-SHA2-128f-simple_run30,active,48.320013,5.39625,0.594689,3.209089,155.245976
SPHINCS+-SHA2-128f-simple_run30,active,48.332758,5.39625,0.596119,3.216808,155.286974
SPHINCS+-SHA2-128f-simple_run30,active,48.345506,5.3975,0.59594,3.216588,155.327977
SPHINCS+-SHA2-128f-simple_run30,active,48.358244,5.39875,0.589682,3.183548,155.36853
SPHINCS+-SHA2-128f-simple_run30,active,48.370988,5.3975,0.593795,3.205007,155.409374
SPHINCS+-SHA2-128f-simple_run30,active,48.383758,5.3975,0.596834,3.221414,155.450513
SPHINCS+-SHA2-128f-simple_run30,active,48.396505,5.39625,0.595046,3.211019,155.491443
SPHINCS+-SHA2-128f-simple_run30,active,48.409244,5.39625,0.599516,3.23514,155.532655
SPHINCS+-SHA2-128f-simple_run30,active,48.421987,5.39625,0.594868,3.210054,155.57356
SPHINCS+-SHA2-128f-simple_run30,active,48.434731,5.3975,0.59594,3.216588,155.614553
SPHINCS+-SHA2-128f-simple_run30,active,48.44748,5.39875,0.590755,3.18934,155.655213
SPHINCS+-SHA2-128f-simple_run30,active,48.460222,5.3975,0.594331,3.207903,155.696088
SPHINCS+-SHA2-128f-simple_run30,active,48.472964,5.3975,0.593974,3.205973,155.736938
SPHINCS+-SHA2-128f-simple_run30,active,48.485704,5.39625,0.593974,3.20523,155.777775
SPHINCS+-SHA2-128f-simple_run30,active,48.498446,5.39625,0.598265,3.228386,155.81891
SPHINCS+-SHA2-128f-simple_run30,active,48.511188,5.395,0.596119,3.216063,155.85989
SPHINCS+-SHA2-128f-simple_run30,active,48.523933,5.39625,0.596834,3.220668,155.900938
SPHINCS+-SHA2-128f-simple_run30,active,48.539587,5.395,0.595583,3.213169,155.951236
SPHINCS+-SHA2-128f-simple_run30,active,48.552348,5.39,0.596119,3.213082,155.992238
SPHINCS+-SHA2-128f-simple_run30,active,48.565093,5.39,0.59594,3.212119,156.033175
SPHINCS+-SHA2-128f-simple_run30,active,48.577835,5.395,0.590219,3.18423,156.073751
SPHINCS+-SHA2-128f-simple_run30,active,48.590579,5.38375,0.595404,3.205506,156.114601
SPHINCS+-SHA2-128f-simple_run30,active,48.603322,5.395,0.59594,3.215098,156.155572
SPHINCS+-SHA2-128f-simple_run30,active,48.616062,5.4,0.597013,3.223871,156.196642
SPHINCS+-SHA2-128f-simple_run30,active,48.628811,5.3975,0.592543,3.198252,156.237416
SPHINCS+-SHA2-128f-simple_run30,active,48.641557,5.3975,0.595046,3.211763,156.278356
SPHINCS+-SHA2-128f-simple_run30,active,48.654298,5.3975,0.595225,3.212728,156.319289
SPHINCS+-SHA2-128f-simple_run30,active,48.667039,5.3975,0.59594,3.216588,156.36027
SPHINCS+-SHA2-128f-simple_run30,active,48.679777,5.3975,0.596119,3.217553,156.401257
SPHINCS+-SHA2-128f-simple_run30,active,48.692517,5.3825,0.595762,3.206687,156.442108
SPHINCS+-SHA2-128f-simple_run30,active,48.705255,5.39625,0.599159,3.233211,156.483295
SPHINCS+-SHA2-128f-simple_run30,active,48.717996,5.395,0.59594,3.215098,156.524256
SPHINCS+-SHA2-128f-simple_run30,active,48.730746,5.3975,0.595583,3.214658,156.565244
SPHINCS+-SHA2-128f-simple_run30,active,48.743491,5.39625,0.596834,3.220668,156.606291
SPHINCS+-SHA2-128f-simple_run30,active,48.75623,5.3975,0.598622,3.231064,156.647451
SPHINCS+-SHA2-128f-simple_run30,active,48.768969,5.3975,0.59594,3.216588,156.688429
SPHINCS+-SHA2-128f-simple_run30,active,48.781708,5.39625,0.595583,3.213914,156.729371
SPHINCS+-SHA2-128f-simple_run30,active,48.79445,5.3825,0.595404,3.204762,156.770206
SPHINCS+-SHA2-128f-simple_run30,active,48.807193,5.39375,0.593437,3.200852,156.810995
SPHINCS+-SHA2-128f-simple_run30,active,48.81994,5.39375,0.596119,3.215318,156.851978
SPHINCS+-SHA2-128f-simple_run30,active,48.83269,5.39875,0.59594,3.217333,156.893001
SPHINCS+-SHA2-128f-simple_run30,active,48.845436,5.39625,0.59594,3.215843,156.933989
SPHINCS+-SHA2-128f-simple_run30,active,48.858178,5.37125,0.593437,3.1875,156.974606
SPHINCS+-SHA2-128f-simple_run30,active,48.870922,5.39625,0.595583,3.213914,157.015562
SPHINCS+-SHA2-128f-simple_run30,active,48.883663,5.3975,0.596119,3.217553,157.056556
SPHINCS+-SHA2-128f-simple_run30,active,48.896404,5.395,0.595583,3.213169,157.097496
SPHINCS+-SHA2-128f-simple_run30,active,48.909155,5.3925,0.59594,3.213609,157.138472
SPHINCS+-SHA2-128f-simple_run30,active,48.921897,5.39375,0.595583,3.212425,157.179406
SPHINCS+-SHA2-128f-simple_run30,active,48.934644,5.39625,0.595762,3.214879,157.220387
SPHINCS+-SHA2-128f-simple_run30,active,48.947392,5.39375,0.596298,3.216282,157.261386
SPHINCS+-SHA2-128f-simple_run30,active,48.960132,5.39625,0.596834,3.220668,157.30242
SPHINCS+-SHA2-128f-simple_run30,active,48.972877,5.395,0.596477,3.217992,157.343431
SPHINCS+-SHA2-128f-simple_run30,active,48.985615,5.39625,0.59594,3.215843,157.384396
SPHINCS+-SHA2-128f-simple_run30,active,48.998355,5.3825,0.593616,3.195138,157.425102
SPHINCS+-SHA2-128f-simple_run30,active,49.011106,5.39625,0.593258,3.201371,157.465923
SPHINCS+-SHA2-128f-simple_run30,active,49.023846,5.39625,0.596834,3.220668,157.506954
SPHINCS+-SHA2-128f-simple_run30,active,49.036586,5.4,0.601304,3.247044,157.54832
SPHINCS+-SHA2-128f-simple_run30,active,49.049334,5.395,0.59594,3.215098,157.589307
SPHINCS+-SHA2-128f-simple_run30,active,49.06208,5.395,0.59594,3.215098,157.630288
SPHINCS+-SHA2-128f-simple_run30,active,49.074824,5.39625,0.594152,3.206195,157.671146
SPHINCS+-SHA2-128f-simple_run30,active,49.087562,5.405,0.597371,3.228789,157.712274
SPHINCS+-SHA2-128f-simple_run30,active,49.100337,5.395,0.593437,3.201594,157.753176
SPHINCS+-SHA2-128f-simple_run30,active,49.113089,5.3975,0.593437,3.203077,157.79402
SPHINCS+-SHA2-128f-simple_run30,active,49.125845,5.3975,0.597013,3.222379,157.835124
SPHINCS+-SHA2-128f-simple_run30,active,49.138586,5.3975,0.598622,3.231064,157.876293
SPHINCS+-SHA2-128f-simple_run30,active,49.151327,5.3975,0.596477,3.219484,157.91731
SPHINCS+-SHA2-128f-simple_run30,active,49.164073,5.39625,0.595583,3.213914,157.958276
SPHINCS+-SHA2-128f-simple_run30,active,49.176817,5.3875,0.594689,3.203886,157.999105
SPHINCS+-SHA2-128f-simple_run30,active,49.189588,5.39375,0.593258,3.199887,158.039972
SPHINCS+-SHA2-128f-simple_run30,active,49.202336,5.395,0.595583,3.213169,158.080935
SPHINCS+-SHA2-128f-simple_run30,active,49.215083,5.39375,0.595762,3.213389,158.121895
SPHINCS+-SHA2-128f-simple_run30,active,49.227828,5.39375,0.597907,3.224962,158.162995
SPHINCS+-SHA2-128f-simple_run30,active,49.240566,5.3975,0.596298,3.218518,158.203995
SPHINCS+-SHA2-128f-simple_run30,active,49.253304,5.3975,0.594152,3.206938,158.244845
SPHINCS+-SHA2-128f-simple_run30,active,49.266047,5.3975,0.596119,3.217553,158.285847
SPHINCS+-SHA2-128f-simple_run30,active,49.27879,5.39375,0.593974,3.203745,158.326671
SPHINCS+-SHA2-128f-simple_run30,active,49.291528,5.3975,0.59594,3.216588,158.367644
SPHINCS+-SHA2-128f-simple_run30,active,49.304267,5.39375,0.596477,3.217247,158.408628
SPHINCS+-SHA2-128f-simple_run30,active,49.317038,5.3975,0.592364,3.197287,158.449462
SPHINCS+-SHA2-128f-simple_run30,active,49.329778,5.39625,0.593795,3.204265,158.490284
SPHINCS+-SHA2-128f-simple_run30,active,49.342521,5.3975,0.593258,3.202112,158.531089
SPHINCS+-SHA2-128f-simple_run30,active,49.355266,5.39625,0.595583,3.213914,158.572049
SPHINCS+-SHA2-128f-simple_run30,active,49.368007,5.3975,0.591113,3.190531,158.612701
SPHINCS+-SHA2-128f-simple_run30,active,49.380747,5.395,0.595583,3.213169,158.653635
SPHINCS+-SHA2-128f-simple_run30,active,49.393479,5.39625,0.595583,3.213914,158.694553
SPHINCS+-SHA2-128f-simple_run30,active,49.406215,5.395,0.594868,3.209311,158.735429
SPHINCS+-SHA2-128f-simple_run30,active,49.418958,5.39875,0.593437,3.203819,158.776256
SPHINCS+-SHA2-128f-simple_run30,active,49.431733,5.39625,0.59451,3.208125,158.817238
SPHINCS+-SHA2-128f-simple_run30,active,49.444477,5.39875,0.593795,3.20575,158.858093
SPHINCS+-SHA2-128f-simple_run30,active,49.457224,5.3975,0.595762,3.215623,158.899084
SPHINCS+-SHA2-128f-simple_run30,active,49.469964,5.3975,0.596119,3.217553,158.940074
SPHINCS+-SHA2-128f-simple_run30,active,49.482706,5.39625,0.595762,3.214879,158.981037
SPHINCS+-SHA2-128f-simple_run30,active,49.495448,5.3975,0.596477,3.219484,159.02206
SPHINCS+-SHA2-128f-simple_run30,active,49.508187,5.385,0.595225,3.205288,159.062892
SPHINCS+-SHA2-128f-simple_run30,active,49.520931,5.4,0.595583,3.216147,159.103879
SPHINCS+-SHA2-128f-simple_run30,active,49.53367,5.39625,0.600768,3.241894,159.145178
SPHINCS+-SHA2-128f-simple_run30,active,49.546451,5.4,0.595583,3.216147,159.186284
SPHINCS+-SHA2-128f-simple_run30,active,49.559199,5.39625,0.59594,3.215843,159.227279
SPHINCS+-SHA2-128f-simple_run30,active,49.571939,5.39875,0.595583,3.215403,159.268242
SPHINCS+-SHA2-128f-simple_run30,active,49.58468,5.39875,0.596298,3.219264,159.309259
SPHINCS+-SHA2-128f-simple_run30,active,49.59742,5.39875,0.595046,3.212507,159.350187
SPHINCS+-SHA2-128f-simple_run30,active,49.61016,5.3975,0.595583,3.214658,159.391142
SPHINCS+-SHA2-128f-simple_run30,active,49.622902,5.3975,0.595225,3.212728,159.43208
SPHINCS+-SHA2-128f-simple_run30,active,49.635642,5.395,0.600589,3.240179,159.473357
SPHINCS+-SHA2-128f-simple_run30,active,49.648393,5.39625,0.595225,3.211984,159.514315
SPHINCS+-SHA2-128f-simple_run30,active,49.661135,5.3975,0.595762,3.215623,159.555287
SPHINCS+-SHA2-128f-simple_run30,active,49.673875,5.3975,0.595046,3.211763,159.596205
SPHINCS+-SHA2-128f-simple_run30,active,49.686617,5.395,0.593437,3.201594,159.637
SPHINCS+-SHA2-128f-simple_run30,active,49.699357,5.39625,0.59594,3.215843,159.677971
SPHINCS+-SHA2-128f-simple_run30,active,49.712096,5.395,0.59594,3.215098,159.718928
SPHINCS+-SHA2-128f-simple_run30,active,49.724839,5.39625,0.597907,3.226457,159.760041
SPHINCS+-SHA2-128f-simple_run30,active,49.737585,5.395,0.599695,3.235356,159.801279
SPHINCS+-SHA2-128f-simple_run30,active,49.75033,5.39625,0.596656,3.219703,159.842316
SPHINCS+-SHA2-128f-simple_run30,active,49.763074,5.3975,0.596477,3.219484,159.883343
SPHINCS+-SHA2-128f-simple_run30,active,49.775812,5.395,0.591828,3.192912,159.924016
SPHINCS+-SHA2-128f-simple_run30,active,49.788551,5.4,0.599338,3.236423,159.965245
SPHINCS+-SHA2-128f-simple_run30,active,49.80129,5.395,0.59594,3.215098,160.006202
SPHINCS+-SHA2-128f-simple_run30,active,49.81697,5.39,0.596119,3.213082,160.056582
SPHINCS+-SHA2-128f-simple_run30,active,49.829733,5.3975,0.59594,3.216588,160.097637
SPHINCS+-SHA2-128f-simple_run30,active,49.842488,5.39625,0.595762,3.214879,160.138642
SPHINCS+-SHA2-128f-simple_run30,active,49.855236,5.39875,0.595762,3.216368,160.179644
SPHINCS+-SHA2-128f-simple_run30,active,49.867976,5.3925,0.595583,3.21168,160.22056
SPHINCS+-SHA2-128f-simple_run30,active,49.880716,5.3975,0.595583,3.214658,160.261515
SPHINCS+-SHA2-128f-simple_run30,active,49.893455,5.3975,0.595225,3.212728,160.302441
SPHINCS+-SHA2-128f-simple_run30,active,49.906194,5.3925,0.59594,3.213609,160.343379
SPHINCS+-SHA2-128f-simple_run30,active,49.918935,5.395,0.595583,3.213169,160.38432
SPHINCS+-SHA2-128f-simple_run30,active,49.931674,5.39625,0.595583,3.213914,160.425261
SPHINCS+-SHA2-128f-simple_run30,active,49.944418,5.39875,0.598086,3.228917,160.46641
SPHINCS+-SHA2-128f-simple_run30,active,49.957162,5.39625,0.596119,3.216808,160.507405
SPHINCS+-SHA2-128f-simple_run30,active,49.9699,5.39625,0.596834,3.220668,160.54843
SPHINCS+-SHA2-128f-simple_run30,active,49.982637,5.3975,0.596477,3.219484,160.589438
SPHINCS+-SHA2-128f-simple_run30,active,49.995379,5.3975,0.596477,3.219484,160.630459
SPHINCS+-SHA2-128f-simple_run30,active,50.008125,5.39875,0.594331,3.208646,160.671357
SPHINCS+-SHA2-128f-simple_run30,active,50.020865,5.39625,0.593616,3.2033,160.712169
SPHINCS+-SHA2-128f-simple_run30,active,50.033605,5.39875,0.593795,3.20575,160.753008
SPHINCS+-SHA2-128f-simple_run30,active,50.046352,5.39875,0.596298,3.219264,160.794043
SPHINCS+-SHA2-128f-simple_run30,active,50.059102,5.39625,0.59594,3.215843,160.835045
SPHINCS+-SHA2-128f-simple_run30,active,50.071843,5.4,0.595762,3.217113,160.876037
SPHINCS+-SHA2-128f-simple_run30,active,50.084582,5.395,0.595762,3.214134,160.916982
SPHINCS+-SHA2-128f-simple_run30,active,50.097329,5.39625,0.595404,3.212949,160.957935
SPHINCS+-SHA2-128f-simple_run30,active,50.110068,5.3975,0.593795,3.205007,160.998764
SPHINCS+-SHA2-128f-simple_run30,active,50.122826,5.3975,0.594331,3.207903,161.03969
SPHINCS+-SHA2-128f-simple_run30,active,50.135569,5.3975,0.597371,3.224309,161.080778
SPHINCS+-SHA2-128f-simple_run30,active,50.148343,5.3975,0.59594,3.216588,161.121867
SPHINCS+-SHA2-128f-simple_run30,active,50.161094,5.3975,0.596656,3.220449,161.16293
SPHINCS+-SHA2-128f-simple_run30,active,50.173837,5.39625,0.593437,3.202335,161.203739
SPHINCS+-SHA2-128f-simple_run30,active,50.186578,5.4025,0.592007,3.198317,161.24449
SPHINCS+-SHA2-128f-simple_run30,active,50.199318,5.39625,0.593795,3.204265,161.285311
SPHINCS+-SHA2-128f-simple_run30,active,50.212064,5.3975,0.596119,3.217553,161.32632
SPHINCS+-SHA2-128f-simple_run30,active,50.224806,5.39625,0.596834,3.220668,161.36736
SPHINCS+-SHA2-128f-simple_run30,active,50.23755,5.40125,0.596656,3.222686,161.40843
SPHINCS+-SHA2-128f-simple_run30,active,50.250287,5.3975,0.595225,3.212728,161.44935
SPHINCS+-SHA2-128f-simple_run30,active,50.26303,5.395,0.594152,3.205452,161.490196
SPHINCS+-SHA2-128f-simple_run30,active,50.275774,5.395,0.594152,3.205452,161.531047
SPHINCS+-SHA2-128f-simple_run30,active,50.288512,5.40125,0.594152,3.209166,161.571927
SPHINCS+-SHA2-128f-simple_run30,active,50.301253,5.39625,0.595762,3.214879,161.612887
SPHINCS+-SHA2-128f-simple_run30,active,50.313994,5.3975,0.596119,3.217553,161.653882
SPHINCS+-SHA2-128f-simple_run30,active,50.326735,5.39,0.596477,3.21501,161.694842
SPHINCS+-SHA2-128f-simple_run30,active,50.339476,5.395,0.593795,3.203523,161.73566
SPHINCS+-SHA2-128f-simple_run30,active,50.352226,5.3975,0.593616,3.204042,161.77651
SPHINCS+-SHA2-128f-simple_run30,active,50.36497,5.39875,0.594331,3.208646,161.817402
SPHINCS+-SHA2-128f-simple_run30,active,50.37771,5.4,0.595583,3.216147,161.858375
SPHINCS+-SHA2-128f-simple_run30,active,50.390452,5.3975,0.595225,3.212728,161.899314
SPHINCS+-SHA2-128f-simple_run30,active,50.403194,5.39625,0.598622,3.230316,161.940474
SPHINCS+-SHA2-128f-simple_run30,active,50.415933,5.40125,0.59594,3.218823,161.981477
SPHINCS+-SHA2-128f-simple_run30,active,50.428674,5.39625,0.596119,3.216808,162.022463
SPHINCS+-SHA2-128f-simple_run30,active,50.441407,5.39625,0.593437,3.202335,162.063237
SPHINCS+-SHA2-128f-simple_run30,active,50.454141,5.3975,0.600947,3.24361,162.104542
SPHINCS+-SHA2-128f-simple_run30,active,50.466879,5.39875,0.600053,3.239535,162.145807
SPHINCS+-SHA2-128f-simple_run30,active,50.479625,5.3975,0.595762,3.215623,162.186795
SPHINCS+-SHA2-128f-simple_run30,active,50.492368,5.39625,0.59594,3.215843,162.227775
SPHINCS+-SHA2-128f-simple_run30,active,50.50511,5.395,0.597013,3.220886,162.268812
SPHINCS+-SHA2-128f-simple_run30,active,50.517849,5.39625,0.594868,3.210054,162.309707
SPHINCS+-SHA2-128f-simple_run30,active,50.530591,5.39625,0.596298,3.217773,162.350708
SPHINCS+-SHA2-128f-simple_run30,active,50.543332,5.3975,0.595225,3.212728,162.39164
SPHINCS+-SHA2-128f-simple_run30,active,50.556079,5.39875,0.594152,3.20768,162.432529
SPHINCS+-SHA2-128f-simple_run30,active,50.568824,5.39625,0.595583,3.213914,162.473491
SPHINCS+-SHA2-128f-simple_run30,active,50.581565,5.3975,0.595762,3.215623,162.514462
SPHINCS+-SHA2-128f-simple_run30,active,50.594305,5.395,0.596477,3.217992,162.555459
SPHINCS+-SHA2-128f-simple_run30,active,50.607047,5.3975,0.599516,3.23589,162.59669
SPHINCS+-SHA2-128f-simple_run30,active,50.619787,5.3975,0.596119,3.217553,162.637683
SPHINCS+-SHA2-128f-simple_run30,active,50.632529,5.39625,0.596119,3.216808,162.67867
SPHINCS+-SHA2-128f-simple_run30,active,50.645272,5.39625,0.592364,3.196546,162.719404
SPHINCS+-SHA2-128f-simple_run30,active,50.658019,5.3975,0.59594,3.216588,162.760407
SPHINCS+-SHA2-128f-simple_run30,active,50.670766,5.395,0.59594,3.215098,162.801388
SPHINCS+-SHA2-128f-simple_run30,active,50.683508,5.39625,0.595583,3.213914,162.842338
SPHINCS+-SHA2-128f-simple_run30,active,50.696247,5.39625,0.598086,3.227422,162.883453
SPHINCS+-SHA2-128f-simple_run30,active,50.708987,5.39625,0.596477,3.218738,162.924462
SPHINCS+-SHA2-128f-simple_run30,active,50.721727,5.39625,0.596477,3.218738,162.965468
SPHINCS+-SHA2-128f-simple_run30,active,50.734471,5.395,0.596119,3.216063,163.006453
SPHINCS+-SHA2-128f-simple_run30,active,50.747213,5.3975,0.601304,3.24554,163.047808
SPHINCS+-SHA2-128f-simple_run30,active,50.759957,5.39625,0.596119,3.216808,163.088804
SPHINCS+-SHA2-128f-simple_run30,active,50.772702,5.39625,0.595404,3.212949,163.129751
SPHINCS+-SHA2-128f-simple_run30,active,50.785442,5.3975,0.597013,3.222379,163.170806
SPHINCS+-SHA2-128f-simple_run30,active,50.798185,5.3975,0.595404,3.213693,163.211757
SPHINCS+-SHA2-128f-simple_run30,active,50.810929,5.3975,0.595583,3.214658,163.252724
SPHINCS+-SHA2-128f-simple_run30,active,50.823668,5.39625,0.598622,3.230316,163.293877
SPHINCS+-SHA2-128f-simple_run30,active,50.836415,5.395,0.596477,3.217992,163.334894
SPHINCS+-SHA2-128f-simple_run30,active,50.849157,5.395,0.59594,3.215098,163.375861
SPHINCS+-SHA2-128f-simple_run30,active,50.861906,5.395,0.595583,3.213169,163.416826
SPHINCS+-SHA2-128f-simple_run30,active,50.874653,5.3975,0.596119,3.217553,163.457842
SPHINCS+-SHA2-128f-simple_run30,active,50.887395,5.39375,0.596119,3.215318,163.498812
SPHINCS+-SHA2-128f-simple_run30,active,50.900134,5.39625,0.595583,3.213914,163.539751
SPHINCS+-SHA2-128f-simple_run30,active,50.912873,5.39625,0.596119,3.216808,163.580731
SPHINCS+-SHA2-128f-simple_run30,active,50.925615,5.3925,0.602198,3.247355,163.62211
SPHINCS+-SHA2-128f-simple_run30,active,50.938355,5.39625,0.59594,3.215843,163.66308
SPHINCS+-SHA2-128f-simple_run30,active,50.951097,5.39625,0.595583,3.213914,163.70403
SPHINCS+-SHA2-128f-simple_run30,active,50.963843,5.4,0.597728,3.227733,163.745171
SPHINCS+-SHA2-128f-simple_run30,active,50.976588,5.3975,0.594152,3.206938,163.786044
SPHINCS+-SHA2-128f-simple_run30,active,50.989327,5.3975,0.59594,3.216588,163.82702
SPHINCS+-SHA2-128f-simple_run30,active,51.00207,5.3975,0.596298,3.218518,163.868032
SPHINCS+-SHA2-128f-simple_run30,active,51.014811,5.39625,0.596298,3.217773,163.909031
SPHINCS+-SHA2-128f-simple_run30,active,51.027555,5.39625,0.595225,3.211984,163.949964
SPHINCS+-SHA2-128f-simple_run30,active,51.040293,5.3975,0.596477,3.219484,163.990973
SPHINCS+-SHA2-128f-simple_run30,active,51.053081,5.39625,0.597013,3.221632,164.032174
SPHINCS+-SHA2-128f-simple_run30,active,51.06583,5.39625,0.59594,3.215843,164.07317
SPHINCS+-SHA2-128f-simple_run30,active,51.078575,5.39875,0.595762,3.216368,164.114166
SPHINCS+-SHA2-128f-simple_run30,active,51.0942,5.39125,0.59594,3.212864,164.164365
SPHINCS+-SHA2-128f-simple_run30,active,51.106974,5.39875,0.596119,3.218299,164.205477
SPHINCS+-SHA2-128f-simple_run30,active,51.119748,5.39625,0.59594,3.215843,164.246556
SPHINCS+-SHA2-128f-simple_run30,active,51.132504,5.39625,0.59594,3.215843,164.287576
SPHINCS+-SHA2-128f-simple_run30,active,51.145246,5.39625,0.59594,3.215843,164.328552
SPHINCS+-SHA2-128f-simple_run30,active,51.157985,5.4,0.593616,3.205526,164.369386
SPHINCS+-SHA2-128f-simple_run30,active,51.170744,5.39625,0.593616,3.2033,164.410258
SPHINCS+-SHA2-128f-simple_run30,active,51.183491,5.39625,0.59594,3.215843,164.451252
SPHINCS+-SHA2-128f-simple_run30,active,51.196233,5.3975,0.595046,3.211763,164.492174
SPHINCS+-SHA2-128f-simple_run30,active,51.208976,5.39375,0.595762,3.213389,164.533122
SPHINCS+-SHA2-128f-simple_run30,active,51.221717,5.39625,0.595762,3.214879,164.574083
SPHINCS+-SHA2-128f-simple_run30,active,51.234459,5.39625,0.59594,3.215843,164.615061
SPHINCS+-SHA2-128f-simple_run30,active,51.247198,5.40375,0.59594,3.220313,164.656086
SPHINCS+-SHA2-128f-simple_run30,active,51.259937,5.3975,0.596834,3.221414,164.697122
SPHINCS+-SHA2-128f-simple_run30,active,51.272683,5.39625,0.59594,3.215843,164.738111
SPHINCS+-SHA2-128f-simple_run30,active,51.285427,5.3975,0.599338,3.234925,164.779337
SPHINCS+-SHA2-128f-simple_run30,active,51.298167,5.39625,0.596119,3.216808,164.820319
SPHINCS+-SHA2-128f-simple_run30,active,51.310907,5.39625,0.59594,3.215843,164.86129
SPHINCS+-SHA2-128f-simple_run30,active,51.323646,5.3975,0.593795,3.205007,164.902117
SPHINCS+-SHA2-128f-simple_run30,active,51.336384,5.4,0.595762,3.217113,164.943098
SPHINCS+-SHA2-128f-simple_run30,active,51.349125,5.39625,0.593437,3.202335,164.983898
SPHINCS+-SHA2-128f-simple_run30,active,51.361866,5.3975,0.595225,3.212728,165.024832
SPHINCS+-SHA2-128f-simple_run30,active,51.374604,5.39375,0.596119,3.215318,165.065789
SPHINCS+-SHA2-128f-simple_run30,active,51.387342,5.39625,0.594152,3.206195,165.106629
SPHINCS+-SHA2-128f-simple_run30,active,51.40008,5.39625,0.596834,3.220668,165.147654
SPHINCS+-SHA2-128f-simple_run30,active,51.412822,5.39625,0.593795,3.204265,165.188481
SPHINCS+-SHA2-128f-simple_run30,active,51.425563,5.395,0.595046,3.210275,165.229384
SPHINCS+-SHA2-128f-simple_run30,active,51.438302,5.3975,0.593258,3.202112,165.270175
SPHINCS+-SHA2-128f-simple_run30,active,51.451043,5.39625,0.59594,3.215843,165.311148
SPHINCS+-SHA2-128f-simple_run30,active,51.463785,5.3975,0.59594,3.216588,165.352135
SPHINCS+-SHA2-128f-simple_run30,active,51.476526,5.39625,0.59755,3.224527,165.393219
SPHINCS+-SHA2-128f-simple_run30,active,51.489268,5.3975,0.593437,3.203077,165.434032
SPHINCS+-SHA2-128f-simple_run30,active,51.502012,5.39625,0.593437,3.202335,165.474844
SPHINCS+-SHA2-128f-simple_run30,active,51.514756,5.3975,0.587358,3.170265,165.515245
SPHINCS+-SHA2-128f-simple_run30,active,51.527496,5.3975,0.594868,3.210798,165.556151
SPHINCS+-SHA2-128f-simple_run30,active,51.540234,5.3975,0.59594,3.216588,165.597122
SPHINCS+-SHA2-128f-simple_run30,active,51.552972,5.39625,0.596656,3.219703,165.638136
SPHINCS+-SHA2-128f-simple_run30,active,51.565712,5.3975,0.594868,3.210798,165.67904
SPHINCS+-SHA2-128f-simple_run30,active,51.578463,5.39625,0.595583,3.213914,165.720022
SPHINCS+-SHA2-128f-simple_run30,active,51.59121,5.3975,0.596298,3.218518,165.761047
SPHINCS+-SHA2-128f-simple_run30,active,51.603949,5.39625,0.598086,3.227422,165.802162
SPHINCS+-SHA2-128f-simple_run30,active,51.616691,5.39375,0.596656,3.218211,165.843168
SPHINCS+-SHA2-128f-simple_run30,active,51.629432,5.39625,0.601126,3.243824,165.884498
SPHINCS+-SHA2-128f-simple_run30,active,51.642171,5.395,0.59594,3.215098,165.925457
SPHINCS+-SHA2-128f-simple_run30,active,51.654913,5.3975,0.596477,3.219484,165.966479
SPHINCS+-SHA2-128f-simple_run30,active,51.667654,5.39375,0.595583,3.212425,166.007407
SPHINCS+-SHA2-128f-simple_run30,active,51.6804,5.39625,0.595046,3.211019,166.048336
SPHINCS+-SHA2-128f-simple_run30,active,51.693145,5.39875,0.595404,3.214437,166.089305
SPHINCS+-SHA2-128f-simple_run30,active,51.705887,5.3925,0.597013,3.219394,166.130324
SPHINCS+-SHA2-128f-simple_run30,active,51.718629,5.39625,0.596119,3.216808,166.171315
SPHINCS+-SHA2-128f-simple_run30,active,51.73137,5.39625,0.595404,3.212949,166.21225
SPHINCS+-SHA2-128f-simple_run30,active,51.744108,5.37,0.597013,3.205961,166.253089
SPHINCS+-SHA2-128f-simple_run30,active,51.756849,5.395,0.596298,3.217028,166.294075
SPHINCS+-SHA2-128f-simple_run30,active,51.769591,5.3975,0.596119,3.217553,166.335072
SPHINCS+-SHA2-128f-simple_run30,active,51.782338,5.3975,0.596834,3.221414,166.376137
SPHINCS+-SHA2-128f-simple_run30,active,51.795084,5.39375,0.595583,3.212425,166.417081
SPHINCS+-SHA2-128f-simple_run30,active,51.807823,5.395,0.596477,3.217992,166.458078
SPHINCS+-SHA2-128f-simple_run30,active,51.820564,5.3975,0.596656,3.220449,166.499108
SPHINCS+-SHA2-128f-simple_run30,active,51.833304,5.39875,0.596477,3.220229,166.540133
SPHINCS+-SHA2-128f-simple_run30,active,51.846043,5.3975,0.596477,3.219484,166.581147
SPHINCS+-SHA2-128f-simple_run30,active,51.858785,5.39875,0.596477,3.220229,166.622178
SPHINCS+-SHA2-128f-simple_run30,active,51.871524,5.39,0.595583,3.210191,166.663073
SPHINCS+-SHA2-128f-simple_run30,active,51.884278,5.39375,0.59594,3.214354,166.704068
SPHINCS+-SHA2-128f-simple_run30,active,51.897069,5.39625,0.592901,3.199441,166.744993
SPHINCS+-SHA2-128f-simple_run30,active,51.909809,5.39625,0.59594,3.215843,166.785963
SPHINCS+-SHA2-128f-simple_run30,active,51.922555,5.39625,0.595583,3.213914,166.826927
SPHINCS+-SHA2-128f-simple_run30,active,51.935297,5.39375,0.595046,3.209532,166.867822
SPHINCS+-SHA2-128f-simple_run30,active,51.948034,5.4,0.59594,3.218078,166.908814
SPHINCS+-SHA2-128f-simple_run30,active,51.960776,5.3975,0.59594,3.216588,166.949798
SPHINCS+-SHA2-128f-simple_run30,active,51.973516,5.40125,0.595583,3.216892,166.990781
SPHINCS+-SHA2-128f-simple_run30,active,51.986263,5.39875,0.590219,3.186444,167.031399
SPHINCS+-SHA2-128f-simple_run30,active,51.99901,5.39875,0.595583,3.215403,167.072386
SPHINCS+-SHA2-128f-simple_run30,active,52.011752,5.39625,0.596298,3.217773,167.113386
SPHINCS+-SHA2-128f-simple_run30,active,52.024491,5.3975,0.597728,3.226239,167.154487
SPHINCS+-SHA2-128f-simple_run30,active,52.037231,5.39875,0.595583,3.215403,167.19545
SPHINCS+-SHA2-128f-simple_run30,active,52.049975,5.39625,0.595046,3.211019,167.23637
SPHINCS+-SHA2-128f-simple_run30,active,52.062719,5.395,0.59594,3.215098,167.277345
SPHINCS+-SHA2-128f-simple_run30,active,52.075463,5.39625,0.593974,3.20523,167.318193
SPHINCS+-SHA2-128f-simple_run30,active,52.08821,5.3975,0.59594,3.216588,167.359193
SPHINCS+-SHA2-128f-simple_run30,active,52.100956,5.39625,0.595404,3.212949,167.400147
SPHINCS+-SHA2-128f-simple_run30,active,52.113703,5.39625,0.596834,3.220668,167.441201
SPHINCS+-SHA2-128f-simple_run30,active,52.126499,5.39875,0.594331,3.208646,167.482258
SPHINCS+-SHA2-128f-simple_run30,active,52.139249,5.39625,0.596477,3.218738,167.523295
SPHINCS+-SHA2-128f-simple_run30,active,52.15199,5.3975,0.596656,3.220449,167.564327
SPHINCS+-SHA2-128f-simple_run30,active,52.164728,5.39625,0.595404,3.212949,167.605254
SPHINCS+-SHA2-128f-simple_run30,active,52.177476,5.3975,0.593795,3.205007,167.646113
SPHINCS+-SHA2-128f-simple_run30,active,52.190231,5.3975,0.592901,3.200182,167.68693
SPHINCS+-SHA2-128f-simple_run30,active,52.202979,5.3975,0.597013,3.222379,167.728008
SPHINCS+-SHA2-128f-simple_run30,active,52.21577,5.4025,0.597728,3.229228,167.769313
SPHINCS+-SHA2-128f-simple_run30,active,52.228514,5.39625,0.596119,3.216808,167.810309
SPHINCS+-SHA2-128f-simple_run30,active,52.241254,5.39625,0.596119,3.216808,167.851292
SPHINCS+-SHA2-128f-simple_run30,active,52.253994,5.3975,0.595762,3.215623,167.89226
SPHINCS+-SHA2-128f-simple_run30,active,52.266739,5.39875,0.59594,3.217333,167.933264
SPHINCS+-SHA2-128f-simple_run30,active,52.279483,5.39625,0.59594,3.215843,167.974246
SPHINCS+-SHA2-128f-simple_run30,active,52.292227,5.39875,0.59594,3.217333,168.015249
SPHINCS+-SHA2-128f-simple_run30,active,52.304972,5.3975,0.598801,3.232029,168.056441
SPHINCS+-SHA2-128f-simple_run30,active,52.31771,5.39625,0.59594,3.215843,168.097402
SPHINCS+-SHA2-128f-simple_run30,active,52.330453,5.395,0.60345,3.255613,168.13889
SPHINCS+-SHA2-128f-simple_run30,active,52.343194,5.3975,0.593795,3.205007,168.179726
SPHINCS+-SHA2-128f-simple_run30,active,52.355936,5.4025,0.594331,3.210874,168.220636
SPHINCS+-SHA2-128f-simple_run30,active,52.371627,5.3975,0.59594,3.216588,168.271109
SPHINCS+-SHA2-128f-simple_run30,active,52.38439,5.39875,0.603629,3.258841,168.3127
SPHINCS+-SHA2-128f-simple_run30,active,52.397137,5.39625,0.59594,3.215843,168.353693
SPHINCS+-SHA2-128f-simple_run30,active,52.409879,5.3975,0.594152,3.206938,168.394556
SPHINCS+-SHA2-128f-simple_run30,active,52.422622,5.3975,0.593795,3.205007,168.435399
SPHINCS+-SHA2-128f-simple_run30,active,52.435362,5.3925,0.598801,3.229035,168.476538
SPHINCS+-SHA2-128f-simple_run30,active,52.448101,5.39625,0.594689,3.209089,168.517417
SPHINCS+-SHA2-128f-simple_run30,active,52.460841,5.39625,0.596834,3.220668,168.558448
SPHINCS+-SHA2-128f-simple_run30,active,52.473578,5.39625,0.602377,3.250578,168.599851
SPHINCS+-SHA2-128f-simple_run30,active,52.486323,5.39875,0.596119,3.218299,168.640867
SPHINCS+-SHA2-128f-simple_run30,active,52.499064,5.3975,0.594152,3.206938,168.681728
SPHINCS+-SHA2-128f-simple_run30,active,52.511799,5.3975,0.593795,3.205007,168.722545
SPHINCS+-SHA2-128f-simple_run30,active,52.524543,5.39875,0.595046,3.212507,168.763482
SPHINCS+-SHA2-128f-simple_run30,active,52.537283,5.3925,0.595583,3.21168,168.804399
SPHINCS+-SHA2-128f-simple_run30,active,52.550022,5.3975,0.596477,3.219484,168.845413
SPHINCS+-SHA2-128f-simple_run30,active,52.562764,5.3975,0.594868,3.210798,168.886324
SPHINCS+-SHA2-128f-simple_run30,active,52.575505,5.395,0.595583,3.213169,168.927265
SPHINCS+-SHA2-128f-simple_run30,active,52.588244,5.3975,0.596477,3.219484,168.968278
SPHINCS+-SHA2-128f-simple_run30,active,52.600992,5.39625,0.595762,3.214879,169.00926
SPHINCS+-SHA2-128f-simple_run30,active,52.613737,5.39875,0.596477,3.220229,169.050301
SPHINCS+-SHA2-128f-simple_run30,active,52.62648,5.39125,0.595404,3.209972,169.091208
SPHINCS+-SHA2-128f-simple_run30,active,52.639221,5.395,0.596119,3.216063,169.132182
SPHINCS+-SHA2-128f-simple_run30,active,52.65196,5.39625,0.595583,3.213914,169.173125
SPHINCS+-SHA2-128f-simple_run30,active,52.6647,5.39625,0.594152,3.206195,169.213972
SPHINCS+-SHA2-128f-simple_run30,active,52.677441,5.3975,0.595404,3.213693,169.254917
SPHINCS+-SHA2-128f-simple_run30,active,52.690183,5.4,0.595583,3.216147,169.295898
SPHINCS+-SHA2-128f-simple_run30,active,52.702932,5.39875,0.595762,3.216368,169.336903
SPHINCS+-SHA2-128f-simple_run30,active,52.715678,5.40625,0.594152,3.212136,169.377844
SPHINCS+-SHA2-128f-simple_run30,active,52.728418,5.3975,0.59594,3.216588,169.418825
SPHINCS+-SHA2-128f-simple_run30,active,52.741159,5.39625,0.595583,3.213914,169.459772
SPHINCS+-SHA2-128f-simple_run30,active,52.753897,5.3975,0.595583,3.214658,169.500722
SPHINCS+-SHA2-128f-simple_run30,active,52.76664,5.395,0.59594,3.215098,169.541691
SPHINCS+-SHA2-128f-simple_run30,active,52.77938,5.39625,0.595583,3.213914,169.582638
SPHINCS+-SHA2-128f-simple_run30,active,52.79212,5.3975,0.595225,3.212728,169.623566
SPHINCS+-SHA2-128f-simple_run30,active,52.804869,5.39875,0.593258,3.202854,169.664399
SPHINCS+-SHA2-128f-simple_run30,active,52.817614,5.3975,0.597192,3.223344,169.705483
SPHINCS+-SHA2-128f-simple_run30,active,52.830356,5.3975,0.595762,3.215623,169.746454
SPHINCS+-SHA2-128f-simple_run30,active,52.843095,5.39625,0.596834,3.220668,169.787483
SPHINCS+-SHA2-128f-simple_run30,active,52.855839,5.39625,0.587537,3.170495,169.827889
SPHINCS+-SHA2-128f-simple_run30,active,52.86858,5.39625,0.595225,3.211984,169.868812
SPHINCS+-SHA2-128f-simple_run30,active,52.88132,5.395,0.59594,3.215098,169.909772
SPHINCS+-SHA2-128f-simple_run30,active,52.894061,5.3975,0.591828,3.194392,169.950473
SPHINCS+-SHA2-128f-simple_run30,active,52.90681,5.39375,0.59594,3.214354,169.991453
SPHINCS+-SHA2-128f-simple_run30,active,52.919556,5.3975,0.595762,3.215623,170.032437
SPHINCS+-SHA2-128f-simple_run30,active,52.932295,5.39625,0.594689,3.209089,170.073319
SPHINCS+-SHA2-128f-simple_run30,active,52.945066,5.3925,0.597192,3.220358,170.114446
SPHINCS+-SHA2-128f-simple_run30,active,52.957806,5.3975,0.595762,3.215623,170.155413
SPHINCS+-SHA2-128f-simple_run30,active,52.970545,5.3975,0.595225,3.212728,170.19634
SPHINCS+-SHA2-128f-simple_run30,active,52.983287,5.39625,0.597192,3.222597,170.237403
SPHINCS+-SHA2-128f-simple_run30,active,52.996027,5.39625,0.59594,3.215843,170.278372
SPHINCS+-SHA2-128f-simple_run30,active,53.008774,5.3975,0.594689,3.209833,170.319289
SPHINCS+-SHA2-128f-simple_run30,active,53.02152,5.3975,0.595762,3.215623,170.360272
SPHINCS+-SHA2-128f-simple_run30,active,53.034262,5.3925,0.599159,3.230964,170.401442
SPHINCS+-SHA2-128f-simple_run30,active,53.047006,5.39625,0.59594,3.215843,170.442426
SPHINCS+-SHA2-128f-simple_run30,active,53.059788,5.3975,0.596119,3.217553,170.483553
SPHINCS+-SHA2-128f-simple_run30,active,53.072533,5.39625,0.596477,3.218738,170.524575
SPHINCS+-SHA2-128f-simple_run30,active,53.085273,5.39875,0.597192,3.22409,170.565651
SPHINCS+-SHA2-128f-simple_run30,active,53.098014,5.395,0.596477,3.217992,170.60665
SPHINCS+-SHA2-128f-simple_run30,active,53.110757,5.39375,0.596834,3.219176,170.647673
SPHINCS+-SHA2-128f-simple_run30,active,53.123514,5.38875,0.59594,3.211374,170.68864
SPHINCS+-SHA2-128f-simple_run30,active,53.136252,5.39875,0.596119,3.218299,170.729633
SPHINCS+-SHA2-128f-simple_run30,active,53.148995,5.39625,0.59594,3.215843,170.770615
SPHINCS+-SHA2-128f-simple_run30,active,53.161736,5.39875,0.596119,3.218299,170.811618
SPHINCS+-SHA2-128f-simple_run30,active,53.174476,5.40125,0.595404,3.215926,170.852589
SPHINCS+-SHA2-128f-simple_run30,active,53.18722,5.39125,0.595583,3.210936,170.893509
SPHINCS+-SHA2-128f-simple_run30,active,53.19996,5.38875,0.595046,3.206556,170.934362
SPHINCS+-SHA2-128f-simple_run30,active,53.212711,5.39875,0.595762,3.216368,170.975372
SPHINCS+-SHA2-128f-simple_run30,active,53.225457,5.3975,0.594689,3.209833,171.016287
SPHINCS+-SHA2-128f-simple_run30,active,53.238198,5.3975,0.596119,3.217553,171.057281
SPHINCS+-SHA2-128f-simple_run30,active,53.250941,5.39875,0.596834,3.22216,171.098339
SPHINCS+-SHA2-128f-simple_run30,active,53.26368,5.39625,0.596119,3.216808,171.13932
SPHINCS+-SHA2-128f-simple_run30,active,53.276419,5.395,0.59594,3.215098,171.180276
SPHINCS+-SHA2-128f-simple_run30,active,53.289158,5.395,0.59594,3.215098,171.221235
SPHINCS+-SHA2-128f-simple_run30,active,53.301898,5.385,0.594689,3.202399,171.262031
SPHINCS+-SHA2-128f-simple_run30,active,53.314647,5.39625,0.595762,3.214879,171.303018
SPHINCS+-SHA2-128f-simple_run30,active,53.327392,5.39875,0.59594,3.217333,171.344022
SPHINCS+-SHA2-128f-simple_run30,active,53.340129,5.3975,0.604702,3.263877,171.385596
SPHINCS+-SHA2-128f-simple_run30,active,53.352869,5.3975,0.596477,3.219484,171.426613
SPHINCS+-SHA2-128f-simple_run30,active,53.365614,5.39625,0.595225,3.211984,171.467547
SPHINCS+-SHA2-128f-simple_run30,active,53.378351,5.3975,0.594689,3.209833,171.508432
SPHINCS+-SHA2-128f-simple_run30,active,53.391092,5.39625,0.593795,3.204265,171.549256
SPHINCS+-SHA2-128f-simple_run30,active,53.403833,5.38375,0.595762,3.207432,171.590124
SPHINCS+-SHA2-128f-simple_run30,active,53.416583,5.4,0.59594,3.218078,171.631153
SPHINCS+-SHA2-128f-simple_run30,active,53.42933,5.3975,0.598265,3.229134,171.672314
SPHINCS+-SHA2-128f-simple_run30,active,53.442063,5.3975,0.594152,3.206938,171.71315
SPHINCS+-SHA2-128f-simple_run30,active,53.454803,5.39625,0.589682,3.182074,171.753688
SPHINCS+-SHA2-128f-simple_run30,active,53.467543,5.39625,0.593258,3.201371,171.794475
SPHINCS+-SHA2-128f-simple_run30,active,53.480282,5.3975,0.59594,3.216588,171.835452
SPHINCS+-SHA2-128f-simple_run30,active,53.493067,5.39625,0.593258,3.201371,171.876382
SPHINCS+-SHA2-128f-simple_run30,active,53.505811,5.385,0.595762,3.208176,171.917264
SPHINCS+-SHA2-128f-simple_run30,active,53.518563,5.39625,0.59594,3.215843,171.958274
SPHINCS+-SHA2-128f-simple_run30,active,53.53131,5.39625,0.593795,3.204265,171.99912
SPHINCS+-SHA2-128f-simple_run30,active,53.544052,5.39625,0.592901,3.199441,172.039886
SPHINCS+-SHA2-128f-simple_run30,active,53.556795,5.3975,0.594152,3.206938,172.080751
SPHINCS+-SHA2-128f-simple_run30,active,53.569544,5.395,0.59594,3.215098,172.121742
SPHINCS+-SHA2-128f-simple_run30,active,53.582301,5.39625,0.596119,3.216808,172.162779
SPHINCS+-SHA2-128f-simple_run30,active,53.595046,5.3975,0.594689,3.209833,172.203687
SPHINCS+-SHA2-128f-simple_run30,active,53.607786,5.38375,0.59594,3.208394,172.244563
SPHINCS+-SHA2-128f-simple_run30,active,53.620534,5.395,0.595583,3.213169,172.285523
SPHINCS+-SHA2-128f-simple_run30,active,53.633278,5.395,0.595762,3.214134,172.326484
SPHINCS+-SHA2-128f-simple_run30,active,53.648953,5.39625,0.59594,3.215843,172.376893
SPHINCS+-SHA2-128f-simple_run30,active,53.661715,5.39625,0.596119,3.216808,172.417945
SPHINCS+-SHA2-128f-simple_run30,active,53.674462,5.3825,0.592901,3.191289,172.458625
SPHINCS+-SHA2-128f-simple_run30,active,53.687203,5.39875,0.59594,3.217333,172.499617
SPHINCS+-SHA2-128f-simple_run30,active,53.699941,5.3975,0.59594,3.216588,172.540591
SPHINCS+-SHA2-128f-simple_run30,active,53.712683,5.39875,0.595583,3.215403,172.581562
SPHINCS+-SHA2-128f-simple_run30,active,53.725432,5.3975,0.592007,3.195357,172.622298
SPHINCS+-SHA2-128f-simple_run30,active,53.738175,5.3975,0.59898,3.232995,172.663497
SPHINCS+-SHA2-128f-simple_run30,active,53.750916,5.39875,0.596119,3.218299,172.7045
SPHINCS+-SHA2-128f-simple_run30,active,53.763654,5.39875,0.597371,3.225056,172.745583
SPHINCS+-SHA2-128f-simple_run30,active,53.776391,5.3975,0.59594,3.216588,172.786551
SPHINCS+-SHA2-128f-simple_run30,active,53.789128,5.395,0.595762,3.214134,172.82749
SPHINCS+-SHA2-128f-simple_run30,active,53.801864,5.3975,0.595762,3.215623,172.868445
SPHINCS+-SHA2-128f-simple_run30,active,53.814604,5.3975,0.595583,3.214658,172.9094
SPHINCS+-SHA2-128f-simple_run30,active,53.82735,5.39625,0.595583,3.213914,172.950363
SPHINCS+-SHA2-128f-simple_run30,active,53.840091,5.3975,0.597371,3.224309,172.991445
SPHINCS+-SHA2-128f-simple_run30,active,53.852829,5.39625,0.595046,3.211019,173.032347
SPHINCS+-SHA2-128f-simple_run30,active,53.865569,5.39625,0.596119,3.216808,173.073328
SPHINCS+-SHA2-128f-simple_run30,active,53.878306,5.395,0.596119,3.216063,173.114293
SPHINCS+-SHA2-128f-simple_run30,active,53.891047,5.39625,0.595225,3.211984,173.155214
SPHINCS+-SHA2-128f-simple_run30,active,53.903784,5.39875,0.593616,3.204784,173.196034
SPHINCS+-SHA2-128f-simple_run30,active,53.916522,5.3825,0.59594,3.207649,173.236893
SPHINCS+-SHA2-128f-simple_run30,active,53.929267,5.3975,0.59594,3.216588,173.277889
SPHINCS+-SHA2-128f-simple_run30,active,53.942011,5.3975,0.596119,3.217553,173.318894
SPHINCS+-SHA2-128f-simple_run30,active,53.954751,5.4,0.595583,3.216147,173.359868
SPHINCS+-SHA2-128f-simple_run30,active,53.967492,5.39875,0.59594,3.217333,173.400858
SPHINCS+-SHA2-128f-simple_run30,active,53.980229,5.39625,0.596119,3.216808,173.441832
SPHINCS+-SHA2-128f-simple_run30,active,53.992965,5.395,0.595404,3.212205,173.482743
SPHINCS+-SHA2-128f-simple_run30,active,54.005704,5.395,0.59594,3.215098,173.523699
SPHINCS+-SHA2-128f-simple_run30,active,54.018444,5.38375,0.595762,3.207432,173.564563
SPHINCS+-SHA2-128f-simple_run30,active,54.031192,5.39625,0.595762,3.214879,173.605545
SPHINCS+-SHA2-128f-simple_run30,active,54.043934,5.3925,0.595762,3.212644,173.64648
SPHINCS+-SHA2-128f-simple_run30,active,54.056672,5.39625,0.596119,3.216808,173.687457
SPHINCS+-SHA2-128f-simple_run30,active,54.069412,5.3975,0.59594,3.216588,173.728436
SPHINCS+-SHA2-128f-simple_run30,active,54.082147,5.39375,0.59594,3.214354,173.769369
SPHINCS+-SHA2-128f-simple_run30,active,54.094893,5.39375,0.595583,3.212425,173.810317
SPHINCS+-SHA2-128f-simple_run30,active,54.107632,5.39875,0.595583,3.215403,173.851276
SPHINCS+-SHA2-128f-simple_run30,active,54.120386,5.385,0.595583,3.207213,173.892182
SPHINCS+-SHA2-128f-simple_run30,active,54.133139,5.39125,0.595583,3.210936,173.933131
SPHINCS+-SHA2-128f-simple_run30,active,54.145885,5.39625,0.596477,3.218738,173.974157
SPHINCS+-SHA2-128f-simple_run30,active,54.158631,5.39625,0.596477,3.218738,174.015183
SPHINCS+-SHA2-128f-simple_run30,active,54.171375,5.39625,0.596477,3.218738,174.056202
SPHINCS+-SHA2-128f-simple_run30,active,54.184116,5.39375,0.598622,3.22882,174.097342
SPHINCS+-SHA2-128f-simple_run30,active,54.196854,5.395,0.59594,3.215098,174.138294
SPHINCS+-SHA2-128f-simple_run30,active,54.209594,5.3975,0.596298,3.218518,174.179298
SPHINCS+-SHA2-128f-simple_run30,active,54.222332,5.38375,0.595762,3.207432,174.220155
SPHINCS+-SHA2-128f-simple_run30,active,54.23508,5.39625,0.597371,3.223562,174.261251
SPHINCS+-SHA2-128f-simple_run30,active,54.247823,5.3975,0.59594,3.216588,174.302238
SPHINCS+-SHA2-128f-simple_run30,active,54.260562,5.39625,0.596119,3.216808,174.343218
SPHINCS+-SHA2-128f-simple_run30,active,54.273301,5.3975,0.601483,3.246506,174.384574
SPHINCS+-SHA2-128f-simple_run30,active,54.286039,5.39625,0.596119,3.216808,174.42555
SPHINCS+-SHA2-128f-simple_run30,active,54.29878,5.39625,0.596119,3.216808,174.466534
SPHINCS+-SHA2-128f-simple_run30,active,54.311519,5.3975,0.596119,3.217553,174.507525
SPHINCS+-SHA2-128f-simple_run30,active,54.324258,5.38375,0.59594,3.208394,174.548397
SPHINCS+-SHA2-128f-simple_run30,active,54.337,5.395,0.59594,3.215098,174.589361
SPHINCS+-SHA2-128f-simple_run30,active,54.349744,5.39875,0.593616,3.204784,174.630203
SPHINCS+-SHA2-128f-simple_run30,active,54.362489,5.4,0.594331,3.209388,174.671109
SPHINCS+-SHA2-128f-simple_run30,active,54.375229,5.39875,0.594689,3.210576,174.712012
SPHINCS+-SHA2-128f-simple_run30,active,54.387966,5.39875,0.595583,3.215403,174.752966
SPHINCS+-SHA2-128f-simple_run30,active,54.400706,5.3825,0.597013,3.213424,174.793903
SPHINCS+-SHA2-128f-simple_run30,active,54.413446,5.38625,0.590219,3.179066,174.834404
SPHINCS+-SHA2-128f-simple_run30,active,54.426187,5.39625,0.59308,3.200406,174.875182
SPHINCS+-SHA2-128f-simple_run30,active,54.438925,5.3975,0.593437,3.203077,174.915983
SPHINCS+-SHA2-128f-simple_run30,active,54.451664,5.39625,0.594868,3.210054,174.956874
SPHINCS+-SHA2-128f-simple_run30,active,54.464405,5.4,0.595583,3.216147,174.997852
SPHINCS+-SHA2-128f-simple_run30,active,54.477151,5.395,0.59594,3.215098,175.038831
SPHINCS+-SHA2-128f-simple_run30,active,54.489888,5.39625,0.59594,3.215843,175.079793
SPHINCS+-SHA2-128f-simple_run30,active,54.502626,5.39625,0.59594,3.215843,175.120754
SPHINCS+-SHA2-128f-simple_run30,active,54.51537,5.39875,0.593437,3.203819,175.161584
SPHINCS+-SHA2-128f-simple_run30,active,54.528112,5.395,0.594331,3.206417,175.202443
SPHINCS+-SHA2-128f-simple_run30,active,54.54086,5.39875,0.593616,3.204784,175.243295
SPHINCS+-SHA2-128f-simple_run30,active,54.553602,5.3925,0.59755,3.222286,175.284356
SPHINCS+-SHA2-128f-simple_run30,active,54.566343,5.39625,0.59594,3.215843,175.325326
SPHINCS+-SHA2-128f-simple_run30,active,54.579085,5.39625,0.595583,3.213914,175.366279
SPHINCS+-SHA2-128f-simple_run30,active,54.591826,5.39625,0.595583,3.213914,175.407227
SPHINCS+-SHA2-128f-simple_run30,active,54.604567,5.3975,0.596477,3.219484,175.448248
SPHINCS+-SHA2-128f-simple_run30,active,54.617307,5.40125,0.595583,3.216892,175.489231
SPHINCS+-SHA2-128f-simple_run30,active,54.630049,5.39625,0.596119,3.216808,175.530219
SPHINCS+-SHA2-128f-simple_run30,active,54.642798,5.39375,0.595583,3.212425,175.571173
SPHINCS+-SHA2-128f-simple_run30,active,54.655543,5.39625,0.595225,3.211984,175.61211
SPHINCS+-SHA2-128f-simple_run30,active,54.668283,5.39375,0.59594,3.214354,175.653063
SPHINCS+-SHA2-128f-simple_run30,active,54.681069,5.3975,0.59594,3.216588,175.69419
SPHINCS+-SHA2-128f-simple_run30,active,54.693811,5.395,0.594689,3.208346,175.73507
SPHINCS+-SHA2-128f-simple_run30,active,54.706553,5.39625,0.595583,3.213914,175.776021
SPHINCS+-SHA2-128f-simple_run30,active,54.719294,5.3975,0.595583,3.214658,175.816978
SPHINCS+-SHA2-128f-simple_run30,active,54.732034,5.39375,0.59594,3.214354,175.85793
SPHINCS+-SHA2-128f-simple_run30,active,54.744784,5.3975,0.597192,3.223344,175.899026
SPHINCS+-SHA2-128f-simple_run30,active,54.757531,5.3975,0.595583,3.214658,175.940005
SPHINCS+-SHA2-128f-simple_run30,active,54.770273,5.3975,0.595225,3.212728,175.980943
SPHINCS+-SHA2-128f-simple_run30,active,54.783017,5.395,0.59451,3.207381,176.021816
SPHINCS+-SHA2-128f-simple_run30,active,54.795758,5.39625,0.595583,3.213914,176.062766
SPHINCS+-SHA2-128f-simple_run30,active,54.808501,5.39625,0.595583,3.213914,176.103719
SPHINCS+-SHA2-128f-simple_run30,active,54.821243,5.39625,0.595583,3.213914,176.14467
SPHINCS+-SHA2-128f-simple_run30,active,54.833985,5.39375,0.598622,3.22882,176.185813
SPHINCS+-SHA2-128f-simple_run30,active,54.846736,5.39625,0.596119,3.216808,176.226831
SPHINCS+-SHA2-128f-simple_run30,active,54.859477,5.3975,0.59594,3.216588,176.267814
SPHINCS+-SHA2-128f-simple_run30,active,54.872224,5.3975,0.592364,3.197287,176.308569
SPHINCS+-SHA2-128f-simple_run30,active,54.884965,5.39875,0.59594,3.217333,176.34956
SPHINCS+-SHA2-128f-simple_run30,active,54.897706,5.39625,0.59594,3.215843,176.390533
SPHINCS+-SHA2-128f-simple_run30,active,54.910449,5.39625,0.59594,3.215843,176.431514
SPHINCS+-SHA2-128f-simple_run30,active,54.926054,5.3975,0.596298,3.218518,176.481739
SPHINCS+-SHA2-128f-simple_run30,active,54.938812,5.385,0.596119,3.210102,176.522692
SPHINCS+-SHA2-128f-simple_run30,active,54.951565,5.3975,0.595583,3.214658,176.56369
SPHINCS+-SHA2-128f-simple_run30,active,54.964338,5.39375,0.598622,3.22882,176.604932
SPHINCS+-SHA2-128f-simple_run30,active,54.977083,5.39875,0.595762,3.216368,176.645924
SPHINCS+-SHA2-128f-simple_run30,active,54.989825,5.39625,0.595046,3.211019,176.686839
SPHINCS+-SHA2-128f-simple_run30,active,55.002567,5.39875,0.59594,3.217333,176.727835
SPHINCS+-SHA2-128f-simple_run30,active,55.015309,5.39625,0.595046,3.211019,176.768748
SPHINCS+-SHA2-128f-simple_run30,active,55.028047,5.395,0.595583,3.213169,176.809677
SPHINCS+-SHA2-128f-simple_run30,active,55.040789,5.39375,0.595583,3.212425,176.850612
SPHINCS+-SHA2-128f-simple_run30,active,55.053536,5.4,0.595225,3.214216,176.891582
SPHINCS+-SHA2-128f-simple_run30,active,55.066279,5.3975,0.595046,3.211763,176.932511
SPHINCS+-SHA2-128f-simple_run30,active,55.079021,5.39625,0.59594,3.215843,176.973486
SPHINCS+-SHA2-128f-simple_run30,active,55.091757,5.3975,0.59594,3.216588,177.014452
SPHINCS+-SHA2-128f-simple_run30,active,55.104493,5.39625,0.597728,3.225492,177.055533
SPHINCS+-SHA2-128f-simple_run30,active,55.11724,5.39625,0.596119,3.216808,177.096536
SPHINCS+-SHA2-128f-simple_run30,active,55.129993,5.3975,0.596656,3.220449,177.137609
SPHINCS+-SHA2-128f-simple_run30,active,55.14274,5.39625,0.592543,3.197511,177.178366
SPHINCS+-SHA2-128f-simple_run30,active,55.155489,5.3975,0.596119,3.217553,177.219388
SPHINCS+-SHA2-128f-simple_run30,active,55.168233,5.39625,0.595762,3.214879,177.260358
SPHINCS+-SHA2-128f-simple_run30,active,55.181011,5.39625,0.59594,3.215843,177.301451
SPHINCS+-SHA2-128f-simple_run30,active,55.193851,5.39375,0.594689,3.207603,177.342636
SPHINCS+-SHA2-128f-simple_run30,active,55.206599,5.39625,0.596477,3.218738,177.383668
SPHINCS+-SHA2-128f-simple_run30,active,55.219347,5.3975,0.59594,3.216588,177.424672
SPHINCS+-SHA2-128f-simple_run30,active,55.232091,5.3975,0.596298,3.218518,177.465689
SPHINCS+-SHA2-128f-simple_run30,active,55.244838,5.39625,0.598444,3.229351,177.506855
SPHINCS+-SHA2-128f-simple_run30,active,55.257595,5.39375,0.595583,3.212425,177.547834
SPHINCS+-SHA2-128f-simple_run30,active,55.270347,5.38625,0.59594,3.209884,177.588766
SPHINCS+-SHA2-128f-simple_run30,active,55.283101,5.39375,0.594868,3.208567,177.62969
SPHINCS+-SHA2-128f-simple_run30,active,55.295842,5.39375,0.598801,3.229784,177.670839
SPHINCS+-SHA2-128f-simple_run30,active,55.308583,5.395,0.595583,3.213169,177.711778
SPHINCS+-SHA2-128f-simple_run30,active,55.321323,5.3975,0.59594,3.216588,177.752759
SPHINCS+-SHA2-128f-simple_run30,active,55.334065,5.4,0.595583,3.216147,177.793738
SPHINCS+-SHA2-128f-simple_run30,active,55.346808,5.395,0.594152,3.205452,177.834586
SPHINCS+-SHA2-128f-simple_run30,active,55.359564,5.39625,0.593437,3.202335,177.875435
SPHINCS+-SHA2-128f-simple_run30,active,55.37234,5.40625,0.593437,3.20827,177.916423
SPHINCS+-SHA2-128f-simple_run30,active,55.385081,5.39625,0.602198,3.249613,177.957827
SPHINCS+-SHA2-128f-simple_run30,active,55.397821,5.395,0.597192,3.221851,177.998873
SPHINCS+-SHA2-128f-simple_run30,active,55.410565,5.3975,0.596298,3.218518,178.039889
SPHINCS+-SHA2-128f-simple_run30,active,55.423311,5.40125,0.597907,3.229446,178.081054
SPHINCS+-SHA2-128f-simple_run30,active,55.436049,5.3975,0.602198,3.250366,178.122457
SPHINCS+-SHA2-128f-simple_run30,active,55.448789,5.395,0.595583,3.213169,178.16339
SPHINCS+-SHA2-128f-simple_run30,active,55.46153,5.3975,0.593437,3.203077,178.204201
SPHINCS+-SHA2-128f-simple_run30,active,55.47427,5.3975,0.59594,3.216588,178.245179
SPHINCS+-SHA2-128f-simple_run30,active,55.487008,5.3975,0.596119,3.217553,178.286166
SPHINCS+-SHA2-128f-simple_run30,active,55.499742,5.39625,0.596477,3.218738,178.327155
SPHINCS+-SHA2-128f-simple_run30,active,55.512485,5.39625,0.598801,3.231281,178.36833
SPHINCS+-SHA2-128f-simple_run30,active,55.525231,5.39875,0.595583,3.215403,178.409314
SPHINCS+-SHA2-128f-simple_run30,active,55.537973,5.395,0.593616,3.202558,178.450122
SPHINCS+-SHA2-128f-simple_run30,active,55.550716,5.39625,0.593437,3.202335,178.490926
SPHINCS+-SHA2-128f-simple_run30,active,55.563465,5.40125,0.597192,3.225583,178.532051
SPHINCS+-SHA2-128f-simple_run30,active,55.576209,5.39875,0.596477,3.220229,178.573091
SPHINCS+-SHA2-128f-simple_run30,active,55.58895,5.3975,0.595583,3.214658,178.614048
SPHINCS+-SHA2-128f-simple_run30,active,55.601691,5.39125,0.59594,3.212864,178.654982
SPHINCS+-SHA2-128f-simple_run30,active,55.614463,5.39625,0.595046,3.211019,178.695994
SPHINCS+-SHA2-128f-simple_run30,active,55.627206,5.39625,0.59594,3.215843,178.736973
SPHINCS+-SHA2-128f-simple_run30,active,55.639946,5.39625,0.59594,3.215843,178.777944
SPHINCS+-SHA2-128f-simple_run30,active,55.652688,5.39625,0.59594,3.215843,178.818918
SPHINCS+-SHA2-128f-simple_run30,active,55.665433,5.4,0.596834,3.222906,178.859995
SPHINCS+-SHA2-128f-simple_run30,active,55.678178,5.3975,0.595583,3.214658,178.900965
SPHINCS+-SHA2-128f-simple_run30,active,55.690922,5.39625,0.596834,3.220668,178.942009
SPHINCS+-SHA2-128f-simple_run30,active,55.703662,5.39625,0.594331,3.20716,178.982868
SPHINCS+-SHA2-128f-simple_run30,active,55.7164,5.39625,0.595225,3.211984,179.023783
SPHINCS+-SHA2-128f-simple_run30,active,55.72914,5.39625,0.596477,3.218738,179.06479
SPHINCS+-SHA2-128f-simple_run30,active,55.741879,5.3975,0.59594,3.216588,179.105767
SPHINCS+-SHA2-128f-simple_run30,active,55.754622,5.39625,0.59594,3.215843,179.146746
SPHINCS+-SHA2-128f-simple_run30,active,55.767369,5.39625,0.596656,3.219703,179.187786
SPHINCS+-SHA2-128f-simple_run30,active,55.780111,5.395,0.595762,3.214134,179.22874
SPHINCS+-SHA2-128f-simple_run30,active,55.792852,5.3925,0.595046,3.208788,179.269626
SPHINCS+-SHA2-128f-simple_run30,active,55.805592,5.3975,0.59594,3.216588,179.310605
SPHINCS+-SHA2-128f-simple_run30,active,55.818332,5.39625,0.59594,3.215843,179.351574
SPHINCS+-SHA2-128f-simple_run30,active,55.831075,5.39875,0.596656,3.221194,179.392622
SPHINCS+-SHA2-128f-simple_run30,active,55.843814,5.3975,0.598622,3.231064,179.433783
SPHINCS+-SHA2-128f-simple_run30,active,55.856553,5.39875,0.59594,3.217333,179.474767
SPHINCS+-SHA2-128f-simple_run30,active,55.869297,5.39625,0.59594,3.215843,179.51575
SPHINCS+-SHA2-128f-simple_run30,active,55.882042,5.3925,0.595762,3.212644,179.556695
SPHINCS+-SHA2-128f-simple_run30,active,55.894783,5.39625,0.595762,3.214879,179.597656
SPHINCS+-SHA2-128f-simple_run30,active,55.907524,5.3975,0.596119,3.217553,179.638653
SPHINCS+-SHA2-128f-simple_run30,active,55.920263,5.39875,0.595583,3.215403,179.679612
SPHINCS+-SHA2-128f-simple_run30,active,55.933007,5.39625,0.59755,3.224527,179.720705
SPHINCS+-SHA2-128f-simple_run30,active,55.945747,5.39625,0.59594,3.215843,179.761674
SPHINCS+-SHA2-128f-simple_run30,active,55.95849,5.39625,0.597192,3.222597,179.802742
SPHINCS+-SHA2-128f-simple_run30,active,55.971237,5.3975,0.595225,3.212728,179.843695
SPHINCS+-SHA2-128f-simple_run30,active,55.98398,5.3975,0.597907,3.227204,179.884819
SPHINCS+-SHA2-128f-simple_run30,active,55.996721,5.39625,0.595404,3.212949,179.925756
SPHINCS+-SHA2-128f-simple_run30,active,56.009461,5.39625,0.595762,3.214879,179.966713
SPHINCS+-SHA2-128f-simple_run30,active,56.022202,5.39875,0.595583,3.215403,180.007681
SPHINCS+-SHA2-128f-simple_run30,active,56.034943,5.39125,0.59594,3.212864,180.048613
SPHINCS+-SHA2-128f-simple_run30,active,56.047682,5.39875,0.595046,3.212507,180.089539
SPHINCS+-SHA2-128f-simple_run30,active,56.060421,5.39875,0.595762,3.216368,180.130512
SPHINCS+-SHA2-128f-simple_run30,active,56.073168,5.3975,0.595404,3.213693,180.171478
SPHINCS+-SHA2-128f-simple_run30,active,56.085913,5.39875,0.59594,3.217333,180.212483
SPHINCS+-SHA2-128f-simple_run30,active,56.098656,5.39875,0.595762,3.216368,180.253468
SPHINCS+-SHA2-128f-simple_run30,active,56.1114,5.39375,0.595583,3.212425,180.294406
SPHINCS+-SHA2-128f-simple_run30,active,56.124153,5.395,0.59594,3.215098,180.335408
SPHINCS+-SHA2-128f-simple_run30,active,56.136897,5.3975,0.595583,3.214658,180.376376
SPHINCS+-SHA2-128f-simple_run30,active,56.149642,5.3975,0.595583,3.214658,180.417349
SPHINCS+-SHA2-128f-simple_run30,active,56.162425,5.405,0.59898,3.237487,180.458732
SPHINCS+-SHA2-128f-simple_run30,active,56.175183,5.3975,0.595583,3.214658,180.499744
SPHINCS+-SHA2-128f-simple_run30,active,56.18793,5.39625,0.596834,3.220668,180.540797
SPHINCS+-SHA2-128f-simple_run30,active,56.203633,5.395,0.597371,3.222815,180.591408
SPHINCS+-SHA2-128f-simple_run30,active,56.216399,5.39625,0.59594,3.215843,180.632459
SPHINCS+-SHA2-128f-simple_run30,active,56.229143,5.39625,0.59594,3.215843,180.673444
SPHINCS+-SHA2-128f-simple_run30,active,56.241889,5.40375,0.596477,3.223212,180.714524
SPHINCS+-SHA2-128f-simple_run30,active,56.254632,5.39625,0.595583,3.213914,180.75548
SPHINCS+-SHA2-128f-simple_run30,active,56.267374,5.3975,0.600589,3.24168,180.796786
SPHINCS+-SHA2-128f-simple_run30,active,56.28012,5.3975,0.595583,3.214658,180.837761
SPHINCS+-SHA2-128f-simple_run30,active,56.292866,5.39125,0.595404,3.209972,180.878674
SPHINCS+-SHA2-128f-simple_run30,active,56.305607,5.39875,0.596298,3.219264,180.919692
SPHINCS+-SHA2-128f-simple_run30,active,56.318349,5.39625,0.596119,3.216808,180.96068
SPHINCS+-SHA2-128f-simple_run30,active,56.331091,5.38625,0.595225,3.206032,181.001532
SPHINCS+-SHA2-128f-simple_run30,active,56.343829,5.39625,0.595762,3.214879,181.042483
SPHINCS+-SHA2-128f-simple_run30,active,56.356572,5.39875,0.593974,3.206715,181.083345
SPHINCS+-SHA2-128f-simple_run30,active,56.369321,5.3975,0.597013,3.222379,181.124426
SPHINCS+-SHA2-128f-simple_run30,active,56.382068,5.39875,0.593258,3.202854,181.165253
SPHINCS+-SHA2-128f-simple_run30,active,56.394811,5.39625,0.593795,3.204265,181.206085
SPHINCS+-SHA2-128f-simple_run30,active,56.407548,5.39625,0.59594,3.215843,181.247047
SPHINCS+-SHA2-128f-simple_run30,active,56.420293,5.39875,0.595762,3.216368,181.288038
SPHINCS+-SHA2-128f-simple_run30,active,56.433059,5.39875,0.596477,3.220229,181.32915
SPHINCS+-SHA2-128f-simple_run30,active,56.445802,5.39625,0.593795,3.204265,181.369979
SPHINCS+-SHA2-128f-simple_run30,active,56.45854,5.3975,0.593258,3.202112,181.41077
SPHINCS+-SHA2-128f-simple_run30,active,56.471285,5.40125,0.597013,3.224618,181.451866
SPHINCS+-SHA2-128f-simple_run30,active,56.484025,5.39625,0.596834,3.220668,181.492897
SPHINCS+-SHA2-128f-simple_run30,active,56.496767,5.395,0.597907,3.225709,181.533999
SPHINCS+-SHA2-128f-simple_run30,active,56.509508,5.39625,0.596119,3.216808,181.574985
SPHINCS+-SHA2-128f-simple_run30,active,56.522254,5.39625,0.591828,3.193652,181.615693
SPHINCS+-SHA2-128f-simple_run30,active,56.534993,5.39625,0.593795,3.204265,181.65651
SPHINCS+-SHA2-128f-simple_run30,active,56.547758,5.39625,0.593258,3.201371,181.697376
SPHINCS+-SHA2-128f-simple_run30,active,56.560498,5.39875,0.592007,3.196097,181.738095
SPHINCS+-SHA2-128f-simple_run30,active,56.57324,5.38875,0.595225,3.20752,181.778965
SPHINCS+-SHA2-128f-simple_run30,active,56.585988,5.3975,0.59594,3.216588,181.819971
SPHINCS+-SHA2-128f-simple_run30,active,56.598735,5.39625,0.595046,3.211019,181.860902
SPHINCS+-SHA2-128f-simple_run30,active,56.611476,5.3975,0.595583,3.214658,181.90186
SPHINCS+-SHA2-128f-simple_run30,active,56.624218,5.39625,0.597728,3.225492,181.942957
SPHINCS+-SHA2-128f-simple_run30,active,56.636958,5.39875,0.59594,3.217333,181.983948
SPHINCS+-SHA2-128f-simple_run30,active,56.649699,5.39625,0.59594,3.215843,182.024919
SPHINCS+-SHA2-128f-simple_run30,active,56.662441,5.395,0.598265,3.227639,182.066047
SPHINCS+-SHA2-128f-simple_run30,active,56.675185,5.395,0.599159,3.232462,182.107239
SPHINCS+-SHA2-128f-simple_run30,active,56.687931,5.39625,0.596834,3.220668,182.148291
SPHINCS+-SHA2-128f-simple_run30,active,56.700674,5.39625,0.598265,3.228386,182.189432
SPHINCS+-SHA2-128f-simple_run30,active,56.713415,5.3975,0.596119,3.217553,182.230425
SPHINCS+-SHA2-128f-simple_run30,active,56.726157,5.39625,0.596477,3.218738,182.27144
SPHINCS+-SHA2-128f-simple_run30,active,56.7389,5.395,0.596119,3.216063,182.312422
SPHINCS+-SHA2-128f-simple_run30,active,56.75164,5.39625,0.599695,3.236105,182.353648
SPHINCS+-SHA2-128f-simple_run30,active,56.764381,5.39625,0.603808,3.258297,182.395161
SPHINCS+-SHA2-128f-simple_run30,active,56.77712,5.395,0.600947,3.242108,182.436464
SPHINCS+-SHA2-128f-simple_run30,active,56.789867,5.39625,0.59594,3.215843,182.477458
SPHINCS+-SHA2-128f-simple_run30,active,56.802614,5.39125,0.595583,3.210936,182.518387
SPHINCS+-SHA2-128f-simple_run30,active,56.815356,5.395,0.59594,3.215098,182.559355
SPHINCS+-SHA2-128f-simple_run30,active,56.828096,5.39625,0.595762,3.214879,182.60031
SPHINCS+-SHA2-128f-simple_run30,active,56.840838,5.4,0.596119,3.219044,182.641327
SPHINCS+-SHA2-128f-simple_run30,active,56.853577,5.395,0.59594,3.215098,182.682285
SPHINCS+-SHA2-128f-simple_run30,active,56.866314,5.3975,0.595762,3.215623,182.723242
SPHINCS+-SHA2-128f-simple_run30,active,56.879063,5.3975,0.600768,3.242645,182.764582
SPHINCS+-SHA2-128f-simple_run30,active,56.891808,5.39125,0.595046,3.208044,182.805468
SPHINCS+-SHA2-128f-simple_run30,active,56.904552,5.3975,0.596119,3.217553,182.846473
SPHINCS+-SHA2-128f-simple_run30,active,56.917292,5.39625,0.596119,3.216808,182.887455
SPHINCS+-SHA2-128f-simple_run30,active,56.93003,5.395,0.595404,3.212205,182.928374
SPHINCS+-SHA2-128f-simple_run30,active,56.942773,5.4,0.597907,3.228699,182.969517
SPHINCS+-SHA2-128f-simple_run30,active,56.955514,5.3975,0.59755,3.225274,183.01061
SPHINCS+-SHA2-128f-simple_run30,active,56.968253,5.39625,0.596477,3.218738,183.051613
SPHINCS+-SHA2-128f-simple_run30,active,56.980992,5.395,0.606311,3.271047,183.093283
SPHINCS+-SHA2-128f-simple_run30,active,56.993738,5.395,0.596298,3.217028,183.134287
SPHINCS+-SHA2-128f-simple_run30,active,57.006485,5.39625,0.595583,3.213914,183.175255
SPHINCS+-SHA2-128f-simple_run30,active,57.019226,5.3975,0.59594,3.216588,183.216236
SPHINCS+-SHA2-128f-simple_run30,active,57.031966,5.39875,0.59755,3.226021,183.257337
SPHINCS+-SHA2-128f-simple_run30,active,57.044705,5.3975,0.596298,3.218518,183.298336
SPHINCS+-SHA2-128f-simple_run30,active,57.057441,5.39875,0.595762,3.216368,183.339301
SPHINCS+-SHA2-128f-simple_run30,active,57.070179,5.3975,0.59594,3.216588,183.380273
SPHINCS+-SHA2-128f-simple_run30,active,57.082919,5.395,0.594331,3.206417,183.421123
SPHINCS+-SHA2-128f-simple_run30,active,57.095662,5.39625,0.595583,3.213914,183.462079
SPHINCS+-SHA2-128f-simple_run30,active,57.108406,5.39625,0.596119,3.216808,183.503074
SPHINCS+-SHA2-128f-simple_run30,active,57.12116,5.3975,0.589861,3.183776,183.543679
SPHINCS+-SHA2-128f-simple_run30,active,57.133901,5.3975,0.595583,3.214658,183.584638
SPHINCS+-SHA2-128f-simple_run30,active,57.146645,5.39625,0.595225,3.211984,183.625571
SPHINCS+-SHA2-128f-simple_run30,active,57.159384,5.39625,0.595583,3.213914,183.666512
SPHINCS+-SHA2-128f-simple_run30,active,57.172126,5.39875,0.600768,3.243396,183.707842
SPHINCS+-SHA2-128f-simple_run30,active,57.184871,5.395,0.600947,3.242108,183.749163
SPHINCS+-SHA2-128f-simple_run30,active,57.19762,5.39625,0.595583,3.213914,183.790135
SPHINCS+-SHA2-128f-simple_run30,active,57.210366,5.39625,0.597371,3.223562,183.831222
SPHINCS+-SHA2-128f-simple_run30,active,57.223111,5.39625,0.597371,3.223562,183.872306
SPHINCS+-SHA2-128f-simple_run30,active,57.23585,5.395,0.595583,3.213169,183.913239
SPHINCS+-SHA2-128f-simple_run30,active,57.248591,5.3975,0.596834,3.221414,183.954283
SPHINCS+-SHA2-128f-simple_run30,active,57.261333,5.3975,0.601841,3.248436,183.995676
SPHINCS+-SHA2-128f-simple_run30,active,57.274073,5.3975,0.596298,3.218518,184.036678
SPHINCS+-SHA2-128f-simple_run30,active,57.286816,5.39625,0.600768,3.241894,184.077991
SPHINCS+-SHA2-128f-simple_run30,active,57.299564,5.3975,0.596119,3.217553,184.119007
SPHINCS+-SHA2-128f-simple_run30,active,57.312343,5.40125,0.59594,3.218823,184.160143
SPHINCS+-SHA2-128f-simple_run30,active,57.325089,5.39875,0.598086,3.228917,184.201297
SPHINCS+-SHA2-128f-simple_run30,active,57.337831,5.3975,0.596119,3.217553,184.242295
SPHINCS+-SHA2-128f-simple_run30,active,57.350571,5.40125,0.595583,3.216892,184.283278
SPHINCS+-SHA2-128f-simple_run30,active,57.363313,5.4,0.594152,3.208423,184.32416
SPHINCS+-SHA2-128f-simple_run30,active,57.376058,5.39625,0.594152,3.206195,184.365022
SPHINCS+-SHA2-128f-simple_run30,active,57.388797,5.3975,0.599159,3.23396,184.406221
SPHINCS+-SHA2-128f-simple_run30,active,57.401539,5.39375,0.59594,3.214354,184.447179
SPHINCS+-SHA2-128f-simple_run30,active,57.414286,5.39625,0.596119,3.216808,184.488183
SPHINCS+-SHA2-128f-simple_run30,active,57.427026,5.395,0.595583,3.213169,184.529117
SPHINCS+-SHA2-128f-simple_run30,active,57.439765,5.3975,0.596834,3.221414,184.570155
SPHINCS+-SHA2-128f-simple_run30,active,57.452506,5.3975,0.593795,3.205007,184.610992
SPHINCS+-SHA2-128f-simple_run30,active,57.465248,5.39625,0.592901,3.199441,184.65176
SPHINCS+-SHA2-128f-simple_run30,active,57.485319,5.39125,0.59594,3.212864,184.716245
SPHINCS+-SHA2-128f-simple_run30,active,57.498116,5.39625,0.59594,3.215843,184.757397
SPHINCS+-SHA2-128f-simple_run30,active,57.510875,5.38625,0.59147,3.185807,184.798043
SPHINCS+-SHA2-128f-simple_run30,active,57.523323,5.38875,0.595762,3.21041,184.838009
SPHINCS+-SHA2-128f-simple_run30,active,57.535761,5.385,0.594331,3.200474,184.877817
SPHINCS+-SHA2-128f-simple_run30,active,57.548205,5.39125,0.593616,3.200332,184.917639
SPHINCS+-SHA2-128f-simple_run30,active,57.560639,5.38875,0.594152,3.201739,184.957449
SPHINCS+-SHA2-128f-simple_run30,active,57.573072,5.38625,0.596119,3.210847,184.99737
SPHINCS+-SHA2-128f-simple_run30,active,57.58551,5.39,0.595583,3.210191,185.037301
SPHINCS+-SHA2-128f-simple_run30,active,57.597948,5.38875,0.59594,3.211374,185.077242
SPHINCS+-SHA2-128f-simple_run30,active,57.610417,5.3875,0.595583,3.208702,185.117252
SPHINCS+-SHA2-128f-simple_run30,active,57.62287,5.39625,0.59594,3.215843,185.157298
SPHINCS+-SHA2-128f-simple_run30,active,57.635616,5.3975,0.59594,3.216588,185.198296
SPHINCS+-SHA2-128f-simple_run30,active,57.648357,5.39875,0.59594,3.217333,185.239289
SPHINCS+-SHA2-128f-simple_run30,active,57.661097,5.405,0.601304,3.25005,185.280695
SPHINCS+-SHA2-128f-simple_run30,active,57.673837,5.39625,0.595762,3.214879,185.321654
SPHINCS+-SHA2-128f-simple_run30,active,57.686581,5.39625,0.596119,3.216808,185.362647
SPHINCS+-SHA2-128f-simple_run30,active,57.699323,5.395,0.596834,3.219922,185.403677
SPHINCS+-SHA2-128f-simple_run30,active,57.712067,5.39625,0.596477,3.218738,185.444697
SPHINCS+-SHA2-128f-simple_run30,active,57.724812,5.39875,0.59594,3.217333,185.4857
SPHINCS+-SHA2-128f-simple_run30,active,57.737554,5.39875,0.595762,3.216368,185.526682
SPHINCS+-SHA2-128f-simple_run30,active,57.750291,5.3975,0.594152,3.206938,185.56753
SPHINCS+-SHA2-128f-simple_run30,active,57.763036,5.3975,0.596477,3.219484,185.608561
SPHINCS+-SHA2-128f-simple_run30,active,57.775774,5.3975,0.595225,3.212728,185.649487
SPHINCS+-SHA2-128f-simple_run30,active,57.788516,5.39625,0.59594,3.215843,185.690461
SPHINCS+-SHA2-128f-simple_run30,active,57.801256,5.39875,0.596834,3.22216,185.731514
SPHINCS+-SHA2-128f-simple_run30,active,57.814005,5.3975,0.595762,3.215623,185.772507
SPHINCS+-SHA2-128f-simple_run30,active,57.826753,5.39875,0.595583,3.215403,185.813498
SPHINCS+-SHA2-128f-simple_run30,active,57.839494,5.3975,0.597728,3.226239,185.854604
SPHINCS+-SHA2-128f-simple_run30,active,57.852233,5.39625,0.588431,3.17532,185.895054
SPHINCS+-SHA2-128f-simple_run30,active,57.864973,5.395,0.597371,3.222815,185.936114
SPHINCS+-SHA2-128f-simple_run30,active,57.877713,5.39875,0.59594,3.217333,185.977102
SPHINCS+-SHA2-128f-simple_run30,active,57.890454,5.3975,0.599159,3.23396,186.018307
SPHINCS+-SHA2-128f-simple_run30,active,57.903196,5.39625,0.596834,3.220668,186.059344
SPHINCS+-SHA2-128f-simple_run30,active,57.915942,5.39625,0.596298,3.217773,186.100356
SPHINCS+-SHA2-128f-simple_run30,active,57.928688,5.395,0.596119,3.216063,186.141349
SPHINCS+-SHA2-128f-simple_run30,active,57.941427,5.395,0.601304,3.244037,186.182676
SPHINCS+-SHA2-128f-simple_run30,active,57.954167,5.39875,0.596477,3.220229,186.223702
SPHINCS+-SHA2-128f-simple_run30,active,57.96691,5.39875,0.596119,3.218299,186.264712
SPHINCS+-SHA2-128f-simple_run30,active,57.979649,5.39625,0.593795,3.204265,186.30553
SPHINCS+-SHA2-128f-simple_run30,active,57.992388,5.4,0.59594,3.218078,186.346525
SPHINCS+-SHA2-128f-simple_run30,active,58.00513,5.39625,0.595762,3.214879,186.387491
SPHINCS+-SHA2-128f-simple_run30,active,58.017878,5.3975,0.595583,3.214658,186.428471
SPHINCS+-SHA2-128f-simple_run30,active,58.030626,5.39625,0.594331,3.20716,186.469357
SPHINCS+-SHA2-128f-simple_run30,active,58.043367,5.3975,0.59594,3.216588,186.510339
SPHINCS+-SHA2-128f-simple_run30,active,58.056107,5.3975,0.596119,3.217553,186.551331
SPHINCS+-SHA2-128f-simple_run30,active,58.068848,5.3975,0.596119,3.217553,186.592325
SPHINCS+-SHA2-128f-simple_run30,active,58.081586,5.39875,0.596477,3.220229,186.633343
SPHINCS+-SHA2-128f-simple_run30,active,58.094327,5.3975,0.596119,3.217553,186.674338
SPHINCS+-SHA2-128f-simple_run30,active,58.107069,5.395,0.594868,3.209311,186.715232
SPHINCS+-SHA2-128f-simple_run30,active,58.119817,5.395,0.596119,3.216063,186.756229
SPHINCS+-SHA2-128f-simple_run30,active,58.132583,5.3925,0.596119,3.214573,186.797268
SPHINCS+-SHA2-128f-simple_run30,active,58.145331,5.3975,0.593437,3.203077,186.838099
SPHINCS+-SHA2-128f-simple_run30,active,58.158074,5.39875,0.593437,3.203819,186.878925
SPHINCS+-SHA2-128f-simple_run30,active,58.170813,5.39625,0.59147,3.191722,186.919587
SPHINCS+-SHA2-128f-simple_run30,active,58.183558,5.3975,0.595762,3.215623,186.960568
SPHINCS+-SHA2-128f-simple_run30,active,58.196331,5.395,0.595583,3.213169,187.00161
SPHINCS+-SHA2-128f-simple_run30,active,58.209075,5.395,0.595583,3.213169,187.04256
SPHINCS+-SHA2-128f-simple_run30,active,58.221822,5.3975,0.595046,3.211763,187.083501
SPHINCS+-SHA2-128f-simple_run30,active,58.234571,5.3975,0.593616,3.204042,187.124349
SPHINCS+-SHA2-128f-simple_run30,active,58.247317,5.3975,0.593258,3.202112,187.165162
SPHINCS+-SHA2-128f-simple_run30,active,58.260058,5.39875,0.584855,3.157485,187.205391
SPHINCS+-SHA2-128f-simple_run30,active,58.272796,5.39625,0.596477,3.218738,187.246393
SPHINCS+-SHA2-128f-simple_run30,active,58.285544,5.39625,0.596119,3.216808,187.2874
SPHINCS+-SHA2-128f-simple_run30,active,58.298286,5.39625,0.595404,3.212949,187.32834
SPHINCS+-SHA2-128f-simple_run30,active,58.311032,5.39375,0.59308,3.198923,187.369112
SPHINCS+-SHA2-128f-simple_run30,active,58.323777,5.3975,0.59594,3.216588,187.410107
SPHINCS+-SHA2-128f-simple_run30,active,58.336525,5.3975,0.593437,3.203077,187.450939
SPHINCS+-SHA2-128f-simple_run30,active,58.349268,5.3975,0.594689,3.209833,187.491843
SPHINCS+-SHA2-128f-simple_run30,active,58.362011,5.3975,0.595225,3.212728,187.532783
SPHINCS+-SHA2-128f-simple_run30,active,58.374748,5.39625,0.596477,3.218738,187.573779
SPHINCS+-SHA2-128f-simple_run30,active,58.387489,5.3975,0.594331,3.207903,187.614653
SPHINCS+-SHA2-128f-simple_run30,active,58.400227,5.3975,0.592901,3.200182,187.655417
SPHINCS+-SHA2-128f-simple_run30,active,58.412967,5.3975,0.593974,3.205973,187.696261
SPHINCS+-SHA2-128f-simple_run30,active,58.425709,5.395,0.593795,3.203523,187.73708
SPHINCS+-SHA2-128f-simple_run30,active,58.438457,5.39625,0.59594,3.215843,187.778074
SPHINCS+-SHA2-128f-simple_run30,active,58.451204,5.395,0.601304,3.244037,187.819426
SPHINCS+-SHA2-128f-simple_run30,active,58.463943,5.39375,0.601841,3.246179,187.86078
SPHINCS+-SHA2-128f-simple_run30,active,58.476683,5.4025,0.593616,3.20701,187.901639
SPHINCS+-SHA2-128f-simple_run30,active,58.489424,5.3975,0.596656,3.220449,187.942669
SPHINCS+-SHA2-128f-simple_run30,active,58.502168,5.39625,0.593795,3.204265,187.983505
SPHINCS+-SHA2-128f-simple_run30,active,58.514908,5.39625,0.597371,3.223562,188.024573
SPHINCS+-SHA2-128f-simple_run30,active,58.527651,5.39625,0.596298,3.217773,188.065577
SPHINCS+-SHA2-128f-simple_run30,active,58.540392,5.39375,0.594331,3.205674,188.10642
SPHINCS+-SHA2-128f-simple_run30,active,58.553138,5.39875,0.59594,3.217333,188.147428
SPHINCS+-SHA2-128f-simple_run30,active,58.565878,5.39625,0.593258,3.201371,188.188213
SPHINCS+-SHA2-128f-simple_run30,active,58.578617,5.39875,0.593437,3.203819,188.229029
SPHINCS+-SHA2-128f-simple_run30,active,58.591363,5.39625,0.593437,3.202335,188.269845
SPHINCS+-SHA2-128f-simple_run30,active,58.604104,5.39625,0.59594,3.215843,188.310818
SPHINCS+-SHA2-128f-simple_run30,active,58.616845,5.3975,0.596834,3.221414,188.35186
SPHINCS+-SHA2-128f-simple_run30,active,58.629591,5.3975,0.595583,3.214658,188.392836
SPHINCS+-SHA2-128f-simple_run30,active,58.642336,5.39875,0.595046,3.212507,188.43378
SPHINCS+-SHA2-128f-simple_run30,active,58.65508,5.3975,0.595583,3.214658,188.474745
SPHINCS+-SHA2-128f-simple_run30,active,58.667822,5.3975,0.600768,3.242645,188.516063
SPHINCS+-SHA2-128f-simple_run30,active,58.680563,5.40375,0.59594,3.220313,188.557093
SPHINCS+-SHA2-128f-simple_run30,active,58.693303,5.3975,0.59594,3.216588,188.598073
SPHINCS+-SHA2-128f-simple_run30,active,58.706045,5.3975,0.595583,3.214658,188.639033
SPHINCS+-SHA2-128f-simple_run30,active,58.718787,5.39375,0.595762,3.213389,188.679981
SPHINCS+-SHA2-128f-simple_run30,active,58.731535,5.4025,0.59594,3.219568,188.721023
SPHINCS+-SHA2-128f-simple_run30,active,58.744278,5.3975,0.597728,3.226239,188.762135
SPHINCS+-SHA2-128f-simple_run30,active,58.759968,5.395,0.596834,3.219922,188.812655
SPHINCS+-SHA2-128f-simple_run30,active,58.772729,5.39625,0.59594,3.215843,188.853694
SPHINCS+-SHA2-128f-simple_run30,active,58.785474,5.39875,0.595762,3.216368,188.894684
SPHINCS+-SHA2-128f-simple_run30,active,58.798216,5.3975,0.595583,3.214658,188.935645
SPHINCS+-SHA2-128f-simple_run30,active,58.810959,5.3975,0.596119,3.217553,188.976648
SPHINCS+-SHA2-128f-simple_run30,active,58.823722,5.39625,0.596119,3.216808,189.017703
SPHINCS+-SHA2-128f-simple_run30,active,58.836471,5.39625,0.596119,3.216808,189.058714
SPHINCS+-SHA2-128f-simple_run30,active,58.849216,5.39625,0.59594,3.215843,189.0997
SPHINCS+-SHA2-128f-simple_run30,active,58.861957,5.39625,0.596119,3.216808,189.140685
SPHINCS+-SHA2-128f-simple_run30,active,58.874699,5.3975,0.595762,3.215623,189.181658
SPHINCS+-SHA2-128f-simple_run30,active,58.887438,5.3975,0.595046,3.211763,189.222575
SPHINCS+-SHA2-128f-simple_run30,active,58.900182,5.39625,0.594868,3.210054,189.263483
SPHINCS+-SHA2-128f-simple_run30,active,58.912922,5.3975,0.595046,3.211763,189.304401
SPHINCS+-SHA2-128f-simple_run30,active,58.925666,5.39875,0.595404,3.214437,189.345365
SPHINCS+-SHA2-128f-simple_run30,active,58.938443,5.3975,0.596119,3.217553,189.386476
SPHINCS+-SHA2-128f-simple_run30,active,58.951193,5.395,0.595583,3.213169,189.427444
SPHINCS+-SHA2-128f-simple_run30,active,58.96393,5.39625,0.597371,3.223562,189.468503
SPHINCS+-SHA2-128f-simple_run30,active,58.976672,5.3975,0.59594,3.216588,189.509489
SPHINCS+-SHA2-128f-simple_run30,active,58.989412,5.39375,0.596119,3.215318,189.550452
SPHINCS+-SHA2-128f-simple_run30,active,59.002152,5.39625,0.595583,3.213914,189.591397
SPHINCS+-SHA2-128f-simple_run30,active,59.014893,5.3975,0.596119,3.217553,189.632393
SPHINCS+-SHA2-128f-simple_run30,active,59.027633,5.39625,0.596119,3.216808,189.673373
SPHINCS+-SHA2-128f-simple_run30,active,59.040378,5.39625,0.596119,3.216808,189.714372
SPHINCS+-SHA2-128f-simple_run30,active,59.053123,5.3975,0.595583,3.214658,189.755343
SPHINCS+-SHA2-128f-simple_run30,active,59.065863,5.3975,0.596298,3.218518,189.796346
SPHINCS+-SHA2-128f-simple_run30,active,59.078606,5.395,0.596119,3.216063,189.837329
SPHINCS+-SHA2-128f-simple_run30,active,59.091346,5.39875,0.593437,3.203819,189.878147
SPHINCS+-SHA2-128f-simple_run30,active,59.104085,5.39625,0.597371,3.223562,189.91921
SPHINCS+-SHA2-128f-simple_run30,active,59.11683,5.3975,0.596119,3.217553,189.960218
SPHINCS+-SHA2-128f-simple_run30,active,59.129583,5.395,0.594152,3.205452,190.001096
SPHINCS+-SHA2-128f-simple_run30,active,59.142338,5.3975,0.594868,3.210798,190.042052
SPHINCS+-SHA2-128f-simple_run30,active,59.155092,5.39625,0.593616,3.2033,190.082907
SPHINCS+-SHA2-128f-simple_run30,active,59.16783,5.39375,0.596834,3.219176,190.123911
SPHINCS+-SHA2-128f-simple_run30,active,59.18057,5.38875,0.593258,3.196921,190.164641
SPHINCS+-SHA2-128f-simple_run30,active,59.193317,5.3975,0.59594,3.216588,190.205642
SPHINCS+-SHA2-128f-simple_run30,active,59.206069,5.3975,0.595046,3.211763,190.246601
SPHINCS+-SHA2-128f-simple_run30,active,59.218841,5.39625,0.598801,3.231281,190.28787
SPHINCS+-SHA2-128f-simple_run30,active,59.231581,5.3975,0.593974,3.205973,190.328713
SPHINCS+-SHA2-128f-simple_run30,active,59.244333,5.39875,0.598444,3.230847,190.369914
SPHINCS+-SHA2-128f-simple_run30,active,59.257082,5.39625,0.594689,3.209089,190.410825
SPHINCS+-SHA2-128f-simple_run30,active,59.269819,5.3975,0.595583,3.214658,190.451771
SPHINCS+-SHA2-128f-simple_run30,active,59.282564,5.39625,0.592543,3.197511,190.492522
SPHINCS+-SHA2-128f-simple_run30,active,59.295311,5.39625,0.59594,3.215843,190.533514
SPHINCS+-SHA2-128f-simple_run30,active,59.30805,5.39625,0.595583,3.213914,190.574457
SPHINCS+-SHA2-128f-simple_run30,active,59.320789,5.395,0.589861,3.182301,190.614998
SPHINCS+-SHA2-128f-simple_run30,active,59.333526,5.39625,0.593258,3.201371,190.655774
SPHINCS+-SHA2-128f-simple_run30,active,59.346281,5.39625,0.593437,3.202335,190.69662
SPHINCS+-SHA2-128f-simple_run30,active,59.359029,5.39875,0.593795,3.20575,190.737487
SPHINCS+-SHA2-128f-simple_run30,active,59.371765,5.39625,0.600589,3.240929,190.778761
SPHINCS+-SHA2-128f-simple_run30,active,59.384506,5.3975,0.595404,3.213693,190.819708
SPHINCS+-SHA2-128f-simple_run30,active,59.397248,5.39625,0.595583,3.213914,190.860658
SPHINCS+-SHA2-128f-simple_run30,active,59.409987,5.4,0.593258,3.203595,190.901469
SPHINCS+-SHA2-128f-simple_run30,active,59.422729,5.395,0.593795,3.203523,190.942288
SPHINCS+-SHA2-128f-simple_run30,active,59.435471,5.4,0.594331,3.209388,190.983183
SPHINCS+-SHA2-128f-simple_run30,active,59.448223,5.39625,0.593795,3.204265,191.024044
SPHINCS+-SHA2-128f-simple_run30,active,59.460966,5.39375,0.595583,3.212425,191.06498
SPHINCS+-SHA2-128f-simple_run30,active,59.473702,5.3975,0.596119,3.217553,191.105958
SPHINCS+-SHA2-128f-simple_run30,active,59.486464,5.39625,0.595762,3.214879,191.146985
SPHINCS+-SHA2-128f-simple_run30,active,59.499209,5.4,0.593616,3.205526,191.18784
SPHINCS+-SHA2-128f-simple_run30,active,59.511944,5.3975,0.595046,3.211763,191.228743
SPHINCS+-SHA2-128f-simple_run30,active,59.524686,5.39875,0.594331,3.208646,191.269627
SPHINCS+-SHA2-128f-simple_run30,active,59.537429,5.39875,0.593974,3.206715,191.310491
SPHINCS+-SHA2-128f-simple_run30,active,59.550178,5.39625,0.59451,3.208125,191.35139
SPHINCS+-SHA2-128f-simple_run30,active,59.562921,5.3975,0.606668,3.274493,191.393119
SPHINCS+-SHA2-128f-simple_run30,active,59.575659,5.39625,0.59594,3.215843,191.434081
SPHINCS+-SHA2-128f-simple_run30,active,59.588406,5.39625,0.593437,3.202335,191.474902
SPHINCS+-SHA2-128f-simple_run30,active,59.601146,5.3975,0.593974,3.205973,191.515746
SPHINCS+-SHA2-128f-simple_run30,active,59.613886,5.3975,0.593795,3.205007,191.556576
SPHINCS+-SHA2-128f-simple_run30,active,59.626627,5.395,0.595762,3.214134,191.597528
SPHINCS+-SHA2-128f-simple_run30,active,59.639367,5.40125,0.598444,3.232343,191.638708
SPHINCS+-SHA2-128f-simple_run30,active,59.652111,5.3975,0.595583,3.214658,191.679675
SPHINCS+-SHA2-128f-simple_run30,active,59.664855,5.3975,0.597371,3.224309,191.720768
SPHINCS+-SHA2-128f-simple_run30,active,59.677595,5.3975,0.595404,3.213693,191.761709
SPHINCS+-SHA2-128f-simple_run30,active,59.690333,5.4,0.59898,3.234492,191.802909
SPHINCS+-SHA2-128f-simple_run30,active,59.703073,5.39625,0.595583,3.213914,191.843855
SPHINCS+-SHA2-128f-simple_run30,active,59.715808,5.3975,0.596298,3.218518,191.884843
SPHINCS+-SHA2-128f-simple_run30,active,59.728547,5.3975,0.59594,3.216588,191.92582
SPHINCS+-SHA2-128f-simple_run30,active,59.741287,5.39625,0.596119,3.216808,191.966803
SPHINCS+-SHA2-128f-simple_run30,active,59.754032,5.395,0.595583,3.213169,192.007754
SPHINCS+-SHA2-128f-simple_run30,active,59.766778,5.39625,0.59594,3.215843,192.048744
SPHINCS+-SHA2-128f-simple_run30,active,59.779519,5.395,0.595046,3.210275,192.089646
SPHINCS+-SHA2-128f-simple_run30,active,59.792257,5.3975,0.595583,3.214658,192.130593
SPHINCS+-SHA2-128f-simple_run30,active,59.805,5.39625,0.595583,3.213914,192.171547
SPHINCS+-SHA2-128f-simple_run30,active,59.817741,5.39625,0.596656,3.219703,192.212569
SPHINCS+-SHA2-128f-simple_run30,active,59.830483,5.395,0.588967,3.177478,192.253058
SPHINCS+-SHA2-128f-simple_run30,active,59.843223,5.39625,0.596119,3.216808,192.29404
SPHINCS+-SHA2-128f-simple_run30,active,59.855967,5.38625,0.596477,3.212773,192.334983
SPHINCS+-SHA2-128f-simple_run30,active,59.86871,5.3975,0.595583,3.214658,192.375949
SPHINCS+-SHA2-128f-simple_run30,active,59.88145,5.39625,0.596119,3.216808,192.416931
SPHINCS+-SHA2-128f-simple_run30,active,59.894188,5.4,0.595583,3.216147,192.457898
SPHINCS+-SHA2-128f-simple_run30,active,59.90693,5.3975,0.595225,3.212728,192.498834
SPHINCS+-SHA2-128f-simple_run30,active,59.91967,5.395,0.601662,3.245966,192.540189
SPHINCS+-SHA2-128f-simple_run30,active,59.93241,5.3975,0.594868,3.210798,192.581092
SPHINCS+-SHA2-128f-simple_run30,active,59.945151,5.3975,0.596298,3.218518,192.622101
SPHINCS+-SHA2-128f-simple_run30,active,59.957897,5.3875,0.595583,3.208702,192.662998
SPHINCS+-SHA2-128f-simple_run30,active,59.970642,5.40125,0.595762,3.217857,192.704009
SPHINCS+-SHA2-128f-simple_run30,active,59.983382,5.39875,0.596119,3.218299,192.745012
SPHINCS+-SHA2-128f-simple_run30,active,59.996121,5.395,0.595225,3.21124,192.785918
SPHINCS+-SHA2-128f-simple_run30,active,60.00886,5.40125,0.595046,3.213994,192.826863
SPHINCS+-SHA2-128f-simple_run30,active,60.021599,5.3975,0.595762,3.215623,192.867825
SPHINCS+-SHA2-128f-simple_run30,active,60.037262,5.3975,0.595583,3.214658,192.918176
SPHINCS+-SHA2-128f-simple_run30,active,60.050024,5.4025,0.584497,3.157746,192.958476
SPHINCS+-SHA2-128f-simple_run30,active,60.062778,5.39875,0.59594,3.217333,192.999509
SPHINCS+-SHA2-128f-simple_run30,active,60.075525,5.39625,0.600947,3.242859,193.040847
SPHINCS+-SHA2-128f-simple_run30,active,60.088264,5.39625,0.60041,3.239965,193.082119
SPHINCS+-SHA2-128f-simple_run30,active,60.101005,5.3975,0.595583,3.214658,193.123079
SPHINCS+-SHA2-128f-simple_run30,active,60.113748,5.3975,0.594689,3.209833,193.163983
SPHINCS+-SHA2-128f-simple_run30,active,60.126501,5.39625,0.603986,3.259262,193.205546
SPHINCS+-SHA2-128f-simple_run30,active,60.139237,5.39875,0.590219,3.186444,193.246128
SPHINCS+-SHA2-128f-simple_run30,active,60.151982,5.395,0.593258,3.200629,193.28692
SPHINCS+-SHA2-128f-simple_run30,active,60.16473,5.3975,0.592543,3.198252,193.327694
SPHINCS+-SHA2-128f-simple_run30,active,60.177476,5.3975,0.596119,3.217553,193.368704
SPHINCS+-SHA2-128f-simple_run30,active,60.190219,5.4025,0.596477,3.222466,193.409768
SPHINCS+-SHA2-128f-simple_run30,active,60.20296,5.3975,0.595762,3.215623,193.450736
SPHINCS+-SHA2-128f-simple_run30,active,60.215737,5.4,0.59594,3.218078,193.491854
SPHINCS+-SHA2-128f-simple_run30,active,60.228476,5.395,0.592007,3.193877,193.532541
SPHINCS+-SHA2-128f-simple_run30,active,60.24122,5.39875,0.593437,3.203819,193.573372
SPHINCS+-SHA2-128f-simple_run30,active,60.253967,5.39875,0.594689,3.210576,193.614298
SPHINCS+-SHA2-128f-simple_run30,active,60.266716,5.39875,0.595404,3.214437,193.655278
SPHINCS+-SHA2-128f-simple_run30,active,60.279461,5.40375,0.597907,3.230941,193.696455
SPHINCS+-SHA2-128f-simple_run30,active,60.292207,5.39625,0.596834,3.220668,193.737506
SPHINCS+-SHA2-128f-simple_run30,active,60.304947,5.39625,0.597371,3.223562,193.778573
SPHINCS+-SHA2-128f-simple_run30,active,60.317688,5.395,0.59594,3.215098,193.819538
SPHINCS+-SHA2-128f-simple_run30,active,60.33045,5.39125,0.595583,3.210936,193.860517
SPHINCS+-SHA2-128f-simple_run30,active,60.343192,5.3975,0.596477,3.219484,193.901539
SPHINCS+-SHA2-128f-simple_run30,active,60.355938,5.39625,0.593437,3.202335,193.942355
SPHINCS+-SHA2-128f-simple_run30,active,60.368682,5.4,0.595225,3.214216,193.983318
SPHINCS+-SHA2-128f-simple_run30,active,60.381423,5.3975,0.59594,3.216588,194.0243
SPHINCS+-SHA2-128f-simple_run30,active,60.394169,5.3975,0.59594,3.216588,194.065297
SPHINCS+-SHA2-128f-simple_run30,active,60.406915,5.3975,0.595225,3.212728,194.106248
SPHINCS+-SHA2-128f-simple_run30,active,60.419656,5.39625,0.598086,3.227422,194.14737
SPHINCS+-SHA2-128f-simple_run30,active,60.432393,5.39625,0.595404,3.212949,194.188293
SPHINCS+-SHA2-128f-simple_run30,active,60.445127,5.38875,0.602735,3.247987,194.229654
SPHINCS+-SHA2-128f-simple_run30,active,60.457872,5.3875,0.593437,3.197143,194.2704
SPHINCS+-SHA2-128f-simple_run30,active,60.470622,5.39625,0.59308,3.200406,194.311205
SPHINCS+-SHA2-128f-simple_run30,active,60.483367,5.39875,0.595225,3.213472,194.35216
SPHINCS+-SHA2-128f-simple_run30,active,60.496108,5.39875,0.597371,3.225056,194.393251
SPHINCS+-SHA2-128f-simple_run30,active,60.508847,5.39625,0.596119,3.216808,194.434229
SPHINCS+-SHA2-128f-simple_run30,active,60.521589,5.39625,0.596477,3.218738,194.475243
SPHINCS+-SHA2-128f-simple_run30,active,60.534329,5.395,0.593974,3.204488,194.516069
SPHINCS+-SHA2-128f-simple_run30,active,60.547072,5.39625,0.594689,3.209089,194.55696
SPHINCS+-SHA2-128f-simple_run30,active,60.559809,5.39625,0.592364,3.196546,194.597676
SPHINCS+-SHA2-128f-simple_run30,active,60.572555,5.38375,0.59594,3.208394,194.638569
SPHINCS+-SHA2-128f-simple_run30,active,60.585296,5.3975,0.595583,3.214658,194.679528
SPHINCS+-SHA2-128f-simple_run30,active,60.598037,5.39625,0.597728,3.225492,194.720624
SPHINCS+-SHA2-128f-simple_run30,active,60.610779,5.3975,0.591113,3.190531,194.761278
SPHINCS+-SHA2-128f-simple_run30,active,60.623526,5.3975,0.593616,3.204042,194.802119
SPHINCS+-SHA2-128f-simple_run30,active,60.636266,5.39625,0.593437,3.202335,194.842917
SPHINCS+-SHA2-128f-simple_run30,active,60.649034,5.395,0.592007,3.193877,194.883698
SPHINCS+-SHA2-128f-simple_run30,active,60.661775,5.395,0.595583,3.213169,194.924635
SPHINCS+-SHA2-128f-simple_run30,active,60.674525,5.385,0.595583,3.207213,194.965527
SPHINCS+-SHA2-128f-simple_run30,active,60.68727,5.39875,0.59755,3.226021,195.006644
SPHINCS+-SHA2-128f-simple_run30,active,60.70001,5.3975,0.597907,3.227204,195.04776
SPHINCS+-SHA2-128f-simple_run30,active,60.712753,5.39625,0.595583,3.213914,195.088712
SPHINCS+-SHA2-128f-simple_run30,active,60.725493,5.3975,0.59594,3.216588,195.129693
SPHINCS+-SHA2-128f-simple_run30,active,60.738231,5.3975,0.593437,3.203077,195.170493
SPHINCS+-SHA2-128f-simple_run30,active,60.750974,5.39875,0.59594,3.217333,195.211492
SPHINCS+-SHA2-128f-simple_run30,active,60.763752,5.3975,0.59755,3.225274,195.252703
SPHINCS+-SHA2-128f-simple_run30,active,60.776491,5.3825,0.595046,3.202837,195.293506
SPHINCS+-SHA2-128f-simple_run30,active,60.789235,5.39125,0.596477,3.215756,195.334486
SPHINCS+-SHA2-128f-simple_run30,active,60.801979,5.395,0.59594,3.215098,195.37546
SPHINCS+-SHA2-128f-simple_run30,active,60.814722,5.3975,0.596119,3.217553,195.416462
SPHINCS+-SHA2-128f-simple_run30,active,60.827463,5.395,0.599695,3.235356,195.457683
SPHINCS+-SHA2-128f-simple_run30,active,60.840202,5.40125,0.596119,3.219789,195.498701
SPHINCS+-SHA2-128f-simple_run30,active,60.852944,5.39625,0.595583,3.213914,195.53965
SPHINCS+-SHA2-128f-simple_run30,active,60.865687,5.3975,0.596477,3.219484,195.580678
SPHINCS+-SHA2-128f-simple_run30,active,60.878463,5.385,0.595583,3.207213,195.621653
SPHINCS+-SHA2-128f-simple_run30,active,60.891213,5.39625,0.59594,3.215843,195.662654
SPHINCS+-SHA2-128f-simple_run30,active,60.903949,5.39875,0.598086,3.228917,195.703779
SPHINCS+-SHA2-128f-simple_run30,active,60.916694,5.38125,0.595583,3.20498,195.744627
SPHINCS+-SHA2-128f-simple_run30,active,60.929437,5.39625,0.595225,3.211984,195.785557
SPHINCS+-SHA2-128f-simple_run30,active,60.942181,5.3975,0.595762,3.215623,195.826535
SPHINCS+-SHA2-128f-simple_run30,active,60.954924,5.3975,0.595225,3.212728,195.867476
SPHINCS+-SHA2-128f-simple_run30,active,60.967666,5.395,0.596119,3.216063,195.908455
SPHINCS+-SHA2-128f-simple_run30,active,60.980414,5.39375,0.59594,3.214354,195.949431
SPHINCS+-SHA2-128f-simple_run30,active,60.99316,5.39625,0.59594,3.215843,195.990419
SPHINCS+-SHA2-128f-simple_run30,active,61.005902,5.39625,0.595762,3.214879,196.031385
SPHINCS+-SHA2-128f-simple_run30,active,61.018647,5.40125,0.594689,3.212063,196.072322
SPHINCS+-SHA2-128f-simple_run30,active,61.031389,5.3975,0.59594,3.216588,196.113309
SPHINCS+-SHA2-128f-simple_run30,active,61.044128,5.39625,0.59594,3.215843,196.154275
SPHINCS+-SHA2-128f-simple_run30,active,61.056868,5.39625,0.596119,3.216808,196.195258
SPHINCS+-SHA2-128f-simple_run30,active,61.069608,5.4,0.592364,3.198768,196.23601
SPHINCS+-SHA2-128f-simple_run30,active,61.082357,5.395,0.596119,3.216063,196.27701
SPHINCS+-SHA2-128f-simple_run30,active,61.095105,5.3975,0.595404,3.213693,196.317978
SPHINCS+-SHA2-128f-simple_run30,active,61.107845,5.3975,0.594868,3.210798,196.358884
SPHINCS+-SHA2-128f-simple_run30,active,61.12059,5.3975,0.595046,3.211763,196.399818
SPHINCS+-SHA2-128f-simple_run30,active,61.13334,5.395,0.59594,3.215098,196.440812
SPHINCS+-SHA2-128f-simple_run30,active,61.146082,5.39625,0.596119,3.216808,196.4818
SPHINCS+-SHA2-128f-simple_run30,active,61.158828,5.38125,0.601483,3.236731,196.523056
SPHINCS+-SHA2-128f-simple_run30,active,61.171567,5.39625,0.596119,3.216808,196.564034
SPHINCS+-SHA2-128f-simple_run30,active,61.184393,5.39375,0.596656,3.218211,196.605312
SPHINCS+-SHA2-128f-simple_run30,active,61.197234,5.39625,0.596834,3.220668,196.646668
SPHINCS+-SHA2-128f-simple_run30,active,61.209982,5.39625,0.598265,3.228386,196.687824
SPHINCS+-SHA2-128f-simple_run30,active,61.222736,5.39625,0.595762,3.214879,196.728825
SPHINCS+-SHA2-128f-simple_run30,active,61.235478,5.39625,0.595583,3.213914,196.769778
SPHINCS+-SHA2-128f-simple_run30,active,61.24822,5.3975,0.613642,3.312131,196.81198
SPHINCS+-SHA2-128f-simple_run30,active,61.260968,5.39625,0.59594,3.215843,196.852974
SPHINCS+-SHA2-128f-simple_run30,active,61.27371,5.39625,0.595583,3.213914,196.893928
SPHINCS+-SHA2-128f-simple_run30,active,61.286466,5.3925,0.59594,3.213609,196.934919
SPHINCS+-SHA2-128f-simple_run30,active,61.299211,5.39375,0.595583,3.212425,196.975864
SPHINCS+-SHA2-128f-simple_run30,active,61.314935,5.395,0.596298,3.217028,197.026447
SPHINCS+-SHA2-128f-simple_run30,active,61.327726,5.39625,0.595583,3.213914,197.067558
SPHINCS+-SHA2-128f-simple_run30,active,61.340474,5.39625,0.601126,3.243824,197.108909
SPHINCS+-SHA2-128f-simple_run30,active,61.353217,5.3975,0.59594,3.216588,197.149897
SPHINCS+-SHA2-128f-simple_run30,active,61.36596,5.395,0.59594,3.215098,197.190867
SPHINCS+-SHA2-128f-simple_run30,active,61.378702,5.39375,0.59594,3.214354,197.231826
SPHINCS+-SHA2-128f-simple_run30,active,61.39145,5.3875,0.59594,3.210629,197.272753
SPHINCS+-SHA2-128f-simple_run30,active,61.404194,5.3975,0.59594,3.216588,197.313747
SPHINCS+-SHA2-128f-simple_run30,active,61.416934,5.3975,0.596119,3.217553,197.354739
SPHINCS+-SHA2-128f-simple_run30,active,61.429677,5.39625,0.597371,3.223562,197.395814
SPHINCS+-SHA2-128f-simple_run30,active,61.442456,5.395,0.59594,3.215098,197.436902
SPHINCS+-SHA2-128f-simple_run30,active,61.455199,5.3925,0.597728,3.22325,197.477975
SPHINCS+-SHA2-128f-simple_run30,active,61.467944,5.3975,0.603629,3.258086,197.519499
SPHINCS+-SHA2-128f-simple_run30,active,61.480686,5.3975,0.595225,3.212728,197.560436
SPHINCS+-SHA2-128f-simple_run30,active,61.493426,5.385,0.602377,3.243801,197.601763
SPHINCS+-SHA2-128f-simple_run30,active,61.50617,5.39875,0.593437,3.203819,197.642592
SPHINCS+-SHA2-128f-simple_run30,active,61.518914,5.39625,0.594868,3.210054,197.683499
SPHINCS+-SHA2-128f-simple_run30,active,61.531657,5.3975,0.596298,3.218518,197.724514
SPHINCS+-SHA2-128f-simple_run30,active,61.5444,5.39625,0.605417,3.26698,197.766144
SPHINCS+-SHA2-128f-simple_run30,active,61.55714,5.3975,0.595762,3.215623,197.807114
SPHINCS+-SHA2-128f-simple_run30,active,61.569882,5.3975,0.593437,3.203077,197.847925
SPHINCS+-SHA2-128f-simple_run30,active,61.582624,5.39625,0.594689,3.209089,197.888817
SPHINCS+-SHA2-128f-simple_run30,active,61.595364,5.3825,0.596477,3.210536,197.929717
SPHINCS+-SHA2-128f-simple_run30,active,61.608106,5.39625,0.589861,3.183039,197.970276
SPHINCS+-SHA2-128f-simple_run30,active,61.620854,5.39625,0.59594,3.215843,198.011272
SPHINCS+-SHA2-128f-simple_run30,active,61.633599,5.39625,0.595583,3.213914,198.052234
SPHINCS+-SHA2-128f-simple_run30,active,61.64634,5.3975,0.593616,3.204042,198.093055
SPHINCS+-SHA2-128f-simple_run30,active,61.659087,5.39875,0.594331,3.208646,198.133956
SPHINCS+-SHA2-128f-simple_run30,active,61.67183,5.39625,0.593616,3.2033,198.174777
SPHINCS+-SHA2-128f-simple_run30,active,61.684572,5.39875,0.597907,3.227951,198.215907
SPHINCS+-SHA2-128f-simple_run30,active,61.697321,5.38375,0.594868,3.202618,198.256737
SPHINCS+-SHA2-128f-simple_run30,active,61.710067,5.395,0.595583,3.213169,198.297693
SPHINCS+-SHA2-128f-simple_run30,active,61.722813,5.3975,0.595583,3.214658,198.338665
SPHINCS+-SHA2-128f-simple_run30,active,61.735556,5.39625,0.596119,3.216808,198.379657
SPHINCS+-SHA2-128f-simple_run30,active,61.748298,5.39625,0.595046,3.211019,198.420573
SPHINCS+-SHA2-128f-simple_run30,active,61.76107,5.395,0.595583,3.213169,198.461612
SPHINCS+-SHA2-128f-simple_run30,active,61.773812,5.395,0.595583,3.213169,198.502552
SPHINCS+-SHA2-128f-simple_run30,active,61.786555,5.3975,0.595225,3.212728,198.543494
SPHINCS+-SHA2-128f-simple_run30,active,61.799304,5.4,0.597192,3.224837,198.584607
SPHINCS+-SHA2-128f-simple_run30,active,61.812049,5.39625,0.596834,3.220668,198.625654
SPHINCS+-SHA2-128f-simple_run30,active,61.824791,5.3925,0.595762,3.212644,198.666589
SPHINCS+-SHA2-128f-simple_run30,active,61.837532,5.39375,0.596834,3.219176,198.707606
SPHINCS+-SHA2-128f-simple_run30,active,61.850273,5.39625,0.595583,3.213914,198.748553
SPHINCS+-SHA2-128f-simple_run30,active,61.863016,5.39625,0.595583,3.213914,198.789507
SPHINCS+-SHA2-128f-simple_run30,active,61.875755,5.39625,0.596298,3.217773,198.8305
SPHINCS+-SHA2-128f-simple_run30,active,61.888496,5.40625,0.597013,3.227603,198.871623
SPHINCS+-SHA2-128f-simple_run30,active,61.901244,5.39375,0.59594,3.214354,198.912599
SPHINCS+-SHA2-128f-simple_run30,active,61.913988,5.39625,0.59594,3.215843,198.953583
SPHINCS+-SHA2-128f-simple_run30,active,61.926731,5.395,0.595046,3.210275,198.994491
SPHINCS+-SHA2-128f-simple_run30,active,61.939473,5.39625,0.59451,3.208125,199.035369
SPHINCS+-SHA2-128f-simple_run30,active,61.952212,5.39625,0.595404,3.212949,199.076297
SPHINCS+-SHA2-128f-simple_run30,active,61.964952,5.3975,0.59594,3.216588,199.117277
SPHINCS+-SHA2-128f-simple_run30,active,61.977693,5.3975,0.596834,3.221414,199.158322
SPHINCS+-SHA2-128f-simple_run30,active,61.990437,5.3975,0.594689,3.209833,199.199229
SPHINCS+-SHA2-128f-simple_run30,active,62.003189,5.395,0.59594,3.215098,199.240226
SPHINCS+-SHA2-128f-simple_run30,active,62.015933,5.3975,0.596119,3.217553,199.281233
SPHINCS+-SHA2-128f-simple_run30,active,62.028675,5.39625,0.592364,3.196546,199.321963
SPHINCS+-SHA2-128f-simple_run30,active,62.041417,5.3975,0.596119,3.217553,199.36296
SPHINCS+-SHA2-128f-simple_run30,active,62.054158,5.395,0.595762,3.214134,199.403912
SPHINCS+-SHA2-128f-simple_run30,active,62.066908,5.39375,0.594152,3.20471,199.444772
SPHINCS+-SHA2-128f-simple_run30,active,62.079652,5.39875,0.594331,3.208646,199.48566
SPHINCS+-SHA2-128f-simple_run30,active,62.092393,5.39875,0.593795,3.20575,199.526507
SPHINCS+-SHA2-128f-simple_run30,active,62.105141,5.395,0.598801,3.230532,199.567689
SPHINCS+-SHA2-128f-simple_run30,active,62.117892,5.39625,0.596477,3.218738,199.608732
SPHINCS+-SHA2-128f-simple_run30,active,62.130691,5.39625,0.59594,3.215843,199.649891
SPHINCS+-SHA2-128f-simple_run30,active,62.14344,5.3975,0.597192,3.223344,199.690987
SPHINCS+-SHA2-128f-simple_run30,active,62.156181,5.39625,0.59594,3.215843,199.731957
SPHINCS+-SHA2-128f-simple_run30,active,62.168922,5.395,0.59594,3.215098,199.772921
SPHINCS+-SHA2-128f-simple_run30,active,62.181663,5.3975,0.595762,3.215623,199.813892
SPHINCS+-SHA2-128f-simple_run30,active,62.194443,5.39625,0.596119,3.216808,199.855002
SPHINCS+-SHA2-128f-simple_run30,active,62.207197,5.405,0.595583,3.219125,199.896061
SPHINCS+-SHA2-128f-simple_run30,active,62.219946,5.40125,0.596298,3.220755,199.937122
SPHINCS+-SHA2-128f-simple_run30,active,62.232689,5.3975,0.595583,3.214658,199.978086
SPHINCS+-SHA2-128f-simple_run30,active,62.245431,5.39625,0.595225,3.211984,200.019011
SPHINCS+-SHA2-128f-simple_run30,active,62.258172,5.3925,0.595404,3.210716,200.059921
SPHINCS+-SHA2-128f-simple_run30,active,62.270916,5.395,0.595404,3.212205,200.100857
SPHINCS+-SHA2-128f-simple_run30,active,62.28366,5.39625,0.59594,3.215843,200.141841
SPHINCS+-SHA2-128f-simple_run30,active,62.296406,5.39625,0.59594,3.215843,200.182829
SPHINCS+-SHA2-128f-simple_run30,active,62.309154,5.40125,0.596298,3.220755,200.223886
SPHINCS+-SHA2-128f-simple_run30,active,62.3219,5.395,0.594868,3.209311,200.264792
SPHINCS+-SHA2-128f-simple_run30,active,62.334649,5.39625,0.596477,3.218738,200.305829
SPHINCS+-SHA2-128f-simple_run30,active,62.347389,5.38875,0.595583,3.209447,200.346717
SPHINCS+-SHA2-128f-simple_run30,active,62.360131,5.39625,0.597013,3.221632,200.387768
SPHINCS+-SHA2-128f-simple_run30,active,62.372874,5.3975,0.596834,3.221414,200.428818
SPHINCS+-SHA2-128f-simple_run30,active,62.385614,5.3975,0.595762,3.215623,200.469784
SPHINCS+-SHA2-128f-simple_run30,active,62.398355,5.3925,0.595225,3.209752,200.510681
SPHINCS+-SHA2-128f-simple_run30,active,62.411104,5.39625,0.59594,3.215843,200.551678
SPHINCS+-SHA2-128f-simple_run30,active,62.423849,5.39875,0.596477,3.220229,200.59272
SPHINCS+-SHA2-128f-simple_run30,active,62.436592,5.39625,0.59594,3.215843,200.633698
SPHINCS+-SHA2-128f-simple_run30,active,62.449333,5.39625,0.597728,3.225492,200.674797
SPHINCS+-SHA2-128f-simple_run30,active,62.462075,5.395,0.59594,3.215098,200.715762
SPHINCS+-SHA2-128f-simple_run30,active,62.474821,5.3975,0.595583,3.214658,200.756738
SPHINCS+-SHA2-128f-simple_run30,active,62.48757,5.4,0.597013,3.223871,200.797838
SPHINCS+-SHA2-128f-simple_run30,active,62.500335,5.3975,0.593437,3.203077,200.838725
SPHINCS+-SHA2-128f-simple_run30,active,62.513086,5.39625,0.593616,3.2033,200.87957
SPHINCS+-SHA2-128f-simple_run30,active,62.52583,5.3975,0.59594,3.216588,200.920563
SPHINCS+-SHA2-128f-simple_run30,active,62.538571,5.3925,0.589325,3.177934,200.961051
SPHINCS+-SHA2-128f-simple_run30,active,62.551313,5.395,0.596119,3.216063,201.002033
SPHINCS+-SHA2-128f-simple_run30,active,62.564052,5.39875,0.595404,3.214437,201.042981
SPHINCS+-SHA2-128f-simple_run30,active,62.576793,5.3975,0.593616,3.204042,201.083802
SPHINCS+-SHA2-128f-simple_run30,active,62.592482,5.3925,0.596656,3.217465,201.134282
SPHINCS+-SHA2-128f-simple_run30,active,62.605272,5.3975,0.59594,3.216588,201.175423
SPHINCS+-SHA2-128f-simple_run30,active,62.618025,5.39125,0.59308,3.19744,201.2162
SPHINCS+-SHA2-128f-simple_run30,active,62.630779,5.39625,0.596298,3.217773,201.257239
SPHINCS+-SHA2-128f-simple_run30,active,62.643521,5.39625,0.59594,3.215843,201.298216
SPHINCS+-SHA2-128f-simple_run30,active,62.656261,5.39875,0.597371,3.225056,201.339302
SPHINCS+-SHA2-128f-simple_run30,active,62.669009,5.39875,0.593258,3.202854,201.380131
SPHINCS+-SHA2-128f-simple_run30,active,62.681751,5.3975,0.593616,3.204042,201.420957
SPHINCS+-SHA2-128f-simple_run30,active,62.694495,5.39625,0.593437,3.202335,201.461768
SPHINCS+-SHA2-128f-simple_run30,active,62.707237,5.39625,0.594152,3.206195,201.502621
SPHINCS+-SHA2-128f-simple_run30,active,62.719983,5.39375,0.59594,3.214354,201.543591
SPHINCS+-SHA2-128f-simple_run30,active,62.73273,5.39625,0.595583,3.213914,201.584559
SPHINCS+-SHA2-128f-simple_run30,active,62.745471,5.39625,0.59594,3.215843,201.625534
SPHINCS+-SHA2-128f-simple_run30,active,62.758212,5.39625,0.594689,3.209089,201.666419
SPHINCS+-SHA2-128f-simple_run30,active,62.770955,5.39625,0.595762,3.214879,201.707388
SPHINCS+-SHA2-128f-simple_run30,active,62.783728,5.39625,0.597371,3.223562,201.748563
SPHINCS+-SHA2-128f-simple_run30,active,62.79647,5.40625,0.60041,3.245969,201.789922
SPHINCS+-SHA2-128f-simple_run30,active,62.809213,5.3975,0.595046,3.211763,201.830848
SPHINCS+-SHA2-128f-simple_run30,active,62.821959,5.395,0.595762,3.214134,201.871817
SPHINCS+-SHA2-128f-simple_run30,active,62.834706,5.395,0.596119,3.216063,201.912812
SPHINCS+-SHA2-128f-simple_run30,active,62.847448,5.395,0.601304,3.244037,201.954148
SPHINCS+-SHA2-128f-simple_run30,active,62.860188,5.39375,0.596119,3.215318,201.995111
SPHINCS+-SHA2-128f-simple_run30,active,62.872928,5.3975,0.595046,3.211763,202.036028
SPHINCS+-SHA2-128f-simple_run30,active,62.88567,5.3975,0.597371,3.224309,202.077112
SPHINCS+-SHA2-128f-simple_run30,active,62.898446,5.3975,0.593795,3.205007,202.118059
SPHINCS+-SHA2-128f-simple_run30,active,62.911193,5.39625,0.595046,3.211019,202.158991
SPHINCS+-SHA2-128f-simple_run30,active,62.923945,5.3975,0.596834,3.221414,202.20007
SPHINCS+-SHA2-128f-simple_run30,active,62.936693,5.3975,0.595404,3.213693,202.241039
SPHINCS+-SHA2-128f-simple_run30,active,62.949434,5.39625,0.59594,3.215843,202.282012
SPHINCS+-SHA2-128f-simple_run30,active,62.962175,5.395,0.595762,3.214134,202.322964
SPHINCS+-SHA2-128f-simple_run30,active,62.974918,5.39625,0.602914,3.253473,202.364422
SPHINCS+-SHA2-128f-simple_run30,active,62.987659,5.39625,0.596119,3.216808,202.405406
SPHINCS+-SHA2-128f-simple_run30,active,63.000401,5.39625,0.595583,3.213914,202.446357
SPHINCS+-SHA2-128f-simple_run30,active,63.013142,5.3975,0.595762,3.215623,202.48733
SPHINCS+-SHA2-128f-simple_run30,active,63.025891,5.39625,0.595762,3.214879,202.528314
SPHINCS+-SHA2-128f-simple_run30,active,63.038639,5.39125,0.596298,3.214792,202.569298
SPHINCS+-SHA2-128f-simple_run30,active,63.051377,5.39625,0.596477,3.218738,202.610298
SPHINCS+-SHA2-128f-simple_run30,active,63.064126,5.3975,0.594689,3.209833,202.65122
SPHINCS+-SHA2-128f-simple_run30,active,63.076869,5.3975,0.593795,3.205007,202.692062
SPHINCS+-SHA2-128f-simple_run30,active,63.089609,5.39625,0.594331,3.20716,202.732919
SPHINCS+-SHA2-128f-simple_run30,active,63.102348,5.3975,0.594689,3.209833,202.773812
SPHINCS+-SHA2-128f-simple_run30,active,63.115098,5.3975,0.59594,3.216588,202.814822
SPHINCS+-SHA2-128f-simple_run30,active,63.127864,5.39625,0.59594,3.215843,202.855876
SPHINCS+-SHA2-128f-simple_run30,active,63.140611,5.395,0.59594,3.215098,202.896857
SPHINCS+-SHA2-128f-simple_run30,active,63.153353,5.3975,0.595404,3.213693,202.937807
SPHINCS+-SHA2-128f-simple_run30,active,63.166093,5.3975,0.596298,3.218518,202.978811
SPHINCS+-SHA2-128f-simple_run30,active,63.178837,5.38875,0.59594,3.211374,203.019738
SPHINCS+-SHA2-128f-simple_run30,active,63.191579,5.39625,0.596298,3.217773,203.060737
SPHINCS+-SHA2-128f-simple_run30,active,63.204351,5.3975,0.596298,3.218518,203.101843
SPHINCS+-SHA2-128f-simple_run30,active,63.2171,5.39875,0.59451,3.209611,203.142763
SPHINCS+-SHA2-128f-simple_run30,active,63.229849,5.395,0.59594,3.215098,203.183752
SPHINCS+-SHA2-128f-simple_run30,active,63.242596,5.39625,0.595762,3.214879,203.224734
SPHINCS+-SHA2-128f-simple_run30,active,63.255337,5.395,0.59594,3.215098,203.265696
SPHINCS+-SHA2-128f-simple_run30,active,63.268078,5.39375,0.59594,3.214354,203.30665
SPHINCS+-SHA2-128f-simple_run30,active,63.280818,5.4,0.595225,3.214216,203.3476
SPHINCS+-SHA2-128f-simple_run30,active,63.293559,5.39625,0.596298,3.217773,203.388599
SPHINCS+-SHA2-128f-simple_run30,active,63.3063,5.3975,0.593258,3.202112,203.429395
SPHINCS+-SHA2-128f-simple_run30,active,63.319046,5.3975,0.596119,3.217553,203.470407
SPHINCS+-SHA2-128f-simple_run30,active,63.331791,5.3975,0.59594,3.216588,203.511402
SPHINCS+-SHA2-128f-simple_run30,active,63.344536,5.3975,0.597728,3.226239,203.552521
SPHINCS+-SHA2-128f-simple_run30,active,63.357277,5.39625,0.601126,3.243824,203.593849
SPHINCS+-SHA2-128f-simple_run30,active,63.370018,5.3975,0.597371,3.224309,203.63493
SPHINCS+-SHA2-128f-simple_run30,active,63.382761,5.3975,0.595583,3.214658,203.675894
SPHINCS+-SHA2-128f-simple_run30,active,63.395501,5.3975,0.597013,3.222379,203.716948
SPHINCS+-SHA2-128f-simple_run30,active,63.40824,5.395,0.591649,3.191947,203.757611
SPHINCS+-SHA2-128f-simple_run30,active,63.420982,5.39625,0.596119,3.216808,203.7986
SPHINCS+-SHA2-128f-simple_run30,active,63.433728,5.3975,0.595583,3.214658,203.839573
SPHINCS+-SHA2-128f-simple_run30,active,63.446475,5.3975,0.595046,3.211763,203.880514
SPHINCS+-SHA2-128f-simple_run30,active,63.459215,5.3975,0.59594,3.216588,203.921493
SPHINCS+-SHA2-128f-simple_run30,active,63.471952,5.39625,0.596119,3.216808,203.962466
SPHINCS+-SHA2-128f-simple_run30,active,63.484696,5.395,0.595762,3.214134,204.003427
SPHINCS+-SHA2-128f-simple_run30,active,63.497439,5.39875,0.591649,3.194166,204.04413
SPHINCS+-SHA2-128f-simple_run30,active,63.510184,5.39625,0.593437,3.202335,204.084944
SPHINCS+-SHA2-128f-simple_run30,active,63.52293,5.39625,0.593437,3.202335,204.125759
SPHINCS+-SHA2-128f-simple_run30,active,63.535675,5.3875,0.597013,3.216409,204.166752
SPHINCS+-SHA2-128f-simple_run30,active,63.54842,5.3975,0.596119,3.217553,204.20776
SPHINCS+-SHA2-128f-simple_run30,active,63.561164,5.39875,0.596119,3.218299,204.248777
SPHINCS+-SHA2-128f-simple_run30,active,63.573906,5.39625,0.593616,3.2033,204.289592
SPHINCS+-SHA2-128f-simple_run30,active,63.586644,5.3925,0.592901,3.197218,204.330319
SPHINCS+-SHA2-128f-simple_run30,active,63.599382,5.395,0.593616,3.202558,204.371113
SPHINCS+-SHA2-128f-simple_run30,active,63.612126,5.39875,0.595583,3.215403,204.41209
SPHINCS+-SHA2-128f-simple_run30,active,63.624868,5.39625,0.596834,3.220668,204.453128
SPHINCS+-SHA2-128f-simple_run30,active,63.637606,5.395,0.596477,3.217992,204.494119
SPHINCS+-SHA2-128f-simple_run30,active,63.650348,5.39875,0.596119,3.218299,204.535127
SPHINCS+-SHA2-128f-simple_run30,active,63.663091,5.3975,0.594152,3.206938,204.575992
SPHINCS+-SHA2-128f-simple_run30,active,63.675836,5.39625,0.593616,3.2033,204.616816
SPHINCS+-SHA2-128f-simple_run30,active,63.688577,5.3975,0.593437,3.203077,204.657628
SPHINCS+-SHA2-128f-simple_run30,active,63.701319,5.39625,0.596119,3.216808,204.698616
SPHINCS+-SHA2-128f-simple_run30,active,63.714059,5.39625,0.59594,3.215843,204.739587
SPHINCS+-SHA2-128f-simple_run30,active,63.7268,5.3975,0.595583,3.214658,204.780544
SPHINCS+-SHA2-128f-simple_run30,active,63.739546,5.39625,0.595225,3.211984,204.821485
SPHINCS+-SHA2-128f-simple_run30,active,63.752293,5.395,0.595583,3.213169,204.862442
SPHINCS+-SHA2-128f-simple_run30,active,63.765068,5.3925,0.596656,3.217465,204.903546
SPHINCS+-SHA2-128f-simple_run30,active,63.777814,5.395,0.594331,3.206417,204.944413
SPHINCS+-SHA2-128f-simple_run30,active,63.790557,5.3975,0.595762,3.215623,204.985393
SPHINCS+-SHA2-128f-simple_run30,active,63.803299,5.39875,0.598265,3.229882,205.026547
SPHINCS+-SHA2-128f-simple_run30,active,63.816039,5.3975,0.594152,3.206938,205.067402
SPHINCS+-SHA2-128f-simple_run30,active,63.828779,5.395,0.596119,3.216063,205.108376
SPHINCS+-SHA2-128f-simple_run30,active,63.841526,5.3975,0.595583,3.214658,205.149354
SPHINCS+-SHA2-128f-simple_run30,active,63.85427,5.3975,0.595046,3.211763,205.190284
SPHINCS+-SHA2-128f-simple_run30,active,63.869908,5.39625,0.596834,3.220668,205.240647
SPHINCS+-SHA2-128f-simple_run30,active,63.882672,5.3975,0.595762,3.215623,205.281692
SPHINCS+-SHA2-128f-simple_run30,active,63.895416,5.39625,0.595583,3.213914,205.322649
SPHINCS+-SHA2-128f-simple_run30,active,63.908154,5.3975,0.596119,3.217553,205.363636
SPHINCS+-SHA2-128f-simple_run30,active,63.920896,5.39625,0.598801,3.231281,205.404808
SPHINCS+-SHA2-128f-simple_run30,active,63.933638,5.39625,0.596119,3.216808,205.445796
SPHINCS+-SHA2-128f-simple_run30,active,63.946386,5.39375,0.595762,3.213389,205.48676
SPHINCS+-SHA2-128f-simple_run30,active,63.959136,5.39625,0.59594,3.215843,205.527765
SPHINCS+-SHA2-128f-simple_run30,active,63.971876,5.395,0.595583,3.213169,205.568698
SPHINCS+-SHA2-128f-simple_run30,active,63.984617,5.39625,0.596119,3.216808,205.609684
SPHINCS+-SHA2-128f-simple_run30,active,63.997356,5.39,0.596119,3.213082,205.650616
SPHINCS+-SHA2-128f-simple_run30,active,64.010097,5.39875,0.595762,3.216368,205.691595
SPHINCS+-SHA2-128f-simple_run30,active,64.022839,5.39875,0.59898,3.233743,205.7328
SPHINCS+-SHA2-128f-simple_run30,active,64.035579,5.39875,0.595046,3.212507,205.773726
SPHINCS+-SHA2-128f-simple_run30,active,64.048322,5.395,0.597192,3.221851,205.814785
SPHINCS+-SHA2-128f-simple_run30,active,64.06108,5.39625,0.593437,3.202335,205.85564
SPHINCS+-SHA2-128f-simple_run30,active,64.073824,5.39625,0.594152,3.206195,205.896499
SPHINCS+-SHA2-128f-simple_run30,active,64.086569,5.3975,0.587358,3.170265,205.936904
SPHINCS+-SHA2-128f-simple_run30,active,64.099309,5.39625,0.596656,3.219703,205.977923
SPHINCS+-SHA2-128f-simple_run30,active,64.112045,5.395,0.595583,3.213169,206.018846
SPHINCS+-SHA2-128f-simple_run30,active,64.124801,5.39625,0.602914,3.253473,206.060345
SPHINCS+-SHA2-128f-simple_run30,active,64.137541,5.39625,0.593795,3.204265,206.10117
SPHINCS+-SHA2-128f-simple_run30,active,64.150289,5.3975,0.59594,3.216588,206.142174
SPHINCS+-SHA2-128f-simple_run30,active,64.163038,5.3975,0.59594,3.216588,206.183183
SPHINCS+-SHA2-128f-simple_run30,active,64.175778,5.39625,0.598265,3.228386,206.224312
SPHINCS+-SHA2-128f-simple_run30,active,64.18852,5.3975,0.597192,3.223344,206.265383
SPHINCS+-SHA2-128f-simple_run30,active,64.201261,5.39625,0.595583,3.213914,206.306332
SPHINCS+-SHA2-128f-simple_run30,active,64.214002,5.39625,0.59594,3.215843,206.347306
SPHINCS+-SHA2-128f-simple_run30,active,64.226746,5.39625,0.592364,3.196546,206.388044
SPHINCS+-SHA2-128f-simple_run30,active,64.239491,5.3975,0.596119,3.217553,206.429051
SPHINCS+-SHA2-128f-simple_run30,active,64.252237,5.3975,0.59594,3.216588,206.470049
SPHINCS+-SHA2-128f-simple_run30,active,64.264983,5.395,0.595404,3.212205,206.51099
SPHINCS+-SHA2-128f-simple_run30,active,64.277724,5.3975,0.594152,3.206938,206.551852
SPHINCS+-SHA2-128f-simple_run30,active,64.290467,5.39625,0.59594,3.215843,206.592832
SPHINCS+-SHA2-128f-simple_run30,active,64.303209,5.3975,0.595762,3.215623,206.633804
SPHINCS+-SHA2-128f-simple_run30,active,64.315949,5.3975,0.594331,3.207903,206.674673
SPHINCS+-SHA2-128f-simple_run30,active,64.328692,5.3975,0.600053,3.238785,206.715944
SPHINCS+-SHA2-128f-simple_run30,active,64.341436,5.3975,0.596119,3.217553,206.756949
SPHINCS+-SHA2-128f-simple_run30,active,64.354183,5.39875,0.596119,3.218299,206.797973
SPHINCS+-SHA2-128f-simple_run30,active,64.36693,5.39375,0.59594,3.214354,206.838946
SPHINCS+-SHA2-128f-simple_run30,active,64.37967,5.3975,0.595762,3.215623,206.879913
SPHINCS+-SHA2-128f-simple_run30,active,64.392411,5.3975,0.597013,3.222379,206.92097
SPHINCS+-SHA2-128f-simple_run30,active,64.405152,5.39625,0.596119,3.216808,206.961954
SPHINCS+-SHA2-128f-simple_run30,active,64.417893,5.39375,0.596119,3.215318,207.002922
SPHINCS+-SHA2-128f-simple_run30,active,64.430637,5.395,0.599159,3.232462,207.044115
SPHINCS+-SHA2-128f-simple_run30,active,64.443378,5.3975,0.595046,3.211763,207.085036
SPHINCS+-SHA2-128f-simple_run30,active,64.456122,5.395,0.59594,3.215098,207.126011
SPHINCS+-SHA2-128f-simple_run30,active,64.468868,5.39625,0.596119,3.216808,207.167011
SPHINCS+-SHA2-128f-simple_run30,active,64.481609,5.3975,0.595583,3.214658,207.207969
SPHINCS+-SHA2-128f-simple_run30,active,64.494352,5.39625,0.594152,3.206195,207.248825
SPHINCS+-SHA2-128f-simple_run30,active,64.507095,5.3925,0.593437,3.20011,207.289606
SPHINCS+-SHA2-128f-simple_run30,active,64.519836,5.39375,0.593974,3.203745,207.330424
SPHINCS+-SHA2-128f-simple_run30,active,64.532577,5.3975,0.599159,3.23396,207.371626
SPHINCS+-SHA2-128f-simple_run30,active,64.545317,5.39125,0.596834,3.217683,207.412619
SPHINCS+-SHA2-128f-simple_run30,active,64.558057,5.395,0.595583,3.213169,207.453556
SPHINCS+-SHA2-128f-simple_run30,active,64.5708,5.3975,0.59594,3.216588,207.494546
SPHINCS+-SHA2-128f-simple_run30,active,64.58354,5.3975,0.610781,3.296689,207.536547
SPHINCS+-SHA2-128f-simple_run30,active,64.596281,5.3975,0.592722,3.199217,207.577308
SPHINCS+-SHA2-128f-simple_run30,active,64.609074,5.39875,0.593795,3.20575,207.618317
SPHINCS+-SHA2-128f-simple_run30,active,64.621814,5.39625,0.59594,3.215843,207.659288
SPHINCS+-SHA2-128f-simple_run30,active,64.634555,5.395,0.608635,3.283587,207.701124
SPHINCS+-SHA2-128f-simple_run30,active,64.647296,5.3975,0.599695,3.236855,207.742366
SPHINCS+-SHA2-128f-simple_run30,active,64.660037,5.39625,0.595583,3.213914,207.783313
SPHINCS+-SHA2-128f-simple_run30,active,64.67278,5.3925,0.593437,3.20011,207.824092
SPHINCS+-SHA2-128f-simple_run30,active,64.685531,5.39,0.592722,3.194772,207.864827
SPHINCS+-SHA2-128f-simple_run30,active,64.698281,5.395,0.592901,3.1987,207.905611
SPHINCS+-SHA2-128f-simple_run30,active,64.711024,5.3975,0.595762,3.215623,207.946588
SPHINCS+-SHA2-128f-simple_run30,active,64.723764,5.3975,0.595583,3.214658,207.987545
SPHINCS+-SHA2-128f-simple_run30,active,64.736507,5.39875,0.596477,3.220229,208.02858
SPHINCS+-SHA2-128f-simple_run30,active,64.749248,5.3975,0.596119,3.217553,208.069574
SPHINCS+-SHA2-128f-simple_run30,active,64.761999,5.39625,0.595225,3.211984,208.110529
SPHINCS+-SHA2-128f-simple_run30,active,64.774747,5.37,0.599516,3.219403,208.151571
SPHINCS+-SHA2-128f-simple_run30,active,64.787491,5.3975,0.59898,3.232995,208.192773
SPHINCS+-SHA2-128f-simple_run30,active,64.80023,5.39625,0.595762,3.214879,208.233728
SPHINCS+-SHA2-128f-simple_run30,active,64.812971,5.39625,0.596119,3.216808,208.274711
SPHINCS+-SHA2-128f-simple_run30,active,64.82571,5.3975,0.597192,3.223344,208.315775
SPHINCS+-SHA2-128f-simple_run30,active,64.838453,5.3975,0.601126,3.244575,208.357119
SPHINCS+-SHA2-128f-simple_run30,active,64.851198,5.39625,0.59594,3.215843,208.398104
SPHINCS+-SHA2-128f-simple_run30,active,64.863944,5.3975,0.59594,3.216588,208.439103
SPHINCS+-SHA2-128f-simple_run30,active,64.876687,5.3975,0.593616,3.204042,208.479934
SPHINCS+-SHA2-128f-simple_run30,active,64.889427,5.39625,0.59594,3.215843,208.520903
SPHINCS+-SHA2-128f-simple_run30,active,64.902168,5.3975,0.59594,3.216588,208.561886
SPHINCS+-SHA2-128f-simple_run30,active,64.914913,5.3975,0.595762,3.215623,208.602868
SPHINCS+-SHA2-128f-simple_run30,active,64.927653,5.3975,0.597192,3.223344,208.643935
SPHINCS+-SHA2-128f-simple_run30,active,64.940399,5.3975,0.601126,3.244575,208.685291
SPHINCS+-SHA2-128f-simple_run30,active,64.953143,5.39875,0.597371,3.225056,208.72639
SPHINCS+-SHA2-128f-simple_run30,active,64.965892,5.39625,0.596834,3.220668,208.76745
SPHINCS+-SHA2-128f-simple_run30,active,64.97864,5.39625,0.59594,3.215843,208.808445
SPHINCS+-SHA2-128f-simple_run30,active,64.991382,5.4,0.595225,3.214216,208.849402
SPHINCS+-SHA2-128f-simple_run30,active,65.004121,5.3975,0.602377,3.251331,208.890821
SPHINCS+-SHA2-128f-simple_run30,active,65.016861,5.395,0.59594,3.215098,208.93178
SPHINCS+-SHA2-128f-simple_run30,active,65.029603,5.39875,0.595762,3.216368,208.972763
SPHINCS+-SHA2-128f-simple_run30,active,65.042345,5.395,0.595404,3.212205,209.013693
SPHINCS+-SHA2-128f-simple_run30,active,65.05509,5.395,0.596119,3.216063,209.054682
SPHINCS+-SHA2-128f-simple_run30,active,65.067837,5.39375,0.595225,3.210496,209.095605
SPHINCS+-SHA2-128f-simple_run30,active,65.080583,5.3975,0.595404,3.213693,209.136569
SPHINCS+-SHA2-128f-simple_run30,active,65.093324,5.3975,0.59594,3.216588,209.177551
SPHINCS+-SHA2-128f-simple_run30,active,65.106064,5.39875,0.596298,3.219264,209.218565
SPHINCS+-SHA2-128f-simple_run30,active,65.118817,5.39625,0.595762,3.214879,209.259564
SPHINCS+-SHA2-128f-simple_run30,active,65.131574,5.39625,0.595762,3.214879,209.300576
SPHINCS+-SHA2-128f-simple_run30,active,65.147298,5.39875,0.59594,3.217333,209.351166
SPHINCS+-SHA2-128f-simple_run30,active,65.160067,5.395,0.596477,3.217992,209.392254
SPHINCS+-SHA2-128f-simple_run30,active,65.172814,5.39375,0.595762,3.213389,209.433217
SPHINCS+-SHA2-128f-simple_run30,active,65.18556,5.39625,0.59594,3.215843,209.474204
SPHINCS+-SHA2-128f-simple_run30,active,65.198303,5.3925,0.59594,3.213609,209.515156
SPHINCS+-SHA2-128f-simple_run30,active,65.211049,5.39875,0.594868,3.211541,209.556091
SPHINCS+-SHA2-128f-simple_run30,active,65.223791,5.39875,0.598801,3.232778,209.597281
SPHINCS+-SHA2-128f-simple_run30,active,65.236531,5.40125,0.595225,3.21496,209.638241
SPHINCS+-SHA2-128f-simple_run30,active,65.249281,5.39625,0.595762,3.214879,209.679231
SPHINCS+-SHA2-128f-simple_run30,active,65.262039,5.3975,0.596119,3.217553,209.720281
SPHINCS+-SHA2-128f-simple_run30,active,65.274793,5.39625,0.595404,3.212949,209.761258
SPHINCS+-SHA2-128f-simple_run30,active,65.287537,5.395,0.595583,3.213169,209.802207
SPHINCS+-SHA2-128f-simple_run30,active,65.300276,5.3975,0.595583,3.214658,209.843158
SPHINCS+-SHA2-128f-simple_run30,active,65.313057,5.3975,0.595225,3.212728,209.884219
SPHINCS+-SHA2-128f-simple_run30,active,65.325796,5.39625,0.595046,3.211019,209.925125
SPHINCS+-SHA2-128f-simple_run30,active,65.338539,5.395,0.596477,3.217992,209.966131
SPHINCS+-SHA2-128f-simple_run30,active,65.351278,5.3975,0.59594,3.216588,210.007109
SPHINCS+-SHA2-128f-simple_run30,active,65.364021,5.39625,0.598086,3.227422,210.048234
SPHINCS+-SHA2-128f-simple_run30,active,65.376765,5.40125,0.594689,3.212063,210.089172
SPHINCS+-SHA2-128f-simple_run30,active,65.389511,5.3975,0.596477,3.219484,210.130206
SPHINCS+-SHA2-128f-simple_run30,active,65.402252,5.3975,0.596119,3.217553,210.171201
SPHINCS+-SHA2-128f-simple_run30,active,65.414993,5.395,0.59594,3.215098,210.212166
SPHINCS+-SHA2-128f-simple_run30,active,65.427761,5.3975,0.596656,3.220449,210.253284
SPHINCS+-SHA2-128f-simple_run30,active,65.440501,5.39625,0.59594,3.215843,210.294253
SPHINCS+-SHA2-128f-simple_run30,active,65.45324,5.39625,0.595762,3.214879,210.335207
SPHINCS+-SHA2-128f-simple_run30,active,65.46598,5.3975,0.594331,3.207903,210.376074
SPHINCS+-SHA2-128f-simple_run30,active,65.47873,5.39625,0.59594,3.215843,210.417077
SPHINCS+-SHA2-128f-simple_run30,active,65.491476,5.3975,0.595762,3.215623,210.458063
SPHINCS+-SHA2-128f-simple_run30,active,65.504215,5.37875,0.595225,3.201568,210.498849
SPHINCS+-SHA2-128f-simple_run30,active,65.516955,5.3975,0.600053,3.238785,210.54011
SPHINCS+-SHA2-128f-simple_run30,active,65.529698,5.3975,0.593795,3.205007,210.580951
SPHINCS+-SHA2-128f-simple_run30,active,65.542439,5.39625,0.594152,3.206195,210.621804
SPHINCS+-SHA2-128f-simple_run30,active,65.555181,5.39625,0.594152,3.206195,210.662655
SPHINCS+-SHA2-128f-simple_run30,active,65.567921,5.3975,0.596298,3.218518,210.70366
SPHINCS+-SHA2-128f-simple_run30,active,65.580661,5.39625,0.596477,3.218738,210.744668
SPHINCS+-SHA2-128f-simple_run30,active,65.593401,5.39625,0.595583,3.213914,210.78561
SPHINCS+-SHA2-128f-simple_run30,active,65.606143,5.395,0.592901,3.1987,210.82637
SPHINCS+-SHA2-128f-simple_run30,active,65.618883,5.39875,0.593437,3.203819,210.867188
SPHINCS+-SHA2-128f-simple_run30,active,65.631621,5.3975,0.594152,3.206938,210.908036
SPHINCS+-SHA2-128f-simple_run30,active,65.644361,5.3975,0.597192,3.223344,210.949101
SPHINCS+-SHA2-128f-simple_run30,active,65.657102,5.3975,0.600947,3.24361,210.990429
SPHINCS+-SHA2-128f-simple_run30,active,65.669841,5.395,0.59594,3.215098,211.031384
SPHINCS+-SHA2-128f-simple_run30,active,65.682591,5.395,0.597192,3.221851,211.072463
SPHINCS+-SHA2-128f-simple_run30,active,65.695336,5.395,0.592364,3.195806,211.113193
SPHINCS+-SHA2-128f-simple_run30,active,65.708072,5.395,0.600232,3.238249,211.154438
SPHINCS+-SHA2-128f-simple_run30,active,65.720812,5.39625,0.593616,3.2033,211.195246
SPHINCS+-SHA2-128f-simple_run30,active,65.73355,5.39875,0.59594,3.217333,211.23623
SPHINCS+-SHA2-128f-simple_run30,active,65.746291,5.39375,0.595404,3.21146,211.277147
SPHINCS+-SHA2-128f-simple_run30,active,65.759032,5.3975,0.600589,3.24168,211.318449
SPHINCS+-SHA2-128f-simple_run30,active,65.771768,5.3975,0.595583,3.214658,211.359392
SPHINCS+-SHA2-128f-simple_run30,active,65.784515,5.3975,0.597907,3.227204,211.400527
SPHINCS+-SHA2-128f-simple_run30,active,65.797257,5.39875,0.59594,3.217333,211.441524
SPHINCS+-SHA2-128f-simple_run30,active,65.809996,5.3975,0.59594,3.216588,211.4825
SPHINCS+-SHA2-128f-simple_run30,active,65.822739,5.39625,0.597371,3.223562,211.523576
SPHINCS+-SHA2-128f-simple_run30,active,65.835478,5.40125,0.59594,3.218823,211.56458
SPHINCS+-SHA2-128f-simple_run30,active,65.848217,5.39625,0.595404,3.212949,211.605511
SPHINCS+-SHA2-128f-simple_run30,active,65.860956,5.3975,0.598444,3.230099,211.646661
SPHINCS+-SHA2-128f-simple_run30,active,65.873695,5.39625,0.595583,3.213914,211.6876
SPHINCS+-SHA2-128f-simple_run30,active,65.886442,5.39875,0.596298,3.219264,211.728638
SPHINCS+-SHA2-128f-simple_run30,active,65.899188,5.39625,0.595762,3.214879,211.769615
SPHINCS+-SHA2-128f-simple_run30,active,65.911925,5.395,0.595583,3.213169,211.810541
SPHINCS+-SHA2-128f-simple_run30,active,65.924665,5.39125,0.59755,3.221539,211.851582
SPHINCS+-SHA2-128f-simple_run30,active,65.937403,5.39625,0.595583,3.213914,211.892521
SPHINCS+-SHA2-128f-simple_run30,active,65.95014,5.39875,0.596656,3.221194,211.93355
SPHINCS+-SHA2-128f-simple_run30,active,65.962881,5.39625,0.596477,3.218738,211.974559
SPHINCS+-SHA2-128f-simple_run30,active,65.975618,5.3975,0.598086,3.228169,212.015677
SPHINCS+-SHA2-128f-simple_run30,active,65.988363,5.39625,0.595583,3.213914,212.05664
SPHINCS+-SHA2-128f-simple_run30,active,66.001106,5.39625,0.595225,3.211984,212.097571
SPHINCS+-SHA2-128f-simple_run30,active,66.013844,5.395,0.59594,3.215098,212.138524
SPHINCS+-SHA2-128f-simple_run30,active,66.026584,5.395,0.599516,3.234391,212.179728
SPHINCS+-SHA2-128f-simple_run30,active,66.039323,5.3975,0.595583,3.214658,212.220681
SPHINCS+-SHA2-128f-simple_run30,active,66.052059,5.3975,0.59594,3.216588,212.261647
SPHINCS+-SHA2-128f-simple_run30,active,66.064796,5.39625,0.599338,3.234176,212.30284
SPHINCS+-SHA2-128f-simple_run30,active,66.077533,5.3975,0.596834,3.221414,212.343873
SPHINCS+-SHA2-128f-simple_run30,active,66.090277,5.39625,0.59594,3.215843,212.384856
SPHINCS+-SHA2-128f-simple_run30,active,66.103022,5.39625,0.59594,3.215843,212.425841
SPHINCS+-SHA2-128f-simple_run30,active,66.115766,5.3975,0.593258,3.202112,212.466648
SPHINCS+-SHA2-128f-simple_run30,active,66.128519,5.39625,0.596477,3.218738,212.507696
SPHINCS+-SHA2-128f-simple_run30,active,66.14126,5.39875,0.596119,3.218299,212.548701
SPHINCS+-SHA2-128f-simple_run30,active,66.154001,5.39875,0.597013,3.223125,212.589767
SPHINCS+-SHA2-128f-simple_run30,active,66.166744,5.39625,0.597907,3.226457,212.630881
SPHINCS+-SHA2-128f-simple_run30,active,66.179483,5.395,0.59594,3.215098,212.671838
SPHINCS+-SHA2-128f-simple_run30,active,66.192231,5.3975,0.595046,3.211763,212.712782
SPHINCS+-SHA2-128f-simple_run30,active,66.204975,5.39125,0.59147,3.188765,212.753421
SPHINCS+-SHA2-128f-simple_run30,active,66.217715,5.3975,0.597371,3.224309,212.794497
SPHINCS+-SHA2-128f-simple_run30,active,66.230461,5.39875,0.595583,3.215403,212.83548
SPHINCS+-SHA2-128f-simple_run30,active,66.243199,5.3975,0.596298,3.218518,212.876479
SPHINCS+-SHA2-128f-simple_run30,active,66.255938,5.39625,0.595046,3.211019,212.917383
SPHINCS+-SHA2-128f-simple_run30,active,66.26868,5.3975,0.599695,3.236855,212.958629
SPHINCS+-SHA2-128f-simple_run30,active,66.281421,5.3975,0.59594,3.216588,212.999611
SPHINCS+-SHA2-128f-simple_run30,active,66.294168,5.3975,0.596119,3.217553,213.040625
SPHINCS+-SHA2-128f-simple_run30,active,66.306915,5.39375,0.595762,3.213389,213.081587
SPHINCS+-SHA2-128f-simple_run30,active,66.319656,5.3975,0.59594,3.216588,213.122568
SPHINCS+-SHA2-128f-simple_run30,active,66.332398,5.3975,0.596119,3.217553,213.163565
SPHINCS+-SHA2-128f-simple_run30,active,66.34514,5.39375,0.598265,3.226891,213.204683
SPHINCS+-SHA2-128f-simple_run30,active,66.35788,5.3975,0.595583,3.214658,213.24564
SPHINCS+-SHA2-128f-simple_run30,active,66.370622,5.39625,0.597728,3.225492,213.286737
SPHINCS+-SHA2-128f-simple_run30,active,66.383366,5.39625,0.597728,3.225492,213.327844
SPHINCS+-SHA2-128f-simple_run30,active,66.396112,5.39875,0.595583,3.215403,213.368825
SPHINCS+-SHA2-128f-simple_run30,active,66.408857,5.38125,0.600053,3.229034,213.409979
SPHINCS+-SHA2-128f-simple_run30,active,66.42454,5.39375,0.591113,3.188315,213.459982
SPHINCS+-SHA2-128f-simple_run30,active,66.437303,5.3975,0.59594,3.216588,213.501036
SPHINCS+-SHA2-128f-simple_run30,active,66.450047,5.39625,0.596834,3.220668,213.54208
SPHINCS+-SHA2-128f-simple_run30,active,66.462792,5.3875,0.596119,3.211592,213.583011
SPHINCS+-SHA2-128f-simple_run30,active,66.47553,5.4025,0.592901,3.203147,213.623815
SPHINCS+-SHA2-128f-simple_run30,active,66.488272,5.3975,0.59594,3.216588,213.664801
SPHINCS+-SHA2-128f-simple_run30,active,66.501047,5.3975,0.595583,3.214658,213.705865
SPHINCS+-SHA2-128f-simple_run30,active,66.513792,5.39625,0.597371,3.223562,213.746952
SPHINCS+-SHA2-128f-simple_run30,active,66.526537,5.395,0.595046,3.210275,213.787865
SPHINCS+-SHA2-128f-simple_run30,active,66.539282,5.3975,0.593437,3.203077,213.828688
SPHINCS+-SHA2-128f-simple_run30,active,66.552021,5.395,0.593974,3.204488,213.869513
SPHINCS+-SHA2-128f-simple_run30,active,66.564761,5.39375,0.599516,3.233642,213.910707
SPHINCS+-SHA2-128f-simple_run30,active,66.577501,5.39625,0.595762,3.214879,213.951665
SPHINCS+-SHA2-128f-simple_run30,active,66.590238,5.39625,0.595583,3.213914,213.992601
SPHINCS+-SHA2-128f-simple_run30,active,66.60299,5.3975,0.60649,3.273528,214.034347
SPHINCS+-SHA2-128f-simple_run30,active,66.615775,5.3975,0.59004,3.184741,214.075062
SPHINCS+-SHA2-128f-simple_run30,active,66.628518,5.39625,0.594331,3.20716,214.11593
SPHINCS+-SHA2-128f-simple_run30,active,66.641261,5.39375,0.593616,3.201816,214.156732
SPHINCS+-SHA2-128f-simple_run30,active,66.654001,5.39625,0.603629,3.257332,214.198229
SPHINCS+-SHA2-128f-simple_run30,active,66.66674,5.40125,0.596298,3.220755,214.239258
SPHINCS+-SHA2-128f-simple_run30,active,66.679478,5.39875,0.597192,3.22409,214.280327
SPHINCS+-SHA2-128f-simple_run30,active,66.692221,5.4,0.595046,3.213251,214.321273
SPHINCS+-SHA2-128f-simple_run30,active,66.704962,5.39875,0.597371,3.225056,214.362365
SPHINCS+-SHA2-128f-simple_run30,active,66.717701,5.3975,0.594868,3.210798,214.403266
SPHINCS+-SHA2-128f-simple_run30,active,66.730442,5.39625,0.593437,3.202335,214.444069
SPHINCS+-SHA2-128f-simple_run30,active,66.743188,5.3975,0.596298,3.218518,214.485091
SPHINCS+-SHA2-128f-simple_run30,active,66.755927,5.39625,0.598622,3.230316,214.526243
SPHINCS+-SHA2-128f-simple_run30,active,66.768668,5.3975,0.596298,3.218518,214.567248
SPHINCS+-SHA2-128f-simple_run30,active,66.781407,5.3975,0.596298,3.218518,214.608249
SPHINCS+-SHA2-128f-simple_run30,active,66.794146,5.3975,0.59594,3.216588,214.649228
SPHINCS+-SHA2-128f-simple_run30,active,66.806897,5.3975,0.595583,3.214658,214.690216
SPHINCS+-SHA2-128f-simple_run30,active,66.819641,5.39,0.59594,3.212119,214.731152
SPHINCS+-SHA2-128f-simple_run30,active,66.832382,5.39875,0.595225,3.213472,214.772094
SPHINCS+-SHA2-128f-simple_run30,active,66.845123,5.39875,0.593258,3.202854,214.812903
SPHINCS+-SHA2-128f-simple_run30,active,66.857863,5.39625,0.59594,3.215843,214.853872
SPHINCS+-SHA2-128f-simple_run30,active,66.870606,5.3975,0.59594,3.216588,214.89486
SPHINCS+-SHA2-128f-simple_run30,active,66.883344,5.395,0.595762,3.214134,214.935802
SPHINCS+-SHA2-128f-simple_run30,active,66.896082,5.3975,0.593437,3.203077,214.976604
SPHINCS+-SHA2-128f-simple_run30,active,66.908829,5.39375,0.596477,3.217247,215.017614
SPHINCS+-SHA2-128f-simple_run30,active,66.921574,5.39,0.59594,3.212119,215.058551
SPHINCS+-SHA2-128f-simple_run30,active,66.934315,5.39875,0.592543,3.198993,215.09931
SPHINCS+-SHA2-128f-simple_run30,active,66.947057,5.39625,0.596834,3.220668,215.14035
SPHINCS+-SHA2-128f-simple_run30,active,66.959801,5.3975,0.595762,3.215623,215.181328
SPHINCS+-SHA2-128f-simple_run30,active,66.972542,5.39875,0.599159,3.234709,215.22254
SPHINCS+-SHA2-128f-simple_run30,active,66.985283,5.39875,0.596656,3.221194,215.263583
SPHINCS+-SHA2-128f-simple_run30,active,66.998025,5.3975,0.596119,3.217553,215.304581
SPHINCS+-SHA2-128f-simple_run30,active,67.010774,5.3975,0.595583,3.214658,215.345566
SPHINCS+-SHA2-128f-simple_run30,active,67.02352,5.39125,0.597371,3.220575,215.386615
SPHINCS+-SHA2-128f-simple_run30,active,67.036262,5.3975,0.60041,3.240715,215.427907
SPHINCS+-SHA2-128f-simple_run30,active,67.049006,5.3975,0.596477,3.219484,215.468935
SPHINCS+-SHA2-128f-simple_run30,active,67.061748,5.3975,0.596477,3.219484,215.509957
SPHINCS+-SHA2-128f-simple_run30,active,67.074497,5.39625,0.593974,3.20523,215.550822
SPHINCS+-SHA2-128f-simple_run30,active,67.087237,5.3975,0.59594,3.216588,215.591803
SPHINCS+-SHA2-128f-simple_run30,active,67.099978,5.39875,0.59594,3.217333,215.632794
SPHINCS+-SHA2-128f-simple_run30,active,67.11273,5.395,0.599516,3.234391,215.674039
SPHINCS+-SHA2-128f-simple_run30,active,67.125488,5.385,0.59898,3.225507,215.715188
SPHINCS+-SHA2-128f-simple_run30,active,67.13823,5.39625,0.59594,3.215843,215.756166
SPHINCS+-SHA2-128f-simple_run30,active,67.150975,5.39625,0.59594,3.215843,215.797152
SPHINCS+-SHA2-128f-simple_run30,active,67.163754,5.395,0.597907,3.225709,215.838373
SPHINCS+-SHA2-128f-simple_run30,active,67.176504,5.395,0.595583,3.213169,215.87934
SPHINCS+-SHA2-128f-simple_run30,active,67.189275,5.3775,0.595404,3.201785,215.920232
SPHINCS+-SHA2-128f-simple_run30,active,67.202018,5.395,0.595583,3.213169,215.961175
SPHINCS+-SHA2-128f-simple_run30,active,67.21477,5.395,0.596477,3.217992,216.002213
SPHINCS+-SHA2-128f-simple_run30,active,67.227522,5.38125,0.595762,3.205942,216.043095
SPHINCS+-SHA2-128f-simple_run30,active,67.240266,5.39375,0.596834,3.219176,216.08412
SPHINCS+-SHA2-128f-simple_run30,active,67.253043,5.395,0.596298,3.217028,216.125223
SPHINCS+-SHA2-128f-simple_run30,active,67.265786,5.39875,0.596477,3.220229,216.16626
SPHINCS+-SHA2-128f-simple_run30,active,67.278531,5.39625,0.59594,3.215843,216.207245
SPHINCS+-SHA2-128f-simple_run30,active,67.291273,5.39625,0.595762,3.214879,216.24821
SPHINCS+-SHA2-128f-simple_run30,active,67.304013,5.39625,0.59594,3.215843,216.289178
SPHINCS+-SHA2-128f-simple_run30,active,67.31676,5.395,0.596477,3.217992,216.3302
SPHINCS+-SHA2-128f-simple_run30,active,67.329506,5.3925,0.59594,3.213609,216.371158
SPHINCS+-SHA2-128f-simple_run30,active,67.342246,5.39625,0.595762,3.214879,216.412118
SPHINCS+-SHA2-128f-simple_run30,active,67.354991,5.39625,0.59594,3.215843,216.453104
SPHINCS+-SHA2-128f-simple_run30,active,67.367775,5.39625,0.595225,3.211984,216.494165
SPHINCS+-SHA2-128f-simple_run30,active,67.380518,5.3975,0.595583,3.214658,216.535129
SPHINCS+-SHA2-128f-simple_run30,active,67.393257,5.395,0.596477,3.217992,216.576124
SPHINCS+-SHA2-128f-simple_run30,active,67.406002,5.4,0.598086,3.229664,216.617285
SPHINCS+-SHA2-128f-simple_run30,active,67.418753,5.39875,0.596119,3.218299,216.658322
SPHINCS+-SHA2-128f-simple_run30,active,67.431499,5.39125,0.596119,3.213828,216.699286
SPHINCS+-SHA2-128f-simple_run30,active,67.444241,5.3975,0.597728,3.226239,216.740394
SPHINCS+-SHA2-128f-simple_run30,active,67.456982,5.39875,0.59594,3.217333,216.781385
SPHINCS+-SHA2-128f-simple_run30,active,67.469723,5.39625,0.595762,3.214879,216.822346
SPHINCS+-SHA2-128f-simple_run30,active,67.482467,5.39625,0.594689,3.209089,216.863242
SPHINCS+-SHA2-128f-simple_run30,active,67.495208,5.39875,0.599516,3.236639,216.904482
SPHINCS+-SHA2-128f-simple_run30,active,67.507947,5.3975,0.596834,3.221414,216.945519
SPHINCS+-SHA2-128f-simple_run30,active,67.520694,5.39625,0.59594,3.215843,216.986511
SPHINCS+-SHA2-128f-simple_run30,active,67.533443,5.39,0.600947,3.239103,217.027807
SPHINCS+-SHA2-128f-simple_run30,active,67.546185,5.39875,0.593616,3.204784,217.068643
SPHINCS+-SHA2-128f-simple_run30,active,67.558927,5.39625,0.593795,3.204265,217.109471
SPHINCS+-SHA2-128f-simple_run30,active,67.571669,5.395,0.594152,3.205452,217.150315
SPHINCS+-SHA2-128f-simple_run30,active,67.584412,5.39625,0.607562,3.278559,217.192092
SPHINCS+-SHA2-128f-simple_run30,active,67.597152,5.39875,0.595762,3.216368,217.233071
SPHINCS+-SHA2-128f-simple_run30,active,67.609895,5.39625,0.596656,3.219703,217.274098
SPHINCS+-SHA2-128f-simple_run30,active,67.622643,5.3975,0.595046,3.211763,217.315041
SPHINCS+-SHA2-128f-simple_run30,active,67.635391,5.39375,0.59147,3.190243,217.35571
SPHINCS+-SHA2-128f-simple_run30,active,67.648129,5.39625,0.595225,3.211984,217.396627
SPHINCS+-SHA2-128f-simple_run30,active,67.66087,5.3975,0.59594,3.216588,217.437609
SPHINCS+-SHA2-128f-simple_run30,active,67.67361,5.39625,0.596119,3.216808,217.47859
SPHINCS+-SHA2-128f-simple_run30,active,67.68635,5.39125,0.59594,3.212864,217.519522
SPHINCS+-SHA2-128f-simple_run30,active,67.701987,5.3975,0.593437,3.203077,217.569609
SPHINCS+-SHA2-128f-simple_run30,active,67.714749,5.39625,0.596477,3.218738,217.610687
SPHINCS+-SHA2-128f-simple_run30,active,67.727491,5.3975,0.594152,3.206938,217.65155
SPHINCS+-SHA2-128f-simple_run30,active,67.740232,5.39125,0.595762,3.2119,217.692471
SPHINCS+-SHA2-128f-simple_run30,active,67.752975,5.3975,0.596656,3.220449,217.73351
SPHINCS+-SHA2-128f-simple_run30,active,67.765717,5.39625,0.590219,3.184968,217.774094
SPHINCS+-SHA2-128f-simple_run30,active,67.778461,5.395,0.595583,3.213169,217.81504
SPHINCS+-SHA2-128f-simple_run30,active,67.791197,5.3975,0.59594,3.216588,217.856009
SPHINCS+-SHA2-128f-simple_run30,active,67.803938,5.39875,0.59594,3.217333,217.897
SPHINCS+-SHA2-128f-simple_run30,active,67.816682,5.39625,0.596119,3.216808,217.937996
SPHINCS+-SHA2-128f-simple_run30,active,67.829432,5.39625,0.594152,3.206195,217.978874
SPHINCS+-SHA2-128f-simple_run30,active,67.842178,5.39,0.593795,3.200554,218.019668
SPHINCS+-SHA2-128f-simple_run30,active,67.854921,5.39625,0.601841,3.247683,218.061053
SPHINCS+-SHA2-128f-simple_run30,active,67.867661,5.3975,0.595762,3.215623,218.10202
SPHINCS+-SHA2-128f-simple_run30,active,67.880399,5.3975,0.595583,3.214658,218.142969
SPHINCS+-SHA2-128f-simple_run30,active,67.893139,5.39625,0.595762,3.214879,218.183926
SPHINCS+-SHA2-128f-simple_run30,active,67.905876,5.3975,0.596119,3.217553,218.224907
SPHINCS+-SHA2-128f-simple_run30,active,67.918618,5.3975,0.59594,3.216588,218.265893
SPHINCS+-SHA2-128f-simple_run30,active,67.931364,5.3975,0.595762,3.215623,218.30688
SPHINCS+-SHA2-128f-simple_run30,active,67.944108,5.39,0.597907,3.22272,218.347951
SPHINCS+-SHA2-128f-simple_run30,active,67.956848,5.3975,0.595225,3.212728,218.388881
SPHINCS+-SHA2-128f-simple_run30,active,67.969588,5.3975,0.595583,3.214658,218.429835
SPHINCS+-SHA2-128f-simple_run30,active,67.982329,5.39625,0.596834,3.220668,218.470868
SPHINCS+-SHA2-128f-simple_run30,active,67.995072,5.39875,0.599874,3.23857,218.512139
SPHINCS+-SHA2-128f-simple_run30,active,68.007811,5.39625,0.596477,3.218738,218.553143
SPHINCS+-SHA2-128f-simple_run30,active,68.020553,5.39625,0.596477,3.218738,218.594154
SPHINCS+-SHA2-128f-simple_run30,active,68.033299,5.39875,0.595583,3.215403,218.63514
SPHINCS+-SHA2-128f-simple_run30,active,68.046044,5.3875,0.595583,3.208702,218.676034
SPHINCS+-SHA2-128f-simple_run30,active,68.058788,5.3975,0.59594,3.216588,218.717026
SPHINCS+-SHA2-128f-simple_run30,active,68.071527,5.395,0.59594,3.215098,218.757984
SPHINCS+-SHA2-128f-simple_run30,active,68.084268,5.39875,0.59594,3.217333,218.798974
SPHINCS+-SHA2-128f-simple_run30,active,68.097061,5.39375,0.596834,3.219176,218.840159
SPHINCS+-SHA2-128f-simple_run30,active,68.109804,5.39875,0.596119,3.218299,218.88117
SPHINCS+-SHA2-128f-simple_run30,active,68.122571,5.3975,0.595583,3.214658,218.92221
SPHINCS+-SHA2-128f-simple_run30,active,68.13532,5.4,0.599695,3.238354,218.963496
SPHINCS+-SHA2-128f-simple_run30,active,68.148064,5.3925,0.596477,3.216501,219.004486
SPHINCS+-SHA2-128f-simple_run30,active,68.160805,5.4,0.596298,3.220009,219.045515
SPHINCS+-SHA2-128f-simple_run30,active,68.173546,5.39625,0.595762,3.214879,219.086476
SPHINCS+-SHA2-128f-simple_run30,active,68.186287,5.39625,0.597013,3.221632,219.127521
SPHINCS+-SHA2-128f-simple_run30,active,68.199029,5.39625,0.59594,3.215843,219.168498
SPHINCS+-SHA2-128f-simple_run30,active,68.211765,5.39625,0.596119,3.216808,219.209467
SPHINCS+-SHA2-128f-simple_run30,active,68.224509,5.3975,0.590755,3.188601,219.250101
SPHINCS+-SHA2-128f-simple_run30,active,68.237255,5.3975,0.596477,3.219484,219.291139
SPHINCS+-SHA2-128f-simple_run30,active,68.249999,5.3925,0.596834,3.21843,219.332153
SPHINCS+-SHA2-128f-simple_run30,active,68.262742,5.39625,0.597013,3.221632,219.373207
SPHINCS+-SHA2-128f-simple_run30,active,68.275483,5.3975,0.597371,3.224309,219.414288
SPHINCS+-SHA2-128f-simple_run30,active,68.288222,5.3975,0.596298,3.218518,219.455289
SPHINCS+-SHA2-128f-simple_run30,active,68.300963,5.39625,0.595583,3.213914,219.496237
SPHINCS+-SHA2-128f-simple_run30,active,68.313703,5.39625,0.597728,3.225492,219.53733
SPHINCS+-SHA2-128f-simple_run30,active,68.326447,5.3975,0.595404,3.213693,219.578285
SPHINCS+-SHA2-128f-simple_run30,active,68.339196,5.395,0.59594,3.215098,219.619274
SPHINCS+-SHA2-128f-simple_run30,active,68.351942,5.39,0.595583,3.210191,219.660192
SPHINCS+-SHA2-128f-simple_run30,active,68.364683,5.39875,0.599695,3.237604,219.701441
SPHINCS+-SHA2-128f-simple_run30,active,68.377425,5.395,0.596298,3.217028,219.742432
SPHINCS+-SHA2-128f-simple_run30,active,68.390166,5.39875,0.59594,3.217333,219.783426
SPHINCS+-SHA2-128f-simple_run30,active,68.40291,5.39625,0.595583,3.213914,219.824383
SPHINCS+-SHA2-128f-simple_run30,active,68.415652,5.3975,0.596119,3.217553,219.865382
SPHINCS+-SHA2-128f-simple_run30,active,68.428395,5.3975,0.595583,3.214658,219.906347
SPHINCS+-SHA2-128f-simple_run30,active,68.441144,5.39625,0.59594,3.215843,219.947344
SPHINCS+-SHA2-128f-simple_run30,active,68.453888,5.38875,0.596834,3.216191,219.988333
SPHINCS+-SHA2-128f-simple_run30,active,68.466635,5.39625,0.596119,3.216808,220.029337
SPHINCS+-SHA2-128f-simple_run30,active,68.479376,5.39625,0.596298,3.217773,220.070333
SPHINCS+-SHA2-128f-simple_run30,active,68.492113,5.39625,0.59594,3.215843,220.111294
SPHINCS+-SHA2-128f-simple_run30,active,68.504853,5.4075,0.597371,3.230283,220.152448
SPHINCS+-SHA2-128f-simple_run30,active,68.517594,5.3975,0.59594,3.216588,220.193431
SPHINCS+-SHA2-128f-simple_run30,active,68.530334,5.39625,0.59594,3.215843,220.234402
SPHINCS+-SHA2-128f-simple_run30,active,68.543087,5.3975,0.595046,3.211763,220.27536
SPHINCS+-SHA2-128f-simple_run30,active,68.555835,5.4,0.595404,3.215182,220.316348
SPHINCS+-SHA2-128f-simple_run30,active,68.568576,5.3975,0.593616,3.204042,220.357169
SPHINCS+-SHA2-128f-simple_run30,active,68.581316,5.3975,0.596119,3.217553,220.398161
SPHINCS+-SHA2-128f-simple_run30,active,68.594055,5.3875,0.59594,3.210629,220.439062
SPHINCS+-SHA2-128f-simple_run30,active,68.606795,5.3975,0.59594,3.216588,220.480042
SPHINCS+-SHA2-128f-simple_run30,active,68.619535,5.39625,0.59594,3.215843,220.52101
SPHINCS+-SHA2-128f-simple_run30,active,68.632273,5.39625,0.595225,3.211984,220.561924
SPHINCS+-SHA2-128f-simple_run30,active,68.645065,5.3975,0.592364,3.197287,220.602824
SPHINCS+-SHA2-128f-simple_run30,active,68.65781,5.3975,0.592543,3.198252,220.643586
SPHINCS+-SHA2-128f-simple_run30,active,68.670551,5.3975,0.595583,3.214658,220.684545
SPHINCS+-SHA2-128f-simple_run30,active,68.683294,5.39375,0.595404,3.21146,220.725469
SPHINCS+-SHA2-128f-simple_run30,active,68.696034,5.3975,0.592901,3.200182,220.76624
SPHINCS+-SHA2-128f-simple_run30,active,68.708777,5.3975,0.593974,3.205973,220.807091
SPHINCS+-SHA2-128f-simple_run30,active,68.721515,5.39875,0.593795,3.20575,220.847927
SPHINCS+-SHA2-128f-simple_run30,active,68.734255,5.39625,0.593437,3.202335,220.888724
SPHINCS+-SHA2-128f-simple_run30,active,68.747003,5.39875,0.596656,3.221194,220.92979
SPHINCS+-SHA2-128f-simple_run30,active,68.759754,5.39625,0.595583,3.213914,220.970768
SPHINCS+-SHA2-128f-simple_run30,active,68.772495,5.39625,0.59594,3.215843,221.011743
SPHINCS+-SHA2-128f-simple_run30,active,68.785233,5.39625,0.609172,3.287242,221.053616
SPHINCS+-SHA2-128f-simple_run30,active,68.797971,5.3975,0.594868,3.210798,221.094516
SPHINCS+-SHA2-128f-simple_run30,active,68.810716,5.39625,0.594152,3.206195,221.135378
SPHINCS+-SHA2-128f-simple_run30,active,68.823456,5.39625,0.595225,3.211984,221.176297
SPHINCS+-SHA2-128f-simple_run30,active,68.836197,5.3975,0.595583,3.214658,221.217256
SPHINCS+-SHA2-128f-simple_run30,active,68.848944,5.39875,0.595762,3.216368,221.258256
SPHINCS+-SHA2-128f-simple_run30,active,68.861689,5.39625,0.596119,3.216808,221.299254
SPHINCS+-SHA2-128f-simple_run30,active,68.874468,5.39625,0.593795,3.204265,221.3402
SPHINCS+-SHA2-128f-simple_run30,active,68.887226,5.395,0.595583,3.213169,221.381192
SPHINCS+-SHA2-128f-simple_run30,active,68.899966,5.39625,0.595404,3.212949,221.422126
SPHINCS+-SHA2-128f-simple_run30,active,68.912707,5.39875,0.595583,3.215403,221.463093
SPHINCS+-SHA2-128f-simple_run30,active,68.925448,5.39875,0.595583,3.215403,221.504061
SPHINCS+-SHA2-128f-simple_run30,active,68.938193,5.39625,0.595583,3.213914,221.545023
SPHINCS+-SHA2-128f-simple_run30,active,68.950944,5.39625,0.595404,3.212949,221.585991
SPHINCS+-SHA2-128f-simple_run30,active,68.963685,5.39625,0.596298,3.217773,221.626991
SPHINCS+-SHA2-128f-simple_run30,active,68.979386,5.39125,0.595583,3.210936,221.677403
SPHINCS+-SHA2-128f-simple_run30,active,68.992168,5.39625,0.595404,3.212949,221.718471
SPHINCS+-SHA2-128f-simple_run30,active,69.004912,5.39375,0.599695,3.234606,221.759695
SPHINCS+-SHA2-128f-simple_run30,active,69.017654,5.3975,0.596119,3.217553,221.800693
SPHINCS+-SHA2-128f-simple_run30,active,69.030422,5.3975,0.595583,3.214658,221.841735
SPHINCS+-SHA2-128f-simple_run30,active,69.043169,5.39625,0.60041,3.239965,221.883035
SPHINCS+-SHA2-128f-simple_run30,active,69.055917,5.39,0.593437,3.198627,221.923814
SPHINCS+-SHA2-128f-simple_run30,active,69.068664,5.38875,0.596119,3.212337,221.964759
SPHINCS+-SHA2-128f-simple_run30,active,69.081403,5.39625,0.596119,3.216808,222.005739
SPHINCS+-SHA2-128f-simple_run30,active,69.094144,5.39875,0.594331,3.208646,222.046619
SPHINCS+-SHA2-128f-simple_run30,active,69.106885,5.3975,0.595762,3.215623,222.08759
SPHINCS+-SHA2-128f-simple_run30,active,69.11963,5.39875,0.595762,3.216368,222.128583
SPHINCS+-SHA2-128f-simple_run30,active,69.132384,5.39625,0.595762,3.214879,222.169587
SPHINCS+-SHA2-128f-simple_run30,active,69.145125,5.39625,0.600947,3.242859,222.210903
SPHINCS+-SHA2-128f-simple_run30,active,69.157872,5.39625,0.59594,3.215843,222.251895
SPHINCS+-SHA2-128f-simple_run30,active,69.170619,5.39875,0.595583,3.215403,222.292883
SPHINCS+-SHA2-128f-simple_run30,active,69.183359,5.3975,0.593974,3.205973,222.333726
SPHINCS+-SHA2-128f-simple_run30,active,69.196101,5.3975,0.596477,3.219484,222.374751
SPHINCS+-SHA2-128f-simple_run30,active,69.208841,5.39625,0.59594,3.215843,222.415717
SPHINCS+-SHA2-128f-simple_run30,active,69.221588,5.39625,0.596119,3.216808,222.456722
SPHINCS+-SHA2-128f-simple_run30,active,69.234326,5.39375,0.591828,3.192172,222.497386
SPHINCS+-SHA2-128f-simple_run30,active,69.24707,5.39625,0.595225,3.211984,222.538319
SPHINCS+-SHA2-128f-simple_run30,active,69.259815,5.3975,0.596477,3.219484,222.579352
SPHINCS+-SHA2-128f-simple_run30,active,69.27256,5.395,0.596477,3.217992,222.620366
SPHINCS+-SHA2-128f-simple_run30,active,69.285303,5.38,0.595583,3.204235,222.661198
SPHINCS+-SHA2-128f-simple_run30,active,69.298047,5.38125,0.596477,3.209791,222.702103
SPHINCS+-SHA2-128f-simple_run30,active,69.310791,5.3825,0.596834,3.212461,222.74304
SPHINCS+-SHA2-128f-simple_run30,active,69.323538,5.38375,0.594331,3.199731,222.783828
SPHINCS+-SHA2-128f-simple_run30,active,69.33628,5.38875,0.593437,3.197885,222.824575
SPHINCS+-SHA2-128f-simple_run30,active,69.349065,5.3875,0.593974,3.200033,222.865487
SPHINCS+-SHA2-128f-simple_run30,active,69.361814,5.39125,0.596119,3.213828,222.906461
SPHINCS+-SHA2-128f-simple_run30,active,69.374565,5.39,0.595583,3.210191,222.947394
SPHINCS+-SHA2-128f-simple_run30,active,69.387309,5.38875,0.59594,3.211374,222.98832
SPHINCS+-SHA2-128f-simple_run30,active,69.40005,5.38625,0.595762,3.208921,223.029205
SPHINCS+-SHA2-128f-simple_run30,active,69.412788,5.385,0.597728,3.218767,223.070207
SPHINCS+-SHA2-128f-simple_run30,active,69.425531,5.38625,0.593795,3.198327,223.110962
SPHINCS+-SHA2-128f-simple_run30,active,69.438274,5.385,0.593437,3.195659,223.151685
SPHINCS+-SHA2-128f-simple_run30,active,69.451019,5.3875,0.593795,3.199069,223.192455
SPHINCS+-SHA2-128f-simple_run30,active,69.463767,5.39,0.595762,3.211155,223.233391
SPHINCS+-SHA2-128f-simple_run30,active,69.476515,5.38625,0.59594,3.209884,223.274311
SPHINCS+-SHA2-128f-simple_run30,active,69.489258,5.38625,0.59594,3.209884,223.315216
SPHINCS+-SHA2-128f-simple_run30,active,69.502001,5.38625,0.596119,3.210847,223.356131
SPHINCS+-SHA2-128f-simple_run30,active,69.514742,5.38875,0.591828,3.189213,223.396765
SPHINCS+-SHA2-128f-simple_run30,active,69.527485,5.38875,0.593258,3.196921,223.437503
SPHINCS+-SHA2-128f-simple_run30,active,69.540227,5.38125,0.59451,3.199207,223.478267
SPHINCS+-SHA2-128f-simple_run30,active,69.552965,5.38,0.602556,3.241751,223.519562
SPHINCS+-SHA2-128f-simple_run30,active,69.565705,5.38125,0.596119,3.207866,223.560431
SPHINCS+-SHA2-128f-simple_run30,active,69.578457,5.38,0.595583,3.204235,223.601289
SPHINCS+-SHA2-128f-simple_run30,active,69.59119,5.38625,0.596119,3.210847,223.642174
SPHINCS+-SHA2-128f-simple_run30,active,69.603929,5.3675,0.607741,3.262051,223.683728
SPHINCS+-SHA2-128f-simple_run30,active,69.616669,5.3875,0.593974,3.200033,223.724496
SPHINCS+-SHA2-128f-simple_run30,active,69.629407,5.38625,0.593974,3.19929,223.76525
SPHINCS+-SHA2-128f-simple_run30,active,69.642146,5.3875,0.594331,3.201959,223.806038
SPHINCS+-SHA2-128f-simple_run30,active,69.654889,5.38875,0.605596,3.263403,223.847624
SPHINCS+-SHA2-128f-simple_run30,active,69.667628,5.38375,0.595583,3.206469,223.888473
SPHINCS+-SHA2-128f-simple_run30,active,69.680368,5.385,0.596834,3.213953,223.929418
SPHINCS+-SHA2-128f-simple_run30,active,69.69311,5.38375,0.592543,3.190104,223.970065
SPHINCS+-SHA2-128f-simple_run30,active,69.705849,5.38375,0.593616,3.19588,224.010779
SPHINCS+-SHA2-128f-simple_run30,active,69.71859,5.3875,0.594689,3.203886,224.0516
SPHINCS+-SHA2-128f-simple_run30,active,69.731333,5.38625,0.593437,3.196401,224.092332
SPHINCS+-SHA2-128f-simple_run30,active,69.744073,5.395,0.596119,3.216063,224.133304
SPHINCS+-SHA2-128f-simple_run30,active,69.756814,5.38625,0.596119,3.210847,224.174214
SPHINCS+-SHA2-128f-simple_run30,active,69.769555,5.38875,0.59594,3.211374,224.21513
SPHINCS+-SHA2-128f-simple_run30,active,69.782298,5.38875,0.593795,3.199812,224.255903
SPHINCS+-SHA2-128f-simple_run30,active,69.79504,5.38875,0.59594,3.211374,224.296825
SPHINCS+-SHA2-128f-simple_run30,active,69.807785,5.38625,0.593258,3.195438,224.337548
SPHINCS+-SHA2-128f-simple_run30,active,69.820526,5.385,0.596477,3.212028,224.378475
SPHINCS+-SHA2-128f-simple_run30,active,69.833268,5.3825,0.597192,3.214386,224.419432
SPHINCS+-SHA2-128f-simple_run30,active,69.846009,5.39125,0.596298,3.214792,224.460391
SPHINCS+-SHA2-128f-simple_run30,active,69.858752,5.3875,0.596477,3.213519,224.501342
SPHINCS+-SHA2-128f-simple_run30,active,69.8715,5.38875,0.59594,3.211374,224.542281
SPHINCS+-SHA2-128f-simple_run30,active,69.884246,5.39125,0.595583,3.210936,224.583208
SPHINCS+-SHA2-128f-simple_run30,active,69.896986,5.3875,0.595404,3.207739,224.624074
SPHINCS+-SHA2-128f-simple_run30,active,69.909727,5.38875,0.596119,3.212337,224.665001
SPHINCS+-SHA2-128f-simple_run30,active,69.92247,5.39125,0.595762,3.2119,224.705931
SPHINCS+-SHA2-128f-simple_run30,active,69.935211,5.3825,0.594868,3.201875,224.746726
SPHINCS+-SHA2-128f-simple_run30,active,69.94795,5.385,0.595762,3.208176,224.787596
SPHINCS+-SHA2-128f-simple_run30,active,69.960691,5.385,0.595583,3.207213,224.828459
SPHINCS+-SHA2-128f-simple_run30,active,69.973439,5.385,0.595583,3.207213,224.869344
SPHINCS+-SHA2-128f-simple_run30,active,69.986182,5.385,0.596119,3.210102,224.910249
SPHINCS+-SHA2-128f-simple_run30,active,69.998923,5.3875,0.595762,3.209666,224.951144
SPHINCS+-SHA2-128f-simple_run30,active,70.011661,5.3875,0.596477,3.213519,224.992078
SPHINCS+-SHA2-128f-simple_run30,active,70.024402,5.38875,0.59594,3.211374,225.032994
SPHINCS+-SHA2-128f-simple_run30,active,70.037144,5.38875,0.59594,3.211374,225.073913
SPHINCS+-SHA2-128f-simple_run30,active,70.049885,5.3875,0.59594,3.210629,225.114819
SPHINCS+-SHA2-128f-simple_run30,active,70.062627,5.385,0.596119,3.210102,225.155723
SPHINCS+-SHA2-128f-simple_run30,active,70.075374,5.38375,0.596477,3.211282,225.196656
SPHINCS+-SHA2-128f-simple_run30,active,70.088116,5.385,0.596119,3.210102,225.237561
SPHINCS+-SHA2-128f-simple_run30,active,70.100858,5.38375,0.596656,3.212245,225.27849
SPHINCS+-SHA2-128f-simple_run30,active,70.1136,5.375,0.592543,3.18492,225.319074
SPHINCS+-SHA2-128f-simple_run30,active,70.126354,5.39,0.595583,3.210191,225.360015
SPHINCS+-SHA2-128f-simple_run30,active,70.139099,5.39,0.59594,3.212119,225.400955
SPHINCS+-SHA2-128f-simple_run30,active,70.151837,5.3575,0.595583,3.190835,225.441599
SPHINCS+-SHA2-128f-simple_run30,active,70.16458,5.38625,0.598801,3.225293,225.4827
SPHINCS+-SHA2-128f-simple_run30,active,70.177329,5.39,0.59594,3.212119,225.52365
SPHINCS+-SHA2-128f-simple_run30,active,70.190073,5.38875,0.595583,3.209447,225.564552
SPHINCS+-SHA2-128f-simple_run30,active,70.202816,5.38375,0.595046,3.203581,225.605375
SPHINCS+-SHA2-128f-simple_run30,active,70.215556,5.38375,0.595762,3.207432,225.646237
SPHINCS+-SHA2-128f-simple_run30,active,70.228299,5.3825,0.595046,3.202837,225.687051
SPHINCS+-SHA2-128f-simple_run30,active,70.241084,5.3825,0.596656,3.211499,225.728109
SPHINCS+-SHA2-128f-simple_run30,active,70.25675,5.3875,0.59594,3.210629,225.778409
SPHINCS+-SHA2-128f-simple_run30,active,70.269511,5.39,0.59594,3.212119,225.819397
SPHINCS+-SHA2-128f-simple_run30,active,70.282263,5.3875,0.595583,3.208702,225.860314
SPHINCS+-SHA2-128f-simple_run30,active,70.295013,5.39125,0.599159,3.230215,225.9015
SPHINCS+-SHA2-128f-simple_run30,active,70.307751,5.3875,0.59898,3.227005,225.942605
SPHINCS+-SHA2-128f-simple_run30,active,70.320497,5.3925,0.594152,3.203967,225.983445
SPHINCS+-SHA2-128f-simple_run30,active,70.333242,5.355,0.590934,3.164452,226.023774
SPHINCS+-SHA2-128f-simple_run30,active,70.345984,5.38375,0.594331,3.199731,226.064544
SPHINCS+-SHA2-128f-simple_run30,active,70.358729,5.38375,0.593795,3.196843,226.105288
SPHINCS+-SHA2-128f-simple_run30,active,70.371468,5.3825,0.595762,3.206687,226.14614
SPHINCS+-SHA2-128f-simple_run30,active,70.38422,5.38875,0.598622,3.225826,226.187275
SPHINCS+-SHA2-128f-simple_run30,active,70.396967,5.39125,0.596119,3.213828,226.228243
SPHINCS+-SHA2-128f-simple_run30,active,70.409706,5.39,0.593258,3.197663,226.268976
SPHINCS+-SHA2-128f-simple_run30,active,70.422453,5.39,0.590398,3.182243,226.309539
SPHINCS+-SHA2-128f-simple_run30,active,70.43519,5.39125,0.59308,3.19744,226.350268
SPHINCS+-SHA2-128f-simple_run30,active,70.447929,5.38875,0.595762,3.21041,226.391165
SPHINCS+-SHA2-128f-simple_run30,active,70.46067,5.38875,0.595583,3.209447,226.432056
SPHINCS+-SHA2-128f-simple_run30,active,70.473412,5.38375,0.596834,3.213207,226.472997
SPHINCS+-SHA2-128f-simple_run30,active,70.486167,5.38375,0.595225,3.204544,226.513872
SPHINCS+-SHA2-128f-simple_run30,active,70.498916,5.3825,0.593616,3.195138,226.554608
SPHINCS+-SHA2-128f-simple_run30,active,70.511653,5.38375,0.593795,3.196843,226.595327
SPHINCS+-SHA2-128f-simple_run30,active,70.524396,5.38875,0.591113,3.185359,226.635915
SPHINCS+-SHA2-128f-simple_run30,active,70.537138,5.38375,0.596119,3.209357,226.67681
SPHINCS+-SHA2-128f-simple_run30,active,70.54988,5.39125,0.595762,3.2119,226.717734
SPHINCS+-SHA2-128f-simple_run30,active,70.562624,5.39,0.596119,3.213082,226.758683
SPHINCS+-SHA2-128f-simple_run30,active,70.575364,5.38,0.594152,3.19654,226.799408
SPHINCS+-SHA2-128f-simple_run30,active,70.588113,5.39,0.594331,3.203445,226.840247
SPHINCS+-SHA2-128f-simple_run30,active,70.600858,5.37875,0.594689,3.198682,226.881017
SPHINCS+-SHA2-128f-simple_run30,active,70.613597,5.38625,0.594689,3.203143,226.921821
SPHINCS+-SHA2-128f-simple_run30,active,70.626341,5.375,0.59594,3.20318,226.962642
SPHINCS+-SHA2-128f-simple_run30,active,70.639109,5.37125,0.59594,3.200945,227.003511
SPHINCS+-SHA2-128f-simple_run30,active,70.651876,5.38375,0.596119,3.209357,227.044486
SPHINCS+-SHA2-128f-simple_run30,active,70.664624,5.38875,0.593795,3.199812,227.085277
SPHINCS+-SHA2-128f-simple_run30,active,70.677367,5.39,0.593795,3.200554,227.12606
SPHINCS+-SHA2-128f-simple_run30,active,70.690116,5.38875,0.593616,3.198848,227.166843
SPHINCS+-SHA2-128f-simple_run30,active,70.702868,5.385,0.596119,3.210102,227.207777
SPHINCS+-SHA2-128f-simple_run30,active,70.71561,5.39125,0.597013,3.218647,227.248791
SPHINCS+-SHA2-128f-simple_run30,active,70.728351,5.39,0.596119,3.213082,227.289727
SPHINCS+-SHA2-128f-simple_run30,active,70.741096,5.3825,0.593437,3.194176,227.330437
SPHINCS+-SHA2-128f-simple_run30,active,70.753836,5.38,0.591828,3.184035,227.371001
SPHINCS+-SHA2-128f-simple_run30,active,70.766577,5.3825,0.59451,3.19995,227.411774
SPHINCS+-SHA2-128f-simple_run30,active,70.779324,5.385,0.59308,3.193734,227.452482
SPHINCS+-SHA2-128f-simple_run30,active,70.792072,5.38875,0.595762,3.21041,227.49341
SPHINCS+-SHA2-128f-simple_run30,active,70.80482,5.38875,0.596298,3.213301,227.534372
SPHINCS+-SHA2-128f-simple_run30,active,70.817562,5.39,0.596834,3.216937,227.575364
SPHINCS+-SHA2-128f-simple_run30,active,70.830303,5.38625,0.596656,3.213736,227.61631
SPHINCS+-SHA2-128f-simple_run30,active,70.843048,5.385,0.593437,3.195659,227.657038
SPHINCS+-SHA2-128f-simple_run30,active,70.855788,5.37875,0.599516,3.224649,227.698119
SPHINCS+-SHA2-128f-simple_run30,active,70.868539,5.38,0.597013,3.211931,227.739076
SPHINCS+-SHA2-128f-simple_run30,active,70.881281,5.38625,0.59594,3.209884,227.779976
SPHINCS+-SHA2-128f-simple_run30,active,70.89403,5.38875,0.597192,3.218118,227.821004
SPHINCS+-SHA2-128f-simple_run30,active,70.90678,5.3875,0.59594,3.210629,227.861941
SPHINCS+-SHA2-128f-simple_run30,active,70.919522,5.39,0.595583,3.210191,227.902845
SPHINCS+-SHA2-128f-simple_run30,active,70.932265,5.38625,0.594331,3.201216,227.943638
SPHINCS+-SHA2-128f-simple_run30,active,70.94502,5.38875,0.594331,3.202702,227.984486
SPHINCS+-SHA2-128f-simple_run30,active,70.957761,5.3875,0.596119,3.211592,228.025404
SPHINCS+-SHA2-128f-simple_run30,active,70.970507,5.38625,0.595762,3.208921,228.066308
SPHINCS+-SHA2-128f-simple_run30,active,70.98325,5.38625,0.592543,3.191586,228.106976
SPHINCS+-SHA2-128f-simple_run30,active,70.996005,5.3875,0.596119,3.211592,228.14794
SPHINCS+-SHA2-128f-simple_run30,active,71.008752,5.3825,0.595762,3.206687,228.188815
SPHINCS+-SHA2-128f-simple_run30,active,71.021493,5.3825,0.595404,3.204762,228.229649
SPHINCS+-SHA2-128f-simple_run30,active,71.034235,5.385,0.596119,3.210102,228.270551
SPHINCS+-SHA2-128f-simple_run30,active,71.046978,5.38625,0.596119,3.210847,228.311467
SPHINCS+-SHA2-128f-simple_run30,active,71.059753,5.38625,0.595762,3.208921,228.352461
SPHINCS+-SHA2-128f-simple_run30,active,71.072496,5.3875,0.595046,3.205812,228.393313
SPHINCS+-SHA2-128f-simple_run30,active,71.085239,5.385,0.595583,3.207213,228.434183
SPHINCS+-SHA2-128f-simple_run30,active,71.097988,5.38875,0.596119,3.212337,228.475136
SPHINCS+-SHA2-128f-simple_run30,active,71.110736,5.385,0.596119,3.210102,228.516058
SPHINCS+-SHA2-128f-simple_run30,active,71.123496,5.385,0.595225,3.205288,228.556958
SPHINCS+-SHA2-128f-simple_run30,active,71.136235,5.38625,0.596298,3.21181,228.597872
SPHINCS+-SHA2-128f-simple_run30,active,71.148977,5.38625,0.595583,3.207958,228.638751
SPHINCS+-SHA2-128f-simple_run30,active,71.161717,5.3875,0.595583,3.208702,228.679629
SPHINCS+-SHA2-128f-simple_run30,active,71.174458,5.3825,0.595583,3.205724,228.720473
SPHINCS+-SHA2-128f-simple_run30,active,71.187203,5.3825,0.59594,3.207649,228.761355
SPHINCS+-SHA2-128f-simple_run30,active,71.199953,5.38,0.596119,3.207121,228.802244
SPHINCS+-SHA2-128f-simple_run30,active,71.212701,5.3875,0.596119,3.211592,228.843188
SPHINCS+-SHA2-128f-simple_run30,active,71.225447,5.38625,0.596119,3.210847,228.88411
SPHINCS+-SHA2-128f-simple_run30,active,71.238191,5.38875,0.596477,3.214264,228.925074
SPHINCS+-SHA2-128f-simple_run30,active,71.250936,5.3875,0.595762,3.209666,228.96598
SPHINCS+-SHA2-128f-simple_run30,active,71.263676,5.39125,0.601483,3.242746,229.007293
SPHINCS+-SHA2-128f-simple_run30,active,71.276417,5.3875,0.596298,3.212555,229.048225
SPHINCS+-SHA2-128f-simple_run30,active,71.289158,5.3875,0.596119,3.211592,229.089145
SPHINCS+-SHA2-128f-simple_run30,active,71.301907,5.38625,0.595583,3.207958,229.130042
SPHINCS+-SHA2-128f-simple_run30,active,71.314658,5.38625,0.592901,3.193512,229.170763
SPHINCS+-SHA2-128f-simple_run30,active,71.327404,5.3875,0.593437,3.197143,229.211515
SPHINCS+-SHA2-128f-simple_run30,active,71.340147,5.38375,0.598444,3.221871,229.252569
SPHINCS+-SHA2-128f-simple_run30,active,71.352887,5.38375,0.59451,3.200693,229.293347
SPHINCS+-SHA2-128f-simple_run30,active,71.365629,5.385,0.597728,3.218767,229.33436
SPHINCS+-SHA2-128f-simple_run30,active,71.378371,5.38,0.596477,3.209045,229.375251
SPHINCS+-SHA2-128f-simple_run30,active,71.391121,5.3875,0.594331,3.201959,229.416075
SPHINCS+-SHA2-128f-simple_run30,active,71.403872,5.3875,0.59308,3.195216,229.456816
SPHINCS+-SHA2-128f-simple_run30,active,71.416616,5.38875,0.594331,3.202702,229.497634
SPHINCS+-SHA2-128f-simple_run30,active,71.429362,5.3875,0.593974,3.200033,229.538419
SPHINCS+-SHA2-128f-simple_run30,active,71.442108,5.38625,0.593258,3.195438,229.579149
SPHINCS+-SHA2-128f-simple_run30,active,71.454852,5.38875,0.593258,3.196921,229.619889
SPHINCS+-SHA2-128f-simple_run30,active,71.46759,5.38625,0.59594,3.209884,229.660777
SPHINCS+-SHA2-128f-simple_run30,active,71.480333,5.38375,0.594331,3.199731,229.701553
SPHINCS+-SHA2-128f-simple_run30,active,71.493076,5.38875,0.591649,3.18825,229.742181
SPHINCS+-SHA2-128f-simple_run30,active,71.505829,5.3825,0.593437,3.194176,229.782915
SPHINCS+-SHA2-128f-simple_run30,active,71.518577,5.385,0.596119,3.210102,229.823839
SPHINCS+-SHA2-128f-simple_run30,active,71.534218,5.3825,0.59594,3.207649,229.874008
SPHINCS+-SHA2-128f-simple_run30,active,71.546981,5.38375,0.59594,3.208394,229.914959
SPHINCS+-SHA2-128f-simple_run30,active,71.559771,5.38875,0.597371,3.219082,229.956131
SPHINCS+-SHA2-128f-simple_run30,active,71.572513,5.38875,0.596298,3.213301,229.997072
SPHINCS+-SHA2-128f-simple_run30,active,71.585259,5.3875,0.596834,3.215445,230.038058
SPHINCS+-SHA2-128f-simple_run30,active,71.598002,5.3875,0.594331,3.201959,230.07886
SPHINCS+-SHA2-128f-simple_run30,active,71.610743,5.38875,0.593258,3.196921,230.119593
SPHINCS+-SHA2-128f-simple_run30,active,71.623482,5.3875,0.597371,3.218335,230.16059
SPHINCS+-SHA2-128f-simple_run30,active,71.636222,5.3875,0.596834,3.215445,230.201555
SPHINCS+-SHA2-128f-simple_run30,active,71.648962,5.38625,0.596119,3.210847,230.24246
SPHINCS+-SHA2-128f-simple_run30,active,71.661702,5.385,0.595225,3.205288,230.283297
SPHINCS+-SHA2-128f-simple_run30,active,71.674446,5.38,0.592007,3.184997,230.323885
SPHINCS+-SHA2-128f-simple_run30,active,71.687188,5.38375,0.593437,3.194918,230.364594
SPHINCS+-SHA2-128f-simple_run30,active,71.69994,5.3825,0.593437,3.194176,230.405329
SPHINCS+-SHA2-128f-simple_run30,active,71.71268,5.385,0.596119,3.210102,230.446223
SPHINCS+-SHA2-128f-simple_run30,active,71.72542,5.38875,0.596119,3.212337,230.487151
SPHINCS+-SHA2-128f-simple_run30,active,71.73816,5.3875,0.595046,3.205812,230.527993
SPHINCS+-SHA2-128f-simple_run30,active,71.750902,5.3875,0.593795,3.199069,230.568754
SPHINCS+-SHA2-128f-simple_run30,active,71.763644,5.38375,0.600947,3.235347,230.609979
SPHINCS+-SHA2-128f-simple_run30,active,71.776386,5.3875,0.594868,3.204849,230.650814
SPHINCS+-SHA2-128f-simple_run30,active,71.789125,5.38625,0.596119,3.210847,230.691718
SPHINCS+-SHA2-128f-simple_run30,active,71.801869,5.3875,0.595225,3.206776,230.732587
SPHINCS+-SHA2-128f-simple_run30,active,71.814624,5.38875,0.596477,3.214264,230.773582
SPHINCS+-SHA2-128f-simple_run30,active,71.827372,5.38625,0.595404,3.206995,230.814466
SPHINCS+-SHA2-128f-simple_run30,active,71.840111,5.3825,0.595762,3.206687,230.855316
SPHINCS+-SHA2-128f-simple_run30,active,71.852855,5.38,0.59451,3.198464,230.896078
SPHINCS+-SHA2-128f-simple_run30,active,71.865596,5.38375,0.597013,3.21417,230.937031
SPHINCS+-SHA2-128f-simple_run30,active,71.878338,5.38375,0.595583,3.206469,230.977887
SPHINCS+-SHA2-128f-simple_run30,active,71.891082,5.38875,0.595583,3.209447,231.018786
SPHINCS+-SHA2-128f-simple_run30,active,71.903821,5.3875,0.599516,3.229895,231.059931
SPHINCS+-SHA2-128f-simple_run30,active,71.916567,5.3875,0.595583,3.208702,231.100832
SPHINCS+-SHA2-128f-simple_run30,active,71.929315,5.38625,0.595404,3.206995,231.141713
SPHINCS+-SHA2-128f-simple_run30,active,71.942056,5.38625,0.595583,3.207958,231.182587
SPHINCS+-SHA2-128f-simple_run30,active,71.9548,5.39625,0.595225,3.211984,231.223521
SPHINCS+-SHA2-128f-simple_run30,active,71.96754,5.39,0.595583,3.210191,231.264419
SPHINCS+-SHA2-128f-simple_run30,active,71.980279,5.3875,0.596477,3.213519,231.305356
SPHINCS+-SHA2-128f-simple_run30,active,71.993081,5.3875,0.595583,3.208702,231.346431
SPHINCS+-SHA2-128f-simple_run30,active,72.005823,5.3875,0.59594,3.210629,231.387343
SPHINCS+-SHA2-128f-simple_run30,active,72.018575,5.38375,0.596119,3.209357,231.428268
SPHINCS+-SHA2-128f-simple_run30,active,72.031322,5.38375,0.595225,3.204544,231.469117
SPHINCS+-SHA2-128f-simple_run30,active,72.044063,5.385,0.603986,3.252467,231.510556
SPHINCS+-SHA2-128f-simple_run30,active,72.056805,5.38375,0.595404,3.205506,231.551399
SPHINCS+-SHA2-128f-simple_run30,active,72.069542,5.38625,0.596119,3.210847,231.592297
SPHINCS+-SHA2-128f-simple_run30,active,72.082286,5.38875,0.596298,3.213301,231.633247
SPHINCS+-SHA2-128f-simple_run30,active,72.09503,5.3875,0.597371,3.218335,231.674261
SPHINCS+-SHA2-128f-simple_run30,active,72.107768,5.38625,0.59594,3.209884,231.71515
SPHINCS+-SHA2-128f-simple_run30,active,72.120523,5.38875,0.597728,3.221009,231.756232
SPHINCS+-SHA2-128f-simple_run30,active,72.133281,5.385,0.602198,3.242838,231.797604
SPHINCS+-SHA2-128f-simple_run30,active,72.146023,5.3875,0.59594,3.210629,231.838515
SPHINCS+-SHA2-128f-simple_run30,active,72.158769,5.39,0.596834,3.216937,231.879518
SPHINCS+-SHA2-128f-simple_run30,active,72.17151,5.385,0.595762,3.208176,231.920394
SPHINCS+-SHA2-128f-simple_run30,active,72.184251,5.3825,0.59451,3.19995,231.961163
SPHINCS+-SHA2-128f-simple_run30,active,72.196996,5.38375,0.596298,3.210319,232.002079
SPHINCS+-SHA2-128f-simple_run30,active,72.209739,5.38375,0.595583,3.206469,232.042942
SPHINCS+-SHA2-128f-simple_run30,active,72.22249,5.385,0.597371,3.216842,232.083957
SPHINCS+-SHA2-128f-simple_run30,active,72.23524,5.38875,0.596298,3.213301,232.124929
SPHINCS+-SHA2-128f-simple_run30,active,72.247979,5.3875,0.595583,3.208702,232.165802
SPHINCS+-SHA2-128f-simple_run30,active,72.260721,5.3875,0.596656,3.214482,232.206763
SPHINCS+-SHA2-128f-simple_run30,active,72.273462,5.39125,0.595225,3.209008,232.247647
SPHINCS+-SHA2-128f-simple_run30,active,72.286202,5.3875,0.595225,3.206776,232.288502
SPHINCS+-SHA2-128f-simple_run30,active,72.298946,5.38875,0.596298,3.213301,232.329453
SPHINCS+-SHA2-128f-simple_run30,active,72.311687,5.3875,0.59755,3.219298,232.370471
SPHINCS+-SHA2-128f-simple_run30,active,72.324436,5.38875,0.596298,3.213301,232.411437
SPHINCS+-SHA2-128f-simple_run30,active,72.337181,5.3875,0.596834,3.215445,232.452417
SPHINCS+-SHA2-128f-simple_run30,active,72.349921,5.3825,0.596298,3.209574,232.493307
SPHINCS+-SHA2-128f-simple_run30,active,72.362667,5.3825,0.595583,3.205724,232.534166
SPHINCS+-SHA2-128f-simple_run30,active,72.375408,5.38375,0.595404,3.205506,232.57501
SPHINCS+-SHA2-128f-simple_run30,active,72.38815,5.38375,0.596834,3.213207,232.615952
SPHINCS+-SHA2-128f-simple_run30,active,72.40089,5.38625,0.595762,3.208921,232.656834
SPHINCS+-SHA2-128f-simple_run30,active,72.413632,5.38625,0.596298,3.21181,232.697757
SPHINCS+-SHA2-128f-simple_run30,active,72.426379,5.38625,0.596119,3.210847,232.738688
SPHINCS+-SHA2-128f-simple_run30,active,72.439131,5.3875,0.59594,3.210629,232.779627
SPHINCS+-SHA2-128f-simple_run30,active,72.451871,5.38625,0.595225,3.206032,232.820474
SPHINCS+-SHA2-128f-simple_run30,active,72.464613,5.39,0.596298,3.214046,232.861426
SPHINCS+-SHA2-128f-simple_run30,active,72.477354,5.38875,0.595583,3.209447,232.902319
SPHINCS+-SHA2-128f-simple_run30,active,72.490096,5.38875,0.597728,3.221009,232.943359
SPHINCS+-SHA2-128f-simple_run30,active,72.50284,5.38875,0.595404,3.208483,232.984249
SPHINCS+-SHA2-128f-simple_run30,active,72.51559,5.38625,0.595583,3.207958,233.025151
SPHINCS+-SHA2-128f-simple_run30,active,72.528363,5.3825,0.595225,3.2038,233.066072
SPHINCS+-SHA2-128f-simple_run30,active,72.541112,5.38375,0.595762,3.207432,233.106963
SPHINCS+-SHA2-128f-simple_run30,active,72.553857,5.38125,0.594868,3.201131,233.147762
SPHINCS+-SHA2-128f-simple_run30,active,72.566602,5.3875,0.595583,3.208702,233.188659
SPHINCS+-SHA2-128f-simple_run30,active,72.579346,5.3875,0.59594,3.210629,233.229574
SPHINCS+-SHA2-128f-simple_run30,active,72.592085,5.38625,0.595762,3.208921,233.270452
SPHINCS+-SHA2-128f-simple_run30,active,72.604826,5.38625,0.600232,3.232997,233.311644
SPHINCS+-SHA2-128f-simple_run30,active,72.617569,5.38875,0.596119,3.212337,233.352577
SPHINCS+-SHA2-128f-simple_run30,active,72.630318,5.3875,0.59594,3.210629,233.39351
SPHINCS+-SHA2-128f-simple_run30,active,72.643063,5.385,0.599516,3.228396,233.434658
SPHINCS+-SHA2-128f-simple_run30,active,72.655808,5.3875,0.594689,3.203886,233.475489
SPHINCS+-SHA2-128f-simple_run30,active,72.66855,5.38875,0.594331,3.202702,233.516299
SPHINCS+-SHA2-128f-simple_run30,active,72.681295,5.3875,0.59451,3.202923,233.55712
SPHINCS+-SHA2-128f-simple_run30,active,72.694036,5.385,0.59594,3.209139,233.598007
SPHINCS+-SHA2-128f-simple_run30,active,72.706777,5.38375,0.595762,3.207432,233.638874
SPHINCS+-SHA2-128f-simple_run30,active,72.719522,5.3825,0.597371,3.215348,233.679852
SPHINCS+-SHA2-128f-simple_run30,active,72.732272,5.38375,0.597371,3.216095,233.72086
SPHINCS+-SHA2-128f-simple_run30,active,72.745064,5.38875,0.598801,3.22679,233.762136
SPHINCS+-SHA2-128f-simple_run30,active,72.757805,5.38875,0.593795,3.199812,233.802906
SPHINCS+-SHA2-128f-simple_run30,active,72.770549,5.38625,0.593795,3.198327,233.843664
SPHINCS+-SHA2-128f-simple_run30,active,72.783293,5.3825,0.589325,3.172041,233.884089
SPHINCS+-SHA2-128f-simple_run30,active,72.796032,5.38875,0.59755,3.220045,233.925108
SPHINCS+-SHA2-128f-simple_run30,active,72.811695,5.38625,0.596834,3.214699,233.975461
SPHINCS+-SHA2-128f-simple_run30,active,72.824462,5.39625,0.596298,3.217773,234.016542
SPHINCS+-SHA2-128f-simple_run30,active,72.837217,5.3875,0.59308,3.195216,234.057295
SPHINCS+-SHA2-128f-simple_run30,active,72.849965,5.38625,0.593974,3.19929,234.098083
SPHINCS+-SHA2-128f-simple_run30,active,72.86271,5.38625,0.595583,3.207958,234.138968
SPHINCS+-SHA2-128f-simple_run30,active,72.875455,5.3825,0.595583,3.205724,234.179823
SPHINCS+-SHA2-128f-simple_run30,active,72.888195,5.38,0.596477,3.209045,234.220709
SPHINCS+-SHA2-128f-simple_run30,active,72.900936,5.3825,0.600947,3.234596,234.26192
SPHINCS+-SHA2-128f-simple_run30,active,72.913676,5.38,0.593795,3.194616,234.302618
SPHINCS+-SHA2-128f-simple_run30,active,72.926458,5.385,0.59594,3.209139,234.343639
SPHINCS+-SHA2-128f-simple_run30,active,72.939212,5.38375,0.595762,3.207432,234.384544
SPHINCS+-SHA2-128f-simple_run30,active,72.951955,5.385,0.59594,3.209139,234.425441
SPHINCS+-SHA2-128f-simple_run30,active,72.964697,5.38375,0.598444,3.221871,234.466493
SPHINCS+-SHA2-128f-simple_run30,active,72.977436,5.3825,0.59594,3.207649,234.507356
SPHINCS+-SHA2-128f-simple_run30,active,72.990175,5.38375,0.596119,3.209357,234.548238
SPHINCS+-SHA2-128f-simple_run30,active,73.002915,5.38375,0.600232,3.231497,234.589408
SPHINCS+-SHA2-128f-simple_run30,active,73.015658,5.385,0.59594,3.209139,234.630302
SPHINCS+-SHA2-128f-simple_run30,active,73.028397,5.385,0.595583,3.207213,234.67116
SPHINCS+-SHA2-128f-simple_run30,active,73.041146,5.385,0.595583,3.207213,234.712048
SPHINCS+-SHA2-128f-simple_run30,active,73.053888,5.38375,0.593258,3.193955,234.752746
SPHINCS+-SHA2-128f-simple_run30,active,73.066631,5.38375,0.595762,3.207432,234.793617
SPHINCS+-SHA2-128f-simple_run30,active,73.079371,5.38375,0.595762,3.207432,234.83448
SPHINCS+-SHA2-128f-simple_run30,active,73.092109,5.385,0.593437,3.195659,234.875186
SPHINCS+-SHA2-128f-simple_run30,active,73.104849,5.385,0.600589,3.234173,234.916389
SPHINCS+-SHA2-128f-simple_run30,active,73.117592,5.385,0.597013,3.214916,234.957357
SPHINCS+-SHA2-128f-simple_run30,active,73.130349,5.38125,0.595583,3.20498,234.998245
SPHINCS+-SHA2-128f-simple_run30,active,73.143102,5.38375,0.595583,3.206469,235.039136
SPHINCS+-SHA2-128f-simple_run30,active,73.155844,5.38,0.596477,3.209045,235.080025
SPHINCS+-SHA2-128f-simple_run30,active,73.168585,5.38375,0.595583,3.206469,235.12088
SPHINCS+-SHA2-128f-simple_run30,active,73.181336,5.3825,0.59594,3.207649,235.16178
SPHINCS+-SHA2-128f-simple_run30,active,73.194098,5.3825,0.59594,3.207649,235.202716
SPHINCS+-SHA2-128f-simple_run30,active,73.20684,5.3825,0.597907,3.218236,235.243721
SPHINCS+-SHA2-128f-simple_run30,active,73.219579,5.38625,0.59594,3.209884,235.284613
SPHINCS+-SHA2-128f-simple_run30,active,73.232324,5.38125,0.596298,3.208829,235.325509
SPHINCS+-SHA2-128f-simple_run30,active,73.245071,5.385,0.596119,3.210102,235.366428
SPHINCS+-SHA2-128f-simple_run30,active,73.257815,5.385,0.59594,3.209139,235.407325
SPHINCS+-SHA2-128f-simple_run30,active,73.270557,5.38375,0.596119,3.209357,235.448219
SPHINCS+-SHA2-128f-simple_run30,active,73.283296,5.38375,0.599159,3.225721,235.489311
SPHINCS+-SHA2-128f-simple_run30,active,73.296034,5.38375,0.595583,3.206469,235.530155
SPHINCS+-SHA2-128f-simple_run30,active,73.308772,5.38375,0.599874,3.229572,235.571296
SPHINCS+-SHA2-128f-simple_run30,active,73.321512,5.38,0.596119,3.207121,235.612154
SPHINCS+-SHA2-128f-simple_run30,active,73.334254,5.38,0.594689,3.199426,235.65292
SPHINCS+-SHA2-128f-simple_run30,active,73.347002,5.385,0.596298,3.211065,235.693854
SPHINCS+-SHA2-128f-simple_run30,active,73.359782,5.38375,0.59594,3.208394,235.734859
SPHINCS+-SHA2-128f-simple_run30,active,73.372523,5.37625,0.592543,3.18566,235.775448
SPHINCS+-SHA2-128f-simple_run30,active,73.385261,5.3825,0.598265,3.22016,235.816465
SPHINCS+-SHA2-128f-simple_run30,active,73.398,5.38375,0.59594,3.208394,235.857336
SPHINCS+-SHA2-128f-simple_run30,active,73.410743,5.38125,0.601126,3.234807,235.898558
SPHINCS+-SHA2-128f-simple_run30,active,73.423481,5.385,0.596119,3.210102,235.939448
SPHINCS+-SHA2-128f-simple_run30,active,73.43622,5.385,0.595583,3.207213,235.980305
SPHINCS+-SHA2-128f-simple_run30,active,73.448968,5.38375,0.598622,3.222833,236.021388
SPHINCS+-SHA2-128f-simple_run30,active,73.461709,5.38375,0.596119,3.209357,236.062279
SPHINCS+-SHA2-128f-simple_run30,active,73.474449,5.3825,0.594152,3.198025,236.103023
SPHINCS+-SHA2-128f-simple_run30,active,73.487192,5.3825,0.59594,3.207649,236.143897
SPHINCS+-SHA2-128f-simple_run30,active,73.49993,5.38375,0.595762,3.207432,236.184754
SPHINCS+-SHA2-128f-simple_run30,active,73.512667,5.38375,0.605238,3.25845,236.226256
SPHINCS+-SHA2-128f-simple_run30,active,73.525406,5.3825,0.59594,3.207649,236.267121
SPHINCS+-SHA2-128f-simple_run30,active,73.538145,5.3825,0.596298,3.209574,236.308006
SPHINCS+-SHA2-128f-simple_run30,active,73.550899,5.3825,0.595583,3.205724,236.34889
SPHINCS+-SHA2-128f-simple_run30,active,73.563642,5.37875,0.593795,3.193874,236.38959
SPHINCS+-SHA2-128f-simple_run30,active,73.576383,5.38125,0.595762,3.205942,236.430438
SPHINCS+-SHA2-128f-simple_run30,active,73.589124,5.3825,0.595583,3.205724,236.471282
SPHINCS+-SHA2-128f-simple_run30,active,73.601864,5.3825,0.597371,3.215348,236.512246
SPHINCS+-SHA2-128f-simple_run30,active,73.614607,5.3825,0.600232,3.230747,236.553416
SPHINCS+-SHA2-128f-simple_run30,active,73.627348,5.3825,0.598622,3.222085,236.594466
SPHINCS+-SHA2-128f-simple_run30,active,73.640085,5.38,0.596834,3.210969,236.635365
SPHINCS+-SHA2-128f-simple_run30,active,73.65284,5.38375,0.593258,3.193955,236.676104
SPHINCS+-SHA2-128f-simple_run30,active,73.665585,5.3825,0.594152,3.198025,236.716864
SPHINCS+-SHA2-128f-simple_run30,active,73.678328,5.3825,0.594689,3.200912,236.757652
SPHINCS+-SHA2-128f-simple_run30,active,73.69107,5.38375,0.596298,3.210319,236.798559
SPHINCS+-SHA2-128f-simple_run30,active,73.70381,5.38625,0.599159,3.227219,236.839673
SPHINCS+-SHA2-128f-simple_run30,active,73.716551,5.385,0.601483,3.238987,236.880941
SPHINCS+-SHA2-128f-simple_run30,active,73.729292,5.38375,0.595583,3.206469,236.921795
SPHINCS+-SHA2-128f-simple_run30,active,73.742031,5.3825,0.593795,3.196101,236.962509
SPHINCS+-SHA2-128f-simple_run30,active,73.754773,5.38375,0.594689,3.201656,237.003305
SPHINCS+-SHA2-128f-simple_run30,active,73.767514,5.38375,0.594331,3.199731,237.044075
SPHINCS+-SHA2-128f-simple_run30,active,73.780258,5.3825,0.595404,3.204762,237.084914
SPHINCS+-SHA2-128f-simple_run30,active,73.793002,5.39125,0.594152,3.203224,237.125736
SPHINCS+-SHA2-128f-simple_run30,active,73.805743,5.38375,0.595762,3.207432,237.166603
SPHINCS+-SHA2-128f-simple_run30,active,73.818486,5.38375,0.599159,3.225721,237.207708
SPHINCS+-SHA2-128f-simple_run30,active,73.831232,5.3825,0.593437,3.194176,237.24842
SPHINCS+-SHA2-128f-simple_run30,active,73.843973,5.39,0.595046,3.2073,237.289284
SPHINCS+-SHA2-128f-simple_run30,active,73.856715,5.38375,0.593795,3.196843,237.330018
SPHINCS+-SHA2-128f-simple_run30,active,73.869458,5.3825,0.59594,3.207649,237.370894
SPHINCS+-SHA2-128f-simple_run30,active,73.8822,5.3825,0.596119,3.208612,237.411779
SPHINCS+-SHA2-128f-simple_run30,active,73.894945,5.3825,0.595046,3.202837,237.452598
SPHINCS+-SHA2-128f-simple_run30,active,73.907686,5.38125,0.59594,3.206904,237.493459
SPHINCS+-SHA2-128f-simple_run30,active,73.92043,5.38375,0.59755,3.217058,237.534457
SPHINCS+-SHA2-128f-simple_run30,active,73.933173,5.38,0.597013,3.211931,237.575384
SPHINCS+-SHA2-128f-simple_run30,active,73.945912,5.38375,0.597013,3.21417,237.616331
SPHINCS+-SHA2-128f-simple_run30,active,73.958662,5.38375,0.596477,3.211282,237.657275
SPHINCS+-SHA2-128f-simple_run30,active,73.971407,5.38375,0.596834,3.213207,237.698229
SPHINCS+-SHA2-128f-simple_run30,active,73.984146,5.38375,0.602735,3.244973,237.739566
SPHINCS+-SHA2-128f-simple_run30,active,73.996892,5.3825,0.59594,3.207649,237.780449
SPHINCS+-SHA2-128f-simple_run30,active,74.009633,5.38375,0.596119,3.209357,237.821338
SPHINCS+-SHA2-128f-simple_run30,active,74.022374,5.38375,0.599338,3.226684,237.862451
SPHINCS+-SHA2-128f-simple_run30,active,74.035124,5.3825,0.59594,3.207649,237.903349
SPHINCS+-SHA2-128f-simple_run30,active,74.047862,5.3825,0.59594,3.207649,237.944206
SPHINCS+-SHA2-128f-simple_run30,active,74.060612,5.3825,0.595583,3.205724,237.985081
SPHINCS+-SHA2-128f-simple_run30,active,74.073357,5.3825,0.595225,3.2038,238.025914
SPHINCS+-SHA2-128f-simple_run30,active,74.089063,5.3825,0.59594,3.207649,238.076292
SPHINCS+-SHA2-128f-simple_run30,active,74.101825,5.38,0.595046,3.20135,238.117148
SPHINCS+-SHA2-128f-simple_run30,active,74.114576,5.37625,0.59594,3.203925,238.158001
SPHINCS+-SHA2-128f-simple_run30,active,74.127335,5.385,0.59594,3.209139,238.198945
SPHINCS+-SHA2-128f-simple_run30,active,74.140074,5.38375,0.597371,3.216095,238.239917
SPHINCS+-SHA2-128f-simple_run30,active,74.152818,5.38375,0.594152,3.198768,238.280682
SPHINCS+-SHA2-128f-simple_run30,active,74.165569,5.3825,0.595583,3.205724,238.321557
SPHINCS+-SHA2-128f-simple_run30,active,74.178315,5.38375,0.596119,3.209357,238.362464
SPHINCS+-SHA2-128f-simple_run30,active,74.191059,5.3825,0.59594,3.207649,238.403343
SPHINCS+-SHA2-128f-simple_run30,active,74.2038,5.3825,0.596477,3.210536,238.444248
SPHINCS+-SHA2-128f-simple_run30,active,74.21654,5.38375,0.596119,3.209357,238.485135
SPHINCS+-SHA2-128f-simple_run30,active,74.229284,5.3825,0.596119,3.208612,238.526025
SPHINCS+-SHA2-128f-simple_run30,active,74.242023,5.38375,0.597192,3.215132,238.566984
SPHINCS+-SHA2-128f-simple_run30,active,74.254765,5.385,0.596834,3.213953,238.607934
SPHINCS+-SHA2-128f-simple_run30,active,74.267511,5.3825,0.59594,3.207649,238.64882
SPHINCS+-SHA2-128f-simple_run30,active,74.280255,5.38375,0.596119,3.209357,238.689721
SPHINCS+-SHA2-128f-simple_run30,active,74.293,5.38375,0.597907,3.218983,238.730748
SPHINCS+-SHA2-128f-simple_run30,active,74.305741,5.38375,0.595225,3.204544,238.771577
SPHINCS+-SHA2-128f-simple_run30,active,74.318484,5.38375,0.596119,3.209357,238.812473
SPHINCS+-SHA2-128f-simple_run30,active,74.331225,5.38375,0.59594,3.208394,238.853349
SPHINCS+-SHA2-128f-simple_run30,active,74.343964,5.3875,0.598265,3.223152,238.894411
SPHINCS+-SHA2-128f-simple_run30,active,74.356707,5.3825,0.59594,3.207649,238.935284
SPHINCS+-SHA2-128f-simple_run30,active,74.369454,5.38375,0.59594,3.208394,238.976182
SPHINCS+-SHA2-128f-simple_run30,active,74.382199,5.38125,0.594868,3.201131,239.016981
SPHINCS+-SHA2-128f-simple_run30,active,74.394943,5.3875,0.59594,3.210629,239.057897
SPHINCS+-SHA2-128f-simple_run30,active,74.407685,5.3825,0.595762,3.206687,239.098757
SPHINCS+-SHA2-128f-simple_run30,active,74.420427,5.3825,0.595583,3.205724,239.139603
SPHINCS+-SHA2-128f-simple_run30,active,74.433169,5.38,0.599874,3.227322,239.180726
SPHINCS+-SHA2-128f-simple_run30,active,74.445911,5.38375,0.596834,3.213207,239.22167
SPHINCS+-SHA2-128f-simple_run30,active,74.458653,5.3825,0.595404,3.204762,239.262506
SPHINCS+-SHA2-128f-simple_run30,active,74.471402,5.385,0.596298,3.211065,239.303442
SPHINCS+-SHA2-128f-simple_run30,active,74.484147,5.38,0.596477,3.209045,239.344341
SPHINCS+-SHA2-128f-simple_run30,active,74.496888,5.38375,0.596119,3.209357,239.385233
SPHINCS+-SHA2-128f-simple_run30,active,74.509631,5.38375,0.596119,3.209357,239.426129
SPHINCS+-SHA2-128f-simple_run30,active,74.522372,5.3825,0.59594,3.207649,239.466998
SPHINCS+-SHA2-128f-simple_run30,active,74.535118,5.3825,0.59594,3.207649,239.507882
SPHINCS+-SHA2-128f-simple_run30,active,74.547858,5.38375,0.595762,3.207432,239.548744
SPHINCS+-SHA2-128f-simple_run30,active,74.560597,5.38375,0.595583,3.206469,239.589591
SPHINCS+-SHA2-128f-simple_run30,active,74.573347,5.3875,0.595583,3.208702,239.630502
SPHINCS+-SHA2-128f-simple_run30,active,74.586093,5.385,0.59594,3.209139,239.671407
SPHINCS+-SHA2-128f-simple_run30,active,74.598838,5.385,0.595762,3.208176,239.712294
SPHINCS+-SHA2-128f-simple_run30,active,74.61158,5.3825,0.595762,3.206687,239.753154
SPHINCS+-SHA2-128f-simple_run30,active,74.624322,5.3825,0.597907,3.218236,239.794161
SPHINCS+-SHA2-128f-simple_run30,active,74.637062,5.3875,0.595762,3.209666,239.835053
SPHINCS+-SHA2-128f-simple_run30,active,74.649803,5.385,0.59594,3.209139,239.87594
SPHINCS+-SHA2-128f-simple_run30,active,74.662547,5.3775,0.593437,3.191209,239.916607
SPHINCS+-SHA2-128f-simple_run30,active,74.675297,5.38375,0.597728,3.21802,239.95764
SPHINCS+-SHA2-128f-simple_run30,active,74.688046,5.38375,0.594689,3.201656,239.998456
SPHINCS+-SHA2-128f-simple_run30,active,74.700792,5.38375,0.593437,3.194918,240.03918
SPHINCS+-SHA2-128f-simple_run30,active,74.713536,5.38375,0.594331,3.199731,240.079957
SPHINCS+-SHA2-128f-simple_run30,active,74.726276,5.38375,0.595583,3.206469,240.120807
SPHINCS+-SHA2-128f-simple_run30,active,74.739019,5.38375,0.596119,3.209357,240.161702
SPHINCS+-SHA2-128f-simple_run30,active,74.751761,5.3825,0.596834,3.212461,240.202636
SPHINCS+-SHA2-128f-simple_run30,active,74.764503,5.38125,0.595225,3.203056,240.243449
SPHINCS+-SHA2-128f-simple_run30,active,74.777244,5.3825,0.59308,3.192251,240.284121
SPHINCS+-SHA2-128f-simple_run30,active,74.789988,5.38375,0.593616,3.19588,240.324852
SPHINCS+-SHA2-128f-simple_run30,active,74.802735,5.38375,0.596298,3.210319,240.365771
SPHINCS+-SHA2-128f-simple_run30,active,74.815476,5.38375,0.597192,3.215132,240.406738
SPHINCS+-SHA2-128f-simple_run30,active,74.828215,5.38,0.59594,3.206159,240.44758
SPHINCS+-SHA2-128f-simple_run30,active,74.840958,5.38375,0.595404,3.205506,240.488427
SPHINCS+-SHA2-128f-simple_run30,active,74.853698,5.38125,0.594689,3.200169,240.529198
SPHINCS+-SHA2-128f-simple_run30,active,74.86644,5.3825,0.593974,3.197063,240.569935
SPHINCS+-SHA2-128f-simple_run30,active,74.879191,5.385,0.593616,3.196622,240.610695
SPHINCS+-SHA2-128f-simple_run30,active,74.891935,5.38375,0.592364,3.189142,240.651339
SPHINCS+-SHA2-128f-simple_run30,active,74.904678,5.385,0.595583,3.207213,240.692207
SPHINCS+-SHA2-128f-simple_run30,active,74.917421,5.3975,0.595583,3.214658,240.73317
SPHINCS+-SHA2-128f-simple_run30,active,74.930162,5.3975,0.595404,3.213693,240.774117
SPHINCS+-SHA2-128f-simple_run30,active,74.942905,5.3975,0.601304,3.24554,240.815474
SPHINCS+-SHA2-128f-simple_run30,active,74.955644,5.39625,0.596119,3.216808,240.856453
SPHINCS+-SHA2-128f-simple_run30,active,74.968384,5.39625,0.596119,3.216808,240.897435
SPHINCS+-SHA2-128f-simple_run30,active,74.981131,5.39625,0.596834,3.220668,240.938489
SPHINCS+-SHA2-128f-simple_run30,active,74.993877,5.405,0.595404,3.218159,240.979507
SPHINCS+-SHA2-128f-simple_run30,active,75.006621,5.39625,0.59594,3.215843,241.020491
SPHINCS+-SHA2-128f-simple_run30,active,75.019362,5.39625,0.595583,3.213914,241.061441
SPHINCS+-SHA2-128f-simple_run30,active,75.032108,5.39875,0.595225,3.213472,241.102398
SPHINCS+-SHA2-128f-simple_run30,active,75.044849,5.395,0.600947,3.242108,241.143706
SPHINCS+-SHA2-128f-simple_run30,active,75.057591,5.39625,0.595583,3.213914,241.184657
SPHINCS+-SHA2-128f-simple_run30,active,75.070333,5.39625,0.59594,3.215843,241.225635
SPHINCS+-SHA2-128f-simple_run30,idle_post,75.083189,5.39875,0.444676,2.400692,241.225671
SPHINCS+-SHA2-128f-simple_run30,idle_post,75.095954,5.3975,0.438775,2.368289,241.255901
SPHINCS+-SHA2-128f-simple_run30,idle_post,75.108697,5.39625,0.445033,2.40151,241.286503
SPHINCS+-SHA2-128f-simple_run30,idle_post,75.121457,5.39375,0.438596,2.365679,241.31669
SPHINCS+-SHA2-128f-simple_run30,idle_post,75.134197,5.39875,0.440921,2.380421,241.347018
SPHINCS+-SHA2-128f-simple_run30,idle_post,75.146939,5.3975,0.441636,2.38373,241.37739
SPHINCS+-SHA2-128f-simple_run30,idle_post,75.159677,5.40125,0.440384,2.378626,241.407689
SPHINCS+-SHA2-128f-simple_run30,idle_post,75.172413,5.3975,0.441457,2.382765,241.438036
SPHINCS+-SHA2-128f-simple_run30,idle_post,75.185175,5.39875,0.442351,2.388144,241.468513
SPHINCS+-SHA2-128f-simple_run30,idle_post,75.197925,5.3975,0.440384,2.376975,241.498819
SPHINCS+-SHA2-128f-simple_run30,idle_post,75.210663,5.3975,0.440384,2.376975,241.529099
SPHINCS+-SHA2-128f-simple_run30,idle_post,75.223399,5.39625,0.438418,2.365811,241.559229
SPHINCS+-SHA2-128f-simple_run30,idle_post,75.236134,5.3975,0.440921,2.37987,241.589538
SPHINCS+-SHA2-128f-simple_run30,idle_post,75.248871,5.39625,0.440384,2.376424,241.619804
SPHINCS+-SHA2-128f-simple_run30,idle_post,75.261606,5.3975,0.443782,2.395311,241.65031
SPHINCS+-SHA2-128f-simple_run30,idle_post,75.274346,5.3975,0.438596,2.367324,241.68047
SPHINCS+-SHA2-128f-simple_run30,idle_post,75.287102,5.395,0.440384,2.375874,241.710776
SPHINCS+-SHA2-128f-simple_run30,idle_post,75.29984,5.3975,0.440206,2.37601,241.741041
SPHINCS+-SHA2-128f-simple_run30,idle_post,75.312575,5.39625,0.436987,2.358092,241.771072
SPHINCS+-SHA2-128f-simple_run30,idle_post,75.325308,5.3975,0.440027,2.375045,241.801314
SPHINCS+-SHA2-128f-simple_run30,idle_post,75.338045,5.3975,0.440563,2.37794,241.831602
SPHINCS+-SHA2-128f-simple_run30,idle_post,75.350782,5.39875,0.444854,2.401658,241.86219
SPHINCS+-SHA2-128f-simple_run30,idle_post,75.366514,5.3925,0.440206,2.373809,241.899536
SPHINCS+-SHA2-128f-simple_run30,idle_post,75.379293,5.39875,0.439848,2.374629,241.929881
SPHINCS+-SHA2-128f-simple_run30,idle_post,75.392053,5.3975,0.440027,2.375045,241.960187
SPHINCS+-SHA2-128f-simple_run30,idle_post,75.404795,5.39625,0.442172,2.386073,241.990591
SPHINCS+-SHA2-128f-simple_run30,idle_post,75.417534,5.3875,0.440206,2.371608,242.020801
SPHINCS+-SHA2-128f-simple_run30,idle_post,75.430275,5.39625,0.440206,2.375459,242.051069
SPHINCS+-SHA2-128f-simple_run30,idle_post,75.443022,5.3925,0.442351,2.385379,242.081474
SPHINCS+-SHA2-128f-simple_run30,idle_post,75.455753,5.3975,0.440206,2.37601,242.111724
SPHINCS+-SHA2-128f-simple_run30,idle_post,75.468488,5.39625,0.440384,2.376424,242.141987
SPHINCS+-SHA2-128f-simple_run30,idle_post,75.481223,5.39625,0.441457,2.382213,242.172324
SPHINCS+-SHA2-128f-simple_run30,idle_post,75.493967,5.39625,0.441994,2.385108,242.202719
SPHINCS+-SHA2-128f-simple_run30,idle_post,75.506711,5.39625,0.440206,2.375459,242.232992
SPHINCS+-SHA2-128f-simple_run30,idle_post,75.519445,5.39625,0.440027,2.374495,242.26323
SPHINCS+-SHA2-128f-simple_run30,idle_post,75.532179,5.39625,0.448252,2.418878,242.294033
SPHINCS+-SHA2-128f-simple_run30,idle_post,75.544915,5.39625,0.440384,2.376424,242.324297
SPHINCS+-SHA2-128f-simple_run30,idle_post,75.55765,5.39625,0.440206,2.375459,242.354549
SPHINCS+-SHA2-128f-simple_run30,idle_post,75.570427,5.3975,0.439669,2.373115,242.384872
SPHINCS+-SHA2-128f-simple_run30,idle_post,75.58317,5.3975,0.439669,2.373115,242.41511
SPHINCS+-SHA2-128f-simple_run30,idle_post,75.595913,5.3975,0.440206,2.37601,242.445388
SPHINCS+-SHA2-128f-simple_run30,idle_post,75.608652,5.3975,0.440027,2.375045,242.475645
SPHINCS+-SHA2-128f-simple_run30,idle_post,75.621387,5.3975,0.437881,2.363464,242.505742
SPHINCS+-SHA2-128f-simple_run30,idle_post,75.634123,5.3975,0.440027,2.375045,242.53599
SPHINCS+-SHA2-128f-simple_run30,idle_post,75.646864,5.39625,0.440384,2.376424,242.566269
SPHINCS+-SHA2-128f-simple_run30,idle_post,75.659599,5.39875,0.439669,2.373664,242.596497
SPHINCS+-SHA2-128f-simple_run30,idle_post,75.672334,5.3975,0.438596,2.367324,242.626647
SPHINCS+-SHA2-128f-simple_run30,idle_post,75.685069,5.395,0.444497,2.39806,242.657186
SPHINCS+-SHA2-128f-simple_run30,idle_post,75.697814,5.3975,0.437881,2.363464,242.687308
SPHINCS+-SHA2-128f-simple_run30,idle_post,75.710555,5.39625,0.439133,2.36967,242.717501
