run_id,phase,time_s,voltage_v,current_a,power_w,energy_j
SPHINCS+-SHA2-128f-simple_run09,active,0.000508,5.3975,0.593258,3.202112,3.2e-05
SPHINCS+-SHA2-128f-simple_run09,active,0.013364,5.39875,0.590576,3.188374,0.041019
SPHINCS+-SHA2-128f-simple_run09,active,0.026123,5.39875,0.594152,3.20768,0.081948
SPHINCS+-SHA2-128f-simple_run09,active,0.03887,5.39375,0.591292,3.189279,0.1226
SPHINCS+-SHA2-128f-simple_run09,active,0.051618,5.39375,0.592186,3.194101,0.163319
SPHINCS+-SHA2-128f-simple_run09,active,0.064375,5.3975,0.593258,3.202112,0.20417
SPHINCS+-SHA2-128f-simple_run09,active,0.077117,5.4,0.593258,3.203595,0.244988
SPHINCS+-SHA2-128f-simple_run09,active,0.089858,5.3975,0.592364,3.197287,0.285725
SPHINCS+-SHA2-128f-simple_run09,active,0.102598,5.3975,0.592543,3.198252,0.32647
SPHINCS+-SHA2-128f-simple_run09,active,0.11534,5.39875,0.591113,3.19127,0.367134
SPHINCS+-SHA2-128f-simple_run09,active,0.128084,5.39625,0.590576,3.186898,0.407748
SPHINCS+-SHA2-128f-simple_run09,active,0.140825,5.39625,0.592722,3.198476,0.448501
SPHINCS+-SHA2-128f-simple_run09,active,0.153573,5.3925,0.59308,3.198182,0.489271
SPHINCS+-SHA2-128f-simple_run09,active,0.16632,5.3975,0.593795,3.205007,0.530126
SPHINCS+-SHA2-128f-simple_run09,active,0.179061,5.39625,0.592901,3.199441,0.570888
SPHINCS+-SHA2-128f-simple_run09,active,0.191801,5.39875,0.592901,3.200923,0.611669
SPHINCS+-SHA2-128f-simple_run09,active,0.204544,5.3975,0.592901,3.200182,0.652449
SPHINCS+-SHA2-128f-simple_run09,active,0.217285,5.39875,0.589682,3.183548,0.693009
SPHINCS+-SHA2-128f-simple_run09,active,0.230024,5.3975,0.59308,3.201147,0.733791
SPHINCS+-SHA2-128f-simple_run09,active,0.242765,5.3975,0.592901,3.200182,0.774562
SPHINCS+-SHA2-128f-simple_run09,active,0.255513,5.3975,0.59451,3.208868,0.815469
SPHINCS+-SHA2-128f-simple_run09,active,0.26826,5.39125,0.592186,3.192621,0.856167
SPHINCS+-SHA2-128f-simple_run09,active,0.280999,5.395,0.592901,3.1987,0.896916
SPHINCS+-SHA2-128f-simple_run09,active,0.293751,5.39625,0.591649,3.192687,0.937627
SPHINCS+-SHA2-128f-simple_run09,active,0.306492,5.395,0.487409,2.62957,0.971131
SPHINCS+-SHA2-128f-simple_run09,active,0.319236,5.39625,0.48419,2.612812,1.004429
SPHINCS+-SHA2-128f-simple_run09,active,0.331981,5.39875,0.484012,2.613058,1.037731
SPHINCS+-SHA2-128f-simple_run09,active,0.34472,5.39875,0.483475,2.610162,1.070984
SPHINCS+-SHA2-128f-simple_run09,active,0.357471,5.40125,0.482402,2.605576,1.104207
SPHINCS+-SHA2-128f-simple_run09,active,0.370217,5.3975,0.483475,2.609557,1.137469
SPHINCS+-SHA2-128f-simple_run09,active,0.382959,5.4,0.484012,2.613663,1.170772
SPHINCS+-SHA2-128f-simple_run09,active,0.395702,5.3975,0.486515,2.625964,1.204234
SPHINCS+-SHA2-128f-simple_run09,active,0.408445,5.3975,0.601126,3.244575,1.245578
SPHINCS+-SHA2-128f-simple_run09,active,0.421188,5.39625,0.59451,3.208125,1.286462
SPHINCS+-SHA2-128f-simple_run09,active,0.433931,5.39875,0.592543,3.198993,1.327225
SPHINCS+-SHA2-128f-simple_run09,active,0.446672,5.3975,0.601304,3.24554,1.368576
SPHINCS+-SHA2-128f-simple_run09,active,0.459419,5.39625,0.59308,3.200406,1.409373
SPHINCS+-SHA2-128f-simple_run09,active,0.472169,5.3975,0.593258,3.202112,1.450199
SPHINCS+-SHA2-128f-simple_run09,active,0.484911,5.3975,0.592901,3.200182,1.490977
SPHINCS+-SHA2-128f-simple_run09,active,0.497653,5.3975,0.588431,3.176055,1.531445
SPHINCS+-SHA2-128f-simple_run09,active,0.510394,5.39625,0.59594,3.215843,1.57242
SPHINCS+-SHA2-128f-simple_run09,active,0.523137,5.39875,0.592543,3.198993,1.613184
SPHINCS+-SHA2-128f-simple_run09,active,0.535884,5.3975,0.592901,3.200182,1.653976
SPHINCS+-SHA2-128f-simple_run09,active,0.548633,5.39625,0.593437,3.202335,1.694803
SPHINCS+-SHA2-128f-simple_run09,active,0.56138,5.39625,0.592186,3.195582,1.735535
SPHINCS+-SHA2-128f-simple_run09,active,0.574126,5.395,0.592543,3.196771,1.776283
SPHINCS+-SHA2-128f-simple_run09,active,0.586865,5.3975,0.592186,3.196322,1.817
SPHINCS+-SHA2-128f-simple_run09,active,0.599606,5.39875,0.592722,3.199958,1.857771
SPHINCS+-SHA2-128f-simple_run09,active,0.61235,5.39875,0.598444,3.230847,1.898946
SPHINCS+-SHA2-128f-simple_run09,active,0.625091,5.39625,0.592722,3.198476,1.939696
SPHINCS+-SHA2-128f-simple_run09,active,0.637833,5.40375,0.592364,3.200989,1.980484
SPHINCS+-SHA2-128f-simple_run09,active,0.650577,5.3975,0.592543,3.198252,2.021241
SPHINCS+-SHA2-128f-simple_run09,active,0.663323,5.39625,0.592543,3.197511,2.061999
SPHINCS+-SHA2-128f-simple_run09,active,0.676074,5.3975,0.592901,3.200182,2.102803
SPHINCS+-SHA2-128f-simple_run09,active,0.688815,5.39875,0.593616,3.204784,2.143636
SPHINCS+-SHA2-128f-simple_run09,active,0.701556,5.3975,0.592901,3.200182,2.184408
SPHINCS+-SHA2-128f-simple_run09,active,0.714296,5.39625,0.599516,3.23514,2.225625
SPHINCS+-SHA2-128f-simple_run09,active,0.727036,5.4,0.592901,3.201664,2.266415
SPHINCS+-SHA2-128f-simple_run09,active,0.739777,5.3975,0.592901,3.200182,2.307188
SPHINCS+-SHA2-128f-simple_run09,active,0.75252,5.395,0.59308,3.199664,2.347961
SPHINCS+-SHA2-128f-simple_run09,active,0.765269,5.395,0.593437,3.201594,2.388777
SPHINCS+-SHA2-128f-simple_run09,active,0.778014,5.39375,0.591828,3.192172,2.429462
SPHINCS+-SHA2-128f-simple_run09,active,0.790756,5.39875,0.593616,3.204784,2.470298
SPHINCS+-SHA2-128f-simple_run09,active,0.803498,5.3975,0.593437,3.203077,2.51111
SPHINCS+-SHA2-128f-simple_run09,active,0.816242,5.395,0.594331,3.206417,2.551972
SPHINCS+-SHA2-128f-simple_run09,active,0.828985,5.39625,0.591649,3.192687,2.592658
SPHINCS+-SHA2-128f-simple_run09,active,0.841725,5.3975,0.592901,3.200182,2.633429
SPHINCS+-SHA2-128f-simple_run09,active,0.854463,5.39625,0.592007,3.194617,2.674121
SPHINCS+-SHA2-128f-simple_run09,active,0.867211,5.3975,0.592901,3.200182,2.714917
SPHINCS+-SHA2-128f-simple_run09,active,0.879958,5.39625,0.59308,3.200406,2.755713
SPHINCS+-SHA2-128f-simple_run09,active,0.892701,5.39875,0.592007,3.196097,2.79644
SPHINCS+-SHA2-128f-simple_run09,active,0.905441,5.39625,0.593437,3.202335,2.837239
SPHINCS+-SHA2-128f-simple_run09,active,0.918185,5.39625,0.596834,3.220668,2.878281
SPHINCS+-SHA2-128f-simple_run09,active,0.930924,5.39875,0.592722,3.199958,2.919048
SPHINCS+-SHA2-128f-simple_run09,active,0.943666,5.3975,0.594152,3.206938,2.959909
SPHINCS+-SHA2-128f-simple_run09,active,0.956415,5.3975,0.587894,3.17316,3.000365
SPHINCS+-SHA2-128f-simple_run09,active,0.969179,5.39875,0.592901,3.200923,3.041221
SPHINCS+-SHA2-128f-simple_run09,active,0.981927,5.39625,0.595046,3.211019,3.082154
SPHINCS+-SHA2-128f-simple_run09,active,0.994669,5.39625,0.592722,3.198476,3.122911
SPHINCS+-SHA2-128f-simple_run09,active,1.007411,5.4,0.60041,3.242216,3.164223
SPHINCS+-SHA2-128f-simple_run09,active,1.020156,5.3975,0.597013,3.222379,3.205291
SPHINCS+-SHA2-128f-simple_run09,active,1.032896,5.3975,0.592901,3.200182,3.246061
SPHINCS+-SHA2-128f-simple_run09,active,1.045636,5.3975,0.592901,3.200182,3.286833
SPHINCS+-SHA2-128f-simple_run09,active,1.058376,5.3975,0.593258,3.202112,3.327626
SPHINCS+-SHA2-128f-simple_run09,active,1.071123,5.39625,0.592901,3.199441,3.368409
SPHINCS+-SHA2-128f-simple_run09,active,1.083868,5.395,0.592901,3.1987,3.409178
SPHINCS+-SHA2-128f-simple_run09,active,1.096612,5.39625,0.594689,3.209089,3.450073
SPHINCS+-SHA2-128f-simple_run09,active,1.10935,5.3975,0.592186,3.196322,3.49079
SPHINCS+-SHA2-128f-simple_run09,active,1.122089,5.3975,0.598265,3.229134,3.531926
SPHINCS+-SHA2-128f-simple_run09,active,1.134829,5.39625,0.595583,3.213914,3.572871
SPHINCS+-SHA2-128f-simple_run09,active,1.147567,5.4,0.595046,3.213251,3.613799
SPHINCS+-SHA2-128f-simple_run09,active,1.160308,5.39625,0.593437,3.202335,3.654601
SPHINCS+-SHA2-128f-simple_run09,active,1.173053,5.3975,0.593258,3.202112,3.695413
SPHINCS+-SHA2-128f-simple_run09,active,1.185831,5.39875,0.592007,3.196097,3.736251
SPHINCS+-SHA2-128f-simple_run09,active,1.198582,5.3925,0.592722,3.196253,3.777007
SPHINCS+-SHA2-128f-simple_run09,active,1.211322,5.39875,0.593795,3.20575,3.817849
SPHINCS+-SHA2-128f-simple_run09,active,1.224064,5.39625,0.598622,3.230316,3.859009
SPHINCS+-SHA2-128f-simple_run09,active,1.236803,5.395,0.592901,3.1987,3.899757
SPHINCS+-SHA2-128f-simple_run09,active,1.249542,5.39625,0.594689,3.209089,3.940638
SPHINCS+-SHA2-128f-simple_run09,active,1.262284,5.39625,0.592901,3.199441,3.981404
SPHINCS+-SHA2-128f-simple_run09,active,1.277909,5.39125,0.586822,3.163702,4.030838
SPHINCS+-SHA2-128f-simple_run09,active,1.2907,5.3975,0.592901,3.200182,4.071771
SPHINCS+-SHA2-128f-simple_run09,active,1.303448,5.395,0.593258,3.200629,4.112573
SPHINCS+-SHA2-128f-simple_run09,active,1.316193,5.4,0.590219,3.187182,4.153194
SPHINCS+-SHA2-128f-simple_run09,active,1.328932,5.39875,0.592007,3.196097,4.19391
SPHINCS+-SHA2-128f-simple_run09,active,1.341676,5.39625,0.592901,3.199441,4.234682
SPHINCS+-SHA2-128f-simple_run09,active,1.354417,5.39625,0.592901,3.199441,4.275447
SPHINCS+-SHA2-128f-simple_run09,active,1.367154,5.3975,0.594331,3.207903,4.316306
SPHINCS+-SHA2-128f-simple_run09,active,1.37995,5.395,0.592901,3.1987,4.357237
SPHINCS+-SHA2-128f-simple_run09,active,1.392703,5.3975,0.592722,3.199217,4.398037
SPHINCS+-SHA2-128f-simple_run09,active,1.405443,5.3975,0.593437,3.203077,4.438842
SPHINCS+-SHA2-128f-simple_run09,active,1.418183,5.39875,0.593974,3.206715,4.479698
SPHINCS+-SHA2-128f-simple_run09,active,1.430922,5.3975,0.59308,3.201147,4.520476
SPHINCS+-SHA2-128f-simple_run09,active,1.443661,5.39625,0.592364,3.196546,4.561196
SPHINCS+-SHA2-128f-simple_run09,active,1.456402,5.4,0.593974,3.207457,4.602063
SPHINCS+-SHA2-128f-simple_run09,active,1.46914,5.4,0.59308,3.20263,4.642857
SPHINCS+-SHA2-128f-simple_run09,active,1.481884,5.3975,0.592901,3.200182,4.683641
SPHINCS+-SHA2-128f-simple_run09,active,1.494631,5.3975,0.59451,3.208868,4.724545
SPHINCS+-SHA2-128f-simple_run09,active,1.507372,5.3925,0.593795,3.202038,4.765341
SPHINCS+-SHA2-128f-simple_run09,active,1.520114,5.3975,0.592901,3.200182,4.806118
SPHINCS+-SHA2-128f-simple_run09,active,1.532853,5.3975,0.59755,3.225274,4.847206
SPHINCS+-SHA2-128f-simple_run09,active,1.545593,5.39625,0.593795,3.204265,4.888027
SPHINCS+-SHA2-128f-simple_run09,active,1.558333,5.4025,0.59308,3.204113,4.928847
SPHINCS+-SHA2-128f-simple_run09,active,1.571073,5.39625,0.594689,3.209089,4.969731
SPHINCS+-SHA2-128f-simple_run09,active,1.583819,5.39625,0.593437,3.202335,5.010549
SPHINCS+-SHA2-128f-simple_run09,active,1.596567,5.39875,0.590576,3.188374,5.051194
SPHINCS+-SHA2-128f-simple_run09,active,1.609306,5.3975,0.592901,3.200182,5.091961
SPHINCS+-SHA2-128f-simple_run09,active,1.622047,5.3975,0.593437,3.203077,5.132772
SPHINCS+-SHA2-128f-simple_run09,active,1.634786,5.395,0.596119,3.216063,5.173742
SPHINCS+-SHA2-128f-simple_run09,active,1.647526,5.4025,0.59451,3.21184,5.214662
SPHINCS+-SHA2-128f-simple_run09,active,1.660267,5.3975,0.592901,3.200182,5.255434
SPHINCS+-SHA2-128f-simple_run09,active,1.673005,5.3975,0.592364,3.197287,5.29616
SPHINCS+-SHA2-128f-simple_run09,active,1.685751,5.39875,0.592543,3.198993,5.336935
SPHINCS+-SHA2-128f-simple_run09,active,1.698496,5.39625,0.592007,3.194617,5.377652
SPHINCS+-SHA2-128f-simple_run09,active,1.711235,5.39625,0.593437,3.202335,5.418445
SPHINCS+-SHA2-128f-simple_run09,active,1.723977,5.3975,0.593616,3.204042,5.459272
SPHINCS+-SHA2-128f-simple_run09,active,1.736718,5.39375,0.590934,3.18735,5.49988
SPHINCS+-SHA2-128f-simple_run09,active,1.749456,5.3975,0.592543,3.198252,5.540622
SPHINCS+-SHA2-128f-simple_run09,active,1.762196,5.395,0.592722,3.197735,5.581361
SPHINCS+-SHA2-128f-simple_run09,active,1.774936,5.3975,0.592722,3.199217,5.622116
SPHINCS+-SHA2-128f-simple_run09,active,1.787681,5.395,0.593795,3.203523,5.662946
SPHINCS+-SHA2-128f-simple_run09,active,1.800429,5.3975,0.595583,3.214658,5.703928
SPHINCS+-SHA2-128f-simple_run09,active,1.813169,5.39625,0.592543,3.197511,5.744662
SPHINCS+-SHA2-128f-simple_run09,active,1.825907,5.3975,0.59147,3.192461,5.78533
SPHINCS+-SHA2-128f-simple_run09,active,1.838647,5.39875,0.592543,3.198993,5.826085
SPHINCS+-SHA2-128f-simple_run09,active,1.851401,5.39875,0.593258,3.202854,5.866933
SPHINCS+-SHA2-128f-simple_run09,active,1.864144,5.3975,0.590576,3.187636,5.907554
SPHINCS+-SHA2-128f-simple_run09,active,1.876883,5.40375,0.590398,3.190361,5.948196
SPHINCS+-SHA2-128f-simple_run09,active,1.889631,5.3975,0.591292,3.191496,5.98888
SPHINCS+-SHA2-128f-simple_run09,active,1.902375,5.3975,0.592364,3.197287,6.029626
SPHINCS+-SHA2-128f-simple_run09,active,1.915114,5.39875,0.594868,3.211541,6.070537
SPHINCS+-SHA2-128f-simple_run09,active,1.927853,5.39875,0.592543,3.198993,6.111289
SPHINCS+-SHA2-128f-simple_run09,active,1.940593,5.3975,0.598086,3.228169,6.152416
SPHINCS+-SHA2-128f-simple_run09,active,1.953336,5.39625,0.592901,3.199441,6.193189
SPHINCS+-SHA2-128f-simple_run09,active,1.966097,5.3975,0.592543,3.198252,6.234002
SPHINCS+-SHA2-128f-simple_run09,active,1.97884,5.39625,0.593616,3.2033,6.27482
SPHINCS+-SHA2-128f-simple_run09,active,1.991589,5.395,0.592364,3.195806,6.315565
SPHINCS+-SHA2-128f-simple_run09,active,2.004339,5.3975,0.592901,3.200182,6.356366
SPHINCS+-SHA2-128f-simple_run09,active,2.017093,5.38625,0.592722,3.192549,6.397083
SPHINCS+-SHA2-128f-simple_run09,active,2.029871,5.395,0.592722,3.197735,6.437943
SPHINCS+-SHA2-128f-simple_run09,active,2.042619,5.39625,0.597013,3.221632,6.479013
SPHINCS+-SHA2-128f-simple_run09,active,2.055363,5.40125,0.594331,3.210131,6.519925
SPHINCS+-SHA2-128f-simple_run09,active,2.068109,5.405,0.592007,3.199797,6.560708
SPHINCS+-SHA2-128f-simple_run09,active,2.080852,5.3975,0.592901,3.200182,6.601488
SPHINCS+-SHA2-128f-simple_run09,active,2.093604,5.3975,0.592364,3.197287,6.642261
SPHINCS+-SHA2-128f-simple_run09,active,2.106356,5.3975,0.591649,3.193427,6.682984
SPHINCS+-SHA2-128f-simple_run09,active,2.119099,5.39875,0.592722,3.199958,6.72376
SPHINCS+-SHA2-128f-simple_run09,active,2.131843,5.39625,0.592901,3.199441,6.764532
SPHINCS+-SHA2-128f-simple_run09,active,2.144585,5.39625,0.640283,3.455126,6.80856
SPHINCS+-SHA2-128f-simple_run09,active,2.157324,5.40375,0.589504,3.18553,6.849139
SPHINCS+-SHA2-128f-simple_run09,active,2.170064,5.3975,0.592543,3.198252,6.889884
SPHINCS+-SHA2-128f-simple_run09,active,2.182803,5.3975,0.592722,3.199217,6.93064
SPHINCS+-SHA2-128f-simple_run09,active,2.195549,5.39625,0.592722,3.198476,6.971409
SPHINCS+-SHA2-128f-simple_run09,active,2.208296,5.3975,0.590576,3.187636,7.012041
SPHINCS+-SHA2-128f-simple_run09,active,2.221035,5.39625,0.592722,3.198476,7.052786
SPHINCS+-SHA2-128f-simple_run09,active,2.233775,5.39625,0.592901,3.199441,7.093546
SPHINCS+-SHA2-128f-simple_run09,active,2.246564,5.395,0.59147,3.190983,7.134357
SPHINCS+-SHA2-128f-simple_run09,active,2.259313,5.3975,0.592901,3.200182,7.175155
SPHINCS+-SHA2-128f-simple_run09,active,2.272056,5.3925,0.593258,3.199146,7.215923
SPHINCS+-SHA2-128f-simple_run09,active,2.284796,5.3975,0.593974,3.205973,7.256766
SPHINCS+-SHA2-128f-simple_run09,active,2.297542,5.39625,0.59004,3.184003,7.297351
SPHINCS+-SHA2-128f-simple_run09,active,2.310292,5.395,0.592364,3.195806,7.338096
SPHINCS+-SHA2-128f-simple_run09,active,2.323035,5.3975,0.592901,3.200182,7.378877
SPHINCS+-SHA2-128f-simple_run09,active,2.335778,5.3975,0.594331,3.207903,7.419754
SPHINCS+-SHA2-128f-simple_run09,active,2.348522,5.3975,0.593258,3.202112,7.460563
SPHINCS+-SHA2-128f-simple_run09,active,2.361263,5.39625,0.592364,3.196546,7.50129
SPHINCS+-SHA2-128f-simple_run09,active,2.374004,5.3975,0.593258,3.202112,7.542088
SPHINCS+-SHA2-128f-simple_run09,active,2.386744,5.39375,0.599695,3.234606,7.583297
SPHINCS+-SHA2-128f-simple_run09,active,2.399492,5.39625,0.596119,3.216808,7.624305
SPHINCS+-SHA2-128f-simple_run09,active,2.412245,5.39625,0.592901,3.199441,7.665106
SPHINCS+-SHA2-128f-simple_run09,active,2.424985,5.39625,0.59308,3.200406,7.705879
SPHINCS+-SHA2-128f-simple_run09,active,2.437727,5.3925,0.592901,3.197218,7.746618
SPHINCS+-SHA2-128f-simple_run09,active,2.450469,5.3975,0.598622,3.231064,7.787788
SPHINCS+-SHA2-128f-simple_run09,active,2.46321,5.395,0.592722,3.197735,7.828531
SPHINCS+-SHA2-128f-simple_run09,active,2.475951,5.39375,0.593616,3.201816,7.869325
SPHINCS+-SHA2-128f-simple_run09,active,2.488694,5.39625,0.592901,3.199441,7.910096
SPHINCS+-SHA2-128f-simple_run09,active,2.50144,5.39625,0.598622,3.230316,7.951269
SPHINCS+-SHA2-128f-simple_run09,active,2.514183,5.3975,0.595404,3.213693,7.992223
SPHINCS+-SHA2-128f-simple_run09,active,2.526924,5.38875,0.593616,3.198848,8.032979
SPHINCS+-SHA2-128f-simple_run09,active,2.539665,5.39875,0.593616,3.204784,8.073809
SPHINCS+-SHA2-128f-simple_run09,active,2.555167,5.3975,0.588967,3.17895,8.123089
SPHINCS+-SHA2-128f-simple_run09,active,2.56797,5.3975,0.592543,3.198252,8.164039
SPHINCS+-SHA2-128f-simple_run09,active,2.580718,5.39625,0.592543,3.197511,8.204799
SPHINCS+-SHA2-128f-simple_run09,active,2.593457,5.3975,0.59308,3.201147,8.24558
SPHINCS+-SHA2-128f-simple_run09,active,2.606205,5.3975,0.591828,3.194392,8.286301
SPHINCS+-SHA2-128f-simple_run09,active,2.618952,5.3825,0.592364,3.188401,8.326943
SPHINCS+-SHA2-128f-simple_run09,active,2.631693,5.3825,0.593258,3.193213,8.367628
SPHINCS+-SHA2-128f-simple_run09,active,2.644435,5.395,0.59308,3.199664,8.408398
SPHINCS+-SHA2-128f-simple_run09,active,2.657183,5.39375,0.596834,3.219176,8.449437
SPHINCS+-SHA2-128f-simple_run09,active,2.669924,5.395,0.592901,3.1987,8.490191
SPHINCS+-SHA2-128f-simple_run09,active,2.682665,5.3975,0.593437,3.203077,8.531003
SPHINCS+-SHA2-128f-simple_run09,active,2.695407,5.39625,0.595583,3.213914,8.571953
SPHINCS+-SHA2-128f-simple_run09,active,2.708155,5.39625,0.593258,3.201371,8.612765
SPHINCS+-SHA2-128f-simple_run09,active,2.720898,5.39625,0.594331,3.20716,8.653634
SPHINCS+-SHA2-128f-simple_run09,active,2.733637,5.3975,0.593258,3.202112,8.694425
SPHINCS+-SHA2-128f-simple_run09,active,2.746377,5.38625,0.59147,3.185807,8.735011
SPHINCS+-SHA2-128f-simple_run09,active,2.759116,5.395,0.592901,3.1987,8.77576
SPHINCS+-SHA2-128f-simple_run09,active,2.771856,5.3975,0.593258,3.202112,8.816555
SPHINCS+-SHA2-128f-simple_run09,active,2.784597,5.39875,0.592543,3.198993,8.857314
SPHINCS+-SHA2-128f-simple_run09,active,2.797334,5.39625,0.592901,3.199441,8.898065
SPHINCS+-SHA2-128f-simple_run09,active,2.81008,5.3975,0.593258,3.202112,8.93888
SPHINCS+-SHA2-128f-simple_run09,active,2.822825,5.3975,0.592722,3.199217,8.979654
SPHINCS+-SHA2-128f-simple_run09,active,2.835566,5.39375,0.594152,3.20471,9.020484
SPHINCS+-SHA2-128f-simple_run09,active,2.848307,5.39,0.592901,3.195735,9.0612
SPHINCS+-SHA2-128f-simple_run09,active,2.861048,5.39625,0.592543,3.197511,9.10194
SPHINCS+-SHA2-128f-simple_run09,active,2.873788,5.3975,0.592364,3.197287,9.142674
SPHINCS+-SHA2-128f-simple_run09,active,2.88657,5.3975,0.595046,3.211763,9.183727
SPHINCS+-SHA2-128f-simple_run09,active,2.899309,5.39625,0.592364,3.196546,9.224448
SPHINCS+-SHA2-128f-simple_run09,active,2.912055,5.395,0.592722,3.197735,9.265206
SPHINCS+-SHA2-128f-simple_run09,active,2.924802,5.39875,0.592901,3.200923,9.306007
SPHINCS+-SHA2-128f-simple_run09,active,2.937541,5.38625,0.593795,3.198327,9.346751
SPHINCS+-SHA2-128f-simple_run09,active,2.950283,5.395,0.592007,3.193877,9.387449
SPHINCS+-SHA2-128f-simple_run09,active,2.963038,5.39875,0.592901,3.200923,9.428276
SPHINCS+-SHA2-128f-simple_run09,active,2.975782,5.39375,0.597013,3.22014,9.469314
SPHINCS+-SHA2-128f-simple_run09,active,2.988527,5.39625,0.593616,3.2033,9.510138
SPHINCS+-SHA2-128f-simple_run09,active,3.001264,5.39625,0.592901,3.199441,9.550891
SPHINCS+-SHA2-128f-simple_run09,active,3.014011,5.39625,0.593974,3.20523,9.591748
SPHINCS+-SHA2-128f-simple_run09,active,3.026756,5.39875,0.591649,3.194166,9.632457
SPHINCS+-SHA2-128f-simple_run09,active,3.039496,5.39625,0.592901,3.199441,9.673219
SPHINCS+-SHA2-128f-simple_run09,active,3.052239,5.3975,0.593437,3.203077,9.714035
SPHINCS+-SHA2-128f-simple_run09,active,3.064977,5.3975,0.59308,3.201147,9.754811
SPHINCS+-SHA2-128f-simple_run09,active,3.077719,5.3975,0.589146,3.179916,9.795329
SPHINCS+-SHA2-128f-simple_run09,active,3.09046,5.39625,0.593258,3.201371,9.836118
SPHINCS+-SHA2-128f-simple_run09,active,3.103199,5.3975,0.592901,3.200182,9.876887
SPHINCS+-SHA2-128f-simple_run09,active,3.115948,5.3975,0.588431,3.176055,9.917375
SPHINCS+-SHA2-128f-simple_run09,active,3.128694,5.39625,0.594152,3.206195,9.958243
SPHINCS+-SHA2-128f-simple_run09,active,3.141432,5.3975,0.592901,3.200182,9.999007
SPHINCS+-SHA2-128f-simple_run09,active,3.154173,5.39625,0.593258,3.201371,10.039796
SPHINCS+-SHA2-128f-simple_run09,active,3.166914,5.39625,0.59004,3.184003,10.080363
SPHINCS+-SHA2-128f-simple_run09,active,3.179655,5.39625,0.593795,3.204265,10.121187
SPHINCS+-SHA2-128f-simple_run09,active,3.192397,5.3975,0.592364,3.197287,10.161929
SPHINCS+-SHA2-128f-simple_run09,active,3.205137,5.3975,0.59594,3.216588,10.202907
SPHINCS+-SHA2-128f-simple_run09,active,3.217882,5.39625,0.592901,3.199441,10.243686
SPHINCS+-SHA2-128f-simple_run09,active,3.230628,5.39625,0.593258,3.201371,10.28449
SPHINCS+-SHA2-128f-simple_run09,active,3.243369,5.3975,0.593437,3.203077,10.325299
SPHINCS+-SHA2-128f-simple_run09,active,3.256112,5.39625,0.595404,3.212949,10.366241
SPHINCS+-SHA2-128f-simple_run09,active,3.268852,5.39875,0.593795,3.20575,10.407083
SPHINCS+-SHA2-128f-simple_run09,active,3.281594,5.395,0.594152,3.205452,10.447927
SPHINCS+-SHA2-128f-simple_run09,active,3.294336,5.3975,0.595762,3.215623,10.488901
SPHINCS+-SHA2-128f-simple_run09,active,3.307078,5.4025,0.593258,3.205079,10.52974
SPHINCS+-SHA2-128f-simple_run09,active,3.319822,5.39875,0.593437,3.203819,10.57057
SPHINCS+-SHA2-128f-simple_run09,active,3.332569,5.3975,0.593437,3.203077,10.611398
SPHINCS+-SHA2-128f-simple_run09,active,3.345307,5.39375,0.593258,3.199887,10.65216
SPHINCS+-SHA2-128f-simple_run09,active,3.358049,5.39375,0.593795,3.202781,10.692969
SPHINCS+-SHA2-128f-simple_run09,active,3.370789,5.39875,0.59308,3.201888,10.733761
SPHINCS+-SHA2-128f-simple_run09,active,3.383531,5.3975,0.59308,3.201147,10.774552
SPHINCS+-SHA2-128f-simple_run09,active,3.396274,5.4025,0.594331,3.210874,10.815467
SPHINCS+-SHA2-128f-simple_run09,active,3.409015,5.395,0.593437,3.201594,10.856256
SPHINCS+-SHA2-128f-simple_run09,active,3.421762,5.39625,0.593258,3.201371,10.897065
SPHINCS+-SHA2-128f-simple_run09,active,3.434513,5.39625,0.593258,3.201371,10.937885
SPHINCS+-SHA2-128f-simple_run09,active,3.447256,5.39375,0.592901,3.197959,10.978638
SPHINCS+-SHA2-128f-simple_run09,active,3.460001,5.39625,0.593437,3.202335,11.01945
SPHINCS+-SHA2-128f-simple_run09,active,3.472741,5.39,0.592901,3.195735,11.060166
SPHINCS+-SHA2-128f-simple_run09,active,3.485482,5.3975,0.592901,3.200182,11.10094
SPHINCS+-SHA2-128f-simple_run09,active,3.498221,5.39625,0.59308,3.200406,11.14171
SPHINCS+-SHA2-128f-simple_run09,active,3.51096,5.39625,0.592722,3.198476,11.182454
SPHINCS+-SHA2-128f-simple_run09,active,3.523708,5.3975,0.593974,3.205973,11.223323
SPHINCS+-SHA2-128f-simple_run09,active,3.536458,5.38625,0.592007,3.188697,11.263979
SPHINCS+-SHA2-128f-simple_run09,active,3.549229,5.3975,0.593437,3.203077,11.304886
SPHINCS+-SHA2-128f-simple_run09,active,3.561971,5.39625,0.592901,3.199441,11.345652
SPHINCS+-SHA2-128f-simple_run09,active,3.574713,5.3975,0.595404,3.213693,11.386601
SPHINCS+-SHA2-128f-simple_run09,active,3.587452,5.39625,0.595225,3.211984,11.427519
SPHINCS+-SHA2-128f-simple_run09,active,3.600195,5.3975,0.592364,3.197287,11.468262
SPHINCS+-SHA2-128f-simple_run09,active,3.612933,5.39875,0.592901,3.200923,11.509036
SPHINCS+-SHA2-128f-simple_run09,active,3.625679,5.3975,0.591649,3.193427,11.549739
SPHINCS+-SHA2-128f-simple_run09,active,3.638421,5.38,0.593437,3.192692,11.59042
SPHINCS+-SHA2-128f-simple_run09,active,3.651167,5.3925,0.593258,3.199146,11.631198
SPHINCS+-SHA2-128f-simple_run09,active,3.663945,5.39625,0.592722,3.198476,11.672068
SPHINCS+-SHA2-128f-simple_run09,active,3.67669,5.3975,0.593437,3.203077,11.712891
SPHINCS+-SHA2-128f-simple_run09,active,3.689431,5.3975,0.592901,3.200182,11.753663
SPHINCS+-SHA2-128f-simple_run09,active,3.702171,5.3975,0.592901,3.200182,11.794434
SPHINCS+-SHA2-128f-simple_run09,active,3.714912,5.39625,0.592364,3.196546,11.835162
SPHINCS+-SHA2-128f-simple_run09,active,3.72766,5.39625,0.593258,3.201371,11.875973
SPHINCS+-SHA2-128f-simple_run09,active,3.74041,5.38625,0.592901,3.193512,11.916692
SPHINCS+-SHA2-128f-simple_run09,active,3.75315,5.39625,0.593258,3.201371,11.957477
SPHINCS+-SHA2-128f-simple_run09,active,3.765891,5.39625,0.592901,3.199441,11.998239
SPHINCS+-SHA2-128f-simple_run09,active,3.778631,5.3975,0.593437,3.203077,12.039046
SPHINCS+-SHA2-128f-simple_run09,active,3.79137,5.39875,0.593258,3.202854,12.07985
SPHINCS+-SHA2-128f-simple_run09,active,3.804114,5.39875,0.594689,3.210576,12.120764
SPHINCS+-SHA2-128f-simple_run09,active,3.816854,5.40125,0.593437,3.205303,12.161599
SPHINCS+-SHA2-128f-simple_run09,active,3.832392,5.3975,0.592901,3.200182,12.211324
SPHINCS+-SHA2-128f-simple_run09,active,3.845157,5.39875,0.595225,3.213472,12.252344
SPHINCS+-SHA2-128f-simple_run09,active,3.857905,5.39375,0.59308,3.198923,12.293124
SPHINCS+-SHA2-128f-simple_run09,active,3.870648,5.395,0.59308,3.199664,12.333896
SPHINCS+-SHA2-128f-simple_run09,active,3.88339,5.395,0.593974,3.204488,12.374729
SPHINCS+-SHA2-128f-simple_run09,active,3.896135,5.39875,0.593795,3.20575,12.415587
SPHINCS+-SHA2-128f-simple_run09,active,3.908874,5.395,0.598444,3.228603,12.456715
SPHINCS+-SHA2-128f-simple_run09,active,3.921615,5.39875,0.593258,3.202854,12.497522
SPHINCS+-SHA2-128f-simple_run09,active,3.934363,5.395,0.593258,3.200629,12.538324
SPHINCS+-SHA2-128f-simple_run09,active,3.947108,5.39625,0.597728,3.225492,12.579434
SPHINCS+-SHA2-128f-simple_run09,active,3.959864,5.39625,0.594152,3.206195,12.62033
SPHINCS+-SHA2-128f-simple_run09,active,3.97261,5.3975,0.593437,3.203077,12.661156
SPHINCS+-SHA2-128f-simple_run09,active,3.985347,5.3975,0.590934,3.189566,12.701784
SPHINCS+-SHA2-128f-simple_run09,active,3.998089,5.39875,0.593258,3.202854,12.742594
SPHINCS+-SHA2-128f-simple_run09,active,4.010828,5.395,0.594152,3.205452,12.783429
SPHINCS+-SHA2-128f-simple_run09,active,4.023611,5.395,0.592901,3.1987,12.824316
SPHINCS+-SHA2-128f-simple_run09,active,4.036531,5.39375,0.595762,3.213389,12.865835
SPHINCS+-SHA2-128f-simple_run09,active,4.04928,5.38625,0.593258,3.195438,12.906574
SPHINCS+-SHA2-128f-simple_run09,active,4.061725,5.38875,0.593258,3.196921,12.946358
SPHINCS+-SHA2-128f-simple_run09,active,4.074163,5.39,0.593795,3.200554,12.986168
SPHINCS+-SHA2-128f-simple_run09,active,4.086601,5.3875,0.592364,3.191363,13.025861
SPHINCS+-SHA2-128f-simple_run09,active,4.09904,5.3875,0.592901,3.194253,13.065595
SPHINCS+-SHA2-128f-simple_run09,active,4.111477,5.3875,0.593258,3.19618,13.105347
SPHINCS+-SHA2-128f-simple_run09,active,4.123949,5.39,0.592543,3.193808,13.145178
SPHINCS+-SHA2-128f-simple_run09,active,4.136391,5.3875,0.588788,3.172098,13.184646
SPHINCS+-SHA2-128f-simple_run09,active,4.148844,5.395,0.592722,3.197735,13.224467
SPHINCS+-SHA2-128f-simple_run09,active,4.161591,5.395,0.59308,3.199664,13.265253
SPHINCS+-SHA2-128f-simple_run09,active,4.174335,5.3975,0.594152,3.206938,13.306123
SPHINCS+-SHA2-128f-simple_run09,active,4.187076,5.3975,0.593258,3.202112,13.34692
SPHINCS+-SHA2-128f-simple_run09,active,4.199816,5.3975,0.593258,3.202112,13.387716
SPHINCS+-SHA2-128f-simple_run09,active,4.212559,5.395,0.593437,3.201594,13.428515
SPHINCS+-SHA2-128f-simple_run09,active,4.225297,5.3975,0.593437,3.203077,13.469314
SPHINCS+-SHA2-128f-simple_run09,active,4.238044,5.4,0.592901,3.201664,13.510124
SPHINCS+-SHA2-128f-simple_run09,active,4.25079,5.39375,0.592722,3.196994,13.550876
SPHINCS+-SHA2-128f-simple_run09,active,4.263532,5.3975,0.592364,3.197287,13.591614
SPHINCS+-SHA2-128f-simple_run09,active,4.276274,5.4,0.598265,3.23063,13.632778
SPHINCS+-SHA2-128f-simple_run09,active,4.289014,5.39625,0.592901,3.199441,13.67354
SPHINCS+-SHA2-128f-simple_run09,active,4.301758,5.395,0.59308,3.199664,13.714316
SPHINCS+-SHA2-128f-simple_run09,active,4.314502,5.39875,0.592007,3.196097,13.755048
SPHINCS+-SHA2-128f-simple_run09,active,4.327248,5.4,0.594331,3.209388,13.795954
SPHINCS+-SHA2-128f-simple_run09,active,4.339998,5.39625,0.592901,3.199441,13.836748
SPHINCS+-SHA2-128f-simple_run09,active,4.352746,5.3925,0.592901,3.197218,13.877505
SPHINCS+-SHA2-128f-simple_run09,active,4.365488,5.39375,0.594152,3.20471,13.918339
SPHINCS+-SHA2-128f-simple_run09,active,4.37823,5.39625,0.59308,3.200406,13.959118
SPHINCS+-SHA2-128f-simple_run09,active,4.39097,5.39625,0.593437,3.202335,13.999918
SPHINCS+-SHA2-128f-simple_run09,active,4.403711,5.39625,0.59308,3.200406,14.040692
SPHINCS+-SHA2-128f-simple_run09,active,4.416453,5.405,0.592722,3.203662,14.081513
SPHINCS+-SHA2-128f-simple_run09,active,4.429195,5.39875,0.592901,3.200923,14.1223
SPHINCS+-SHA2-128f-simple_run09,active,4.441945,5.38875,0.593616,3.198848,14.163087
SPHINCS+-SHA2-128f-simple_run09,active,4.454695,5.4,0.592901,3.201664,14.203907
SPHINCS+-SHA2-128f-simple_run09,active,4.467437,5.3975,0.590755,3.188601,14.244537
SPHINCS+-SHA2-128f-simple_run09,active,4.480181,5.3975,0.590934,3.189566,14.285183
SPHINCS+-SHA2-128f-simple_run09,active,4.492921,5.395,0.590934,3.188089,14.325801
SPHINCS+-SHA2-128f-simple_run09,active,4.505663,5.3975,0.591292,3.191496,14.366465
SPHINCS+-SHA2-128f-simple_run09,active,4.518404,5.3975,0.592543,3.198252,14.407217
SPHINCS+-SHA2-128f-simple_run09,active,4.531147,5.39625,0.593437,3.202335,14.448024
SPHINCS+-SHA2-128f-simple_run09,active,4.543934,5.3975,0.596834,3.221414,14.489216
SPHINCS+-SHA2-128f-simple_run09,active,4.556683,5.3925,0.592901,3.197218,14.529975
SPHINCS+-SHA2-128f-simple_run09,active,4.569422,5.39875,0.593258,3.202854,14.570778
SPHINCS+-SHA2-128f-simple_run09,active,4.582164,5.39875,0.593258,3.202854,14.611589
SPHINCS+-SHA2-128f-simple_run09,active,4.594905,5.4,0.597728,3.227733,14.652714
SPHINCS+-SHA2-128f-simple_run09,active,4.607646,5.39625,0.59308,3.200406,14.69349
SPHINCS+-SHA2-128f-simple_run09,active,4.620388,5.39625,0.593795,3.204265,14.734318
SPHINCS+-SHA2-128f-simple_run09,active,4.633127,5.395,0.594331,3.206417,14.775163
SPHINCS+-SHA2-128f-simple_run09,active,4.645872,5.39625,0.593258,3.201371,14.815967
SPHINCS+-SHA2-128f-simple_run09,active,4.658619,5.3975,0.593437,3.203077,14.856795
SPHINCS+-SHA2-128f-simple_run09,active,4.671362,5.4,0.593795,3.206492,14.897654
SPHINCS+-SHA2-128f-simple_run09,active,4.684114,5.39625,0.594152,3.206195,14.938542
SPHINCS+-SHA2-128f-simple_run09,active,4.696853,5.3975,0.592901,3.200182,14.979309
SPHINCS+-SHA2-128f-simple_run09,active,4.709593,5.39625,0.594152,3.206195,15.020157
SPHINCS+-SHA2-128f-simple_run09,active,4.722334,5.39875,0.593437,3.203819,15.060976
SPHINCS+-SHA2-128f-simple_run09,active,4.735075,5.3975,0.590219,3.185706,15.101564
SPHINCS+-SHA2-128f-simple_run09,active,4.747824,5.39625,0.593616,3.2033,15.142403
SPHINCS+-SHA2-128f-simple_run09,active,4.760572,5.3975,0.592543,3.198252,15.183174
SPHINCS+-SHA2-128f-simple_run09,active,4.773312,5.3975,0.594152,3.206938,15.224032
SPHINCS+-SHA2-128f-simple_run09,active,4.786053,5.39875,0.59451,3.209611,15.264926
SPHINCS+-SHA2-128f-simple_run09,active,4.798794,5.39625,0.593437,3.202335,15.305725
SPHINCS+-SHA2-128f-simple_run09,active,4.811537,5.39625,0.593258,3.201371,15.34652
SPHINCS+-SHA2-128f-simple_run09,active,4.824277,5.39625,0.59308,3.200406,15.387293
SPHINCS+-SHA2-128f-simple_run09,active,4.837018,5.39625,0.592901,3.199441,15.428058
SPHINCS+-SHA2-128f-simple_run09,active,4.849762,5.39625,0.593258,3.201371,15.468856
SPHINCS+-SHA2-128f-simple_run09,active,4.862509,5.3975,0.594152,3.206938,15.509734
SPHINCS+-SHA2-128f-simple_run09,active,4.87525,5.3925,0.59004,3.181791,15.550275
SPHINCS+-SHA2-128f-simple_run09,active,4.887993,5.3975,0.594331,3.207903,15.591153
SPHINCS+-SHA2-128f-simple_run09,active,4.900734,5.39625,0.593437,3.202335,15.631953
SPHINCS+-SHA2-128f-simple_run09,active,4.913472,5.3975,0.592543,3.198252,15.672694
SPHINCS+-SHA2-128f-simple_run09,active,4.926211,5.39375,0.592901,3.197959,15.713432
SPHINCS+-SHA2-128f-simple_run09,active,4.93895,5.3975,0.593616,3.204042,15.754249
SPHINCS+-SHA2-128f-simple_run09,active,4.951692,5.39625,0.592543,3.197511,15.794992
SPHINCS+-SHA2-128f-simple_run09,active,4.964456,5.395,0.593437,3.201594,15.835854
SPHINCS+-SHA2-128f-simple_run09,active,4.977231,5.395,0.59308,3.199664,15.876731
SPHINCS+-SHA2-128f-simple_run09,active,4.989977,5.39875,0.592901,3.200923,15.917531
SPHINCS+-SHA2-128f-simple_run09,active,5.002719,5.39625,0.592901,3.199441,15.958298
SPHINCS+-SHA2-128f-simple_run09,active,5.015466,5.4,0.592186,3.197802,15.999058
SPHINCS+-SHA2-128f-simple_run09,active,5.028209,5.39875,0.59308,3.201888,16.039861
SPHINCS+-SHA2-128f-simple_run09,active,5.040949,5.39625,0.59308,3.200406,16.080635
SPHINCS+-SHA2-128f-simple_run09,active,5.053696,5.39625,0.59308,3.200406,16.121429
SPHINCS+-SHA2-128f-simple_run09,active,5.066441,5.3975,0.592543,3.198252,16.162191
SPHINCS+-SHA2-128f-simple_run09,active,5.07918,5.3975,0.592901,3.200182,16.20296
SPHINCS+-SHA2-128f-simple_run09,active,5.091955,5.39625,0.592722,3.198476,16.243821
SPHINCS+-SHA2-128f-simple_run09,active,5.107509,5.39625,0.592901,3.199441,16.293585
SPHINCS+-SHA2-128f-simple_run09,active,5.120268,5.39625,0.593437,3.202335,16.334443
SPHINCS+-SHA2-128f-simple_run09,active,5.13301,5.3975,0.593795,3.205007,16.37528
SPHINCS+-SHA2-128f-simple_run09,active,5.145749,5.40125,0.589861,3.185988,16.415867
SPHINCS+-SHA2-128f-simple_run09,active,5.158498,5.4,0.592722,3.200699,16.456673
SPHINCS+-SHA2-128f-simple_run09,active,5.171244,5.39,0.593258,3.197663,16.497429
SPHINCS+-SHA2-128f-simple_run09,active,5.183987,5.39625,0.593258,3.201371,16.538226
SPHINCS+-SHA2-128f-simple_run09,active,5.196727,5.39625,0.59308,3.200406,16.578998
SPHINCS+-SHA2-128f-simple_run09,active,5.209464,5.3975,0.592901,3.200182,16.619759
SPHINCS+-SHA2-128f-simple_run09,active,5.222205,5.3975,0.59308,3.201147,16.660544
SPHINCS+-SHA2-128f-simple_run09,active,5.234942,5.40125,0.593616,3.206268,16.701383
SPHINCS+-SHA2-128f-simple_run09,active,5.247681,5.39625,0.593437,3.202335,16.742179
SPHINCS+-SHA2-128f-simple_run09,active,5.260429,5.3975,0.593437,3.203077,16.783011
SPHINCS+-SHA2-128f-simple_run09,active,5.273171,5.39625,0.592901,3.199441,16.823778
SPHINCS+-SHA2-128f-simple_run09,active,5.28591,5.39125,0.592901,3.196476,16.864497
SPHINCS+-SHA2-128f-simple_run09,active,5.298654,5.3975,0.593258,3.202112,16.905305
SPHINCS+-SHA2-128f-simple_run09,active,5.31139,5.39625,0.59308,3.200406,16.946067
SPHINCS+-SHA2-128f-simple_run09,active,5.324135,5.39625,0.593437,3.202335,16.986878
SPHINCS+-SHA2-128f-simple_run09,active,5.336872,5.39625,0.593437,3.202335,17.027666
SPHINCS+-SHA2-128f-simple_run09,active,5.349609,5.39125,0.592364,3.193585,17.068344
SPHINCS+-SHA2-128f-simple_run09,active,5.362353,5.39875,0.593974,3.206715,17.109211
SPHINCS+-SHA2-128f-simple_run09,active,5.375098,5.3975,0.591113,3.190531,17.149874
SPHINCS+-SHA2-128f-simple_run09,active,5.38784,5.3975,0.593437,3.203077,17.190687
SPHINCS+-SHA2-128f-simple_run09,active,5.400582,5.39625,0.593437,3.202335,17.231492
SPHINCS+-SHA2-128f-simple_run09,active,5.41332,5.3975,0.592901,3.200182,17.272256
SPHINCS+-SHA2-128f-simple_run09,active,5.426061,5.395,0.593258,3.200629,17.313035
SPHINCS+-SHA2-128f-simple_run09,active,5.4388,5.39875,0.592901,3.200923,17.353812
SPHINCS+-SHA2-128f-simple_run09,active,5.45154,5.3975,0.593258,3.202112,17.394607
SPHINCS+-SHA2-128f-simple_run09,active,5.464286,5.3975,0.592901,3.200182,17.435397
SPHINCS+-SHA2-128f-simple_run09,active,5.477036,5.39875,0.59308,3.201888,17.476221
SPHINCS+-SHA2-128f-simple_run09,active,5.489776,5.39625,0.59308,3.200406,17.516995
SPHINCS+-SHA2-128f-simple_run09,active,5.502559,5.39625,0.593437,3.202335,17.557929
SPHINCS+-SHA2-128f-simple_run09,active,5.515299,5.39875,0.590934,3.190305,17.598572
SPHINCS+-SHA2-128f-simple_run09,active,5.528044,5.3975,0.593258,3.202112,17.639383
SPHINCS+-SHA2-128f-simple_run09,active,5.540783,5.395,0.593616,3.202558,17.680182
SPHINCS+-SHA2-128f-simple_run09,active,5.553522,5.39625,0.592364,3.196546,17.720902
SPHINCS+-SHA2-128f-simple_run09,active,5.566268,5.39625,0.590398,3.185933,17.76151
SPHINCS+-SHA2-128f-simple_run09,active,5.579013,5.39625,0.593258,3.201371,17.802312
SPHINCS+-SHA2-128f-simple_run09,active,5.591753,5.3975,0.592901,3.200182,17.843081
SPHINCS+-SHA2-128f-simple_run09,active,5.604495,5.3975,0.590576,3.187636,17.883698
SPHINCS+-SHA2-128f-simple_run09,active,5.617263,5.39625,0.593795,3.204265,17.92461
SPHINCS+-SHA2-128f-simple_run09,active,5.630013,5.39375,0.593974,3.203745,17.96546
SPHINCS+-SHA2-128f-simple_run09,active,5.642756,5.39875,0.590398,3.187409,18.006075
SPHINCS+-SHA2-128f-simple_run09,active,5.655495,5.4025,0.592901,3.203147,18.046882
SPHINCS+-SHA2-128f-simple_run09,active,5.668246,5.3975,0.591292,3.191496,18.087577
SPHINCS+-SHA2-128f-simple_run09,active,5.680991,5.39375,0.593258,3.199887,18.128357
SPHINCS+-SHA2-128f-simple_run09,active,5.693731,5.3975,0.593795,3.205007,18.169191
SPHINCS+-SHA2-128f-simple_run09,active,5.706483,5.4,0.593616,3.205526,18.210067
SPHINCS+-SHA2-128f-simple_run09,active,5.719224,5.395,0.593258,3.200629,18.250845
SPHINCS+-SHA2-128f-simple_run09,active,5.731972,5.39625,0.593616,3.2033,18.291682
SPHINCS+-SHA2-128f-simple_run09,active,5.744712,5.40375,0.59451,3.212583,18.33261
SPHINCS+-SHA2-128f-simple_run09,active,5.757453,5.3975,0.592186,3.196322,18.373334
SPHINCS+-SHA2-128f-simple_run09,active,5.770192,5.3975,0.600589,3.24168,18.414629
SPHINCS+-SHA2-128f-simple_run09,active,5.782935,5.3975,0.592007,3.195357,18.455348
SPHINCS+-SHA2-128f-simple_run09,active,5.795692,5.3975,0.591113,3.190531,18.496049
SPHINCS+-SHA2-128f-simple_run09,active,5.80847,5.39625,0.591113,3.189792,18.536808
SPHINCS+-SHA2-128f-simple_run09,active,5.821264,5.39625,0.593974,3.20523,18.577817
SPHINCS+-SHA2-128f-simple_run09,active,5.83401,5.4,0.592901,3.201664,18.618627
SPHINCS+-SHA2-128f-simple_run09,active,5.846754,5.3975,0.592901,3.200182,18.659409
SPHINCS+-SHA2-128f-simple_run09,active,5.859496,5.395,0.592543,3.196771,18.700143
SPHINCS+-SHA2-128f-simple_run09,active,5.872238,5.39625,0.591113,3.189792,18.740786
SPHINCS+-SHA2-128f-simple_run09,active,5.884977,5.395,0.592186,3.194841,18.781486
SPHINCS+-SHA2-128f-simple_run09,active,5.897717,5.3975,0.591828,3.194392,18.822182
SPHINCS+-SHA2-128f-simple_run09,active,5.910457,5.39625,0.593258,3.201371,18.862966
SPHINCS+-SHA2-128f-simple_run09,active,5.923194,5.3975,0.597728,3.226239,18.904059
SPHINCS+-SHA2-128f-simple_run09,active,5.935938,5.39625,0.595225,3.211984,18.944993
SPHINCS+-SHA2-128f-simple_run09,active,5.948682,5.39875,0.590755,3.18934,18.985638
SPHINCS+-SHA2-128f-simple_run09,active,5.961435,5.39625,0.591113,3.189792,19.026317
SPHINCS+-SHA2-128f-simple_run09,active,5.974174,5.3975,0.590576,3.187636,19.066925
SPHINCS+-SHA2-128f-simple_run09,active,5.986921,5.39625,0.592901,3.199441,19.10771
SPHINCS+-SHA2-128f-simple_run09,active,5.999662,5.3975,0.592901,3.200182,19.148482
SPHINCS+-SHA2-128f-simple_run09,active,6.012419,5.3975,0.592901,3.200182,19.189307
SPHINCS+-SHA2-128f-simple_run09,active,6.025192,5.39625,0.591113,3.189792,19.23005
SPHINCS+-SHA2-128f-simple_run09,active,6.037942,5.3975,0.591113,3.190531,19.270729
SPHINCS+-SHA2-128f-simple_run09,active,6.050687,5.39625,0.590219,3.184968,19.311322
SPHINCS+-SHA2-128f-simple_run09,active,6.06343,5.3975,0.589682,3.182811,19.351879
SPHINCS+-SHA2-128f-simple_run09,active,6.076174,5.39625,0.594331,3.20716,19.392753
SPHINCS+-SHA2-128f-simple_run09,active,6.08892,5.3975,0.592901,3.200182,19.433541
SPHINCS+-SHA2-128f-simple_run09,active,6.101662,5.39875,0.593258,3.202854,19.474353
SPHINCS+-SHA2-128f-simple_run09,active,6.114404,5.39625,0.587537,3.170495,19.51475
SPHINCS+-SHA2-128f-simple_run09,active,6.127141,5.3975,0.591649,3.193427,19.555426
SPHINCS+-SHA2-128f-simple_run09,active,6.139919,5.3975,0.591828,3.194392,19.596244
SPHINCS+-SHA2-128f-simple_run09,active,6.152667,5.39625,0.593437,3.202335,19.637067
SPHINCS+-SHA2-128f-simple_run09,active,6.165409,5.39625,0.590219,3.184968,19.677649
SPHINCS+-SHA2-128f-simple_run09,active,6.178147,5.3975,0.593795,3.205007,19.718477
SPHINCS+-SHA2-128f-simple_run09,active,6.190888,5.3975,0.594152,3.206938,19.759334
SPHINCS+-SHA2-128f-simple_run09,active,6.203631,5.39625,0.590576,3.186898,19.799944
SPHINCS+-SHA2-128f-simple_run09,active,6.216374,5.3975,0.59147,3.192461,19.840626
SPHINCS+-SHA2-128f-simple_run09,active,6.229113,5.3975,0.591292,3.191496,19.881282
SPHINCS+-SHA2-128f-simple_run09,active,6.241856,5.39875,0.593258,3.202854,19.922097
SPHINCS+-SHA2-128f-simple_run09,active,6.254598,5.38875,0.593437,3.197885,19.962845
SPHINCS+-SHA2-128f-simple_run09,active,6.267338,5.39875,0.59308,3.201888,20.003637
SPHINCS+-SHA2-128f-simple_run09,active,6.280078,5.3975,0.590934,3.189566,20.044273
SPHINCS+-SHA2-128f-simple_run09,active,6.292824,5.3975,0.59147,3.192461,20.084963
SPHINCS+-SHA2-128f-simple_run09,active,6.305567,5.395,0.590576,3.18616,20.125566
SPHINCS+-SHA2-128f-simple_run09,active,6.318308,5.3975,0.591113,3.190531,20.166215
SPHINCS+-SHA2-128f-simple_run09,active,6.331053,5.39625,0.592364,3.196546,20.206955
SPHINCS+-SHA2-128f-simple_run09,active,6.343801,5.3925,0.593616,3.201074,20.247761
SPHINCS+-SHA2-128f-simple_run09,active,6.356544,5.3975,0.593258,3.202112,20.288566
SPHINCS+-SHA2-128f-simple_run09,active,6.36928,5.39875,0.593616,3.204784,20.329381
SPHINCS+-SHA2-128f-simple_run09,active,6.384885,5.39625,0.589325,3.180144,20.379007
SPHINCS+-SHA2-128f-simple_run09,active,6.397651,5.39625,0.591292,3.190757,20.419743
SPHINCS+-SHA2-128f-simple_run09,active,6.410395,5.39875,0.591113,3.19127,20.46041
SPHINCS+-SHA2-128f-simple_run09,active,6.423133,5.39625,0.589861,3.183039,20.500958
SPHINCS+-SHA2-128f-simple_run09,active,6.435873,5.4,0.59308,3.20263,20.541757
SPHINCS+-SHA2-128f-simple_run09,active,6.448619,5.3975,0.59308,3.201147,20.582561
SPHINCS+-SHA2-128f-simple_run09,active,6.461358,5.39875,0.592901,3.200923,20.623335
SPHINCS+-SHA2-128f-simple_run09,active,6.474105,5.4,0.593258,3.203595,20.664172
SPHINCS+-SHA2-128f-simple_run09,active,6.48685,5.3975,0.592901,3.200182,20.704959
SPHINCS+-SHA2-128f-simple_run09,active,6.499594,5.3975,0.591113,3.190531,20.745618
SPHINCS+-SHA2-128f-simple_run09,active,6.512334,5.3975,0.59147,3.192461,20.786292
SPHINCS+-SHA2-128f-simple_run09,active,6.525068,5.39625,0.590576,3.186898,20.826874
SPHINCS+-SHA2-128f-simple_run09,active,6.53784,5.39375,0.593258,3.199887,20.867743
SPHINCS+-SHA2-128f-simple_run09,active,6.550584,5.39625,0.593258,3.201371,20.908542
SPHINCS+-SHA2-128f-simple_run09,active,6.563324,5.39875,0.593437,3.203819,20.949356
SPHINCS+-SHA2-128f-simple_run09,active,6.576068,5.39375,0.590934,3.18735,20.989979
SPHINCS+-SHA2-128f-simple_run09,active,6.588811,5.3975,0.590755,3.188601,21.030611
SPHINCS+-SHA2-128f-simple_run09,active,6.601555,5.3975,0.591113,3.190531,21.071269
SPHINCS+-SHA2-128f-simple_run09,active,6.614293,5.39625,0.591113,3.189792,21.111901
SPHINCS+-SHA2-128f-simple_run09,active,6.62703,5.3975,0.593258,3.202112,21.152686
SPHINCS+-SHA2-128f-simple_run09,active,6.639771,5.39875,0.592543,3.198993,21.193446
SPHINCS+-SHA2-128f-simple_run09,active,6.652514,5.39875,0.594152,3.20768,21.23432
SPHINCS+-SHA2-128f-simple_run09,active,6.665253,5.3925,0.591292,3.18854,21.274938
SPHINCS+-SHA2-128f-simple_run09,active,6.67799,5.39875,0.592722,3.199958,21.315697
SPHINCS+-SHA2-128f-simple_run09,active,6.690732,5.39875,0.592007,3.196097,21.356421
SPHINCS+-SHA2-128f-simple_run09,active,6.703473,5.39375,0.594331,3.205674,21.397266
SPHINCS+-SHA2-128f-simple_run09,active,6.716217,5.395,0.595046,3.210275,21.438176
SPHINCS+-SHA2-128f-simple_run09,active,6.728964,5.39375,0.593437,3.200852,21.478977
SPHINCS+-SHA2-128f-simple_run09,active,6.741706,5.395,0.591292,3.190018,21.519625
SPHINCS+-SHA2-128f-simple_run09,active,6.754445,5.39875,0.595583,3.215403,21.560587
SPHINCS+-SHA2-128f-simple_run09,active,6.767184,5.39875,0.591113,3.19127,21.601239
SPHINCS+-SHA2-128f-simple_run09,active,6.779963,5.39625,0.590755,3.187863,21.641978
SPHINCS+-SHA2-128f-simple_run09,active,6.792705,5.39625,0.592901,3.199441,21.682744
SPHINCS+-SHA2-128f-simple_run09,active,6.80545,5.395,0.591113,3.189054,21.723388
SPHINCS+-SHA2-128f-simple_run09,active,6.81819,5.3975,0.593616,3.204042,21.764209
SPHINCS+-SHA2-128f-simple_run09,active,6.830934,5.39375,0.592543,3.19603,21.80494
SPHINCS+-SHA2-128f-simple_run09,active,6.843676,5.3975,0.591113,3.190531,21.845592
SPHINCS+-SHA2-128f-simple_run09,active,6.85642,5.3975,0.590755,3.188601,21.886229
SPHINCS+-SHA2-128f-simple_run09,active,6.86916,5.39875,0.59308,3.201888,21.927021
SPHINCS+-SHA2-128f-simple_run09,active,6.881901,5.3975,0.593258,3.202112,21.967819
SPHINCS+-SHA2-128f-simple_run09,active,6.894643,5.39625,0.60041,3.239965,22.009101
SPHINCS+-SHA2-128f-simple_run09,active,6.907385,5.39625,0.593258,3.201371,22.049895
SPHINCS+-SHA2-128f-simple_run09,active,6.920125,5.385,0.608635,3.277501,22.091649
SPHINCS+-SHA2-128f-simple_run09,active,6.932864,5.385,0.593437,3.195659,22.132358
SPHINCS+-SHA2-128f-simple_run09,active,6.945605,5.38375,0.591113,3.182404,22.172904
SPHINCS+-SHA2-128f-simple_run09,active,6.958427,5.38375,0.593258,3.193955,22.213858
SPHINCS+-SHA2-128f-simple_run09,active,6.971179,5.38375,0.608099,3.273852,22.255608
SPHINCS+-SHA2-128f-simple_run09,active,6.983961,5.38375,0.588967,3.170852,22.296136
SPHINCS+-SHA2-128f-simple_run09,active,6.996709,5.38375,0.591113,3.182404,22.336704
SPHINCS+-SHA2-128f-simple_run09,active,7.00945,5.3825,0.590755,3.17974,22.377219
SPHINCS+-SHA2-128f-simple_run09,active,7.022191,5.3975,0.592901,3.200182,22.417991
SPHINCS+-SHA2-128f-simple_run09,active,7.034932,5.39875,0.592901,3.200923,22.458775
SPHINCS+-SHA2-128f-simple_run09,active,7.047674,5.3975,0.593437,3.203077,22.499589
SPHINCS+-SHA2-128f-simple_run09,active,7.060422,5.395,0.593258,3.200629,22.54039
SPHINCS+-SHA2-128f-simple_run09,active,7.073161,5.39375,0.593258,3.199887,22.581155
SPHINCS+-SHA2-128f-simple_run09,active,7.085904,5.39625,0.591113,3.189792,22.621802
SPHINCS+-SHA2-128f-simple_run09,active,7.098646,5.39625,0.592901,3.199441,22.662569
SPHINCS+-SHA2-128f-simple_run09,active,7.111388,5.39625,0.591649,3.192687,22.703249
SPHINCS+-SHA2-128f-simple_run09,active,7.124127,5.4025,0.598801,3.235023,22.74446
SPHINCS+-SHA2-128f-simple_run09,active,7.136864,5.3975,0.59308,3.201147,22.785236
SPHINCS+-SHA2-128f-simple_run09,active,7.149607,5.39625,0.593437,3.202335,22.82604
SPHINCS+-SHA2-128f-simple_run09,active,7.162346,5.3975,0.590934,3.189566,22.866674
SPHINCS+-SHA2-128f-simple_run09,active,7.175083,5.395,0.593437,3.201594,22.907454
SPHINCS+-SHA2-128f-simple_run09,active,7.187825,5.39875,0.592007,3.196097,22.948177
SPHINCS+-SHA2-128f-simple_run09,active,7.200569,5.3975,0.591292,3.191496,22.988849
SPHINCS+-SHA2-128f-simple_run09,active,7.21331,5.4,0.593795,3.206492,23.029704
SPHINCS+-SHA2-128f-simple_run09,active,7.226054,5.39625,0.593258,3.201371,23.070502
SPHINCS+-SHA2-128f-simple_run09,active,7.238799,5.39625,0.593258,3.201371,23.111302
SPHINCS+-SHA2-128f-simple_run09,active,7.251539,5.39625,0.591292,3.190757,23.151953
SPHINCS+-SHA2-128f-simple_run09,active,7.26428,5.3975,0.590755,3.188601,23.192578
SPHINCS+-SHA2-128f-simple_run09,active,7.277016,5.39625,0.591292,3.190757,23.233218
SPHINCS+-SHA2-128f-simple_run09,active,7.289756,5.3975,0.59308,3.201147,23.273998
SPHINCS+-SHA2-128f-simple_run09,active,7.302499,5.39625,0.593258,3.201371,23.314794
SPHINCS+-SHA2-128f-simple_run09,active,7.315238,5.39625,0.598086,3.227422,23.355907
SPHINCS+-SHA2-128f-simple_run09,active,7.327979,5.39,0.591649,3.188989,23.396538
SPHINCS+-SHA2-128f-simple_run09,active,7.34072,5.39625,0.590934,3.188828,23.437169
SPHINCS+-SHA2-128f-simple_run09,active,7.353461,5.39375,0.588431,3.173849,23.477607
SPHINCS+-SHA2-128f-simple_run09,active,7.366204,5.39875,0.591113,3.19127,23.518273
SPHINCS+-SHA2-128f-simple_run09,active,7.378942,5.39875,0.592901,3.200923,23.559044
SPHINCS+-SHA2-128f-simple_run09,active,7.391683,5.3975,0.593258,3.202112,23.599844
SPHINCS+-SHA2-128f-simple_run09,active,7.404426,5.39625,0.595046,3.211019,23.640762
SPHINCS+-SHA2-128f-simple_run09,active,7.417163,5.39875,0.591292,3.192236,23.681421
SPHINCS+-SHA2-128f-simple_run09,active,7.429905,5.3975,0.59594,3.216588,23.722407
SPHINCS+-SHA2-128f-simple_run09,active,7.442646,5.39875,0.592007,3.196097,23.763129
SPHINCS+-SHA2-128f-simple_run09,active,7.45539,5.3975,0.593795,3.205007,23.803972
SPHINCS+-SHA2-128f-simple_run09,active,7.468133,5.39625,0.593437,3.202335,23.844781
SPHINCS+-SHA2-128f-simple_run09,active,7.480874,5.3975,0.59451,3.208868,23.885666
SPHINCS+-SHA2-128f-simple_run09,active,7.493616,5.39625,0.592186,3.195582,23.926383
SPHINCS+-SHA2-128f-simple_run09,active,7.506356,5.3975,0.590576,3.187636,23.966994
SPHINCS+-SHA2-128f-simple_run09,active,7.519097,5.39625,0.600053,3.238035,24.00825
SPHINCS+-SHA2-128f-simple_run09,active,7.531839,5.39625,0.590934,3.188828,24.04888
SPHINCS+-SHA2-128f-simple_run09,active,7.544582,5.39375,0.595583,3.212425,24.089817
SPHINCS+-SHA2-128f-simple_run09,active,7.557324,5.3975,0.593258,3.202112,24.13062
SPHINCS+-SHA2-128f-simple_run09,active,7.570066,5.39625,0.607205,3.276629,24.172368
SPHINCS+-SHA2-128f-simple_run09,active,7.582804,5.39875,0.590934,3.190305,24.213007
SPHINCS+-SHA2-128f-simple_run09,active,7.595545,5.3975,0.591292,3.191496,24.253672
SPHINCS+-SHA2-128f-simple_run09,active,7.608288,5.3975,0.591113,3.190531,24.294328
SPHINCS+-SHA2-128f-simple_run09,active,7.621026,5.3975,0.592901,3.200182,24.335091
SPHINCS+-SHA2-128f-simple_run09,active,7.633764,5.40375,0.592186,3.200023,24.375852
SPHINCS+-SHA2-128f-simple_run09,active,7.646509,5.3975,0.59308,3.201147,24.416651
SPHINCS+-SHA2-128f-simple_run09,active,7.662118,5.39,0.593437,3.198627,24.46658
SPHINCS+-SHA2-128f-simple_run09,active,7.674896,5.39625,0.594689,3.209089,24.507584
SPHINCS+-SHA2-128f-simple_run09,active,7.687645,5.3975,0.592007,3.195357,24.548323
SPHINCS+-SHA2-128f-simple_run09,active,7.700392,5.3975,0.591113,3.190531,24.588991
SPHINCS+-SHA2-128f-simple_run09,active,7.713133,5.39625,0.592901,3.199441,24.629755
SPHINCS+-SHA2-128f-simple_run09,active,7.725872,5.39875,0.593795,3.20575,24.670594
SPHINCS+-SHA2-128f-simple_run09,active,7.738618,5.39125,0.593437,3.199368,24.711373
SPHINCS+-SHA2-128f-simple_run09,active,7.751369,5.39625,0.592901,3.199441,24.75217
SPHINCS+-SHA2-128f-simple_run09,active,7.764114,5.3925,0.593437,3.20011,24.792955
SPHINCS+-SHA2-128f-simple_run09,active,7.776854,5.3975,0.592901,3.200182,24.833724
SPHINCS+-SHA2-128f-simple_run09,active,7.789601,5.39625,0.590755,3.187863,24.87436
SPHINCS+-SHA2-128f-simple_run09,active,7.802344,5.39875,0.592007,3.196097,24.915089
SPHINCS+-SHA2-128f-simple_run09,active,7.815084,5.39,0.590934,3.185134,24.955666
SPHINCS+-SHA2-128f-simple_run09,active,7.827821,5.4,0.591649,3.194906,24.996359
SPHINCS+-SHA2-128f-simple_run09,active,7.840563,5.39875,0.594152,3.20768,25.037234
SPHINCS+-SHA2-128f-simple_run09,active,7.853307,5.39625,0.594331,3.20716,25.078106
SPHINCS+-SHA2-128f-simple_run09,active,7.866051,5.39625,0.593795,3.204265,25.118939
SPHINCS+-SHA2-128f-simple_run09,active,7.878791,5.39625,0.593437,3.202335,25.159739
SPHINCS+-SHA2-128f-simple_run09,active,7.891534,5.39625,0.59147,3.191722,25.20041
SPHINCS+-SHA2-128f-simple_run09,active,7.904279,5.39625,0.590755,3.187863,25.241039
SPHINCS+-SHA2-128f-simple_run09,active,7.917019,5.3975,0.593258,3.202112,25.281833
SPHINCS+-SHA2-128f-simple_run09,active,7.929761,5.39625,0.592722,3.198476,25.32259
SPHINCS+-SHA2-128f-simple_run09,active,7.942508,5.3975,0.594152,3.206938,25.36347
SPHINCS+-SHA2-128f-simple_run09,active,7.955257,5.4,0.59594,3.218078,25.404495
SPHINCS+-SHA2-128f-simple_run09,active,7.968015,5.39875,0.590576,3.188374,25.445174
SPHINCS+-SHA2-128f-simple_run09,active,7.980764,5.3975,0.590934,3.189566,25.485838
SPHINCS+-SHA2-128f-simple_run09,active,7.99351,5.39625,0.590576,3.186898,25.526455
SPHINCS+-SHA2-128f-simple_run09,active,8.006252,5.395,0.59308,3.199664,25.567227
SPHINCS+-SHA2-128f-simple_run09,active,8.018993,5.39375,0.592901,3.197959,25.607972
SPHINCS+-SHA2-128f-simple_run09,active,8.031739,5.38625,0.592364,3.190623,25.64864
SPHINCS+-SHA2-128f-simple_run09,active,8.044484,5.4025,0.591113,3.193487,25.689339
SPHINCS+-SHA2-128f-simple_run09,active,8.057269,5.39625,0.590934,3.188828,25.730108
SPHINCS+-SHA2-128f-simple_run09,active,8.07001,5.39625,0.595583,3.213914,25.771058
SPHINCS+-SHA2-128f-simple_run09,active,8.082753,5.39625,0.591113,3.189792,25.811705
SPHINCS+-SHA2-128f-simple_run09,active,8.095494,5.3975,0.594331,3.207903,25.852578
SPHINCS+-SHA2-128f-simple_run09,active,8.108238,5.3975,0.592901,3.200182,25.893361
SPHINCS+-SHA2-128f-simple_run09,active,8.120977,5.39375,0.594868,3.208567,25.934233
SPHINCS+-SHA2-128f-simple_run09,active,8.133716,5.39625,0.595404,3.212949,25.975165
SPHINCS+-SHA2-128f-simple_run09,active,8.146459,5.39625,0.590398,3.185933,26.015763
SPHINCS+-SHA2-128f-simple_run09,active,8.1592,5.39875,0.591292,3.192236,26.056436
SPHINCS+-SHA2-128f-simple_run09,active,8.171942,5.39625,0.595762,3.214879,26.097399
SPHINCS+-SHA2-128f-simple_run09,active,8.184686,5.3975,0.592007,3.195357,26.13812
SPHINCS+-SHA2-128f-simple_run09,active,8.197428,5.3975,0.592901,3.200182,26.178899
SPHINCS+-SHA2-128f-simple_run09,active,8.210169,5.3975,0.592007,3.195357,26.219608
SPHINCS+-SHA2-128f-simple_run09,active,8.222906,5.39625,0.587179,3.168566,26.259968
SPHINCS+-SHA2-128f-simple_run09,active,8.235648,5.3975,0.590755,3.188601,26.300598
SPHINCS+-SHA2-128f-simple_run09,active,8.248397,5.3975,0.591649,3.193427,26.34131
SPHINCS+-SHA2-128f-simple_run09,active,8.261141,5.395,0.593258,3.200629,26.3821
SPHINCS+-SHA2-128f-simple_run09,active,8.27388,5.395,0.589861,3.182301,26.422637
SPHINCS+-SHA2-128f-simple_run09,active,8.286625,5.39375,0.593258,3.199887,26.463421
SPHINCS+-SHA2-128f-simple_run09,active,8.299369,5.39625,0.591113,3.189792,26.50407
SPHINCS+-SHA2-128f-simple_run09,active,8.312114,5.39875,0.593437,3.203819,26.544903
SPHINCS+-SHA2-128f-simple_run09,active,8.324854,5.39875,0.591649,3.194166,26.585597
SPHINCS+-SHA2-128f-simple_run09,active,8.337598,5.39875,0.593258,3.202854,26.626413
SPHINCS+-SHA2-128f-simple_run09,active,8.350338,5.3975,0.59308,3.201147,26.667198
SPHINCS+-SHA2-128f-simple_run09,active,8.36309,5.39625,0.597013,3.221632,26.708281
SPHINCS+-SHA2-128f-simple_run09,active,8.37583,5.39625,0.593437,3.202335,26.749077
SPHINCS+-SHA2-128f-simple_run09,active,8.388576,5.39625,0.590219,3.184968,26.789672
SPHINCS+-SHA2-128f-simple_run09,active,8.401319,5.39875,0.592186,3.197062,26.830412
SPHINCS+-SHA2-128f-simple_run09,active,8.414062,5.4,0.59147,3.19394,26.871114
SPHINCS+-SHA2-128f-simple_run09,active,8.426802,5.3975,0.593616,3.204042,26.911933
SPHINCS+-SHA2-128f-simple_run09,active,8.439543,5.39625,0.593258,3.201371,26.952722
SPHINCS+-SHA2-128f-simple_run09,active,8.452287,5.3825,0.595046,3.202837,26.993538
SPHINCS+-SHA2-128f-simple_run09,active,8.465026,5.39625,0.590755,3.187863,27.034149
SPHINCS+-SHA2-128f-simple_run09,active,8.477767,5.3975,0.593616,3.204042,27.074971
SPHINCS+-SHA2-128f-simple_run09,active,8.490562,5.3975,0.591292,3.191496,27.115807
SPHINCS+-SHA2-128f-simple_run09,active,8.503305,5.39375,0.592007,3.193137,27.156498
SPHINCS+-SHA2-128f-simple_run09,active,8.516051,5.395,0.595583,3.213169,27.197451
SPHINCS+-SHA2-128f-simple_run09,active,8.528789,5.395,0.593258,3.200629,27.23822
SPHINCS+-SHA2-128f-simple_run09,active,8.541533,5.3975,0.593258,3.202112,27.27903
SPHINCS+-SHA2-128f-simple_run09,active,8.554276,5.39625,0.592007,3.194617,27.319739
SPHINCS+-SHA2-128f-simple_run09,active,8.567017,5.3975,0.591113,3.190531,27.360387
SPHINCS+-SHA2-128f-simple_run09,active,8.57977,5.39875,0.591113,3.19127,27.401086
SPHINCS+-SHA2-128f-simple_run09,active,8.592523,5.39625,0.593795,3.204265,27.441951
SPHINCS+-SHA2-128f-simple_run09,active,8.605265,5.39625,0.593795,3.204265,27.482781
SPHINCS+-SHA2-128f-simple_run09,active,8.618006,5.39625,0.593258,3.201371,27.52357
SPHINCS+-SHA2-128f-simple_run09,active,8.63075,5.3975,0.592722,3.199217,27.564338
SPHINCS+-SHA2-128f-simple_run09,active,8.643493,5.4,0.59147,3.19394,27.605039
SPHINCS+-SHA2-128f-simple_run09,active,8.656236,5.385,0.591113,3.183142,27.645604
SPHINCS+-SHA2-128f-simple_run09,active,8.668982,5.395,0.613999,3.312526,27.687823
SPHINCS+-SHA2-128f-simple_run09,active,8.681741,5.39375,0.592901,3.197959,27.728625
SPHINCS+-SHA2-128f-simple_run09,active,8.694492,5.39625,0.592007,3.194617,27.769362
SPHINCS+-SHA2-128f-simple_run09,active,8.707237,5.39625,0.593795,3.204265,27.810198
SPHINCS+-SHA2-128f-simple_run09,active,8.719979,5.39625,0.612569,3.305574,27.852319
SPHINCS+-SHA2-128f-simple_run09,active,8.732719,5.395,0.58861,3.175549,27.892777
SPHINCS+-SHA2-128f-simple_run09,active,8.745462,5.39375,0.592186,3.194101,27.933479
SPHINCS+-SHA2-128f-simple_run09,active,8.758205,5.39125,0.593258,3.198404,27.974236
SPHINCS+-SHA2-128f-simple_run09,active,8.770943,5.39,0.616681,3.323912,28.016577
SPHINCS+-SHA2-128f-simple_run09,active,8.783686,5.39875,0.597907,3.227951,28.05771
SPHINCS+-SHA2-128f-simple_run09,active,8.796432,5.39875,0.590576,3.188374,28.098348
SPHINCS+-SHA2-128f-simple_run09,active,8.809172,5.39625,0.591828,3.193652,28.139036
SPHINCS+-SHA2-128f-simple_run09,active,8.821913,5.3925,0.594331,3.204931,28.179869
SPHINCS+-SHA2-128f-simple_run09,active,8.834655,5.3975,0.59308,3.201147,28.220658
SPHINCS+-SHA2-128f-simple_run09,active,8.8474,5.39625,0.59308,3.200406,28.261448
SPHINCS+-SHA2-128f-simple_run09,active,8.860144,5.38625,0.59308,3.194475,28.302157
SPHINCS+-SHA2-128f-simple_run09,active,8.872886,5.40125,0.587716,3.174399,28.342605
SPHINCS+-SHA2-128f-simple_run09,active,8.885635,5.39625,0.590934,3.188828,28.383261
SPHINCS+-SHA2-128f-simple_run09,active,8.898377,5.3975,0.591113,3.190531,28.423913
SPHINCS+-SHA2-128f-simple_run09,active,8.911118,5.39625,0.590755,3.187863,28.464531
SPHINCS+-SHA2-128f-simple_run09,active,8.923856,5.39625,0.595046,3.211019,28.505434
SPHINCS+-SHA2-128f-simple_run09,active,8.939424,5.3975,0.594152,3.206938,28.555357
SPHINCS+-SHA2-128f-simple_run09,active,8.952192,5.395,0.593437,3.201594,28.596237
SPHINCS+-SHA2-128f-simple_run09,active,8.964946,5.39625,0.593258,3.201371,28.637065
SPHINCS+-SHA2-128f-simple_run09,active,8.977689,5.3975,0.593616,3.204042,28.677896
SPHINCS+-SHA2-128f-simple_run09,active,8.990452,5.39875,0.591292,3.192236,28.718636
SPHINCS+-SHA2-128f-simple_run09,active,9.003204,5.4,0.591292,3.192975,28.759354
SPHINCS+-SHA2-128f-simple_run09,active,9.015948,5.39875,0.591649,3.194166,28.800062
SPHINCS+-SHA2-128f-simple_run09,active,9.02869,5.39625,0.593258,3.201371,28.840853
SPHINCS+-SHA2-128f-simple_run09,active,9.04143,5.39625,0.593258,3.201371,28.881639
SPHINCS+-SHA2-128f-simple_run09,active,9.054173,5.3975,0.591649,3.193427,28.922331
SPHINCS+-SHA2-128f-simple_run09,active,9.066913,5.3975,0.593258,3.202112,28.963127
SPHINCS+-SHA2-128f-simple_run09,active,9.079653,5.3975,0.593795,3.205007,29.00396
SPHINCS+-SHA2-128f-simple_run09,active,9.092406,5.395,0.597013,3.220886,29.045034
SPHINCS+-SHA2-128f-simple_run09,active,9.105151,5.39625,0.591113,3.189792,29.08569
SPHINCS+-SHA2-128f-simple_run09,active,9.117891,5.39625,0.591113,3.189792,29.126328
SPHINCS+-SHA2-128f-simple_run09,active,9.130632,5.39625,0.590755,3.187863,29.166943
SPHINCS+-SHA2-128f-simple_run09,active,9.14337,5.39875,0.592364,3.198027,29.207679
SPHINCS+-SHA2-128f-simple_run09,active,9.156115,5.39625,0.593795,3.204265,29.248517
SPHINCS+-SHA2-128f-simple_run09,active,9.168853,5.39,0.593258,3.197663,29.289251
SPHINCS+-SHA2-128f-simple_run09,active,9.181594,5.39625,0.593795,3.204265,29.330077
SPHINCS+-SHA2-128f-simple_run09,active,9.194345,5.39625,0.592543,3.197511,29.370848
SPHINCS+-SHA2-128f-simple_run09,active,9.20709,5.39625,0.591113,3.189792,29.411502
SPHINCS+-SHA2-128f-simple_run09,active,9.21983,5.3925,0.592901,3.197218,29.452232
SPHINCS+-SHA2-128f-simple_run09,active,9.232573,5.39,0.590219,3.181279,29.492772
SPHINCS+-SHA2-128f-simple_run09,active,9.245314,5.3975,0.594152,3.206938,29.533631
SPHINCS+-SHA2-128f-simple_run09,active,9.258054,5.39875,0.590934,3.190305,29.574276
SPHINCS+-SHA2-128f-simple_run09,active,9.270792,5.3775,0.592186,3.184478,29.614842
SPHINCS+-SHA2-128f-simple_run09,active,9.283557,5.3925,0.591113,3.187576,29.65553
SPHINCS+-SHA2-128f-simple_run09,active,9.296351,5.3975,0.592543,3.198252,29.696448
SPHINCS+-SHA2-128f-simple_run09,active,9.309107,5.3975,0.593437,3.203077,29.737307
SPHINCS+-SHA2-128f-simple_run09,active,9.321848,5.39125,0.593258,3.198404,29.778059
SPHINCS+-SHA2-128f-simple_run09,active,9.334591,5.40125,0.595046,3.213994,29.819015
SPHINCS+-SHA2-128f-simple_run09,active,9.347333,5.39625,0.590576,3.186898,29.85962
SPHINCS+-SHA2-128f-simple_run09,active,9.360076,5.3975,0.591113,3.190531,29.900279
SPHINCS+-SHA2-128f-simple_run09,active,9.372813,5.395,0.591292,3.190018,29.94091
SPHINCS+-SHA2-128f-simple_run09,active,9.385592,5.3975,0.593437,3.203077,29.981842
SPHINCS+-SHA2-128f-simple_run09,active,9.39835,5.395,0.593258,3.200629,30.022674
SPHINCS+-SHA2-128f-simple_run09,active,9.411098,5.3975,0.593795,3.205007,30.063533
SPHINCS+-SHA2-128f-simple_run09,active,9.42384,5.39375,0.593795,3.202781,30.104342
SPHINCS+-SHA2-128f-simple_run09,active,9.436581,5.39875,0.591113,3.19127,30.145002
SPHINCS+-SHA2-128f-simple_run09,active,9.449324,5.39875,0.591113,3.19127,30.185668
SPHINCS+-SHA2-128f-simple_run09,active,9.462065,5.39875,0.587179,3.170034,30.22606
SPHINCS+-SHA2-128f-simple_run09,active,9.474803,5.38125,0.593795,3.195358,30.26676
SPHINCS+-SHA2-128f-simple_run09,active,9.487546,5.4,0.593437,3.204561,30.307595
SPHINCS+-SHA2-128f-simple_run09,active,9.500296,5.3975,0.59451,3.208868,30.348511
SPHINCS+-SHA2-128f-simple_run09,active,9.513041,5.39625,0.594331,3.20716,30.389385
SPHINCS+-SHA2-128f-simple_run09,active,9.525778,5.39625,0.591649,3.192687,30.430051
SPHINCS+-SHA2-128f-simple_run09,active,9.538581,5.3975,0.590934,3.189566,30.470885
SPHINCS+-SHA2-128f-simple_run09,active,9.551322,5.39875,0.591113,3.19127,30.511547
SPHINCS+-SHA2-128f-simple_run09,active,9.564064,5.39625,0.592186,3.195582,30.552264
SPHINCS+-SHA2-128f-simple_run09,active,9.576802,5.39125,0.59308,3.19744,30.592993
SPHINCS+-SHA2-128f-simple_run09,active,9.589546,5.3975,0.593437,3.203077,30.633812
SPHINCS+-SHA2-128f-simple_run09,active,9.602295,5.39625,0.595046,3.211019,30.67475
SPHINCS+-SHA2-128f-simple_run09,active,9.615041,5.3975,0.592007,3.195357,30.715478
SPHINCS+-SHA2-128f-simple_run09,active,9.627779,5.3975,0.59147,3.192461,30.756144
SPHINCS+-SHA2-128f-simple_run09,active,9.64052,5.3975,0.593437,3.203077,30.796955
SPHINCS+-SHA2-128f-simple_run09,active,9.653262,5.3975,0.598265,3.229134,30.8381
SPHINCS+-SHA2-128f-simple_run09,active,9.666002,5.39625,0.593795,3.204265,30.878921
SPHINCS+-SHA2-128f-simple_run09,active,9.678737,5.3925,0.592543,3.195289,30.919615
SPHINCS+-SHA2-128f-simple_run09,active,9.691496,5.39375,0.588073,3.17192,30.960084
SPHINCS+-SHA2-128f-simple_run09,active,9.704286,5.39625,0.591292,3.190757,31.000894
SPHINCS+-SHA2-128f-simple_run09,active,9.717032,5.3975,0.591649,3.193427,31.041597
SPHINCS+-SHA2-128f-simple_run09,active,9.729776,5.39625,0.593258,3.201371,31.082396
SPHINCS+-SHA2-128f-simple_run09,active,9.742566,5.39625,0.593437,3.202335,31.123355
SPHINCS+-SHA2-128f-simple_run09,active,9.755308,5.39625,0.595046,3.211019,31.16427
SPHINCS+-SHA2-128f-simple_run09,active,9.768053,5.39625,0.592186,3.195582,31.204997
SPHINCS+-SHA2-128f-simple_run09,active,9.780791,5.39125,0.591649,3.189729,31.245629
SPHINCS+-SHA2-128f-simple_run09,active,9.793558,5.3975,0.591292,3.191496,31.286372
SPHINCS+-SHA2-128f-simple_run09,active,9.806319,5.3975,0.593437,3.203077,31.327249
SPHINCS+-SHA2-128f-simple_run09,active,9.819066,5.39875,0.593258,3.202854,31.368076
SPHINCS+-SHA2-128f-simple_run09,active,9.831809,5.39625,0.594331,3.20716,31.408944
SPHINCS+-SHA2-128f-simple_run09,active,9.844551,5.39875,0.591649,3.194166,31.449643
SPHINCS+-SHA2-128f-simple_run09,active,9.857291,5.39625,0.591113,3.189792,31.490281
SPHINCS+-SHA2-128f-simple_run09,active,9.870028,5.3975,0.616502,3.327572,31.532665
SPHINCS+-SHA2-128f-simple_run09,active,9.882769,5.385,0.590934,3.18218,31.573209
SPHINCS+-SHA2-128f-simple_run09,active,9.895513,5.39625,0.593437,3.202335,31.614019
SPHINCS+-SHA2-128f-simple_run09,active,9.908264,5.39375,0.593974,3.203745,31.65487
SPHINCS+-SHA2-128f-simple_run09,active,9.921008,5.395,0.617039,3.328924,31.697294
SPHINCS+-SHA2-128f-simple_run09,active,9.933747,5.39375,0.591292,3.189279,31.737924
SPHINCS+-SHA2-128f-simple_run09,active,9.946488,5.3975,0.591113,3.190531,31.778574
SPHINCS+-SHA2-128f-simple_run09,active,9.959249,5.39875,0.591113,3.19127,31.819296
SPHINCS+-SHA2-128f-simple_run09,active,9.971991,5.40375,0.588967,3.182632,31.859851
SPHINCS+-SHA2-128f-simple_run09,active,9.984733,5.39125,0.594152,3.203224,31.900667
SPHINCS+-SHA2-128f-simple_run09,active,9.997474,5.39625,0.592901,3.199441,31.94143
SPHINCS+-SHA2-128f-simple_run09,active,10.010229,5.38875,0.59308,3.195958,31.982194
SPHINCS+-SHA2-128f-simple_run09,active,10.023026,5.395,0.59147,3.190983,32.02303
SPHINCS+-SHA2-128f-simple_run09,active,10.035778,5.39625,0.592186,3.195582,32.063777
SPHINCS+-SHA2-128f-simple_run09,active,10.048525,5.39625,0.59147,3.191722,32.104463
SPHINCS+-SHA2-128f-simple_run09,active,10.061267,5.4,0.594331,3.209388,32.145358
SPHINCS+-SHA2-128f-simple_run09,active,10.074004,5.3975,0.595046,3.211763,32.186266
SPHINCS+-SHA2-128f-simple_run09,active,10.086749,5.39125,0.593258,3.198404,32.227031
SPHINCS+-SHA2-128f-simple_run09,active,10.099493,5.395,0.59147,3.190983,32.267695
SPHINCS+-SHA2-128f-simple_run09,active,10.11225,5.39875,0.589325,3.181617,32.308282
SPHINCS+-SHA2-128f-simple_run09,active,10.124998,5.3975,0.591113,3.190531,32.348956
SPHINCS+-SHA2-128f-simple_run09,active,10.137739,5.3975,0.593795,3.205007,32.389792
SPHINCS+-SHA2-128f-simple_run09,active,10.150481,5.39875,0.593437,3.203819,32.430613
SPHINCS+-SHA2-128f-simple_run09,active,10.163218,5.3975,0.593437,3.203077,32.471413
SPHINCS+-SHA2-128f-simple_run09,active,10.175957,5.39625,0.594689,3.209089,32.512291
SPHINCS+-SHA2-128f-simple_run09,active,10.188714,5.3975,0.59147,3.192461,32.553018
SPHINCS+-SHA2-128f-simple_run09,active,10.201486,5.40125,0.591113,3.192748,32.593796
SPHINCS+-SHA2-128f-simple_run09,active,10.217138,5.395,0.590755,3.187124,32.643682
SPHINCS+-SHA2-128f-simple_run09,active,10.229907,5.39625,0.592901,3.199441,32.684535
SPHINCS+-SHA2-128f-simple_run09,active,10.242654,5.4,0.594152,3.208423,32.725432
SPHINCS+-SHA2-128f-simple_run09,active,10.255398,5.3975,0.593258,3.202112,32.76624
SPHINCS+-SHA2-128f-simple_run09,active,10.26814,5.39875,0.59308,3.201888,32.80704
SPHINCS+-SHA2-128f-simple_run09,active,10.280922,5.39625,0.593437,3.202335,32.847971
SPHINCS+-SHA2-128f-simple_run09,active,10.293667,5.39,0.590755,3.184171,32.888552
SPHINCS+-SHA2-128f-simple_run09,active,10.306413,5.3975,0.595404,3.213693,32.929516
SPHINCS+-SHA2-128f-simple_run09,active,10.319164,5.39625,0.590934,3.188828,32.970175
SPHINCS+-SHA2-128f-simple_run09,active,10.331948,5.40125,0.589861,3.185988,33.010905
SPHINCS+-SHA2-128f-simple_run09,active,10.344695,5.3975,0.593258,3.202112,33.051723
SPHINCS+-SHA2-128f-simple_run09,active,10.357436,5.3975,0.593437,3.203077,33.092533
SPHINCS+-SHA2-128f-simple_run09,active,10.37018,5.39375,0.593437,3.200852,33.133326
SPHINCS+-SHA2-128f-simple_run09,active,10.38292,5.395,0.59308,3.199664,33.174089
SPHINCS+-SHA2-128f-simple_run09,active,10.395662,5.39,0.592901,3.195735,33.214808
SPHINCS+-SHA2-128f-simple_run09,active,10.408405,5.3975,0.596119,3.217553,33.255809
SPHINCS+-SHA2-128f-simple_run09,active,10.421141,5.395,0.597728,3.224745,33.296882
SPHINCS+-SHA2-128f-simple_run09,active,10.43388,5.3975,0.597371,3.224309,33.337956
SPHINCS+-SHA2-128f-simple_run09,active,10.446621,5.395,0.594331,3.206417,33.378809
SPHINCS+-SHA2-128f-simple_run09,active,10.459359,5.395,0.59308,3.199664,33.419566
SPHINCS+-SHA2-128f-simple_run09,active,10.472098,5.39625,0.586285,3.163742,33.459868
SPHINCS+-SHA2-128f-simple_run09,active,10.484837,5.3975,0.591113,3.190531,33.500512
SPHINCS+-SHA2-128f-simple_run09,active,10.497578,5.39125,0.59147,3.188765,33.541139
SPHINCS+-SHA2-128f-simple_run09,active,10.510319,5.39625,0.59755,3.224527,33.582223
SPHINCS+-SHA2-128f-simple_run09,active,10.523057,5.3975,0.593616,3.204042,33.623036
SPHINCS+-SHA2-128f-simple_run09,active,10.535798,5.39625,0.596656,3.219703,33.664058
SPHINCS+-SHA2-128f-simple_run09,active,10.548539,5.39625,0.593616,3.2033,33.704872
SPHINCS+-SHA2-128f-simple_run09,active,10.561277,5.39625,0.589861,3.183039,33.745417
SPHINCS+-SHA2-128f-simple_run09,active,10.574013,5.3975,0.590934,3.189566,33.786042
SPHINCS+-SHA2-128f-simple_run09,active,10.586756,5.3975,0.591649,3.193427,33.826735
SPHINCS+-SHA2-128f-simple_run09,active,10.599499,5.39125,0.593795,3.201296,33.867528
SPHINCS+-SHA2-128f-simple_run09,active,10.612241,5.39,0.587894,3.168751,33.907905
SPHINCS+-SHA2-128f-simple_run09,active,10.624978,5.395,0.593974,3.204488,33.948719
SPHINCS+-SHA2-128f-simple_run09,active,10.637719,5.3975,0.593616,3.204042,33.989543
SPHINCS+-SHA2-128f-simple_run09,active,10.650459,5.39625,0.591113,3.189792,34.030181
SPHINCS+-SHA2-128f-simple_run09,active,10.663198,5.4025,0.591649,3.196385,34.070899
SPHINCS+-SHA2-128f-simple_run09,active,10.675939,5.3975,0.591113,3.190531,34.111549
SPHINCS+-SHA2-128f-simple_run09,active,10.688682,5.39625,0.593437,3.202335,34.152359
SPHINCS+-SHA2-128f-simple_run09,active,10.701424,5.38875,0.593437,3.197885,34.193104
SPHINCS+-SHA2-128f-simple_run09,active,10.714163,5.39625,0.593258,3.201371,34.233889
SPHINCS+-SHA2-128f-simple_run09,active,10.726903,5.3975,0.59147,3.192461,34.274561
SPHINCS+-SHA2-128f-simple_run09,active,10.739648,5.39625,0.591649,3.192687,34.315249
SPHINCS+-SHA2-128f-simple_run09,active,10.752389,5.40125,0.590934,3.191782,34.355917
SPHINCS+-SHA2-128f-simple_run09,active,10.765127,5.3975,0.592186,3.196322,34.396632
SPHINCS+-SHA2-128f-simple_run09,active,10.777865,5.39625,0.593258,3.201371,34.43741
SPHINCS+-SHA2-128f-simple_run09,active,10.790604,5.39625,0.593258,3.201371,34.478192
SPHINCS+-SHA2-128f-simple_run09,active,10.803344,5.39125,0.594689,3.206116,34.51904
SPHINCS+-SHA2-128f-simple_run09,active,10.816086,5.3975,0.592007,3.195357,34.559753
SPHINCS+-SHA2-128f-simple_run09,active,10.828821,5.39875,0.59147,3.193201,34.600418
SPHINCS+-SHA2-128f-simple_run09,active,10.841592,5.39875,0.589861,3.184513,34.641088
SPHINCS+-SHA2-128f-simple_run09,active,10.854339,5.3975,0.59308,3.201147,34.681893
SPHINCS+-SHA2-128f-simple_run09,active,10.867079,5.3975,0.59308,3.201147,34.722677
SPHINCS+-SHA2-128f-simple_run09,active,10.87982,5.39625,0.594689,3.209089,34.763562
SPHINCS+-SHA2-128f-simple_run09,active,10.892572,5.39875,0.592543,3.198993,34.804355
SPHINCS+-SHA2-128f-simple_run09,active,10.905314,5.395,0.591113,3.189054,34.844991
SPHINCS+-SHA2-128f-simple_run09,active,10.918056,5.395,0.593795,3.203523,34.885811
SPHINCS+-SHA2-128f-simple_run09,active,10.930803,5.39375,0.593795,3.202781,34.926638
SPHINCS+-SHA2-128f-simple_run09,active,10.943543,5.39625,0.593437,3.202335,34.967435
SPHINCS+-SHA2-128f-simple_run09,active,10.956292,5.3975,0.594331,3.207903,35.008332
SPHINCS+-SHA2-128f-simple_run09,active,10.969045,5.39625,0.593258,3.201371,35.049161
SPHINCS+-SHA2-128f-simple_run09,active,10.981792,5.3975,0.59147,3.192461,35.089852
SPHINCS+-SHA2-128f-simple_run09,active,10.994578,5.3975,0.59308,3.201147,35.130783
SPHINCS+-SHA2-128f-simple_run09,active,11.007319,5.3975,0.591113,3.190531,35.171434
SPHINCS+-SHA2-128f-simple_run09,active,11.020063,5.3975,0.604344,3.261947,35.213004
SPHINCS+-SHA2-128f-simple_run09,active,11.032807,5.3975,0.596119,3.217553,35.25401
SPHINCS+-SHA2-128f-simple_run09,active,11.045554,5.39625,0.59308,3.200406,35.294803
SPHINCS+-SHA2-128f-simple_run09,active,11.058295,5.39625,0.594331,3.20716,35.335667
SPHINCS+-SHA2-128f-simple_run09,active,11.071033,5.39375,0.597371,3.222069,35.376709
SPHINCS+-SHA2-128f-simple_run09,active,11.083774,5.3975,0.59147,3.192461,35.417386
SPHINCS+-SHA2-128f-simple_run09,active,11.096517,5.3975,0.591113,3.190531,35.458041
SPHINCS+-SHA2-128f-simple_run09,active,11.109258,5.39625,0.593258,3.201371,35.49883
SPHINCS+-SHA2-128f-simple_run09,active,11.121996,5.39625,0.596477,3.218738,35.53983
SPHINCS+-SHA2-128f-simple_run09,active,11.134737,5.395,0.593437,3.201594,35.580623
SPHINCS+-SHA2-128f-simple_run09,active,11.147478,5.39625,0.590934,3.188828,35.62125
SPHINCS+-SHA2-128f-simple_run09,active,11.16022,5.3975,0.590755,3.188601,35.661881
SPHINCS+-SHA2-128f-simple_run09,active,11.172957,5.40125,0.591113,3.192748,35.702545
SPHINCS+-SHA2-128f-simple_run09,active,11.185696,5.3975,0.592007,3.195357,35.74325
SPHINCS+-SHA2-128f-simple_run09,active,11.198439,5.39625,0.59308,3.200406,35.784034
SPHINCS+-SHA2-128f-simple_run09,active,11.211178,5.38625,0.592007,3.188697,35.824656
SPHINCS+-SHA2-128f-simple_run09,active,11.223955,5.39625,0.593437,3.202335,35.865573
SPHINCS+-SHA2-128f-simple_run09,active,11.236699,5.3925,0.591113,3.187576,35.906195
SPHINCS+-SHA2-128f-simple_run09,active,11.249441,5.3975,0.591113,3.190531,35.946848
SPHINCS+-SHA2-128f-simple_run09,active,11.262181,5.39875,0.59147,3.193201,35.987529
SPHINCS+-SHA2-128f-simple_run09,active,11.274918,5.3975,0.593437,3.203077,36.028327
SPHINCS+-SHA2-128f-simple_run09,active,11.287661,5.3975,0.593258,3.202112,36.06913
SPHINCS+-SHA2-128f-simple_run09,active,11.300405,5.3925,0.593258,3.199146,36.1099
SPHINCS+-SHA2-128f-simple_run09,active,11.313147,5.39875,0.59147,3.193201,36.150589
SPHINCS+-SHA2-128f-simple_run09,active,11.325886,5.3975,0.592901,3.200182,36.191356
SPHINCS+-SHA2-128f-simple_run09,active,11.338629,5.3975,0.59308,3.201147,36.23215
SPHINCS+-SHA2-128f-simple_run09,active,11.35137,5.39875,0.588431,3.176791,36.272624
SPHINCS+-SHA2-128f-simple_run09,active,11.364116,5.3975,0.594152,3.206938,36.313498
SPHINCS+-SHA2-128f-simple_run09,active,11.376852,5.39625,0.593437,3.202335,36.354285
SPHINCS+-SHA2-128f-simple_run09,active,11.389595,5.3975,0.593437,3.203077,36.395102
SPHINCS+-SHA2-128f-simple_run09,active,11.402339,5.39875,0.590219,3.186444,36.43571
SPHINCS+-SHA2-128f-simple_run09,active,11.415079,5.39875,0.593258,3.202854,36.476512
SPHINCS+-SHA2-128f-simple_run09,active,11.427815,5.39625,0.594152,3.206195,36.517349
SPHINCS+-SHA2-128f-simple_run09,active,11.440558,5.39625,0.590219,3.184968,36.557934
SPHINCS+-SHA2-128f-simple_run09,active,11.453298,5.4,0.595046,3.213251,36.598871
SPHINCS+-SHA2-128f-simple_run09,active,11.466038,5.3975,0.593258,3.202112,36.639665
SPHINCS+-SHA2-128f-simple_run09,active,11.478774,5.39875,0.595225,3.213472,36.680592
SPHINCS+-SHA2-128f-simple_run09,active,11.494436,5.39875,0.591292,3.192236,36.730589
SPHINCS+-SHA2-128f-simple_run09,active,11.507199,5.3975,0.590934,3.189566,36.771298
SPHINCS+-SHA2-128f-simple_run09,active,11.519946,5.39625,0.610423,3.293996,36.813285
SPHINCS+-SHA2-128f-simple_run09,active,11.53269,5.39375,0.594331,3.205674,36.85414
SPHINCS+-SHA2-128f-simple_run09,active,11.545432,5.39875,0.593258,3.202854,36.89495
SPHINCS+-SHA2-128f-simple_run09,active,11.558173,5.3975,0.593258,3.202112,36.935749
SPHINCS+-SHA2-128f-simple_run09,active,11.570912,5.40375,0.61686,3.333357,36.978211
SPHINCS+-SHA2-128f-simple_run09,active,11.583651,5.39625,0.594152,3.206195,37.019056
SPHINCS+-SHA2-128f-simple_run09,active,11.596394,5.39625,0.591292,3.190757,37.059715
SPHINCS+-SHA2-128f-simple_run09,active,11.609132,5.3975,0.591113,3.190531,37.100356
SPHINCS+-SHA2-128f-simple_run09,active,11.621872,5.4,0.593258,3.203595,37.141169
SPHINCS+-SHA2-128f-simple_run09,active,11.634611,5.3975,0.596477,3.219484,37.182184
SPHINCS+-SHA2-128f-simple_run09,active,11.647353,5.39875,0.593258,3.202854,37.222993
SPHINCS+-SHA2-128f-simple_run09,active,11.660094,5.39625,0.593437,3.202335,37.263794
SPHINCS+-SHA2-128f-simple_run09,active,11.672828,5.39625,0.594331,3.20716,37.304634
SPHINCS+-SHA2-128f-simple_run09,active,11.685565,5.39875,0.59308,3.201888,37.345416
SPHINCS+-SHA2-128f-simple_run09,active,11.698304,5.3975,0.592007,3.195357,37.386124
SPHINCS+-SHA2-128f-simple_run09,active,11.711044,5.3975,0.591113,3.190531,37.42677
SPHINCS+-SHA2-128f-simple_run09,active,11.72378,5.3975,0.590576,3.187636,37.467369
SPHINCS+-SHA2-128f-simple_run09,active,11.736518,5.39625,0.599695,3.236105,37.508589
SPHINCS+-SHA2-128f-simple_run09,active,11.749257,5.39625,0.593258,3.201371,37.549372
SPHINCS+-SHA2-128f-simple_run09,active,11.761996,5.395,0.590576,3.18616,37.58996
SPHINCS+-SHA2-128f-simple_run09,active,11.774734,5.3975,0.593258,3.202112,37.630747
SPHINCS+-SHA2-128f-simple_run09,active,11.787475,5.39875,0.591649,3.194166,37.671445
SPHINCS+-SHA2-128f-simple_run09,active,11.800218,5.39625,0.587716,3.17146,37.711859
SPHINCS+-SHA2-128f-simple_run09,active,11.812957,5.39625,0.593258,3.201371,37.752642
SPHINCS+-SHA2-128f-simple_run09,active,11.825692,5.39625,0.594331,3.20716,37.793483
SPHINCS+-SHA2-128f-simple_run09,active,11.838428,5.39625,0.598265,3.228386,37.834602
SPHINCS+-SHA2-128f-simple_run09,active,11.851169,5.3975,0.594868,3.210798,37.875509
SPHINCS+-SHA2-128f-simple_run09,active,11.863959,5.39625,0.590934,3.188828,37.916294
SPHINCS+-SHA2-128f-simple_run09,active,11.876702,5.39625,0.591113,3.189792,37.956943
SPHINCS+-SHA2-128f-simple_run09,active,11.889441,5.39625,0.589861,3.183039,37.997493
SPHINCS+-SHA2-128f-simple_run09,active,11.90218,5.39875,0.593616,3.204784,38.038319
SPHINCS+-SHA2-128f-simple_run09,active,11.914921,5.395,0.59308,3.199664,38.079085
SPHINCS+-SHA2-128f-simple_run09,active,11.927657,5.39625,0.593795,3.204265,38.119892
SPHINCS+-SHA2-128f-simple_run09,active,11.940398,5.3975,0.597013,3.222379,38.16095
SPHINCS+-SHA2-128f-simple_run09,active,11.95314,5.39875,0.591113,3.19127,38.201612
SPHINCS+-SHA2-128f-simple_run09,active,11.965893,5.39875,0.591113,3.19127,38.24231
SPHINCS+-SHA2-128f-simple_run09,active,11.97863,5.39625,0.591113,3.189792,38.282939
SPHINCS+-SHA2-128f-simple_run09,active,11.991375,5.39,0.591113,3.186098,38.323548
SPHINCS+-SHA2-128f-simple_run09,active,12.004117,5.39625,0.593437,3.202335,38.364351
SPHINCS+-SHA2-128f-simple_run09,active,12.016858,5.3975,0.594152,3.206938,38.40521
SPHINCS+-SHA2-128f-simple_run09,active,12.029597,5.3975,0.59147,3.192461,38.44588
SPHINCS+-SHA2-128f-simple_run09,active,12.042337,5.39625,0.594152,3.206195,38.486726
SPHINCS+-SHA2-128f-simple_run09,active,12.055077,5.39625,0.592543,3.197511,38.527463
SPHINCS+-SHA2-128f-simple_run09,active,12.067815,5.39875,0.591649,3.194166,38.568148
SPHINCS+-SHA2-128f-simple_run09,active,12.080554,5.40375,0.594152,3.210651,38.60905
SPHINCS+-SHA2-128f-simple_run09,active,12.093295,5.39625,0.593795,3.204265,38.649876
SPHINCS+-SHA2-128f-simple_run09,active,12.106033,5.39625,0.594152,3.206195,38.690717
SPHINCS+-SHA2-128f-simple_run09,active,12.118769,5.39625,0.591113,3.189792,38.731341
SPHINCS+-SHA2-128f-simple_run09,active,12.131508,5.39625,0.591649,3.192687,38.772013
SPHINCS+-SHA2-128f-simple_run09,active,12.144248,5.39875,0.591649,3.194166,38.812708
SPHINCS+-SHA2-128f-simple_run09,active,12.156987,5.3975,0.59308,3.201147,38.853486
SPHINCS+-SHA2-128f-simple_run09,active,12.169723,5.39625,0.593437,3.202335,38.894272
SPHINCS+-SHA2-128f-simple_run09,active,12.182462,5.38875,0.594152,3.201739,38.935058
SPHINCS+-SHA2-128f-simple_run09,active,12.195201,5.3975,0.592901,3.200182,38.975825
SPHINCS+-SHA2-128f-simple_run09,active,12.207941,5.3975,0.591292,3.191496,39.016486
SPHINCS+-SHA2-128f-simple_run09,active,12.220698,5.395,0.592186,3.194841,39.057241
SPHINCS+-SHA2-128f-simple_run09,active,12.233473,5.3975,0.590755,3.188601,39.097977
SPHINCS+-SHA2-128f-simple_run09,active,12.246219,5.3975,0.598444,3.230099,39.139148
SPHINCS+-SHA2-128f-simple_run09,active,12.258963,5.39625,0.592901,3.199441,39.179921
SPHINCS+-SHA2-128f-simple_run09,active,12.271709,5.3925,0.595225,3.209752,39.220832
SPHINCS+-SHA2-128f-simple_run09,active,12.284455,5.39875,0.590934,3.190305,39.261495
SPHINCS+-SHA2-128f-simple_run09,active,12.29724,5.3975,0.590934,3.189566,39.302273
SPHINCS+-SHA2-128f-simple_run09,active,12.309987,5.39875,0.59451,3.209611,39.343187
SPHINCS+-SHA2-128f-simple_run09,active,12.322729,5.39625,0.596119,3.216808,39.384175
SPHINCS+-SHA2-128f-simple_run09,active,12.335472,5.39625,0.596656,3.219703,39.425204
SPHINCS+-SHA2-128f-simple_run09,active,12.348216,5.3975,0.598444,3.230099,39.466369
SPHINCS+-SHA2-128f-simple_run09,active,12.360957,5.3975,0.595583,3.214658,39.507328
SPHINCS+-SHA2-128f-simple_run09,active,12.373695,5.39625,0.590755,3.187863,39.547934
SPHINCS+-SHA2-128f-simple_run09,active,12.386444,5.39625,0.590755,3.187863,39.588575
SPHINCS+-SHA2-128f-simple_run09,active,12.399189,5.40125,0.591292,3.193714,39.62928
SPHINCS+-SHA2-128f-simple_run09,active,12.411963,5.3975,0.592543,3.198252,39.670132
SPHINCS+-SHA2-128f-simple_run09,active,12.424705,5.39625,0.592722,3.198476,39.710889
SPHINCS+-SHA2-128f-simple_run09,active,12.437445,5.3975,0.59308,3.201147,39.751672
SPHINCS+-SHA2-128f-simple_run09,active,12.450183,5.395,0.595583,3.213169,39.792601
SPHINCS+-SHA2-128f-simple_run09,active,12.462923,5.39625,0.590755,3.187863,39.833214
SPHINCS+-SHA2-128f-simple_run09,active,12.475664,5.395,0.590755,3.187124,39.873822
SPHINCS+-SHA2-128f-simple_run09,active,12.488408,5.39875,0.592901,3.200923,39.914614
SPHINCS+-SHA2-128f-simple_run09,active,12.501151,5.39125,0.589861,3.180089,39.955137
SPHINCS+-SHA2-128f-simple_run09,active,12.51389,5.39625,0.593437,3.202335,39.995932
SPHINCS+-SHA2-128f-simple_run09,active,12.526629,5.3975,0.593437,3.203077,40.036736
SPHINCS+-SHA2-128f-simple_run09,active,12.539374,5.39625,0.590755,3.187863,40.077365
SPHINCS+-SHA2-128f-simple_run09,active,12.552114,5.3925,0.593258,3.199146,40.118124
SPHINCS+-SHA2-128f-simple_run09,active,12.564854,5.39625,0.590934,3.188828,40.158749
SPHINCS+-SHA2-128f-simple_run09,active,12.577591,5.39375,0.593258,3.199887,40.199504
SPHINCS+-SHA2-128f-simple_run09,active,12.590335,5.38625,0.59308,3.194475,40.240215
SPHINCS+-SHA2-128f-simple_run09,active,12.603076,5.39625,0.593616,3.2033,40.28103
SPHINCS+-SHA2-128f-simple_run09,active,12.615816,5.39625,0.593795,3.204265,40.321852
SPHINCS+-SHA2-128f-simple_run09,active,12.628556,5.39375,0.593616,3.201816,40.362643
SPHINCS+-SHA2-128f-simple_run09,active,12.641298,5.39625,0.590398,3.185933,40.403237
SPHINCS+-SHA2-128f-simple_run09,active,12.65404,5.39875,0.59594,3.217333,40.444232
SPHINCS+-SHA2-128f-simple_run09,active,12.666779,5.39625,0.590755,3.187863,40.484842
SPHINCS+-SHA2-128f-simple_run09,active,12.679519,5.39875,0.595225,3.213472,40.525783
SPHINCS+-SHA2-128f-simple_run09,active,12.692263,5.3975,0.59308,3.201147,40.566578
SPHINCS+-SHA2-128f-simple_run09,active,12.705005,5.39875,0.592543,3.198993,40.607339
SPHINCS+-SHA2-128f-simple_run09,active,12.717745,5.3975,0.592543,3.198252,40.648085
SPHINCS+-SHA2-128f-simple_run09,active,12.730487,5.3975,0.594868,3.210798,40.688996
SPHINCS+-SHA2-128f-simple_run09,active,12.743224,5.3975,0.590934,3.189566,40.729623
SPHINCS+-SHA2-128f-simple_run09,active,12.755965,5.39625,0.594331,3.20716,40.770487
SPHINCS+-SHA2-128f-simple_run09,active,12.771564,5.39375,0.616502,3.32526,40.822357
SPHINCS+-SHA2-128f-simple_run09,active,12.784328,5.39625,0.593437,3.202335,40.86323
SPHINCS+-SHA2-128f-simple_run09,active,12.797076,5.39625,0.592722,3.198476,40.904004
SPHINCS+-SHA2-128f-simple_run09,active,12.809852,5.39625,0.59308,3.200406,40.944893
SPHINCS+-SHA2-128f-simple_run09,active,12.822594,5.39875,0.59451,3.209611,40.985792
SPHINCS+-SHA2-128f-simple_run09,active,12.835337,5.39625,0.59147,3.191722,41.026464
SPHINCS+-SHA2-128f-simple_run09,active,12.848083,5.3975,0.59147,3.192461,41.067154
SPHINCS+-SHA2-128f-simple_run09,active,12.860823,5.39125,0.592186,3.192621,41.107828
SPHINCS+-SHA2-128f-simple_run09,active,12.87356,5.3975,0.59308,3.201147,41.148601
SPHINCS+-SHA2-128f-simple_run09,active,12.886306,5.395,0.593437,3.201594,41.189409
SPHINCS+-SHA2-128f-simple_run09,active,12.899048,5.39875,0.592901,3.200923,41.230195
SPHINCS+-SHA2-128f-simple_run09,active,12.911787,5.39875,0.590755,3.18934,41.270823
SPHINCS+-SHA2-128f-simple_run09,active,12.924525,5.3975,0.591113,3.190531,41.311465
SPHINCS+-SHA2-128f-simple_run09,active,12.937262,5.39625,0.590755,3.187863,41.352067
SPHINCS+-SHA2-128f-simple_run09,active,12.950005,5.3975,0.593258,3.202112,41.392873
SPHINCS+-SHA2-128f-simple_run09,active,12.962758,5.3975,0.59308,3.201147,41.433696
SPHINCS+-SHA2-128f-simple_run09,active,12.975496,5.39625,0.594689,3.209089,41.474575
SPHINCS+-SHA2-128f-simple_run09,active,12.988245,5.3975,0.593258,3.202112,41.515396
SPHINCS+-SHA2-128f-simple_run09,active,13.000988,5.3975,0.592543,3.198252,41.556154
SPHINCS+-SHA2-128f-simple_run09,active,13.013727,5.3975,0.592007,3.195357,41.596859
SPHINCS+-SHA2-128f-simple_run09,active,13.026464,5.3975,0.591113,3.190531,41.637497
SPHINCS+-SHA2-128f-simple_run09,active,13.039207,5.3975,0.59308,3.201147,41.67829
SPHINCS+-SHA2-128f-simple_run09,active,13.051951,5.39625,0.594152,3.206195,41.719148
SPHINCS+-SHA2-128f-simple_run09,active,13.064694,5.3975,0.59308,3.201147,41.759939
SPHINCS+-SHA2-128f-simple_run09,active,13.07743,5.3975,0.590576,3.187636,41.800538
SPHINCS+-SHA2-128f-simple_run09,active,13.090173,5.39875,0.590576,3.188374,41.841169
SPHINCS+-SHA2-128f-simple_run09,active,13.102915,5.39625,0.591828,3.193652,41.88186
SPHINCS+-SHA2-128f-simple_run09,active,13.115654,5.39625,0.593437,3.202335,41.922656
SPHINCS+-SHA2-128f-simple_run09,active,13.128393,5.395,0.593795,3.203523,41.963466
SPHINCS+-SHA2-128f-simple_run09,active,13.141134,5.39875,0.592364,3.198027,42.004211
SPHINCS+-SHA2-128f-simple_run09,active,13.153876,5.3975,0.592722,3.199217,42.044976
SPHINCS+-SHA2-128f-simple_run09,active,13.166615,5.39625,0.590755,3.187863,42.085587
SPHINCS+-SHA2-128f-simple_run09,active,13.179351,5.3975,0.589146,3.179916,42.126087
SPHINCS+-SHA2-128f-simple_run09,active,13.192097,5.39875,0.595762,3.216368,42.167081
SPHINCS+-SHA2-128f-simple_run09,active,13.204837,5.39625,0.593258,3.201371,42.207868
SPHINCS+-SHA2-128f-simple_run09,active,13.217576,5.3975,0.59308,3.201147,42.248645
SPHINCS+-SHA2-128f-simple_run09,active,13.230317,5.3975,0.599338,3.234925,42.289862
SPHINCS+-SHA2-128f-simple_run09,active,13.243055,5.39625,0.591113,3.189792,42.330493
SPHINCS+-SHA2-128f-simple_run09,active,13.255792,5.39625,0.59147,3.191722,42.371148
SPHINCS+-SHA2-128f-simple_run09,active,13.268532,5.3975,0.593616,3.204042,42.411966
SPHINCS+-SHA2-128f-simple_run09,active,13.281269,5.39625,0.592901,3.199441,42.452719
SPHINCS+-SHA2-128f-simple_run09,active,13.29401,5.395,0.592722,3.197735,42.493461
SPHINCS+-SHA2-128f-simple_run09,active,13.306755,5.39625,0.592901,3.199441,42.534236
SPHINCS+-SHA2-128f-simple_run09,active,13.319489,5.39875,0.594152,3.20768,42.575085
SPHINCS+-SHA2-128f-simple_run09,active,13.332233,5.39625,0.591292,3.190757,42.615745
SPHINCS+-SHA2-128f-simple_run09,active,13.344972,5.39625,0.590755,3.187863,42.656357
SPHINCS+-SHA2-128f-simple_run09,active,13.35771,5.39875,0.591113,3.19127,42.697007
SPHINCS+-SHA2-128f-simple_run09,active,13.370445,5.3975,0.606132,3.271597,42.738671
SPHINCS+-SHA2-128f-simple_run09,active,13.383182,5.3975,0.594689,3.209833,42.779556
SPHINCS+-SHA2-128f-simple_run09,active,13.395963,5.3975,0.593616,3.204042,42.820506
SPHINCS+-SHA2-128f-simple_run09,active,13.408708,5.3975,0.593795,3.205007,42.861352
SPHINCS+-SHA2-128f-simple_run09,active,13.421443,5.40125,0.59147,3.194679,42.902037
SPHINCS+-SHA2-128f-simple_run09,active,13.434181,5.3975,0.59451,3.208868,42.942913
SPHINCS+-SHA2-128f-simple_run09,active,13.446923,5.39875,0.59147,3.193201,42.983601
SPHINCS+-SHA2-128f-simple_run09,active,13.459664,5.39,0.593258,3.197663,43.024341
SPHINCS+-SHA2-128f-simple_run09,active,13.472404,5.39375,0.593437,3.200852,43.06512
SPHINCS+-SHA2-128f-simple_run09,active,13.485147,5.395,0.592901,3.1987,43.105881
SPHINCS+-SHA2-128f-simple_run09,active,13.497887,5.39625,0.591113,3.189792,43.14652
SPHINCS+-SHA2-128f-simple_run09,active,13.510626,5.40125,0.591292,3.193714,43.187204
SPHINCS+-SHA2-128f-simple_run09,active,13.523362,5.3975,0.592364,3.197287,43.227926
SPHINCS+-SHA2-128f-simple_run09,active,13.536102,5.3975,0.595583,3.214658,43.26888
SPHINCS+-SHA2-128f-simple_run09,active,13.548845,5.39625,0.593795,3.204265,43.30971
SPHINCS+-SHA2-128f-simple_run09,active,13.561579,5.39875,0.592901,3.200923,43.350471
SPHINCS+-SHA2-128f-simple_run09,active,13.574315,5.39625,0.595046,3.211019,43.391369
SPHINCS+-SHA2-128f-simple_run09,active,13.587056,5.395,0.590219,3.18423,43.431938
SPHINCS+-SHA2-128f-simple_run09,active,13.599797,5.3925,0.593974,3.203003,43.472747
SPHINCS+-SHA2-128f-simple_run09,active,13.61254,5.39875,0.59147,3.193201,43.513437
SPHINCS+-SHA2-128f-simple_run09,active,13.625275,5.3975,0.59308,3.201147,43.554206
SPHINCS+-SHA2-128f-simple_run09,active,13.638017,5.39625,0.593258,3.201371,43.594998
SPHINCS+-SHA2-128f-simple_run09,active,13.650756,5.4,0.588788,3.179457,43.635498
SPHINCS+-SHA2-128f-simple_run09,active,13.663494,5.4025,0.590934,3.192521,43.676166
SPHINCS+-SHA2-128f-simple_run09,active,13.676235,5.3975,0.591828,3.194392,43.716867
SPHINCS+-SHA2-128f-simple_run09,active,13.688976,5.3975,0.59147,3.192461,43.757541
SPHINCS+-SHA2-128f-simple_run09,active,13.701717,5.39625,0.585749,3.160847,43.797812
SPHINCS+-SHA2-128f-simple_run09,active,13.714458,5.39625,0.594152,3.206195,43.838662
SPHINCS+-SHA2-128f-simple_run09,active,13.727194,5.39625,0.593616,3.2033,43.87946
SPHINCS+-SHA2-128f-simple_run09,active,13.739935,5.3975,0.594152,3.206938,43.920321
SPHINCS+-SHA2-128f-simple_run09,active,13.752677,5.3975,0.59147,3.192461,43.960998
SPHINCS+-SHA2-128f-simple_run09,active,13.765416,5.39625,0.596119,3.216808,44.001977
SPHINCS+-SHA2-128f-simple_run09,active,13.778153,5.39625,0.596119,3.216808,44.04295
SPHINCS+-SHA2-128f-simple_run09,active,13.790892,5.3975,0.59308,3.201147,44.083728
SPHINCS+-SHA2-128f-simple_run09,active,13.80363,5.39625,0.593437,3.202335,44.124521
SPHINCS+-SHA2-128f-simple_run09,active,13.81637,5.39875,0.592901,3.200923,44.165299
SPHINCS+-SHA2-128f-simple_run09,active,13.829106,5.39625,0.596119,3.216808,44.206268
SPHINCS+-SHA2-128f-simple_run09,active,13.841845,5.3975,0.591113,3.190531,44.246914
SPHINCS+-SHA2-128f-simple_run09,active,13.854586,5.3975,0.590755,3.188601,44.287541
SPHINCS+-SHA2-128f-simple_run09,active,13.867325,5.38375,0.591113,3.182404,44.328081
SPHINCS+-SHA2-128f-simple_run09,active,13.880064,5.3975,0.592901,3.200182,44.368846
SPHINCS+-SHA2-128f-simple_run09,active,13.892805,5.39875,0.59308,3.201888,44.409643
SPHINCS+-SHA2-128f-simple_run09,active,13.905543,5.39625,0.59308,3.200406,44.450411
SPHINCS+-SHA2-128f-simple_run09,active,13.918283,5.39875,0.596477,3.220229,44.491435
SPHINCS+-SHA2-128f-simple_run09,active,13.931027,5.395,0.59308,3.199664,44.532213
SPHINCS+-SHA2-128f-simple_run09,active,13.943766,5.39875,0.591649,3.194166,44.572903
SPHINCS+-SHA2-128f-simple_run09,active,13.956514,5.3975,0.590576,3.187636,44.61354
SPHINCS+-SHA2-128f-simple_run09,active,13.969263,5.39375,0.590755,3.186386,44.654162
SPHINCS+-SHA2-128f-simple_run09,active,13.982007,5.39375,0.594689,3.207603,44.695039
SPHINCS+-SHA2-128f-simple_run09,active,13.994748,5.3975,0.594868,3.210798,44.735947
SPHINCS+-SHA2-128f-simple_run09,active,14.007496,5.39875,0.593437,3.203819,44.776791
SPHINCS+-SHA2-128f-simple_run09,active,14.020283,5.395,0.593258,3.200629,44.817718
SPHINCS+-SHA2-128f-simple_run09,active,14.033035,5.39625,0.592543,3.197511,44.858491
SPHINCS+-SHA2-128f-simple_run09,active,14.048723,5.39125,0.591649,3.189729,44.908531
SPHINCS+-SHA2-128f-simple_run09,active,14.061505,5.39625,0.591649,3.192687,44.949342
SPHINCS+-SHA2-128f-simple_run09,active,14.074251,5.3975,0.591649,3.193427,44.990045
SPHINCS+-SHA2-128f-simple_run09,active,14.087004,5.4,0.593437,3.204561,45.030913
SPHINCS+-SHA2-128f-simple_run09,active,14.099749,5.39625,0.589682,3.182074,45.071467
SPHINCS+-SHA2-128f-simple_run09,active,14.112495,5.39625,0.593616,3.2033,45.112295
SPHINCS+-SHA2-128f-simple_run09,active,14.125259,5.39875,0.592901,3.200923,45.153153
SPHINCS+-SHA2-128f-simple_run09,active,14.138005,5.3975,0.592007,3.195357,45.193881
SPHINCS+-SHA2-128f-simple_run09,active,14.150746,5.3925,0.590576,3.184683,45.234458
SPHINCS+-SHA2-128f-simple_run09,active,14.163486,5.3975,0.59147,3.192461,45.27513
SPHINCS+-SHA2-128f-simple_run09,active,14.176225,5.39625,0.592722,3.198476,45.315875
SPHINCS+-SHA2-128f-simple_run09,active,14.18897,5.39625,0.593974,3.20523,45.356726
SPHINCS+-SHA2-128f-simple_run09,active,14.201712,5.39875,0.593795,3.20575,45.397572
SPHINCS+-SHA2-128f-simple_run09,active,14.214452,5.39625,0.592543,3.197511,45.43831
SPHINCS+-SHA2-128f-simple_run09,active,14.22719,5.39875,0.590755,3.18934,45.478936
SPHINCS+-SHA2-128f-simple_run09,active,14.239968,5.39375,0.589682,3.180599,45.519578
SPHINCS+-SHA2-128f-simple_run09,active,14.252712,5.395,0.59308,3.199664,45.560353
SPHINCS+-SHA2-128f-simple_run09,active,14.265454,5.39625,0.592901,3.199441,45.601122
SPHINCS+-SHA2-128f-simple_run09,active,14.278192,5.3975,0.595225,3.212728,45.642045
SPHINCS+-SHA2-128f-simple_run09,active,14.290935,5.395,0.591113,3.189054,45.682684
SPHINCS+-SHA2-128f-simple_run09,active,14.303677,5.39625,0.591113,3.189792,45.723328
SPHINCS+-SHA2-128f-simple_run09,active,14.316425,5.39875,0.592901,3.200923,45.764132
SPHINCS+-SHA2-128f-simple_run09,active,14.329163,5.39875,0.590755,3.18934,45.804757
SPHINCS+-SHA2-128f-simple_run09,active,14.341926,5.3975,0.59308,3.201147,45.845614
SPHINCS+-SHA2-128f-simple_run09,active,14.354669,5.39625,0.595046,3.211019,45.886533
SPHINCS+-SHA2-128f-simple_run09,active,14.367413,5.39875,0.592901,3.200923,45.927324
SPHINCS+-SHA2-128f-simple_run09,active,14.380154,5.40125,0.592364,3.199508,45.968091
SPHINCS+-SHA2-128f-simple_run09,active,14.392896,5.3975,0.591828,3.194392,46.008793
SPHINCS+-SHA2-128f-simple_run09,active,14.405642,5.39875,0.591113,3.19127,46.04947
SPHINCS+-SHA2-128f-simple_run09,active,14.418384,5.395,0.593974,3.204488,46.090301
SPHINCS+-SHA2-128f-simple_run09,active,14.431136,5.39625,0.595225,3.211984,46.131259
SPHINCS+-SHA2-128f-simple_run09,active,14.443906,5.39625,0.59308,3.200406,46.172129
SPHINCS+-SHA2-128f-simple_run09,active,14.456653,5.3975,0.593258,3.202112,46.212945
SPHINCS+-SHA2-128f-simple_run09,active,14.469392,5.3975,0.613463,3.311165,46.255129
SPHINCS+-SHA2-128f-simple_run09,active,14.482134,5.3975,0.591292,3.191496,46.295793
SPHINCS+-SHA2-128f-simple_run09,active,14.494876,5.395,0.590934,3.188089,46.336416
SPHINCS+-SHA2-128f-simple_run09,active,14.507616,5.39625,0.593437,3.202335,46.377213
SPHINCS+-SHA2-128f-simple_run09,active,14.520356,5.40125,0.61686,3.331815,46.41966
SPHINCS+-SHA2-128f-simple_run09,active,14.533102,5.39625,0.59308,3.200406,46.460452
SPHINCS+-SHA2-128f-simple_run09,active,14.545849,5.39625,0.590755,3.187863,46.501088
SPHINCS+-SHA2-128f-simple_run09,active,14.558589,5.39625,0.588967,3.178214,46.541581
SPHINCS+-SHA2-128f-simple_run09,active,14.571328,5.39625,0.614714,3.317153,46.583836
SPHINCS+-SHA2-128f-simple_run09,active,14.584067,5.39875,0.591292,3.192236,46.624503
SPHINCS+-SHA2-128f-simple_run09,active,14.596811,5.39625,0.593258,3.201371,46.665299
SPHINCS+-SHA2-128f-simple_run09,active,14.609548,5.39625,0.593258,3.201371,46.706077
SPHINCS+-SHA2-128f-simple_run09,active,14.622286,5.3975,0.595404,3.213693,46.747014
SPHINCS+-SHA2-128f-simple_run09,active,14.635031,5.3975,0.592543,3.198252,46.787774
SPHINCS+-SHA2-128f-simple_run09,active,14.647779,5.3975,0.591649,3.193427,46.828483
SPHINCS+-SHA2-128f-simple_run09,active,14.660524,5.3975,0.586285,3.164474,46.868817
SPHINCS+-SHA2-128f-simple_run09,active,14.673261,5.39875,0.593795,3.20575,46.909646
SPHINCS+-SHA2-128f-simple_run09,active,14.685999,5.39625,0.593437,3.202335,46.95044
SPHINCS+-SHA2-128f-simple_run09,active,14.698741,5.39375,0.594152,3.20471,46.991273
SPHINCS+-SHA2-128f-simple_run09,active,14.71148,5.395,0.590934,3.188089,47.031887
SPHINCS+-SHA2-128f-simple_run09,active,14.724221,5.3975,0.590398,3.186671,47.072488
SPHINCS+-SHA2-128f-simple_run09,active,14.736968,5.3975,0.591292,3.191496,47.113168
SPHINCS+-SHA2-128f-simple_run09,active,14.749714,5.395,0.59147,3.190983,47.153841
SPHINCS+-SHA2-128f-simple_run09,active,14.762455,5.39625,0.593258,3.201371,47.19463
SPHINCS+-SHA2-128f-simple_run09,active,14.775194,5.39625,0.595583,3.213914,47.235571
SPHINCS+-SHA2-128f-simple_run09,active,14.787935,5.39625,0.593258,3.201371,47.27636
SPHINCS+-SHA2-128f-simple_run09,active,14.800678,5.39625,0.590934,3.188828,47.316997
SPHINCS+-SHA2-128f-simple_run09,active,14.813418,5.405,0.591113,3.194965,47.357701
SPHINCS+-SHA2-128f-simple_run09,active,14.826157,5.3975,0.591113,3.190531,47.398344
SPHINCS+-SHA2-128f-simple_run09,active,14.838896,5.4,0.593258,3.203595,47.439154
SPHINCS+-SHA2-128f-simple_run09,active,14.851635,5.39625,0.59308,3.200406,47.479926
SPHINCS+-SHA2-128f-simple_run09,active,14.864379,5.39625,0.592722,3.198476,47.520685
SPHINCS+-SHA2-128f-simple_run09,active,14.877117,5.3975,0.592186,3.196322,47.5614
SPHINCS+-SHA2-128f-simple_run09,active,14.889859,5.40125,0.590755,3.190817,47.602057
SPHINCS+-SHA2-128f-simple_run09,active,14.902601,5.3925,0.59147,3.189504,47.642697
SPHINCS+-SHA2-128f-simple_run09,active,14.915341,5.3975,0.591292,3.191496,47.683359
SPHINCS+-SHA2-128f-simple_run09,active,14.928081,5.39875,0.59308,3.201888,47.72415
SPHINCS+-SHA2-128f-simple_run09,active,14.94083,5.39625,0.594689,3.209089,47.765064
SPHINCS+-SHA2-128f-simple_run09,active,14.95358,5.39625,0.593974,3.20523,47.805931
SPHINCS+-SHA2-128f-simple_run09,active,14.966333,5.39625,0.591113,3.189792,47.846609
SPHINCS+-SHA2-128f-simple_run09,active,14.979072,5.3975,0.593795,3.205007,47.887437
SPHINCS+-SHA2-128f-simple_run09,active,14.991817,5.39875,0.59147,3.193201,47.928134
SPHINCS+-SHA2-128f-simple_run09,active,15.00456,5.395,0.593258,3.200629,47.96892
SPHINCS+-SHA2-128f-simple_run09,active,15.017297,5.3975,0.593258,3.202112,48.009707
SPHINCS+-SHA2-128f-simple_run09,active,15.030041,5.40125,0.590219,3.187919,48.050334
SPHINCS+-SHA2-128f-simple_run09,active,15.042791,5.3975,0.593258,3.202112,48.09116
SPHINCS+-SHA2-128f-simple_run09,active,15.055537,5.39625,0.591292,3.190757,48.131829
SPHINCS+-SHA2-128f-simple_run09,active,15.06828,5.3975,0.588073,3.174125,48.172278
SPHINCS+-SHA2-128f-simple_run09,active,15.08102,5.39875,0.593258,3.202854,48.213082
SPHINCS+-SHA2-128f-simple_run09,active,15.093762,5.3975,0.592722,3.199217,48.253847
SPHINCS+-SHA2-128f-simple_run09,active,15.106507,5.39,0.594152,3.202481,48.294662
SPHINCS+-SHA2-128f-simple_run09,active,15.119246,5.3975,0.594868,3.210798,48.335563
SPHINCS+-SHA2-128f-simple_run09,active,15.131986,5.3975,0.590576,3.187636,48.376173
SPHINCS+-SHA2-128f-simple_run09,active,15.144733,5.3975,0.591292,3.191496,48.416858
SPHINCS+-SHA2-128f-simple_run09,active,15.157478,5.3975,0.590398,3.186671,48.457469
SPHINCS+-SHA2-128f-simple_run09,active,15.170214,5.3925,0.591113,3.187576,48.498066
SPHINCS+-SHA2-128f-simple_run09,active,15.182952,5.39625,0.594868,3.210054,48.538956
SPHINCS+-SHA2-128f-simple_run09,active,15.195693,5.3975,0.594868,3.210798,48.579866
SPHINCS+-SHA2-128f-simple_run09,active,15.208435,5.39125,0.595404,3.209972,48.620767
SPHINCS+-SHA2-128f-simple_run09,active,15.221171,5.395,0.593437,3.201594,48.661543
SPHINCS+-SHA2-128f-simple_run09,active,15.233911,5.39625,0.594152,3.206195,48.702389
SPHINCS+-SHA2-128f-simple_run09,active,15.246658,5.39625,0.591113,3.189792,48.743049
SPHINCS+-SHA2-128f-simple_run09,active,15.259402,5.39375,0.587179,3.167098,48.78341
SPHINCS+-SHA2-128f-simple_run09,active,15.27214,5.38875,0.591649,3.18825,48.824022
SPHINCS+-SHA2-128f-simple_run09,active,15.284876,5.39875,0.594331,3.208646,48.864888
SPHINCS+-SHA2-128f-simple_run09,active,15.297616,5.39875,0.593795,3.20575,48.905731
SPHINCS+-SHA2-128f-simple_run09,active,15.310359,5.39125,0.593437,3.199368,48.946501
SPHINCS+-SHA2-128f-simple_run09,active,15.326005,5.3975,0.593616,3.204042,48.996632
SPHINCS+-SHA2-128f-simple_run09,active,15.338781,5.395,0.591113,3.189054,49.037374
SPHINCS+-SHA2-128f-simple_run09,active,15.351534,5.395,0.590398,3.185195,49.077994
SPHINCS+-SHA2-128f-simple_run09,active,15.364281,5.39625,0.591113,3.189792,49.118655
SPHINCS+-SHA2-128f-simple_run09,active,15.377019,5.3975,0.591113,3.190531,49.159295
SPHINCS+-SHA2-128f-simple_run09,active,15.389761,5.4,0.594331,3.209388,49.200191
SPHINCS+-SHA2-128f-simple_run09,active,15.402507,5.39625,0.593795,3.204265,49.241031
SPHINCS+-SHA2-128f-simple_run09,active,15.415244,5.3825,0.594689,3.200912,49.281803
SPHINCS+-SHA2-128f-simple_run09,active,15.427981,5.39625,0.591113,3.189792,49.32243
SPHINCS+-SHA2-128f-simple_run09,active,15.440722,5.39875,0.591649,3.194166,49.363125
SPHINCS+-SHA2-128f-simple_run09,active,15.45347,5.3975,0.59147,3.192461,49.403823
SPHINCS+-SHA2-128f-simple_run09,active,15.466211,5.3975,0.59308,3.201147,49.444611
SPHINCS+-SHA2-128f-simple_run09,active,15.478948,5.39625,0.595225,3.211984,49.485519
SPHINCS+-SHA2-128f-simple_run09,active,15.491687,5.39625,0.593437,3.202335,49.526315
SPHINCS+-SHA2-128f-simple_run09,active,15.504428,5.3975,0.593795,3.205007,49.56715
SPHINCS+-SHA2-128f-simple_run09,active,15.517166,5.39375,0.59147,3.190243,49.607789
SPHINCS+-SHA2-128f-simple_run09,active,15.529904,5.395,0.590576,3.18616,49.648374
SPHINCS+-SHA2-128f-simple_run09,active,15.542643,5.39625,0.591113,3.189792,49.689007
SPHINCS+-SHA2-128f-simple_run09,active,15.555389,5.395,0.595404,3.212205,49.729949
SPHINCS+-SHA2-128f-simple_run09,active,15.568133,5.39375,0.592901,3.197959,49.770706
SPHINCS+-SHA2-128f-simple_run09,active,15.580872,5.39625,0.593258,3.201371,49.811489
SPHINCS+-SHA2-128f-simple_run09,active,15.593613,5.39625,0.59147,3.191722,49.852153
SPHINCS+-SHA2-128f-simple_run09,active,15.606349,5.39625,0.591292,3.190757,49.89279
SPHINCS+-SHA2-128f-simple_run09,active,15.619089,5.37875,0.590576,3.176563,49.93326
SPHINCS+-SHA2-128f-simple_run09,active,15.631829,5.3975,0.592364,3.197287,49.973994
SPHINCS+-SHA2-128f-simple_run09,active,15.644572,5.39625,0.593795,3.204265,50.014824
SPHINCS+-SHA2-128f-simple_run09,active,15.657315,5.3975,0.593437,3.203077,50.055644
SPHINCS+-SHA2-128f-simple_run09,active,15.670057,5.39,0.613463,3.306564,50.097774
SPHINCS+-SHA2-128f-simple_run09,active,15.682794,5.3975,0.592186,3.196322,50.138486
SPHINCS+-SHA2-128f-simple_run09,active,15.695533,5.3975,0.592364,3.197287,50.179218
SPHINCS+-SHA2-128f-simple_run09,active,15.708274,5.39875,0.59308,3.201888,50.220012
SPHINCS+-SHA2-128f-simple_run09,active,15.721012,5.3925,0.603629,3.255068,50.261476
SPHINCS+-SHA2-128f-simple_run09,active,15.733751,5.39875,0.593437,3.203819,50.302287
SPHINCS+-SHA2-128f-simple_run09,active,15.746491,5.3975,0.593437,3.203077,50.343096
SPHINCS+-SHA2-128f-simple_run09,active,15.759235,5.39875,0.59147,3.193201,50.383791
SPHINCS+-SHA2-128f-simple_run09,active,15.771978,5.40125,0.596298,3.220755,50.424831
SPHINCS+-SHA2-128f-simple_run09,active,15.784715,5.3975,0.59147,3.192461,50.465494
SPHINCS+-SHA2-128f-simple_run09,active,15.797455,5.39625,0.590398,3.185933,50.506082
SPHINCS+-SHA2-128f-simple_run09,active,15.810194,5.4,0.594689,3.21132,50.54699
SPHINCS+-SHA2-128f-simple_run09,active,15.82293,5.38875,0.595583,3.209447,50.587866
SPHINCS+-SHA2-128f-simple_run09,active,15.835668,5.39875,0.593437,3.203819,50.628679
SPHINCS+-SHA2-128f-simple_run09,active,15.84841,5.395,0.592722,3.197735,50.669423
SPHINCS+-SHA2-128f-simple_run09,active,15.861156,5.3975,0.592722,3.199217,50.7102
SPHINCS+-SHA2-128f-simple_run09,active,15.873896,5.3975,0.59147,3.192461,50.750873
SPHINCS+-SHA2-128f-simple_run09,active,15.886653,5.39875,0.593437,3.203819,50.791743
SPHINCS+-SHA2-128f-simple_run09,active,15.899425,5.3975,0.592543,3.198252,50.83259
SPHINCS+-SHA2-128f-simple_run09,active,15.912173,5.39875,0.593258,3.202854,50.873422
SPHINCS+-SHA2-128f-simple_run09,active,15.924913,5.3875,0.593437,3.197143,50.914153
SPHINCS+-SHA2-128f-simple_run09,active,15.937658,5.39375,0.59594,3.214354,50.95512
SPHINCS+-SHA2-128f-simple_run09,active,15.950402,5.395,0.586464,3.163973,50.995442
SPHINCS+-SHA2-128f-simple_run09,active,15.963176,5.39625,0.59147,3.191722,51.036212
SPHINCS+-SHA2-128f-simple_run09,active,15.975964,5.3925,0.595762,3.212644,51.077297
SPHINCS+-SHA2-128f-simple_run09,active,15.988719,5.395,0.59147,3.190983,51.117997
SPHINCS+-SHA2-128f-simple_run09,active,16.001465,5.3975,0.593258,3.202112,51.158811
SPHINCS+-SHA2-128f-simple_run09,active,16.014212,5.39125,0.591649,3.189729,51.199472
SPHINCS+-SHA2-128f-simple_run09,active,16.026976,5.38875,0.592543,3.193067,51.240228
SPHINCS+-SHA2-128f-simple_run09,active,16.039724,5.3975,0.591113,3.190531,51.280901
SPHINCS+-SHA2-128f-simple_run09,active,16.052469,5.39625,0.591828,3.193652,51.321602
SPHINCS+-SHA2-128f-simple_run09,active,16.065284,5.39625,0.59308,3.200406,51.362616
SPHINCS+-SHA2-128f-simple_run09,active,16.078031,5.3975,0.590755,3.188601,51.40326
SPHINCS+-SHA2-128f-simple_run09,active,16.090775,5.39625,0.592364,3.196546,51.443999
SPHINCS+-SHA2-128f-simple_run09,active,16.103518,5.39625,0.591113,3.189792,51.484644
SPHINCS+-SHA2-128f-simple_run09,active,16.116261,5.395,0.591113,3.189054,51.525284
SPHINCS+-SHA2-128f-simple_run09,active,16.129,5.3875,0.590755,3.182694,51.565827
SPHINCS+-SHA2-128f-simple_run09,active,16.141741,5.39625,0.593437,3.202335,51.60663
SPHINCS+-SHA2-128f-simple_run09,active,16.154486,5.39625,0.59308,3.200406,51.647417
SPHINCS+-SHA2-128f-simple_run09,active,16.167233,5.3975,0.592901,3.200182,51.688212
SPHINCS+-SHA2-128f-simple_run09,active,16.179978,5.39625,0.59147,3.191722,51.728888
SPHINCS+-SHA2-128f-simple_run09,active,16.192723,5.39625,0.591292,3.190757,51.769554
SPHINCS+-SHA2-128f-simple_run09,active,16.205463,5.39875,0.591113,3.19127,51.810212
SPHINCS+-SHA2-128f-simple_run09,active,16.218205,5.39375,0.591113,3.188315,51.850838
SPHINCS+-SHA2-128f-simple_run09,active,16.230951,5.385,0.596119,3.210102,51.891754
SPHINCS+-SHA2-128f-simple_run09,active,16.243691,5.4,0.593795,3.206492,51.932605
SPHINCS+-SHA2-128f-simple_run09,active,16.256437,5.39875,0.59308,3.201888,51.973414
SPHINCS+-SHA2-128f-simple_run09,active,16.269184,5.39375,0.611675,3.299221,52.015469
SPHINCS+-SHA2-128f-simple_run09,active,16.281927,5.39625,0.591649,3.192687,52.056156
SPHINCS+-SHA2-128f-simple_run09,active,16.294669,5.3975,0.591113,3.190531,52.09681
SPHINCS+-SHA2-128f-simple_run09,active,16.307411,5.39375,0.593258,3.199887,52.137583
SPHINCS+-SHA2-128f-simple_run09,active,16.320156,5.3975,0.615787,3.323711,52.179944
SPHINCS+-SHA2-128f-simple_run09,active,16.332897,5.3975,0.592364,3.197287,52.220679
SPHINCS+-SHA2-128f-simple_run09,active,16.345639,5.3975,0.590755,3.188601,52.261307
SPHINCS+-SHA2-128f-simple_run09,active,16.358378,5.40125,0.58861,3.179228,52.301809
SPHINCS+-SHA2-128f-simple_run09,active,16.371117,5.39875,0.613105,3.310002,52.343975
SPHINCS+-SHA2-128f-simple_run09,active,16.383857,5.38125,0.591649,3.183812,52.384537
SPHINCS+-SHA2-128f-simple_run09,active,16.396603,5.3825,0.593258,3.193213,52.425238
SPHINCS+-SHA2-128f-simple_run09,active,16.409341,5.3775,0.588967,3.167171,52.465581
SPHINCS+-SHA2-128f-simple_run09,active,16.422086,5.385,0.59451,3.201436,52.506384
SPHINCS+-SHA2-128f-simple_run09,active,16.434827,5.385,0.594331,3.200474,52.547162
SPHINCS+-SHA2-128f-simple_run09,active,16.447567,5.38375,0.588788,3.16989,52.587545
SPHINCS+-SHA2-128f-simple_run09,active,16.46031,5.38375,0.58861,3.168927,52.627927
SPHINCS+-SHA2-128f-simple_run09,active,16.473045,5.3825,0.593437,3.194176,52.668605
SPHINCS+-SHA2-128f-simple_run09,active,16.485786,5.38375,0.593258,3.193955,52.709297
SPHINCS+-SHA2-128f-simple_run09,active,16.498565,5.38625,0.594331,3.201216,52.750205
SPHINCS+-SHA2-128f-simple_run09,active,16.511307,5.38375,0.593795,3.196843,52.790941
SPHINCS+-SHA2-128f-simple_run09,active,16.524046,5.38625,0.593258,3.195438,52.831647
SPHINCS+-SHA2-128f-simple_run09,active,16.536783,5.38375,0.591113,3.182404,52.872181
SPHINCS+-SHA2-128f-simple_run09,active,16.549522,5.3825,0.592901,3.191289,52.912835
SPHINCS+-SHA2-128f-simple_run09,active,16.562262,5.38375,0.591113,3.182404,52.95338
SPHINCS+-SHA2-128f-simple_run09,active,16.574997,5.385,0.593437,3.195659,52.994077
SPHINCS+-SHA2-128f-simple_run09,active,16.587738,5.38375,0.589861,3.175665,53.034537
SPHINCS+-SHA2-128f-simple_run09,active,16.603348,5.385,0.592901,3.192771,53.084377
SPHINCS+-SHA2-128f-simple_run09,active,16.616107,5.38375,0.594152,3.198768,53.12519
SPHINCS+-SHA2-128f-simple_run09,active,16.628849,5.3825,0.595583,3.205724,53.166037
SPHINCS+-SHA2-128f-simple_run09,active,16.64159,5.385,0.591292,3.184105,53.206607
SPHINCS+-SHA2-128f-simple_run09,active,16.654331,5.38375,0.591292,3.183366,53.247166
SPHINCS+-SHA2-128f-simple_run09,active,16.667072,5.3825,0.590934,3.180702,53.287691
SPHINCS+-SHA2-128f-simple_run09,active,16.679811,5.3825,0.592186,3.187439,53.328295
SPHINCS+-SHA2-128f-simple_run09,active,16.692552,5.38375,0.593437,3.194918,53.369001
SPHINCS+-SHA2-128f-simple_run09,active,16.705292,5.38125,0.594331,3.198245,53.409747
SPHINCS+-SHA2-128f-simple_run09,active,16.718031,5.3725,0.593258,3.187281,53.450349
SPHINCS+-SHA2-128f-simple_run09,active,16.730773,5.3825,0.591292,3.182627,53.490903
SPHINCS+-SHA2-128f-simple_run09,active,16.743513,5.385,0.591649,3.186031,53.531492
SPHINCS+-SHA2-128f-simple_run09,active,16.756255,5.3825,0.59147,3.183589,53.572057
SPHINCS+-SHA2-128f-simple_run09,active,16.768992,5.3825,0.597728,3.217273,53.613036
SPHINCS+-SHA2-128f-simple_run09,active,16.78173,5.385,0.593437,3.195659,53.653742
SPHINCS+-SHA2-128f-simple_run09,active,16.79447,5.385,0.595583,3.207213,53.694602
SPHINCS+-SHA2-128f-simple_run09,active,16.807208,5.38375,0.59004,3.176628,53.735068
SPHINCS+-SHA2-128f-simple_run09,active,16.819948,5.3825,0.589325,3.172041,53.775478
SPHINCS+-SHA2-128f-simple_run09,active,16.832685,5.38375,0.590934,3.181441,53.815999
SPHINCS+-SHA2-128f-simple_run09,active,16.845425,5.38375,0.591113,3.182404,53.856543
SPHINCS+-SHA2-128f-simple_run09,active,16.858163,5.38625,0.593974,3.19929,53.897296
SPHINCS+-SHA2-128f-simple_run09,active,16.870907,5.38,0.595762,3.205197,53.938143
SPHINCS+-SHA2-128f-simple_run09,active,16.883652,5.385,0.593795,3.197585,53.978898
SPHINCS+-SHA2-128f-simple_run09,active,16.896398,5.38375,0.590219,3.17759,54.019399
SPHINCS+-SHA2-128f-simple_run09,active,16.909137,5.38125,0.588073,3.164569,54.059712
SPHINCS+-SHA2-128f-simple_run09,active,16.921875,5.385,0.590576,3.180254,54.100221
SPHINCS+-SHA2-128f-simple_run09,active,16.934612,5.3825,0.594152,3.198025,54.140955
SPHINCS+-SHA2-128f-simple_run09,active,16.947352,5.385,0.595046,3.204325,54.181778
SPHINCS+-SHA2-128f-simple_run09,active,16.960113,5.37875,0.593258,3.190989,54.2225
SPHINCS+-SHA2-128f-simple_run09,active,16.97286,5.37125,0.593437,3.1875,54.263131
SPHINCS+-SHA2-128f-simple_run09,active,16.98561,5.385,0.591113,3.183142,54.303715
SPHINCS+-SHA2-128f-simple_run09,active,16.998352,5.38625,0.591649,3.186771,54.344322
SPHINCS+-SHA2-128f-simple_run09,active,17.011093,5.3825,0.591292,3.182627,54.384872
SPHINCS+-SHA2-128f-simple_run09,active,17.023833,5.3875,0.593258,3.19618,54.425591
SPHINCS+-SHA2-128f-simple_run09,active,17.036573,5.38375,0.593258,3.193955,54.466281
SPHINCS+-SHA2-128f-simple_run09,active,17.049313,5.38,0.59308,3.190768,54.506932
SPHINCS+-SHA2-128f-simple_run09,active,17.062052,5.385,0.590755,3.181217,54.547457
SPHINCS+-SHA2-128f-simple_run09,active,17.074795,5.38375,0.591113,3.182404,54.58801
SPHINCS+-SHA2-128f-simple_run09,active,17.08754,5.38875,0.591113,3.185359,54.628609
SPHINCS+-SHA2-128f-simple_run09,active,17.100283,5.38375,0.591649,3.185291,54.669197
SPHINCS+-SHA2-128f-simple_run09,active,17.113022,5.38375,0.59308,3.192992,54.709872
SPHINCS+-SHA2-128f-simple_run09,active,17.125759,5.385,0.593258,3.194696,54.750565
SPHINCS+-SHA2-128f-simple_run09,active,17.138506,5.38375,0.595225,3.204544,54.791413
SPHINCS+-SHA2-128f-simple_run09,active,17.151248,5.38375,0.59147,3.184329,54.831986
SPHINCS+-SHA2-128f-simple_run09,active,17.163989,5.38375,0.591113,3.182404,54.872535
SPHINCS+-SHA2-128f-simple_run09,active,17.176733,5.3825,0.590934,3.180702,54.913069
SPHINCS+-SHA2-128f-simple_run09,active,17.189478,5.37875,0.592007,3.184257,54.953652
SPHINCS+-SHA2-128f-simple_run09,active,17.202219,5.385,0.593258,3.194696,54.994357
SPHINCS+-SHA2-128f-simple_run09,active,17.214957,5.37875,0.59451,3.197721,55.035089
SPHINCS+-SHA2-128f-simple_run09,active,17.227692,5.3825,0.595762,3.206687,55.075926
SPHINCS+-SHA2-128f-simple_run09,active,17.240433,5.385,0.591113,3.183142,55.116483
SPHINCS+-SHA2-128f-simple_run09,active,17.253177,5.38375,0.590755,3.180478,55.157013
SPHINCS+-SHA2-128f-simple_run09,active,17.265914,5.38625,0.592007,3.188697,55.197628
SPHINCS+-SHA2-128f-simple_run09,active,17.278652,5.38375,0.594152,3.198768,55.238373
SPHINCS+-SHA2-128f-simple_run09,active,17.291395,5.385,0.593974,3.198548,55.279134
SPHINCS+-SHA2-128f-simple_run09,active,17.304138,5.38375,0.59308,3.192992,55.319823
SPHINCS+-SHA2-128f-simple_run09,active,17.316881,5.385,0.589146,3.172551,55.360251
SPHINCS+-SHA2-128f-simple_run09,active,17.329623,5.385,0.592007,3.187957,55.40087
SPHINCS+-SHA2-128f-simple_run09,active,17.342363,5.38375,0.590755,3.180478,55.44139
SPHINCS+-SHA2-128f-simple_run09,active,17.355103,5.38375,0.595583,3.206469,55.482242
SPHINCS+-SHA2-128f-simple_run09,active,17.367841,5.38375,0.59308,3.192992,55.522913
SPHINCS+-SHA2-128f-simple_run09,active,17.380579,5.3825,0.59308,3.192251,55.563576
SPHINCS+-SHA2-128f-simple_run09,active,17.393319,5.385,0.591649,3.186031,55.604164
SPHINCS+-SHA2-128f-simple_run09,active,17.406058,5.385,0.590934,3.18218,55.644704
SPHINCS+-SHA2-128f-simple_run09,active,17.418796,5.38375,0.593437,3.194918,55.685402
SPHINCS+-SHA2-128f-simple_run09,active,17.431538,5.38625,0.592543,3.191586,55.726067
SPHINCS+-SHA2-128f-simple_run09,active,17.444278,5.38375,0.593616,3.19588,55.766782
SPHINCS+-SHA2-128f-simple_run09,active,17.457016,5.38625,0.592722,3.192549,55.807451
SPHINCS+-SHA2-128f-simple_run09,active,17.469751,5.38375,0.618469,3.329684,55.849853
SPHINCS+-SHA2-128f-simple_run09,active,17.482488,5.3825,0.591113,3.181665,55.890377
SPHINCS+-SHA2-128f-simple_run09,active,17.495226,5.3825,0.590755,3.17974,55.930882
SPHINCS+-SHA2-128f-simple_run09,active,17.507969,5.38625,0.590755,3.181955,55.97143
SPHINCS+-SHA2-128f-simple_run09,active,17.520704,5.385,0.614893,3.3112,56.013597
SPHINCS+-SHA2-128f-simple_run09,active,17.533441,5.3825,0.593795,3.196101,56.054306
SPHINCS+-SHA2-128f-simple_run09,active,17.546181,5.385,0.592901,3.192771,56.094981
SPHINCS+-SHA2-128f-simple_run09,active,17.558919,5.3825,0.593258,3.193213,56.135656
SPHINCS+-SHA2-128f-simple_run09,active,17.571654,5.38375,0.609887,3.283478,56.177473
SPHINCS+-SHA2-128f-simple_run09,active,17.584394,5.3825,0.590576,3.178777,56.217969
SPHINCS+-SHA2-128f-simple_run09,active,17.597134,5.375,0.591649,3.180114,56.258485
SPHINCS+-SHA2-128f-simple_run09,active,17.609872,5.38,0.592901,3.189806,56.299117
SPHINCS+-SHA2-128f-simple_run09,active,17.622608,5.38375,0.594689,3.201656,56.339893
SPHINCS+-SHA2-128f-simple_run09,active,17.635345,5.38125,0.593258,3.192472,56.380556
SPHINCS+-SHA2-128f-simple_run09,active,17.648088,5.38,0.592364,3.18692,56.421166
SPHINCS+-SHA2-128f-simple_run09,active,17.660826,5.38125,0.590934,3.179964,56.461671
SPHINCS+-SHA2-128f-simple_run09,active,17.67356,5.3775,0.591649,3.181594,56.502187
SPHINCS+-SHA2-128f-simple_run09,active,17.686299,5.3825,0.590576,3.178777,56.542682
SPHINCS+-SHA2-128f-simple_run09,active,17.699039,5.37875,0.592543,3.187142,56.583285
SPHINCS+-SHA2-128f-simple_run09,active,17.711777,5.38375,0.593258,3.193955,56.623969
SPHINCS+-SHA2-128f-simple_run09,active,17.724515,5.38375,0.593437,3.194918,56.664666
SPHINCS+-SHA2-128f-simple_run09,active,17.737251,5.385,0.591113,3.183142,56.705207
SPHINCS+-SHA2-128f-simple_run09,active,17.749987,5.37,0.591113,3.174276,56.745635
SPHINCS+-SHA2-128f-simple_run09,active,17.762728,5.3825,0.590755,3.17974,56.786146
SPHINCS+-SHA2-128f-simple_run09,active,17.775464,5.38375,0.595404,3.205506,56.826972
SPHINCS+-SHA2-128f-simple_run09,active,17.788209,5.38375,0.600232,3.231497,56.868158
SPHINCS+-SHA2-128f-simple_run09,active,17.800948,5.385,0.593616,3.196622,56.90888
SPHINCS+-SHA2-128f-simple_run09,active,17.813687,5.38375,0.594331,3.199731,56.949641
SPHINCS+-SHA2-128f-simple_run09,active,17.826422,5.385,0.593974,3.198548,56.990375
SPHINCS+-SHA2-128f-simple_run09,active,17.839162,5.38375,0.592186,3.188179,57.030992
SPHINCS+-SHA2-128f-simple_run09,active,17.851958,5.3825,0.591292,3.182627,57.071717
SPHINCS+-SHA2-128f-simple_run09,active,17.864702,5.385,0.591113,3.183142,57.112284
SPHINCS+-SHA2-128f-simple_run09,active,17.880332,5.38375,0.592901,3.19203,57.162176
SPHINCS+-SHA2-128f-simple_run09,active,17.893103,5.38375,0.594152,3.198768,57.203026
SPHINCS+-SHA2-128f-simple_run09,active,17.905846,5.38375,0.592901,3.19203,57.243703
SPHINCS+-SHA2-128f-simple_run09,active,17.9186,5.38375,0.596119,3.209357,57.284636
SPHINCS+-SHA2-128f-simple_run09,active,17.931374,5.3825,0.59308,3.192251,57.325413
SPHINCS+-SHA2-128f-simple_run09,active,17.944123,5.385,0.59147,3.185068,57.366017
SPHINCS+-SHA2-128f-simple_run09,active,17.956869,5.3775,0.591113,3.178709,57.406533
SPHINCS+-SHA2-128f-simple_run09,active,17.969619,5.3775,0.59147,3.180632,57.447087
SPHINCS+-SHA2-128f-simple_run09,active,17.982363,5.38375,0.593795,3.196843,57.487829
SPHINCS+-SHA2-128f-simple_run09,active,17.995106,5.385,0.59594,3.209139,57.528721
SPHINCS+-SHA2-128f-simple_run09,active,18.007852,5.38125,0.597192,3.213639,57.569684
SPHINCS+-SHA2-128f-simple_run09,active,18.020634,5.3825,0.593437,3.194176,57.610512
SPHINCS+-SHA2-128f-simple_run09,active,18.033378,5.38375,0.592007,3.187217,57.651131
SPHINCS+-SHA2-128f-simple_run09,active,18.046123,5.38375,0.591649,3.185291,57.691726
SPHINCS+-SHA2-128f-simple_run09,active,18.058865,5.38375,0.592543,3.190104,57.732373
SPHINCS+-SHA2-128f-simple_run09,active,18.071602,5.3825,0.593437,3.194176,57.773058
SPHINCS+-SHA2-128f-simple_run09,active,18.084343,5.3825,0.59308,3.192251,57.813732
SPHINCS+-SHA2-128f-simple_run09,active,18.097089,5.38375,0.596477,3.211282,57.854661
SPHINCS+-SHA2-128f-simple_run09,active,18.109828,5.38375,0.592007,3.187217,57.895264
SPHINCS+-SHA2-128f-simple_run09,active,18.122567,5.38375,0.591649,3.185291,57.935843
SPHINCS+-SHA2-128f-simple_run09,active,18.135306,5.38375,0.594689,3.201656,57.976628
SPHINCS+-SHA2-128f-simple_run09,active,18.148051,5.38375,0.588252,3.167002,58.016989
SPHINCS+-SHA2-128f-simple_run09,active,18.16079,5.38625,0.593437,3.196401,58.057708
SPHINCS+-SHA2-128f-simple_run09,active,18.173527,5.385,0.59308,3.193734,58.098389
SPHINCS+-SHA2-128f-simple_run09,active,18.18627,5.385,0.598265,3.221656,58.139443
SPHINCS+-SHA2-128f-simple_run09,active,18.199014,5.38375,0.590576,3.179516,58.179962
SPHINCS+-SHA2-128f-simple_run09,active,18.211755,5.385,0.591113,3.183142,58.220517
SPHINCS+-SHA2-128f-simple_run09,active,18.224496,5.3825,0.59147,3.183589,58.261081
SPHINCS+-SHA2-128f-simple_run09,active,18.237278,5.38375,0.593795,3.196843,58.301942
SPHINCS+-SHA2-128f-simple_run09,active,18.250022,5.38,0.593258,3.19173,58.342617
SPHINCS+-SHA2-128f-simple_run09,active,18.262759,5.3825,0.594152,3.198025,58.38335
SPHINCS+-SHA2-128f-simple_run09,active,18.275496,5.385,0.591649,3.186031,58.42393
SPHINCS+-SHA2-128f-simple_run09,active,18.28824,5.3875,0.58557,3.154758,58.464135
SPHINCS+-SHA2-128f-simple_run09,active,18.300986,5.385,0.59147,3.185068,58.504731
SPHINCS+-SHA2-128f-simple_run09,active,18.313729,5.38625,0.591113,3.183881,58.545304
SPHINCS+-SHA2-128f-simple_run09,active,18.326469,5.38625,0.593437,3.196401,58.586026
SPHINCS+-SHA2-128f-simple_run09,active,18.339214,5.38125,0.593258,3.192472,58.626715
SPHINCS+-SHA2-128f-simple_run09,active,18.351959,5.38375,0.592901,3.19203,58.667396
SPHINCS+-SHA2-128f-simple_run09,active,18.364699,5.3825,0.591113,3.181665,58.707931
SPHINCS+-SHA2-128f-simple_run09,active,18.377436,5.38375,0.59308,3.192992,58.748601
SPHINCS+-SHA2-128f-simple_run09,active,18.39018,5.38375,0.591113,3.182404,58.789156
SPHINCS+-SHA2-128f-simple_run09,active,18.402924,5.38375,0.593795,3.196843,58.829897
SPHINCS+-SHA2-128f-simple_run09,active,18.415665,5.38375,0.593258,3.193955,58.870592
SPHINCS+-SHA2-128f-simple_run09,active,18.428409,5.40125,0.592901,3.202405,58.911402
SPHINCS+-SHA2-128f-simple_run09,active,18.441166,5.3975,0.592901,3.200182,58.952228
SPHINCS+-SHA2-128f-simple_run09,active,18.453906,5.38,0.590934,3.179225,58.992733
SPHINCS+-SHA2-128f-simple_run09,active,18.466648,5.4075,0.589861,3.189674,59.033375
SPHINCS+-SHA2-128f-simple_run09,active,18.479391,5.3975,0.593258,3.202112,59.074177
SPHINCS+-SHA2-128f-simple_run09,active,18.492134,5.39625,0.593258,3.201371,59.114974
SPHINCS+-SHA2-128f-simple_run09,active,18.504876,5.39625,0.593258,3.201371,59.155766
SPHINCS+-SHA2-128f-simple_run09,active,18.517615,5.39375,0.592901,3.197959,59.196505
SPHINCS+-SHA2-128f-simple_run09,active,18.530357,5.395,0.591649,3.191947,59.237178
SPHINCS+-SHA2-128f-simple_run09,active,18.543098,5.39625,0.590219,3.184968,59.277755
SPHINCS+-SHA2-128f-simple_run09,active,18.555841,5.3975,0.593795,3.205007,59.318596
SPHINCS+-SHA2-128f-simple_run09,active,18.568585,5.4,0.592543,3.199733,59.359373
SPHINCS+-SHA2-128f-simple_run09,active,18.581325,5.3975,0.593258,3.202112,59.400168
SPHINCS+-SHA2-128f-simple_run09,active,18.594068,5.39625,0.594689,3.209089,59.441065
SPHINCS+-SHA2-128f-simple_run09,active,18.606809,5.39625,0.595583,3.213914,59.482011
SPHINCS+-SHA2-128f-simple_run09,active,18.619546,5.39375,0.589861,3.181564,59.522537
SPHINCS+-SHA2-128f-simple_run09,active,18.632288,5.3975,0.591113,3.190531,59.56319
SPHINCS+-SHA2-128f-simple_run09,active,18.64503,5.3925,0.59147,3.189504,59.60383
SPHINCS+-SHA2-128f-simple_run09,active,18.657769,5.395,0.590219,3.18423,59.644394
SPHINCS+-SHA2-128f-simple_run09,active,18.670549,5.39625,0.595583,3.213914,59.685467
SPHINCS+-SHA2-128f-simple_run09,active,18.683289,5.39875,0.593258,3.202854,59.726272
SPHINCS+-SHA2-128f-simple_run09,active,18.69603,5.39625,0.593437,3.202335,59.767073
SPHINCS+-SHA2-128f-simple_run09,active,18.708775,5.3975,0.592901,3.200182,59.807858
SPHINCS+-SHA2-128f-simple_run09,active,18.721511,5.39625,0.592007,3.194617,59.848545
SPHINCS+-SHA2-128f-simple_run09,active,18.73425,5.39875,0.591113,3.19127,59.889198
SPHINCS+-SHA2-128f-simple_run09,active,18.746991,5.39875,0.592186,3.197062,59.929931
SPHINCS+-SHA2-128f-simple_run09,active,18.75973,5.39875,0.592543,3.198993,59.970684
SPHINCS+-SHA2-128f-simple_run09,active,18.772468,5.3975,0.593437,3.203077,60.011487
SPHINCS+-SHA2-128f-simple_run09,active,18.785248,5.3975,0.590219,3.185706,60.052198
SPHINCS+-SHA2-128f-simple_run09,active,18.79799,5.395,0.588788,3.176513,60.092674
SPHINCS+-SHA2-128f-simple_run09,active,18.810729,5.39625,0.591113,3.189792,60.133308
SPHINCS+-SHA2-128f-simple_run09,active,18.823465,5.3975,0.594689,3.209833,60.17419
SPHINCS+-SHA2-128f-simple_run09,active,18.836206,5.3975,0.593258,3.202112,60.214989
SPHINCS+-SHA2-128f-simple_run09,active,18.848947,5.39875,0.593258,3.202854,60.255795
SPHINCS+-SHA2-128f-simple_run09,active,18.861688,5.3975,0.591113,3.190531,60.296446
SPHINCS+-SHA2-128f-simple_run09,active,18.874427,5.39625,0.59147,3.191722,60.337104
SPHINCS+-SHA2-128f-simple_run09,active,18.887178,5.39625,0.593974,3.20523,60.377975
SPHINCS+-SHA2-128f-simple_run09,active,18.899968,5.3975,0.591292,3.191496,60.418794
SPHINCS+-SHA2-128f-simple_run09,active,18.912712,5.39875,0.59308,3.201888,60.4596
SPHINCS+-SHA2-128f-simple_run09,active,18.92545,5.395,0.593437,3.201594,60.50038
SPHINCS+-SHA2-128f-simple_run09,active,18.938192,5.3975,0.593258,3.202112,60.541181
SPHINCS+-SHA2-128f-simple_run09,active,18.950934,5.39875,0.592007,3.196097,60.581907
SPHINCS+-SHA2-128f-simple_run09,active,18.963684,5.39625,0.591292,3.190757,60.62259
SPHINCS+-SHA2-128f-simple_run09,active,18.976427,5.39375,0.591649,3.191208,60.663254
SPHINCS+-SHA2-128f-simple_run09,active,18.989178,5.4025,0.593437,3.206044,60.704134
SPHINCS+-SHA2-128f-simple_run09,active,19.001922,5.3975,0.59308,3.201147,60.74493
SPHINCS+-SHA2-128f-simple_run09,active,19.014661,5.39875,0.595046,3.212507,60.785855
SPHINCS+-SHA2-128f-simple_run09,active,19.027398,5.39875,0.59147,3.193201,60.826525
SPHINCS+-SHA2-128f-simple_run09,active,19.04014,5.3975,0.591292,3.191496,60.867192
SPHINCS+-SHA2-128f-simple_run09,active,19.052881,5.39625,0.591649,3.192687,60.907869
SPHINCS+-SHA2-128f-simple_run09,active,19.065622,5.395,0.590934,3.188089,60.948489
SPHINCS+-SHA2-128f-simple_run09,active,19.078358,5.3925,0.593616,3.201074,60.989258
SPHINCS+-SHA2-128f-simple_run09,active,19.091106,5.3975,0.594152,3.206938,61.030142
SPHINCS+-SHA2-128f-simple_run09,active,19.10385,5.395,0.593258,3.200629,61.070929
SPHINCS+-SHA2-128f-simple_run09,active,19.116591,5.4,0.592901,3.201664,61.111723
SPHINCS+-SHA2-128f-simple_run09,active,19.129326,5.40125,0.593974,3.2082,61.152577
SPHINCS+-SHA2-128f-simple_run09,active,19.142065,5.39625,0.590934,3.188828,61.193201
SPHINCS+-SHA2-128f-simple_run09,active,19.15771,5.395,0.592901,3.1987,61.243245
SPHINCS+-SHA2-128f-simple_run09,active,19.170472,5.3975,0.605774,3.269667,61.284972
SPHINCS+-SHA2-128f-simple_run09,active,19.183213,5.395,0.594152,3.205452,61.325814
SPHINCS+-SHA2-128f-simple_run09,active,19.195965,5.39875,0.593437,3.203819,61.366666
SPHINCS+-SHA2-128f-simple_run09,active,19.208707,5.395,0.59308,3.199664,61.407439
SPHINCS+-SHA2-128f-simple_run09,active,19.221445,5.395,0.593437,3.201594,61.44822
SPHINCS+-SHA2-128f-simple_run09,active,19.234184,5.3975,0.596119,3.217553,61.489208
SPHINCS+-SHA2-128f-simple_run09,active,19.246924,5.39875,0.591292,3.192236,61.529877
SPHINCS+-SHA2-128f-simple_run09,active,19.259663,5.39625,0.590934,3.188828,61.5705
SPHINCS+-SHA2-128f-simple_run09,active,19.272402,5.39625,0.591292,3.190757,61.611145
SPHINCS+-SHA2-128f-simple_run09,active,19.285138,5.39875,0.594331,3.208646,61.652013
SPHINCS+-SHA2-128f-simple_run09,active,19.297887,5.4,0.593974,3.207457,61.692903
SPHINCS+-SHA2-128f-simple_run09,active,19.310631,5.39625,0.593616,3.2033,61.733726
SPHINCS+-SHA2-128f-simple_run09,active,19.323372,5.3975,0.596298,3.218518,61.774734
SPHINCS+-SHA2-128f-simple_run09,active,19.336112,5.39125,0.59451,3.205152,61.815566
SPHINCS+-SHA2-128f-simple_run09,active,19.348854,5.39625,0.590219,3.184968,61.856149
SPHINCS+-SHA2-128f-simple_run09,active,19.36159,5.39625,0.590755,3.187863,61.896749
SPHINCS+-SHA2-128f-simple_run09,active,19.374327,5.39625,0.595225,3.211984,61.937663
SPHINCS+-SHA2-128f-simple_run09,active,19.387068,5.40375,0.593437,3.206786,61.978518
SPHINCS+-SHA2-128f-simple_run09,active,19.399813,5.3975,0.593974,3.205973,62.019379
SPHINCS+-SHA2-128f-simple_run09,active,19.412557,5.39625,0.59147,3.191722,62.060054
SPHINCS+-SHA2-128f-simple_run09,active,19.425295,5.3975,0.590576,3.187636,62.100659
SPHINCS+-SHA2-128f-simple_run09,active,19.438036,5.40125,0.592901,3.202405,62.141462
SPHINCS+-SHA2-128f-simple_run09,active,19.450776,5.39625,0.593437,3.202335,62.18226
SPHINCS+-SHA2-128f-simple_run09,active,19.463514,5.39625,0.593616,3.2033,62.223063
SPHINCS+-SHA2-128f-simple_run09,active,19.476253,5.395,0.591292,3.190018,62.263701
SPHINCS+-SHA2-128f-simple_run09,active,19.488992,5.39875,0.593974,3.206715,62.304549
SPHINCS+-SHA2-128f-simple_run09,active,19.501739,5.395,0.591113,3.189054,62.345201
SPHINCS+-SHA2-128f-simple_run09,active,19.514481,5.39625,0.591649,3.192687,62.385883
SPHINCS+-SHA2-128f-simple_run09,active,19.527218,5.3975,0.586643,3.166405,62.426214
SPHINCS+-SHA2-128f-simple_run09,active,19.539956,5.3975,0.593437,3.203077,62.467014
SPHINCS+-SHA2-128f-simple_run09,active,19.552696,5.3975,0.595046,3.211763,62.507932
SPHINCS+-SHA2-128f-simple_run09,active,19.565435,5.3975,0.595583,3.214658,62.548884
SPHINCS+-SHA2-128f-simple_run09,active,19.578172,5.395,0.590934,3.188089,62.589491
SPHINCS+-SHA2-128f-simple_run09,active,19.590911,5.39625,0.592543,3.197511,62.630224
SPHINCS+-SHA2-128f-simple_run09,active,19.603657,5.39875,0.592186,3.197062,62.670972
SPHINCS+-SHA2-128f-simple_run09,active,19.616402,5.39625,0.596119,3.216808,62.711971
SPHINCS+-SHA2-128f-simple_run09,active,19.629138,5.39875,0.594152,3.20768,62.752825
SPHINCS+-SHA2-128f-simple_run09,active,19.641879,5.39875,0.592901,3.200923,62.793605
SPHINCS+-SHA2-128f-simple_run09,active,19.654617,5.3975,0.593258,3.202112,62.834396
SPHINCS+-SHA2-128f-simple_run09,active,19.667356,5.40125,0.590755,3.190817,62.875043
SPHINCS+-SHA2-128f-simple_run09,active,19.680094,5.39625,0.591828,3.193652,62.915725
SPHINCS+-SHA2-128f-simple_run09,active,19.692835,5.3975,0.591649,3.193427,62.956411
SPHINCS+-SHA2-128f-simple_run09,active,19.705578,5.3975,0.593795,3.205007,62.997252
SPHINCS+-SHA2-128f-simple_run09,active,19.718321,5.39625,0.592364,3.196546,63.037987
SPHINCS+-SHA2-128f-simple_run09,active,19.731061,5.39625,0.593437,3.202335,63.078783
SPHINCS+-SHA2-128f-simple_run09,active,19.743799,5.3975,0.592007,3.195357,63.119487
SPHINCS+-SHA2-128f-simple_run09,active,19.756541,5.39125,0.591113,3.186837,63.160093
SPHINCS+-SHA2-128f-simple_run09,active,19.769275,5.39375,0.590934,3.18735,63.200682
SPHINCS+-SHA2-128f-simple_run09,active,19.782012,5.39875,0.59147,3.193201,63.241353
SPHINCS+-SHA2-128f-simple_run09,active,19.794752,5.39625,0.596477,3.218738,63.282359
SPHINCS+-SHA2-128f-simple_run09,active,19.807498,5.39625,0.59308,3.200406,63.323153
SPHINCS+-SHA2-128f-simple_run09,active,19.820245,5.39625,0.593437,3.202335,63.363974
SPHINCS+-SHA2-128f-simple_run09,active,19.832982,5.395,0.590934,3.188089,63.404578
SPHINCS+-SHA2-128f-simple_run09,active,19.845724,5.3925,0.591828,3.191432,63.445245
SPHINCS+-SHA2-128f-simple_run09,active,19.858464,5.3925,0.591649,3.190468,63.485891
SPHINCS+-SHA2-128f-simple_run09,active,19.8712,5.395,0.593795,3.203523,63.526691
SPHINCS+-SHA2-128f-simple_run09,active,19.883943,5.39875,0.593437,3.203819,63.567518
SPHINCS+-SHA2-128f-simple_run09,active,19.896686,5.4025,0.59451,3.21184,63.608444
SPHINCS+-SHA2-128f-simple_run09,active,19.909429,5.39625,0.593437,3.202335,63.649254
SPHINCS+-SHA2-128f-simple_run09,active,19.92217,5.395,0.59147,3.190983,63.689908
SPHINCS+-SHA2-128f-simple_run09,active,19.93491,5.395,0.595404,3.212205,63.730832
SPHINCS+-SHA2-128f-simple_run09,active,19.947651,5.39875,0.592007,3.196097,63.771553
SPHINCS+-SHA2-128f-simple_run09,active,19.960425,5.3975,0.592364,3.197287,63.812395
SPHINCS+-SHA2-128f-simple_run09,active,19.973197,5.3975,0.593437,3.203077,63.853306
SPHINCS+-SHA2-128f-simple_run09,active,19.985955,5.395,0.598444,3.228603,63.894497
SPHINCS+-SHA2-128f-simple_run09,active,19.998698,5.39625,0.591113,3.189792,63.935144
SPHINCS+-SHA2-128f-simple_run09,active,20.011438,5.39625,0.591113,3.189792,63.975782
SPHINCS+-SHA2-128f-simple_run09,active,20.02418,5.395,0.591113,3.189054,64.016418
SPHINCS+-SHA2-128f-simple_run09,active,20.036921,5.39625,0.59451,3.208125,64.057291
SPHINCS+-SHA2-128f-simple_run09,active,20.049664,5.3975,0.593616,3.204042,64.098121
SPHINCS+-SHA2-128f-simple_run09,active,20.062405,5.39875,0.593437,3.203819,64.138942
SPHINCS+-SHA2-128f-simple_run09,active,20.075145,5.395,0.593437,3.201594,64.179727
SPHINCS+-SHA2-128f-simple_run09,active,20.08792,5.3975,0.587537,3.17123,64.220242
SPHINCS+-SHA2-128f-simple_run09,active,20.100667,5.39625,0.594152,3.206195,64.261111
SPHINCS+-SHA2-128f-simple_run09,active,20.113419,5.39625,0.592007,3.194617,64.301849
SPHINCS+-SHA2-128f-simple_run09,active,20.126163,5.39125,0.592543,3.194549,64.34256
SPHINCS+-SHA2-128f-simple_run09,active,20.138909,5.39625,0.593437,3.202335,64.383376
SPHINCS+-SHA2-128f-simple_run09,active,20.151651,5.3975,0.594152,3.206938,64.424238
SPHINCS+-SHA2-128f-simple_run09,active,20.164393,5.39875,0.593437,3.203819,64.465062
SPHINCS+-SHA2-128f-simple_run09,active,20.177131,5.3975,0.590755,3.188601,64.50568
SPHINCS+-SHA2-128f-simple_run09,active,20.189874,5.39625,0.591113,3.189792,64.546326
SPHINCS+-SHA2-128f-simple_run09,active,20.202615,5.39625,0.591828,3.193652,64.587017
SPHINCS+-SHA2-128f-simple_run09,active,20.215356,5.3975,0.590398,3.186671,64.627618
SPHINCS+-SHA2-128f-simple_run09,active,20.228098,5.39625,0.593795,3.204265,64.668448
SPHINCS+-SHA2-128f-simple_run09,active,20.240838,5.3975,0.593795,3.205007,64.709278
SPHINCS+-SHA2-128f-simple_run09,active,20.25358,5.39625,0.593258,3.201371,64.75007
SPHINCS+-SHA2-128f-simple_run09,active,20.26632,5.4025,0.59451,3.21184,64.79099
SPHINCS+-SHA2-128f-simple_run09,active,20.27906,5.3975,0.593437,3.203077,64.831795
SPHINCS+-SHA2-128f-simple_run09,active,20.291799,5.39625,0.593258,3.201371,64.872578
SPHINCS+-SHA2-128f-simple_run09,active,20.304538,5.3975,0.594331,3.207903,64.913444
SPHINCS+-SHA2-128f-simple_run09,active,20.317288,5.395,0.593258,3.200629,64.954254
SPHINCS+-SHA2-128f-simple_run09,active,20.330033,5.39625,0.592364,3.196546,64.994991
SPHINCS+-SHA2-128f-simple_run09,active,20.342775,5.39125,0.593795,3.201296,65.035783
SPHINCS+-SHA2-128f-simple_run09,active,20.355516,5.39625,0.595225,3.211984,65.076706
SPHINCS+-SHA2-128f-simple_run09,active,20.368256,5.39375,0.592901,3.197959,65.117451
SPHINCS+-SHA2-128f-simple_run09,active,20.380994,5.3975,0.594689,3.209833,65.158336
SPHINCS+-SHA2-128f-simple_run09,active,20.393733,5.3975,0.593437,3.203077,65.199141
SPHINCS+-SHA2-128f-simple_run09,active,20.406473,5.40125,0.592722,3.20144,65.239925
SPHINCS+-SHA2-128f-simple_run09,active,20.41922,5.39625,0.593616,3.2033,65.280758
SPHINCS+-SHA2-128f-simple_run09,active,20.434868,5.39125,0.595404,3.209972,65.330989
SPHINCS+-SHA2-128f-simple_run09,active,20.447635,5.3975,0.596119,3.217553,65.372068
SPHINCS+-SHA2-128f-simple_run09,active,20.460387,5.395,0.593437,3.201594,65.412894
SPHINCS+-SHA2-128f-simple_run09,active,20.473128,5.39625,0.593437,3.202335,65.453694
SPHINCS+-SHA2-128f-simple_run09,active,20.485867,5.39875,0.593437,3.203819,65.49451
SPHINCS+-SHA2-128f-simple_run09,active,20.498609,5.39875,0.593437,3.203819,65.53533
SPHINCS+-SHA2-128f-simple_run09,active,20.511348,5.39625,0.597907,3.226457,65.576433
SPHINCS+-SHA2-128f-simple_run09,active,20.524098,5.39875,0.592543,3.198993,65.617219
SPHINCS+-SHA2-128f-simple_run09,active,20.536844,5.395,0.595046,3.210275,65.658139
SPHINCS+-SHA2-128f-simple_run09,active,20.549585,5.395,0.592543,3.196771,65.698867
SPHINCS+-SHA2-128f-simple_run09,active,20.562325,5.3975,0.593258,3.202112,65.739662
SPHINCS+-SHA2-128f-simple_run09,active,20.575064,5.3975,0.595225,3.212728,65.780592
SPHINCS+-SHA2-128f-simple_run09,active,20.587802,5.3975,0.594331,3.207903,65.821453
SPHINCS+-SHA2-128f-simple_run09,active,20.600542,5.39625,0.592186,3.195582,65.862166
SPHINCS+-SHA2-128f-simple_run09,active,20.61328,5.3975,0.59594,3.216588,65.903137
SPHINCS+-SHA2-128f-simple_run09,active,20.626025,5.39375,0.593258,3.199887,65.943919
SPHINCS+-SHA2-128f-simple_run09,active,20.638769,5.3975,0.593258,3.202112,65.984729
SPHINCS+-SHA2-128f-simple_run09,active,20.651511,5.39625,0.593258,3.201371,66.025518
SPHINCS+-SHA2-128f-simple_run09,active,20.664252,5.3975,0.593258,3.202112,66.066316
SPHINCS+-SHA2-128f-simple_run09,active,20.67699,5.39875,0.593437,3.203819,66.107127
SPHINCS+-SHA2-128f-simple_run09,active,20.68973,5.3975,0.594152,3.206938,66.147983
SPHINCS+-SHA2-128f-simple_run09,active,20.702468,5.3975,0.592901,3.200182,66.188749
SPHINCS+-SHA2-128f-simple_run09,active,20.715209,5.395,0.59898,3.231497,66.229919
SPHINCS+-SHA2-128f-simple_run09,active,20.727956,5.395,0.593258,3.200629,66.270718
SPHINCS+-SHA2-128f-simple_run09,active,20.740702,5.39625,0.593437,3.202335,66.311535
SPHINCS+-SHA2-128f-simple_run09,active,20.753442,5.3975,0.593795,3.205007,66.352368
SPHINCS+-SHA2-128f-simple_run09,active,20.766184,5.395,0.592543,3.196771,66.3931
SPHINCS+-SHA2-128f-simple_run09,active,20.778924,5.39625,0.593795,3.204265,66.433923
SPHINCS+-SHA2-128f-simple_run09,active,20.791661,5.39625,0.593258,3.201371,66.4747
SPHINCS+-SHA2-128f-simple_run09,active,20.804404,5.39625,0.595762,3.214879,66.515666
SPHINCS+-SHA2-128f-simple_run09,active,20.817142,5.39375,0.600053,3.236535,66.556893
SPHINCS+-SHA2-128f-simple_run09,active,20.829888,5.39375,0.594689,3.207603,66.597777
SPHINCS+-SHA2-128f-simple_run09,active,20.842634,5.3975,0.593616,3.204042,66.638616
SPHINCS+-SHA2-128f-simple_run09,active,20.855374,5.39625,0.594152,3.206195,66.679464
SPHINCS+-SHA2-128f-simple_run09,active,20.868117,5.39625,0.596119,3.216808,66.720456
SPHINCS+-SHA2-128f-simple_run09,active,20.880856,5.3975,0.594689,3.209833,66.761343
SPHINCS+-SHA2-128f-simple_run09,active,20.893594,5.3975,0.593437,3.203077,66.802146
SPHINCS+-SHA2-128f-simple_run09,active,20.906335,5.39625,0.594331,3.20716,66.843007
SPHINCS+-SHA2-128f-simple_run09,active,20.919074,5.3975,0.597728,3.226239,66.884107
SPHINCS+-SHA2-128f-simple_run09,active,20.931819,5.3975,0.594331,3.207903,66.924993
SPHINCS+-SHA2-128f-simple_run09,active,20.944566,5.39625,0.59451,3.208125,66.965886
SPHINCS+-SHA2-128f-simple_run09,active,20.957311,5.39625,0.59147,3.191722,67.006566
SPHINCS+-SHA2-128f-simple_run09,active,20.970067,5.39625,0.593437,3.202335,67.047413
SPHINCS+-SHA2-128f-simple_run09,active,20.98281,5.39875,0.594331,3.208646,67.0883
SPHINCS+-SHA2-128f-simple_run09,active,20.995548,5.3975,0.594331,3.207903,67.129164
SPHINCS+-SHA2-128f-simple_run09,active,21.008292,5.39625,0.593437,3.202335,67.169973
SPHINCS+-SHA2-128f-simple_run09,active,21.02103,5.39625,0.598622,3.230316,67.211123
SPHINCS+-SHA2-128f-simple_run09,active,21.033776,5.39625,0.593795,3.204265,67.251962
SPHINCS+-SHA2-128f-simple_run09,active,21.046577,5.38875,0.594689,3.204629,67.292987
SPHINCS+-SHA2-128f-simple_run09,active,21.059316,5.39625,0.593974,3.20523,67.333818
SPHINCS+-SHA2-128f-simple_run09,active,21.072058,5.3975,0.593437,3.203077,67.374632
SPHINCS+-SHA2-128f-simple_run09,active,21.084797,5.39875,0.591649,3.194166,67.415322
SPHINCS+-SHA2-128f-simple_run09,active,21.097536,5.39625,0.593437,3.202335,67.456116
SPHINCS+-SHA2-128f-simple_run09,active,21.110277,5.39625,0.59451,3.208125,67.49699
SPHINCS+-SHA2-128f-simple_run09,active,21.123017,5.39625,0.593437,3.202335,67.537787
SPHINCS+-SHA2-128f-simple_run09,active,21.135761,5.40125,0.59594,3.218823,67.57881
SPHINCS+-SHA2-128f-simple_run09,active,21.148505,5.395,0.59451,3.207381,67.619684
SPHINCS+-SHA2-128f-simple_run09,active,21.16127,5.3975,0.593616,3.204042,67.660584
SPHINCS+-SHA2-128f-simple_run09,active,21.17401,5.39875,0.593437,3.203819,67.7014
SPHINCS+-SHA2-128f-simple_run09,active,21.186748,5.395,0.593616,3.202558,67.742194
SPHINCS+-SHA2-128f-simple_run09,active,21.199485,5.39625,0.593258,3.201371,67.782972
SPHINCS+-SHA2-128f-simple_run09,active,21.212226,5.39625,0.593974,3.20523,67.823808
SPHINCS+-SHA2-128f-simple_run09,active,21.224963,5.40375,0.593795,3.208719,67.864676
SPHINCS+-SHA2-128f-simple_run09,active,21.237706,5.4,0.593616,3.205526,67.905525
SPHINCS+-SHA2-128f-simple_run09,active,21.250451,5.38375,0.593616,3.19588,67.946256
SPHINCS+-SHA2-128f-simple_run09,active,21.263191,5.39625,0.593437,3.202335,67.987055
SPHINCS+-SHA2-128f-simple_run09,active,21.275968,5.4,0.592901,3.201664,68.027962
SPHINCS+-SHA2-128f-simple_run09,active,21.288711,5.395,0.592901,3.1987,68.068724
SPHINCS+-SHA2-128f-simple_run09,active,21.301448,5.39375,0.593437,3.200852,68.109494
SPHINCS+-SHA2-128f-simple_run09,active,21.314187,5.39875,0.593437,3.203819,68.150305
SPHINCS+-SHA2-128f-simple_run09,active,21.326927,5.3975,0.596834,3.221414,68.191346
SPHINCS+-SHA2-128f-simple_run09,active,21.339687,5.3975,0.593437,3.203077,68.232218
SPHINCS+-SHA2-128f-simple_run09,active,21.352455,5.38625,0.593437,3.196401,68.273029
SPHINCS+-SHA2-128f-simple_run09,active,21.365196,5.4,0.590219,3.187182,68.313638
SPHINCS+-SHA2-128f-simple_run09,active,21.377938,5.39625,0.593616,3.2033,68.354452
SPHINCS+-SHA2-128f-simple_run09,active,21.390679,5.39625,0.593795,3.204265,68.395278
SPHINCS+-SHA2-128f-simple_run09,active,21.403418,5.39625,0.594331,3.20716,68.436137
SPHINCS+-SHA2-128f-simple_run09,active,21.416161,5.39875,0.593437,3.203819,68.476962
SPHINCS+-SHA2-128f-simple_run09,active,21.428901,5.39625,0.59755,3.224527,68.518041
SPHINCS+-SHA2-128f-simple_run09,active,21.441646,5.395,0.593437,3.201594,68.558847
SPHINCS+-SHA2-128f-simple_run09,active,21.45439,5.385,0.593616,3.196622,68.599586
SPHINCS+-SHA2-128f-simple_run09,active,21.46713,5.39625,0.593795,3.204265,68.640406
SPHINCS+-SHA2-128f-simple_run09,active,21.47987,5.395,0.593437,3.201594,68.681196
SPHINCS+-SHA2-128f-simple_run09,active,21.492614,5.3975,0.593437,3.203077,68.722014
SPHINCS+-SHA2-128f-simple_run09,active,21.505351,5.3975,0.592364,3.197287,68.762738
SPHINCS+-SHA2-128f-simple_run09,active,21.518089,5.39625,0.593258,3.201371,68.803517
SPHINCS+-SHA2-128f-simple_run09,active,21.530828,5.39625,0.598622,3.230316,68.844667
SPHINCS+-SHA2-128f-simple_run09,active,21.543575,5.39625,0.593437,3.202335,68.885489
SPHINCS+-SHA2-128f-simple_run09,active,21.556321,5.3875,0.592007,3.189437,68.926141
SPHINCS+-SHA2-128f-simple_run09,active,21.56906,5.3975,0.593258,3.202112,68.966934
SPHINCS+-SHA2-128f-simple_run09,active,21.581823,5.3975,0.592364,3.197287,69.007739
SPHINCS+-SHA2-128f-simple_run09,active,21.594569,5.3975,0.596834,3.221414,69.048801
SPHINCS+-SHA2-128f-simple_run09,active,21.607308,5.395,0.593437,3.201594,69.089585
SPHINCS+-SHA2-128f-simple_run09,active,21.620052,5.39875,0.593258,3.202854,69.130402
SPHINCS+-SHA2-128f-simple_run09,active,21.63279,5.39625,0.593437,3.202335,69.171193
SPHINCS+-SHA2-128f-simple_run09,active,21.645534,5.395,0.593258,3.200629,69.211983
SPHINCS+-SHA2-128f-simple_run09,active,21.658277,5.39625,0.593795,3.204265,69.252816
SPHINCS+-SHA2-128f-simple_run09,active,21.671016,5.39625,0.595046,3.211019,69.29372
SPHINCS+-SHA2-128f-simple_run09,active,21.683756,5.39875,0.593795,3.20575,69.33456
SPHINCS+-SHA2-128f-simple_run09,active,21.696497,5.39875,0.593437,3.203819,69.37538
SPHINCS+-SHA2-128f-simple_run09,active,21.712167,5.39625,0.593437,3.202335,69.425561
SPHINCS+-SHA2-128f-simple_run09,active,21.724928,5.39625,0.596477,3.218738,69.466636
SPHINCS+-SHA2-128f-simple_run09,active,21.737671,5.3975,0.596119,3.217553,69.507638
SPHINCS+-SHA2-128f-simple_run09,active,21.75041,5.395,0.593437,3.201594,69.548422
SPHINCS+-SHA2-128f-simple_run09,active,21.76315,5.39375,0.593616,3.201816,69.589214
SPHINCS+-SHA2-128f-simple_run09,active,21.775913,5.39875,0.586106,3.164242,69.629598
SPHINCS+-SHA2-128f-simple_run09,active,21.788656,5.3975,0.593258,3.202112,69.670402
SPHINCS+-SHA2-128f-simple_run09,active,21.801394,5.39625,0.593258,3.201371,69.711183
SPHINCS+-SHA2-128f-simple_run09,active,21.814134,5.3975,0.595404,3.213693,69.752124
SPHINCS+-SHA2-128f-simple_run09,active,21.826874,5.39875,0.587358,3.170999,69.792522
SPHINCS+-SHA2-128f-simple_run09,active,21.839611,5.3975,0.594331,3.207903,69.833382
SPHINCS+-SHA2-128f-simple_run09,active,21.852361,5.4,0.592901,3.201664,69.874202
SPHINCS+-SHA2-128f-simple_run09,active,21.865105,5.385,0.593258,3.194696,69.914915
SPHINCS+-SHA2-128f-simple_run09,active,21.877844,5.395,0.594152,3.205452,69.955753
SPHINCS+-SHA2-128f-simple_run09,active,21.890587,5.395,0.593437,3.201594,69.996549
SPHINCS+-SHA2-128f-simple_run09,active,21.903325,5.395,0.594331,3.206417,70.037393
SPHINCS+-SHA2-128f-simple_run09,active,21.916068,5.39875,0.594331,3.208646,70.078279
SPHINCS+-SHA2-128f-simple_run09,active,21.928808,5.39625,0.593795,3.204265,70.119102
SPHINCS+-SHA2-128f-simple_run09,active,21.941546,5.3975,0.597728,3.226239,70.160198
SPHINCS+-SHA2-128f-simple_run09,active,21.954296,5.39625,0.594152,3.206195,70.201078
SPHINCS+-SHA2-128f-simple_run09,active,21.967054,5.38375,0.593258,3.193955,70.241825
SPHINCS+-SHA2-128f-simple_run09,active,21.979792,5.39625,0.593437,3.202335,70.282617
SPHINCS+-SHA2-128f-simple_run09,active,21.992536,5.39625,0.593795,3.204265,70.323453
SPHINCS+-SHA2-128f-simple_run09,active,22.005273,5.395,0.593258,3.200629,70.364218
SPHINCS+-SHA2-128f-simple_run09,active,22.018053,5.385,0.593437,3.195659,70.405061
SPHINCS+-SHA2-128f-simple_run09,active,22.030934,5.395,0.593437,3.201594,70.446298
SPHINCS+-SHA2-128f-simple_run09,active,22.043684,5.395,0.595046,3.210275,70.487231
SPHINCS+-SHA2-128f-simple_run09,active,22.056462,5.39875,0.594331,3.208646,70.52823
SPHINCS+-SHA2-128f-simple_run09,active,22.069255,5.38625,0.593616,3.197364,70.569135
SPHINCS+-SHA2-128f-simple_run09,active,22.081999,5.39625,0.593437,3.202335,70.609945
SPHINCS+-SHA2-128f-simple_run09,active,22.094743,5.395,0.592364,3.195806,70.650672
SPHINCS+-SHA2-128f-simple_run09,active,22.107484,5.39625,0.593437,3.202335,70.691474
SPHINCS+-SHA2-128f-simple_run09,active,22.120227,5.3975,0.593437,3.203077,70.732288
SPHINCS+-SHA2-128f-simple_run09,active,22.132967,5.39875,0.592722,3.199958,70.773058
SPHINCS+-SHA2-128f-simple_run09,active,22.145705,5.39,0.595583,3.210191,70.813949
SPHINCS+-SHA2-128f-simple_run09,active,22.158449,5.3975,0.592901,3.200182,70.854733
SPHINCS+-SHA2-128f-simple_run09,active,22.171193,5.385,0.593258,3.194696,70.895445
SPHINCS+-SHA2-128f-simple_run09,active,22.183935,5.39875,0.593437,3.203819,70.936266
SPHINCS+-SHA2-128f-simple_run09,active,22.196674,5.39625,0.595046,3.211019,70.977173
SPHINCS+-SHA2-128f-simple_run09,active,22.209412,5.3975,0.593795,3.205007,71.017999
SPHINCS+-SHA2-128f-simple_run09,active,22.222151,5.39625,0.593437,3.202335,71.058793
SPHINCS+-SHA2-128f-simple_run09,active,22.234891,5.3975,0.589325,3.180881,71.099316
SPHINCS+-SHA2-128f-simple_run09,active,22.247629,5.39625,0.593437,3.202335,71.140109
SPHINCS+-SHA2-128f-simple_run09,active,22.260375,5.39625,0.593258,3.201371,71.180915
SPHINCS+-SHA2-128f-simple_run09,active,22.273117,5.3825,0.593437,3.194176,71.221612
SPHINCS+-SHA2-128f-simple_run09,active,22.285861,5.39625,0.594331,3.20716,71.262487
SPHINCS+-SHA2-128f-simple_run09,active,22.2986,5.39625,0.593258,3.201371,71.303268
SPHINCS+-SHA2-128f-simple_run09,active,22.311339,5.39875,0.593258,3.202854,71.344069
SPHINCS+-SHA2-128f-simple_run09,active,22.324085,5.39625,0.589861,3.183039,71.384639
SPHINCS+-SHA2-128f-simple_run09,active,22.336819,5.39625,0.596298,3.217773,71.425616
SPHINCS+-SHA2-128f-simple_run09,active,22.349561,5.39625,0.598622,3.230316,71.466776
SPHINCS+-SHA2-128f-simple_run09,active,22.362308,5.395,0.593258,3.200629,71.507574
SPHINCS+-SHA2-128f-simple_run09,active,22.375054,5.3975,0.598801,3.232029,71.548769
SPHINCS+-SHA2-128f-simple_run09,active,22.387796,5.3975,0.592364,3.197287,71.589508
SPHINCS+-SHA2-128f-simple_run09,active,22.400539,5.3975,0.593795,3.205007,71.630351
SPHINCS+-SHA2-128f-simple_run09,active,22.413277,5.3975,0.595046,3.211763,71.671262
SPHINCS+-SHA2-128f-simple_run09,active,22.426017,5.395,0.59308,3.199664,71.712027
SPHINCS+-SHA2-128f-simple_run09,active,22.438757,5.39625,0.594868,3.210054,71.752923
SPHINCS+-SHA2-128f-simple_run09,active,22.451498,5.395,0.596477,3.217992,71.793923
SPHINCS+-SHA2-128f-simple_run09,active,22.464243,5.3975,0.592543,3.198252,71.834683
SPHINCS+-SHA2-128f-simple_run09,active,22.47699,5.395,0.593258,3.200629,71.875481
SPHINCS+-SHA2-128f-simple_run09,active,22.48973,5.39875,0.593974,3.206715,71.916337
SPHINCS+-SHA2-128f-simple_run09,active,22.502469,5.3975,0.59308,3.201147,71.957115
SPHINCS+-SHA2-128f-simple_run09,active,22.515208,5.39875,0.593258,3.202854,71.997917
SPHINCS+-SHA2-128f-simple_run09,active,22.527948,5.395,0.593258,3.200629,72.038692
SPHINCS+-SHA2-128f-simple_run09,active,22.540688,5.4,0.593437,3.204561,72.079518
SPHINCS+-SHA2-128f-simple_run09,active,22.553427,5.39875,0.59451,3.209611,72.120405
SPHINCS+-SHA2-128f-simple_run09,active,22.566172,5.3975,0.593616,3.204042,72.161241
SPHINCS+-SHA2-128f-simple_run09,active,22.578912,5.39625,0.593437,3.202335,72.202041
SPHINCS+-SHA2-128f-simple_run09,active,22.59165,5.3975,0.593258,3.202112,72.242827
SPHINCS+-SHA2-128f-simple_run09,active,22.604405,5.395,0.593437,3.201594,72.283666
SPHINCS+-SHA2-128f-simple_run09,active,22.617175,5.39625,0.59308,3.200406,72.324535
SPHINCS+-SHA2-128f-simple_run09,active,22.629918,5.3975,0.593258,3.202112,72.365339
SPHINCS+-SHA2-128f-simple_run09,active,22.642661,5.39875,0.593795,3.20575,72.40619
SPHINCS+-SHA2-128f-simple_run09,active,22.655403,5.39375,0.593258,3.199887,72.446963
SPHINCS+-SHA2-128f-simple_run09,active,22.668154,5.3975,0.594689,3.209833,72.48789
SPHINCS+-SHA2-128f-simple_run09,active,22.680898,5.39625,0.593795,3.204265,72.528727
SPHINCS+-SHA2-128f-simple_run09,active,22.693642,5.3925,0.593437,3.20011,72.569508
SPHINCS+-SHA2-128f-simple_run09,active,22.706384,5.39625,0.592543,3.197511,72.610249
SPHINCS+-SHA2-128f-simple_run09,active,22.719124,5.39625,0.593437,3.202335,72.651049
SPHINCS+-SHA2-128f-simple_run09,active,22.731863,5.3975,0.593258,3.202112,72.691842
SPHINCS+-SHA2-128f-simple_run09,active,22.744605,5.3975,0.592364,3.197287,72.732581
SPHINCS+-SHA2-128f-simple_run09,active,22.757345,5.395,0.598265,3.227639,72.773701
SPHINCS+-SHA2-128f-simple_run09,active,22.770093,5.3975,0.593258,3.202112,72.814519
SPHINCS+-SHA2-128f-simple_run09,active,22.78284,5.395,0.592901,3.1987,72.855293
SPHINCS+-SHA2-128f-simple_run09,active,22.795581,5.4,0.594331,3.209388,72.896184
SPHINCS+-SHA2-128f-simple_run09,active,22.808322,5.3975,0.593258,3.202112,72.936985
SPHINCS+-SHA2-128f-simple_run09,active,22.821062,5.39875,0.593437,3.203819,72.977799
SPHINCS+-SHA2-128f-simple_run09,active,22.833837,5.3975,0.594689,3.209833,73.018804
SPHINCS+-SHA2-128f-simple_run09,active,22.846582,5.3975,0.592722,3.199217,73.059578
SPHINCS+-SHA2-128f-simple_run09,active,22.859324,5.39875,0.597907,3.227951,73.100709
SPHINCS+-SHA2-128f-simple_run09,active,22.872071,5.3975,0.59308,3.201147,73.141515
SPHINCS+-SHA2-128f-simple_run09,active,22.884822,5.39625,0.59594,3.215843,73.182519
SPHINCS+-SHA2-128f-simple_run09,active,22.897564,5.3975,0.593258,3.202112,73.223323
SPHINCS+-SHA2-128f-simple_run09,active,22.910306,5.3975,0.59308,3.201147,73.264111
SPHINCS+-SHA2-128f-simple_run09,active,22.923048,5.395,0.593437,3.201594,73.304904
SPHINCS+-SHA2-128f-simple_run09,active,22.935788,5.3975,0.589861,3.183776,73.345466
SPHINCS+-SHA2-128f-simple_run09,active,22.948532,5.3975,0.593258,3.202112,73.386273
SPHINCS+-SHA2-128f-simple_run09,active,22.961286,5.395,0.599516,3.234391,73.427525
SPHINCS+-SHA2-128f-simple_run09,active,22.974035,5.3975,0.593974,3.205973,73.4684
SPHINCS+-SHA2-128f-simple_run09,active,22.989723,5.3875,0.593437,3.197143,73.518554
SPHINCS+-SHA2-128f-simple_run09,active,23.002489,5.4,0.593795,3.206492,73.559488
SPHINCS+-SHA2-128f-simple_run09,active,23.015234,5.40125,0.593616,3.206268,73.600352
SPHINCS+-SHA2-128f-simple_run09,active,23.027978,5.39625,0.593258,3.201371,73.641152
SPHINCS+-SHA2-128f-simple_run09,active,23.040717,5.39875,0.592901,3.200923,73.681928
SPHINCS+-SHA2-128f-simple_run09,active,23.053457,5.4,0.592364,3.198768,73.722682
SPHINCS+-SHA2-128f-simple_run09,active,23.066199,5.39625,0.595762,3.214879,73.763643
SPHINCS+-SHA2-128f-simple_run09,active,23.078946,5.39625,0.593974,3.20523,73.804501
SPHINCS+-SHA2-128f-simple_run09,active,23.091691,5.39625,0.593974,3.20523,73.845353
SPHINCS+-SHA2-128f-simple_run09,active,23.104436,5.3975,0.589861,3.183776,73.885928
SPHINCS+-SHA2-128f-simple_run09,active,23.117175,5.3975,0.593795,3.205007,73.926759
SPHINCS+-SHA2-128f-simple_run09,active,23.129914,5.3975,0.593437,3.203077,73.967561
SPHINCS+-SHA2-128f-simple_run09,active,23.142652,5.3975,0.59308,3.201147,74.008338
SPHINCS+-SHA2-128f-simple_run09,active,23.155391,5.395,0.588073,3.172655,74.048754
SPHINCS+-SHA2-128f-simple_run09,active,23.168132,5.39625,0.594868,3.210054,74.089654
SPHINCS+-SHA2-128f-simple_run09,active,23.180879,5.39625,0.593795,3.204265,74.130498
SPHINCS+-SHA2-128f-simple_run09,active,23.193623,5.39625,0.594152,3.206195,74.171358
SPHINCS+-SHA2-128f-simple_run09,active,23.206365,5.39625,0.593437,3.202335,74.212162
SPHINCS+-SHA2-128f-simple_run09,active,23.219104,5.395,0.593437,3.201594,74.252948
SPHINCS+-SHA2-128f-simple_run09,active,23.231843,5.39375,0.593258,3.199887,74.293711
SPHINCS+-SHA2-128f-simple_run09,active,23.244584,5.4,0.590934,3.191044,74.334369
SPHINCS+-SHA2-128f-simple_run09,active,23.257321,5.38875,0.593258,3.196921,74.375087
SPHINCS+-SHA2-128f-simple_run09,active,23.270061,5.39875,0.592543,3.198993,74.415844
SPHINCS+-SHA2-128f-simple_run09,active,23.282808,5.3975,0.593437,3.203077,74.456674
SPHINCS+-SHA2-128f-simple_run09,active,23.295554,5.3975,0.593437,3.203077,74.497497
SPHINCS+-SHA2-128f-simple_run09,active,23.308296,5.39625,0.593437,3.202335,74.538303
SPHINCS+-SHA2-128f-simple_run09,active,23.321042,5.39625,0.594331,3.20716,74.579181
SPHINCS+-SHA2-128f-simple_run09,active,23.33378,5.39625,0.593616,3.2033,74.619986
SPHINCS+-SHA2-128f-simple_run09,active,23.346563,5.3975,0.592901,3.200182,74.660893
SPHINCS+-SHA2-128f-simple_run09,active,23.359305,5.3975,0.593258,3.202112,74.701693
SPHINCS+-SHA2-128f-simple_run09,active,23.372048,5.3975,0.592901,3.200182,74.742475
SPHINCS+-SHA2-128f-simple_run09,active,23.384793,5.39625,0.593437,3.202335,74.783287
SPHINCS+-SHA2-128f-simple_run09,active,23.397537,5.395,0.593795,3.203523,74.824114
SPHINCS+-SHA2-128f-simple_run09,active,23.410281,5.3975,0.593258,3.202112,74.86492
SPHINCS+-SHA2-128f-simple_run09,active,23.423022,5.39625,0.593974,3.20523,74.905759
SPHINCS+-SHA2-128f-simple_run09,active,23.435763,5.395,0.594152,3.205452,74.9466
SPHINCS+-SHA2-128f-simple_run09,active,23.448506,5.39625,0.593258,3.201371,74.987396
SPHINCS+-SHA2-128f-simple_run09,active,23.461249,5.3975,0.593437,3.203077,75.028211
SPHINCS+-SHA2-128f-simple_run09,active,23.47399,5.40125,0.593795,3.207234,75.069074
SPHINCS+-SHA2-128f-simple_run09,active,23.486737,5.395,0.594152,3.205452,75.109935
SPHINCS+-SHA2-128f-simple_run09,active,23.499482,5.3925,0.593616,3.201074,75.150733
SPHINCS+-SHA2-128f-simple_run09,active,23.512227,5.3825,0.592901,3.191289,75.191405
SPHINCS+-SHA2-128f-simple_run09,active,23.524968,5.395,0.596477,3.217992,75.232405
SPHINCS+-SHA2-128f-simple_run09,active,23.537708,5.39625,0.593437,3.202335,75.273204
SPHINCS+-SHA2-128f-simple_run09,active,23.550449,5.3925,0.592364,3.194325,75.313903
SPHINCS+-SHA2-128f-simple_run09,active,23.563191,5.3975,0.593437,3.203077,75.354715
SPHINCS+-SHA2-128f-simple_run09,active,23.575965,5.39625,0.595583,3.213914,75.395771
SPHINCS+-SHA2-128f-simple_run09,active,23.588717,5.39875,0.592543,3.198993,75.436563
SPHINCS+-SHA2-128f-simple_run09,active,23.601461,5.4,0.593616,3.205526,75.477415
SPHINCS+-SHA2-128f-simple_run09,active,23.614202,5.3975,0.600232,3.23975,75.518694
SPHINCS+-SHA2-128f-simple_run09,active,23.626942,5.39625,0.593258,3.201371,75.559479
SPHINCS+-SHA2-128f-simple_run09,active,23.639683,5.3975,0.593795,3.205007,75.600312
SPHINCS+-SHA2-128f-simple_run09,active,23.652425,5.395,0.593795,3.203523,75.641134
SPHINCS+-SHA2-128f-simple_run09,active,23.665166,5.3975,0.592364,3.197287,75.681871
SPHINCS+-SHA2-128f-simple_run09,active,23.677906,5.39625,0.593258,3.201371,75.722656
SPHINCS+-SHA2-128f-simple_run09,active,23.690653,5.395,0.593258,3.200629,75.763455
SPHINCS+-SHA2-128f-simple_run09,active,23.703399,5.39625,0.59594,3.215843,75.804442
SPHINCS+-SHA2-128f-simple_run09,active,23.716157,5.39375,0.593437,3.200852,75.845279
SPHINCS+-SHA2-128f-simple_run09,active,23.728926,5.39625,0.594689,3.209089,75.886257
SPHINCS+-SHA2-128f-simple_run09,active,23.74167,5.39125,0.593616,3.200332,75.927042
SPHINCS+-SHA2-128f-simple_run09,active,23.754414,5.4,0.592364,3.198768,75.967806
SPHINCS+-SHA2-128f-simple_run09,active,23.767155,5.39625,0.593795,3.204265,76.008632
SPHINCS+-SHA2-128f-simple_run09,active,23.779938,5.3975,0.593616,3.204042,76.04959
SPHINCS+-SHA2-128f-simple_run09,active,23.792691,5.39625,0.593616,3.2033,76.090442
SPHINCS+-SHA2-128f-simple_run09,active,23.805436,5.39375,0.593616,3.201816,76.131247
SPHINCS+-SHA2-128f-simple_run09,active,23.818192,5.395,0.593437,3.201594,76.172087
SPHINCS+-SHA2-128f-simple_run09,active,23.83095,5.39375,0.593258,3.199887,76.21291
SPHINCS+-SHA2-128f-simple_run09,active,23.843696,5.38875,0.594331,3.202702,76.253733
SPHINCS+-SHA2-128f-simple_run09,active,23.85644,5.395,0.593616,3.202558,76.294546
SPHINCS+-SHA2-128f-simple_run09,active,23.869181,5.3975,0.593437,3.203077,76.335357
SPHINCS+-SHA2-128f-simple_run09,active,23.881922,5.3975,0.592543,3.198252,76.376105
SPHINCS+-SHA2-128f-simple_run09,active,23.894661,5.39625,0.593437,3.202335,76.416899
SPHINCS+-SHA2-128f-simple_run09,active,23.907403,5.395,0.594152,3.205452,76.457743
SPHINCS+-SHA2-128f-simple_run09,active,23.920146,5.3975,0.594331,3.207903,76.498624
SPHINCS+-SHA2-128f-simple_run09,active,23.932887,5.39875,0.593437,3.203819,76.539442
SPHINCS+-SHA2-128f-simple_run09,active,23.945627,5.4,0.592901,3.201664,76.580232
SPHINCS+-SHA2-128f-simple_run09,active,23.958391,5.3975,0.593974,3.205973,76.621153
SPHINCS+-SHA2-128f-simple_run09,active,23.971139,5.39625,0.594331,3.20716,76.662039
SPHINCS+-SHA2-128f-simple_run09,active,23.983882,5.4025,0.593795,3.207976,76.702917
SPHINCS+-SHA2-128f-simple_run09,active,23.996636,5.39625,0.594152,3.206195,76.74381
SPHINCS+-SHA2-128f-simple_run09,active,24.009383,5.3975,0.593437,3.203077,76.784638
SPHINCS+-SHA2-128f-simple_run09,active,24.022125,5.39625,0.593258,3.201371,76.82543
SPHINCS+-SHA2-128f-simple_run09,active,24.034867,5.385,0.592543,3.190845,76.866088
SPHINCS+-SHA2-128f-simple_run09,active,24.047608,5.39875,0.593616,3.204784,76.906921
SPHINCS+-SHA2-128f-simple_run09,active,24.060352,5.39625,0.593437,3.202335,76.94773
SPHINCS+-SHA2-128f-simple_run09,active,24.073091,5.39625,0.594152,3.206195,76.988574
SPHINCS+-SHA2-128f-simple_run09,active,24.085831,5.39625,0.593616,3.2033,77.029385
SPHINCS+-SHA2-128f-simple_run09,active,24.098578,5.3975,0.593974,3.205973,77.07025
SPHINCS+-SHA2-128f-simple_run09,active,24.111323,5.39625,0.593437,3.202335,77.111065
SPHINCS+-SHA2-128f-simple_run09,active,24.124068,5.39625,0.591113,3.189792,77.151718
SPHINCS+-SHA2-128f-simple_run09,active,24.136808,5.3975,0.593437,3.203077,77.192526
SPHINCS+-SHA2-128f-simple_run09,active,24.149548,5.39625,0.593795,3.204265,77.233347
SPHINCS+-SHA2-128f-simple_run09,active,24.162289,5.39625,0.593258,3.201371,77.274136
SPHINCS+-SHA2-128f-simple_run09,active,24.175033,5.39625,0.598622,3.230316,77.315304
SPHINCS+-SHA2-128f-simple_run09,active,24.187774,5.39625,0.593616,3.2033,77.356118
SPHINCS+-SHA2-128f-simple_run09,active,24.200524,5.3975,0.593437,3.203077,77.396958
SPHINCS+-SHA2-128f-simple_run09,active,24.213268,5.3975,0.595046,3.211763,77.437888
SPHINCS+-SHA2-128f-simple_run09,active,24.226008,5.39875,0.594152,3.20768,77.478754
SPHINCS+-SHA2-128f-simple_run09,active,24.238749,5.39375,0.593437,3.200852,77.519534
SPHINCS+-SHA2-128f-simple_run09,active,24.251489,5.39625,0.592722,3.198476,77.560284
SPHINCS+-SHA2-128f-simple_run09,active,24.267082,5.39625,0.593258,3.201371,77.610202
SPHINCS+-SHA2-128f-simple_run09,active,24.279839,5.395,0.593795,3.203523,77.651071
SPHINCS+-SHA2-128f-simple_run09,active,24.292587,5.39625,0.593258,3.201371,77.69188
SPHINCS+-SHA2-128f-simple_run09,active,24.305334,5.4025,0.592543,3.201215,77.732686
SPHINCS+-SHA2-128f-simple_run09,active,24.318085,5.3975,0.593258,3.202112,77.773516
SPHINCS+-SHA2-128f-simple_run09,active,24.330824,5.3975,0.593258,3.202112,77.81431
SPHINCS+-SHA2-128f-simple_run09,active,24.343564,5.3975,0.59308,3.201147,77.85509
SPHINCS+-SHA2-128f-simple_run09,active,24.356306,5.39625,0.594331,3.20716,77.895958
SPHINCS+-SHA2-128f-simple_run09,active,24.369045,5.39625,0.593258,3.201371,77.936739
SPHINCS+-SHA2-128f-simple_run09,active,24.381785,5.3975,0.593258,3.202112,77.977535
SPHINCS+-SHA2-128f-simple_run09,active,24.39457,5.3975,0.596834,3.221414,78.01872
SPHINCS+-SHA2-128f-simple_run09,active,24.407308,5.3975,0.593437,3.203077,78.05952
SPHINCS+-SHA2-128f-simple_run09,active,24.420051,5.39625,0.593258,3.201371,78.100316
SPHINCS+-SHA2-128f-simple_run09,active,24.432791,5.3975,0.593795,3.205007,78.141147
SPHINCS+-SHA2-128f-simple_run09,active,24.44553,5.39875,0.597728,3.226986,78.182257
SPHINCS+-SHA2-128f-simple_run09,active,24.458272,5.3975,0.593974,3.205973,78.223106
SPHINCS+-SHA2-128f-simple_run09,active,24.47101,5.39875,0.593437,3.203819,78.263918
SPHINCS+-SHA2-128f-simple_run09,active,24.483755,5.3975,0.58557,3.160614,78.304198
SPHINCS+-SHA2-128f-simple_run09,active,24.496496,5.39625,0.593437,3.202335,78.345001
SPHINCS+-SHA2-128f-simple_run09,active,24.509269,5.3975,0.595225,3.212728,78.386037
SPHINCS+-SHA2-128f-simple_run09,active,24.522015,5.3975,0.593795,3.205007,78.426887
SPHINCS+-SHA2-128f-simple_run09,active,24.534757,5.39625,0.593437,3.202335,78.46769
SPHINCS+-SHA2-128f-simple_run09,active,24.547507,5.39625,0.591113,3.189792,78.50836
SPHINCS+-SHA2-128f-simple_run09,active,24.560271,5.3975,0.591292,3.191496,78.549096
SPHINCS+-SHA2-128f-simple_run09,active,24.573012,5.39875,0.593437,3.203819,78.589918
SPHINCS+-SHA2-128f-simple_run09,active,24.585754,5.39625,0.593437,3.202335,78.630722
SPHINCS+-SHA2-128f-simple_run09,active,24.598494,5.3975,0.594152,3.206938,78.671577
SPHINCS+-SHA2-128f-simple_run09,active,24.611241,5.39625,0.593616,3.2033,78.712409
SPHINCS+-SHA2-128f-simple_run09,active,24.623987,5.3975,0.593974,3.205973,78.753273
SPHINCS+-SHA2-128f-simple_run09,active,24.636725,5.3975,0.593795,3.205007,78.7941
SPHINCS+-SHA2-128f-simple_run09,active,24.649464,5.39625,0.593616,3.2033,78.834905
SPHINCS+-SHA2-128f-simple_run09,active,24.662203,5.39625,0.593437,3.202335,78.8757
SPHINCS+-SHA2-128f-simple_run09,active,24.674942,5.39625,0.593795,3.204265,78.916518
SPHINCS+-SHA2-128f-simple_run09,active,24.687682,5.39625,0.593258,3.201371,78.957306
SPHINCS+-SHA2-128f-simple_run09,active,24.700423,5.39625,0.593437,3.202335,78.998107
SPHINCS+-SHA2-128f-simple_run09,active,24.713169,5.39625,0.592901,3.199441,79.038888
SPHINCS+-SHA2-128f-simple_run09,active,24.725913,5.39125,0.594152,3.203224,79.079708
SPHINCS+-SHA2-128f-simple_run09,active,24.738651,5.39625,0.593437,3.202335,79.1205
SPHINCS+-SHA2-128f-simple_run09,active,24.751391,5.37,0.594152,3.190598,79.161147
SPHINCS+-SHA2-128f-simple_run09,active,24.764132,5.4,0.595225,3.214216,79.2021
SPHINCS+-SHA2-128f-simple_run09,active,24.77687,5.39875,0.593437,3.203819,79.242911
SPHINCS+-SHA2-128f-simple_run09,active,24.78961,5.3975,0.59308,3.201147,79.283693
SPHINCS+-SHA2-128f-simple_run09,active,24.802349,5.39875,0.592901,3.200923,79.324468
SPHINCS+-SHA2-128f-simple_run09,active,24.815097,5.4,0.59594,3.218078,79.365492
SPHINCS+-SHA2-128f-simple_run09,active,24.827841,5.3975,0.594331,3.207903,79.406375
SPHINCS+-SHA2-128f-simple_run09,active,24.840584,5.3975,0.593437,3.203077,79.447191
SPHINCS+-SHA2-128f-simple_run09,active,24.853323,5.39875,0.593437,3.203819,79.488004
SPHINCS+-SHA2-128f-simple_run09,active,24.866061,5.395,0.595225,3.21124,79.528911
SPHINCS+-SHA2-128f-simple_run09,active,24.8788,5.39625,0.592722,3.198476,79.569657
SPHINCS+-SHA2-128f-simple_run09,active,24.89154,5.39625,0.593437,3.202335,79.610455
SPHINCS+-SHA2-128f-simple_run09,active,24.904283,5.4,0.594868,3.212285,79.651386
SPHINCS+-SHA2-128f-simple_run09,active,24.917029,5.3975,0.593616,3.204042,79.692225
SPHINCS+-SHA2-128f-simple_run09,active,24.929773,5.39625,0.593616,3.2033,79.733049
SPHINCS+-SHA2-128f-simple_run09,active,24.942566,5.395,0.593437,3.201594,79.774008
SPHINCS+-SHA2-128f-simple_run09,active,24.955313,5.395,0.594331,3.206417,79.814879
SPHINCS+-SHA2-128f-simple_run09,active,24.968072,5.395,0.593258,3.200629,79.855717
SPHINCS+-SHA2-128f-simple_run09,active,24.980812,5.39625,0.593437,3.202335,79.896513
SPHINCS+-SHA2-128f-simple_run09,active,24.993555,5.39875,0.596477,3.220229,79.93755
SPHINCS+-SHA2-128f-simple_run09,active,25.006298,5.3975,0.593258,3.202112,79.978352
SPHINCS+-SHA2-128f-simple_run09,active,25.019047,5.39625,0.593437,3.202335,80.01918
SPHINCS+-SHA2-128f-simple_run09,active,25.031793,5.3975,0.599159,3.23396,80.0604
SPHINCS+-SHA2-128f-simple_run09,active,25.044534,5.39625,0.592007,3.194617,80.101102
SPHINCS+-SHA2-128f-simple_run09,active,25.057274,5.39875,0.59308,3.201888,80.141893
SPHINCS+-SHA2-128f-simple_run09,active,25.070012,5.3975,0.593437,3.203077,80.182697
SPHINCS+-SHA2-128f-simple_run09,active,25.082751,5.3975,0.594152,3.206938,80.223548
SPHINCS+-SHA2-128f-simple_run09,active,25.09549,5.39625,0.593437,3.202335,80.264344
SPHINCS+-SHA2-128f-simple_run09,active,25.108232,5.39625,0.593258,3.201371,80.305135
SPHINCS+-SHA2-128f-simple_run09,active,25.120976,5.3975,0.593974,3.205973,80.345992
SPHINCS+-SHA2-128f-simple_run09,active,25.133718,5.3975,0.590755,3.188601,80.386621
SPHINCS+-SHA2-128f-simple_run09,active,25.146458,5.395,0.593437,3.201594,80.427408
SPHINCS+-SHA2-128f-simple_run09,active,25.159196,5.3975,0.593795,3.205007,80.468234
SPHINCS+-SHA2-128f-simple_run09,active,25.171936,5.39875,0.592901,3.200923,80.509014
SPHINCS+-SHA2-128f-simple_run09,active,25.184676,5.3975,0.593437,3.203077,80.549821
SPHINCS+-SHA2-128f-simple_run09,active,25.197414,5.395,0.593437,3.201594,80.590604
SPHINCS+-SHA2-128f-simple_run09,active,25.210153,5.3975,0.592364,3.197287,80.631333
SPHINCS+-SHA2-128f-simple_run09,active,25.222898,5.3975,0.592901,3.200182,80.672121
SPHINCS+-SHA2-128f-simple_run09,active,25.235641,5.39625,0.593974,3.20523,80.712966
SPHINCS+-SHA2-128f-simple_run09,active,25.248386,5.39625,0.593258,3.201371,80.753766
SPHINCS+-SHA2-128f-simple_run09,active,25.261125,5.3975,0.594152,3.206938,80.79462
SPHINCS+-SHA2-128f-simple_run09,active,25.273864,5.3975,0.59308,3.201147,80.835398
SPHINCS+-SHA2-128f-simple_run09,active,25.286603,5.3975,0.594331,3.207903,80.876265
SPHINCS+-SHA2-128f-simple_run09,active,25.299341,5.39625,0.593437,3.202335,80.917056
SPHINCS+-SHA2-128f-simple_run09,active,25.312083,5.3975,0.593616,3.204042,80.95788
SPHINCS+-SHA2-128f-simple_run09,active,25.324829,5.39375,0.592901,3.197959,80.998643
SPHINCS+-SHA2-128f-simple_run09,active,25.337572,5.3975,0.593437,3.203077,81.039458
SPHINCS+-SHA2-128f-simple_run09,active,25.350311,5.39875,0.594152,3.20768,81.080321
SPHINCS+-SHA2-128f-simple_run09,active,25.363049,5.39875,0.593795,3.20575,81.121156
SPHINCS+-SHA2-128f-simple_run09,active,25.375789,5.39625,0.595046,3.211019,81.162066
SPHINCS+-SHA2-128f-simple_run09,active,25.388531,5.39375,0.593437,3.200852,81.202851
SPHINCS+-SHA2-128f-simple_run09,active,25.40127,5.3975,0.593795,3.205007,81.243677
SPHINCS+-SHA2-128f-simple_run09,active,25.414009,5.4025,0.596477,3.222466,81.28473
SPHINCS+-SHA2-128f-simple_run09,active,25.426756,5.39625,0.593437,3.202335,81.325549
SPHINCS+-SHA2-128f-simple_run09,active,25.439501,5.3975,0.594152,3.206938,81.366422
SPHINCS+-SHA2-128f-simple_run09,active,25.452247,5.39625,0.592901,3.199441,81.407202
SPHINCS+-SHA2-128f-simple_run09,active,25.464986,5.395,0.591113,3.189054,81.447828
SPHINCS+-SHA2-128f-simple_run09,active,25.477725,5.39875,0.593258,3.202854,81.488631
SPHINCS+-SHA2-128f-simple_run09,active,25.490463,5.3975,0.593258,3.202112,81.529418
SPHINCS+-SHA2-128f-simple_run09,active,25.503202,5.3975,0.592364,3.197287,81.570148
SPHINCS+-SHA2-128f-simple_run09,active,25.515943,5.39625,0.594152,3.206195,81.610997
SPHINCS+-SHA2-128f-simple_run09,active,25.528688,5.39875,0.593437,3.203819,81.651829
SPHINCS+-SHA2-128f-simple_run09,active,25.544315,5.3975,0.592722,3.199217,81.701826
SPHINCS+-SHA2-128f-simple_run09,active,25.557076,5.3975,0.593258,3.202112,81.742687
SPHINCS+-SHA2-128f-simple_run09,active,25.569818,5.39625,0.592901,3.199441,81.783455
SPHINCS+-SHA2-128f-simple_run09,active,25.582558,5.39875,0.593616,3.204784,81.824284
SPHINCS+-SHA2-128f-simple_run09,active,25.595298,5.40375,0.594868,3.214516,81.865235
SPHINCS+-SHA2-128f-simple_run09,active,25.608041,5.395,0.593258,3.200629,81.906021
SPHINCS+-SHA2-128f-simple_run09,active,25.620779,5.3975,0.593616,3.204042,81.946835
SPHINCS+-SHA2-128f-simple_run09,active,25.633524,5.39375,0.59147,3.190243,81.987494
SPHINCS+-SHA2-128f-simple_run09,active,25.646268,5.395,0.592901,3.1987,82.028258
SPHINCS+-SHA2-128f-simple_run09,active,25.659007,5.395,0.593795,3.203523,82.069067
SPHINCS+-SHA2-128f-simple_run09,active,25.671745,5.39875,0.593974,3.206715,82.109915
SPHINCS+-SHA2-128f-simple_run09,active,25.684485,5.3975,0.593437,3.203077,82.150723
SPHINCS+-SHA2-128f-simple_run09,active,25.697257,5.39625,0.594152,3.206195,82.191673
SPHINCS+-SHA2-128f-simple_run09,active,25.709997,5.3975,0.593795,3.205007,82.232504
SPHINCS+-SHA2-128f-simple_run09,active,25.722735,5.3975,0.592901,3.200182,82.273268
SPHINCS+-SHA2-128f-simple_run09,active,25.735481,5.39625,0.599874,3.23707,82.314527
SPHINCS+-SHA2-128f-simple_run09,active,25.748227,5.39625,0.593258,3.201371,82.355333
SPHINCS+-SHA2-128f-simple_run09,active,25.760967,5.3975,0.593795,3.205007,82.396164
SPHINCS+-SHA2-128f-simple_run09,active,25.773705,5.39625,0.594331,3.20716,82.437017
SPHINCS+-SHA2-128f-simple_run09,active,25.786443,5.39625,0.593795,3.204265,82.477833
SPHINCS+-SHA2-128f-simple_run09,active,25.799181,5.39625,0.593795,3.204265,82.518647
SPHINCS+-SHA2-128f-simple_run09,active,25.811947,5.395,0.593258,3.200629,82.55951
SPHINCS+-SHA2-128f-simple_run09,active,25.824688,5.395,0.594152,3.205452,82.600348
SPHINCS+-SHA2-128f-simple_run09,active,25.837433,5.39625,0.593616,3.2033,82.641175
SPHINCS+-SHA2-128f-simple_run09,active,25.850177,5.38625,0.594152,3.200253,82.681959
SPHINCS+-SHA2-128f-simple_run09,active,25.862928,5.39125,0.592901,3.196476,82.722716
SPHINCS+-SHA2-128f-simple_run09,active,25.875677,5.39625,0.593795,3.204265,82.763568
SPHINCS+-SHA2-128f-simple_run09,active,25.888419,5.39625,0.593616,3.2033,82.804385
SPHINCS+-SHA2-128f-simple_run09,active,25.901157,5.39625,0.593974,3.20523,82.845214
SPHINCS+-SHA2-128f-simple_run09,active,25.913895,5.395,0.590755,3.187124,82.885811
SPHINCS+-SHA2-128f-simple_run09,active,25.926634,5.39875,0.593974,3.206715,82.926661
SPHINCS+-SHA2-128f-simple_run09,active,25.939381,5.39625,0.593437,3.202335,82.967482
SPHINCS+-SHA2-128f-simple_run09,active,25.952132,5.3975,0.594152,3.206938,83.008371
SPHINCS+-SHA2-128f-simple_run09,active,25.96489,5.39625,0.593437,3.202335,83.049228
SPHINCS+-SHA2-128f-simple_run09,active,25.977631,5.39625,0.593258,3.201371,83.090016
SPHINCS+-SHA2-128f-simple_run09,active,25.99037,5.39875,0.593437,3.203819,83.13083
SPHINCS+-SHA2-128f-simple_run09,active,26.003108,5.405,0.593437,3.207528,83.171688
SPHINCS+-SHA2-128f-simple_run09,active,26.015864,5.4025,0.593258,3.205079,83.212573
SPHINCS+-SHA2-128f-simple_run09,active,26.028638,5.3975,0.594689,3.209833,83.253573
SPHINCS+-SHA2-128f-simple_run09,active,26.041391,5.39875,0.593616,3.204784,83.294445
SPHINCS+-SHA2-128f-simple_run09,active,26.054139,5.39625,0.594152,3.206195,83.335319
SPHINCS+-SHA2-128f-simple_run09,active,26.066883,5.3975,0.593258,3.202112,83.376125
SPHINCS+-SHA2-128f-simple_run09,active,26.07963,5.395,0.593616,3.202558,83.416947
SPHINCS+-SHA2-128f-simple_run09,active,26.092375,5.3975,0.592364,3.197287,83.457696
SPHINCS+-SHA2-128f-simple_run09,active,26.105114,5.3975,0.593795,3.205007,83.498527
SPHINCS+-SHA2-128f-simple_run09,active,26.117853,5.39625,0.592901,3.199441,83.539283
SPHINCS+-SHA2-128f-simple_run09,active,26.130594,5.3975,0.593616,3.204042,83.580106
SPHINCS+-SHA2-128f-simple_run09,active,26.143343,5.4,0.591113,3.192009,83.6208
SPHINCS+-SHA2-128f-simple_run09,active,26.156091,5.3975,0.595583,3.214658,83.661781
SPHINCS+-SHA2-128f-simple_run09,active,26.168832,5.3975,0.593437,3.203077,83.702591
SPHINCS+-SHA2-128f-simple_run09,active,26.181572,5.3975,0.594152,3.206938,83.743448
SPHINCS+-SHA2-128f-simple_run09,active,26.194312,5.39625,0.595404,3.212949,83.784382
SPHINCS+-SHA2-128f-simple_run09,active,26.207052,5.39875,0.593437,3.203819,83.825198
SPHINCS+-SHA2-128f-simple_run09,active,26.219794,5.39875,0.593616,3.204784,83.866033
SPHINCS+-SHA2-128f-simple_run09,active,26.232537,5.3975,0.593437,3.203077,83.906851
SPHINCS+-SHA2-128f-simple_run09,active,26.245283,5.39625,0.58861,3.176285,83.947336
SPHINCS+-SHA2-128f-simple_run09,active,26.258028,5.39625,0.593795,3.204265,83.988175
SPHINCS+-SHA2-128f-simple_run09,active,26.270767,5.3975,0.593437,3.203077,84.028977
SPHINCS+-SHA2-128f-simple_run09,active,26.283506,5.3975,0.594689,3.209833,84.069869
SPHINCS+-SHA2-128f-simple_run09,active,26.296248,5.3975,0.593616,3.204042,84.110694
SPHINCS+-SHA2-128f-simple_run09,active,26.308987,5.39875,0.592543,3.198993,84.151445
SPHINCS+-SHA2-128f-simple_run09,active,26.321731,5.3975,0.594331,3.207903,84.192326
SPHINCS+-SHA2-128f-simple_run09,active,26.334471,5.39625,0.587537,3.170495,84.232719
SPHINCS+-SHA2-128f-simple_run09,active,26.347219,5.39625,0.593795,3.204265,84.273567
SPHINCS+-SHA2-128f-simple_run09,active,26.359967,5.39875,0.593258,3.202854,84.314398
SPHINCS+-SHA2-128f-simple_run09,active,26.372707,5.39625,0.594331,3.20716,84.355255
SPHINCS+-SHA2-128f-simple_run09,active,26.385444,5.3975,0.592364,3.197287,84.395981
SPHINCS+-SHA2-128f-simple_run09,active,26.398185,5.39875,0.59308,3.201888,84.436776
SPHINCS+-SHA2-128f-simple_run09,active,26.410925,5.39625,0.593258,3.201371,84.477561
SPHINCS+-SHA2-128f-simple_run09,active,26.423665,5.4,0.589682,3.184285,84.518129
SPHINCS+-SHA2-128f-simple_run09,active,26.436409,5.39625,0.597907,3.226457,84.559247
SPHINCS+-SHA2-128f-simple_run09,active,26.449154,5.39875,0.593795,3.20575,84.600105
SPHINCS+-SHA2-128f-simple_run09,active,26.461898,5.39875,0.593616,3.204784,84.640945
SPHINCS+-SHA2-128f-simple_run09,active,26.47464,5.38375,0.594331,3.199731,84.681718
SPHINCS+-SHA2-128f-simple_run09,active,26.487379,5.3975,0.593795,3.205007,84.722546
SPHINCS+-SHA2-128f-simple_run09,active,26.500127,5.39625,0.593616,3.2033,84.76338
SPHINCS+-SHA2-128f-simple_run09,active,26.512867,5.39625,0.592901,3.199441,84.80414
SPHINCS+-SHA2-128f-simple_run09,active,26.525606,5.3975,0.593437,3.203077,84.844946
SPHINCS+-SHA2-128f-simple_run09,active,26.538344,5.39625,0.592901,3.199441,84.8857
SPHINCS+-SHA2-128f-simple_run09,active,26.55109,5.39875,0.594331,3.208646,84.926597
SPHINCS+-SHA2-128f-simple_run09,active,26.563831,5.39375,0.592901,3.197959,84.967344
SPHINCS+-SHA2-128f-simple_run09,active,26.576572,5.39375,0.594689,3.207603,85.008211
SPHINCS+-SHA2-128f-simple_run09,active,26.58931,5.39875,0.594152,3.20768,85.049069
SPHINCS+-SHA2-128f-simple_run09,active,26.602063,5.39625,0.593258,3.201371,85.089897
SPHINCS+-SHA2-128f-simple_run09,active,26.614829,5.4025,0.594331,3.210874,85.130888
SPHINCS+-SHA2-128f-simple_run09,active,26.627576,5.39875,0.592007,3.196097,85.171627
SPHINCS+-SHA2-128f-simple_run09,active,26.640321,5.39875,0.593258,3.202854,85.212448
SPHINCS+-SHA2-128f-simple_run09,active,26.65307,5.39625,0.593437,3.202335,85.253275
SPHINCS+-SHA2-128f-simple_run09,active,26.66585,5.39625,0.593616,3.2033,85.294214
SPHINCS+-SHA2-128f-simple_run09,active,26.678594,5.395,0.593258,3.200629,85.335002
SPHINCS+-SHA2-128f-simple_run09,active,26.69134,5.395,0.593258,3.200629,85.375797
SPHINCS+-SHA2-128f-simple_run09,active,26.704083,5.39375,0.593616,3.201816,85.416597
SPHINCS+-SHA2-128f-simple_run09,active,26.716825,5.39625,0.593616,3.2033,85.457413
SPHINCS+-SHA2-128f-simple_run09,active,26.729567,5.3975,0.593795,3.205007,85.498253
SPHINCS+-SHA2-128f-simple_run09,active,26.742307,5.3975,0.592901,3.200182,85.539022
SPHINCS+-SHA2-128f-simple_run09,active,26.755053,5.39625,0.596119,3.216808,85.580024
SPHINCS+-SHA2-128f-simple_run09,active,26.767798,5.39625,0.593616,3.2033,85.620849
SPHINCS+-SHA2-128f-simple_run09,active,26.78054,5.38375,0.593437,3.194918,85.661559
SPHINCS+-SHA2-128f-simple_run09,active,26.793278,5.3975,0.595404,3.213693,85.702495
SPHINCS+-SHA2-128f-simple_run09,active,26.806017,5.3975,0.594152,3.206938,85.74335
SPHINCS+-SHA2-128f-simple_run09,active,26.8217,5.38875,0.593437,3.197885,85.793501
SPHINCS+-SHA2-128f-simple_run09,active,26.834479,5.39625,0.595225,3.211984,85.834548
SPHINCS+-SHA2-128f-simple_run09,active,26.847222,5.39625,0.593795,3.204265,85.875379
SPHINCS+-SHA2-128f-simple_run09,active,26.859974,5.39625,0.594689,3.209089,85.916302
SPHINCS+-SHA2-128f-simple_run09,active,26.872716,5.405,0.593437,3.207528,85.957172
SPHINCS+-SHA2-128f-simple_run09,active,26.885457,5.3975,0.593437,3.203077,85.997984
SPHINCS+-SHA2-128f-simple_run09,active,26.898199,5.3975,0.592901,3.200182,86.038758
SPHINCS+-SHA2-128f-simple_run09,active,26.910937,5.39625,0.593974,3.20523,86.079587
SPHINCS+-SHA2-128f-simple_run09,active,26.923675,5.40125,0.597013,3.224618,86.120664
SPHINCS+-SHA2-128f-simple_run09,active,26.936418,5.3975,0.593795,3.205007,86.161503
SPHINCS+-SHA2-128f-simple_run09,active,26.949157,5.395,0.593258,3.200629,86.202277
SPHINCS+-SHA2-128f-simple_run09,active,26.961917,5.39625,0.593437,3.202335,86.243139
SPHINCS+-SHA2-128f-simple_run09,active,26.974664,5.39625,0.592543,3.197511,86.283897
SPHINCS+-SHA2-128f-simple_run09,active,26.987407,5.3975,0.593616,3.204042,86.324728
SPHINCS+-SHA2-128f-simple_run09,active,27.00015,5.3975,0.59308,3.201147,86.365519
SPHINCS+-SHA2-128f-simple_run09,active,27.012889,5.39625,0.595046,3.211019,86.406425
SPHINCS+-SHA2-128f-simple_run09,active,27.025628,5.39625,0.591828,3.193652,86.447109
SPHINCS+-SHA2-128f-simple_run09,active,27.038369,5.3975,0.593258,3.202112,86.487907
SPHINCS+-SHA2-128f-simple_run09,active,27.051108,5.39625,0.594331,3.20716,86.528761
SPHINCS+-SHA2-128f-simple_run09,active,27.063854,5.395,0.593795,3.203523,86.569593
SPHINCS+-SHA2-128f-simple_run09,active,27.076597,5.39625,0.593258,3.201371,86.61039
SPHINCS+-SHA2-128f-simple_run09,active,27.089338,5.395,0.59308,3.199664,86.651156
SPHINCS+-SHA2-128f-simple_run09,active,27.102079,5.39625,0.594152,3.206195,86.692005
SPHINCS+-SHA2-128f-simple_run09,active,27.114819,5.38125,0.591113,3.180926,86.73253
SPHINCS+-SHA2-128f-simple_run09,active,27.12756,5.39625,0.593258,3.201371,86.77332
SPHINCS+-SHA2-128f-simple_run09,active,27.140303,5.39625,0.595583,3.213914,86.814275
SPHINCS+-SHA2-128f-simple_run09,active,27.153042,5.3975,0.586822,3.16737,86.854624
SPHINCS+-SHA2-128f-simple_run09,active,27.165787,5.3975,0.593258,3.202112,86.895436
SPHINCS+-SHA2-128f-simple_run09,active,27.178574,5.4,0.593258,3.203595,86.936398
SPHINCS+-SHA2-128f-simple_run09,active,27.191316,5.395,0.593437,3.201594,86.977195
SPHINCS+-SHA2-128f-simple_run09,active,27.20406,5.3925,0.593258,3.199146,87.017962
SPHINCS+-SHA2-128f-simple_run09,active,27.2168,5.39625,0.592186,3.195582,87.058677
SPHINCS+-SHA2-128f-simple_run09,active,27.229539,5.3975,0.593258,3.202112,87.099469
SPHINCS+-SHA2-128f-simple_run09,active,27.242282,5.3975,0.593795,3.205007,87.140309
SPHINCS+-SHA2-128f-simple_run09,active,27.255022,5.3975,0.594152,3.206938,87.181166
SPHINCS+-SHA2-128f-simple_run09,active,27.267769,5.39625,0.592364,3.196546,87.221911
SPHINCS+-SHA2-128f-simple_run09,active,27.280516,5.3975,0.593437,3.203077,87.26274
SPHINCS+-SHA2-128f-simple_run09,active,27.293258,5.3925,0.593437,3.20011,87.303516
SPHINCS+-SHA2-128f-simple_run09,active,27.305997,5.39625,0.592901,3.199441,87.344275
SPHINCS+-SHA2-128f-simple_run09,active,27.318737,5.3975,0.594331,3.207903,87.385143
SPHINCS+-SHA2-128f-simple_run09,active,27.331478,5.3975,0.593437,3.203077,87.425954
SPHINCS+-SHA2-128f-simple_run09,active,27.344221,5.39875,0.593258,3.202854,87.466769
SPHINCS+-SHA2-128f-simple_run09,active,27.35696,5.3975,0.59308,3.201147,87.507547
SPHINCS+-SHA2-128f-simple_run09,active,27.369706,5.3975,0.593258,3.202112,87.548361
SPHINCS+-SHA2-128f-simple_run09,active,27.38245,5.4025,0.592901,3.203147,87.589182
SPHINCS+-SHA2-128f-simple_run09,active,27.39519,5.37875,0.595046,3.200606,87.629959
SPHINCS+-SHA2-128f-simple_run09,active,27.407964,5.3975,0.593258,3.202112,87.670863
SPHINCS+-SHA2-128f-simple_run09,active,27.420708,5.3975,0.592901,3.200182,87.711646
SPHINCS+-SHA2-128f-simple_run09,active,27.433448,5.3925,0.589504,3.178898,87.752144
SPHINCS+-SHA2-128f-simple_run09,active,27.446188,5.39625,0.592722,3.198476,87.792894
SPHINCS+-SHA2-128f-simple_run09,active,27.458928,5.3975,0.593258,3.202112,87.833688
SPHINCS+-SHA2-128f-simple_run09,active,27.471675,5.39625,0.593258,3.201371,87.874495
SPHINCS+-SHA2-128f-simple_run09,active,27.484421,5.40375,0.591828,3.198091,87.915257
SPHINCS+-SHA2-128f-simple_run09,active,27.497163,5.38375,0.593616,3.19588,87.95598
SPHINCS+-SHA2-128f-simple_run09,active,27.509903,5.39625,0.592543,3.197511,87.996716
SPHINCS+-SHA2-128f-simple_run09,active,27.522643,5.3975,0.594689,3.209833,88.037609
SPHINCS+-SHA2-128f-simple_run09,active,27.535383,5.3975,0.59594,3.216588,88.078588
SPHINCS+-SHA2-128f-simple_run09,active,27.548126,5.39625,0.593616,3.2033,88.119407
SPHINCS+-SHA2-128f-simple_run09,active,27.560865,5.3975,0.593437,3.203077,88.160212
SPHINCS+-SHA2-128f-simple_run09,active,27.573611,5.39875,0.593974,3.206715,88.201084
SPHINCS+-SHA2-128f-simple_run09,active,27.586355,5.39375,0.594152,3.20471,88.241926
SPHINCS+-SHA2-128f-simple_run09,active,27.599097,5.385,0.593258,3.194696,88.282632
SPHINCS+-SHA2-128f-simple_run09,active,27.611836,5.395,0.597013,3.220886,88.323665
SPHINCS+-SHA2-128f-simple_run09,active,27.624577,5.39625,0.598622,3.230316,88.364821
SPHINCS+-SHA2-128f-simple_run09,active,27.637317,5.395,0.593437,3.201594,88.405609
SPHINCS+-SHA2-128f-simple_run09,active,27.650057,5.39875,0.593258,3.202854,88.446415
SPHINCS+-SHA2-128f-simple_run09,active,27.662798,5.3975,0.596834,3.221414,88.487457
SPHINCS+-SHA2-128f-simple_run09,active,27.675544,5.3975,0.593258,3.202112,88.528273
SPHINCS+-SHA2-128f-simple_run09,active,27.688291,5.395,0.593437,3.201594,88.569084
SPHINCS+-SHA2-128f-simple_run09,active,27.701032,5.385,0.593616,3.196622,88.609812
SPHINCS+-SHA2-128f-simple_run09,active,27.713773,5.39875,0.59451,3.209611,88.650705
SPHINCS+-SHA2-128f-simple_run09,active,27.72655,5.39625,0.593258,3.201371,88.691607
SPHINCS+-SHA2-128f-simple_run09,active,27.739291,5.39625,0.593437,3.202335,88.732409
SPHINCS+-SHA2-128f-simple_run09,active,27.752033,5.3975,0.593258,3.202112,88.773211
SPHINCS+-SHA2-128f-simple_run09,active,27.764772,5.39375,0.593616,3.201816,88.814
SPHINCS+-SHA2-128f-simple_run09,active,27.777519,5.3975,0.59308,3.201147,88.854805
SPHINCS+-SHA2-128f-simple_run09,active,27.790264,5.3975,0.593258,3.202112,88.895614
SPHINCS+-SHA2-128f-simple_run09,active,27.803005,5.37625,0.592901,3.187583,88.936228
SPHINCS+-SHA2-128f-simple_run09,active,27.815745,5.39625,0.594331,3.20716,88.977087
SPHINCS+-SHA2-128f-simple_run09,active,27.828487,5.39625,0.592901,3.199441,89.017853
SPHINCS+-SHA2-128f-simple_run09,active,27.841265,5.4,0.595046,3.213251,89.058912
SPHINCS+-SHA2-128f-simple_run09,active,27.854007,5.39375,0.595225,3.210496,89.099823
SPHINCS+-SHA2-128f-simple_run09,active,27.866747,5.3975,0.593437,3.203077,89.140629
SPHINCS+-SHA2-128f-simple_run09,active,27.879494,5.39625,0.594152,3.206195,89.181498
SPHINCS+-SHA2-128f-simple_run09,active,27.892238,5.39625,0.593437,3.202335,89.22231
SPHINCS+-SHA2-128f-simple_run09,active,27.904978,5.39875,0.593258,3.202854,89.263113
SPHINCS+-SHA2-128f-simple_run09,active,27.917722,5.39625,0.592543,3.197511,89.303861
SPHINCS+-SHA2-128f-simple_run09,active,27.930464,5.395,0.593258,3.200629,89.344644
SPHINCS+-SHA2-128f-simple_run09,active,27.943203,5.38875,0.597371,3.219082,89.385653
SPHINCS+-SHA2-128f-simple_run09,active,27.955951,5.39625,0.594152,3.206195,89.426525
SPHINCS+-SHA2-128f-simple_run09,active,27.968706,5.39625,0.593258,3.201371,89.467359
SPHINCS+-SHA2-128f-simple_run09,active,27.981454,5.39625,0.592901,3.199441,89.508144
SPHINCS+-SHA2-128f-simple_run09,active,27.994199,5.4025,0.596477,3.222466,89.549216
SPHINCS+-SHA2-128f-simple_run09,active,28.006945,5.39625,0.593258,3.201371,89.590019
SPHINCS+-SHA2-128f-simple_run09,active,28.019687,5.39,0.592901,3.195735,89.63074
SPHINCS+-SHA2-128f-simple_run09,active,28.03246,5.3925,0.590755,3.185647,89.671431
SPHINCS+-SHA2-128f-simple_run09,active,28.045233,5.395,0.591292,3.190018,89.712177
SPHINCS+-SHA2-128f-simple_run09,active,28.057977,5.39625,0.593258,3.201371,89.752975
SPHINCS+-SHA2-128f-simple_run09,active,28.070719,5.3925,0.59308,3.198182,89.793725
SPHINCS+-SHA2-128f-simple_run09,active,28.083467,5.3975,0.594152,3.206938,89.834606
SPHINCS+-SHA2-128f-simple_run09,active,28.099109,5.39625,0.592543,3.197511,89.884624
SPHINCS+-SHA2-128f-simple_run09,active,28.111868,5.3825,0.593616,3.195138,89.925391
SPHINCS+-SHA2-128f-simple_run09,active,28.124614,5.39375,0.592901,3.197959,89.966152
SPHINCS+-SHA2-128f-simple_run09,active,28.137355,5.3975,0.593795,3.205007,90.006987
SPHINCS+-SHA2-128f-simple_run09,active,28.150095,5.3975,0.592186,3.196322,90.047706
SPHINCS+-SHA2-128f-simple_run09,active,28.162836,5.39625,0.593258,3.201371,90.088495
SPHINCS+-SHA2-128f-simple_run09,active,28.175575,5.39625,0.595046,3.211019,90.129402
SPHINCS+-SHA2-128f-simple_run09,active,28.188324,5.3975,0.593258,3.202112,90.170225
SPHINCS+-SHA2-128f-simple_run09,active,28.201067,5.3975,0.59308,3.201147,90.211017
SPHINCS+-SHA2-128f-simple_run09,active,28.213843,5.385,0.592722,3.191808,90.251794
SPHINCS+-SHA2-128f-simple_run09,active,28.226586,5.3975,0.593437,3.203077,90.292614
SPHINCS+-SHA2-128f-simple_run09,active,28.239327,5.3975,0.593258,3.202112,90.333412
SPHINCS+-SHA2-128f-simple_run09,active,28.252069,5.395,0.593258,3.200629,90.374192
SPHINCS+-SHA2-128f-simple_run09,active,28.264807,5.395,0.591828,3.192912,90.414864
SPHINCS+-SHA2-128f-simple_run09,active,28.277542,5.39625,0.59594,3.215843,90.455819
SPHINCS+-SHA2-128f-simple_run09,active,28.2903,5.39625,0.592543,3.197511,90.496613
SPHINCS+-SHA2-128f-simple_run09,active,28.303063,5.3975,0.589146,3.179916,90.537198
SPHINCS+-SHA2-128f-simple_run09,active,28.315807,5.3875,0.592007,3.189437,90.577843
SPHINCS+-SHA2-128f-simple_run09,active,28.328554,5.39875,0.592901,3.200923,90.618647
SPHINCS+-SHA2-128f-simple_run09,active,28.341295,5.3975,0.594331,3.207903,90.659516
SPHINCS+-SHA2-128f-simple_run09,active,28.354036,5.3975,0.59594,3.216588,90.700501
SPHINCS+-SHA2-128f-simple_run09,active,28.366777,5.3975,0.594331,3.207903,90.741372
SPHINCS+-SHA2-128f-simple_run09,active,28.379518,5.395,0.593258,3.200629,90.78215
SPHINCS+-SHA2-128f-simple_run09,active,28.392267,5.39875,0.593616,3.204784,90.82301
SPHINCS+-SHA2-128f-simple_run09,active,28.405011,5.39875,0.593437,3.203819,90.863838
SPHINCS+-SHA2-128f-simple_run09,active,28.417754,5.3825,0.594152,3.198025,90.904589
SPHINCS+-SHA2-128f-simple_run09,active,28.430495,5.3975,0.593616,3.204042,90.945412
SPHINCS+-SHA2-128f-simple_run09,active,28.443234,5.395,0.596834,3.219922,90.986432
SPHINCS+-SHA2-128f-simple_run09,active,28.455978,5.3975,0.593437,3.203077,91.027251
SPHINCS+-SHA2-128f-simple_run09,active,28.468717,5.3975,0.593437,3.203077,91.068058
SPHINCS+-SHA2-128f-simple_run09,active,28.481457,5.395,0.593616,3.202558,91.108858
SPHINCS+-SHA2-128f-simple_run09,active,28.494204,5.4,0.59594,3.218078,91.149879
SPHINCS+-SHA2-128f-simple_run09,active,28.506949,5.3975,0.592722,3.199217,91.190652
SPHINCS+-SHA2-128f-simple_run09,active,28.519697,5.38375,0.594152,3.198768,91.23143
SPHINCS+-SHA2-128f-simple_run09,active,28.53244,5.39625,0.593437,3.202335,91.272236
SPHINCS+-SHA2-128f-simple_run09,active,28.545178,5.395,0.59308,3.199664,91.312993
SPHINCS+-SHA2-128f-simple_run09,active,28.557917,5.3975,0.593258,3.202112,91.353785
SPHINCS+-SHA2-128f-simple_run09,active,28.570657,5.3975,0.593795,3.205007,91.394617
SPHINCS+-SHA2-128f-simple_run09,active,28.583395,5.39875,0.593795,3.20575,91.435454
SPHINCS+-SHA2-128f-simple_run09,active,28.596142,5.39625,0.594152,3.206195,91.476322
SPHINCS+-SHA2-128f-simple_run09,active,28.608898,5.39625,0.594152,3.206195,91.517219
SPHINCS+-SHA2-128f-simple_run09,active,28.621657,5.3975,0.593258,3.202112,91.558075
SPHINCS+-SHA2-128f-simple_run09,active,28.634399,5.3975,0.594868,3.210798,91.598986
SPHINCS+-SHA2-128f-simple_run09,active,28.647138,5.39625,0.593258,3.201371,91.639771
SPHINCS+-SHA2-128f-simple_run09,active,28.659881,5.3975,0.59308,3.201147,91.680562
SPHINCS+-SHA2-128f-simple_run09,active,28.672623,5.3975,0.592901,3.200182,91.721339
SPHINCS+-SHA2-128f-simple_run09,active,28.685361,5.39625,0.593795,3.204265,91.762155
SPHINCS+-SHA2-128f-simple_run09,active,28.698107,5.3975,0.593437,3.203077,91.802981
SPHINCS+-SHA2-128f-simple_run09,active,28.71085,5.3975,0.593795,3.205007,91.843824
SPHINCS+-SHA2-128f-simple_run09,active,28.72359,5.39375,0.593795,3.202781,91.884628
SPHINCS+-SHA2-128f-simple_run09,active,28.736329,5.3975,0.593795,3.205007,91.925453
SPHINCS+-SHA2-128f-simple_run09,active,28.749065,5.39625,0.593616,3.2033,91.966252
SPHINCS+-SHA2-128f-simple_run09,active,28.761829,5.39625,0.592364,3.196546,92.007052
SPHINCS+-SHA2-128f-simple_run09,active,28.774573,5.39875,0.593437,3.203819,92.047884
SPHINCS+-SHA2-128f-simple_run09,active,28.787312,5.3975,0.593795,3.205007,92.08871
SPHINCS+-SHA2-128f-simple_run09,active,28.80006,5.3975,0.592543,3.198252,92.129481
SPHINCS+-SHA2-128f-simple_run09,active,28.812802,5.4025,0.593258,3.205079,92.170321
SPHINCS+-SHA2-128f-simple_run09,active,28.825537,5.39625,0.593258,3.201371,92.21109
SPHINCS+-SHA2-128f-simple_run09,active,28.838275,5.395,0.592901,3.1987,92.251835
SPHINCS+-SHA2-128f-simple_run09,active,28.851016,5.395,0.593616,3.202558,92.292641
SPHINCS+-SHA2-128f-simple_run09,active,28.863751,5.39625,0.589861,3.183039,92.333175
SPHINCS+-SHA2-128f-simple_run09,active,28.876494,5.39625,0.594331,3.20716,92.374045
SPHINCS+-SHA2-128f-simple_run09,active,28.889266,5.3975,0.593795,3.205007,92.414978
SPHINCS+-SHA2-128f-simple_run09,active,28.902011,5.39625,0.588252,3.174355,92.455436
SPHINCS+-SHA2-128f-simple_run09,active,28.914752,5.39625,0.595583,3.213914,92.496385
SPHINCS+-SHA2-128f-simple_run09,active,28.927492,5.3975,0.593258,3.202112,92.537179
SPHINCS+-SHA2-128f-simple_run09,active,28.940232,5.39625,0.593437,3.202335,92.577977
SPHINCS+-SHA2-128f-simple_run09,active,28.952974,5.3975,0.595762,3.215623,92.61895
SPHINCS+-SHA2-128f-simple_run09,active,28.965725,5.39875,0.593437,3.203819,92.659802
SPHINCS+-SHA2-128f-simple_run09,active,28.978461,5.3975,0.592901,3.200182,92.70056
SPHINCS+-SHA2-128f-simple_run09,active,28.991198,5.3975,0.593795,3.205007,92.741381
SPHINCS+-SHA2-128f-simple_run09,active,29.003946,5.395,0.592901,3.1987,92.782159
SPHINCS+-SHA2-128f-simple_run09,active,29.016689,5.39875,0.593437,3.203819,92.822986
SPHINCS+-SHA2-128f-simple_run09,active,29.02943,5.39625,0.59308,3.200406,92.863763
SPHINCS+-SHA2-128f-simple_run09,active,29.042171,5.3975,0.593258,3.202112,92.904559
SPHINCS+-SHA2-128f-simple_run09,active,29.054909,5.3975,0.594689,3.209833,92.945448
SPHINCS+-SHA2-128f-simple_run09,active,29.067649,5.3975,0.593258,3.202112,92.98624
SPHINCS+-SHA2-128f-simple_run09,active,29.080391,5.39875,0.592364,3.198027,93.026991
SPHINCS+-SHA2-128f-simple_run09,active,29.093128,5.3975,0.592186,3.196322,93.067704
SPHINCS+-SHA2-128f-simple_run09,active,29.105873,5.39625,0.59308,3.200406,93.108493
SPHINCS+-SHA2-128f-simple_run09,active,29.118617,5.3975,0.597013,3.222379,93.149557
SPHINCS+-SHA2-128f-simple_run09,active,29.131356,5.39875,0.593795,3.20575,93.190396
SPHINCS+-SHA2-128f-simple_run09,active,29.144098,5.4,0.594152,3.208423,93.231279
SPHINCS+-SHA2-128f-simple_run09,active,29.156836,5.3975,0.593437,3.203077,93.272079
SPHINCS+-SHA2-128f-simple_run09,active,29.169574,5.39625,0.594152,3.206195,93.312919
SPHINCS+-SHA2-128f-simple_run09,active,29.182314,5.39125,0.592901,3.196476,93.35364
SPHINCS+-SHA2-128f-simple_run09,active,29.19505,5.395,0.595583,3.213169,93.394565
SPHINCS+-SHA2-128f-simple_run09,active,29.207793,5.39625,0.593258,3.201371,93.435361
SPHINCS+-SHA2-128f-simple_run09,active,29.220537,5.39625,0.592901,3.199441,93.476133
SPHINCS+-SHA2-128f-simple_run09,active,29.233273,5.4025,0.594331,3.210874,93.517026
SPHINCS+-SHA2-128f-simple_run09,active,29.24601,5.3975,0.593437,3.203077,93.557826
SPHINCS+-SHA2-128f-simple_run09,active,29.258748,5.39125,0.593258,3.198404,93.598567
SPHINCS+-SHA2-128f-simple_run09,active,29.271487,5.39875,0.594152,3.20768,93.639429
SPHINCS+-SHA2-128f-simple_run09,active,29.28423,5.39875,0.592543,3.198993,93.680193
SPHINCS+-SHA2-128f-simple_run09,active,29.296966,5.3975,0.593258,3.202112,93.720976
SPHINCS+-SHA2-128f-simple_run09,active,29.30971,5.3975,0.593258,3.202112,93.761783
SPHINCS+-SHA2-128f-simple_run09,active,29.322452,5.3975,0.590755,3.188601,93.802411
SPHINCS+-SHA2-128f-simple_run09,active,29.335194,5.3975,0.592722,3.199217,93.843176
SPHINCS+-SHA2-128f-simple_run09,active,29.347968,5.395,0.593616,3.202558,93.884085
SPHINCS+-SHA2-128f-simple_run09,active,29.360709,5.39625,0.593437,3.202335,93.924886
SPHINCS+-SHA2-128f-simple_run09,active,29.376323,5.39875,0.59451,3.209611,93.975003
SPHINCS+-SHA2-128f-simple_run09,active,29.389082,5.3975,0.594689,3.209833,94.015956
SPHINCS+-SHA2-128f-simple_run09,active,29.401823,5.3975,0.592901,3.200182,94.056729
SPHINCS+-SHA2-128f-simple_run09,active,29.414566,5.39625,0.594689,3.209089,94.097625
SPHINCS+-SHA2-128f-simple_run09,active,29.427309,5.3975,0.593258,3.202112,94.138428
SPHINCS+-SHA2-128f-simple_run09,active,29.440052,5.39625,0.593437,3.202335,94.179237
SPHINCS+-SHA2-128f-simple_run09,active,29.452789,5.4,0.592901,3.201664,94.220015
SPHINCS+-SHA2-128f-simple_run09,active,29.465527,5.39625,0.593258,3.201371,94.260795
SPHINCS+-SHA2-128f-simple_run09,active,29.478265,5.39375,0.593437,3.200852,94.301566
SPHINCS+-SHA2-128f-simple_run09,active,29.491004,5.39625,0.597728,3.225492,94.342655
SPHINCS+-SHA2-128f-simple_run09,active,29.503743,5.395,0.592901,3.1987,94.383405
SPHINCS+-SHA2-128f-simple_run09,active,29.516491,5.3975,0.593437,3.203077,94.424236
SPHINCS+-SHA2-128f-simple_run09,active,29.529267,5.39875,0.593258,3.202854,94.465157
SPHINCS+-SHA2-128f-simple_run09,active,29.542008,5.40125,0.593437,3.205303,94.505995
SPHINCS+-SHA2-128f-simple_run09,active,29.554747,5.395,0.59308,3.199664,94.546757
SPHINCS+-SHA2-128f-simple_run09,active,29.56749,5.39625,0.59308,3.200406,94.587538
SPHINCS+-SHA2-128f-simple_run09,active,29.58023,5.3975,0.593437,3.203077,94.628346
SPHINCS+-SHA2-128f-simple_run09,active,29.592971,5.39875,0.598265,3.229882,94.669497
SPHINCS+-SHA2-128f-simple_run09,active,29.605705,5.39875,0.593795,3.20575,94.71032
SPHINCS+-SHA2-128f-simple_run09,active,29.618451,5.3975,0.593258,3.202112,94.751135
SPHINCS+-SHA2-128f-simple_run09,active,29.631193,5.39625,0.596834,3.220668,94.792173
SPHINCS+-SHA2-128f-simple_run09,active,29.643935,5.3975,0.593437,3.203077,94.832987
SPHINCS+-SHA2-128f-simple_run09,active,29.656676,5.3975,0.593795,3.205007,94.873819
SPHINCS+-SHA2-128f-simple_run09,active,29.669413,5.3975,0.59308,3.201147,94.914594
SPHINCS+-SHA2-128f-simple_run09,active,29.682151,5.3975,0.594331,3.207903,94.955456
SPHINCS+-SHA2-128f-simple_run09,active,29.694894,5.3975,0.598622,3.231064,94.996628
SPHINCS+-SHA2-128f-simple_run09,active,29.707641,5.39625,0.59308,3.200406,95.037425
SPHINCS+-SHA2-128f-simple_run09,active,29.72039,5.39625,0.593616,3.2033,95.078265
SPHINCS+-SHA2-128f-simple_run09,active,29.733133,5.3975,0.595046,3.211763,95.11919
SPHINCS+-SHA2-128f-simple_run09,active,29.745872,5.395,0.593258,3.200629,95.159965
SPHINCS+-SHA2-128f-simple_run09,active,29.758611,5.39875,0.593258,3.202854,95.200764
SPHINCS+-SHA2-128f-simple_run09,active,29.771349,5.3975,0.593616,3.204042,95.241579
SPHINCS+-SHA2-128f-simple_run09,active,29.78409,5.39625,0.591649,3.192687,95.282256
SPHINCS+-SHA2-128f-simple_run09,active,29.796829,5.3975,0.594689,3.209833,95.323144
SPHINCS+-SHA2-128f-simple_run09,active,29.809565,5.39625,0.593258,3.201371,95.363918
SPHINCS+-SHA2-128f-simple_run09,active,29.82231,5.39625,0.59308,3.200406,95.404706
SPHINCS+-SHA2-128f-simple_run09,active,29.835052,5.39875,0.595583,3.215403,95.445678
SPHINCS+-SHA2-128f-simple_run09,active,29.847792,5.3975,0.593795,3.205007,95.486509
SPHINCS+-SHA2-128f-simple_run09,active,29.860532,5.39875,0.593437,3.203819,95.527328
SPHINCS+-SHA2-128f-simple_run09,active,29.873269,5.39875,0.597728,3.226986,95.56843
SPHINCS+-SHA2-128f-simple_run09,active,29.886008,5.39625,0.592901,3.199441,95.609187
SPHINCS+-SHA2-128f-simple_run09,active,29.898747,5.39625,0.597013,3.221632,95.650228
SPHINCS+-SHA2-128f-simple_run09,active,29.911486,5.39625,0.593795,3.204265,95.691045
SPHINCS+-SHA2-128f-simple_run09,active,29.924233,5.3975,0.593437,3.203077,95.731875
SPHINCS+-SHA2-128f-simple_run09,active,29.936973,5.39625,0.593616,3.2033,95.772687
SPHINCS+-SHA2-128f-simple_run09,active,29.949713,5.3975,0.593437,3.203077,95.813493
SPHINCS+-SHA2-128f-simple_run09,active,29.962467,5.4025,0.592543,3.201215,95.85432
SPHINCS+-SHA2-128f-simple_run09,active,29.975206,5.39625,0.595225,3.211984,95.89524
SPHINCS+-SHA2-128f-simple_run09,active,29.987947,5.3975,0.59308,3.201147,95.936025
SPHINCS+-SHA2-128f-simple_run09,active,30.000685,5.39625,0.598265,3.228386,95.977147
SPHINCS+-SHA2-128f-simple_run09,active,30.013437,5.39375,0.593616,3.201816,96.017977
SPHINCS+-SHA2-128f-simple_run09,active,30.026219,5.39625,0.592901,3.199441,96.058872
SPHINCS+-SHA2-128f-simple_run09,active,30.038968,5.3975,0.593258,3.202112,96.099698
SPHINCS+-SHA2-128f-simple_run09,active,30.051718,5.39375,0.593258,3.199887,96.140494
SPHINCS+-SHA2-128f-simple_run09,active,30.064464,5.39625,0.593258,3.201371,96.181298
SPHINCS+-SHA2-128f-simple_run09,active,30.077258,5.395,0.593258,3.200629,96.222249
SPHINCS+-SHA2-128f-simple_run09,active,30.090002,5.3975,0.593258,3.202112,96.263056
SPHINCS+-SHA2-128f-simple_run09,active,30.102745,5.39875,0.59147,3.193201,96.303746
SPHINCS+-SHA2-128f-simple_run09,active,30.115486,5.3975,0.593437,3.203077,96.344558
SPHINCS+-SHA2-128f-simple_run09,active,30.128236,5.3975,0.593974,3.205973,96.385432
SPHINCS+-SHA2-128f-simple_run09,active,30.140981,5.39625,0.59308,3.200406,96.426223
SPHINCS+-SHA2-128f-simple_run09,active,30.15372,5.39625,0.593616,3.2033,96.46703
SPHINCS+-SHA2-128f-simple_run09,active,30.16646,5.3975,0.594331,3.207903,96.507898
SPHINCS+-SHA2-128f-simple_run09,active,30.1792,5.3975,0.593258,3.202112,96.548694
SPHINCS+-SHA2-128f-simple_run09,active,30.191942,5.4,0.594152,3.208423,96.589576
SPHINCS+-SHA2-128f-simple_run09,active,30.204685,5.39625,0.597907,3.226457,96.630689
SPHINCS+-SHA2-128f-simple_run09,active,30.217423,5.395,0.593258,3.200629,96.671459
SPHINCS+-SHA2-128f-simple_run09,active,30.230169,5.39625,0.593258,3.201371,96.712263
SPHINCS+-SHA2-128f-simple_run09,active,30.242913,5.39625,0.594689,3.209089,96.753159
SPHINCS+-SHA2-128f-simple_run09,active,30.255654,5.3975,0.592364,3.197287,96.793896
SPHINCS+-SHA2-128f-simple_run09,active,30.268396,5.3975,0.59308,3.201147,96.834688
SPHINCS+-SHA2-128f-simple_run09,active,30.281136,5.3975,0.592543,3.198252,96.875431
SPHINCS+-SHA2-128f-simple_run09,active,30.293876,5.3975,0.590934,3.189566,96.916066
SPHINCS+-SHA2-128f-simple_run09,active,30.306614,5.39625,0.593258,3.201371,96.956847
SPHINCS+-SHA2-128f-simple_run09,active,30.319354,5.3975,0.59308,3.201147,96.99763
SPHINCS+-SHA2-128f-simple_run09,active,30.332106,5.3975,0.592364,3.197287,97.038402
SPHINCS+-SHA2-128f-simple_run09,active,30.34485,5.3975,0.593258,3.202112,97.079208
SPHINCS+-SHA2-128f-simple_run09,active,30.357592,5.3975,0.593437,3.203077,97.120021
SPHINCS+-SHA2-128f-simple_run09,active,30.37035,5.39125,0.593616,3.200332,97.160852
SPHINCS+-SHA2-128f-simple_run09,active,30.383129,5.39625,0.590934,3.188828,97.201601
SPHINCS+-SHA2-128f-simple_run09,active,30.395874,5.39375,0.595225,3.210496,97.242519
SPHINCS+-SHA2-128f-simple_run09,active,30.408619,5.39625,0.593437,3.202335,97.283335
SPHINCS+-SHA2-128f-simple_run09,active,30.421361,5.3975,0.594152,3.206938,97.324197
SPHINCS+-SHA2-128f-simple_run09,active,30.43411,5.4,0.595762,3.217113,97.36521
SPHINCS+-SHA2-128f-simple_run09,active,30.446855,5.39625,0.593437,3.202335,97.406025
SPHINCS+-SHA2-128f-simple_run09,active,30.459595,5.3975,0.594152,3.206938,97.44688
SPHINCS+-SHA2-128f-simple_run09,active,30.472338,5.39375,0.59451,3.206638,97.487744
SPHINCS+-SHA2-128f-simple_run09,active,30.485077,5.39625,0.593437,3.202335,97.528538
SPHINCS+-SHA2-128f-simple_run09,active,30.497845,5.39875,0.593616,3.204784,97.569455
SPHINCS+-SHA2-128f-simple_run09,active,30.510587,5.39875,0.594331,3.208646,97.610343
SPHINCS+-SHA2-128f-simple_run09,active,30.523328,5.3975,0.594868,3.210798,97.651249
SPHINCS+-SHA2-128f-simple_run09,active,30.53608,5.39375,0.592901,3.197959,97.69203
SPHINCS+-SHA2-128f-simple_run09,active,30.548836,5.3975,0.593795,3.205007,97.732914
SPHINCS+-SHA2-128f-simple_run09,active,30.561597,5.3975,0.593258,3.202112,97.773776
SPHINCS+-SHA2-128f-simple_run09,active,30.574338,5.39625,0.592543,3.197511,97.814514
SPHINCS+-SHA2-128f-simple_run09,active,30.587076,5.3975,0.593258,3.202112,97.855305
SPHINCS+-SHA2-128f-simple_run09,active,30.599814,5.3975,0.59308,3.201147,97.89608
SPHINCS+-SHA2-128f-simple_run09,active,30.612553,5.39875,0.595762,3.216368,97.937052
SPHINCS+-SHA2-128f-simple_run09,active,30.62529,5.3975,0.593795,3.205007,97.977874
SPHINCS+-SHA2-128f-simple_run09,active,30.638035,5.3975,0.59308,3.201147,98.018673
SPHINCS+-SHA2-128f-simple_run09,active,30.653709,5.4025,0.597371,3.227296,98.06926
SPHINCS+-SHA2-128f-simple_run09,active,30.666466,5.39625,0.594152,3.206195,98.110161
SPHINCS+-SHA2-128f-simple_run09,active,30.679208,5.39625,0.592901,3.199441,98.150928
SPHINCS+-SHA2-128f-simple_run09,active,30.691951,5.39375,0.593437,3.200852,98.191717
SPHINCS+-SHA2-128f-simple_run09,active,30.704689,5.39625,0.593437,3.202335,98.232506
SPHINCS+-SHA2-128f-simple_run09,active,30.717427,5.3975,0.593258,3.202112,98.273296
SPHINCS+-SHA2-128f-simple_run09,active,30.730165,5.39875,0.593795,3.20575,98.314131
SPHINCS+-SHA2-128f-simple_run09,active,30.74291,5.39375,0.59308,3.198923,98.3549
SPHINCS+-SHA2-128f-simple_run09,active,30.755653,5.3875,0.593795,3.199069,98.395666
SPHINCS+-SHA2-128f-simple_run09,active,30.768399,5.39625,0.591113,3.189792,98.436324
SPHINCS+-SHA2-128f-simple_run09,active,30.781135,5.39375,0.590934,3.18735,98.476917
SPHINCS+-SHA2-128f-simple_run09,active,30.793875,5.395,0.590755,3.187124,98.517521
SPHINCS+-SHA2-128f-simple_run09,active,30.80661,5.39625,0.59308,3.200406,98.558279
SPHINCS+-SHA2-128f-simple_run09,active,30.819347,5.3975,0.593437,3.203077,98.599077
SPHINCS+-SHA2-128f-simple_run09,active,30.832086,5.4025,0.593795,3.207976,98.639944
SPHINCS+-SHA2-128f-simple_run09,active,30.844829,5.39625,0.592722,3.198476,98.680702
SPHINCS+-SHA2-128f-simple_run09,active,30.857568,5.3975,0.593437,3.203077,98.721506
SPHINCS+-SHA2-128f-simple_run09,active,30.870316,5.3975,0.593437,3.203077,98.762339
SPHINCS+-SHA2-128f-simple_run09,active,30.883073,5.4025,0.597192,3.22633,98.803497
SPHINCS+-SHA2-128f-simple_run09,active,30.895813,5.3975,0.593437,3.203077,98.844305
SPHINCS+-SHA2-128f-simple_run09,active,30.908554,5.3975,0.594331,3.207903,98.885175
SPHINCS+-SHA2-128f-simple_run09,active,30.921292,5.39625,0.597907,3.226457,98.926273
SPHINCS+-SHA2-128f-simple_run09,active,30.934029,5.39625,0.593258,3.201371,98.967051
SPHINCS+-SHA2-128f-simple_run09,active,30.946776,5.39625,0.593258,3.201371,99.007859
SPHINCS+-SHA2-128f-simple_run09,active,30.959539,5.39875,0.593258,3.202854,99.048736
SPHINCS+-SHA2-128f-simple_run09,active,30.972285,5.39875,0.595404,3.214437,99.089707
SPHINCS+-SHA2-128f-simple_run09,active,30.985023,5.3975,0.59308,3.201147,99.130485
SPHINCS+-SHA2-128f-simple_run09,active,30.997763,5.39625,0.593258,3.201371,99.171268
SPHINCS+-SHA2-128f-simple_run09,active,31.010505,5.39625,0.592722,3.198476,99.212024
SPHINCS+-SHA2-128f-simple_run09,active,31.023245,5.39625,0.596119,3.216808,99.253006
SPHINCS+-SHA2-128f-simple_run09,active,31.035986,5.39875,0.593437,3.203819,99.293824
SPHINCS+-SHA2-128f-simple_run09,active,31.04873,5.3975,0.592901,3.200182,99.334608
SPHINCS+-SHA2-128f-simple_run09,active,31.061472,5.3975,0.594689,3.209833,99.375508
SPHINCS+-SHA2-128f-simple_run09,active,31.074216,5.3975,0.595583,3.214658,99.416476
SPHINCS+-SHA2-128f-simple_run09,active,31.086956,5.39625,0.59308,3.200406,99.457249
SPHINCS+-SHA2-128f-simple_run09,active,31.099695,5.3975,0.595762,3.215623,99.498213
SPHINCS+-SHA2-128f-simple_run09,active,31.112436,5.39875,0.590576,3.188374,99.538836
SPHINCS+-SHA2-128f-simple_run09,active,31.125175,5.3975,0.59898,3.232995,99.580021
SPHINCS+-SHA2-128f-simple_run09,active,31.137914,5.3975,0.592543,3.198252,99.620764
SPHINCS+-SHA2-128f-simple_run09,active,31.15066,5.39875,0.595225,3.213472,99.661723
SPHINCS+-SHA2-128f-simple_run09,active,31.163404,5.39875,0.594868,3.211541,99.70265
SPHINCS+-SHA2-128f-simple_run09,active,31.176146,5.3975,0.59594,3.216588,99.743637
SPHINCS+-SHA2-128f-simple_run09,active,31.188886,5.39625,0.594152,3.206195,99.784483
SPHINCS+-SHA2-128f-simple_run09,active,31.201624,5.3925,0.595046,3.208788,99.825356
SPHINCS+-SHA2-128f-simple_run09,active,31.214361,5.39875,0.595046,3.212507,99.866273
SPHINCS+-SHA2-128f-simple_run09,active,31.227098,5.3975,0.597013,3.222379,99.907318
SPHINCS+-SHA2-128f-simple_run09,active,31.239836,5.3975,0.593795,3.205007,99.948144
SPHINCS+-SHA2-128f-simple_run09,active,31.252582,5.3975,0.592543,3.198252,99.98891
SPHINCS+-SHA2-128f-simple_run09,active,31.265323,5.39875,0.593616,3.204784,100.029742
SPHINCS+-SHA2-128f-simple_run09,active,31.278063,5.3975,0.593795,3.205007,100.070571
SPHINCS+-SHA2-128f-simple_run09,active,31.2908,5.3975,0.594152,3.206938,100.11142
SPHINCS+-SHA2-128f-simple_run09,active,31.303538,5.395,0.593974,3.204488,100.152237
SPHINCS+-SHA2-128f-simple_run09,active,31.316276,5.39875,0.593795,3.20575,100.193073
SPHINCS+-SHA2-128f-simple_run09,active,31.329021,5.3975,0.594152,3.206938,100.233944
SPHINCS+-SHA2-128f-simple_run09,active,31.341756,5.39625,0.593437,3.202335,100.274728
SPHINCS+-SHA2-128f-simple_run09,active,31.354504,5.39625,0.593437,3.202335,100.315549
SPHINCS+-SHA2-128f-simple_run09,active,31.367246,5.3975,0.598622,3.231064,100.356719
SPHINCS+-SHA2-128f-simple_run09,active,31.379998,5.39625,0.594152,3.206195,100.397605
SPHINCS+-SHA2-128f-simple_run09,active,31.392756,5.38625,0.592364,3.190623,100.438313
SPHINCS+-SHA2-128f-simple_run09,active,31.4055,5.38375,0.593437,3.194918,100.479028
SPHINCS+-SHA2-128f-simple_run09,active,31.418243,5.385,0.593437,3.195659,100.519749
SPHINCS+-SHA2-128f-simple_run09,active,31.430984,5.3825,0.599516,3.226897,100.560862
SPHINCS+-SHA2-128f-simple_run09,active,31.443724,5.3825,0.596119,3.208612,100.601743
SPHINCS+-SHA2-128f-simple_run09,active,31.456475,5.38375,0.595225,3.204544,100.642602
SPHINCS+-SHA2-128f-simple_run09,active,31.469257,5.38375,0.594152,3.198768,100.683491
SPHINCS+-SHA2-128f-simple_run09,active,31.482002,5.3825,0.596477,3.210536,100.724408
SPHINCS+-SHA2-128f-simple_run09,active,31.494743,5.395,0.593616,3.202558,100.765211
SPHINCS+-SHA2-128f-simple_run09,active,31.507494,5.395,0.59308,3.199664,100.806011
SPHINCS+-SHA2-128f-simple_run09,active,31.520237,5.395,0.593437,3.201594,100.846807
SPHINCS+-SHA2-128f-simple_run09,active,31.532982,5.39625,0.598801,3.231281,100.887989
SPHINCS+-SHA2-128f-simple_run09,active,31.545722,5.39875,0.592543,3.198993,100.928746
SPHINCS+-SHA2-128f-simple_run09,active,31.558472,5.39625,0.593437,3.202335,100.969577
SPHINCS+-SHA2-128f-simple_run09,active,31.571218,5.39875,0.593795,3.20575,101.010437
SPHINCS+-SHA2-128f-simple_run09,active,31.583961,5.3975,0.593437,3.203077,101.051254
SPHINCS+-SHA2-128f-simple_run09,active,31.596704,5.395,0.593258,3.200629,101.092039
SPHINCS+-SHA2-128f-simple_run09,active,31.609445,5.3975,0.59308,3.201147,101.132823
SPHINCS+-SHA2-128f-simple_run09,active,31.622186,5.395,0.596477,3.217992,101.173823
SPHINCS+-SHA2-128f-simple_run09,active,31.634926,5.3975,0.599695,3.236855,101.215064
SPHINCS+-SHA2-128f-simple_run09,active,31.647667,5.3975,0.593437,3.203077,101.255873
SPHINCS+-SHA2-128f-simple_run09,active,31.660416,5.3975,0.593258,3.202112,101.296696
SPHINCS+-SHA2-128f-simple_run09,active,31.67316,5.39375,0.59594,3.214354,101.337659
SPHINCS+-SHA2-128f-simple_run09,active,31.685901,5.39625,0.593616,3.2033,101.378474
SPHINCS+-SHA2-128f-simple_run09,active,31.698643,5.39625,0.593616,3.2033,101.419289
SPHINCS+-SHA2-128f-simple_run09,active,31.711382,5.39875,0.593437,3.203819,101.460105
SPHINCS+-SHA2-128f-simple_run09,active,31.724125,5.39875,0.594152,3.20768,101.500979
SPHINCS+-SHA2-128f-simple_run09,active,31.736864,5.39625,0.595583,3.213914,101.541922
SPHINCS+-SHA2-128f-simple_run09,active,31.749604,5.3975,0.593258,3.202112,101.582717
SPHINCS+-SHA2-128f-simple_run09,active,31.762351,5.39625,0.59451,3.208125,101.62361
SPHINCS+-SHA2-128f-simple_run09,active,31.775096,5.3975,0.595046,3.211763,101.664544
SPHINCS+-SHA2-128f-simple_run09,active,31.787835,5.39625,0.593616,3.2033,101.705352
SPHINCS+-SHA2-128f-simple_run09,active,31.800576,5.39625,0.592901,3.199441,101.746115
SPHINCS+-SHA2-128f-simple_run09,active,31.813317,5.39375,0.593616,3.201816,101.786908
SPHINCS+-SHA2-128f-simple_run09,active,31.826057,5.39875,0.593258,3.202854,101.827712
SPHINCS+-SHA2-128f-simple_run09,active,31.838799,5.39875,0.597192,3.22409,101.868795
SPHINCS+-SHA2-128f-simple_run09,active,31.851539,5.39875,0.594331,3.208646,101.909673
SPHINCS+-SHA2-128f-simple_run09,active,31.864287,5.39625,0.594152,3.206195,101.950544
SPHINCS+-SHA2-128f-simple_run09,active,31.87703,5.3975,0.592543,3.198252,101.9913
SPHINCS+-SHA2-128f-simple_run09,active,31.88977,5.3975,0.593616,3.204042,102.032122
SPHINCS+-SHA2-128f-simple_run09,active,31.902561,5.40375,0.593437,3.206786,102.073137
SPHINCS+-SHA2-128f-simple_run09,active,31.915301,5.39625,0.593616,3.2033,102.113948
SPHINCS+-SHA2-128f-simple_run09,active,31.930912,5.3975,0.594152,3.206938,102.16401
SPHINCS+-SHA2-128f-simple_run09,active,31.943668,5.39625,0.593258,3.201371,102.20485
SPHINCS+-SHA2-128f-simple_run09,active,31.956418,5.39875,0.596477,3.220229,102.245906
SPHINCS+-SHA2-128f-simple_run09,active,31.969178,5.39625,0.594152,3.206195,102.286819
SPHINCS+-SHA2-128f-simple_run09,active,31.981924,5.3975,0.595225,3.212728,102.327767
SPHINCS+-SHA2-128f-simple_run09,active,31.994667,5.4,0.595046,3.213251,102.368713
SPHINCS+-SHA2-128f-simple_run09,active,32.007413,5.39875,0.593437,3.203819,102.409549
SPHINCS+-SHA2-128f-simple_run09,active,32.020157,5.3975,0.592901,3.200182,102.450332
SPHINCS+-SHA2-128f-simple_run09,active,32.032896,5.39875,0.593258,3.202854,102.491134
SPHINCS+-SHA2-128f-simple_run09,active,32.045637,5.4,0.593258,3.203595,102.53195
SPHINCS+-SHA2-128f-simple_run09,active,32.058377,5.3975,0.594152,3.206938,102.572806
SPHINCS+-SHA2-128f-simple_run09,active,32.071124,5.39625,0.598622,3.230316,102.613985
SPHINCS+-SHA2-128f-simple_run09,active,32.083869,5.40375,0.593437,3.206786,102.654854
SPHINCS+-SHA2-128f-simple_run09,active,32.096611,5.39625,0.593437,3.202335,102.69566
SPHINCS+-SHA2-128f-simple_run09,active,32.109352,5.3975,0.594152,3.206938,102.736518
SPHINCS+-SHA2-128f-simple_run09,active,32.122093,5.39875,0.595046,3.212507,102.777447
SPHINCS+-SHA2-128f-simple_run09,active,32.134832,5.395,0.59308,3.199664,102.818211
SPHINCS+-SHA2-128f-simple_run09,active,32.147574,5.39625,0.593437,3.202335,102.859015
SPHINCS+-SHA2-128f-simple_run09,active,32.160316,5.39625,0.593616,3.2033,102.899831
SPHINCS+-SHA2-128f-simple_run09,active,32.173062,5.39625,0.592364,3.196546,102.940573
SPHINCS+-SHA2-128f-simple_run09,active,32.185842,5.39625,0.593616,3.2033,102.981511
SPHINCS+-SHA2-128f-simple_run09,active,32.198588,5.39125,0.594152,3.203224,103.02234
SPHINCS+-SHA2-128f-simple_run09,active,32.211329,5.39625,0.593795,3.204265,103.063165
SPHINCS+-SHA2-128f-simple_run09,active,32.224072,5.39875,0.59451,3.209611,103.104066
SPHINCS+-SHA2-128f-simple_run09,active,32.236812,5.3975,0.59308,3.201147,103.144849
SPHINCS+-SHA2-128f-simple_run09,active,32.249554,5.3975,0.593616,3.204042,103.185673
SPHINCS+-SHA2-128f-simple_run09,active,32.262295,5.3975,0.592186,3.196322,103.226398
SPHINCS+-SHA2-128f-simple_run09,active,32.275042,5.39875,0.593795,3.20575,103.267262
SPHINCS+-SHA2-128f-simple_run09,active,32.287792,5.39625,0.593258,3.201371,103.30808
SPHINCS+-SHA2-128f-simple_run09,active,32.300537,5.39875,0.593795,3.20575,103.348935
SPHINCS+-SHA2-128f-simple_run09,active,32.313275,5.39625,0.594331,3.20716,103.38979
SPHINCS+-SHA2-128f-simple_run09,active,32.326017,5.39625,0.593258,3.201371,103.430581
SPHINCS+-SHA2-128f-simple_run09,active,32.338761,5.39625,0.593437,3.202335,103.471392
SPHINCS+-SHA2-128f-simple_run09,active,32.351503,5.3975,0.648329,3.499355,103.515979
SPHINCS+-SHA2-128f-simple_run09,active,32.364246,5.3975,0.59308,3.201147,103.556773
SPHINCS+-SHA2-128f-simple_run09,active,32.376993,5.3975,0.593437,3.203077,103.597602
SPHINCS+-SHA2-128f-simple_run09,active,32.389738,5.395,0.592901,3.1987,103.638369
SPHINCS+-SHA2-128f-simple_run09,active,32.40248,5.40125,0.593974,3.2082,103.679249
SPHINCS+-SHA2-128f-simple_run09,active,32.415222,5.38375,0.595225,3.204544,103.720079
SPHINCS+-SHA2-128f-simple_run09,active,32.427964,5.39125,0.592186,3.192621,103.760762
SPHINCS+-SHA2-128f-simple_run09,active,32.440703,5.3975,0.592364,3.197287,103.801491
SPHINCS+-SHA2-128f-simple_run09,active,32.453444,5.4,0.594152,3.208423,103.84237
SPHINCS+-SHA2-128f-simple_run09,active,32.466185,5.39875,0.592186,3.197062,103.883103
SPHINCS+-SHA2-128f-simple_run09,active,32.47893,5.3975,0.592901,3.200182,103.923891
SPHINCS+-SHA2-128f-simple_run09,active,32.491676,5.39625,0.59308,3.200406,103.964682
SPHINCS+-SHA2-128f-simple_run09,active,32.504419,5.395,0.59308,3.199664,104.005454
SPHINCS+-SHA2-128f-simple_run09,active,32.517163,5.39625,0.593616,3.2033,104.046278
SPHINCS+-SHA2-128f-simple_run09,active,32.529904,5.3975,0.593616,3.204042,104.087101
SPHINCS+-SHA2-128f-simple_run09,active,32.542638,5.39,0.593258,3.197663,104.127822
SPHINCS+-SHA2-128f-simple_run09,active,32.555386,5.39625,0.596834,3.220668,104.168879
SPHINCS+-SHA2-128f-simple_run09,active,32.568132,5.3975,0.59308,3.201147,104.20968
SPHINCS+-SHA2-128f-simple_run09,active,32.580879,5.3975,0.593258,3.202112,104.250497
SPHINCS+-SHA2-128f-simple_run09,active,32.593625,5.39625,0.593437,3.202335,104.291312
SPHINCS+-SHA2-128f-simple_run09,active,32.606369,5.39875,0.59308,3.201888,104.332117
SPHINCS+-SHA2-128f-simple_run09,active,32.61911,5.39625,0.593437,3.202335,104.37292
SPHINCS+-SHA2-128f-simple_run09,active,32.631851,5.39625,0.59308,3.200406,104.413696
SPHINCS+-SHA2-128f-simple_run09,active,32.644594,5.3975,0.593258,3.202112,104.4545
SPHINCS+-SHA2-128f-simple_run09,active,32.657335,5.39625,0.593616,3.2033,104.495312
SPHINCS+-SHA2-128f-simple_run09,active,32.670076,5.39625,0.593795,3.204265,104.536138
SPHINCS+-SHA2-128f-simple_run09,active,32.682822,5.4025,0.59004,3.187691,104.576768
SPHINCS+-SHA2-128f-simple_run09,active,32.695566,5.39625,0.593795,3.204265,104.617605
SPHINCS+-SHA2-128f-simple_run09,active,32.708308,5.39625,0.592901,3.199441,104.658372
SPHINCS+-SHA2-128f-simple_run09,active,32.721047,5.3975,0.593616,3.204042,104.699188
SPHINCS+-SHA2-128f-simple_run09,active,32.733788,5.39625,0.595583,3.213914,104.740136
SPHINCS+-SHA2-128f-simple_run09,active,32.746569,5.3975,0.593795,3.205007,104.7811
SPHINCS+-SHA2-128f-simple_run09,active,32.759313,5.3975,0.593795,3.205007,104.821945
SPHINCS+-SHA2-128f-simple_run09,active,32.772057,5.39625,0.598265,3.228386,104.863087
SPHINCS+-SHA2-128f-simple_run09,active,32.784804,5.39625,0.59308,3.200406,104.903883
SPHINCS+-SHA2-128f-simple_run09,active,32.79755,5.39625,0.593258,3.201371,104.944686
SPHINCS+-SHA2-128f-simple_run09,active,32.81029,5.39625,0.593616,3.2033,104.985496
SPHINCS+-SHA2-128f-simple_run09,active,32.823028,5.39625,0.598444,3.229351,105.026631
SPHINCS+-SHA2-128f-simple_run09,active,32.835769,5.39625,0.593795,3.204265,105.067457
SPHINCS+-SHA2-128f-simple_run09,active,32.848512,5.39625,0.593258,3.201371,105.108253
SPHINCS+-SHA2-128f-simple_run09,active,32.861252,5.39625,0.59451,3.208125,105.149125
SPHINCS+-SHA2-128f-simple_run09,active,32.873994,5.395,0.595046,3.210275,105.190029
SPHINCS+-SHA2-128f-simple_run09,active,32.886741,5.4,0.593616,3.205526,105.23089
SPHINCS+-SHA2-128f-simple_run09,active,32.899484,5.39625,0.593258,3.201371,105.271686
SPHINCS+-SHA2-128f-simple_run09,active,32.912229,5.3925,0.587,3.1654,105.312028
SPHINCS+-SHA2-128f-simple_run09,active,32.924969,5.38375,0.593258,3.193955,105.352721
SPHINCS+-SHA2-128f-simple_run09,active,32.937711,5.3975,0.593258,3.202112,105.39352
SPHINCS+-SHA2-128f-simple_run09,active,32.950453,5.3975,0.592543,3.198252,105.434272
SPHINCS+-SHA2-128f-simple_run09,active,32.963205,5.39375,0.593974,3.203745,105.475127
SPHINCS+-SHA2-128f-simple_run09,active,32.975949,5.3975,0.595225,3.212728,105.516071
SPHINCS+-SHA2-128f-simple_run09,active,32.988699,5.3975,0.593437,3.203077,105.556908
SPHINCS+-SHA2-128f-simple_run09,active,33.001444,5.395,0.593795,3.203523,105.597739
SPHINCS+-SHA2-128f-simple_run09,active,33.014185,5.3925,0.594152,3.203967,105.63856
SPHINCS+-SHA2-128f-simple_run09,active,33.026925,5.38125,0.593437,3.193434,105.679244
SPHINCS+-SHA2-128f-simple_run09,active,33.039665,5.39875,0.593258,3.202854,105.72005
SPHINCS+-SHA2-128f-simple_run09,active,33.052408,5.3975,0.59451,3.208868,105.760941
SPHINCS+-SHA2-128f-simple_run09,active,33.065147,5.3975,0.593437,3.203077,105.801743
SPHINCS+-SHA2-128f-simple_run09,active,33.077886,5.3975,0.59308,3.201147,105.842522
SPHINCS+-SHA2-128f-simple_run09,active,33.090633,5.3975,0.593258,3.202112,105.883341
SPHINCS+-SHA2-128f-simple_run09,active,33.103377,5.39875,0.592543,3.198993,105.924107
SPHINCS+-SHA2-128f-simple_run09,active,33.116122,5.39625,0.592901,3.199441,105.964886
SPHINCS+-SHA2-128f-simple_run09,active,33.128866,5.3825,0.593258,3.193213,106.005578
SPHINCS+-SHA2-128f-simple_run09,active,33.141604,5.39875,0.593258,3.202854,106.046376
SPHINCS+-SHA2-128f-simple_run09,active,33.154343,5.39625,0.593258,3.201371,106.087158
SPHINCS+-SHA2-128f-simple_run09,active,33.167082,5.3975,0.594689,3.209833,106.12805
SPHINCS+-SHA2-128f-simple_run09,active,33.179821,5.39625,0.593258,3.201371,106.168832
SPHINCS+-SHA2-128f-simple_run09,active,33.192569,5.395,0.592722,3.197735,106.209598
SPHINCS+-SHA2-128f-simple_run09,active,33.208265,5.39125,0.592901,3.196476,106.259769
SPHINCS+-SHA2-128f-simple_run09,active,33.221048,5.39625,0.595046,3.211019,106.300815
SPHINCS+-SHA2-128f-simple_run09,active,33.233792,5.39625,0.593258,3.201371,106.341614
SPHINCS+-SHA2-128f-simple_run09,active,33.246557,5.39875,0.593258,3.202854,106.382499
SPHINCS+-SHA2-128f-simple_run09,active,33.259298,5.3975,0.594331,3.207903,106.42337
SPHINCS+-SHA2-128f-simple_run09,active,33.272042,5.39625,0.592543,3.197511,106.464118
SPHINCS+-SHA2-128f-simple_run09,active,33.284779,5.39625,0.593437,3.202335,106.504907
SPHINCS+-SHA2-128f-simple_run09,active,33.297526,5.39625,0.59308,3.200406,106.545703
SPHINCS+-SHA2-128f-simple_run09,active,33.31027,5.39625,0.592543,3.197511,106.586452
SPHINCS+-SHA2-128f-simple_run09,active,33.323012,5.39625,0.593258,3.201371,106.627243
SPHINCS+-SHA2-128f-simple_run09,active,33.335753,5.39625,0.593795,3.204265,106.66807
SPHINCS+-SHA2-128f-simple_run09,active,33.348496,5.395,0.592901,3.1987,106.708829
SPHINCS+-SHA2-128f-simple_run09,active,33.36127,5.39125,0.593795,3.201296,106.749725
SPHINCS+-SHA2-128f-simple_run09,active,33.37401,5.39625,0.59308,3.200406,106.790497
SPHINCS+-SHA2-128f-simple_run09,active,33.386749,5.3975,0.59308,3.201147,106.831277
SPHINCS+-SHA2-128f-simple_run09,active,33.399497,5.3975,0.593258,3.202112,106.872096
SPHINCS+-SHA2-128f-simple_run09,active,33.412243,5.39625,0.59308,3.200406,106.912887
SPHINCS+-SHA2-128f-simple_run09,active,33.424983,5.39875,0.593258,3.202854,106.953694
SPHINCS+-SHA2-128f-simple_run09,active,33.437723,5.38875,0.593258,3.196921,106.994422
SPHINCS+-SHA2-128f-simple_run09,active,33.450462,5.39625,0.593258,3.201371,107.035206
SPHINCS+-SHA2-128f-simple_run09,active,33.463201,5.4,0.589146,3.181388,107.075732
SPHINCS+-SHA2-128f-simple_run09,active,33.475943,5.3975,0.596298,3.218518,107.116744
SPHINCS+-SHA2-128f-simple_run09,active,33.488683,5.39625,0.595046,3.211019,107.15765
SPHINCS+-SHA2-128f-simple_run09,active,33.501428,5.3975,0.587537,3.17123,107.198068
SPHINCS+-SHA2-128f-simple_run09,active,33.514174,5.39625,0.593795,3.204265,107.238908
SPHINCS+-SHA2-128f-simple_run09,active,33.526915,5.39625,0.593616,3.2033,107.279724
SPHINCS+-SHA2-128f-simple_run09,active,33.539654,5.395,0.593437,3.201594,107.320507
SPHINCS+-SHA2-128f-simple_run09,active,33.552407,5.395,0.592007,3.193877,107.361238
SPHINCS+-SHA2-128f-simple_run09,active,33.565151,5.395,0.593437,3.201594,107.402041
SPHINCS+-SHA2-128f-simple_run09,active,33.577893,5.39625,0.59308,3.200406,107.442821
SPHINCS+-SHA2-128f-simple_run09,active,33.590634,5.39875,0.589861,3.184513,107.483395
SPHINCS+-SHA2-128f-simple_run09,active,33.603382,5.395,0.594689,3.208346,107.524293
SPHINCS+-SHA2-128f-simple_run09,active,33.616129,5.39625,0.59308,3.200406,107.565089
SPHINCS+-SHA2-128f-simple_run09,active,33.628871,5.4,0.592901,3.201664,107.605886
SPHINCS+-SHA2-128f-simple_run09,active,33.641611,5.38375,0.593795,3.196843,107.646613
SPHINCS+-SHA2-128f-simple_run09,active,33.654354,5.39875,0.594868,3.211541,107.687538
SPHINCS+-SHA2-128f-simple_run09,active,33.667092,5.39625,0.593795,3.204265,107.728353
SPHINCS+-SHA2-128f-simple_run09,active,33.679831,5.3975,0.593437,3.203077,107.769158
SPHINCS+-SHA2-128f-simple_run09,active,33.692573,5.39625,0.591649,3.192687,107.809838
SPHINCS+-SHA2-128f-simple_run09,active,33.70532,5.39625,0.593258,3.201371,107.850646
SPHINCS+-SHA2-128f-simple_run09,active,33.718065,5.39625,0.593795,3.204265,107.891485
SPHINCS+-SHA2-128f-simple_run09,active,33.730805,5.3975,0.59308,3.201147,107.932267
SPHINCS+-SHA2-128f-simple_run09,active,33.743545,5.38375,0.593258,3.193955,107.972959
SPHINCS+-SHA2-128f-simple_run09,active,33.756287,5.39625,0.594331,3.20716,108.013824
SPHINCS+-SHA2-128f-simple_run09,active,33.769027,5.39625,0.59308,3.200406,108.054598
SPHINCS+-SHA2-128f-simple_run09,active,33.781766,5.4,0.596298,3.220009,108.095618
SPHINCS+-SHA2-128f-simple_run09,active,33.794514,5.39625,0.59308,3.200406,108.136416
SPHINCS+-SHA2-128f-simple_run09,active,33.807263,5.39625,0.593437,3.202335,108.177243
SPHINCS+-SHA2-128f-simple_run09,active,33.82001,5.39875,0.593437,3.203819,108.218082
SPHINCS+-SHA2-128f-simple_run09,active,33.832751,5.3925,0.593437,3.20011,108.258855
SPHINCS+-SHA2-128f-simple_run09,active,33.845491,5.385,0.593258,3.194696,108.299553
SPHINCS+-SHA2-128f-simple_run09,active,33.858231,5.39875,0.593437,3.203819,108.340371
SPHINCS+-SHA2-128f-simple_run09,active,33.870969,5.39375,0.593258,3.199887,108.381132
SPHINCS+-SHA2-128f-simple_run09,active,33.88371,5.39625,0.59308,3.200406,108.421909
SPHINCS+-SHA2-128f-simple_run09,active,33.896452,5.3975,0.593616,3.204042,108.462735
SPHINCS+-SHA2-128f-simple_run09,active,33.909199,5.3975,0.593437,3.203077,108.503562
SPHINCS+-SHA2-128f-simple_run09,active,33.921943,5.3975,0.594689,3.209833,108.54447
SPHINCS+-SHA2-128f-simple_run09,active,33.934683,5.3975,0.59308,3.201147,108.585251
SPHINCS+-SHA2-128f-simple_run09,active,33.94742,5.38375,0.593258,3.193955,108.625935
SPHINCS+-SHA2-128f-simple_run09,active,33.960251,5.39375,0.593258,3.199887,108.666992
SPHINCS+-SHA2-128f-simple_run09,active,33.973088,5.395,0.596119,3.216063,108.708276
SPHINCS+-SHA2-128f-simple_run09,active,33.985839,5.39625,0.592901,3.199441,108.749072
SPHINCS+-SHA2-128f-simple_run09,active,33.998584,5.39625,0.593258,3.201371,108.789872
SPHINCS+-SHA2-128f-simple_run09,active,34.011341,5.39125,0.595225,3.209008,108.830812
SPHINCS+-SHA2-128f-simple_run09,active,34.024169,5.38625,0.590934,3.182918,108.871643
SPHINCS+-SHA2-128f-simple_run09,active,34.03671,5.385,0.592901,3.192771,108.911681
SPHINCS+-SHA2-128f-simple_run09,active,34.049152,5.385,0.59451,3.201436,108.951514
SPHINCS+-SHA2-128f-simple_run09,active,34.061591,5.38625,0.603629,3.251296,108.991958
SPHINCS+-SHA2-128f-simple_run09,active,34.074032,5.3875,0.593795,3.199069,109.031757
SPHINCS+-SHA2-128f-simple_run09,active,34.086469,5.3875,0.592722,3.19329,109.071471
SPHINCS+-SHA2-128f-simple_run09,active,34.098907,5.39,0.593974,3.201518,109.111291
SPHINCS+-SHA2-128f-simple_run09,active,34.111397,5.385,0.594152,3.199511,109.151255
SPHINCS+-SHA2-128f-simple_run09,active,34.123848,5.39625,0.592543,3.197511,109.191066
SPHINCS+-SHA2-128f-simple_run09,active,34.136596,5.39625,0.593258,3.201371,109.231878
SPHINCS+-SHA2-128f-simple_run09,active,34.149342,5.39625,0.593437,3.202335,109.272695
SPHINCS+-SHA2-128f-simple_run09,active,34.162083,5.4,0.592186,3.197802,109.313438
SPHINCS+-SHA2-128f-simple_run09,active,34.174826,5.39875,0.594152,3.20768,109.354313
SPHINCS+-SHA2-128f-simple_run09,active,34.187569,5.3975,0.598265,3.229134,109.395461
SPHINCS+-SHA2-128f-simple_run09,active,34.200312,5.3975,0.593616,3.204042,109.436292
SPHINCS+-SHA2-128f-simple_run09,active,34.213059,5.39625,0.585749,3.160847,109.476583
SPHINCS+-SHA2-128f-simple_run09,active,34.22585,5.3975,0.593258,3.202112,109.517539
SPHINCS+-SHA2-128f-simple_run09,active,34.238598,5.39875,0.598622,3.231813,109.55874
SPHINCS+-SHA2-128f-simple_run09,active,34.251342,5.3975,0.59004,3.184741,109.599327
SPHINCS+-SHA2-128f-simple_run09,active,34.26409,5.3975,0.59308,3.201147,109.640134
SPHINCS+-SHA2-128f-simple_run09,active,34.276831,5.39625,0.59308,3.200406,109.680909
SPHINCS+-SHA2-128f-simple_run09,active,34.289572,5.395,0.596298,3.217028,109.721899
SPHINCS+-SHA2-128f-simple_run09,active,34.302314,5.3975,0.59004,3.184741,109.762478
SPHINCS+-SHA2-128f-simple_run09,active,34.315061,5.39625,0.595225,3.211984,109.803421
SPHINCS+-SHA2-128f-simple_run09,active,34.327808,5.39875,0.592722,3.199958,109.84421
SPHINCS+-SHA2-128f-simple_run09,active,34.340553,5.3975,0.592722,3.199217,109.884984
SPHINCS+-SHA2-128f-simple_run09,active,34.353293,5.39625,0.59308,3.200406,109.925758
SPHINCS+-SHA2-128f-simple_run09,active,34.366038,5.395,0.594331,3.206417,109.966623
SPHINCS+-SHA2-128f-simple_run09,active,34.378788,5.395,0.594331,3.206417,110.007506
SPHINCS+-SHA2-128f-simple_run09,active,34.391532,5.39125,0.593974,3.20226,110.048316
SPHINCS+-SHA2-128f-simple_run09,active,34.404278,5.39875,0.593437,3.203819,110.089151
SPHINCS+-SHA2-128f-simple_run09,active,34.417026,5.3975,0.592901,3.200182,110.129947
SPHINCS+-SHA2-128f-simple_run09,active,34.42977,5.3975,0.59308,3.201147,110.170742
SPHINCS+-SHA2-128f-simple_run09,active,34.442554,5.4,0.593437,3.204561,110.211709
SPHINCS+-SHA2-128f-simple_run09,active,34.455295,5.39625,0.594331,3.20716,110.252572
SPHINCS+-SHA2-128f-simple_run09,active,34.468041,5.39625,0.593795,3.204265,110.293415
SPHINCS+-SHA2-128f-simple_run09,active,34.48382,5.39625,0.593258,3.201371,110.34393
SPHINCS+-SHA2-128f-simple_run09,active,34.496584,5.395,0.59308,3.199664,110.384769
SPHINCS+-SHA2-128f-simple_run09,active,34.50933,5.39625,0.59308,3.200406,110.425563
SPHINCS+-SHA2-128f-simple_run09,active,34.522083,5.39875,0.591113,3.19127,110.466259
SPHINCS+-SHA2-128f-simple_run09,active,34.534829,5.3975,0.595046,3.211763,110.507196
SPHINCS+-SHA2-128f-simple_run09,active,34.547573,5.39625,0.593616,3.2033,110.548021
SPHINCS+-SHA2-128f-simple_run09,active,34.560317,5.39375,0.592901,3.197959,110.588774
SPHINCS+-SHA2-128f-simple_run09,active,34.573062,5.4,0.595046,3.213251,110.629727
SPHINCS+-SHA2-128f-simple_run09,active,34.585829,5.395,0.592722,3.197735,110.670552
SPHINCS+-SHA2-128f-simple_run09,active,34.598574,5.39625,0.593258,3.201371,110.711356
SPHINCS+-SHA2-128f-simple_run09,active,34.611315,5.39625,0.59147,3.191722,110.752019
SPHINCS+-SHA2-128f-simple_run09,active,34.624066,5.3975,0.592901,3.200182,110.792826
SPHINCS+-SHA2-128f-simple_run09,active,34.636812,5.3975,0.592901,3.200182,110.833614
SPHINCS+-SHA2-128f-simple_run09,active,34.649551,5.39625,0.593437,3.202335,110.874408
SPHINCS+-SHA2-128f-simple_run09,active,34.662288,5.40375,0.594331,3.211617,110.915317
SPHINCS+-SHA2-128f-simple_run09,active,34.675031,5.3975,0.59451,3.208868,110.956206
SPHINCS+-SHA2-128f-simple_run09,active,34.687771,5.3975,0.593258,3.202112,110.997003
SPHINCS+-SHA2-128f-simple_run09,active,34.700515,5.39875,0.593437,3.203819,111.037832
SPHINCS+-SHA2-128f-simple_run09,active,34.713255,5.4,0.59308,3.20263,111.078634
SPHINCS+-SHA2-128f-simple_run09,active,34.726001,5.3975,0.593437,3.203077,111.119459
SPHINCS+-SHA2-128f-simple_run09,active,34.738748,5.3975,0.593437,3.203077,111.160287
SPHINCS+-SHA2-128f-simple_run09,active,34.751488,5.3925,0.596656,3.217465,111.20128
SPHINCS+-SHA2-128f-simple_run09,active,34.764231,5.395,0.593258,3.200629,111.242066
SPHINCS+-SHA2-128f-simple_run09,active,34.776971,5.3975,0.592901,3.200182,111.282835
SPHINCS+-SHA2-128f-simple_run09,active,34.789711,5.3975,0.59308,3.201147,111.323618
SPHINCS+-SHA2-128f-simple_run09,active,34.802453,5.3925,0.594152,3.203967,111.364442
SPHINCS+-SHA2-128f-simple_run09,active,34.815193,5.3975,0.593974,3.205973,111.405288
SPHINCS+-SHA2-128f-simple_run09,active,34.827943,5.39875,0.593795,3.20575,111.446159
SPHINCS+-SHA2-128f-simple_run09,active,34.840688,5.39625,0.593974,3.20523,111.487009
SPHINCS+-SHA2-128f-simple_run09,active,34.853427,5.3975,0.594331,3.207903,111.527875
SPHINCS+-SHA2-128f-simple_run09,active,34.866166,5.3975,0.593616,3.204042,111.568693
SPHINCS+-SHA2-128f-simple_run09,active,34.878906,5.39875,0.592543,3.198993,111.609449
SPHINCS+-SHA2-128f-simple_run09,active,34.891648,5.4,0.594689,3.21132,111.650365
SPHINCS+-SHA2-128f-simple_run09,active,34.90439,5.39875,0.594152,3.20768,111.691239
SPHINCS+-SHA2-128f-simple_run09,active,34.91713,5.3975,0.592901,3.200182,111.732008
SPHINCS+-SHA2-128f-simple_run09,active,34.929875,5.3975,0.593437,3.203077,111.772833
SPHINCS+-SHA2-128f-simple_run09,active,34.942621,5.39875,0.599874,3.23857,111.814111
SPHINCS+-SHA2-128f-simple_run09,active,34.955365,5.39625,0.593258,3.201371,111.85491
SPHINCS+-SHA2-128f-simple_run09,active,34.968121,5.39625,0.593258,3.201371,111.895744
SPHINCS+-SHA2-128f-simple_run09,active,34.980859,5.39625,0.594152,3.206195,111.936585
SPHINCS+-SHA2-128f-simple_run09,active,34.993599,5.39625,0.595046,3.211019,111.977494
SPHINCS+-SHA2-128f-simple_run09,active,35.006341,5.39625,0.593616,3.2033,112.01831
SPHINCS+-SHA2-128f-simple_run09,active,35.019081,5.395,0.593437,3.201594,112.059101
SPHINCS+-SHA2-128f-simple_run09,active,35.031829,5.3975,0.589861,3.183776,112.099687
SPHINCS+-SHA2-128f-simple_run09,active,35.044576,5.3975,0.593795,3.205007,112.140541
SPHINCS+-SHA2-128f-simple_run09,active,35.057317,5.39625,0.593258,3.201371,112.181329
SPHINCS+-SHA2-128f-simple_run09,active,35.070058,5.39625,0.595583,3.213914,112.222277
SPHINCS+-SHA2-128f-simple_run09,active,35.082799,5.39625,0.591649,3.192687,112.262955
SPHINCS+-SHA2-128f-simple_run09,active,35.095539,5.3975,0.599874,3.23782,112.304206
SPHINCS+-SHA2-128f-simple_run09,active,35.108283,5.3975,0.594689,3.209833,112.345113
SPHINCS+-SHA2-128f-simple_run09,active,35.121022,5.39875,0.595583,3.215403,112.386073
SPHINCS+-SHA2-128f-simple_run09,active,35.133768,5.39875,0.593616,3.204784,112.42692
SPHINCS+-SHA2-128f-simple_run09,active,35.146555,5.3975,0.593795,3.205007,112.467904
SPHINCS+-SHA2-128f-simple_run09,active,35.159297,5.39875,0.59308,3.201888,112.508701
SPHINCS+-SHA2-128f-simple_run09,active,35.172044,5.4,0.595046,3.213251,112.549661
SPHINCS+-SHA2-128f-simple_run09,active,35.184784,5.3975,0.593258,3.202112,112.590457
SPHINCS+-SHA2-128f-simple_run09,active,35.197523,5.3975,0.592901,3.200182,112.631223
SPHINCS+-SHA2-128f-simple_run09,active,35.210263,5.3975,0.593258,3.202112,112.672017
SPHINCS+-SHA2-128f-simple_run09,active,35.223003,5.38625,0.593616,3.197364,112.712753
SPHINCS+-SHA2-128f-simple_run09,active,35.235751,5.39625,0.593258,3.201371,112.753562
SPHINCS+-SHA2-128f-simple_run09,active,35.248498,5.3975,0.593258,3.202112,112.794381
SPHINCS+-SHA2-128f-simple_run09,active,35.261264,5.40375,0.593437,3.206786,112.835319
SPHINCS+-SHA2-128f-simple_run09,active,35.274006,5.395,0.593795,3.203523,112.876139
SPHINCS+-SHA2-128f-simple_run09,active,35.286747,5.4,0.59308,3.20263,112.916943
SPHINCS+-SHA2-128f-simple_run09,active,35.299489,5.39375,0.593795,3.202781,112.957751
SPHINCS+-SHA2-128f-simple_run09,active,35.312234,5.395,0.593437,3.201594,112.998557
SPHINCS+-SHA2-128f-simple_run09,active,35.324975,5.39875,0.593258,3.202854,113.039366
SPHINCS+-SHA2-128f-simple_run09,active,35.337725,5.39625,0.593437,3.202335,113.080195
SPHINCS+-SHA2-128f-simple_run09,active,35.350472,5.3975,0.593258,3.202112,113.121011
SPHINCS+-SHA2-128f-simple_run09,active,35.363212,5.395,0.596119,3.216063,113.161985
SPHINCS+-SHA2-128f-simple_run09,active,35.375956,5.39625,0.594689,3.209089,113.202881
SPHINCS+-SHA2-128f-simple_run09,active,35.388694,5.39625,0.593258,3.201371,113.243661
SPHINCS+-SHA2-128f-simple_run09,active,35.401435,5.39375,0.595225,3.210496,113.284563
SPHINCS+-SHA2-128f-simple_run09,active,35.414175,5.39625,0.592543,3.197511,113.325301
SPHINCS+-SHA2-128f-simple_run09,active,35.426916,5.39625,0.593437,3.202335,113.3661
SPHINCS+-SHA2-128f-simple_run09,active,35.439662,5.395,0.59308,3.199664,113.406885
SPHINCS+-SHA2-128f-simple_run09,active,35.452409,5.39625,0.59147,3.191722,113.44757
SPHINCS+-SHA2-128f-simple_run09,active,35.46515,5.39875,0.593258,3.202854,113.488379
SPHINCS+-SHA2-128f-simple_run09,active,35.47789,5.3975,0.593437,3.203077,113.529183
SPHINCS+-SHA2-128f-simple_run09,active,35.490629,5.3975,0.590755,3.188601,113.569805
SPHINCS+-SHA2-128f-simple_run09,active,35.503368,5.39625,0.595762,3.214879,113.61076
SPHINCS+-SHA2-128f-simple_run09,active,35.516111,5.395,0.593437,3.201594,113.651557
SPHINCS+-SHA2-128f-simple_run09,active,35.528851,5.39625,0.592901,3.199441,113.692317
SPHINCS+-SHA2-128f-simple_run09,active,35.541597,5.39625,0.593258,3.201371,113.733122
SPHINCS+-SHA2-128f-simple_run09,active,35.554343,5.39875,0.595404,3.214437,113.774093
SPHINCS+-SHA2-128f-simple_run09,active,35.567084,5.39625,0.593437,3.202335,113.814894
SPHINCS+-SHA2-128f-simple_run09,active,35.579823,5.3975,0.593437,3.203077,113.855699
SPHINCS+-SHA2-128f-simple_run09,active,35.592564,5.39625,0.597907,3.226457,113.896806
SPHINCS+-SHA2-128f-simple_run09,active,35.605304,5.39875,0.592901,3.200923,113.937585
SPHINCS+-SHA2-128f-simple_run09,active,35.618044,5.3975,0.593437,3.203077,113.978392
SPHINCS+-SHA2-128f-simple_run09,active,35.630783,5.39625,0.594868,3.210054,114.019287
SPHINCS+-SHA2-128f-simple_run09,active,35.643529,5.4,0.593795,3.206492,114.060157
SPHINCS+-SHA2-128f-simple_run09,active,35.656277,5.3975,0.593258,3.202112,114.100977
SPHINCS+-SHA2-128f-simple_run09,active,35.669019,5.39625,0.59451,3.208125,114.141855
SPHINCS+-SHA2-128f-simple_run09,active,35.68176,5.40125,0.594152,3.209166,114.182742
SPHINCS+-SHA2-128f-simple_run09,active,35.694504,5.395,0.593258,3.200629,114.223532
SPHINCS+-SHA2-128f-simple_run09,active,35.707247,5.39625,0.593616,3.2033,114.264349
SPHINCS+-SHA2-128f-simple_run09,active,35.719988,5.39625,0.593437,3.202335,114.305151
SPHINCS+-SHA2-128f-simple_run09,active,35.732732,5.4,0.59308,3.20263,114.345966
SPHINCS+-SHA2-128f-simple_run09,active,35.745496,5.39625,0.592901,3.199441,114.386803
SPHINCS+-SHA2-128f-simple_run09,active,35.76122,5.39625,0.592364,3.196546,114.437066
SPHINCS+-SHA2-128f-simple_run09,active,35.774003,5.3975,0.597371,3.224309,114.478281
SPHINCS+-SHA2-128f-simple_run09,active,35.786747,5.39625,0.59147,3.191722,114.518959
SPHINCS+-SHA2-128f-simple_run09,active,35.799489,5.4,0.590934,3.191044,114.559617
SPHINCS+-SHA2-128f-simple_run09,active,35.812233,5.4,0.590576,3.189113,114.600261
SPHINCS+-SHA2-128f-simple_run09,active,35.824973,5.3975,0.594331,3.207903,114.641129
SPHINCS+-SHA2-128f-simple_run09,active,35.837711,5.3975,0.593974,3.205973,114.681967
SPHINCS+-SHA2-128f-simple_run09,active,35.85046,5.39875,0.593437,3.203819,114.722811
SPHINCS+-SHA2-128f-simple_run09,active,35.863203,5.3925,0.593437,3.20011,114.76359
SPHINCS+-SHA2-128f-simple_run09,active,35.875945,5.39625,0.596119,3.216808,114.804581
SPHINCS+-SHA2-128f-simple_run09,active,35.888685,5.39625,0.592901,3.199441,114.845341
SPHINCS+-SHA2-128f-simple_run09,active,35.901424,5.3975,0.591649,3.193427,114.88602
SPHINCS+-SHA2-128f-simple_run09,active,35.914163,5.39875,0.592901,3.200923,114.926799
SPHINCS+-SHA2-128f-simple_run09,active,35.926901,5.3975,0.59308,3.201147,114.967575
SPHINCS+-SHA2-128f-simple_run09,active,35.939639,5.3975,0.593795,3.205007,115.008401
SPHINCS+-SHA2-128f-simple_run09,active,35.952395,5.39875,0.592364,3.198027,115.049195
SPHINCS+-SHA2-128f-simple_run09,active,35.965151,5.39625,0.59308,3.200406,115.090017
SPHINCS+-SHA2-128f-simple_run09,active,35.977894,5.39625,0.593616,3.2033,115.130838
SPHINCS+-SHA2-128f-simple_run09,active,35.990636,5.39625,0.593437,3.202335,115.171643
SPHINCS+-SHA2-128f-simple_run09,active,36.003377,5.3925,0.593616,3.201074,115.212426
SPHINCS+-SHA2-128f-simple_run09,active,36.01612,5.39875,0.593437,3.203819,115.253255
SPHINCS+-SHA2-128f-simple_run09,active,36.028862,5.39625,0.59308,3.200406,115.294032
SPHINCS+-SHA2-128f-simple_run09,active,36.041603,5.3875,0.592722,3.19329,115.334719
SPHINCS+-SHA2-128f-simple_run09,active,36.054353,5.3975,0.593974,3.205973,115.375593
SPHINCS+-SHA2-128f-simple_run09,active,36.067097,5.39625,0.592901,3.199441,115.416368
SPHINCS+-SHA2-128f-simple_run09,active,36.079838,5.39625,0.592901,3.199441,115.457133
SPHINCS+-SHA2-128f-simple_run09,active,36.092584,5.39,0.59147,3.188025,115.497767
SPHINCS+-SHA2-128f-simple_run09,active,36.105339,5.39,0.594152,3.202481,115.538613
SPHINCS+-SHA2-128f-simple_run09,active,36.118095,5.39625,0.593616,3.2033,115.579474
SPHINCS+-SHA2-128f-simple_run09,active,36.130838,5.39625,0.594331,3.20716,115.620345
SPHINCS+-SHA2-128f-simple_run09,active,36.143579,5.39625,0.59308,3.200406,115.661122
SPHINCS+-SHA2-128f-simple_run09,active,36.156331,5.3975,0.593437,3.203077,115.701967
SPHINCS+-SHA2-128f-simple_run09,active,36.169077,5.3975,0.593437,3.203077,115.742792
SPHINCS+-SHA2-128f-simple_run09,active,36.18182,5.39625,0.592722,3.198476,115.783552
SPHINCS+-SHA2-128f-simple_run09,active,36.194565,5.3975,0.595225,3.212728,115.824496
SPHINCS+-SHA2-128f-simple_run09,active,36.207306,5.3975,0.59308,3.201147,115.865282
SPHINCS+-SHA2-128f-simple_run09,active,36.220049,5.3975,0.593437,3.203077,115.906101
SPHINCS+-SHA2-128f-simple_run09,active,36.232788,5.39625,0.596834,3.220668,115.947128
SPHINCS+-SHA2-128f-simple_run09,active,36.245527,5.3975,0.59308,3.201147,115.987909
SPHINCS+-SHA2-128f-simple_run09,active,36.258274,5.3975,0.593437,3.203077,116.028737
SPHINCS+-SHA2-128f-simple_run09,active,36.271018,5.39375,0.59147,3.190243,116.069393
SPHINCS+-SHA2-128f-simple_run09,active,36.283762,5.39875,0.593437,3.203819,116.110224
SPHINCS+-SHA2-128f-simple_run09,active,36.296502,5.39625,0.598444,3.229351,116.151364
SPHINCS+-SHA2-128f-simple_run09,active,36.30929,5.3975,0.593437,3.203077,116.192327
SPHINCS+-SHA2-128f-simple_run09,active,36.322033,5.39,0.592364,3.192844,116.233014
SPHINCS+-SHA2-128f-simple_run09,active,36.334779,5.39625,0.595225,3.211984,116.273952
SPHINCS+-SHA2-128f-simple_run09,active,36.347519,5.39875,0.59308,3.201888,116.314744
SPHINCS+-SHA2-128f-simple_run09,active,36.360272,5.3975,0.594152,3.206938,116.355642
SPHINCS+-SHA2-128f-simple_run09,active,36.373017,5.39875,0.594152,3.20768,116.396525
SPHINCS+-SHA2-128f-simple_run09,active,36.385759,5.39875,0.593974,3.206715,116.437383
SPHINCS+-SHA2-128f-simple_run09,active,36.398503,5.3975,0.593437,3.203077,116.478206
SPHINCS+-SHA2-128f-simple_run09,active,36.411246,5.3975,0.591113,3.190531,116.51886
SPHINCS+-SHA2-128f-simple_run09,active,36.423989,5.3975,0.593795,3.205007,116.559702
SPHINCS+-SHA2-128f-simple_run09,active,36.436731,5.39625,0.593437,3.202335,116.600508
SPHINCS+-SHA2-128f-simple_run09,active,36.449471,5.395,0.593258,3.200629,116.641283
SPHINCS+-SHA2-128f-simple_run09,active,36.462219,5.39625,0.592186,3.195582,116.68202
SPHINCS+-SHA2-128f-simple_run09,active,36.474965,5.395,0.593258,3.200629,116.722816
SPHINCS+-SHA2-128f-simple_run09,active,36.487707,5.395,0.593258,3.200629,116.763598
SPHINCS+-SHA2-128f-simple_run09,active,36.50045,5.3975,0.593795,3.205007,116.804439
SPHINCS+-SHA2-128f-simple_run09,active,36.513191,5.39625,0.593616,3.2033,116.845253
SPHINCS+-SHA2-128f-simple_run09,active,36.525934,5.39625,0.593258,3.201371,116.886048
SPHINCS+-SHA2-128f-simple_run09,active,36.538675,5.39875,0.593437,3.203819,116.926868
SPHINCS+-SHA2-128f-simple_run09,active,36.551417,5.39625,0.593258,3.201371,116.967659
SPHINCS+-SHA2-128f-simple_run09,active,36.564167,5.395,0.59308,3.199664,117.008455
SPHINCS+-SHA2-128f-simple_run09,active,36.576911,5.39625,0.593795,3.204265,117.049289
SPHINCS+-SHA2-128f-simple_run09,active,36.589657,5.39625,0.593258,3.201371,117.090095
SPHINCS+-SHA2-128f-simple_run09,active,36.602397,5.39625,0.593258,3.201371,117.130881
SPHINCS+-SHA2-128f-simple_run09,active,36.615137,5.39875,0.593616,3.204784,117.17171
SPHINCS+-SHA2-128f-simple_run09,active,36.62788,5.3975,0.59308,3.201147,117.212503
SPHINCS+-SHA2-128f-simple_run09,active,36.640625,5.39625,0.593258,3.201371,117.253303
SPHINCS+-SHA2-128f-simple_run09,active,36.653365,5.395,0.593258,3.200629,117.294078
SPHINCS+-SHA2-128f-simple_run09,active,36.666112,5.3975,0.594331,3.207903,117.33497
SPHINCS+-SHA2-128f-simple_run09,active,36.678857,5.39625,0.59308,3.200406,117.37576
SPHINCS+-SHA2-128f-simple_run09,active,36.691598,5.39625,0.592364,3.196546,117.416485
SPHINCS+-SHA2-128f-simple_run09,active,36.704338,5.39625,0.592901,3.199441,117.457246
SPHINCS+-SHA2-128f-simple_run09,active,36.717079,5.39625,0.593437,3.202335,117.498047
SPHINCS+-SHA2-128f-simple_run09,active,36.729846,5.39625,0.593795,3.204265,117.538959
SPHINCS+-SHA2-128f-simple_run09,active,36.742591,5.39625,0.590576,3.186898,117.579574
SPHINCS+-SHA2-128f-simple_run09,active,36.755332,5.39375,0.59594,3.214354,117.620528
SPHINCS+-SHA2-128f-simple_run09,active,36.768082,5.3975,0.593258,3.202112,117.661354
SPHINCS+-SHA2-128f-simple_run09,active,36.780825,5.39625,0.591649,3.192687,117.702038
SPHINCS+-SHA2-128f-simple_run09,active,36.793563,5.3975,0.594689,3.209833,117.742925
SPHINCS+-SHA2-128f-simple_run09,active,36.806304,5.395,0.593616,3.202558,117.783731
SPHINCS+-SHA2-128f-simple_run09,active,36.819045,5.3975,0.593437,3.203077,117.82454
SPHINCS+-SHA2-128f-simple_run09,active,36.831785,5.39875,0.595404,3.214437,117.865494
SPHINCS+-SHA2-128f-simple_run09,active,36.844527,5.39875,0.593437,3.203819,117.906315
SPHINCS+-SHA2-128f-simple_run09,active,36.857266,5.39625,0.593258,3.201371,117.947098
SPHINCS+-SHA2-128f-simple_run09,active,36.870013,5.3975,0.593258,3.202112,117.987915
SPHINCS+-SHA2-128f-simple_run09,active,36.882757,5.39625,0.597728,3.225492,118.02902
SPHINCS+-SHA2-128f-simple_run09,active,36.895499,5.395,0.595225,3.21124,118.069939
SPHINCS+-SHA2-128f-simple_run09,active,36.908241,5.3975,0.593437,3.203077,118.110754
SPHINCS+-SHA2-128f-simple_run09,active,36.920981,5.395,0.594331,3.206417,118.151601
SPHINCS+-SHA2-128f-simple_run09,active,36.933722,5.39875,0.594152,3.20768,118.192471
SPHINCS+-SHA2-128f-simple_run09,active,36.946465,5.3975,0.593437,3.203077,118.233289
SPHINCS+-SHA2-128f-simple_run09,active,36.959223,5.39625,0.594152,3.206195,118.274191
SPHINCS+-SHA2-128f-simple_run09,active,36.971991,5.3875,0.592543,3.192326,118.314951
SPHINCS+-SHA2-128f-simple_run09,active,36.984737,5.39375,0.591292,3.189279,118.355602
SPHINCS+-SHA2-128f-simple_run09,active,36.997482,5.395,0.596298,3.217028,118.396603
SPHINCS+-SHA2-128f-simple_run09,active,37.010227,5.395,0.591113,3.189054,118.437249
SPHINCS+-SHA2-128f-simple_run09,active,37.022969,5.39375,0.592364,3.195065,118.477958
SPHINCS+-SHA2-128f-simple_run09,active,37.038678,5.3975,0.593437,3.203077,118.528276
SPHINCS+-SHA2-128f-simple_run09,active,37.051443,5.3975,0.596298,3.218518,118.569362
SPHINCS+-SHA2-128f-simple_run09,active,37.06419,5.39875,0.593437,3.203819,118.6102
SPHINCS+-SHA2-128f-simple_run09,active,37.076936,5.3975,0.593258,3.202112,118.651014
SPHINCS+-SHA2-128f-simple_run09,active,37.089681,5.39625,0.593795,3.204265,118.691853
SPHINCS+-SHA2-128f-simple_run09,active,37.102422,5.3975,0.59147,3.192461,118.732529
SPHINCS+-SHA2-128f-simple_run09,active,37.115164,5.39625,0.595404,3.212949,118.773466
SPHINCS+-SHA2-128f-simple_run09,active,37.127939,5.39625,0.594331,3.20716,118.814439
SPHINCS+-SHA2-128f-simple_run09,active,37.140682,5.39875,0.593258,3.202854,118.855253
SPHINCS+-SHA2-128f-simple_run09,active,37.153424,5.4,0.593437,3.204561,118.896086
SPHINCS+-SHA2-128f-simple_run09,active,37.166164,5.3975,0.593437,3.203077,118.936891
SPHINCS+-SHA2-128f-simple_run09,active,37.178911,5.3975,0.593437,3.203077,118.977722
SPHINCS+-SHA2-128f-simple_run09,active,37.191656,5.3975,0.594152,3.206938,119.018595
SPHINCS+-SHA2-128f-simple_run09,active,37.204398,5.39625,0.593258,3.201371,119.059386
SPHINCS+-SHA2-128f-simple_run09,active,37.217138,5.39625,0.59308,3.200406,119.10016
SPHINCS+-SHA2-128f-simple_run09,active,37.22988,5.39375,0.593437,3.200852,119.140945
SPHINCS+-SHA2-128f-simple_run09,active,37.242619,5.4,0.593795,3.206492,119.181792
SPHINCS+-SHA2-128f-simple_run09,active,37.25536,5.3975,0.593974,3.205973,119.222639
SPHINCS+-SHA2-128f-simple_run09,active,37.268103,5.39625,0.593616,3.2033,119.263458
SPHINCS+-SHA2-128f-simple_run09,active,37.280846,5.3975,0.593258,3.202112,119.304265
SPHINCS+-SHA2-128f-simple_run09,active,37.293589,5.405,0.59308,3.205595,119.345113
SPHINCS+-SHA2-128f-simple_run09,active,37.30633,5.39875,0.593437,3.203819,119.385932
SPHINCS+-SHA2-128f-simple_run09,active,37.319069,5.39625,0.593437,3.202335,119.426727
SPHINCS+-SHA2-128f-simple_run09,active,37.331813,5.39625,0.594331,3.20716,119.467599
SPHINCS+-SHA2-128f-simple_run09,active,37.344552,5.3975,0.593795,3.205007,119.508428
SPHINCS+-SHA2-128f-simple_run09,active,37.357293,5.395,0.593437,3.201594,119.54922
SPHINCS+-SHA2-128f-simple_run09,active,37.370033,5.39625,0.593795,3.204265,119.590041
SPHINCS+-SHA2-128f-simple_run09,active,37.38278,5.3975,0.590219,3.185706,119.630648
SPHINCS+-SHA2-128f-simple_run09,active,37.395522,5.39625,0.594152,3.206195,119.671503
SPHINCS+-SHA2-128f-simple_run09,active,37.408264,5.39625,0.594152,3.206195,119.712356
SPHINCS+-SHA2-128f-simple_run09,active,37.421001,5.39875,0.59451,3.209611,119.753237
SPHINCS+-SHA2-128f-simple_run09,active,37.433738,5.38875,0.593974,3.200775,119.794006
SPHINCS+-SHA2-128f-simple_run09,active,37.446492,5.395,0.593616,3.202558,119.834852
SPHINCS+-SHA2-128f-simple_run09,active,37.459236,5.3925,0.593795,3.202038,119.875658
SPHINCS+-SHA2-128f-simple_run09,active,37.471979,5.3975,0.593258,3.202112,119.916463
SPHINCS+-SHA2-128f-simple_run09,active,37.484729,5.3975,0.593795,3.205007,119.957327
SPHINCS+-SHA2-128f-simple_run09,active,37.497472,5.3975,0.593437,3.203077,119.998141
SPHINCS+-SHA2-128f-simple_run09,active,37.510211,5.3975,0.593795,3.205007,120.03897
SPHINCS+-SHA2-128f-simple_run09,active,37.52295,5.39625,0.589682,3.182074,120.079508
SPHINCS+-SHA2-128f-simple_run09,active,37.535687,5.39625,0.595404,3.212949,120.120433
SPHINCS+-SHA2-128f-simple_run09,active,37.548431,5.39875,0.59308,3.201888,120.161236
SPHINCS+-SHA2-128f-simple_run09,active,37.561171,5.3975,0.590576,3.187636,120.201846
SPHINCS+-SHA2-128f-simple_run09,active,37.573912,5.39625,0.595046,3.211019,120.242758
SPHINCS+-SHA2-128f-simple_run09,active,37.586658,5.3975,0.593258,3.202112,120.283572
SPHINCS+-SHA2-128f-simple_run09,active,37.599402,5.39625,0.593437,3.202335,120.324382
SPHINCS+-SHA2-128f-simple_run09,active,37.612144,5.39125,0.595225,3.209008,120.365272
SPHINCS+-SHA2-128f-simple_run09,active,37.624881,5.3975,0.593258,3.202112,120.406058
SPHINCS+-SHA2-128f-simple_run09,active,37.63762,5.39625,0.593616,3.2033,120.446864
SPHINCS+-SHA2-128f-simple_run09,active,37.650359,5.3975,0.593616,3.204042,120.487681
SPHINCS+-SHA2-128f-simple_run09,active,37.663096,5.39375,0.595046,3.209532,120.528561
SPHINCS+-SHA2-128f-simple_run09,active,37.675836,5.3975,0.595046,3.211763,120.569478
SPHINCS+-SHA2-128f-simple_run09,active,37.688582,5.39625,0.594689,3.209089,120.610383
SPHINCS+-SHA2-128f-simple_run09,active,37.701326,5.39,0.598622,3.226575,120.651502
SPHINCS+-SHA2-128f-simple_run09,active,37.714069,5.3925,0.59308,3.198182,120.692256
SPHINCS+-SHA2-128f-simple_run09,active,37.726809,5.39375,0.593616,3.201816,120.733046
SPHINCS+-SHA2-128f-simple_run09,active,37.739549,5.395,0.592901,3.1987,120.773797
SPHINCS+-SHA2-128f-simple_run09,active,37.752292,5.3925,0.593974,3.203003,120.814613
SPHINCS+-SHA2-128f-simple_run09,active,37.765029,5.3975,0.593437,3.203077,120.855412
SPHINCS+-SHA2-128f-simple_run09,active,37.777767,5.3975,0.593795,3.205007,120.896236
SPHINCS+-SHA2-128f-simple_run09,active,37.790521,5.39375,0.59308,3.198923,120.937036
SPHINCS+-SHA2-128f-simple_run09,active,37.803264,5.39875,0.593974,3.206715,120.977899
SPHINCS+-SHA2-128f-simple_run09,active,37.816007,5.39875,0.593437,3.203819,121.018724
SPHINCS+-SHA2-128f-simple_run09,active,37.828745,5.3975,0.593258,3.202112,121.059514
SPHINCS+-SHA2-128f-simple_run09,active,37.841484,5.4025,0.593437,3.206044,121.100357
SPHINCS+-SHA2-128f-simple_run09,active,37.854223,5.3975,0.593437,3.203077,121.141159
SPHINCS+-SHA2-128f-simple_run09,active,37.866964,5.39625,0.593258,3.201371,121.18195
SPHINCS+-SHA2-128f-simple_run09,active,37.879706,5.39625,0.593258,3.201371,121.222739
SPHINCS+-SHA2-128f-simple_run09,active,37.892456,5.395,0.590398,3.185195,121.263351
SPHINCS+-SHA2-128f-simple_run09,active,37.905231,5.39625,0.59308,3.200406,121.304236
SPHINCS+-SHA2-128f-simple_run09,active,37.917973,5.395,0.592901,3.1987,121.344995
SPHINCS+-SHA2-128f-simple_run09,active,37.930711,5.3975,0.592901,3.200182,121.385759
SPHINCS+-SHA2-128f-simple_run09,active,37.943451,5.395,0.593437,3.201594,121.426547
SPHINCS+-SHA2-128f-simple_run09,active,37.956197,5.39375,0.594331,3.205674,121.467406
SPHINCS+-SHA2-128f-simple_run09,active,37.968952,5.3975,0.593437,3.203077,121.50826
SPHINCS+-SHA2-128f-simple_run09,active,37.981692,5.39625,0.588788,3.177249,121.54874
SPHINCS+-SHA2-128f-simple_run09,active,37.99444,5.3975,0.596119,3.217553,121.589757
SPHINCS+-SHA2-128f-simple_run09,active,38.00719,5.3975,0.594152,3.206938,121.630646
SPHINCS+-SHA2-128f-simple_run09,active,38.019979,5.395,0.593795,3.203523,121.671616
SPHINCS+-SHA2-128f-simple_run09,active,38.032728,5.4,0.600589,3.243182,121.712962
SPHINCS+-SHA2-128f-simple_run09,active,38.045471,5.39625,0.593258,3.201371,121.753758
SPHINCS+-SHA2-128f-simple_run09,active,38.058214,5.3975,0.593258,3.202112,121.794563
SPHINCS+-SHA2-128f-simple_run09,active,38.070956,5.39625,0.590576,3.186898,121.83517
SPHINCS+-SHA2-128f-simple_run09,active,38.083699,5.39625,0.594152,3.206195,121.876026
SPHINCS+-SHA2-128f-simple_run09,active,38.096453,5.3975,0.593258,3.202112,121.916864
SPHINCS+-SHA2-128f-simple_run09,active,38.109237,5.3975,0.593437,3.203077,121.957815
SPHINCS+-SHA2-128f-simple_run09,active,38.121982,5.3875,0.593974,3.200033,121.998598
SPHINCS+-SHA2-128f-simple_run09,active,38.134722,5.3975,0.595404,3.213693,122.03954
SPHINCS+-SHA2-128f-simple_run09,active,38.147464,5.38375,0.593437,3.194918,122.080251
SPHINCS+-SHA2-128f-simple_run09,active,38.160207,5.3975,0.594331,3.207903,122.121129
SPHINCS+-SHA2-128f-simple_run09,active,38.17295,5.39875,0.593258,3.202854,122.161941
SPHINCS+-SHA2-128f-simple_run09,active,38.185691,5.39625,0.593437,3.202335,122.202743
SPHINCS+-SHA2-128f-simple_run09,active,38.19844,5.39625,0.593258,3.201371,122.243559
SPHINCS+-SHA2-128f-simple_run09,active,38.211187,5.39875,0.593258,3.202854,122.284384
SPHINCS+-SHA2-128f-simple_run09,active,38.223957,5.39625,0.594331,3.20716,122.325341
SPHINCS+-SHA2-128f-simple_run09,active,38.236703,5.3975,0.593795,3.205007,122.366191
SPHINCS+-SHA2-128f-simple_run09,active,38.249446,5.38375,0.593258,3.193955,122.406891
SPHINCS+-SHA2-128f-simple_run09,active,38.262191,5.39875,0.595046,3.212507,122.447834
SPHINCS+-SHA2-128f-simple_run09,active,38.274931,5.39625,0.592901,3.199441,122.488597
SPHINCS+-SHA2-128f-simple_run09,active,38.28767,5.3975,0.59451,3.208868,122.529475
SPHINCS+-SHA2-128f-simple_run09,active,38.300417,5.3975,0.592901,3.200182,122.570265
SPHINCS+-SHA2-128f-simple_run09,active,38.316117,5.39625,0.593258,3.201371,122.620528
SPHINCS+-SHA2-128f-simple_run09,active,38.328882,5.39625,0.591828,3.193652,122.661295
SPHINCS+-SHA2-128f-simple_run09,active,38.341631,5.39875,0.592543,3.198993,122.702078
SPHINCS+-SHA2-128f-simple_run09,active,38.354374,5.395,0.595046,3.210275,122.742989
SPHINCS+-SHA2-128f-simple_run09,active,38.367115,5.3975,0.593258,3.202112,122.783786
SPHINCS+-SHA2-128f-simple_run09,active,38.379858,5.39875,0.59308,3.201888,122.824586
SPHINCS+-SHA2-128f-simple_run09,active,38.392601,5.395,0.595404,3.212205,122.86552
SPHINCS+-SHA2-128f-simple_run09,active,38.405348,5.3975,0.598265,3.229134,122.906683
SPHINCS+-SHA2-128f-simple_run09,active,38.418095,5.39625,0.593795,3.204265,122.947526
SPHINCS+-SHA2-128f-simple_run09,active,38.430838,5.39875,0.595404,3.214437,122.98849
SPHINCS+-SHA2-128f-simple_run09,active,38.443579,5.39375,0.594152,3.20471,123.02932
SPHINCS+-SHA2-128f-simple_run09,active,38.456323,5.39,0.593258,3.197663,123.07007
SPHINCS+-SHA2-128f-simple_run09,active,38.469063,5.39875,0.593258,3.202854,123.110874
SPHINCS+-SHA2-128f-simple_run09,active,38.481836,5.39625,0.593258,3.201371,123.151765
SPHINCS+-SHA2-128f-simple_run09,active,38.49458,5.3975,0.592901,3.200182,123.19255
SPHINCS+-SHA2-128f-simple_run09,active,38.507329,5.39625,0.593437,3.202335,123.233376
SPHINCS+-SHA2-128f-simple_run09,active,38.520077,5.3975,0.593437,3.203077,123.274208
SPHINCS+-SHA2-128f-simple_run09,active,38.53282,5.39125,0.593437,3.199368,123.314979
SPHINCS+-SHA2-128f-simple_run09,active,38.54556,5.39875,0.59308,3.201888,123.35577
SPHINCS+-SHA2-128f-simple_run09,active,38.5583,5.3975,0.593437,3.203077,123.396578
SPHINCS+-SHA2-128f-simple_run09,active,38.571039,5.395,0.593974,3.204488,123.437399
SPHINCS+-SHA2-128f-simple_run09,active,38.583779,5.39875,0.592901,3.200923,123.478178
SPHINCS+-SHA2-128f-simple_run09,active,38.596528,5.39625,0.593437,3.202335,123.519005
SPHINCS+-SHA2-128f-simple_run09,active,38.609274,5.3975,0.593795,3.205007,123.559858
SPHINCS+-SHA2-128f-simple_run09,active,38.62202,5.39875,0.594152,3.20768,123.600742
SPHINCS+-SHA2-128f-simple_run09,active,38.634763,5.3975,0.593437,3.203077,123.641559
SPHINCS+-SHA2-128f-simple_run09,active,38.647505,5.3975,0.593437,3.203077,123.682371
SPHINCS+-SHA2-128f-simple_run09,active,38.660248,5.39625,0.593616,3.2033,123.723193
SPHINCS+-SHA2-128f-simple_run09,active,38.672989,5.39625,0.59594,3.215843,123.764165
SPHINCS+-SHA2-128f-simple_run09,active,38.68573,5.39625,0.595046,3.211019,123.805076
SPHINCS+-SHA2-128f-simple_run09,active,38.698471,5.405,0.593616,3.208494,123.845956
SPHINCS+-SHA2-128f-simple_run09,active,38.711218,5.39875,0.593795,3.20575,123.88682
SPHINCS+-SHA2-128f-simple_run09,active,38.723967,5.3975,0.593258,3.202112,123.927643
SPHINCS+-SHA2-128f-simple_run09,active,38.736709,5.3975,0.593437,3.203077,123.968457
SPHINCS+-SHA2-128f-simple_run09,active,38.74945,5.39625,0.593258,3.201371,124.009246
SPHINCS+-SHA2-128f-simple_run09,active,38.762192,5.35625,0.592722,3.174767,124.049698
SPHINCS+-SHA2-128f-simple_run09,active,38.774932,5.39875,0.595583,3.215403,124.090661
SPHINCS+-SHA2-128f-simple_run09,active,38.787675,5.39875,0.593258,3.202854,124.131476
SPHINCS+-SHA2-128f-simple_run09,active,38.800417,5.3975,0.59147,3.192461,124.172156
SPHINCS+-SHA2-128f-simple_run09,active,38.813165,5.395,0.594689,3.208346,124.213054
SPHINCS+-SHA2-128f-simple_run09,active,38.82591,5.39625,0.593437,3.202335,124.253868
SPHINCS+-SHA2-128f-simple_run09,active,38.838648,5.39625,0.593795,3.204265,124.294685
SPHINCS+-SHA2-128f-simple_run09,active,38.851389,5.3975,0.593795,3.205007,124.335519
SPHINCS+-SHA2-128f-simple_run09,active,38.864132,5.3825,0.593437,3.194176,124.376222
SPHINCS+-SHA2-128f-simple_run09,active,38.876871,5.3975,0.593258,3.202112,124.417014
SPHINCS+-SHA2-128f-simple_run09,active,38.889612,5.3975,0.593258,3.202112,124.457813
SPHINCS+-SHA2-128f-simple_run09,active,38.902353,5.395,0.592543,3.196771,124.498543
SPHINCS+-SHA2-128f-simple_run09,active,38.915102,5.39625,0.596119,3.216808,124.539553
SPHINCS+-SHA2-128f-simple_run09,active,38.927846,5.39625,0.593258,3.201371,124.580353
SPHINCS+-SHA2-128f-simple_run09,active,38.94059,5.39625,0.593258,3.201371,124.621149
SPHINCS+-SHA2-128f-simple_run09,active,38.953335,5.3925,0.594331,3.204931,124.661998
SPHINCS+-SHA2-128f-simple_run09,active,38.966088,5.38125,0.59308,3.19151,124.702698
SPHINCS+-SHA2-128f-simple_run09,active,38.97883,5.39625,0.593974,3.20523,124.743541
SPHINCS+-SHA2-128f-simple_run09,active,38.991573,5.3975,0.59451,3.208868,124.78443
SPHINCS+-SHA2-128f-simple_run09,active,39.004315,5.39625,0.593437,3.202335,124.825236
SPHINCS+-SHA2-128f-simple_run09,active,39.017061,5.39875,0.593437,3.203819,124.866069
SPHINCS+-SHA2-128f-simple_run09,active,39.029848,5.39875,0.593258,3.202854,124.907025
SPHINCS+-SHA2-128f-simple_run09,active,39.042597,5.40375,0.592901,3.203888,124.947873
SPHINCS+-SHA2-128f-simple_run09,active,39.055339,5.3975,0.592901,3.200182,124.988648
SPHINCS+-SHA2-128f-simple_run09,active,39.068081,5.38375,0.593795,3.196843,125.029382
SPHINCS+-SHA2-128f-simple_run09,active,39.08082,5.395,0.593616,3.202558,125.070181
SPHINCS+-SHA2-128f-simple_run09,active,39.09356,5.39625,0.594331,3.20716,125.111038
SPHINCS+-SHA2-128f-simple_run09,active,39.1063,5.39875,0.593795,3.20575,125.151879
SPHINCS+-SHA2-128f-simple_run09,active,39.119047,5.395,0.593795,3.203523,125.192715
SPHINCS+-SHA2-128f-simple_run09,active,39.131793,5.395,0.589146,3.178443,125.233229
SPHINCS+-SHA2-128f-simple_run09,active,39.144537,5.39625,0.593258,3.201371,125.274026
SPHINCS+-SHA2-128f-simple_run09,active,39.157278,5.39625,0.593437,3.202335,125.314827
SPHINCS+-SHA2-128f-simple_run09,active,39.17002,5.3825,0.593437,3.194176,125.355526
SPHINCS+-SHA2-128f-simple_run09,active,39.18276,5.39875,0.594152,3.20768,125.396395
SPHINCS+-SHA2-128f-simple_run09,active,39.1955,5.39625,0.593974,3.20523,125.437228
SPHINCS+-SHA2-128f-simple_run09,active,39.208244,5.39875,0.593795,3.20575,125.478081
SPHINCS+-SHA2-128f-simple_run09,active,39.220989,5.39625,0.597371,3.223562,125.519168
SPHINCS+-SHA2-128f-simple_run09,active,39.233734,5.39875,0.595046,3.212507,125.560109
SPHINCS+-SHA2-128f-simple_run09,active,39.246475,5.3975,0.593974,3.205973,125.600956
SPHINCS+-SHA2-128f-simple_run09,active,39.259216,5.3975,0.593258,3.202112,125.641755
SPHINCS+-SHA2-128f-simple_run09,active,39.27196,5.395,0.597907,3.225709,125.682865
SPHINCS+-SHA2-128f-simple_run09,active,39.284701,5.39875,0.593437,3.203819,125.723684
SPHINCS+-SHA2-128f-simple_run09,active,39.297443,5.39625,0.593258,3.201371,125.764477
SPHINCS+-SHA2-128f-simple_run09,active,39.310185,5.3975,0.593974,3.205973,125.805326
SPHINCS+-SHA2-128f-simple_run09,active,39.322931,5.395,0.594331,3.206417,125.846196
SPHINCS+-SHA2-128f-simple_run09,active,39.33568,5.39625,0.595762,3.214879,125.88718
SPHINCS+-SHA2-128f-simple_run09,active,39.348425,5.39625,0.593258,3.201371,125.927983
SPHINCS+-SHA2-128f-simple_run09,active,39.361164,5.39625,0.594152,3.206195,125.968827
SPHINCS+-SHA2-128f-simple_run09,active,39.373904,5.395,0.593795,3.203523,126.009641
SPHINCS+-SHA2-128f-simple_run09,active,39.386645,5.3975,0.593616,3.204042,126.050461
SPHINCS+-SHA2-128f-simple_run09,active,39.399384,5.3975,0.593258,3.202112,126.091254
SPHINCS+-SHA2-128f-simple_run09,active,39.412126,5.39125,0.593616,3.200332,126.132032
SPHINCS+-SHA2-128f-simple_run09,active,39.424872,5.39625,0.593258,3.201371,126.172837
SPHINCS+-SHA2-128f-simple_run09,active,39.437616,5.39625,0.593258,3.201371,126.213635
SPHINCS+-SHA2-128f-simple_run09,active,39.450357,5.3975,0.592722,3.199217,126.254397
SPHINCS+-SHA2-128f-simple_run09,active,39.463097,5.4025,0.593795,3.207976,126.295268
SPHINCS+-SHA2-128f-simple_run09,active,39.475837,5.395,0.593795,3.203523,126.336081
SPHINCS+-SHA2-128f-simple_run09,active,39.488578,5.39875,0.592901,3.200923,126.376861
SPHINCS+-SHA2-128f-simple_run09,active,39.50132,5.4025,0.593437,3.206044,126.417713
SPHINCS+-SHA2-128f-simple_run09,active,39.514059,5.3975,0.595225,3.212728,126.458641
SPHINCS+-SHA2-128f-simple_run09,active,39.526806,5.39875,0.592901,3.200923,126.499444
SPHINCS+-SHA2-128f-simple_run09,active,39.539551,5.39875,0.593258,3.202854,126.540264
SPHINCS+-SHA2-128f-simple_run09,active,39.552296,5.3975,0.590934,3.189566,126.580913
SPHINCS+-SHA2-128f-simple_run09,active,39.565036,5.39875,0.592901,3.200923,126.621692
SPHINCS+-SHA2-128f-simple_run09,active,39.577777,5.395,0.593258,3.200629,126.662472
SPHINCS+-SHA2-128f-simple_run09,active,39.593436,5.39125,0.599695,3.233107,126.713099
SPHINCS+-SHA2-128f-simple_run09,active,39.606215,5.3975,0.593437,3.203077,126.754031
SPHINCS+-SHA2-128f-simple_run09,active,39.61896,5.395,0.593437,3.201594,126.794836
SPHINCS+-SHA2-128f-simple_run09,active,39.63171,5.39375,0.591828,3.192172,126.835538
SPHINCS+-SHA2-128f-simple_run09,active,39.644461,5.39875,0.593258,3.202854,126.876377
SPHINCS+-SHA2-128f-simple_run09,active,39.65723,5.3975,0.593437,3.203077,126.917278
SPHINCS+-SHA2-128f-simple_run09,active,39.669971,5.3975,0.592722,3.199217,126.958038
SPHINCS+-SHA2-128f-simple_run09,active,39.682712,5.38625,0.593795,3.198327,126.998788
SPHINCS+-SHA2-128f-simple_run09,active,39.695453,5.3975,0.595583,3.214658,127.039744
SPHINCS+-SHA2-128f-simple_run09,active,39.708195,5.3975,0.593616,3.204042,127.080572
SPHINCS+-SHA2-128f-simple_run09,active,39.720943,5.39875,0.594331,3.208646,127.121475
SPHINCS+-SHA2-128f-simple_run09,active,39.733691,5.395,0.593258,3.200629,127.162276
SPHINCS+-SHA2-128f-simple_run09,active,39.746435,5.39875,0.593437,3.203819,127.203106
SPHINCS+-SHA2-128f-simple_run09,active,39.759175,5.39875,0.593258,3.202854,127.243912
SPHINCS+-SHA2-128f-simple_run09,active,39.771954,5.4,0.59308,3.20263,127.284838
SPHINCS+-SHA2-128f-simple_run09,active,39.7847,5.38375,0.593258,3.193955,127.325548
SPHINCS+-SHA2-128f-simple_run09,active,39.79744,5.39625,0.595225,3.211984,127.366467
SPHINCS+-SHA2-128f-simple_run09,active,39.81018,5.3975,0.593258,3.202112,127.407263
SPHINCS+-SHA2-128f-simple_run09,active,39.822919,5.40125,0.597013,3.224618,127.448341
SPHINCS+-SHA2-128f-simple_run09,active,39.835665,5.39625,0.593616,3.2033,127.489172
SPHINCS+-SHA2-128f-simple_run09,active,39.848413,5.39625,0.593437,3.202335,127.529995
SPHINCS+-SHA2-128f-simple_run09,active,39.861153,5.39875,0.593437,3.203819,127.570811
SPHINCS+-SHA2-128f-simple_run09,active,39.873895,5.39375,0.595225,3.210496,127.611719
SPHINCS+-SHA2-128f-simple_run09,active,39.886637,5.3825,0.59308,3.192251,127.652393
SPHINCS+-SHA2-128f-simple_run09,active,39.89938,5.39625,0.597371,3.223562,127.693472
SPHINCS+-SHA2-128f-simple_run09,active,39.912127,5.395,0.595225,3.21124,127.734406
SPHINCS+-SHA2-128f-simple_run09,active,39.924865,5.3975,0.593795,3.205007,127.775232
SPHINCS+-SHA2-128f-simple_run09,active,39.937614,5.3975,0.593258,3.202112,127.816056
SPHINCS+-SHA2-128f-simple_run09,active,39.950363,5.375,0.593258,3.188764,127.856709
SPHINCS+-SHA2-128f-simple_run09,active,39.96312,5.39625,0.598086,3.227422,127.89788
SPHINCS+-SHA2-128f-simple_run09,active,39.975861,5.3975,0.593795,3.205007,127.938716
SPHINCS+-SHA2-128f-simple_run09,active,39.988604,5.39625,0.594152,3.206195,127.979572
SPHINCS+-SHA2-128f-simple_run09,active,40.001344,5.3975,0.598801,3.232029,128.020749
SPHINCS+-SHA2-128f-simple_run09,active,40.01409,5.39625,0.594689,3.209089,128.061652
SPHINCS+-SHA2-128f-simple_run09,active,40.026883,5.395,0.593437,3.201594,128.10261
SPHINCS+-SHA2-128f-simple_run09,active,40.039726,5.39375,0.592543,3.19603,128.143656
SPHINCS+-SHA2-128f-simple_run09,active,40.052478,5.39375,0.594689,3.207603,128.184558
SPHINCS+-SHA2-128f-simple_run09,active,40.064922,5.3875,0.59308,3.195216,128.224321
SPHINCS+-SHA2-128f-simple_run09,active,40.077358,5.3875,0.593258,3.19618,128.264069
SPHINCS+-SHA2-128f-simple_run09,active,40.089795,5.385,0.593258,3.194696,128.303802
SPHINCS+-SHA2-128f-simple_run09,active,40.102272,5.38875,0.595225,3.20752,128.34382
SPHINCS+-SHA2-128f-simple_run09,active,40.114711,5.38875,0.595225,3.20752,128.38372
SPHINCS+-SHA2-128f-simple_run09,active,40.127147,5.3875,0.592901,3.194253,128.423442
SPHINCS+-SHA2-128f-simple_run09,active,40.139583,5.3875,0.593795,3.199069,128.463228
SPHINCS+-SHA2-128f-simple_run09,active,40.152039,5.39375,0.597371,3.222069,128.503361
SPHINCS+-SHA2-128f-simple_run09,active,40.164785,5.39875,0.594152,3.20768,128.544247
SPHINCS+-SHA2-128f-simple_run09,active,40.177528,5.39625,0.593258,3.201371,128.58504
SPHINCS+-SHA2-128f-simple_run09,active,40.19027,5.39625,0.593616,3.2033,128.625858
SPHINCS+-SHA2-128f-simple_run09,active,40.20301,5.39625,0.59004,3.184003,128.666423
SPHINCS+-SHA2-128f-simple_run09,active,40.21575,5.39625,0.595046,3.211019,128.707331
SPHINCS+-SHA2-128f-simple_run09,active,40.228491,5.39625,0.593258,3.201371,128.74812
SPHINCS+-SHA2-128f-simple_run09,active,40.241286,5.39875,0.595583,3.215403,128.78926
SPHINCS+-SHA2-128f-simple_run09,active,40.254033,5.395,0.595046,3.210275,128.830183
SPHINCS+-SHA2-128f-simple_run09,active,40.266776,5.395,0.593795,3.203523,128.871003
SPHINCS+-SHA2-128f-simple_run09,active,40.279514,5.3975,0.593437,3.203077,128.911806
SPHINCS+-SHA2-128f-simple_run09,active,40.292261,5.39875,0.593258,3.202854,128.952632
SPHINCS+-SHA2-128f-simple_run09,active,40.305001,5.39625,0.594331,3.20716,128.993491
SPHINCS+-SHA2-128f-simple_run09,active,40.317748,5.39625,0.593795,3.204265,129.034336
SPHINCS+-SHA2-128f-simple_run09,active,40.330495,5.3975,0.592901,3.200182,129.075128
SPHINCS+-SHA2-128f-simple_run09,active,40.343247,5.39375,0.593616,3.201816,129.115958
SPHINCS+-SHA2-128f-simple_run09,active,40.355999,5.39625,0.592901,3.199441,129.156757
SPHINCS+-SHA2-128f-simple_run09,active,40.368739,5.3925,0.593258,3.199146,129.197515
SPHINCS+-SHA2-128f-simple_run09,active,40.38148,5.39625,0.593258,3.201371,129.238304
SPHINCS+-SHA2-128f-simple_run09,active,40.394221,5.39625,0.593258,3.201371,129.27909
SPHINCS+-SHA2-128f-simple_run09,active,40.406963,5.39875,0.593616,3.204784,129.319925
SPHINCS+-SHA2-128f-simple_run09,active,40.419704,5.3975,0.593974,3.205973,129.360775
SPHINCS+-SHA2-128f-simple_run09,active,40.432447,5.39375,0.59147,3.190243,129.401429
SPHINCS+-SHA2-128f-simple_run09,active,40.445195,5.395,0.593258,3.200629,129.442229
SPHINCS+-SHA2-128f-simple_run09,active,40.45794,5.3975,0.593258,3.202112,129.483039
SPHINCS+-SHA2-128f-simple_run09,active,40.470682,5.395,0.59308,3.199664,129.52381
SPHINCS+-SHA2-128f-simple_run09,active,40.483424,5.39375,0.593437,3.200852,129.564594
SPHINCS+-SHA2-128f-simple_run09,active,40.496167,5.3975,0.593616,3.204042,129.605425
SPHINCS+-SHA2-128f-simple_run09,active,40.508909,5.39625,0.593258,3.201371,129.646215
SPHINCS+-SHA2-128f-simple_run09,active,40.521649,5.39625,0.591828,3.193652,129.686902
SPHINCS+-SHA2-128f-simple_run09,active,40.534388,5.3975,0.596834,3.221414,129.727942
SPHINCS+-SHA2-128f-simple_run09,active,40.547133,5.3975,0.593258,3.202112,129.768753
SPHINCS+-SHA2-128f-simple_run09,active,40.559881,5.39625,0.593437,3.202335,129.809574
SPHINCS+-SHA2-128f-simple_run09,active,40.572627,5.39625,0.594152,3.206195,129.850442
SPHINCS+-SHA2-128f-simple_run09,active,40.58537,5.3975,0.593258,3.202112,129.891245
SPHINCS+-SHA2-128f-simple_run09,active,40.598107,5.39625,0.592722,3.198476,129.931986
SPHINCS+-SHA2-128f-simple_run09,active,40.610854,5.3975,0.592364,3.197287,129.97274
SPHINCS+-SHA2-128f-simple_run09,active,40.623593,5.39875,0.589682,3.183548,130.013297
SPHINCS+-SHA2-128f-simple_run09,active,40.636337,5.3975,0.592901,3.200182,130.054079
SPHINCS+-SHA2-128f-simple_run09,active,40.649084,5.39875,0.593616,3.204784,130.094931
SPHINCS+-SHA2-128f-simple_run09,active,40.661829,5.39625,0.594331,3.20716,130.135805
SPHINCS+-SHA2-128f-simple_run09,active,40.674571,5.3975,0.595225,3.212728,130.176742
SPHINCS+-SHA2-128f-simple_run09,active,40.687311,5.39375,0.593616,3.201816,130.217532
SPHINCS+-SHA2-128f-simple_run09,active,40.700054,5.3975,0.592901,3.200182,130.258313
SPHINCS+-SHA2-128f-simple_run09,active,40.712794,5.39625,0.590576,3.186898,130.298915
SPHINCS+-SHA2-128f-simple_run09,active,40.725534,5.39625,0.592364,3.196546,130.339639
SPHINCS+-SHA2-128f-simple_run09,active,40.738276,5.3975,0.593258,3.202112,130.380441
SPHINCS+-SHA2-128f-simple_run09,active,40.751039,5.3975,0.593258,3.202112,130.421308
SPHINCS+-SHA2-128f-simple_run09,active,40.763811,5.39625,0.593258,3.201371,130.462197
SPHINCS+-SHA2-128f-simple_run09,active,40.776559,5.39625,0.593258,3.201371,130.503007
SPHINCS+-SHA2-128f-simple_run09,active,40.789301,5.39625,0.593437,3.202335,130.543812
SPHINCS+-SHA2-128f-simple_run09,active,40.802043,5.4025,0.59308,3.204113,130.584637
SPHINCS+-SHA2-128f-simple_run09,active,40.814783,5.395,0.595762,3.214134,130.625587
SPHINCS+-SHA2-128f-simple_run09,active,40.827523,5.39625,0.593795,3.204265,130.66641
SPHINCS+-SHA2-128f-simple_run09,active,40.840265,5.39625,0.594689,3.209089,130.707299
SPHINCS+-SHA2-128f-simple_run09,active,40.853012,5.39875,0.593258,3.202854,130.748124
SPHINCS+-SHA2-128f-simple_run09,active,40.86874,5.3975,0.593974,3.205973,130.798548
SPHINCS+-SHA2-128f-simple_run09,active,40.881501,5.39875,0.597013,3.223125,130.83968
SPHINCS+-SHA2-128f-simple_run09,active,40.894244,5.39625,0.596656,3.219703,130.88071
SPHINCS+-SHA2-128f-simple_run09,active,40.906984,5.3975,0.593258,3.202112,130.921503
SPHINCS+-SHA2-128f-simple_run09,active,40.919723,5.3975,0.594152,3.206938,130.962357
SPHINCS+-SHA2-128f-simple_run09,active,40.932463,5.39875,0.593974,3.206715,131.003211
SPHINCS+-SHA2-128f-simple_run09,active,40.945228,5.39875,0.593795,3.20575,131.044132
SPHINCS+-SHA2-128f-simple_run09,active,40.957984,5.3975,0.593437,3.203077,131.084989
SPHINCS+-SHA2-128f-simple_run09,active,40.970746,5.39625,0.593616,3.2033,131.125869
SPHINCS+-SHA2-128f-simple_run09,active,40.983486,5.39875,0.593437,3.203819,131.166687
SPHINCS+-SHA2-128f-simple_run09,active,40.996229,5.395,0.594689,3.208346,131.20757
SPHINCS+-SHA2-128f-simple_run09,active,41.008965,5.3975,0.593437,3.203077,131.248366
SPHINCS+-SHA2-128f-simple_run09,active,41.021703,5.39625,0.594331,3.20716,131.289219
SPHINCS+-SHA2-128f-simple_run09,active,41.034442,5.3975,0.595762,3.215623,131.330183
SPHINCS+-SHA2-128f-simple_run09,active,41.04718,5.39625,0.59451,3.208125,131.371046
SPHINCS+-SHA2-128f-simple_run09,active,41.059965,5.39625,0.593258,3.201371,131.411975
SPHINCS+-SHA2-128f-simple_run09,active,41.072711,5.4,0.593974,3.207457,131.452858
SPHINCS+-SHA2-128f-simple_run09,active,41.085449,5.39375,0.593258,3.199887,131.49362
SPHINCS+-SHA2-128f-simple_run09,active,41.098189,5.4,0.594152,3.208423,131.534495
SPHINCS+-SHA2-128f-simple_run09,active,41.110928,5.39875,0.594331,3.208646,131.575369
SPHINCS+-SHA2-128f-simple_run09,active,41.123666,5.3975,0.598086,3.228169,131.616489
SPHINCS+-SHA2-128f-simple_run09,active,41.136408,5.39625,0.593437,3.202335,131.657293
SPHINCS+-SHA2-128f-simple_run09,active,41.149146,5.39625,0.593258,3.201371,131.698072
SPHINCS+-SHA2-128f-simple_run09,active,41.161889,5.3925,0.593437,3.20011,131.73885
SPHINCS+-SHA2-128f-simple_run09,active,41.174631,5.3975,0.593795,3.205007,131.779689
SPHINCS+-SHA2-128f-simple_run09,active,41.187372,5.39625,0.593437,3.202335,131.820489
SPHINCS+-SHA2-128f-simple_run09,active,41.200112,5.39875,0.593795,3.20575,131.861331
SPHINCS+-SHA2-128f-simple_run09,active,41.212849,5.39625,0.591828,3.193652,131.90201
SPHINCS+-SHA2-128f-simple_run09,active,41.225588,5.39625,0.598265,3.228386,131.943136
SPHINCS+-SHA2-128f-simple_run09,active,41.238326,5.39625,0.593437,3.202335,131.983927
SPHINCS+-SHA2-128f-simple_run09,active,41.251063,5.3975,0.594152,3.206938,132.024775
SPHINCS+-SHA2-128f-simple_run09,active,41.263807,5.39625,0.593437,3.202335,132.065584
SPHINCS+-SHA2-128f-simple_run09,active,41.276549,5.39875,0.593795,3.20575,132.106433
SPHINCS+-SHA2-128f-simple_run09,active,41.28929,5.39875,0.593437,3.203819,132.147251
SPHINCS+-SHA2-128f-simple_run09,active,41.302024,5.3975,0.591649,3.193427,132.187918
SPHINCS+-SHA2-128f-simple_run09,active,41.314769,5.39625,0.593795,3.204265,132.228757
SPHINCS+-SHA2-128f-simple_run09,active,41.327508,5.39625,0.594331,3.20716,132.269612
SPHINCS+-SHA2-128f-simple_run09,active,41.340254,5.395,0.594689,3.208346,132.310504
SPHINCS+-SHA2-128f-simple_run09,active,41.35299,5.395,0.592722,3.197735,132.35123
SPHINCS+-SHA2-128f-simple_run09,active,41.365736,5.39875,0.593437,3.203819,132.392066
SPHINCS+-SHA2-128f-simple_run09,active,41.37848,5.39875,0.593258,3.202854,132.432884
SPHINCS+-SHA2-128f-simple_run09,active,41.39122,5.3775,0.59147,3.180632,132.473405
SPHINCS+-SHA2-128f-simple_run09,active,41.403962,5.3975,0.592901,3.200182,132.514182
SPHINCS+-SHA2-128f-simple_run09,active,41.416699,5.3975,0.593616,3.204042,132.554992
SPHINCS+-SHA2-128f-simple_run09,active,41.429436,5.39625,0.593437,3.202335,132.595782
SPHINCS+-SHA2-128f-simple_run09,active,41.442175,5.39625,0.592901,3.199441,132.636538
SPHINCS+-SHA2-128f-simple_run09,active,41.454912,5.39625,0.595046,3.211019,132.677437
SPHINCS+-SHA2-128f-simple_run09,active,41.467657,5.39875,0.592901,3.200923,132.718232
SPHINCS+-SHA2-128f-simple_run09,active,41.480402,5.39875,0.59308,3.201888,132.759041
SPHINCS+-SHA2-128f-simple_run09,active,41.493141,5.3975,0.59451,3.208868,132.799919
SPHINCS+-SHA2-128f-simple_run09,active,41.505881,5.39625,0.594331,3.20716,132.840777
SPHINCS+-SHA2-128f-simple_run09,active,41.518621,5.395,0.593437,3.201594,132.881565
SPHINCS+-SHA2-128f-simple_run09,active,41.53136,5.39625,0.593616,3.2033,132.922372
SPHINCS+-SHA2-128f-simple_run09,active,41.544102,5.39375,0.593437,3.200852,132.963158
SPHINCS+-SHA2-128f-simple_run09,active,41.556842,5.39625,0.593258,3.201371,133.003942
SPHINCS+-SHA2-128f-simple_run09,active,41.569587,5.39625,0.594152,3.206195,133.044808
SPHINCS+-SHA2-128f-simple_run09,active,41.582331,5.39625,0.592364,3.196546,133.085545
SPHINCS+-SHA2-128f-simple_run09,active,41.59507,5.39375,0.59594,3.214354,133.12649
SPHINCS+-SHA2-128f-simple_run09,active,41.607809,5.3975,0.592543,3.198252,133.167233
SPHINCS+-SHA2-128f-simple_run09,active,41.620549,5.39625,0.59308,3.200406,133.208007
SPHINCS+-SHA2-128f-simple_run09,active,41.633288,5.38625,0.594331,3.201216,133.248786
SPHINCS+-SHA2-128f-simple_run09,active,41.646029,5.3975,0.593258,3.202112,133.289585
SPHINCS+-SHA2-128f-simple_run09,active,41.658768,5.39875,0.59308,3.201888,133.330375
SPHINCS+-SHA2-128f-simple_run09,active,41.671515,5.395,0.593974,3.204488,133.371221
SPHINCS+-SHA2-128f-simple_run09,active,41.684263,5.39625,0.593258,3.201371,133.412031
SPHINCS+-SHA2-128f-simple_run09,active,41.697003,5.3975,0.593437,3.203077,133.45284
SPHINCS+-SHA2-128f-simple_run09,active,41.709743,5.39625,0.593437,3.202335,133.493638
SPHINCS+-SHA2-128f-simple_run09,active,41.722485,5.4,0.592543,3.199733,133.534409
SPHINCS+-SHA2-128f-simple_run09,active,41.735229,5.3975,0.596656,3.220449,133.575449
SPHINCS+-SHA2-128f-simple_run09,active,41.747969,5.3975,0.593258,3.202112,133.616245
SPHINCS+-SHA2-128f-simple_run09,active,41.760709,5.395,0.593437,3.201594,133.657035
SPHINCS+-SHA2-128f-simple_run09,active,41.773455,5.3975,0.590755,3.188601,133.697674
SPHINCS+-SHA2-128f-simple_run09,active,41.7862,5.3975,0.593437,3.203077,133.7385
SPHINCS+-SHA2-128f-simple_run09,active,41.79894,5.395,0.593437,3.201594,133.779287
SPHINCS+-SHA2-128f-simple_run09,active,41.81168,5.39625,0.593437,3.202335,133.820085
SPHINCS+-SHA2-128f-simple_run09,active,41.824422,5.39875,0.591649,3.194166,133.860784
SPHINCS+-SHA2-128f-simple_run09,active,41.837162,5.395,0.593437,3.201594,133.901573
SPHINCS+-SHA2-128f-simple_run09,active,41.849903,5.39625,0.594152,3.206195,133.942421
SPHINCS+-SHA2-128f-simple_run09,active,41.862643,5.4,0.593616,3.205526,133.98326
SPHINCS+-SHA2-128f-simple_run09,active,41.875388,5.39875,0.593437,3.203819,134.024095
SPHINCS+-SHA2-128f-simple_run09,active,41.888135,5.3975,0.593437,3.203077,134.064923
SPHINCS+-SHA2-128f-simple_run09,active,41.900874,5.39875,0.593616,3.204784,134.105749
SPHINCS+-SHA2-128f-simple_run09,active,41.913613,5.395,0.591649,3.191947,134.146413
SPHINCS+-SHA2-128f-simple_run09,active,41.926353,5.3975,0.598801,3.232029,134.187588
SPHINCS+-SHA2-128f-simple_run09,active,41.939093,5.3975,0.593258,3.202112,134.228383
SPHINCS+-SHA2-128f-simple_run09,active,41.951833,5.3975,0.592007,3.195357,134.269093
SPHINCS+-SHA2-128f-simple_run09,active,41.964587,5.39625,0.593258,3.201371,134.309921
SPHINCS+-SHA2-128f-simple_run09,active,41.977335,5.3975,0.592543,3.198252,134.350692
SPHINCS+-SHA2-128f-simple_run09,active,41.990079,5.3975,0.59308,3.201147,134.391489
SPHINCS+-SHA2-128f-simple_run09,active,42.002819,5.3975,0.589504,3.181846,134.432025
SPHINCS+-SHA2-128f-simple_run09,active,42.015575,5.395,0.595225,3.21124,134.472987
SPHINCS+-SHA2-128f-simple_run09,active,42.028353,5.39625,0.593258,3.201371,134.513896
SPHINCS+-SHA2-128f-simple_run09,active,42.0411,5.395,0.593258,3.200629,134.554695
SPHINCS+-SHA2-128f-simple_run09,active,42.053848,5.3925,0.593258,3.199146,134.595475
SPHINCS+-SHA2-128f-simple_run09,active,42.06659,5.3975,0.593258,3.202112,134.636276
SPHINCS+-SHA2-128f-simple_run09,active,42.079338,5.3975,0.596477,3.219484,134.67732
SPHINCS+-SHA2-128f-simple_run09,active,42.092087,5.39625,0.593437,3.202335,134.718146
SPHINCS+-SHA2-128f-simple_run09,active,42.104828,5.39625,0.591828,3.193652,134.758838
SPHINCS+-SHA2-128f-simple_run09,active,42.117569,5.3975,0.591113,3.190531,134.799485
SPHINCS+-SHA2-128f-simple_run09,active,42.13031,5.3975,0.592186,3.196322,134.840212
SPHINCS+-SHA2-128f-simple_run09,active,42.145991,5.39625,0.59594,3.215843,134.89064
SPHINCS+-SHA2-128f-simple_run09,active,42.158755,5.3975,0.592543,3.198252,134.931462
SPHINCS+-SHA2-128f-simple_run09,active,42.171502,5.3975,0.593258,3.202112,134.972278
SPHINCS+-SHA2-128f-simple_run09,active,42.184254,5.39875,0.593437,3.203819,135.013134
SPHINCS+-SHA2-128f-simple_run09,active,42.197001,5.39625,0.592901,3.199441,135.053917
SPHINCS+-SHA2-128f-simple_run09,active,42.209743,5.39625,0.593974,3.20523,135.094758
SPHINCS+-SHA2-128f-simple_run09,active,42.222482,5.395,0.591828,3.192912,135.135434
SPHINCS+-SHA2-128f-simple_run09,active,42.235225,5.3975,0.594689,3.209833,135.176335
SPHINCS+-SHA2-128f-simple_run09,active,42.247972,5.395,0.593795,3.203523,135.217172
SPHINCS+-SHA2-128f-simple_run09,active,42.260715,5.39625,0.592901,3.199441,135.257943
SPHINCS+-SHA2-128f-simple_run09,active,42.273456,5.3925,0.594152,3.203967,135.298762
SPHINCS+-SHA2-128f-simple_run09,active,42.286194,5.39125,0.593795,3.201296,135.339542
SPHINCS+-SHA2-128f-simple_run09,active,42.29894,5.39625,0.592901,3.199441,135.38032
SPHINCS+-SHA2-128f-simple_run09,active,42.311679,5.395,0.593258,3.200629,135.421095
SPHINCS+-SHA2-128f-simple_run09,active,42.324423,5.39875,0.593795,3.20575,135.461947
SPHINCS+-SHA2-128f-simple_run09,active,42.337165,5.3975,0.594331,3.207903,135.502822
SPHINCS+-SHA2-128f-simple_run09,active,42.349905,5.39875,0.596656,3.221194,135.543861
SPHINCS+-SHA2-128f-simple_run09,active,42.362648,5.3975,0.594689,3.209833,135.584763
SPHINCS+-SHA2-128f-simple_run09,active,42.375389,5.3975,0.594868,3.210798,135.625673
SPHINCS+-SHA2-128f-simple_run09,active,42.38814,5.39625,0.593258,3.201371,135.666494
SPHINCS+-SHA2-128f-simple_run09,active,42.400884,5.3975,0.593258,3.202112,135.707301
SPHINCS+-SHA2-128f-simple_run09,active,42.413624,5.3975,0.592901,3.200182,135.748073
SPHINCS+-SHA2-128f-simple_run09,active,42.426365,5.39875,0.59308,3.201888,135.788867
SPHINCS+-SHA2-128f-simple_run09,active,42.439106,5.3975,0.593437,3.203077,135.829678
SPHINCS+-SHA2-128f-simple_run09,active,42.451853,5.4025,0.597013,3.225364,135.87079
SPHINCS+-SHA2-128f-simple_run09,active,42.464596,5.39625,0.59308,3.200406,135.911573
SPHINCS+-SHA2-128f-simple_run09,active,42.477336,5.39625,0.593437,3.202335,135.95237
SPHINCS+-SHA2-128f-simple_run09,active,42.490084,5.39875,0.592901,3.200923,135.993176
SPHINCS+-SHA2-128f-simple_run09,active,42.502829,5.3925,0.595583,3.21168,136.034108
SPHINCS+-SHA2-128f-simple_run09,active,42.515568,5.39625,0.593974,3.20523,136.074942
SPHINCS+-SHA2-128f-simple_run09,active,42.528312,5.3975,0.593795,3.205007,136.115785
SPHINCS+-SHA2-128f-simple_run09,active,42.541051,5.3975,0.593795,3.205007,136.156613
SPHINCS+-SHA2-128f-simple_run09,active,42.553789,5.3975,0.596477,3.219484,136.197623
SPHINCS+-SHA2-128f-simple_run09,active,42.566575,5.395,0.592901,3.1987,136.238523
SPHINCS+-SHA2-128f-simple_run09,active,42.579317,5.39875,0.593437,3.203819,136.279344
SPHINCS+-SHA2-128f-simple_run09,active,42.592068,5.3975,0.588431,3.176055,136.319844
SPHINCS+-SHA2-128f-simple_run09,active,42.604813,5.3975,0.594689,3.209833,136.360752
SPHINCS+-SHA2-128f-simple_run09,active,42.617551,5.39875,0.593258,3.202854,136.401551
SPHINCS+-SHA2-128f-simple_run09,active,42.630302,5.3975,0.599516,3.23589,136.442811
SPHINCS+-SHA2-128f-simple_run09,active,42.643045,5.39375,0.593974,3.203745,136.483637
SPHINCS+-SHA2-128f-simple_run09,active,42.655786,5.3975,0.598801,3.232029,136.524817
SPHINCS+-SHA2-128f-simple_run09,active,42.66853,5.39875,0.592901,3.200923,136.565608
SPHINCS+-SHA2-128f-simple_run09,active,42.681271,5.39625,0.594331,3.20716,136.606472
SPHINCS+-SHA2-128f-simple_run09,active,42.694018,5.395,0.595046,3.210275,136.647392
SPHINCS+-SHA2-128f-simple_run09,active,42.706765,5.39875,0.593258,3.202854,136.68822
SPHINCS+-SHA2-128f-simple_run09,active,42.719508,5.3975,0.593616,3.204042,136.729049
SPHINCS+-SHA2-128f-simple_run09,active,42.73225,5.39625,0.592364,3.196546,136.76978
SPHINCS+-SHA2-128f-simple_run09,active,42.744991,5.3975,0.593258,3.202112,136.810576
SPHINCS+-SHA2-128f-simple_run09,active,42.757732,5.39625,0.598801,3.231281,136.851746
SPHINCS+-SHA2-128f-simple_run09,active,42.770473,5.395,0.593258,3.200629,136.892526
SPHINCS+-SHA2-128f-simple_run09,active,42.783213,5.39375,0.592543,3.19603,136.933244
SPHINCS+-SHA2-128f-simple_run09,active,42.795962,5.39875,0.595583,3.215403,136.974237
SPHINCS+-SHA2-128f-simple_run09,active,42.808706,5.39625,0.592543,3.197511,137.014985
SPHINCS+-SHA2-128f-simple_run09,active,42.821448,5.39125,0.59308,3.19744,137.055727
SPHINCS+-SHA2-128f-simple_run09,active,42.834189,5.39625,0.593795,3.204265,137.096552
SPHINCS+-SHA2-128f-simple_run09,active,42.846929,5.40125,0.593437,3.205303,137.137389
SPHINCS+-SHA2-128f-simple_run09,active,42.85967,5.3975,0.596656,3.220449,137.17842
SPHINCS+-SHA2-128f-simple_run09,active,42.872414,5.39375,0.59308,3.198923,137.219187
SPHINCS+-SHA2-128f-simple_run09,active,42.885154,5.39625,0.593616,3.2033,137.259998
SPHINCS+-SHA2-128f-simple_run09,active,42.897901,5.39625,0.594152,3.206195,137.300868
SPHINCS+-SHA2-128f-simple_run09,active,42.910647,5.3975,0.592722,3.199217,137.341644
SPHINCS+-SHA2-128f-simple_run09,active,42.923388,5.395,0.594152,3.205452,137.382486
SPHINCS+-SHA2-128f-simple_run09,active,42.936131,5.39875,0.593616,3.204784,137.423324
SPHINCS+-SHA2-128f-simple_run09,active,42.948871,5.39375,0.593258,3.199887,137.464091
SPHINCS+-SHA2-128f-simple_run09,active,42.961627,5.3975,0.597013,3.222379,137.505194
SPHINCS+-SHA2-128f-simple_run09,active,42.974369,5.39625,0.593795,3.204265,137.546024
SPHINCS+-SHA2-128f-simple_run09,active,42.98711,5.39625,0.592543,3.197511,137.586761
SPHINCS+-SHA2-128f-simple_run09,active,42.999855,5.39625,0.593795,3.204265,137.627602
SPHINCS+-SHA2-128f-simple_run09,active,43.012603,5.4025,0.593974,3.208942,137.668507
SPHINCS+-SHA2-128f-simple_run09,active,43.025344,5.39625,0.592901,3.199441,137.709272
SPHINCS+-SHA2-128f-simple_run09,active,43.038084,5.3975,0.593437,3.203077,137.750081
SPHINCS+-SHA2-128f-simple_run09,active,43.050825,5.38125,0.592901,3.190547,137.790729
SPHINCS+-SHA2-128f-simple_run09,active,43.063566,5.39625,0.599516,3.23514,137.831949
SPHINCS+-SHA2-128f-simple_run09,active,43.076309,5.3975,0.593258,3.202112,137.872753
SPHINCS+-SHA2-128f-simple_run09,active,43.089046,5.39875,0.593616,3.204784,137.913573
SPHINCS+-SHA2-128f-simple_run09,active,43.101792,5.3975,0.594331,3.207903,137.954462
SPHINCS+-SHA2-128f-simple_run09,active,43.114581,5.3975,0.594331,3.207903,137.995487
SPHINCS+-SHA2-128f-simple_run09,active,43.127323,5.3975,0.592901,3.200182,138.036265
SPHINCS+-SHA2-128f-simple_run09,active,43.140068,5.39625,0.593258,3.201371,138.077064
SPHINCS+-SHA2-128f-simple_run09,active,43.152809,5.3925,0.595046,3.208788,138.117948
SPHINCS+-SHA2-128f-simple_run09,active,43.165548,5.38375,0.598801,3.223796,138.159017
SPHINCS+-SHA2-128f-simple_run09,active,43.17829,5.39625,0.593258,3.201371,138.199808
SPHINCS+-SHA2-128f-simple_run09,active,43.191033,5.39625,0.592901,3.199441,138.240577
SPHINCS+-SHA2-128f-simple_run09,active,43.20378,5.3925,0.594152,3.203967,138.281421
SPHINCS+-SHA2-128f-simple_run09,active,43.216527,5.39625,0.593437,3.202335,138.32224
SPHINCS+-SHA2-128f-simple_run09,active,43.229271,5.3975,0.593258,3.202112,138.363048
SPHINCS+-SHA2-128f-simple_run09,active,43.242011,5.3975,0.591113,3.190531,138.403694
SPHINCS+-SHA2-128f-simple_run09,active,43.254748,5.39625,0.592543,3.197511,138.44442
SPHINCS+-SHA2-128f-simple_run09,active,43.267487,5.3825,0.595225,3.2038,138.485236
SPHINCS+-SHA2-128f-simple_run09,active,43.28023,5.39875,0.593795,3.20575,138.526087
SPHINCS+-SHA2-128f-simple_run09,active,43.29297,5.3975,0.593616,3.204042,138.566905
SPHINCS+-SHA2-128f-simple_run09,active,43.305719,5.39625,0.593437,3.202335,138.607732
SPHINCS+-SHA2-128f-simple_run09,active,43.318464,5.39625,0.593258,3.201371,138.648534
SPHINCS+-SHA2-128f-simple_run09,active,43.331207,5.39875,0.593258,3.202854,138.689348
SPHINCS+-SHA2-128f-simple_run09,active,43.343952,5.39625,0.593258,3.201371,138.73015
SPHINCS+-SHA2-128f-simple_run09,active,43.356692,5.39875,0.593437,3.203819,138.770966
SPHINCS+-SHA2-128f-simple_run09,active,43.369435,5.38375,0.598622,3.222833,138.812035
SPHINCS+-SHA2-128f-simple_run09,active,43.382176,5.39875,0.592901,3.200923,138.852816
SPHINCS+-SHA2-128f-simple_run09,active,43.394915,5.39625,0.593437,3.202335,138.893612
SPHINCS+-SHA2-128f-simple_run09,active,43.407663,5.3975,0.593258,3.202112,138.934433
SPHINCS+-SHA2-128f-simple_run09,active,43.423303,5.395,0.593795,3.203523,138.984536
SPHINCS+-SHA2-128f-simple_run09,active,43.436062,5.395,0.593974,3.204488,139.025421
SPHINCS+-SHA2-128f-simple_run09,active,43.448805,5.39875,0.592543,3.198993,139.066187
SPHINCS+-SHA2-128f-simple_run09,active,43.461546,5.39625,0.593795,3.204265,139.107012
SPHINCS+-SHA2-128f-simple_run09,active,43.474287,5.395,0.595762,3.214134,139.147961
SPHINCS+-SHA2-128f-simple_run09,active,43.487027,5.3975,0.593974,3.205973,139.188808
SPHINCS+-SHA2-128f-simple_run09,active,43.499768,5.39625,0.593437,3.202335,139.229607
SPHINCS+-SHA2-128f-simple_run09,active,43.512517,5.39625,0.590755,3.187863,139.270249
SPHINCS+-SHA2-128f-simple_run09,active,43.525263,5.3975,0.593437,3.203077,139.311076
SPHINCS+-SHA2-128f-simple_run09,active,43.538004,5.39625,0.592901,3.199441,139.35184
SPHINCS+-SHA2-128f-simple_run09,active,43.550744,5.3975,0.594152,3.206938,139.392696
SPHINCS+-SHA2-128f-simple_run09,active,43.563484,5.39375,0.593616,3.201816,139.433486
SPHINCS+-SHA2-128f-simple_run09,active,43.576225,5.3975,0.598265,3.229134,139.474629
SPHINCS+-SHA2-128f-simple_run09,active,43.588963,5.3975,0.593437,3.203077,139.515432
SPHINCS+-SHA2-128f-simple_run09,active,43.601701,5.40375,0.593437,3.206786,139.55628
SPHINCS+-SHA2-128f-simple_run09,active,43.614447,5.395,0.594152,3.205452,139.597136
SPHINCS+-SHA2-128f-simple_run09,active,43.627191,5.39625,0.594152,3.206195,139.637997
SPHINCS+-SHA2-128f-simple_run09,active,43.639972,5.39875,0.593258,3.202854,139.678931
SPHINCS+-SHA2-128f-simple_run09,active,43.652715,5.3975,0.593437,3.203077,139.719749
SPHINCS+-SHA2-128f-simple_run09,active,43.665455,5.3975,0.593437,3.203077,139.760556
SPHINCS+-SHA2-128f-simple_run09,active,43.678195,5.395,0.593616,3.202558,139.801355
SPHINCS+-SHA2-128f-simple_run09,active,43.690935,5.39625,0.592722,3.198476,139.842105
SPHINCS+-SHA2-128f-simple_run09,active,43.703676,5.40375,0.596119,3.221279,139.883145
SPHINCS+-SHA2-128f-simple_run09,active,43.716425,5.39625,0.593258,3.201371,139.923962
SPHINCS+-SHA2-128f-simple_run09,active,43.729168,5.395,0.593258,3.200629,139.964748
SPHINCS+-SHA2-128f-simple_run09,active,43.74191,5.40125,0.587,3.170536,140.005144
SPHINCS+-SHA2-128f-simple_run09,active,43.754652,5.39625,0.592543,3.197511,140.045888
SPHINCS+-SHA2-128f-simple_run09,active,43.767393,5.3875,0.593437,3.197143,140.086624
SPHINCS+-SHA2-128f-simple_run09,active,43.780139,5.39625,0.592901,3.199441,140.127402
SPHINCS+-SHA2-128f-simple_run09,active,43.792879,5.395,0.590755,3.187124,140.168007
SPHINCS+-SHA2-128f-simple_run09,active,43.805618,5.39625,0.593437,3.202335,140.208802
SPHINCS+-SHA2-128f-simple_run09,active,43.818367,5.39875,0.593437,3.203819,140.249647
SPHINCS+-SHA2-128f-simple_run09,active,43.831111,5.39625,0.593437,3.202335,140.290459
SPHINCS+-SHA2-128f-simple_run09,active,43.843854,5.39625,0.589682,3.182074,140.331006
SPHINCS+-SHA2-128f-simple_run09,active,43.856595,5.3975,0.593437,3.203077,140.371817
SPHINCS+-SHA2-128f-simple_run09,active,43.869335,5.39875,0.593258,3.202854,140.412621
SPHINCS+-SHA2-128f-simple_run09,active,43.882076,5.38375,0.590398,3.178553,140.453118
SPHINCS+-SHA2-128f-simple_run09,active,43.894816,5.39625,0.595404,3.212949,140.494054
SPHINCS+-SHA2-128f-simple_run09,active,43.907557,5.3975,0.593258,3.202112,140.53485
SPHINCS+-SHA2-128f-simple_run09,active,43.920305,5.39625,0.594331,3.20716,140.575737
SPHINCS+-SHA2-128f-simple_run09,active,43.933049,5.395,0.596656,3.218957,140.616757
SPHINCS+-SHA2-128f-simple_run09,active,43.94579,5.39625,0.593437,3.202335,140.657557
SPHINCS+-SHA2-128f-simple_run09,active,43.958583,5.3975,0.594331,3.207903,140.698596
SPHINCS+-SHA2-128f-simple_run09,active,43.97133,5.39625,0.593437,3.202335,140.739416
SPHINCS+-SHA2-128f-simple_run09,active,43.984074,5.38375,0.593437,3.194918,140.780133
SPHINCS+-SHA2-128f-simple_run09,active,43.996814,5.4,0.592543,3.199733,140.820898
SPHINCS+-SHA2-128f-simple_run09,active,44.009555,5.39875,0.593437,3.203819,140.861718
SPHINCS+-SHA2-128f-simple_run09,active,44.022306,5.395,0.59308,3.199664,140.902516
SPHINCS+-SHA2-128f-simple_run09,active,44.03505,5.3975,0.595404,3.213693,140.943473
SPHINCS+-SHA2-128f-simple_run09,active,44.047792,5.39875,0.593258,3.202854,140.984283
SPHINCS+-SHA2-128f-simple_run09,active,44.060533,5.3975,0.593616,3.204042,141.025107
SPHINCS+-SHA2-128f-simple_run09,active,44.073272,5.40125,0.593258,3.204337,141.065926
SPHINCS+-SHA2-128f-simple_run09,active,44.086014,5.38375,0.595225,3.204544,141.106758
SPHINCS+-SHA2-128f-simple_run09,active,44.098756,5.39625,0.592901,3.199441,141.147526
SPHINCS+-SHA2-128f-simple_run09,active,44.111497,5.39625,0.594331,3.20716,141.188387
SPHINCS+-SHA2-128f-simple_run09,active,44.124246,5.4075,0.593795,3.210945,141.229323
SPHINCS+-SHA2-128f-simple_run09,active,44.13699,5.3975,0.593258,3.202112,141.270132
SPHINCS+-SHA2-128f-simple_run09,active,44.149731,5.3975,0.594152,3.206938,141.310991
SPHINCS+-SHA2-128f-simple_run09,active,44.162472,5.39875,0.593795,3.20575,141.351838
SPHINCS+-SHA2-128f-simple_run09,active,44.175213,5.3975,0.593795,3.205007,141.392672
SPHINCS+-SHA2-128f-simple_run09,active,44.187955,5.38,0.595225,3.202312,141.433476
SPHINCS+-SHA2-128f-simple_run09,active,44.200696,5.395,0.593258,3.200629,141.474256
SPHINCS+-SHA2-128f-simple_run09,active,44.213436,5.39625,0.594689,3.209089,141.515139
SPHINCS+-SHA2-128f-simple_run09,active,44.226184,5.39625,0.593795,3.204265,141.555987
SPHINCS+-SHA2-128f-simple_run09,active,44.238929,5.39875,0.593616,3.204784,141.596831
SPHINCS+-SHA2-128f-simple_run09,active,44.251671,5.3975,0.593258,3.202112,141.637634
SPHINCS+-SHA2-128f-simple_run09,active,44.264414,5.39625,0.593795,3.204265,141.678465
SPHINCS+-SHA2-128f-simple_run09,active,44.277155,5.395,0.593616,3.202558,141.719268
SPHINCS+-SHA2-128f-simple_run09,active,44.289897,5.39625,0.593258,3.201371,141.760059
SPHINCS+-SHA2-128f-simple_run09,active,44.302638,5.39875,0.588967,3.179687,141.800573
SPHINCS+-SHA2-128f-simple_run09,active,44.315379,5.3975,0.593437,3.203077,141.841382
SPHINCS+-SHA2-128f-simple_run09,active,44.328119,5.3975,0.593795,3.205007,141.882215
SPHINCS+-SHA2-128f-simple_run09,active,44.34086,5.39625,0.594152,3.206195,141.923065
SPHINCS+-SHA2-128f-simple_run09,active,44.353599,5.3975,0.594868,3.210798,141.963965
SPHINCS+-SHA2-128f-simple_run09,active,44.366339,5.39625,0.593616,3.2033,142.004778
SPHINCS+-SHA2-128f-simple_run09,active,44.37908,5.3975,0.59308,3.201147,142.045564
SPHINCS+-SHA2-128f-simple_run09,active,44.391823,5.39625,0.59451,3.208125,142.086444
SPHINCS+-SHA2-128f-simple_run09,active,44.404572,5.3975,0.593795,3.205007,142.127303
SPHINCS+-SHA2-128f-simple_run09,active,44.417312,5.3975,0.593974,3.205973,142.16815
SPHINCS+-SHA2-128f-simple_run09,active,44.430061,5.39625,0.593437,3.202335,142.208976
SPHINCS+-SHA2-128f-simple_run09,active,44.442805,5.39625,0.593616,3.2033,142.2498
SPHINCS+-SHA2-128f-simple_run09,active,44.455547,5.39625,0.596119,3.216808,142.290788
SPHINCS+-SHA2-128f-simple_run09,active,44.468291,5.3975,0.593258,3.202112,142.331594
SPHINCS+-SHA2-128f-simple_run09,active,44.48103,5.39875,0.594152,3.20768,142.372458
SPHINCS+-SHA2-128f-simple_run09,active,44.49377,5.40125,0.595225,3.21496,142.413417
SPHINCS+-SHA2-128f-simple_run09,active,44.506551,5.39625,0.593258,3.201371,142.454333
SPHINCS+-SHA2-128f-simple_run09,active,44.519293,5.395,0.593258,3.200629,142.495116
SPHINCS+-SHA2-128f-simple_run09,active,44.532044,5.40125,0.593437,3.205303,142.535986
SPHINCS+-SHA2-128f-simple_run09,active,44.544789,5.40125,0.593437,3.205303,142.576839
SPHINCS+-SHA2-128f-simple_run09,active,44.557532,5.39875,0.59308,3.201888,142.617638
SPHINCS+-SHA2-128f-simple_run09,active,44.570276,5.3975,0.593437,3.203077,142.65846
SPHINCS+-SHA2-128f-simple_run09,active,44.583025,5.40625,0.59308,3.206337,142.699335
SPHINCS+-SHA2-128f-simple_run09,active,44.595767,5.395,0.599874,3.23632,142.740574
SPHINCS+-SHA2-128f-simple_run09,active,44.608511,5.395,0.593616,3.202558,142.781386
SPHINCS+-SHA2-128f-simple_run09,active,44.621252,5.3975,0.593437,3.203077,142.822197
SPHINCS+-SHA2-128f-simple_run09,active,44.633999,5.38875,0.592543,3.193067,142.862899
SPHINCS+-SHA2-128f-simple_run09,active,44.646748,5.395,0.592722,3.197735,142.903667
SPHINCS+-SHA2-128f-simple_run09,active,44.659489,5.3975,0.593437,3.203077,142.944477
SPHINCS+-SHA2-128f-simple_run09,active,44.672231,5.395,0.593258,3.200629,142.98526
SPHINCS+-SHA2-128f-simple_run09,active,44.684972,5.39625,0.592901,3.199441,143.026023
SPHINCS+-SHA2-128f-simple_run09,active,44.700612,5.3825,0.593437,3.194176,143.075982
SPHINCS+-SHA2-128f-simple_run09,active,44.713373,5.4,0.589325,3.182354,143.116591
SPHINCS+-SHA2-128f-simple_run09,active,44.726117,5.39625,0.593616,3.2033,143.157415
SPHINCS+-SHA2-128f-simple_run09,active,44.738865,5.3975,0.593437,3.203077,143.198247
SPHINCS+-SHA2-128f-simple_run09,active,44.75161,5.3975,0.593437,3.203077,143.239071
SPHINCS+-SHA2-128f-simple_run09,active,44.764354,5.4,0.593616,3.205526,143.279922
SPHINCS+-SHA2-128f-simple_run09,active,44.777094,5.39625,0.59308,3.200406,143.320695
SPHINCS+-SHA2-128f-simple_run09,active,44.789834,5.3975,0.594331,3.207903,143.361564
SPHINCS+-SHA2-128f-simple_run09,active,44.802575,5.38625,0.592901,3.193512,143.402253
SPHINCS+-SHA2-128f-simple_run09,active,44.815316,5.39625,0.594868,3.210054,143.443152
SPHINCS+-SHA2-128f-simple_run09,active,44.828059,5.39625,0.593616,3.2033,143.48397
SPHINCS+-SHA2-128f-simple_run09,active,44.840804,5.4,0.593258,3.203595,143.5248
SPHINCS+-SHA2-128f-simple_run09,active,44.853547,5.38875,0.593258,3.196921,143.565538
SPHINCS+-SHA2-128f-simple_run09,active,44.866286,5.3975,0.593258,3.202112,143.60633
SPHINCS+-SHA2-128f-simple_run09,active,44.879025,5.39625,0.593258,3.201371,143.647114
SPHINCS+-SHA2-128f-simple_run09,active,44.891764,5.39125,0.593974,3.20226,143.687908
SPHINCS+-SHA2-128f-simple_run09,active,44.904504,5.38,0.593258,3.19173,143.72857
SPHINCS+-SHA2-128f-simple_run09,active,44.917277,5.39625,0.594331,3.20716,143.769536
SPHINCS+-SHA2-128f-simple_run09,active,44.930017,5.395,0.593437,3.201594,143.810323
SPHINCS+-SHA2-128f-simple_run09,active,44.942763,5.4,0.588431,3.177526,143.850823
SPHINCS+-SHA2-128f-simple_run09,active,44.95551,5.39625,0.593795,3.204265,143.891667
SPHINCS+-SHA2-128f-simple_run09,active,44.96827,5.39375,0.593616,3.201816,143.932524
SPHINCS+-SHA2-128f-simple_run09,active,44.98101,5.39625,0.593258,3.201371,143.973308
SPHINCS+-SHA2-128f-simple_run09,active,44.993751,5.39625,0.591828,3.193652,144.014
SPHINCS+-SHA2-128f-simple_run09,active,45.006495,5.395,0.592901,3.1987,144.054765
SPHINCS+-SHA2-128f-simple_run09,active,45.019239,5.39625,0.593437,3.202335,144.095574
SPHINCS+-SHA2-128f-simple_run09,active,45.031983,5.39625,0.594689,3.209089,144.136469
SPHINCS+-SHA2-128f-simple_run09,active,45.044729,5.39875,0.589861,3.184513,144.177061
SPHINCS+-SHA2-128f-simple_run09,active,45.057473,5.395,0.593437,3.201594,144.217863
SPHINCS+-SHA2-128f-simple_run09,active,45.070215,5.39625,0.593437,3.202335,144.258664
SPHINCS+-SHA2-128f-simple_run09,active,45.082954,5.3975,0.593616,3.204042,144.299481
SPHINCS+-SHA2-128f-simple_run09,active,45.095692,5.39875,0.676222,3.650751,144.345986
SPHINCS+-SHA2-128f-simple_run09,active,45.108432,5.39625,0.593616,3.2033,144.386796
SPHINCS+-SHA2-128f-simple_run09,active,45.121174,5.39625,0.590755,3.187863,144.427415
SPHINCS+-SHA2-128f-simple_run09,active,45.133912,5.4,0.597192,3.224837,144.468494
SPHINCS+-SHA2-128f-simple_run09,active,45.146658,5.395,0.593437,3.201594,144.5093
SPHINCS+-SHA2-128f-simple_run09,active,45.159401,5.3975,0.594152,3.206938,144.550166
SPHINCS+-SHA2-128f-simple_run09,active,45.172143,5.3975,0.594331,3.207903,144.591042
SPHINCS+-SHA2-128f-simple_run09,active,45.184883,5.39625,0.594331,3.20716,144.6319
SPHINCS+-SHA2-128f-simple_run09,active,45.197622,5.3975,0.593437,3.203077,144.672703
SPHINCS+-SHA2-128f-simple_run09,active,45.210361,5.395,0.594331,3.206417,144.713551
SPHINCS+-SHA2-128f-simple_run09,active,45.223101,5.38625,0.594331,3.201216,144.754336
SPHINCS+-SHA2-128f-simple_run09,active,45.235841,5.395,0.593616,3.202558,144.795135
SPHINCS+-SHA2-128f-simple_run09,active,45.248587,5.39625,0.593437,3.202335,144.835951
SPHINCS+-SHA2-128f-simple_run09,active,45.26133,5.3975,0.593437,3.203077,144.87677
SPHINCS+-SHA2-128f-simple_run09,active,45.27407,5.395,0.595225,3.21124,144.917679
SPHINCS+-SHA2-128f-simple_run09,active,45.286809,5.39625,0.593437,3.202335,144.958474
SPHINCS+-SHA2-128f-simple_run09,active,45.299548,5.39625,0.593437,3.202335,144.999271
SPHINCS+-SHA2-128f-simple_run09,active,45.312288,5.3875,0.592364,3.191363,145.039927
SPHINCS+-SHA2-128f-simple_run09,active,45.325028,5.39625,0.593616,3.2033,145.080739
SPHINCS+-SHA2-128f-simple_run09,active,45.337768,5.3975,0.593795,3.205007,145.121569
SPHINCS+-SHA2-128f-simple_run09,active,45.350553,5.3975,0.593258,3.202112,145.162507
SPHINCS+-SHA2-128f-simple_run09,active,45.363296,5.395,0.592901,3.1987,145.203268
SPHINCS+-SHA2-128f-simple_run09,active,45.376041,5.39875,0.593437,3.203819,145.244101
SPHINCS+-SHA2-128f-simple_run09,active,45.388779,5.39625,0.593437,3.202335,145.284893
SPHINCS+-SHA2-128f-simple_run09,active,45.401514,5.395,0.593795,3.203523,145.325691
SPHINCS+-SHA2-128f-simple_run09,active,45.41426,5.3925,0.593437,3.20011,145.366478
SPHINCS+-SHA2-128f-simple_run09,active,45.427,5.39625,0.593795,3.204265,145.4073
SPHINCS+-SHA2-128f-simple_run09,active,45.43974,5.3975,0.593437,3.203077,145.448108
SPHINCS+-SHA2-128f-simple_run09,active,45.452488,5.39375,0.597907,3.224962,145.489221
SPHINCS+-SHA2-128f-simple_run09,active,45.465264,5.4,0.594152,3.208423,145.530211
SPHINCS+-SHA2-128f-simple_run09,active,45.478007,5.3975,0.594331,3.207903,145.571089
SPHINCS+-SHA2-128f-simple_run09,active,45.490747,5.39625,0.593795,3.204265,145.611912
SPHINCS+-SHA2-128f-simple_run09,active,45.503488,5.3975,0.594331,3.207903,145.652784
SPHINCS+-SHA2-128f-simple_run09,active,45.516231,5.3975,0.593437,3.203077,145.6936
SPHINCS+-SHA2-128f-simple_run09,active,45.528975,5.39625,0.592364,3.196546,145.734336
SPHINCS+-SHA2-128f-simple_run09,active,45.541723,5.395,0.593258,3.200629,145.775137
SPHINCS+-SHA2-128f-simple_run09,active,45.554461,5.395,0.595583,3.213169,145.816069
SPHINCS+-SHA2-128f-simple_run09,active,45.567202,5.395,0.593258,3.200629,145.856847
SPHINCS+-SHA2-128f-simple_run09,active,45.579944,5.3975,0.594152,3.206938,145.897709
SPHINCS+-SHA2-128f-simple_run09,active,45.592684,5.3975,0.594689,3.209833,145.938602
SPHINCS+-SHA2-128f-simple_run09,active,45.605422,5.3975,0.593437,3.203077,145.979405
SPHINCS+-SHA2-128f-simple_run09,active,45.618163,5.39625,0.593795,3.204265,146.020228
SPHINCS+-SHA2-128f-simple_run09,active,45.630903,5.395,0.592901,3.1987,146.060981
SPHINCS+-SHA2-128f-simple_run09,active,45.643647,5.3975,0.597371,3.224309,146.102072
SPHINCS+-SHA2-128f-simple_run09,active,45.656398,5.39625,0.593437,3.202335,146.142904
SPHINCS+-SHA2-128f-simple_run09,active,45.669142,5.39625,0.593258,3.201371,146.183704
SPHINCS+-SHA2-128f-simple_run09,active,45.681883,5.3975,0.592543,3.198252,146.224452
SPHINCS+-SHA2-128f-simple_run09,active,45.694622,5.39625,0.596119,3.216808,146.265432
SPHINCS+-SHA2-128f-simple_run09,active,45.707361,5.3975,0.594152,3.206938,146.306285
SPHINCS+-SHA2-128f-simple_run09,active,45.720104,5.3975,0.593795,3.205007,146.347125
SPHINCS+-SHA2-128f-simple_run09,active,45.732843,5.38875,0.595046,3.206556,146.387973
SPHINCS+-SHA2-128f-simple_run09,active,45.745584,5.39625,0.594331,3.20716,146.428835
SPHINCS+-SHA2-128f-simple_run09,active,45.758348,5.3975,0.59308,3.201147,146.469694
SPHINCS+-SHA2-128f-simple_run09,active,45.77112,5.39875,0.593795,3.20575,146.51064
SPHINCS+-SHA2-128f-simple_run09,active,45.783867,5.39125,0.593258,3.198404,146.55141
SPHINCS+-SHA2-128f-simple_run09,active,45.796607,5.39875,0.593258,3.202854,146.592214
SPHINCS+-SHA2-128f-simple_run09,active,45.809349,5.3975,0.593258,3.202112,146.633016
SPHINCS+-SHA2-128f-simple_run09,active,45.822089,5.39375,0.593616,3.201816,146.673808
SPHINCS+-SHA2-128f-simple_run09,active,45.834829,5.395,0.595046,3.210275,146.714706
SPHINCS+-SHA2-128f-simple_run09,active,45.847571,5.39625,0.592364,3.196546,146.755435
SPHINCS+-SHA2-128f-simple_run09,active,45.860323,5.3975,0.592722,3.199217,146.796231
SPHINCS+-SHA2-128f-simple_run09,active,45.873066,5.40125,0.590576,3.189851,146.836879
SPHINCS+-SHA2-128f-simple_run09,active,45.885842,5.3975,0.593616,3.204042,146.877816
SPHINCS+-SHA2-128f-simple_run09,active,45.898588,5.39625,0.593258,3.201371,146.918619
SPHINCS+-SHA2-128f-simple_run09,active,45.911327,5.39625,0.593258,3.201371,146.959401
SPHINCS+-SHA2-128f-simple_run09,active,45.924071,5.395,0.596834,3.219922,147.000436
SPHINCS+-SHA2-128f-simple_run09,active,45.93681,5.395,0.593258,3.200629,147.041208
SPHINCS+-SHA2-128f-simple_run09,active,45.949551,5.39,0.593258,3.197663,147.081951
SPHINCS+-SHA2-128f-simple_run09,active,45.962298,5.39625,0.592007,3.194617,147.122672
SPHINCS+-SHA2-128f-simple_run09,active,45.977984,5.39125,0.593437,3.199368,147.172857
SPHINCS+-SHA2-128f-simple_run09,active,45.990766,5.3975,0.593974,3.205973,147.213835
SPHINCS+-SHA2-128f-simple_run09,active,46.003507,5.3975,0.593258,3.202112,147.254635
SPHINCS+-SHA2-128f-simple_run09,active,46.016265,5.39,0.595225,3.208264,147.295565
SPHINCS+-SHA2-128f-simple_run09,active,46.029075,5.39375,0.593258,3.199887,147.336556
SPHINCS+-SHA2-128f-simple_run09,active,46.041834,5.39375,0.593437,3.200852,147.377397
SPHINCS+-SHA2-128f-simple_run09,active,46.05458,5.4,0.595046,3.213251,147.418351
SPHINCS+-SHA2-128f-simple_run09,active,46.067333,5.3975,0.593974,3.205973,147.459238
SPHINCS+-SHA2-128f-simple_run09,active,46.080083,5.39625,0.593616,3.2033,147.50008
SPHINCS+-SHA2-128f-simple_run09,active,46.092827,5.39625,0.594152,3.206195,147.540939
SPHINCS+-SHA2-128f-simple_run09,active,46.105567,5.39625,0.593258,3.201371,147.581724
SPHINCS+-SHA2-128f-simple_run09,active,46.118306,5.395,0.592364,3.195806,147.622436
SPHINCS+-SHA2-128f-simple_run09,active,46.131048,5.3975,0.593437,3.203077,147.66325
SPHINCS+-SHA2-128f-simple_run09,active,46.143788,5.39375,0.593258,3.199887,147.704017
SPHINCS+-SHA2-128f-simple_run09,active,46.156536,5.395,0.593258,3.200629,147.744817
SPHINCS+-SHA2-128f-simple_run09,active,46.169286,5.3925,0.593437,3.20011,147.78562
SPHINCS+-SHA2-128f-simple_run09,active,46.182032,5.39875,0.593258,3.202854,147.826443
SPHINCS+-SHA2-128f-simple_run09,active,46.194775,5.3975,0.592364,3.197287,147.867187
SPHINCS+-SHA2-128f-simple_run09,active,46.207516,5.39625,0.593795,3.204265,147.908011
SPHINCS+-SHA2-128f-simple_run09,active,46.220259,5.3975,0.595046,3.211763,147.948939
SPHINCS+-SHA2-128f-simple_run09,active,46.232997,5.3975,0.593258,3.202112,147.989728
SPHINCS+-SHA2-128f-simple_run09,active,46.245739,5.3975,0.593437,3.203077,148.03054
SPHINCS+-SHA2-128f-simple_run09,active,46.258479,5.39875,0.593437,3.203819,148.071359
SPHINCS+-SHA2-128f-simple_run09,active,46.271228,5.39625,0.593437,3.202335,148.112184
SPHINCS+-SHA2-128f-simple_run09,active,46.283975,5.39625,0.590576,3.186898,148.152809
SPHINCS+-SHA2-128f-simple_run09,active,46.296717,5.39625,0.593795,3.204265,148.193637
SPHINCS+-SHA2-128f-simple_run09,active,46.309457,5.3975,0.593437,3.203077,148.234443
SPHINCS+-SHA2-128f-simple_run09,active,46.322197,5.3975,0.590576,3.187636,148.275056
SPHINCS+-SHA2-128f-simple_run09,active,46.334938,5.39625,0.594152,3.206195,148.315904
SPHINCS+-SHA2-128f-simple_run09,active,46.34768,5.39625,0.59308,3.200406,148.356683
SPHINCS+-SHA2-128f-simple_run09,active,46.360422,5.395,0.593616,3.202558,148.397492
SPHINCS+-SHA2-128f-simple_run09,active,46.373169,5.395,0.594689,3.208346,148.438388
SPHINCS+-SHA2-128f-simple_run09,active,46.385914,5.3975,0.593258,3.202112,148.479198
SPHINCS+-SHA2-128f-simple_run09,active,46.398658,5.4,0.593437,3.204561,148.520038
SPHINCS+-SHA2-128f-simple_run09,active,46.411404,5.3975,0.592186,3.196322,148.560779
SPHINCS+-SHA2-128f-simple_run09,active,46.424146,5.3975,0.592901,3.200182,148.601555
SPHINCS+-SHA2-128f-simple_run09,active,46.436889,5.3975,0.592543,3.198252,148.642311
SPHINCS+-SHA2-128f-simple_run09,active,46.449626,5.39625,0.593616,3.2033,148.683112
SPHINCS+-SHA2-128f-simple_run09,active,46.462374,5.38875,0.594331,3.202702,148.72394
SPHINCS+-SHA2-128f-simple_run09,active,46.475113,5.39375,0.596477,3.217247,148.764924
SPHINCS+-SHA2-128f-simple_run09,active,46.487855,5.39625,0.592901,3.199441,148.805691
SPHINCS+-SHA2-128f-simple_run09,active,46.500598,5.3975,0.593258,3.202112,148.846494
SPHINCS+-SHA2-128f-simple_run09,active,46.513337,5.39625,0.594152,3.206195,148.887339
SPHINCS+-SHA2-128f-simple_run09,active,46.526076,5.39625,0.593437,3.202335,148.928133
SPHINCS+-SHA2-128f-simple_run09,active,46.538815,5.3975,0.59308,3.201147,148.968914
SPHINCS+-SHA2-128f-simple_run09,active,46.551555,5.39625,0.593795,3.204265,149.009735
SPHINCS+-SHA2-128f-simple_run09,active,46.564299,5.40625,0.593437,3.20827,149.050621
SPHINCS+-SHA2-128f-simple_run09,active,46.577048,5.39625,0.593258,3.201371,149.091437
SPHINCS+-SHA2-128f-simple_run09,active,46.589793,5.39875,0.593258,3.202854,149.132258
SPHINCS+-SHA2-128f-simple_run09,active,46.602578,5.39375,0.592901,3.197959,149.173142
SPHINCS+-SHA2-128f-simple_run09,active,46.615319,5.39625,0.595583,3.213914,149.21409
SPHINCS+-SHA2-128f-simple_run09,active,46.628061,5.3975,0.59451,3.208868,149.254978
SPHINCS+-SHA2-128f-simple_run09,active,46.6408,5.39625,0.593258,3.201371,149.29576
SPHINCS+-SHA2-128f-simple_run09,active,46.65354,5.39875,0.592186,3.197062,149.336492
SPHINCS+-SHA2-128f-simple_run09,active,46.666285,5.39875,0.59308,3.201888,149.377297
SPHINCS+-SHA2-128f-simple_run09,active,46.67903,5.3975,0.593258,3.202112,149.418108
SPHINCS+-SHA2-128f-simple_run09,active,46.691773,5.3975,0.593974,3.205973,149.458962
SPHINCS+-SHA2-128f-simple_run09,active,46.704515,5.39625,0.592186,3.195582,149.49968
SPHINCS+-SHA2-128f-simple_run09,active,46.717254,5.39625,0.593437,3.202335,149.540477
SPHINCS+-SHA2-128f-simple_run09,active,46.729994,5.39625,0.592722,3.198476,149.581224
SPHINCS+-SHA2-128f-simple_run09,active,46.742732,5.39625,0.586464,3.164706,149.621535
SPHINCS+-SHA2-128f-simple_run09,active,46.755468,5.3975,0.593437,3.203077,149.662332
SPHINCS+-SHA2-128f-simple_run09,active,46.768213,5.39625,0.59451,3.208125,149.703219
SPHINCS+-SHA2-128f-simple_run09,active,46.780959,5.3975,0.593616,3.204042,149.744057
SPHINCS+-SHA2-128f-simple_run09,active,46.793702,5.39625,0.591292,3.190757,149.784717
SPHINCS+-SHA2-128f-simple_run09,active,46.806447,5.3975,0.593258,3.202112,149.825527
SPHINCS+-SHA2-128f-simple_run09,active,46.819188,5.39875,0.593437,3.203819,149.866348
SPHINCS+-SHA2-128f-simple_run09,active,46.831968,5.39625,0.59451,3.208125,149.907348
SPHINCS+-SHA2-128f-simple_run09,active,46.844713,5.395,0.59308,3.199664,149.948129
SPHINCS+-SHA2-128f-simple_run09,active,46.857453,5.39625,0.594689,3.209089,149.989011
SPHINCS+-SHA2-128f-simple_run09,active,46.870194,5.3975,0.593437,3.203077,150.029821
SPHINCS+-SHA2-128f-simple_run09,active,46.882942,5.39125,0.592722,3.195512,150.070558
SPHINCS+-SHA2-128f-simple_run09,active,46.895687,5.39625,0.593616,3.2033,150.111383
SPHINCS+-SHA2-128f-simple_run09,active,46.908429,5.3975,0.593437,3.203077,150.152197
SPHINCS+-SHA2-128f-simple_run09,active,46.92117,5.3975,0.593258,3.202112,150.192995
SPHINCS+-SHA2-128f-simple_run09,active,46.933909,5.39625,0.595046,3.211019,150.2339
SPHINCS+-SHA2-128f-simple_run09,active,46.946648,5.4025,0.592901,3.203147,150.274706
SPHINCS+-SHA2-128f-simple_run09,active,46.959411,5.39625,0.593258,3.201371,150.315565
SPHINCS+-SHA2-128f-simple_run09,active,46.972157,5.395,0.594152,3.205452,150.356421
SPHINCS+-SHA2-128f-simple_run09,active,46.984904,5.3975,0.593616,3.204042,150.397264
SPHINCS+-SHA2-128f-simple_run09,active,46.99765,5.39625,0.593258,3.201371,150.43807
SPHINCS+-SHA2-128f-simple_run09,active,47.010392,5.39625,0.59451,3.208125,150.478947
SPHINCS+-SHA2-128f-simple_run09,active,47.023135,5.39375,0.593795,3.202781,150.51976
SPHINCS+-SHA2-128f-simple_run09,active,47.035876,5.39625,0.59594,3.215843,150.560731
SPHINCS+-SHA2-128f-simple_run09,active,47.048619,5.39625,0.594331,3.20716,150.601601
SPHINCS+-SHA2-128f-simple_run09,active,47.06136,5.39625,0.593437,3.202335,150.642401
SPHINCS+-SHA2-128f-simple_run09,active,47.074101,5.39875,0.59451,3.209611,150.683296
SPHINCS+-SHA2-128f-simple_run09,active,47.086849,5.39625,0.593437,3.202335,150.72412
SPHINCS+-SHA2-128f-simple_run09,active,47.099594,5.39625,0.593437,3.202335,150.764932
SPHINCS+-SHA2-128f-simple_run09,active,47.112338,5.3975,0.593974,3.205973,150.80579
SPHINCS+-SHA2-128f-simple_run09,active,47.125079,5.395,0.594152,3.205452,150.84663
SPHINCS+-SHA2-128f-simple_run09,active,47.13782,5.39625,0.592901,3.199441,150.887395
SPHINCS+-SHA2-128f-simple_run09,active,47.150561,5.39,0.59451,3.204409,150.928221
SPHINCS+-SHA2-128f-simple_run09,active,47.163305,5.3975,0.596298,3.218518,150.969237
SPHINCS+-SHA2-128f-simple_run09,active,47.176048,5.3975,0.593258,3.202112,151.010043
SPHINCS+-SHA2-128f-simple_run09,active,47.188794,5.39625,0.593258,3.201371,151.050847
SPHINCS+-SHA2-128f-simple_run09,active,47.201539,5.39625,0.593974,3.20523,151.091698
SPHINCS+-SHA2-128f-simple_run09,active,47.21428,5.3975,0.596298,3.218518,151.132706
SPHINCS+-SHA2-128f-simple_run09,active,47.227019,5.39875,0.593974,3.206715,151.173557
SPHINCS+-SHA2-128f-simple_run09,active,47.23976,5.39625,0.593437,3.202335,151.214357
SPHINCS+-SHA2-128f-simple_run09,active,47.255423,5.39625,0.596119,3.216808,151.264741
SPHINCS+-SHA2-128f-simple_run09,active,47.268186,5.39625,0.593258,3.201371,151.305602
SPHINCS+-SHA2-128f-simple_run09,active,47.280932,5.39625,0.593437,3.202335,151.346418
SPHINCS+-SHA2-128f-simple_run09,active,47.293682,5.4,0.593974,3.207457,151.387314
SPHINCS+-SHA2-128f-simple_run09,active,47.306429,5.39875,0.593616,3.204784,151.428165
SPHINCS+-SHA2-128f-simple_run09,active,47.319173,5.39875,0.592901,3.200923,151.468956
SPHINCS+-SHA2-128f-simple_run09,active,47.331955,5.40125,0.593795,3.207234,151.509952
SPHINCS+-SHA2-128f-simple_run09,active,47.344703,5.39375,0.593258,3.199887,151.550743
SPHINCS+-SHA2-128f-simple_run09,active,47.357444,5.3975,0.593258,3.202112,151.591542
SPHINCS+-SHA2-128f-simple_run09,active,47.370188,5.3975,0.592543,3.198252,151.632299
SPHINCS+-SHA2-128f-simple_run09,active,47.38293,5.39375,0.593437,3.200852,151.673084
SPHINCS+-SHA2-128f-simple_run09,active,47.395678,5.3975,0.595583,3.214658,151.714066
SPHINCS+-SHA2-128f-simple_run09,active,47.408424,5.39625,0.593258,3.201371,151.754873
SPHINCS+-SHA2-128f-simple_run09,active,47.421165,5.3975,0.593258,3.202112,151.795669
SPHINCS+-SHA2-128f-simple_run09,active,47.433905,5.39875,0.590398,3.187409,151.836275
SPHINCS+-SHA2-128f-simple_run09,active,47.446642,5.39625,0.593437,3.202335,151.877066
SPHINCS+-SHA2-128f-simple_run09,active,47.459388,5.39875,0.593258,3.202854,151.917888
SPHINCS+-SHA2-128f-simple_run09,active,47.472134,5.395,0.593795,3.203523,151.95872
SPHINCS+-SHA2-128f-simple_run09,active,47.484876,5.39625,0.590576,3.186898,151.999327
SPHINCS+-SHA2-128f-simple_run09,active,47.497623,5.39375,0.593258,3.199887,152.040117
SPHINCS+-SHA2-128f-simple_run09,active,47.51037,5.39625,0.594331,3.20716,152.080999
SPHINCS+-SHA2-128f-simple_run09,active,47.523113,5.39625,0.588967,3.178214,152.121499
SPHINCS+-SHA2-128f-simple_run09,active,47.535855,5.39625,0.593437,3.202335,152.162302
SPHINCS+-SHA2-128f-simple_run09,active,47.548598,5.395,0.593258,3.200629,152.203088
SPHINCS+-SHA2-128f-simple_run09,active,47.561338,5.3975,0.594689,3.209833,152.243983
SPHINCS+-SHA2-128f-simple_run09,active,47.574081,5.3975,0.591292,3.191496,152.284652
SPHINCS+-SHA2-128f-simple_run09,active,47.586823,5.3925,0.593437,3.20011,152.325428
SPHINCS+-SHA2-128f-simple_run09,active,47.599572,5.40125,0.593795,3.207234,152.366317
SPHINCS+-SHA2-128f-simple_run09,active,47.61232,5.39875,0.592007,3.196097,152.407059
SPHINCS+-SHA2-128f-simple_run09,active,47.62506,5.3975,0.593258,3.202112,152.447854
SPHINCS+-SHA2-128f-simple_run09,active,47.637838,5.3975,0.593795,3.205007,152.488807
SPHINCS+-SHA2-128f-simple_run09,active,47.650592,5.3975,0.594331,3.207903,152.529723
SPHINCS+-SHA2-128f-simple_run09,active,47.663336,5.39125,0.592722,3.195512,152.570444
SPHINCS+-SHA2-128f-simple_run09,active,47.676082,5.39625,0.59451,3.208125,152.611336
SPHINCS+-SHA2-128f-simple_run09,active,47.688823,5.39625,0.594331,3.20716,152.652197
SPHINCS+-SHA2-128f-simple_run09,active,47.701571,5.3975,0.593258,3.202112,152.693018
SPHINCS+-SHA2-128f-simple_run09,active,47.714317,5.405,0.595225,3.217192,152.734025
SPHINCS+-SHA2-128f-simple_run09,active,47.727059,5.395,0.594331,3.206417,152.774881
SPHINCS+-SHA2-128f-simple_run09,active,47.739801,5.3975,0.593258,3.202112,152.815684
SPHINCS+-SHA2-128f-simple_run09,active,47.752543,5.39375,0.593258,3.199887,152.856456
SPHINCS+-SHA2-128f-simple_run09,active,47.765283,5.39625,0.593974,3.20523,152.897291
SPHINCS+-SHA2-128f-simple_run09,active,47.778026,5.39375,0.59451,3.206638,152.938151
SPHINCS+-SHA2-128f-simple_run09,active,47.790767,5.395,0.593437,3.201594,152.978943
SPHINCS+-SHA2-128f-simple_run09,active,47.803515,5.39625,0.595583,3.213914,153.019916
SPHINCS+-SHA2-128f-simple_run09,active,47.816264,5.39875,0.593258,3.202854,153.060749
SPHINCS+-SHA2-128f-simple_run09,active,47.829007,5.395,0.593258,3.200629,153.101534
SPHINCS+-SHA2-128f-simple_run09,active,47.841748,5.3975,0.593258,3.202112,153.142333
SPHINCS+-SHA2-128f-simple_run09,active,47.854492,5.39875,0.596477,3.220229,153.18337
SPHINCS+-SHA2-128f-simple_run09,active,47.867233,5.39125,0.593258,3.198404,153.224123
SPHINCS+-SHA2-128f-simple_run09,active,47.879978,5.4,0.593437,3.204561,153.264964
SPHINCS+-SHA2-128f-simple_run09,active,47.892719,5.395,0.598086,3.226674,153.306075
SPHINCS+-SHA2-128f-simple_run09,active,47.905466,5.39875,0.591828,3.195131,153.346802
SPHINCS+-SHA2-128f-simple_run09,active,47.918213,5.3975,0.593258,3.202112,153.387619
SPHINCS+-SHA2-128f-simple_run09,active,47.930955,5.3975,0.593437,3.203077,153.428434
SPHINCS+-SHA2-128f-simple_run09,active,47.943697,5.3975,0.596119,3.217553,153.469432
SPHINCS+-SHA2-128f-simple_run09,active,47.956443,5.3975,0.59308,3.201147,153.510234
SPHINCS+-SHA2-128f-simple_run09,active,47.969211,5.3975,0.593795,3.205007,153.551154
SPHINCS+-SHA2-128f-simple_run09,active,47.981956,5.39625,0.592543,3.197511,153.591909
SPHINCS+-SHA2-128f-simple_run09,active,47.994699,5.39875,0.596477,3.220229,153.632943
SPHINCS+-SHA2-128f-simple_run09,active,48.007448,5.395,0.593437,3.201594,153.673759
SPHINCS+-SHA2-128f-simple_run09,active,48.020198,5.395,0.59308,3.199664,153.714554
SPHINCS+-SHA2-128f-simple_run09,active,48.032939,5.39625,0.594689,3.209089,153.755442
SPHINCS+-SHA2-128f-simple_run09,active,48.04568,5.39625,0.593258,3.201371,153.79623
SPHINCS+-SHA2-128f-simple_run09,active,48.058421,5.3975,0.593795,3.205007,153.837065
SPHINCS+-SHA2-128f-simple_run09,active,48.071161,5.39625,0.594868,3.210054,153.877963
SPHINCS+-SHA2-128f-simple_run09,active,48.083942,5.39625,0.590219,3.184968,153.918671
SPHINCS+-SHA2-128f-simple_run09,active,48.096687,5.39625,0.593437,3.202335,153.959482
SPHINCS+-SHA2-128f-simple_run09,active,48.109434,5.3975,0.593795,3.205007,154.000337
SPHINCS+-SHA2-128f-simple_run09,active,48.12218,5.3975,0.59308,3.201147,154.041139
SPHINCS+-SHA2-128f-simple_run09,active,48.134922,5.39625,0.59451,3.208125,154.082016
SPHINCS+-SHA2-128f-simple_run09,active,48.147662,5.395,0.593258,3.200629,154.122795
SPHINCS+-SHA2-128f-simple_run09,active,48.160404,5.3975,0.593437,3.203077,154.163606
SPHINCS+-SHA2-128f-simple_run09,active,48.173143,5.38875,0.59147,3.187286,154.204211
SPHINCS+-SHA2-128f-simple_run09,active,48.185883,5.3975,0.59308,3.201147,154.244992
SPHINCS+-SHA2-128f-simple_run09,active,48.198625,5.39875,0.59308,3.201888,154.285791
SPHINCS+-SHA2-128f-simple_run09,active,48.211371,5.3975,0.593795,3.205007,154.326642
SPHINCS+-SHA2-128f-simple_run09,active,48.22412,5.40625,0.593974,3.21117,154.36758
SPHINCS+-SHA2-128f-simple_run09,active,48.236863,5.3975,0.593258,3.202112,154.408384
SPHINCS+-SHA2-128f-simple_run09,active,48.249605,5.3975,0.593258,3.202112,154.449188
SPHINCS+-SHA2-128f-simple_run09,active,48.262347,5.3975,0.599159,3.23396,154.490393
SPHINCS+-SHA2-128f-simple_run09,active,48.275086,5.39625,0.594331,3.20716,154.53125
SPHINCS+-SHA2-128f-simple_run09,active,48.287827,5.39625,0.593258,3.201371,154.572039
SPHINCS+-SHA2-128f-simple_run09,active,48.30057,5.39625,0.594331,3.20716,154.612909
SPHINCS+-SHA2-128f-simple_run09,active,48.313317,5.3975,0.593616,3.204042,154.653749
SPHINCS+-SHA2-128f-simple_run09,active,48.326062,5.3975,0.594689,3.209833,154.694658
SPHINCS+-SHA2-128f-simple_run09,active,48.338804,5.3975,0.593437,3.203077,154.735473
SPHINCS+-SHA2-128f-simple_run09,active,48.351546,5.39625,0.592364,3.196546,154.776202
SPHINCS+-SHA2-128f-simple_run09,active,48.364289,5.4,0.593616,3.205526,154.817051
SPHINCS+-SHA2-128f-simple_run09,active,48.377027,5.3975,0.593258,3.202112,154.857839
SPHINCS+-SHA2-128f-simple_run09,active,48.389768,5.3975,0.593258,3.202112,154.898638
SPHINCS+-SHA2-128f-simple_run09,active,48.402543,5.39875,0.598086,3.228917,154.939885
SPHINCS+-SHA2-128f-simple_run09,active,48.415293,5.39625,0.594868,3.210054,154.980814
SPHINCS+-SHA2-128f-simple_run09,active,48.428041,5.39625,0.593258,3.201371,155.021625
SPHINCS+-SHA2-128f-simple_run09,active,48.440784,5.395,0.593437,3.201594,155.062423
SPHINCS+-SHA2-128f-simple_run09,active,48.453528,5.39625,0.591113,3.189792,155.103075
SPHINCS+-SHA2-128f-simple_run09,active,48.466269,5.3975,0.59308,3.201147,155.143861
SPHINCS+-SHA2-128f-simple_run09,active,48.479011,5.39875,0.593795,3.20575,155.184707
SPHINCS+-SHA2-128f-simple_run09,active,48.491753,5.39625,0.595046,3.211019,155.225624
SPHINCS+-SHA2-128f-simple_run09,active,48.504495,5.39625,0.587716,3.17146,155.266034
SPHINCS+-SHA2-128f-simple_run09,active,48.517272,5.39625,0.593437,3.202335,155.306951
SPHINCS+-SHA2-128f-simple_run09,active,48.532964,5.39625,0.595046,3.211019,155.357336
SPHINCS+-SHA2-128f-simple_run09,active,48.545728,5.39625,0.593437,3.202335,155.398211
SPHINCS+-SHA2-128f-simple_run09,active,48.558472,5.3975,0.593437,3.203077,155.439033
SPHINCS+-SHA2-128f-simple_run09,active,48.571214,5.3975,0.593795,3.205007,155.479872
SPHINCS+-SHA2-128f-simple_run09,active,48.583958,5.40125,0.593437,3.205303,155.520718
SPHINCS+-SHA2-128f-simple_run09,active,48.596699,5.39875,0.593437,3.203819,155.561537
SPHINCS+-SHA2-128f-simple_run09,active,48.609439,5.3975,0.593437,3.203077,155.602345
SPHINCS+-SHA2-128f-simple_run09,active,48.622188,5.3975,0.593616,3.204042,155.643194
SPHINCS+-SHA2-128f-simple_run09,active,48.634933,5.3975,0.595404,3.213693,155.684151
SPHINCS+-SHA2-128f-simple_run09,active,48.647676,5.39625,0.593616,3.2033,155.724971
SPHINCS+-SHA2-128f-simple_run09,active,48.660418,5.39875,0.593258,3.202854,155.765782
SPHINCS+-SHA2-128f-simple_run09,active,48.673158,5.3975,0.590755,3.188601,155.806406
SPHINCS+-SHA2-128f-simple_run09,active,48.685901,5.3975,0.593437,3.203077,155.847222
SPHINCS+-SHA2-128f-simple_run09,active,48.698643,5.3975,0.593258,3.202112,155.888023
SPHINCS+-SHA2-128f-simple_run09,active,48.711383,5.39625,0.593258,3.201371,155.928808
SPHINCS+-SHA2-128f-simple_run09,active,48.724132,5.3975,0.592543,3.198252,155.969583
SPHINCS+-SHA2-128f-simple_run09,active,48.736877,5.39625,0.593974,3.20523,156.010435
SPHINCS+-SHA2-128f-simple_run09,active,48.74962,5.39625,0.593437,3.202335,156.051241
SPHINCS+-SHA2-128f-simple_run09,active,48.762361,5.3975,0.596834,3.221414,156.092284
SPHINCS+-SHA2-128f-simple_run09,active,48.775103,5.39625,0.594689,3.209089,156.133175
SPHINCS+-SHA2-128f-simple_run09,active,48.787844,5.3975,0.59308,3.201147,156.173962
SPHINCS+-SHA2-128f-simple_run09,active,48.800588,5.395,0.594331,3.206417,156.214825
SPHINCS+-SHA2-128f-simple_run09,active,48.81333,5.39875,0.595046,3.212507,156.255757
SPHINCS+-SHA2-128f-simple_run09,active,48.826077,5.3975,0.593437,3.203077,156.296588
SPHINCS+-SHA2-128f-simple_run09,active,48.838823,5.39625,0.593616,3.2033,156.337418
SPHINCS+-SHA2-128f-simple_run09,active,48.851567,5.3975,0.593437,3.203077,156.378237
SPHINCS+-SHA2-128f-simple_run09,active,48.864311,5.39375,0.593258,3.199887,156.419016
SPHINCS+-SHA2-128f-simple_run09,active,48.877053,5.3975,0.593437,3.203077,156.459829
SPHINCS+-SHA2-128f-simple_run09,active,48.889796,5.39625,0.593258,3.201371,156.500625
SPHINCS+-SHA2-128f-simple_run09,active,48.902586,5.40125,0.593616,3.206268,156.541634
SPHINCS+-SHA2-128f-simple_run09,active,48.915329,5.39875,0.594152,3.20768,156.58251
SPHINCS+-SHA2-128f-simple_run09,active,48.92808,5.3975,0.594152,3.206938,156.6234
SPHINCS+-SHA2-128f-simple_run09,active,48.940824,5.39625,0.594331,3.20716,156.664271
SPHINCS+-SHA2-128f-simple_run09,active,48.953568,5.40125,0.595762,3.217857,156.705281
SPHINCS+-SHA2-128f-simple_run09,active,48.966321,5.3975,0.598444,3.230099,156.746475
SPHINCS+-SHA2-128f-simple_run09,active,48.979063,5.39625,0.593437,3.202335,156.787278
SPHINCS+-SHA2-128f-simple_run09,active,48.991807,5.3975,0.59308,3.201147,156.828073
SPHINCS+-SHA2-128f-simple_run09,active,49.004549,5.3975,0.593437,3.203077,156.868887
SPHINCS+-SHA2-128f-simple_run09,active,49.017289,5.395,0.593437,3.201594,156.909675
SPHINCS+-SHA2-128f-simple_run09,active,49.030039,5.39625,0.59451,3.208125,156.950578
SPHINCS+-SHA2-128f-simple_run09,active,49.042782,5.39125,0.593616,3.200332,156.991362
SPHINCS+-SHA2-128f-simple_run09,active,49.055522,5.39625,0.595225,3.211984,157.032283
SPHINCS+-SHA2-128f-simple_run09,active,49.068266,5.39375,0.594331,3.205674,157.073136
SPHINCS+-SHA2-128f-simple_run09,active,49.081004,5.3975,0.593795,3.205007,157.113962
SPHINCS+-SHA2-128f-simple_run09,active,49.093744,5.4025,0.592901,3.203147,157.154769
SPHINCS+-SHA2-128f-simple_run09,active,49.106483,5.39625,0.593795,3.204265,157.195588
SPHINCS+-SHA2-128f-simple_run09,active,49.119237,5.3975,0.593437,3.203077,157.236441
SPHINCS+-SHA2-128f-simple_run09,active,49.131988,5.395,0.593795,3.203523,157.277289
SPHINCS+-SHA2-128f-simple_run09,active,49.144734,5.39625,0.593437,3.202335,157.318105
SPHINCS+-SHA2-128f-simple_run09,active,49.157474,5.39875,0.593258,3.202854,157.358908
SPHINCS+-SHA2-128f-simple_run09,active,49.170215,5.39625,0.593437,3.202335,157.39971
SPHINCS+-SHA2-128f-simple_run09,active,49.182956,5.3975,0.597371,3.224309,157.440792
SPHINCS+-SHA2-128f-simple_run09,active,49.195696,5.39625,0.593258,3.201371,157.481576
SPHINCS+-SHA2-128f-simple_run09,active,49.208435,5.39625,0.593258,3.201371,157.522358
SPHINCS+-SHA2-128f-simple_run09,active,49.221177,5.39625,0.593258,3.201371,157.563151
SPHINCS+-SHA2-128f-simple_run09,active,49.233923,5.39625,0.592543,3.197511,157.603905
SPHINCS+-SHA2-128f-simple_run09,active,49.246668,5.3975,0.593795,3.205007,157.644754
SPHINCS+-SHA2-128f-simple_run09,active,49.259409,5.39625,0.593974,3.20523,157.685593
SPHINCS+-SHA2-128f-simple_run09,active,49.272153,5.3975,0.593974,3.205973,157.726447
SPHINCS+-SHA2-128f-simple_run09,active,49.284891,5.3975,0.593437,3.203077,157.767249
SPHINCS+-SHA2-128f-simple_run09,active,49.297629,5.39625,0.59308,3.200406,157.808017
SPHINCS+-SHA2-128f-simple_run09,active,49.310369,5.38625,0.594331,3.201216,157.848799
SPHINCS+-SHA2-128f-simple_run09,active,49.32311,5.40375,0.597371,3.228042,157.889927
SPHINCS+-SHA2-128f-simple_run09,active,49.335857,5.39875,0.594152,3.20768,157.930818
SPHINCS+-SHA2-128f-simple_run09,active,49.348603,5.39875,0.593616,3.204784,157.971663
SPHINCS+-SHA2-128f-simple_run09,active,49.361345,5.3975,0.593258,3.202112,158.012466
SPHINCS+-SHA2-128f-simple_run09,active,49.374085,5.3925,0.594152,3.203967,158.053286
SPHINCS+-SHA2-128f-simple_run09,active,49.386824,5.3975,0.593795,3.205007,158.094114
SPHINCS+-SHA2-128f-simple_run09,active,49.399564,5.3975,0.593795,3.205007,158.134943
SPHINCS+-SHA2-128f-simple_run09,active,49.412303,5.3825,0.594331,3.198988,158.175698
SPHINCS+-SHA2-128f-simple_run09,active,49.425045,5.39625,0.593437,3.202335,158.216502
SPHINCS+-SHA2-128f-simple_run09,active,49.437796,5.395,0.593616,3.202558,158.257338
SPHINCS+-SHA2-128f-simple_run09,active,49.450583,5.39875,0.592364,3.198027,158.29823
SPHINCS+-SHA2-128f-simple_run09,active,49.463325,5.40125,0.593795,3.207234,158.339097
SPHINCS+-SHA2-128f-simple_run09,active,49.476069,5.39625,0.593258,3.201371,158.379894
SPHINCS+-SHA2-128f-simple_run09,active,49.488806,5.395,0.593258,3.200629,158.420662
SPHINCS+-SHA2-128f-simple_run09,active,49.501548,5.3975,0.592364,3.197287,158.4614
SPHINCS+-SHA2-128f-simple_run09,active,49.514292,5.38625,0.593437,3.196401,158.502135
SPHINCS+-SHA2-128f-simple_run09,active,49.527035,5.39875,0.590219,3.186444,158.542741
SPHINCS+-SHA2-128f-simple_run09,active,49.53978,5.3975,0.590755,3.188601,158.583379
SPHINCS+-SHA2-128f-simple_run09,active,49.552525,5.39625,0.593437,3.202335,158.624193
SPHINCS+-SHA2-128f-simple_run09,active,49.565265,5.39625,0.594152,3.206195,158.665039
SPHINCS+-SHA2-128f-simple_run09,active,49.578005,5.39875,0.593258,3.202854,158.705846
SPHINCS+-SHA2-128f-simple_run09,active,49.590745,5.3975,0.594331,3.207903,158.746714
SPHINCS+-SHA2-128f-simple_run09,active,49.603485,5.39,0.598265,3.224647,158.787796
SPHINCS+-SHA2-128f-simple_run09,active,49.616228,5.385,0.593616,3.196622,158.828531
SPHINCS+-SHA2-128f-simple_run09,active,49.628967,5.39625,0.594689,3.209089,158.86941
SPHINCS+-SHA2-128f-simple_run09,active,49.641713,5.39625,0.59308,3.200406,158.910202
SPHINCS+-SHA2-128f-simple_run09,active,49.654456,5.3975,0.599159,3.23396,158.951414
SPHINCS+-SHA2-128f-simple_run09,active,49.667197,5.39625,0.593616,3.2033,158.992226
SPHINCS+-SHA2-128f-simple_run09,active,49.679938,5.3975,0.593437,3.203077,159.033035
SPHINCS+-SHA2-128f-simple_run09,active,49.692678,5.39625,0.594152,3.206195,159.073884
SPHINCS+-SHA2-128f-simple_run09,active,49.705418,5.39875,0.593795,3.20575,159.114725
SPHINCS+-SHA2-128f-simple_run09,active,49.718159,5.385,0.593437,3.195659,159.155442
SPHINCS+-SHA2-128f-simple_run09,active,49.730898,5.3975,0.593437,3.203077,159.196245
SPHINCS+-SHA2-128f-simple_run09,active,49.743644,5.39625,0.596477,3.218738,159.23727
SPHINCS+-SHA2-128f-simple_run09,active,49.756388,5.39625,0.593258,3.201371,159.27807
SPHINCS+-SHA2-128f-simple_run09,active,49.769128,5.3975,0.592722,3.199217,159.318827
SPHINCS+-SHA2-128f-simple_run09,active,49.781867,5.3975,0.593437,3.203077,159.35963
SPHINCS+-SHA2-128f-simple_run09,active,49.794606,5.39875,0.588788,3.178721,159.400126
SPHINCS+-SHA2-128f-simple_run09,active,49.810282,5.3975,0.593616,3.204042,159.450351
SPHINCS+-SHA2-128f-simple_run09,active,49.823042,5.3925,0.597907,3.224215,159.491492
SPHINCS+-SHA2-128f-simple_run09,active,49.835784,5.39875,0.596834,3.22216,159.532549
SPHINCS+-SHA2-128f-simple_run09,active,49.848533,5.39625,0.594152,3.206195,159.573425
SPHINCS+-SHA2-128f-simple_run09,active,49.861277,5.39875,0.593258,3.202854,159.614243
SPHINCS+-SHA2-128f-simple_run09,active,49.874019,5.40125,0.598622,3.233309,159.655441
SPHINCS+-SHA2-128f-simple_run09,active,49.886758,5.3975,0.593795,3.205007,159.696269
SPHINCS+-SHA2-128f-simple_run09,active,49.899497,5.39875,0.598444,3.230847,159.737426
SPHINCS+-SHA2-128f-simple_run09,active,49.912236,5.39625,0.593974,3.20523,159.778259
SPHINCS+-SHA2-128f-simple_run09,active,49.924975,5.39625,0.59004,3.184003,159.818819
SPHINCS+-SHA2-128f-simple_run09,active,49.937713,5.39625,0.593437,3.202335,159.859611
SPHINCS+-SHA2-128f-simple_run09,active,49.950461,5.39625,0.593795,3.204265,159.90046
SPHINCS+-SHA2-128f-simple_run09,active,49.963215,5.3975,0.590398,3.186671,159.941102
SPHINCS+-SHA2-128f-simple_run09,active,49.975956,5.3975,0.593258,3.202112,159.9819
SPHINCS+-SHA2-128f-simple_run09,active,49.988695,5.3975,0.593795,3.205007,160.022728
SPHINCS+-SHA2-128f-simple_run09,active,50.001434,5.3975,0.593795,3.205007,160.063556
SPHINCS+-SHA2-128f-simple_run09,active,50.014187,5.39625,0.597728,3.225492,160.104692
SPHINCS+-SHA2-128f-simple_run09,active,50.026954,5.39625,0.594152,3.206195,160.145626
SPHINCS+-SHA2-128f-simple_run09,active,50.039699,5.3975,0.592543,3.198252,160.186388
SPHINCS+-SHA2-128f-simple_run09,active,50.052454,5.39875,0.591113,3.19127,160.227091
SPHINCS+-SHA2-128f-simple_run09,active,50.065258,5.39875,0.593795,3.20575,160.268138
SPHINCS+-SHA2-128f-simple_run09,active,50.078005,5.3975,0.59308,3.201147,160.308944
SPHINCS+-SHA2-128f-simple_run09,active,50.090747,5.3975,0.59451,3.208868,160.349831
SPHINCS+-SHA2-128f-simple_run09,active,50.103487,5.4,0.592901,3.201664,160.39062
SPHINCS+-SHA2-128f-simple_run09,active,50.11623,5.3975,0.592722,3.199217,160.431387
SPHINCS+-SHA2-128f-simple_run09,active,50.128972,5.38375,0.593616,3.19588,160.472109
SPHINCS+-SHA2-128f-simple_run09,active,50.141712,5.3975,0.593437,3.203077,160.512915
SPHINCS+-SHA2-128f-simple_run09,active,50.154458,5.39375,0.595225,3.210496,160.553838
SPHINCS+-SHA2-128f-simple_run09,active,50.167204,5.3975,0.593258,3.202112,160.59465
SPHINCS+-SHA2-128f-simple_run09,active,50.17995,5.39625,0.59308,3.200406,160.635443
SPHINCS+-SHA2-128f-simple_run09,active,50.192691,5.3925,0.59308,3.198182,160.676192
SPHINCS+-SHA2-128f-simple_run09,active,50.205432,5.39875,0.594689,3.210576,160.717098
SPHINCS+-SHA2-128f-simple_run09,active,50.218172,5.39875,0.59308,3.201888,160.75789
SPHINCS+-SHA2-128f-simple_run09,active,50.230913,5.38625,0.593437,3.196401,160.798614
SPHINCS+-SHA2-128f-simple_run09,active,50.243653,5.3925,0.59147,3.189504,160.83925
SPHINCS+-SHA2-128f-simple_run09,active,50.256399,5.3975,0.593974,3.205973,160.880114
SPHINCS+-SHA2-128f-simple_run09,active,50.269143,5.395,0.593437,3.201594,160.920914
SPHINCS+-SHA2-128f-simple_run09,active,50.281883,5.39625,0.59308,3.200406,160.961687
SPHINCS+-SHA2-128f-simple_run09,active,50.294623,5.395,0.596119,3.216063,161.002661
SPHINCS+-SHA2-128f-simple_run09,active,50.307362,5.39625,0.59755,3.224527,161.043739
SPHINCS+-SHA2-128f-simple_run09,active,50.320105,5.39625,0.594152,3.206195,161.084593
SPHINCS+-SHA2-128f-simple_run09,active,50.332845,5.385,0.596119,3.210102,161.125491
SPHINCS+-SHA2-128f-simple_run09,active,50.345585,5.3975,0.593437,3.203077,161.166299
SPHINCS+-SHA2-128f-simple_run09,active,50.358332,5.39625,0.592901,3.199441,161.207082
SPHINCS+-SHA2-128f-simple_run09,active,50.371078,5.39875,0.594152,3.20768,161.247965
SPHINCS+-SHA2-128f-simple_run09,active,50.383818,5.39125,0.595046,3.208044,161.288838
SPHINCS+-SHA2-128f-simple_run09,active,50.396561,5.3975,0.593258,3.202112,161.329641
SPHINCS+-SHA2-128f-simple_run09,active,50.409303,5.3975,0.598086,3.228169,161.370776
SPHINCS+-SHA2-128f-simple_run09,active,50.422042,5.39625,0.593258,3.201371,161.411557
SPHINCS+-SHA2-128f-simple_run09,active,50.434783,5.3825,0.589504,3.173003,161.451982
SPHINCS+-SHA2-128f-simple_run09,active,50.447523,5.39625,0.593437,3.202335,161.492781
SPHINCS+-SHA2-128f-simple_run09,active,50.460273,5.3975,0.59308,3.201147,161.533597
SPHINCS+-SHA2-128f-simple_run09,active,50.473015,5.3975,0.593795,3.205007,161.574436
SPHINCS+-SHA2-128f-simple_run09,active,50.485757,5.3975,0.593258,3.202112,161.615235
SPHINCS+-SHA2-128f-simple_run09,active,50.498497,5.39625,0.593616,3.2033,161.656047
SPHINCS+-SHA2-128f-simple_run09,active,50.511237,5.39875,0.59451,3.209611,161.696937
SPHINCS+-SHA2-128f-simple_run09,active,50.523979,5.3975,0.59147,3.192461,161.737615
SPHINCS+-SHA2-128f-simple_run09,active,50.536721,5.3825,0.593258,3.193213,161.778303
SPHINCS+-SHA2-128f-simple_run09,active,50.54946,5.3975,0.593258,3.202112,161.819095
SPHINCS+-SHA2-128f-simple_run09,active,50.562206,5.3975,0.593258,3.202112,161.859908
SPHINCS+-SHA2-128f-simple_run09,active,50.574949,5.39875,0.593258,3.202854,161.900721
SPHINCS+-SHA2-128f-simple_run09,active,50.587689,5.39625,0.594331,3.20716,161.941582
SPHINCS+-SHA2-128f-simple_run09,active,50.60043,5.39625,0.593258,3.201371,161.982371
SPHINCS+-SHA2-128f-simple_run09,active,50.613171,5.39125,0.59308,3.19744,162.02311
SPHINCS+-SHA2-128f-simple_run09,active,50.625911,5.395,0.594152,3.205452,162.063946
SPHINCS+-SHA2-128f-simple_run09,active,50.638652,5.395,0.593974,3.204488,162.104776
SPHINCS+-SHA2-128f-simple_run09,active,50.651392,5.39625,0.592722,3.198476,162.145523
SPHINCS+-SHA2-128f-simple_run09,active,50.664141,5.39125,0.593795,3.201296,162.186336
SPHINCS+-SHA2-128f-simple_run09,active,50.676882,5.3975,0.593437,3.203077,162.227148
SPHINCS+-SHA2-128f-simple_run09,active,50.689627,5.39625,0.593437,3.202335,162.267962
SPHINCS+-SHA2-128f-simple_run09,active,50.702372,5.3925,0.593437,3.20011,162.308745
SPHINCS+-SHA2-128f-simple_run09,active,50.715112,5.3975,0.595225,3.212728,162.349676
SPHINCS+-SHA2-128f-simple_run09,active,50.727852,5.3975,0.593795,3.205007,162.390508
SPHINCS+-SHA2-128f-simple_run09,active,50.740594,5.395,0.593437,3.201594,162.431303
SPHINCS+-SHA2-128f-simple_run09,active,50.753334,5.3975,0.593437,3.203077,162.47211
SPHINCS+-SHA2-128f-simple_run09,active,50.766136,5.39625,0.592722,3.198476,162.513058
SPHINCS+-SHA2-128f-simple_run09,active,50.778893,5.39625,0.593437,3.202335,162.553908
SPHINCS+-SHA2-128f-simple_run09,active,50.791637,5.39875,0.593437,3.203819,162.594739
SPHINCS+-SHA2-128f-simple_run09,active,50.804378,5.39875,0.593795,3.20575,162.635585
SPHINCS+-SHA2-128f-simple_run09,active,50.81712,5.39625,0.594331,3.20716,162.67645
SPHINCS+-SHA2-128f-simple_run09,active,50.829859,5.39625,0.593437,3.202335,162.717242
SPHINCS+-SHA2-128f-simple_run09,active,50.842596,5.39625,0.593437,3.202335,162.758031
SPHINCS+-SHA2-128f-simple_run09,active,50.855334,5.39625,0.596119,3.216808,162.799008
SPHINCS+-SHA2-128f-simple_run09,active,50.868082,5.39625,0.593437,3.202335,162.83983
SPHINCS+-SHA2-128f-simple_run09,active,50.880822,5.39625,0.594331,3.20716,162.88069
SPHINCS+-SHA2-128f-simple_run09,active,50.89356,5.39875,0.592364,3.198027,162.921425
SPHINCS+-SHA2-128f-simple_run09,active,50.906297,5.39625,0.593258,3.201371,162.962203
SPHINCS+-SHA2-128f-simple_run09,active,50.919034,5.3975,0.595225,3.212728,163.003122
SPHINCS+-SHA2-128f-simple_run09,active,50.931771,5.395,0.594152,3.205452,163.04395
SPHINCS+-SHA2-128f-simple_run09,active,50.944508,5.395,0.590219,3.18423,163.084508
SPHINCS+-SHA2-128f-simple_run09,active,50.957247,5.39125,0.593258,3.198404,163.125253
SPHINCS+-SHA2-128f-simple_run09,active,50.970003,5.395,0.59308,3.199664,163.166069
SPHINCS+-SHA2-128f-simple_run09,active,50.982748,5.39875,0.592543,3.198993,163.206837
SPHINCS+-SHA2-128f-simple_run09,active,50.995488,5.3975,0.593437,3.203077,163.247646
SPHINCS+-SHA2-128f-simple_run09,active,51.00823,5.3975,0.593795,3.205007,163.288483
SPHINCS+-SHA2-128f-simple_run09,active,51.020967,5.39625,0.592543,3.197511,163.32921
SPHINCS+-SHA2-128f-simple_run09,active,51.033701,5.39875,0.591649,3.194166,163.369886
SPHINCS+-SHA2-128f-simple_run09,active,51.046439,5.39875,0.59308,3.201888,163.41067
SPHINCS+-SHA2-128f-simple_run09,active,51.059177,5.39875,0.59308,3.201888,163.451455
SPHINCS+-SHA2-128f-simple_run09,active,51.071962,5.3975,0.593258,3.202112,163.492396
SPHINCS+-SHA2-128f-simple_run09,active,51.087586,5.3975,0.594331,3.207903,163.542515
SPHINCS+-SHA2-128f-simple_run09,active,51.100346,5.3975,0.593795,3.205007,163.583412
SPHINCS+-SHA2-128f-simple_run09,active,51.113089,5.3975,0.597013,3.222379,163.624473
SPHINCS+-SHA2-128f-simple_run09,active,51.125829,5.39875,0.599516,3.236639,163.665707
SPHINCS+-SHA2-128f-simple_run09,active,51.138566,5.39625,0.593616,3.2033,163.70651
SPHINCS+-SHA2-128f-simple_run09,active,51.151306,5.38625,0.593795,3.198327,163.747256
SPHINCS+-SHA2-128f-simple_run09,active,51.164046,5.39625,0.592364,3.196546,163.787979
SPHINCS+-SHA2-128f-simple_run09,active,51.176792,5.39875,0.593258,3.202854,163.828803
SPHINCS+-SHA2-128f-simple_run09,active,51.189534,5.39875,0.593437,3.203819,163.869626
SPHINCS+-SHA2-128f-simple_run09,active,51.202274,5.3975,0.596298,3.218518,163.91063
SPHINCS+-SHA2-128f-simple_run09,active,51.215013,5.39625,0.594689,3.209089,163.951512
SPHINCS+-SHA2-128f-simple_run09,active,51.227751,5.39625,0.598801,3.231281,163.992672
SPHINCS+-SHA2-128f-simple_run09,active,51.240488,5.395,0.592364,3.195806,164.033377
SPHINCS+-SHA2-128f-simple_run09,active,51.253263,5.3975,0.594331,3.207903,164.074358
SPHINCS+-SHA2-128f-simple_run09,active,51.266003,5.3975,0.593795,3.205007,164.115191
SPHINCS+-SHA2-128f-simple_run09,active,51.278748,5.3975,0.593437,3.203077,164.156013
SPHINCS+-SHA2-128f-simple_run09,active,51.291491,5.3975,0.593437,3.203077,164.196828
SPHINCS+-SHA2-128f-simple_run09,active,51.304233,5.4025,0.591292,3.194453,164.237532
SPHINCS+-SHA2-128f-simple_run09,active,51.316971,5.39625,0.593258,3.201371,164.278313
SPHINCS+-SHA2-128f-simple_run09,active,51.329708,5.39625,0.59755,3.224527,164.319381
SPHINCS+-SHA2-128f-simple_run09,active,51.342448,5.3975,0.593795,3.205007,164.360213
SPHINCS+-SHA2-128f-simple_run09,active,51.355185,5.395,0.593795,3.203523,164.401018
SPHINCS+-SHA2-128f-simple_run09,active,51.367953,5.3975,0.593795,3.205007,164.44194
SPHINCS+-SHA2-128f-simple_run09,active,51.380701,5.3975,0.594331,3.207903,164.482835
SPHINCS+-SHA2-128f-simple_run09,active,51.393443,5.39875,0.594331,3.208646,164.523718
SPHINCS+-SHA2-128f-simple_run09,active,51.406183,5.39625,0.593258,3.201371,164.564503
SPHINCS+-SHA2-128f-simple_run09,active,51.418921,5.3975,0.593616,3.204042,164.605316
SPHINCS+-SHA2-128f-simple_run09,active,51.431659,5.39625,0.595225,3.211984,164.646232
SPHINCS+-SHA2-128f-simple_run09,active,51.444398,5.39875,0.59308,3.201888,164.687021
SPHINCS+-SHA2-128f-simple_run09,active,51.457137,5.39375,0.59308,3.198923,164.72777
SPHINCS+-SHA2-128f-simple_run09,active,51.469876,5.3975,0.59308,3.201147,164.76855
SPHINCS+-SHA2-128f-simple_run09,active,51.482622,5.4025,0.593258,3.205079,164.809401
SPHINCS+-SHA2-128f-simple_run09,active,51.495365,5.38875,0.59594,3.211374,164.850325
SPHINCS+-SHA2-128f-simple_run09,active,51.508108,5.3975,0.593258,3.202112,164.891129
SPHINCS+-SHA2-128f-simple_run09,active,51.520846,5.3975,0.593258,3.202112,164.931919
SPHINCS+-SHA2-128f-simple_run09,active,51.533584,5.395,0.595225,3.21124,164.972823
SPHINCS+-SHA2-128f-simple_run09,active,51.546322,5.3975,0.593258,3.202112,165.013613
SPHINCS+-SHA2-128f-simple_run09,active,51.559066,5.39375,0.595046,3.209532,165.054513
SPHINCS+-SHA2-128f-simple_run09,active,51.571806,5.39625,0.593258,3.201371,165.0953
SPHINCS+-SHA2-128f-simple_run09,active,51.584553,5.3975,0.591649,3.193427,165.136004
SPHINCS+-SHA2-128f-simple_run09,active,51.597296,5.3975,0.59308,3.201147,165.176797
SPHINCS+-SHA2-128f-simple_run09,active,51.610038,5.3975,0.592901,3.200182,165.217573
SPHINCS+-SHA2-128f-simple_run09,active,51.622776,5.3975,0.591649,3.193427,165.258251
SPHINCS+-SHA2-128f-simple_run09,active,51.635515,5.3975,0.59594,3.216588,165.299229
SPHINCS+-SHA2-128f-simple_run09,active,51.648257,5.395,0.593616,3.202558,165.340035
SPHINCS+-SHA2-128f-simple_run09,active,51.660996,5.3975,0.593974,3.205973,165.380876
SPHINCS+-SHA2-128f-simple_run09,active,51.673735,5.39625,0.59147,3.191722,165.421535
SPHINCS+-SHA2-128f-simple_run09,active,51.68648,5.3975,0.593258,3.202112,165.462346
SPHINCS+-SHA2-128f-simple_run09,active,51.699225,5.39625,0.593258,3.201371,165.503147
SPHINCS+-SHA2-128f-simple_run09,active,51.711968,5.3975,0.593258,3.202112,165.543951
SPHINCS+-SHA2-128f-simple_run09,active,51.724706,5.39875,0.586285,3.165207,165.584269
SPHINCS+-SHA2-128f-simple_run09,active,51.737445,5.39875,0.597192,3.22409,165.625343
SPHINCS+-SHA2-128f-simple_run09,active,51.750185,5.39875,0.593258,3.202854,165.666148
SPHINCS+-SHA2-128f-simple_run09,active,51.762926,5.3975,0.59308,3.201147,165.706932
SPHINCS+-SHA2-128f-simple_run09,active,51.775668,5.39625,0.593437,3.202335,165.747736
SPHINCS+-SHA2-128f-simple_run09,active,51.788415,5.39625,0.593437,3.202335,165.788558
SPHINCS+-SHA2-128f-simple_run09,active,51.80116,5.39875,0.592901,3.200923,165.829354
SPHINCS+-SHA2-128f-simple_run09,active,51.813902,5.3975,0.591649,3.193427,165.870044
SPHINCS+-SHA2-128f-simple_run09,active,51.826641,5.39625,0.593258,3.201371,165.910827
SPHINCS+-SHA2-128f-simple_run09,active,51.839382,5.39875,0.598444,3.230847,165.951989
SPHINCS+-SHA2-128f-simple_run09,active,51.852126,5.3975,0.593258,3.202112,165.992798
SPHINCS+-SHA2-128f-simple_run09,active,51.864867,5.3975,0.593616,3.204042,166.033621
SPHINCS+-SHA2-128f-simple_run09,active,51.877607,5.3975,0.592901,3.200182,166.07439
SPHINCS+-SHA2-128f-simple_run09,active,51.890353,5.395,0.593258,3.200629,166.115187
SPHINCS+-SHA2-128f-simple_run09,active,51.903098,5.38875,0.592901,3.194994,166.155905
SPHINCS+-SHA2-128f-simple_run09,active,51.915841,5.39125,0.593974,3.20226,166.196711
SPHINCS+-SHA2-128f-simple_run09,active,51.928582,5.39625,0.593258,3.201371,166.2375
SPHINCS+-SHA2-128f-simple_run09,active,51.941321,5.3975,0.598622,3.231064,166.278663
SPHINCS+-SHA2-128f-simple_run09,active,51.954062,5.40375,0.594868,3.214516,166.319619
SPHINCS+-SHA2-128f-simple_run09,active,51.966813,5.4,0.593437,3.204561,166.360479
SPHINCS+-SHA2-128f-simple_run09,active,51.979556,5.39625,0.592364,3.196546,166.401212
SPHINCS+-SHA2-128f-simple_run09,active,51.992305,5.39375,0.593437,3.200852,166.442021
SPHINCS+-SHA2-128f-simple_run09,active,52.005051,5.40125,0.594331,3.210131,166.482938
SPHINCS+-SHA2-128f-simple_run09,active,52.017794,5.39,0.594152,3.202481,166.523746
SPHINCS+-SHA2-128f-simple_run09,active,52.030692,5.395,0.593795,3.203523,166.565064
SPHINCS+-SHA2-128f-simple_run09,active,52.043501,5.39375,0.595583,3.212425,166.606214
SPHINCS+-SHA2-128f-simple_run09,active,52.056251,5.39625,0.595225,3.211984,166.647165
SPHINCS+-SHA2-128f-simple_run09,active,52.069003,5.39625,0.593258,3.201371,166.687988
SPHINCS+-SHA2-128f-simple_run09,active,52.081743,5.38125,0.59308,3.19151,166.728651
SPHINCS+-SHA2-128f-simple_run09,active,52.094566,5.3875,0.593795,3.199069,166.769672
SPHINCS+-SHA2-128f-simple_run09,active,52.107312,5.375,0.593437,3.189725,166.810327
SPHINCS+-SHA2-128f-simple_run09,active,52.119755,5.375,0.592901,3.186842,166.84998
SPHINCS+-SHA2-128f-simple_run09,active,52.132201,5.375,0.593437,3.189725,166.88968
SPHINCS+-SHA2-128f-simple_run09,active,52.144639,5.37375,0.597013,3.2082,166.929585
SPHINCS+-SHA2-128f-simple_run09,active,52.157125,5.37375,0.593258,3.188022,166.969389
SPHINCS+-SHA2-128f-simple_run09,active,52.169569,5.37375,0.594152,3.192826,167.009122
SPHINCS+-SHA2-128f-simple_run09,active,52.182006,5.3875,0.593795,3.199069,167.048909
SPHINCS+-SHA2-128f-simple_run09,active,52.194443,5.38375,0.594152,3.198768,167.088691
SPHINCS+-SHA2-128f-simple_run09,active,52.20689,5.39875,0.595046,3.212507,167.128677
SPHINCS+-SHA2-128f-simple_run09,active,52.219637,5.39875,0.593795,3.20575,167.16954
SPHINCS+-SHA2-128f-simple_run09,active,52.232381,5.39625,0.593974,3.20523,167.210389
SPHINCS+-SHA2-128f-simple_run09,active,52.245122,5.39875,0.59451,3.209611,167.251283
SPHINCS+-SHA2-128f-simple_run09,active,52.257864,5.39875,0.59308,3.201888,167.292079
SPHINCS+-SHA2-128f-simple_run09,active,52.270606,5.3975,0.593437,3.203077,167.332895
SPHINCS+-SHA2-128f-simple_run09,active,52.283348,5.39875,0.590755,3.18934,167.373532
SPHINCS+-SHA2-128f-simple_run09,active,52.296091,5.39625,0.592901,3.199441,167.414302
SPHINCS+-SHA2-128f-simple_run09,active,52.308837,5.39625,0.593258,3.201371,167.45511
SPHINCS+-SHA2-128f-simple_run09,active,52.321578,5.3975,0.593795,3.205007,167.495944
SPHINCS+-SHA2-128f-simple_run09,active,52.334319,5.4,0.596656,3.22194,167.536993
SPHINCS+-SHA2-128f-simple_run09,active,52.347061,5.3975,0.593258,3.202112,167.577796
SPHINCS+-SHA2-128f-simple_run09,active,52.362798,5.39375,0.594152,3.20471,167.628228
SPHINCS+-SHA2-128f-simple_run09,active,52.375583,5.40125,0.593795,3.207234,167.669232
SPHINCS+-SHA2-128f-simple_run09,active,52.388333,5.395,0.593258,3.200629,167.710039
SPHINCS+-SHA2-128f-simple_run09,active,52.401086,5.39625,0.593258,3.201371,167.750868
SPHINCS+-SHA2-128f-simple_run09,active,52.413828,5.40125,0.59898,3.235241,167.79209
SPHINCS+-SHA2-128f-simple_run09,active,52.426574,5.395,0.593437,3.201594,167.832897
SPHINCS+-SHA2-128f-simple_run09,active,52.439314,5.395,0.594331,3.206417,167.873747
SPHINCS+-SHA2-128f-simple_run09,active,52.452059,5.3975,0.599516,3.23589,167.914988
SPHINCS+-SHA2-128f-simple_run09,active,52.464799,5.39875,0.591649,3.194166,167.955682
SPHINCS+-SHA2-128f-simple_run09,active,52.477539,5.3975,0.592901,3.200182,167.996455
SPHINCS+-SHA2-128f-simple_run09,active,52.49028,5.3975,0.592543,3.198252,168.037203
SPHINCS+-SHA2-128f-simple_run09,active,52.503025,5.39625,0.594331,3.20716,168.078077
SPHINCS+-SHA2-128f-simple_run09,active,52.515765,5.395,0.594331,3.206417,168.118926
SPHINCS+-SHA2-128f-simple_run09,active,52.528506,5.39625,0.593437,3.202335,168.159728
SPHINCS+-SHA2-128f-simple_run09,active,52.541247,5.3975,0.592901,3.200182,168.2005
SPHINCS+-SHA2-128f-simple_run09,active,52.553987,5.3975,0.596477,3.219484,168.241517
SPHINCS+-SHA2-128f-simple_run09,active,52.566723,5.39625,0.592543,3.197511,168.282243
SPHINCS+-SHA2-128f-simple_run09,active,52.579464,5.3975,0.593795,3.205007,168.323077
SPHINCS+-SHA2-128f-simple_run09,active,52.592207,5.39625,0.593616,3.2033,168.363896
SPHINCS+-SHA2-128f-simple_run09,active,52.604957,5.39875,0.585391,3.160381,168.404191
SPHINCS+-SHA2-128f-simple_run09,active,52.617703,5.3975,0.593258,3.202112,168.445005
SPHINCS+-SHA2-128f-simple_run09,active,52.630446,5.3975,0.593616,3.204042,168.485834
SPHINCS+-SHA2-128f-simple_run09,active,52.643187,5.39625,0.593795,3.204265,168.526658
SPHINCS+-SHA2-128f-simple_run09,active,52.655966,5.3975,0.598801,3.232029,168.567961
SPHINCS+-SHA2-128f-simple_run09,active,52.668709,5.39625,0.593258,3.201371,168.608758
SPHINCS+-SHA2-128f-simple_run09,active,52.681452,5.39625,0.593258,3.201371,168.64955
SPHINCS+-SHA2-128f-simple_run09,active,52.69419,5.3975,0.594689,3.209833,168.690439
SPHINCS+-SHA2-128f-simple_run09,active,52.706944,5.39375,0.594331,3.205674,168.731323
SPHINCS+-SHA2-128f-simple_run09,active,52.71969,5.3975,0.593437,3.203077,168.772151
SPHINCS+-SHA2-128f-simple_run09,active,52.732434,5.39625,0.593437,3.202335,168.81296
SPHINCS+-SHA2-128f-simple_run09,active,52.745176,5.39375,0.593616,3.201816,168.853757
SPHINCS+-SHA2-128f-simple_run09,active,52.757916,5.39875,0.597013,3.223125,168.89482
SPHINCS+-SHA2-128f-simple_run09,active,52.770655,5.39625,0.594152,3.206195,168.935666
SPHINCS+-SHA2-128f-simple_run09,active,52.783398,5.4,0.594689,3.21132,168.976586
SPHINCS+-SHA2-128f-simple_run09,active,52.796141,5.3925,0.593437,3.20011,169.017366
SPHINCS+-SHA2-128f-simple_run09,active,52.808887,5.3975,0.592901,3.200182,169.058157
SPHINCS+-SHA2-128f-simple_run09,active,52.821632,5.39625,0.593437,3.202335,169.09897
SPHINCS+-SHA2-128f-simple_run09,active,52.834374,5.3975,0.595762,3.215623,169.139941
SPHINCS+-SHA2-128f-simple_run09,active,52.847113,5.39875,0.593795,3.20575,169.180781
SPHINCS+-SHA2-128f-simple_run09,active,52.859853,5.395,0.596119,3.216063,169.221754
SPHINCS+-SHA2-128f-simple_run09,active,52.872594,5.39625,0.593437,3.202335,169.262554
SPHINCS+-SHA2-128f-simple_run09,active,52.885335,5.39375,0.592543,3.19603,169.303275
SPHINCS+-SHA2-128f-simple_run09,active,52.898077,5.39625,0.593258,3.201371,169.344065
SPHINCS+-SHA2-128f-simple_run09,active,52.910824,5.3975,0.592901,3.200182,169.384859
SPHINCS+-SHA2-128f-simple_run09,active,52.92357,5.39625,0.58557,3.159882,169.425135
SPHINCS+-SHA2-128f-simple_run09,active,52.936313,5.395,0.593258,3.200629,169.465921
SPHINCS+-SHA2-128f-simple_run09,active,52.949052,5.39625,0.593258,3.201371,169.506704
SPHINCS+-SHA2-128f-simple_run09,active,52.961854,5.3975,0.597907,3.227204,169.548018
SPHINCS+-SHA2-128f-simple_run09,active,52.974604,5.39875,0.596477,3.220229,169.589075
SPHINCS+-SHA2-128f-simple_run09,active,52.987345,5.39625,0.593616,3.2033,169.629889
SPHINCS+-SHA2-128f-simple_run09,active,53.000089,5.39875,0.594152,3.20768,169.670769
SPHINCS+-SHA2-128f-simple_run09,active,53.012836,5.39625,0.594868,3.210054,169.711686
SPHINCS+-SHA2-128f-simple_run09,active,53.025579,5.39625,0.595225,3.211984,169.752616
SPHINCS+-SHA2-128f-simple_run09,active,53.038323,5.39625,0.593258,3.201371,169.793414
SPHINCS+-SHA2-128f-simple_run09,active,53.051064,5.3975,0.593258,3.202112,169.834212
SPHINCS+-SHA2-128f-simple_run09,active,53.063804,5.3975,0.592007,3.195357,169.874921
SPHINCS+-SHA2-128f-simple_run09,active,53.076545,5.395,0.593437,3.201594,169.915712
SPHINCS+-SHA2-128f-simple_run09,active,53.089285,5.39625,0.593437,3.202335,169.956511
SPHINCS+-SHA2-128f-simple_run09,active,53.102024,5.3975,0.593258,3.202112,169.997302
SPHINCS+-SHA2-128f-simple_run09,active,53.114768,5.3975,0.594152,3.206938,170.038173
SPHINCS+-SHA2-128f-simple_run09,active,53.127511,5.3975,0.593437,3.203077,170.078989
SPHINCS+-SHA2-128f-simple_run09,active,53.140253,5.3975,0.593258,3.202112,170.11979
SPHINCS+-SHA2-128f-simple_run09,active,53.152993,5.395,0.592543,3.196771,170.160517
SPHINCS+-SHA2-128f-simple_run09,active,53.165731,5.3825,0.598622,3.222085,170.20156
SPHINCS+-SHA2-128f-simple_run09,active,53.178469,5.3975,0.593795,3.205007,170.242386
SPHINCS+-SHA2-128f-simple_run09,active,53.19121,5.39625,0.598622,3.230316,170.283541
SPHINCS+-SHA2-128f-simple_run09,active,53.203953,5.405,0.593616,3.208494,170.324427
SPHINCS+-SHA2-128f-simple_run09,active,53.216698,5.3975,0.592364,3.197287,170.365179
SPHINCS+-SHA2-128f-simple_run09,active,53.22944,5.39875,0.593616,3.204784,170.406014
SPHINCS+-SHA2-128f-simple_run09,active,53.242181,5.39625,0.594331,3.20716,170.446877
SPHINCS+-SHA2-128f-simple_run09,active,53.254921,5.3975,0.593437,3.203077,170.487682
SPHINCS+-SHA2-128f-simple_run09,active,53.267659,5.3975,0.595225,3.212728,170.528606
SPHINCS+-SHA2-128f-simple_run09,active,53.280399,5.39625,0.593616,3.2033,170.569416
SPHINCS+-SHA2-128f-simple_run09,active,53.293138,5.395,0.593437,3.201594,170.610202
SPHINCS+-SHA2-128f-simple_run09,active,53.305877,5.38625,0.593437,3.196401,170.650922
SPHINCS+-SHA2-128f-simple_run09,active,53.318621,5.3975,0.593437,3.203077,170.691739
SPHINCS+-SHA2-128f-simple_run09,active,53.331363,5.39625,0.593437,3.202335,170.732543
SPHINCS+-SHA2-128f-simple_run09,active,53.344106,5.3975,0.594689,3.209833,170.773447
SPHINCS+-SHA2-128f-simple_run09,active,53.356845,5.395,0.593437,3.201594,170.814233
SPHINCS+-SHA2-128f-simple_run09,active,53.369583,5.395,0.596477,3.217992,170.855225
SPHINCS+-SHA2-128f-simple_run09,active,53.382321,5.39875,0.59308,3.201888,170.89601
SPHINCS+-SHA2-128f-simple_run09,active,53.395059,5.39625,0.592901,3.199441,170.936765
SPHINCS+-SHA2-128f-simple_run09,active,53.4078,5.395,0.593616,3.202558,170.977567
SPHINCS+-SHA2-128f-simple_run09,active,53.420565,5.395,0.593258,3.200629,171.018424
SPHINCS+-SHA2-128f-simple_run09,active,53.433312,5.395,0.593437,3.201594,171.059235
SPHINCS+-SHA2-128f-simple_run09,active,53.446051,5.39625,0.593437,3.202335,171.100028
SPHINCS+-SHA2-128f-simple_run09,active,53.458791,5.39625,0.592901,3.199441,171.140791
SPHINCS+-SHA2-128f-simple_run09,active,53.471533,5.39875,0.597907,3.227951,171.18192
SPHINCS+-SHA2-128f-simple_run09,active,53.484275,5.3975,0.593258,3.202112,171.222723
SPHINCS+-SHA2-128f-simple_run09,active,53.497011,5.3975,0.594331,3.207903,171.263579
SPHINCS+-SHA2-128f-simple_run09,active,53.509749,5.395,0.593258,3.200629,171.304347
SPHINCS+-SHA2-128f-simple_run09,active,53.522504,5.39375,0.593258,3.199887,171.345163
SPHINCS+-SHA2-128f-simple_run09,active,53.535249,5.39625,0.597371,3.223562,171.386246
SPHINCS+-SHA2-128f-simple_run09,active,53.547995,5.3975,0.592364,3.197287,171.426997
SPHINCS+-SHA2-128f-simple_run09,active,53.560736,5.3975,0.593437,3.203077,171.46781
SPHINCS+-SHA2-128f-simple_run09,active,53.573474,5.3975,0.594152,3.206938,171.508658
SPHINCS+-SHA2-128f-simple_run09,active,53.586213,5.39625,0.593795,3.204265,171.549478
SPHINCS+-SHA2-128f-simple_run09,active,53.598952,5.39625,0.594331,3.20716,171.590334
SPHINCS+-SHA2-128f-simple_run09,active,53.611689,5.39625,0.593258,3.201371,171.63111
SPHINCS+-SHA2-128f-simple_run09,active,53.624439,5.39375,0.592901,3.197959,171.671884
SPHINCS+-SHA2-128f-simple_run09,active,53.640134,5.39875,0.593437,3.203819,171.722169
SPHINCS+-SHA2-128f-simple_run09,active,53.652895,5.39625,0.593258,3.201371,171.76302
SPHINCS+-SHA2-128f-simple_run09,active,53.665638,5.39875,0.593974,3.206715,171.803884
SPHINCS+-SHA2-128f-simple_run09,active,53.678378,5.39875,0.593795,3.20575,171.844725
SPHINCS+-SHA2-128f-simple_run09,active,53.691116,5.39625,0.592543,3.197511,171.885455
SPHINCS+-SHA2-128f-simple_run09,active,53.703856,5.39625,0.591113,3.189792,171.926093
SPHINCS+-SHA2-128f-simple_run09,active,53.716595,5.39625,0.593437,3.202335,171.966889
SPHINCS+-SHA2-128f-simple_run09,active,53.729341,5.39625,0.593258,3.201371,172.007692
SPHINCS+-SHA2-128f-simple_run09,active,53.742084,5.3975,0.594331,3.207903,172.048571
SPHINCS+-SHA2-128f-simple_run09,active,53.754824,5.39875,0.595046,3.212507,172.089497
SPHINCS+-SHA2-128f-simple_run09,active,53.767563,5.39625,0.593437,3.202335,172.130292
SPHINCS+-SHA2-128f-simple_run09,active,53.780304,5.39875,0.593616,3.204784,172.171125
SPHINCS+-SHA2-128f-simple_run09,active,53.79304,5.39625,0.593258,3.201371,172.211897
SPHINCS+-SHA2-128f-simple_run09,active,53.805776,5.39625,0.597907,3.226457,172.252988
SPHINCS+-SHA2-128f-simple_run09,active,53.818554,5.395,0.593258,3.200629,172.293888
SPHINCS+-SHA2-128f-simple_run09,active,53.831293,5.39375,0.593795,3.202781,172.334687
SPHINCS+-SHA2-128f-simple_run09,active,53.844036,5.39625,0.594331,3.20716,172.375555
SPHINCS+-SHA2-128f-simple_run09,active,53.856775,5.3975,0.593258,3.202112,172.416347
SPHINCS+-SHA2-128f-simple_run09,active,53.869513,5.395,0.593437,3.201594,172.457129
SPHINCS+-SHA2-128f-simple_run09,active,53.882251,5.39625,0.593258,3.201371,172.497908
SPHINCS+-SHA2-128f-simple_run09,active,53.894989,5.39625,0.597192,3.222597,172.538959
SPHINCS+-SHA2-128f-simple_run09,active,53.907729,5.3975,0.592901,3.200182,172.579727
SPHINCS+-SHA2-128f-simple_run09,active,53.920468,5.395,0.593258,3.200629,172.620502
SPHINCS+-SHA2-128f-simple_run09,active,53.93325,5.39875,0.593795,3.20575,172.661475
SPHINCS+-SHA2-128f-simple_run09,active,53.945995,5.3975,0.593258,3.202112,172.702287
SPHINCS+-SHA2-128f-simple_run09,active,53.958751,5.39625,0.59308,3.200406,172.743113
SPHINCS+-SHA2-128f-simple_run09,active,53.971493,5.39875,0.593795,3.20575,172.783959
SPHINCS+-SHA2-128f-simple_run09,active,53.984235,5.39625,0.596477,3.218738,172.824972
SPHINCS+-SHA2-128f-simple_run09,active,53.996971,5.39625,0.594152,3.206195,172.865808
SPHINCS+-SHA2-128f-simple_run09,active,54.009718,5.39625,0.594152,3.206195,172.906676
SPHINCS+-SHA2-128f-simple_run09,active,54.022501,5.3975,0.594152,3.206938,172.94767
SPHINCS+-SHA2-128f-simple_run09,active,54.035256,5.39875,0.594689,3.210576,172.988623
SPHINCS+-SHA2-128f-simple_run09,active,54.048007,5.3975,0.593795,3.205007,173.029488
SPHINCS+-SHA2-128f-simple_run09,active,54.06075,5.3975,0.593258,3.202112,173.070294
SPHINCS+-SHA2-128f-simple_run09,active,54.07349,5.39625,0.593258,3.201371,173.111079
SPHINCS+-SHA2-128f-simple_run09,active,54.086232,5.39625,0.593258,3.201371,173.151869
SPHINCS+-SHA2-128f-simple_run09,active,54.098971,5.39625,0.592364,3.196546,173.192592
SPHINCS+-SHA2-128f-simple_run09,active,54.111712,5.39625,0.593437,3.202335,173.233392
SPHINCS+-SHA2-128f-simple_run09,active,54.124449,5.3975,0.59594,3.216588,173.274362
SPHINCS+-SHA2-128f-simple_run09,active,54.137207,5.38875,0.593616,3.198848,173.315174
SPHINCS+-SHA2-128f-simple_run09,active,54.149961,5.39625,0.59308,3.200406,173.355991
SPHINCS+-SHA2-128f-simple_run09,active,54.162706,5.3975,0.59308,3.201147,173.39679
SPHINCS+-SHA2-128f-simple_run09,active,54.175449,5.39625,0.596477,3.218738,173.437806
SPHINCS+-SHA2-128f-simple_run09,active,54.188194,5.3975,0.592901,3.200182,173.478593
SPHINCS+-SHA2-128f-simple_run09,active,54.200932,5.3975,0.593616,3.204042,173.519407
SPHINCS+-SHA2-128f-simple_run09,active,54.213673,5.3975,0.593437,3.203077,173.560216
SPHINCS+-SHA2-128f-simple_run09,active,54.226415,5.39875,0.591649,3.194166,173.600916
SPHINCS+-SHA2-128f-simple_run09,active,54.239163,5.395,0.593437,3.201594,173.64173
SPHINCS+-SHA2-128f-simple_run09,active,54.25196,5.39625,0.593258,3.201371,173.682697
SPHINCS+-SHA2-128f-simple_run09,active,54.264711,5.3975,0.597371,3.224309,173.723812
SPHINCS+-SHA2-128f-simple_run09,active,54.277454,5.39875,0.593795,3.20575,173.764662
SPHINCS+-SHA2-128f-simple_run09,active,54.290197,5.39625,0.593437,3.202335,173.805468
SPHINCS+-SHA2-128f-simple_run09,active,54.302937,5.3975,0.593437,3.203077,173.846277
SPHINCS+-SHA2-128f-simple_run09,active,54.315679,5.3975,0.59594,3.216588,173.887262
SPHINCS+-SHA2-128f-simple_run09,active,54.32842,5.395,0.59308,3.199664,173.928029
SPHINCS+-SHA2-128f-simple_run09,active,54.341163,5.39375,0.593258,3.199887,173.968805
SPHINCS+-SHA2-128f-simple_run09,active,54.353908,5.39625,0.592364,3.196546,174.009544
SPHINCS+-SHA2-128f-simple_run09,active,54.366649,5.3975,0.593795,3.205007,174.05038
SPHINCS+-SHA2-128f-simple_run09,active,54.379389,5.395,0.593258,3.200629,174.091156
SPHINCS+-SHA2-128f-simple_run09,active,54.392131,5.3975,0.592722,3.199217,174.131919
SPHINCS+-SHA2-128f-simple_run09,active,54.40487,5.39625,0.595046,3.211019,174.172827
SPHINCS+-SHA2-128f-simple_run09,active,54.417608,5.395,0.593795,3.203523,174.213634
SPHINCS+-SHA2-128f-simple_run09,active,54.430349,5.395,0.592901,3.1987,174.254387
SPHINCS+-SHA2-128f-simple_run09,active,54.443095,5.395,0.593258,3.200629,174.295183
SPHINCS+-SHA2-128f-simple_run09,active,54.45584,5.39875,0.593437,3.203819,174.336015
SPHINCS+-SHA2-128f-simple_run09,active,54.468582,5.39875,0.593258,3.202854,174.376825
SPHINCS+-SHA2-128f-simple_run09,active,54.481322,5.39625,0.593437,3.202335,174.417624
SPHINCS+-SHA2-128f-simple_run09,active,54.494061,5.3975,0.595762,3.215623,174.458587
SPHINCS+-SHA2-128f-simple_run09,active,54.506801,5.3975,0.593795,3.205007,174.499419
SPHINCS+-SHA2-128f-simple_run09,active,54.519539,5.39625,0.593616,3.2033,174.540223
SPHINCS+-SHA2-128f-simple_run09,active,54.53228,5.3875,0.594331,3.201959,174.581019
SPHINCS+-SHA2-128f-simple_run09,active,54.545026,5.39625,0.590398,3.185933,174.621625
SPHINCS+-SHA2-128f-simple_run09,active,54.55777,5.3975,0.593437,3.203077,174.662447
SPHINCS+-SHA2-128f-simple_run09,active,54.570546,5.39625,0.593437,3.202335,174.703358
SPHINCS+-SHA2-128f-simple_run09,active,54.583285,5.4,0.593437,3.204561,174.744184
SPHINCS+-SHA2-128f-simple_run09,active,54.596028,5.395,0.599695,3.235356,174.78541
SPHINCS+-SHA2-128f-simple_run09,active,54.608765,5.3975,0.593258,3.202112,174.826197
SPHINCS+-SHA2-128f-simple_run09,active,54.621506,5.3975,0.593437,3.203077,174.867005
SPHINCS+-SHA2-128f-simple_run09,active,54.634246,5.39125,0.594331,3.204188,174.907826
SPHINCS+-SHA2-128f-simple_run09,active,54.646992,5.39625,0.592901,3.199441,174.948607
SPHINCS+-SHA2-128f-simple_run09,active,54.659734,5.39625,0.592901,3.199441,174.989376
SPHINCS+-SHA2-128f-simple_run09,active,54.672475,5.3975,0.592543,3.198252,175.030125
SPHINCS+-SHA2-128f-simple_run09,active,54.685247,5.39625,0.583424,3.148304,175.070335
SPHINCS+-SHA2-128f-simple_run09,active,54.697988,5.4,0.59594,3.218078,175.111336
SPHINCS+-SHA2-128f-simple_run09,active,54.710726,5.39625,0.593437,3.202335,175.152128
SPHINCS+-SHA2-128f-simple_run09,active,54.723472,5.39625,0.59594,3.215843,175.193117
SPHINCS+-SHA2-128f-simple_run09,active,54.736216,5.38875,0.595404,3.208483,175.234005
SPHINCS+-SHA2-128f-simple_run09,active,54.748963,5.39625,0.593616,3.2033,175.274836
SPHINCS+-SHA2-128f-simple_run09,active,54.761708,5.3975,0.593258,3.202112,175.315647
SPHINCS+-SHA2-128f-simple_run09,active,54.774449,5.3975,0.596119,3.217553,175.356642
SPHINCS+-SHA2-128f-simple_run09,active,54.787188,5.39875,0.593258,3.202854,175.397445
SPHINCS+-SHA2-128f-simple_run09,active,54.799955,5.3975,0.59451,3.208868,175.43841
SPHINCS+-SHA2-128f-simple_run09,active,54.812696,5.39875,0.594152,3.20768,175.479281
SPHINCS+-SHA2-128f-simple_run09,active,54.825438,5.3975,0.59451,3.208868,175.520168
SPHINCS+-SHA2-128f-simple_run09,active,54.838177,5.38625,0.593616,3.197364,175.560899
SPHINCS+-SHA2-128f-simple_run09,active,54.850924,5.39375,0.593437,3.200852,175.6017
SPHINCS+-SHA2-128f-simple_run09,active,54.863669,5.3975,0.593258,3.202112,175.642511
SPHINCS+-SHA2-128f-simple_run09,active,54.876411,5.38375,0.592901,3.19203,175.683185
SPHINCS+-SHA2-128f-simple_run09,active,54.889151,5.3975,0.593437,3.203077,175.723993
SPHINCS+-SHA2-128f-simple_run09,active,54.901891,5.39625,0.594152,3.206195,175.764837
SPHINCS+-SHA2-128f-simple_run09,active,54.917582,5.39875,0.593258,3.202854,175.815094
SPHINCS+-SHA2-128f-simple_run09,active,54.930345,5.3975,0.593437,3.203077,175.855975
SPHINCS+-SHA2-128f-simple_run09,active,54.943089,5.3925,0.592901,3.197218,175.89672
SPHINCS+-SHA2-128f-simple_run09,active,54.955842,5.39625,0.595583,3.213914,175.937709
SPHINCS+-SHA2-128f-simple_run09,active,54.968604,5.39625,0.593795,3.204265,175.978601
SPHINCS+-SHA2-128f-simple_run09,active,54.981345,5.3975,0.592722,3.199217,176.019363
SPHINCS+-SHA2-128f-simple_run09,active,54.994087,5.3975,0.594152,3.206938,176.060227
SPHINCS+-SHA2-128f-simple_run09,active,55.006828,5.39875,0.593795,3.20575,176.10107
SPHINCS+-SHA2-128f-simple_run09,active,55.019567,5.3975,0.593258,3.202112,176.141861
SPHINCS+-SHA2-128f-simple_run09,active,55.032311,5.3975,0.594331,3.207903,176.182742
SPHINCS+-SHA2-128f-simple_run09,active,55.04505,5.39375,0.590398,3.184457,176.223309
SPHINCS+-SHA2-128f-simple_run09,active,55.057797,5.39375,0.593258,3.199887,176.2641
SPHINCS+-SHA2-128f-simple_run09,active,55.070582,5.3975,0.593616,3.204042,176.305062
SPHINCS+-SHA2-128f-simple_run09,active,55.083322,5.3975,0.593258,3.202112,176.345857
SPHINCS+-SHA2-128f-simple_run09,active,55.096064,5.3975,0.593258,3.202112,176.386657
SPHINCS+-SHA2-128f-simple_run09,active,55.108803,5.39625,0.593795,3.204265,176.427478
SPHINCS+-SHA2-128f-simple_run09,active,55.121541,5.39625,0.593437,3.202335,176.468268
SPHINCS+-SHA2-128f-simple_run09,active,55.134283,5.38375,0.592901,3.19203,176.508941
SPHINCS+-SHA2-128f-simple_run09,active,55.147022,5.3925,0.593437,3.20011,176.549706
SPHINCS+-SHA2-128f-simple_run09,active,55.159767,5.39875,0.593437,3.203819,176.590539
SPHINCS+-SHA2-128f-simple_run09,active,55.172513,5.39875,0.593437,3.203819,176.631376
SPHINCS+-SHA2-128f-simple_run09,active,55.185253,5.4025,0.593437,3.206044,176.672223
SPHINCS+-SHA2-128f-simple_run09,active,55.197994,5.3975,0.593258,3.202112,176.713019
SPHINCS+-SHA2-128f-simple_run09,active,55.210734,5.3975,0.593795,3.205007,176.753852
SPHINCS+-SHA2-128f-simple_run09,active,55.223474,5.39625,0.593437,3.202335,176.794649
SPHINCS+-SHA2-128f-simple_run09,active,55.236216,5.3975,0.59308,3.201147,176.835437
SPHINCS+-SHA2-128f-simple_run09,active,55.248955,5.39125,0.593437,3.199368,176.876196
SPHINCS+-SHA2-128f-simple_run09,active,55.2617,5.39875,0.594152,3.20768,176.917077
SPHINCS+-SHA2-128f-simple_run09,active,55.274443,5.39875,0.593437,3.203819,176.957904
SPHINCS+-SHA2-128f-simple_run09,active,55.287183,5.395,0.593437,3.201594,176.998691
SPHINCS+-SHA2-128f-simple_run09,active,55.299965,5.39625,0.594868,3.210054,177.039723
SPHINCS+-SHA2-128f-simple_run09,active,55.312711,5.39625,0.592364,3.196546,177.080465
SPHINCS+-SHA2-128f-simple_run09,active,55.325449,5.3975,0.595583,3.214658,177.121414
SPHINCS+-SHA2-128f-simple_run09,active,55.338189,5.39625,0.592901,3.199441,177.162175
SPHINCS+-SHA2-128f-simple_run09,active,55.350929,5.38375,0.593795,3.196843,177.202902
SPHINCS+-SHA2-128f-simple_run09,active,55.363676,5.3975,0.593258,3.202112,177.24372
SPHINCS+-SHA2-128f-simple_run09,active,55.376421,5.39625,0.59594,3.215843,177.284707
SPHINCS+-SHA2-128f-simple_run09,active,55.389163,5.39875,0.593258,3.202854,177.325517
SPHINCS+-SHA2-128f-simple_run09,active,55.401903,5.3975,0.593258,3.202112,177.366312
SPHINCS+-SHA2-128f-simple_run09,active,55.414642,5.39875,0.591113,3.19127,177.406965
SPHINCS+-SHA2-128f-simple_run09,active,55.427381,5.39625,0.593437,3.202335,177.44776
SPHINCS+-SHA2-128f-simple_run09,active,55.440125,5.39625,0.593795,3.204265,177.488593
SPHINCS+-SHA2-128f-simple_run09,active,55.452862,5.38,0.593258,3.19173,177.529247
SPHINCS+-SHA2-128f-simple_run09,active,55.465612,5.395,0.589682,3.181337,177.569808
SPHINCS+-SHA2-128f-simple_run09,active,55.478366,5.39375,0.592901,3.197959,177.610597
SPHINCS+-SHA2-128f-simple_run09,active,55.491111,5.39625,0.593258,3.201371,177.651399
SPHINCS+-SHA2-128f-simple_run09,active,55.503853,5.39625,0.591292,3.190757,177.692054
SPHINCS+-SHA2-128f-simple_run09,active,55.516594,5.39625,0.593795,3.204265,177.732882
SPHINCS+-SHA2-128f-simple_run09,active,55.529335,5.3975,0.594152,3.206938,177.77374
SPHINCS+-SHA2-128f-simple_run09,active,55.542073,5.39375,0.593795,3.202781,177.814538
SPHINCS+-SHA2-128f-simple_run09,active,55.554815,5.38,0.593258,3.19173,177.855206
SPHINCS+-SHA2-128f-simple_run09,active,55.567565,5.3975,0.594331,3.207903,177.896106
SPHINCS+-SHA2-128f-simple_run09,active,55.58031,5.39625,0.593437,3.202335,177.93692
SPHINCS+-SHA2-128f-simple_run09,active,55.593052,5.39375,0.593795,3.202781,177.97773
SPHINCS+-SHA2-128f-simple_run09,active,55.605791,5.4025,0.59308,3.204113,178.018546
SPHINCS+-SHA2-128f-simple_run09,active,55.618571,5.39875,0.593258,3.202854,178.059479
SPHINCS+-SHA2-128f-simple_run09,active,55.631312,5.39875,0.592364,3.198027,178.100227
SPHINCS+-SHA2-128f-simple_run09,active,55.644055,5.39875,0.593795,3.20575,178.141078
SPHINCS+-SHA2-128f-simple_run09,active,55.656797,5.38625,0.593795,3.198327,178.181829
SPHINCS+-SHA2-128f-simple_run09,active,55.669544,5.39875,0.593437,3.203819,178.22267
SPHINCS+-SHA2-128f-simple_run09,active,55.682289,5.3975,0.593616,3.204042,178.263505
SPHINCS+-SHA2-128f-simple_run09,active,55.69503,5.395,0.592901,3.1987,178.304257
SPHINCS+-SHA2-128f-simple_run09,active,55.707769,5.39625,0.594331,3.20716,178.345114
SPHINCS+-SHA2-128f-simple_run09,active,55.720507,5.39625,0.593795,3.204265,178.385932
SPHINCS+-SHA2-128f-simple_run09,active,55.733252,5.39625,0.591292,3.190757,178.426598
SPHINCS+-SHA2-128f-simple_run09,active,55.745995,5.40125,0.590219,3.187919,178.467221
SPHINCS+-SHA2-128f-simple_run09,active,55.758737,5.3925,0.59147,3.189504,178.507862
SPHINCS+-SHA2-128f-simple_run09,active,55.771512,5.3975,0.59308,3.201147,178.548758
SPHINCS+-SHA2-128f-simple_run09,active,55.784276,5.3975,0.596656,3.220449,178.589861
SPHINCS+-SHA2-128f-simple_run09,active,55.797022,5.39625,0.59147,3.191722,178.630542
SPHINCS+-SHA2-128f-simple_run09,active,55.809764,5.395,0.593258,3.200629,178.671325
SPHINCS+-SHA2-128f-simple_run09,active,55.82251,5.39625,0.594152,3.206195,178.712193
SPHINCS+-SHA2-128f-simple_run09,active,55.835254,5.39375,0.593795,3.202781,178.753008
SPHINCS+-SHA2-128f-simple_run09,active,55.847999,5.3975,0.59308,3.201147,178.793808
SPHINCS+-SHA2-128f-simple_run09,active,55.860741,5.3925,0.593437,3.20011,178.834584
SPHINCS+-SHA2-128f-simple_run09,active,55.873489,5.39625,0.593616,3.2033,178.87542
SPHINCS+-SHA2-128f-simple_run09,active,55.886235,5.39625,0.590398,3.185933,178.916027
SPHINCS+-SHA2-128f-simple_run09,active,55.898978,5.39625,0.593437,3.202335,178.956834
SPHINCS+-SHA2-128f-simple_run09,active,55.911718,5.3975,0.593258,3.202112,178.997629
SPHINCS+-SHA2-128f-simple_run09,active,55.92446,5.3975,0.592364,3.197287,179.038368
SPHINCS+-SHA2-128f-simple_run09,active,55.937233,5.39625,0.593616,3.2033,179.079283
SPHINCS+-SHA2-128f-simple_run09,active,55.949977,5.3975,0.593258,3.202112,179.120091
SPHINCS+-SHA2-128f-simple_run09,active,55.962729,5.39375,0.592364,3.195065,179.160835
SPHINCS+-SHA2-128f-simple_run09,active,55.975481,5.39375,0.591649,3.191208,179.201528
SPHINCS+-SHA2-128f-simple_run09,active,55.988232,5.39625,0.593258,3.201371,179.242351
SPHINCS+-SHA2-128f-simple_run09,active,56.000972,5.3975,0.593616,3.204042,179.28317
SPHINCS+-SHA2-128f-simple_run09,active,56.013711,5.39625,0.593258,3.201371,179.323952
SPHINCS+-SHA2-128f-simple_run09,active,56.026452,5.3925,0.593258,3.199146,179.364713
SPHINCS+-SHA2-128f-simple_run09,active,56.039193,5.39625,0.593258,3.201371,179.405501
SPHINCS+-SHA2-128f-simple_run09,active,56.051938,5.39625,0.593437,3.202335,179.446316
SPHINCS+-SHA2-128f-simple_run09,active,56.064679,5.3975,0.593437,3.203077,179.487127
SPHINCS+-SHA2-128f-simple_run09,active,56.077429,5.40125,0.593258,3.204337,179.52798
SPHINCS+-SHA2-128f-simple_run09,active,56.090175,5.3975,0.593795,3.205007,179.568831
SPHINCS+-SHA2-128f-simple_run09,active,56.102921,5.39875,0.593616,3.204784,179.60968
SPHINCS+-SHA2-128f-simple_run09,active,56.115664,5.39625,0.59308,3.200406,179.650464
SPHINCS+-SHA2-128f-simple_run09,active,56.128412,5.3975,0.593437,3.203077,179.691294
SPHINCS+-SHA2-128f-simple_run09,active,56.141154,5.39625,0.593616,3.2033,179.732111
SPHINCS+-SHA2-128f-simple_run09,active,56.153895,5.3975,0.593258,3.202112,179.772911
SPHINCS+-SHA2-128f-simple_run09,active,56.166637,5.4,0.593437,3.204561,179.813744
SPHINCS+-SHA2-128f-simple_run09,active,56.179385,5.3975,0.593616,3.204042,179.854588
SPHINCS+-SHA2-128f-simple_run09,active,56.19503,5.39875,0.595404,3.214437,179.904878
SPHINCS+-SHA2-128f-simple_run09,active,56.207789,5.39625,0.593258,3.201371,179.945724
SPHINCS+-SHA2-128f-simple_run09,active,56.220533,5.395,0.593258,3.200629,179.986512
SPHINCS+-SHA2-128f-simple_run09,active,56.233273,5.3975,0.594331,3.207903,180.027381
SPHINCS+-SHA2-128f-simple_run09,active,56.246014,5.4025,0.593616,3.20701,180.068242
SPHINCS+-SHA2-128f-simple_run09,active,56.258755,5.395,0.593616,3.202558,180.109047
SPHINCS+-SHA2-128f-simple_run09,active,56.271495,5.39,0.593258,3.197663,180.149785
SPHINCS+-SHA2-128f-simple_run09,active,56.284245,5.39875,0.593616,3.204784,180.190645
SPHINCS+-SHA2-128f-simple_run09,active,56.29699,5.3975,0.59451,3.208868,180.231543
SPHINCS+-SHA2-128f-simple_run09,active,56.309731,5.39125,0.594152,3.203224,180.272354
SPHINCS+-SHA2-128f-simple_run09,active,56.322471,5.39625,0.593437,3.202335,180.313151
SPHINCS+-SHA2-128f-simple_run09,active,56.335212,5.3975,0.60041,3.240715,180.354442
SPHINCS+-SHA2-128f-simple_run09,active,56.347954,5.39625,0.593795,3.204265,180.39527
SPHINCS+-SHA2-128f-simple_run09,active,56.360693,5.39875,0.593437,3.203819,180.436083
SPHINCS+-SHA2-128f-simple_run09,active,56.373434,5.39375,0.593258,3.199887,180.476852
SPHINCS+-SHA2-128f-simple_run09,active,56.38618,5.395,0.59451,3.207381,180.517736
SPHINCS+-SHA2-128f-simple_run09,active,56.398924,5.3975,0.593437,3.203077,180.558556
SPHINCS+-SHA2-128f-simple_run09,active,56.411666,5.39875,0.593437,3.203819,180.599378
SPHINCS+-SHA2-128f-simple_run09,active,56.424407,5.39625,0.593437,3.202335,180.64018
SPHINCS+-SHA2-128f-simple_run09,active,56.437147,5.39625,0.592364,3.196546,180.680905
SPHINCS+-SHA2-128f-simple_run09,active,56.449889,5.3975,0.593437,3.203077,180.721716
SPHINCS+-SHA2-128f-simple_run09,active,56.46263,5.3975,0.593437,3.203077,180.762526
SPHINCS+-SHA2-128f-simple_run09,active,56.47537,5.3975,0.59594,3.216588,180.803506
SPHINCS+-SHA2-128f-simple_run09,active,56.48812,5.39625,0.592543,3.197511,180.844275
SPHINCS+-SHA2-128f-simple_run09,active,56.500863,5.3975,0.593258,3.202112,180.885081
SPHINCS+-SHA2-128f-simple_run09,active,56.513605,5.3975,0.59308,3.201147,180.925867
SPHINCS+-SHA2-128f-simple_run09,active,56.526345,5.395,0.589325,3.179407,180.966375
SPHINCS+-SHA2-128f-simple_run09,active,56.539087,5.39625,0.593795,3.204265,181.007202
SPHINCS+-SHA2-128f-simple_run09,active,56.551827,5.39875,0.593795,3.20575,181.048043
SPHINCS+-SHA2-128f-simple_run09,active,56.564568,5.39625,0.59147,3.191722,181.08871
SPHINCS+-SHA2-128f-simple_run09,active,56.577309,5.39125,0.588967,3.175269,181.129164
SPHINCS+-SHA2-128f-simple_run09,active,56.590055,5.39625,0.594152,3.206195,181.170032
SPHINCS+-SHA2-128f-simple_run09,active,56.602801,5.39125,0.59308,3.19744,181.210786
SPHINCS+-SHA2-128f-simple_run09,active,56.615544,5.3825,0.596656,3.211499,181.25171
SPHINCS+-SHA2-128f-simple_run09,active,56.628287,5.39875,0.593437,3.203819,181.292535
SPHINCS+-SHA2-128f-simple_run09,active,56.641025,5.39625,0.593795,3.204265,181.333354
SPHINCS+-SHA2-128f-simple_run09,active,56.653764,5.39625,0.595404,3.212949,181.374284
SPHINCS+-SHA2-128f-simple_run09,active,56.66651,5.39875,0.590219,3.186444,181.414898
SPHINCS+-SHA2-128f-simple_run09,active,56.679253,5.39375,0.593437,3.200852,181.455685
SPHINCS+-SHA2-128f-simple_run09,active,56.692003,5.39625,0.59451,3.208125,181.496588
SPHINCS+-SHA2-128f-simple_run09,active,56.704746,5.39625,0.593437,3.202335,181.537396
SPHINCS+-SHA2-128f-simple_run09,active,56.717488,5.3975,0.593258,3.202112,181.578196
SPHINCS+-SHA2-128f-simple_run09,active,56.730226,5.39625,0.592722,3.198476,181.618939
SPHINCS+-SHA2-128f-simple_run09,active,56.742971,5.3975,0.593258,3.202112,181.659752
SPHINCS+-SHA2-128f-simple_run09,active,56.75571,5.40375,0.598622,3.234806,181.70096
SPHINCS+-SHA2-128f-simple_run09,active,56.76845,5.3975,0.593437,3.203077,181.741767
SPHINCS+-SHA2-128f-simple_run09,active,56.781193,5.3975,0.593258,3.202112,181.78257
SPHINCS+-SHA2-128f-simple_run09,active,56.793943,5.3975,0.593437,3.203077,181.82341
SPHINCS+-SHA2-128f-simple_run09,active,56.806689,5.3975,0.593437,3.203077,181.864235
SPHINCS+-SHA2-128f-simple_run09,active,56.819431,5.39625,0.59451,3.208125,181.905113
SPHINCS+-SHA2-128f-simple_run09,active,56.832171,5.3975,0.593258,3.202112,181.94591
SPHINCS+-SHA2-128f-simple_run09,active,56.844914,5.40125,0.592007,3.197577,181.986655
SPHINCS+-SHA2-128f-simple_run09,active,56.857653,5.39625,0.594331,3.20716,182.027513
SPHINCS+-SHA2-128f-simple_run09,active,56.870396,5.39625,0.593616,3.2033,182.068332
SPHINCS+-SHA2-128f-simple_run09,active,56.883137,5.39875,0.594152,3.20768,182.109202
SPHINCS+-SHA2-128f-simple_run09,active,56.895888,5.39875,0.590755,3.18934,182.149868
SPHINCS+-SHA2-128f-simple_run09,active,56.908636,5.3975,0.59308,3.201147,182.190677
SPHINCS+-SHA2-128f-simple_run09,active,56.921378,5.3975,0.593437,3.203077,182.231491
SPHINCS+-SHA2-128f-simple_run09,active,56.934118,5.39625,0.593437,3.202335,182.272288
SPHINCS+-SHA2-128f-simple_run09,active,56.946878,5.39625,0.592901,3.199441,182.313113
SPHINCS+-SHA2-128f-simple_run09,active,56.959685,5.3975,0.593437,3.203077,182.354135
SPHINCS+-SHA2-128f-simple_run09,active,56.972433,5.39875,0.593258,3.202854,182.394965
SPHINCS+-SHA2-128f-simple_run09,active,56.985182,5.39875,0.59147,3.193201,182.435675
SPHINCS+-SHA2-128f-simple_run09,active,56.997938,5.3825,0.593437,3.194176,182.476419
SPHINCS+-SHA2-128f-simple_run09,active,57.010687,5.3825,0.593258,3.193213,182.517129
SPHINCS+-SHA2-128f-simple_run09,active,57.023432,5.3825,0.593616,3.195138,182.557851
SPHINCS+-SHA2-128f-simple_run09,active,57.036178,5.38125,0.592364,3.187661,182.598481
SPHINCS+-SHA2-128f-simple_run09,active,57.048916,5.38375,0.593258,3.193955,182.639167
SPHINCS+-SHA2-128f-simple_run09,active,57.061654,5.385,0.593258,3.194696,182.67986
SPHINCS+-SHA2-128f-simple_run09,active,57.074394,5.38375,0.592901,3.19203,182.720528
SPHINCS+-SHA2-128f-simple_run09,active,57.087134,5.3825,0.592722,3.190326,182.761173
SPHINCS+-SHA2-128f-simple_run09,active,57.099882,5.3825,0.59308,3.192251,182.801865
SPHINCS+-SHA2-128f-simple_run09,active,57.11263,5.38375,0.769019,4.140205,182.854647
SPHINCS+-SHA2-128f-simple_run09,active,57.12537,5.38375,0.593974,3.197805,182.895388
SPHINCS+-SHA2-128f-simple_run09,active,57.13811,5.385,0.593258,3.194696,182.936086
SPHINCS+-SHA2-128f-simple_run09,active,57.150849,5.38375,0.593974,3.197805,182.976823
SPHINCS+-SHA2-128f-simple_run09,active,57.163587,5.385,0.593258,3.194696,183.017518
SPHINCS+-SHA2-128f-simple_run09,active,57.176326,5.38,0.59147,3.182111,183.058056
SPHINCS+-SHA2-128f-simple_run09,active,57.189069,5.38375,0.593437,3.194918,183.098766
SPHINCS+-SHA2-128f-simple_run09,active,57.201842,5.39625,0.593258,3.201371,183.139659
SPHINCS+-SHA2-128f-simple_run09,active,57.21459,5.39875,0.596477,3.220229,183.18071
SPHINCS+-SHA2-128f-simple_run09,active,57.227331,5.39625,0.593258,3.201371,183.221497
SPHINCS+-SHA2-128f-simple_run09,active,57.240073,5.3975,0.59308,3.201147,183.262287
SPHINCS+-SHA2-128f-simple_run09,active,57.252811,5.39625,0.593258,3.201371,183.303067
SPHINCS+-SHA2-128f-simple_run09,active,57.265549,5.39625,0.593258,3.201371,183.343846
SPHINCS+-SHA2-128f-simple_run09,active,57.27829,5.395,0.59308,3.199664,183.384611
SPHINCS+-SHA2-128f-simple_run09,active,57.29103,5.3975,0.593795,3.205007,183.425444
SPHINCS+-SHA2-128f-simple_run09,active,57.303776,5.39875,0.593795,3.20575,183.466306
SPHINCS+-SHA2-128f-simple_run09,active,57.316522,5.40125,0.593258,3.204337,183.507147
SPHINCS+-SHA2-128f-simple_run09,active,57.329261,5.39625,0.593258,3.201371,183.54793
SPHINCS+-SHA2-128f-simple_run09,active,57.341999,5.3975,0.593258,3.202112,183.588719
SPHINCS+-SHA2-128f-simple_run09,active,57.354739,5.3925,0.593258,3.199146,183.629476
SPHINCS+-SHA2-128f-simple_run09,active,57.367479,5.3975,0.594331,3.207903,183.670345
SPHINCS+-SHA2-128f-simple_run09,active,57.380223,5.3975,0.594331,3.207903,183.711225
SPHINCS+-SHA2-128f-simple_run09,active,57.392962,5.39875,0.593258,3.202854,183.752026
SPHINCS+-SHA2-128f-simple_run09,active,57.405708,5.39625,0.593437,3.202335,183.792844
SPHINCS+-SHA2-128f-simple_run09,active,57.418452,5.3975,0.593795,3.205007,183.833688
SPHINCS+-SHA2-128f-simple_run09,active,57.431192,5.39625,0.593258,3.201371,183.874474
SPHINCS+-SHA2-128f-simple_run09,active,57.443965,5.39625,0.594152,3.206195,183.915428
SPHINCS+-SHA2-128f-simple_run09,active,57.456706,5.39,0.595583,3.210191,183.956328
SPHINCS+-SHA2-128f-simple_run09,active,57.472402,5.395,0.593437,3.201594,184.006581
SPHINCS+-SHA2-128f-simple_run09,active,57.485162,5.4,0.594331,3.209388,184.047533
SPHINCS+-SHA2-128f-simple_run09,active,57.497903,5.3975,0.593795,3.205007,184.088367
SPHINCS+-SHA2-128f-simple_run09,active,57.510652,5.3975,0.59308,3.201147,184.129179
SPHINCS+-SHA2-128f-simple_run09,active,57.523397,5.3975,0.593258,3.202112,184.169989
SPHINCS+-SHA2-128f-simple_run09,active,57.53614,5.39625,0.593437,3.202335,184.210795
SPHINCS+-SHA2-128f-simple_run09,active,57.548878,5.3975,0.593437,3.203077,184.251598
SPHINCS+-SHA2-128f-simple_run09,active,57.561615,5.3975,0.593437,3.203077,184.292396
SPHINCS+-SHA2-128f-simple_run09,active,57.574354,5.3975,0.593795,3.205007,184.333222
SPHINCS+-SHA2-128f-simple_run09,active,57.587093,5.395,0.59451,3.207381,184.374082
SPHINCS+-SHA2-128f-simple_run09,active,57.599831,5.3975,0.593258,3.202112,184.414872
SPHINCS+-SHA2-128f-simple_run09,active,57.612577,5.3975,0.592364,3.197287,184.455624
SPHINCS+-SHA2-128f-simple_run09,active,57.625319,5.39875,0.593974,3.206715,184.496484
SPHINCS+-SHA2-128f-simple_run09,active,57.638059,5.3975,0.593437,3.203077,184.537289
SPHINCS+-SHA2-128f-simple_run09,active,57.650795,5.39625,0.593437,3.202335,184.578074
SPHINCS+-SHA2-128f-simple_run09,active,57.663533,5.39625,0.593437,3.202335,184.618866
SPHINCS+-SHA2-128f-simple_run09,active,57.676273,5.39625,0.592543,3.197511,184.659603
SPHINCS+-SHA2-128f-simple_run09,active,57.689008,5.39625,0.593258,3.201371,184.700371
SPHINCS+-SHA2-128f-simple_run09,active,57.70175,5.3975,0.593258,3.202112,184.741175
SPHINCS+-SHA2-128f-simple_run09,active,57.714498,5.395,0.593795,3.203523,184.782011
SPHINCS+-SHA2-128f-simple_run09,active,57.72724,5.3975,0.591649,3.193427,184.822703
SPHINCS+-SHA2-128f-simple_run09,active,57.739983,5.395,0.593437,3.201594,184.8635
SPHINCS+-SHA2-128f-simple_run09,active,57.752721,5.39875,0.593616,3.204784,184.904323
SPHINCS+-SHA2-128f-simple_run09,active,57.76546,5.3975,0.590576,3.187636,184.944932
SPHINCS+-SHA2-128f-simple_run09,active,57.778201,5.39875,0.593437,3.203819,184.985749
SPHINCS+-SHA2-128f-simple_run09,active,57.79094,5.39625,0.594331,3.20716,185.026608
SPHINCS+-SHA2-128f-simple_run09,active,57.803679,5.39875,0.594152,3.20768,185.06747
SPHINCS+-SHA2-128f-simple_run09,active,57.816426,5.3975,0.594152,3.206938,185.108347
SPHINCS+-SHA2-128f-simple_run09,active,57.82917,5.3975,0.593616,3.204042,185.149179
SPHINCS+-SHA2-128f-simple_run09,active,57.841909,5.39625,0.59308,3.200406,185.189951
SPHINCS+-SHA2-128f-simple_run09,active,57.85465,5.39875,0.595046,3.212507,185.23088
SPHINCS+-SHA2-128f-simple_run09,active,57.867388,5.3975,0.593437,3.203077,185.271683
SPHINCS+-SHA2-128f-simple_run09,active,57.88013,5.3975,0.594331,3.207903,185.312557
SPHINCS+-SHA2-128f-simple_run09,active,57.892869,5.39625,0.594152,3.206195,185.353402
SPHINCS+-SHA2-128f-simple_run09,active,57.905608,5.4025,0.594152,3.209908,185.394292
SPHINCS+-SHA2-128f-simple_run09,active,57.918355,5.39625,0.593437,3.202335,185.43511
SPHINCS+-SHA2-128f-simple_run09,active,57.931101,5.39625,0.593795,3.204265,185.475953
SPHINCS+-SHA2-128f-simple_run09,active,57.943839,5.39625,0.593616,3.2033,185.516756
SPHINCS+-SHA2-128f-simple_run09,active,57.956584,5.3975,0.590398,3.186671,185.557369
SPHINCS+-SHA2-128f-simple_run09,active,57.96933,5.39375,0.594152,3.20471,185.598217
SPHINCS+-SHA2-128f-simple_run09,active,57.98207,5.395,0.592901,3.1987,185.638969
SPHINCS+-SHA2-128f-simple_run09,active,57.994811,5.39625,0.595404,3.212949,185.679905
SPHINCS+-SHA2-128f-simple_run09,active,58.007556,5.39875,0.593437,3.203819,185.720738
SPHINCS+-SHA2-128f-simple_run09,active,58.020363,5.39625,0.592364,3.196546,185.761677
SPHINCS+-SHA2-128f-simple_run09,active,58.033138,5.395,0.593258,3.200629,185.802565
SPHINCS+-SHA2-128f-simple_run09,active,58.045882,5.3975,0.594689,3.209833,185.843469
SPHINCS+-SHA2-128f-simple_run09,active,58.058627,5.3975,0.593258,3.202112,185.884282
SPHINCS+-SHA2-128f-simple_run09,active,58.071369,5.3975,0.593616,3.204042,185.925107
SPHINCS+-SHA2-128f-simple_run09,active,58.084113,5.3975,0.593795,3.205007,185.965951
SPHINCS+-SHA2-128f-simple_run09,active,58.096855,5.39,0.593258,3.197663,186.006697
SPHINCS+-SHA2-128f-simple_run09,active,58.109596,5.39625,0.593974,3.20523,186.047534
SPHINCS+-SHA2-128f-simple_run09,active,58.122337,5.3975,0.59451,3.208868,186.088417
SPHINCS+-SHA2-128f-simple_run09,active,58.135083,5.39375,0.593437,3.200852,186.129215
SPHINCS+-SHA2-128f-simple_run09,active,58.147826,5.3975,0.594331,3.207903,186.170095
SPHINCS+-SHA2-128f-simple_run09,active,58.160569,5.39625,0.593616,3.2033,186.210914
SPHINCS+-SHA2-128f-simple_run09,active,58.173309,5.3975,0.593258,3.202112,186.251709
SPHINCS+-SHA2-128f-simple_run09,active,58.186049,5.3925,0.592901,3.197218,186.292442
SPHINCS+-SHA2-128f-simple_run09,active,58.198789,5.395,0.593795,3.203523,186.333255
SPHINCS+-SHA2-128f-simple_run09,active,58.211531,5.39875,0.593437,3.203819,186.374076
SPHINCS+-SHA2-128f-simple_run09,active,58.224281,5.39625,0.593437,3.202335,186.414909
SPHINCS+-SHA2-128f-simple_run09,active,58.237026,5.3925,0.587537,3.168292,186.455287
SPHINCS+-SHA2-128f-simple_run09,active,58.249767,5.3925,0.593437,3.20011,186.496061
SPHINCS+-SHA2-128f-simple_run09,active,58.262519,5.395,0.593258,3.200629,186.536875
SPHINCS+-SHA2-128f-simple_run09,active,58.275262,5.39875,0.595225,3.213472,186.577825
SPHINCS+-SHA2-128f-simple_run09,active,58.288008,5.3975,0.593437,3.203077,186.618649
SPHINCS+-SHA2-128f-simple_run09,active,58.30075,5.39875,0.59308,3.201888,186.65945
SPHINCS+-SHA2-128f-simple_run09,active,58.313493,5.395,0.593437,3.201594,186.700247
SPHINCS+-SHA2-128f-simple_run09,active,58.32624,5.39625,0.586285,3.163742,186.740576
SPHINCS+-SHA2-128f-simple_run09,active,58.338986,5.39875,0.593795,3.20575,186.781434
SPHINCS+-SHA2-128f-simple_run09,active,58.351727,5.39625,0.592543,3.197511,186.822175
SPHINCS+-SHA2-128f-simple_run09,active,58.364469,5.39875,0.593616,3.204784,186.86301
SPHINCS+-SHA2-128f-simple_run09,active,58.377245,5.40125,0.594331,3.210131,186.904024
SPHINCS+-SHA2-128f-simple_run09,active,58.389988,5.3975,0.59308,3.201147,186.944816
SPHINCS+-SHA2-128f-simple_run09,active,58.402729,5.395,0.59308,3.199664,186.985582
SPHINCS+-SHA2-128f-simple_run09,active,58.415469,5.3975,0.596477,3.219484,187.026598
SPHINCS+-SHA2-128f-simple_run09,active,58.428219,5.3975,0.592901,3.200182,187.067399
SPHINCS+-SHA2-128f-simple_run09,active,58.440963,5.3975,0.593437,3.203077,187.108219
SPHINCS+-SHA2-128f-simple_run09,active,58.453707,5.39875,0.595404,3.214437,187.149184
SPHINCS+-SHA2-128f-simple_run09,active,58.466449,5.4025,0.594331,3.210874,187.190097
SPHINCS+-SHA2-128f-simple_run09,active,58.47919,5.39625,0.593437,3.202335,187.230898
SPHINCS+-SHA2-128f-simple_run09,active,58.491962,5.3975,0.59308,3.201147,187.271783
SPHINCS+-SHA2-128f-simple_run09,active,58.504706,5.3975,0.592543,3.198252,187.312542
SPHINCS+-SHA2-128f-simple_run09,active,58.517447,5.395,0.593258,3.200629,187.353323
SPHINCS+-SHA2-128f-simple_run09,active,58.530196,5.3975,0.593437,3.203077,187.394158
SPHINCS+-SHA2-128f-simple_run09,active,58.542943,5.39875,0.59308,3.201888,187.434973
SPHINCS+-SHA2-128f-simple_run09,active,58.555684,5.39375,0.595046,3.209532,187.475864
SPHINCS+-SHA2-128f-simple_run09,active,58.568427,5.39625,0.593258,3.201371,187.516659
SPHINCS+-SHA2-128f-simple_run09,active,58.581168,5.39625,0.593795,3.204265,187.557485
SPHINCS+-SHA2-128f-simple_run09,active,58.593906,5.3975,0.593795,3.205007,187.598312
SPHINCS+-SHA2-128f-simple_run09,active,58.606647,5.39625,0.593437,3.202335,187.639112
SPHINCS+-SHA2-128f-simple_run09,active,58.619386,5.3975,0.593795,3.205007,187.67994
SPHINCS+-SHA2-128f-simple_run09,active,58.632136,5.39625,0.593437,3.202335,187.72077
SPHINCS+-SHA2-128f-simple_run09,active,58.644879,5.39625,0.593437,3.202335,187.761578
SPHINCS+-SHA2-128f-simple_run09,active,58.657623,5.39625,0.587179,3.168566,187.801957
SPHINCS+-SHA2-128f-simple_run09,active,58.670364,5.395,0.593974,3.204488,187.842786
SPHINCS+-SHA2-128f-simple_run09,active,58.683106,5.3975,0.594152,3.206938,187.883648
SPHINCS+-SHA2-128f-simple_run09,active,58.695846,5.3975,0.596119,3.217553,187.924641
SPHINCS+-SHA2-128f-simple_run09,active,58.708587,5.3975,0.593795,3.205007,187.965477
SPHINCS+-SHA2-128f-simple_run09,active,58.721329,5.395,0.594152,3.205452,188.00632
SPHINCS+-SHA2-128f-simple_run09,active,58.734077,5.395,0.593437,3.201594,188.047133
SPHINCS+-SHA2-128f-simple_run09,active,58.756546,5.395,0.592722,3.197735,188.118984
SPHINCS+-SHA2-128f-simple_run09,active,58.769337,5.395,0.593616,3.202558,188.159947
SPHINCS+-SHA2-128f-simple_run09,active,58.782083,5.39875,0.593616,3.204784,188.200796
SPHINCS+-SHA2-128f-simple_run09,active,58.794826,5.39625,0.59451,3.208125,188.241678
SPHINCS+-SHA2-128f-simple_run09,active,58.807568,5.3925,0.594868,3.207824,188.28255
SPHINCS+-SHA2-128f-simple_run09,active,58.820313,5.3975,0.598265,3.229134,188.323705
SPHINCS+-SHA2-128f-simple_run09,active,58.833054,5.39,0.593437,3.198627,188.36446
SPHINCS+-SHA2-128f-simple_run09,active,58.845836,5.38625,0.594868,3.204106,188.405416
SPHINCS+-SHA2-128f-simple_run09,active,58.858283,5.3875,0.592901,3.194253,188.445175
SPHINCS+-SHA2-128f-simple_run09,active,58.870722,5.38875,0.594152,3.201739,188.485001
SPHINCS+-SHA2-128f-simple_run09,active,58.883158,5.39,0.593795,3.200554,188.524802
SPHINCS+-SHA2-128f-simple_run09,active,58.895593,5.38875,0.59594,3.211374,188.564737
SPHINCS+-SHA2-128f-simple_run09,active,58.908029,5.3875,0.592901,3.194253,188.604458
SPHINCS+-SHA2-128f-simple_run09,active,58.920464,5.38625,0.593437,3.196401,188.644207
SPHINCS+-SHA2-128f-simple_run09,active,58.932899,5.38375,0.593258,3.193955,188.683924
SPHINCS+-SHA2-128f-simple_run09,active,58.945346,5.4,0.593437,3.204561,188.723811
SPHINCS+-SHA2-128f-simple_run09,active,58.958098,5.39625,0.593795,3.204265,188.764672
SPHINCS+-SHA2-128f-simple_run09,active,58.970857,5.3975,0.593258,3.202112,188.805527
SPHINCS+-SHA2-128f-simple_run09,active,58.983601,5.4,0.595762,3.217113,188.846528
SPHINCS+-SHA2-128f-simple_run09,active,58.996345,5.4025,0.589682,3.185759,188.887126
SPHINCS+-SHA2-128f-simple_run09,active,59.009089,5.3975,0.593437,3.203077,188.927946
SPHINCS+-SHA2-128f-simple_run09,active,59.021834,5.3975,0.593795,3.205007,188.968792
SPHINCS+-SHA2-128f-simple_run09,active,59.034576,5.3925,0.593437,3.20011,189.00957
SPHINCS+-SHA2-128f-simple_run09,active,59.047332,5.39625,0.594152,3.206195,189.050466
SPHINCS+-SHA2-128f-simple_run09,active,59.06008,5.3975,0.594152,3.206938,189.091348
SPHINCS+-SHA2-128f-simple_run09,active,59.07282,5.39625,0.593616,3.2033,189.132161
SPHINCS+-SHA2-128f-simple_run09,active,59.08556,5.39625,0.592901,3.199441,189.17292
SPHINCS+-SHA2-128f-simple_run09,active,59.098303,5.3975,0.59594,3.216588,189.213909
SPHINCS+-SHA2-128f-simple_run09,active,59.111044,5.395,0.594152,3.205452,189.254751
SPHINCS+-SHA2-128f-simple_run09,active,59.123787,5.3975,0.593437,3.203077,189.295567
SPHINCS+-SHA2-128f-simple_run09,active,59.136535,5.395,0.586464,3.163973,189.335902
SPHINCS+-SHA2-128f-simple_run09,active,59.14928,5.3975,0.593437,3.203077,189.376724
SPHINCS+-SHA2-128f-simple_run09,active,59.16202,5.395,0.593437,3.201594,189.417514
SPHINCS+-SHA2-128f-simple_run09,active,59.174763,5.39625,0.593616,3.2033,189.458333
SPHINCS+-SHA2-128f-simple_run09,active,59.187504,5.39625,0.597728,3.225492,189.499429
SPHINCS+-SHA2-128f-simple_run09,active,59.200247,5.39875,0.593616,3.204784,189.540268
SPHINCS+-SHA2-128f-simple_run09,active,59.212987,5.39625,0.593437,3.202335,189.581064
SPHINCS+-SHA2-128f-simple_run09,active,59.225725,5.3975,0.59451,3.208868,189.621938
SPHINCS+-SHA2-128f-simple_run09,active,59.238471,5.3975,0.593437,3.203077,189.662765
SPHINCS+-SHA2-128f-simple_run09,active,59.251216,5.3975,0.594331,3.207903,189.703651
SPHINCS+-SHA2-128f-simple_run09,active,59.263959,5.39875,0.593258,3.202854,189.744465
SPHINCS+-SHA2-128f-simple_run09,active,59.276703,5.395,0.595046,3.210275,189.785375
SPHINCS+-SHA2-128f-simple_run09,active,59.289443,5.3975,0.598444,3.230099,189.826529
SPHINCS+-SHA2-128f-simple_run09,active,59.302183,5.3975,0.59308,3.201147,189.867311
SPHINCS+-SHA2-128f-simple_run09,active,59.314924,5.3975,0.597013,3.222379,189.908365
SPHINCS+-SHA2-128f-simple_run09,active,59.327665,5.39625,0.595046,3.211019,189.949277
SPHINCS+-SHA2-128f-simple_run09,active,59.340413,5.3975,0.593616,3.204042,189.990123
SPHINCS+-SHA2-128f-simple_run09,active,59.353159,5.39625,0.594152,3.206195,190.03099
SPHINCS+-SHA2-128f-simple_run09,active,59.365902,5.39875,0.594152,3.20768,190.071865
SPHINCS+-SHA2-128f-simple_run09,active,59.378642,5.39625,0.592543,3.197511,190.1126
SPHINCS+-SHA2-128f-simple_run09,active,59.391381,5.39875,0.597371,3.225056,190.153686
SPHINCS+-SHA2-128f-simple_run09,active,59.404125,5.3975,0.594152,3.206938,190.194556
SPHINCS+-SHA2-128f-simple_run09,active,59.416865,5.39375,0.592186,3.194101,190.235247
SPHINCS+-SHA2-128f-simple_run09,active,59.429607,5.3975,0.592901,3.200182,190.276022
SPHINCS+-SHA2-128f-simple_run09,active,59.442354,5.3975,0.593437,3.203077,190.316853
SPHINCS+-SHA2-128f-simple_run09,active,59.455099,5.395,0.595225,3.21124,190.357781
SPHINCS+-SHA2-128f-simple_run09,active,59.46784,5.395,0.59451,3.207381,190.398647
SPHINCS+-SHA2-128f-simple_run09,active,59.480583,5.39875,0.592722,3.199958,190.439423
SPHINCS+-SHA2-128f-simple_run09,active,59.493324,5.39375,0.595046,3.209532,190.480314
SPHINCS+-SHA2-128f-simple_run09,active,59.506064,5.40125,0.591113,3.192748,190.52099
SPHINCS+-SHA2-128f-simple_run09,active,59.518804,5.39625,0.593258,3.201371,190.561776
SPHINCS+-SHA2-128f-simple_run09,active,59.531542,5.3975,0.593437,3.203077,190.602579
SPHINCS+-SHA2-128f-simple_run09,active,59.544291,5.39625,0.593437,3.202335,190.643403
SPHINCS+-SHA2-128f-simple_run09,active,59.557036,5.39875,0.59147,3.193201,190.684102
SPHINCS+-SHA2-128f-simple_run09,active,59.569777,5.3975,0.593437,3.203077,190.724911
SPHINCS+-SHA2-128f-simple_run09,active,59.582566,5.39625,0.594331,3.20716,190.765927
SPHINCS+-SHA2-128f-simple_run09,active,59.595306,5.39875,0.598801,3.232778,190.807115
SPHINCS+-SHA2-128f-simple_run09,active,59.608051,5.39625,0.589504,3.181109,190.847656
SPHINCS+-SHA2-128f-simple_run09,active,59.62079,5.3975,0.594152,3.206938,190.888509
SPHINCS+-SHA2-128f-simple_run09,active,59.633529,5.3975,0.592901,3.200182,190.929278
SPHINCS+-SHA2-128f-simple_run09,active,59.646277,5.3975,0.589325,3.180881,190.969828
SPHINCS+-SHA2-128f-simple_run09,active,59.659022,5.39625,0.593437,3.202335,191.010642
SPHINCS+-SHA2-128f-simple_run09,active,59.671763,5.3975,0.592364,3.197287,191.051377
SPHINCS+-SHA2-128f-simple_run09,active,59.684504,5.3975,0.592901,3.200182,191.09215
SPHINCS+-SHA2-128f-simple_run09,active,59.697272,5.39375,0.593437,3.200852,191.133019
SPHINCS+-SHA2-128f-simple_run09,active,59.710013,5.3875,0.593795,3.199069,191.173778
SPHINCS+-SHA2-128f-simple_run09,active,59.722752,5.39625,0.593616,3.2033,191.214586
SPHINCS+-SHA2-128f-simple_run09,active,59.735492,5.39125,0.593437,3.199368,191.255345
SPHINCS+-SHA2-128f-simple_run09,active,59.748244,5.39875,0.592901,3.200923,191.296163
SPHINCS+-SHA2-128f-simple_run09,active,59.760989,5.3975,0.593437,3.203077,191.336986
SPHINCS+-SHA2-128f-simple_run09,active,59.77373,5.39625,0.593258,3.201371,191.377775
SPHINCS+-SHA2-128f-simple_run09,active,59.786472,5.395,0.592901,3.1987,191.418533
SPHINCS+-SHA2-128f-simple_run09,active,59.799213,5.395,0.597371,3.222815,191.459595
SPHINCS+-SHA2-128f-simple_run09,active,59.811957,5.3975,0.593258,3.202112,191.500402
SPHINCS+-SHA2-128f-simple_run09,active,59.824697,5.3975,0.593258,3.202112,191.541197
SPHINCS+-SHA2-128f-simple_run09,active,59.837437,5.39625,0.595762,3.214879,191.582156
SPHINCS+-SHA2-128f-simple_run09,active,59.850186,5.3975,0.594868,3.210798,191.623089
SPHINCS+-SHA2-128f-simple_run09,active,59.862931,5.39875,0.593437,3.203819,191.663923
SPHINCS+-SHA2-128f-simple_run09,active,59.875672,5.39625,0.596119,3.216808,191.704908
SPHINCS+-SHA2-128f-simple_run09,active,59.888413,5.3975,0.593795,3.205007,191.745744
SPHINCS+-SHA2-128f-simple_run09,active,59.901155,5.39625,0.598622,3.230316,191.786904
SPHINCS+-SHA2-128f-simple_run09,active,59.913896,5.39875,0.59451,3.209611,191.827797
SPHINCS+-SHA2-128f-simple_run09,active,59.926636,5.39875,0.595404,3.214437,191.86875
SPHINCS+-SHA2-128f-simple_run09,active,59.939379,5.395,0.593258,3.200629,191.909535
SPHINCS+-SHA2-128f-simple_run09,active,59.952131,5.39875,0.593258,3.202854,191.950379
SPHINCS+-SHA2-128f-simple_run09,active,59.964885,5.395,0.593616,3.202558,191.991223
SPHINCS+-SHA2-128f-simple_run09,active,59.977626,5.39625,0.594152,3.206195,192.032072
SPHINCS+-SHA2-128f-simple_run09,active,59.990366,5.39875,0.593258,3.202854,192.072877
SPHINCS+-SHA2-128f-simple_run09,active,60.003106,5.39625,0.599516,3.23514,192.114092
SPHINCS+-SHA2-128f-simple_run09,active,60.015848,5.39625,0.590219,3.184968,192.154675
SPHINCS+-SHA2-128f-simple_run09,active,60.03148,5.39625,0.593795,3.204265,192.204767
SPHINCS+-SHA2-128f-simple_run09,active,60.044243,5.3975,0.593437,3.203077,192.245645
SPHINCS+-SHA2-128f-simple_run09,active,60.056994,5.39375,0.59308,3.198923,192.286437
SPHINCS+-SHA2-128f-simple_run09,active,60.069741,5.3975,0.593616,3.204042,192.327277
SPHINCS+-SHA2-128f-simple_run09,active,60.082482,5.39625,0.594152,3.206195,192.368129
SPHINCS+-SHA2-128f-simple_run09,active,60.095225,5.395,0.59594,3.215098,192.409096
SPHINCS+-SHA2-128f-simple_run09,active,60.107967,5.39625,0.59308,3.200406,192.449878
SPHINCS+-SHA2-128f-simple_run09,active,60.120706,5.3975,0.593437,3.203077,192.490683
SPHINCS+-SHA2-128f-simple_run09,active,60.133446,5.3975,0.594689,3.209833,192.531575
SPHINCS+-SHA2-128f-simple_run09,active,60.146188,5.39625,0.593258,3.201371,192.572367
SPHINCS+-SHA2-128f-simple_run09,active,60.158936,5.39,0.592901,3.195735,192.613106
SPHINCS+-SHA2-128f-simple_run09,active,60.171683,5.395,0.593258,3.200629,192.653906
SPHINCS+-SHA2-128f-simple_run09,active,60.184436,5.395,0.593616,3.202558,192.694745
SPHINCS+-SHA2-128f-simple_run09,active,60.197177,5.395,0.592007,3.193877,192.735441
SPHINCS+-SHA2-128f-simple_run09,active,60.209917,5.39625,0.593437,3.202335,192.776237
SPHINCS+-SHA2-128f-simple_run09,active,60.222657,5.39625,0.592901,3.199441,192.816997
SPHINCS+-SHA2-128f-simple_run09,active,60.235396,5.39625,0.595225,3.211984,192.857917
SPHINCS+-SHA2-128f-simple_run09,active,60.248138,5.39625,0.596298,3.217773,192.898917
SPHINCS+-SHA2-128f-simple_run09,active,60.260888,5.395,0.592901,3.1987,192.939699
SPHINCS+-SHA2-128f-simple_run09,active,60.273631,5.39625,0.593437,3.202335,192.980506
SPHINCS+-SHA2-128f-simple_run09,active,60.286372,5.39625,0.590934,3.188828,193.021135
SPHINCS+-SHA2-128f-simple_run09,active,60.299113,5.39625,0.593437,3.202335,193.061937
SPHINCS+-SHA2-128f-simple_run09,active,60.311853,5.39875,0.59308,3.201888,193.10273
SPHINCS+-SHA2-128f-simple_run09,active,60.324597,5.395,0.593616,3.202558,193.143543
SPHINCS+-SHA2-128f-simple_run09,active,60.337338,5.39875,0.594152,3.20768,193.184412
SPHINCS+-SHA2-128f-simple_run09,active,60.35008,5.3975,0.596298,3.218518,193.225421
SPHINCS+-SHA2-128f-simple_run09,active,60.362828,5.39625,0.593437,3.202335,193.266247
SPHINCS+-SHA2-128f-simple_run09,active,60.375572,5.3975,0.593795,3.205007,193.30709
SPHINCS+-SHA2-128f-simple_run09,active,60.388315,5.39875,0.593795,3.20575,193.347942
SPHINCS+-SHA2-128f-simple_run09,active,60.401055,5.3975,0.593795,3.205007,193.388773
SPHINCS+-SHA2-128f-simple_run09,active,60.413793,5.39625,0.593437,3.202335,193.429564
SPHINCS+-SHA2-128f-simple_run09,active,60.426582,5.39375,0.589861,3.181564,193.470253
SPHINCS+-SHA2-128f-simple_run09,active,60.439324,5.40125,0.593437,3.205303,193.511095
SPHINCS+-SHA2-128f-simple_run09,active,60.452067,5.39625,0.593795,3.204265,193.551928
SPHINCS+-SHA2-128f-simple_run09,active,60.464814,5.39625,0.593795,3.204265,193.592773
SPHINCS+-SHA2-128f-simple_run09,active,60.477558,5.3975,0.593437,3.203077,193.633593
SPHINCS+-SHA2-128f-simple_run09,active,60.490298,5.395,0.593616,3.202558,193.674393
SPHINCS+-SHA2-128f-simple_run09,active,60.503039,5.39625,0.593258,3.201371,193.715181
SPHINCS+-SHA2-128f-simple_run09,active,60.515779,5.3975,0.593795,3.205007,193.756014
SPHINCS+-SHA2-128f-simple_run09,active,60.528521,5.39625,0.594331,3.20716,193.79688
SPHINCS+-SHA2-128f-simple_run09,active,60.541262,5.3975,0.593616,3.204042,193.837701
SPHINCS+-SHA2-128f-simple_run09,active,60.554004,5.3975,0.594689,3.209833,193.878599
SPHINCS+-SHA2-128f-simple_run09,active,60.56675,5.40125,0.593437,3.205303,193.919457
SPHINCS+-SHA2-128f-simple_run09,active,60.579493,5.39625,0.59308,3.200406,193.96024
SPHINCS+-SHA2-128f-simple_run09,active,60.592237,5.395,0.59308,3.199664,194.001016
SPHINCS+-SHA2-128f-simple_run09,active,60.604977,5.39625,0.593437,3.202335,194.041814
SPHINCS+-SHA2-128f-simple_run09,active,60.617717,5.4,0.594152,3.208423,194.082689
SPHINCS+-SHA2-128f-simple_run09,active,60.630459,5.3975,0.593258,3.202112,194.123488
SPHINCS+-SHA2-128f-simple_run09,active,60.643199,5.4,0.593437,3.204561,194.164317
SPHINCS+-SHA2-128f-simple_run09,active,60.655943,5.39625,0.595583,3.213914,194.205274
SPHINCS+-SHA2-128f-simple_run09,active,60.668691,5.39625,0.593258,3.201371,194.246084
SPHINCS+-SHA2-128f-simple_run09,active,60.681434,5.39625,0.594152,3.206195,194.286942
SPHINCS+-SHA2-128f-simple_run09,active,60.694175,5.39875,0.594689,3.210576,194.327848
SPHINCS+-SHA2-128f-simple_run09,active,60.706917,5.4,0.595404,3.215182,194.368815
SPHINCS+-SHA2-128f-simple_run09,active,60.719659,5.39875,0.593258,3.202854,194.409627
SPHINCS+-SHA2-128f-simple_run09,active,60.732409,5.39625,0.59147,3.191722,194.450321
SPHINCS+-SHA2-128f-simple_run09,active,60.74515,5.3975,0.59147,3.192461,194.490996
SPHINCS+-SHA2-128f-simple_run09,active,60.757955,5.395,0.588073,3.172655,194.53162
SPHINCS+-SHA2-128f-simple_run09,active,60.770763,5.39625,0.593258,3.201371,194.572625
SPHINCS+-SHA2-128f-simple_run09,active,60.78352,5.395,0.593437,3.201594,194.613466
SPHINCS+-SHA2-128f-simple_run09,active,60.796273,5.3975,0.595046,3.211763,194.654425
SPHINCS+-SHA2-128f-simple_run09,active,60.809014,5.3975,0.59308,3.201147,194.695213
SPHINCS+-SHA2-128f-simple_run09,active,60.821753,5.39625,0.597013,3.221632,194.736253
SPHINCS+-SHA2-128f-simple_run09,active,60.834495,5.39625,0.593795,3.204265,194.777083
SPHINCS+-SHA2-128f-simple_run09,active,60.847234,5.39625,0.59147,3.191722,194.817742
SPHINCS+-SHA2-128f-simple_run09,active,60.859975,5.3975,0.593616,3.204042,194.858563
SPHINCS+-SHA2-128f-simple_run09,active,60.872718,5.39625,0.594331,3.20716,194.899434
SPHINCS+-SHA2-128f-simple_run09,active,60.885461,5.3975,0.594152,3.206938,194.9403
SPHINCS+-SHA2-128f-simple_run09,active,60.8982,5.395,0.593437,3.201594,194.981083
SPHINCS+-SHA2-128f-simple_run09,active,60.910938,5.3925,0.594689,3.206859,195.021933
SPHINCS+-SHA2-128f-simple_run09,active,60.923694,5.395,0.594868,3.209311,195.062871
SPHINCS+-SHA2-128f-simple_run09,active,60.936474,5.395,0.595404,3.212205,195.103922
SPHINCS+-SHA2-128f-simple_run09,active,60.949272,5.4,0.593258,3.203595,195.144923
SPHINCS+-SHA2-128f-simple_run09,active,60.962053,5.39625,0.596834,3.220668,195.186084
SPHINCS+-SHA2-128f-simple_run09,active,60.974807,5.39875,0.59451,3.209611,195.22702
SPHINCS+-SHA2-128f-simple_run09,active,60.987553,5.405,0.592901,3.204629,195.267868
SPHINCS+-SHA2-128f-simple_run09,active,61.000292,5.3975,0.593616,3.204042,195.308683
SPHINCS+-SHA2-128f-simple_run09,active,61.013031,5.39625,0.593258,3.201371,195.349465
SPHINCS+-SHA2-128f-simple_run09,active,61.025769,5.40125,0.593258,3.204337,195.390281
SPHINCS+-SHA2-128f-simple_run09,active,61.038533,5.3975,0.592007,3.195357,195.431068
SPHINCS+-SHA2-128f-simple_run09,active,61.051268,5.3975,0.592901,3.200182,195.471823
SPHINCS+-SHA2-128f-simple_run09,active,61.064006,5.395,0.592901,3.1987,195.512567
SPHINCS+-SHA2-128f-simple_run09,active,61.076748,5.395,0.591292,3.190018,195.553214
SPHINCS+-SHA2-128f-simple_run09,active,61.089489,5.39625,0.593258,3.201371,195.594004
SPHINCS+-SHA2-128f-simple_run09,active,61.102225,5.3975,0.593258,3.202112,195.634787
SPHINCS+-SHA2-128f-simple_run09,active,61.114961,5.3975,0.595225,3.212728,195.675702
SPHINCS+-SHA2-128f-simple_run09,active,61.127695,5.395,0.589504,3.180372,195.716201
SPHINCS+-SHA2-128f-simple_run09,active,61.140431,5.3975,0.593795,3.205007,195.757022
SPHINCS+-SHA2-128f-simple_run09,active,61.153167,5.39875,0.593258,3.202854,195.797813
SPHINCS+-SHA2-128f-simple_run09,active,61.165901,5.39875,0.593258,3.202854,195.838598
SPHINCS+-SHA2-128f-simple_run09,active,61.178645,5.395,0.595046,3.210275,195.879509
SPHINCS+-SHA2-128f-simple_run09,active,61.191386,5.395,0.593616,3.202558,195.920311
SPHINCS+-SHA2-128f-simple_run09,active,61.204124,5.3975,0.593437,3.203077,195.961115
SPHINCS+-SHA2-128f-simple_run09,active,61.21686,5.3975,0.595583,3.214658,196.002055
SPHINCS+-SHA2-128f-simple_run09,active,61.229594,5.3975,0.59308,3.201147,196.042818
SPHINCS+-SHA2-128f-simple_run09,active,61.242329,5.4,0.593258,3.203595,196.083615
SPHINCS+-SHA2-128f-simple_run09,active,61.255063,5.39625,0.59451,3.208125,196.124469
SPHINCS+-SHA2-128f-simple_run09,active,61.267796,5.39625,0.594331,3.20716,196.165306
SPHINCS+-SHA2-128f-simple_run09,active,61.280538,5.3975,0.593437,3.203077,196.206118
SPHINCS+-SHA2-128f-simple_run09,active,61.293279,5.39625,0.593258,3.201371,196.246907
SPHINCS+-SHA2-128f-simple_run09,active,61.308989,5.395,0.593616,3.202558,196.297219
SPHINCS+-SHA2-128f-simple_run09,active,61.321748,5.3975,0.593437,3.203077,196.338087
SPHINCS+-SHA2-128f-simple_run09,active,61.334488,5.39625,0.595225,3.211984,196.379008
SPHINCS+-SHA2-128f-simple_run09,active,61.347224,5.40375,0.592722,3.202922,196.419802
SPHINCS+-SHA2-128f-simple_run09,active,61.359962,5.3975,0.593437,3.203077,196.460603
SPHINCS+-SHA2-128f-simple_run09,active,61.372696,5.39375,0.594152,3.20471,196.501411
SPHINCS+-SHA2-128f-simple_run09,active,61.385439,5.3975,0.594689,3.209833,196.542315
SPHINCS+-SHA2-128f-simple_run09,active,61.398182,5.3975,0.59147,3.192461,196.582995
SPHINCS+-SHA2-128f-simple_run09,active,61.410916,5.39625,0.593616,3.2033,196.623787
SPHINCS+-SHA2-128f-simple_run09,active,61.423652,5.3975,0.593437,3.203077,196.66458
SPHINCS+-SHA2-128f-simple_run09,active,61.436386,5.3975,0.592901,3.200182,196.705331
SPHINCS+-SHA2-128f-simple_run09,active,61.44912,5.3975,0.588073,3.174125,196.745752
SPHINCS+-SHA2-128f-simple_run09,active,61.461854,5.3975,0.593437,3.203077,196.786539
SPHINCS+-SHA2-128f-simple_run09,active,61.474588,5.39625,0.594868,3.210054,196.827416
SPHINCS+-SHA2-128f-simple_run09,active,61.487329,5.3975,0.595583,3.214658,196.868374
SPHINCS+-SHA2-128f-simple_run09,active,61.500072,5.39875,0.593258,3.202854,196.909187
SPHINCS+-SHA2-128f-simple_run09,active,61.512805,5.39625,0.593258,3.201371,196.949951
SPHINCS+-SHA2-128f-simple_run09,active,61.52554,5.3975,0.591828,3.194392,196.990631
SPHINCS+-SHA2-128f-simple_run09,active,61.538273,5.39375,0.595583,3.212425,197.031534
SPHINCS+-SHA2-128f-simple_run09,active,61.551006,5.395,0.59308,3.199664,197.072277
SPHINCS+-SHA2-128f-simple_run09,active,61.563741,5.39625,0.593616,3.2033,197.113069
SPHINCS+-SHA2-128f-simple_run09,active,61.576477,5.3975,0.594152,3.206938,197.153913
SPHINCS+-SHA2-128f-simple_run09,active,61.589255,5.395,0.593258,3.200629,197.19481
SPHINCS+-SHA2-128f-simple_run09,active,61.601995,5.39625,0.593437,3.202335,197.235609
SPHINCS+-SHA2-128f-simple_run09,active,61.61473,5.40375,0.593258,3.20582,197.276436
SPHINCS+-SHA2-128f-simple_run09,active,61.627466,5.4,0.59308,3.20263,197.317224
SPHINCS+-SHA2-128f-simple_run09,active,61.640203,5.39625,0.59755,3.224527,197.358295
SPHINCS+-SHA2-128f-simple_run09,active,61.652936,5.3975,0.593437,3.203077,197.39908
SPHINCS+-SHA2-128f-simple_run09,active,61.665671,5.3975,0.592901,3.200182,197.439832
SPHINCS+-SHA2-128f-simple_run09,active,61.678403,5.39,0.594152,3.202481,197.480609
SPHINCS+-SHA2-128f-simple_run09,active,61.691145,5.3975,0.593258,3.202112,197.521409
SPHINCS+-SHA2-128f-simple_run09,active,61.70391,5.39625,0.594152,3.206195,197.562338
SPHINCS+-SHA2-128f-simple_run09,active,61.716649,5.39625,0.593795,3.204265,197.603155
SPHINCS+-SHA2-128f-simple_run09,active,61.729385,5.3975,0.593258,3.202112,197.643938
SPHINCS+-SHA2-128f-simple_run09,active,61.74212,5.39625,0.593258,3.201371,197.684706
SPHINCS+-SHA2-128f-simple_run09,active,61.754853,5.3975,0.593795,3.205007,197.725515
SPHINCS+-SHA2-128f-simple_run09,active,61.767584,5.39625,0.595583,3.213914,197.766434
SPHINCS+-SHA2-128f-simple_run09,active,61.780322,5.3975,0.593437,3.203077,197.807234
SPHINCS+-SHA2-128f-simple_run09,active,61.793064,5.39625,0.593258,3.201371,197.848027
SPHINCS+-SHA2-128f-simple_run09,active,61.805829,5.39625,0.593437,3.202335,197.888904
SPHINCS+-SHA2-128f-simple_run09,active,61.818567,5.40125,0.596119,3.219789,197.929917
SPHINCS+-SHA2-128f-simple_run09,active,61.831304,5.39875,0.59308,3.201888,197.970699
SPHINCS+-SHA2-128f-simple_run09,active,61.844042,5.39625,0.592543,3.197511,198.011429
SPHINCS+-SHA2-128f-simple_run09,active,61.856774,5.4,0.590576,3.189113,198.052034
SPHINCS+-SHA2-128f-simple_run09,active,61.869508,5.39625,0.592007,3.194617,198.092713
SPHINCS+-SHA2-128f-simple_run09,active,61.882243,5.39875,0.592901,3.200923,198.133477
SPHINCS+-SHA2-128f-simple_run09,active,61.894983,5.3975,0.594689,3.209833,198.174369
SPHINCS+-SHA2-128f-simple_run09,active,61.90772,5.39875,0.589861,3.184513,198.214931
SPHINCS+-SHA2-128f-simple_run09,active,61.920456,5.3975,0.593258,3.202112,198.255712
SPHINCS+-SHA2-128f-simple_run09,active,61.933198,5.3975,0.593258,3.202112,198.296513
SPHINCS+-SHA2-128f-simple_run09,active,61.945934,5.3975,0.593974,3.205973,198.337345
SPHINCS+-SHA2-128f-simple_run09,active,61.958944,5.3975,0.590576,3.187636,198.378816
SPHINCS+-SHA2-128f-simple_run09,active,61.971699,5.3975,0.59147,3.192461,198.419538
SPHINCS+-SHA2-128f-simple_run09,active,61.984441,5.3975,0.592007,3.195357,198.460253
SPHINCS+-SHA2-128f-simple_run09,active,61.99719,5.3975,0.590576,3.187636,198.500892
SPHINCS+-SHA2-128f-simple_run09,active,62.009933,5.39875,0.593258,3.202854,198.541707
SPHINCS+-SHA2-128f-simple_run09,active,62.022672,5.3975,0.593258,3.202112,198.582496
SPHINCS+-SHA2-128f-simple_run09,active,62.035406,5.39625,0.594331,3.20716,198.623338
SPHINCS+-SHA2-128f-simple_run09,active,62.048142,5.39375,0.59147,3.190243,198.663968
SPHINCS+-SHA2-128f-simple_run09,active,62.060874,5.39625,0.593437,3.202335,198.70474
SPHINCS+-SHA2-128f-simple_run09,active,62.073606,5.39625,0.593795,3.204265,198.745538
SPHINCS+-SHA2-128f-simple_run09,active,62.086339,5.3975,0.593795,3.205007,198.786345
SPHINCS+-SHA2-128f-simple_run09,active,62.099076,5.395,0.592901,3.1987,198.827089
SPHINCS+-SHA2-128f-simple_run09,active,62.111815,5.3975,0.593795,3.205007,198.867916
SPHINCS+-SHA2-128f-simple_run09,active,62.124549,5.3975,0.59308,3.201147,198.908679
SPHINCS+-SHA2-128f-simple_run09,active,62.137283,5.39125,0.593974,3.20226,198.949457
SPHINCS+-SHA2-128f-simple_run09,active,62.150018,5.39625,0.593258,3.201371,198.990228
SPHINCS+-SHA2-128f-simple_run09,active,62.162751,5.39875,0.593437,3.203819,199.031022
SPHINCS+-SHA2-128f-simple_run09,active,62.175483,5.39625,0.593974,3.20523,199.071831
SPHINCS+-SHA2-128f-simple_run09,active,62.188219,5.38875,0.593795,3.199812,199.112583
SPHINCS+-SHA2-128f-simple_run09,active,62.200958,5.39875,0.593795,3.20575,199.153422
SPHINCS+-SHA2-128f-simple_run09,active,62.213696,5.39625,0.594152,3.206195,199.194262
SPHINCS+-SHA2-128f-simple_run09,active,62.226431,5.39875,0.593437,3.203819,199.235063
SPHINCS+-SHA2-128f-simple_run09,active,62.239164,5.39125,0.592901,3.196476,199.275764
SPHINCS+-SHA2-128f-simple_run09,active,62.251936,5.3975,0.593258,3.202112,199.316661
SPHINCS+-SHA2-128f-simple_run09,active,62.264673,5.3975,0.594152,3.206938,199.357508
SPHINCS+-SHA2-128f-simple_run09,active,62.277406,5.39625,0.587894,3.172425,199.397903
SPHINCS+-SHA2-128f-simple_run09,active,62.290141,5.39625,0.593437,3.202335,199.438684
SPHINCS+-SHA2-128f-simple_run09,active,62.302893,5.395,0.592543,3.196771,199.479447
SPHINCS+-SHA2-128f-simple_run09,active,62.315672,5.39625,0.593795,3.204265,199.520395
SPHINCS+-SHA2-128f-simple_run09,active,62.328416,5.39625,0.590398,3.185933,199.560998
SPHINCS+-SHA2-128f-simple_run09,active,62.341156,5.39625,0.59898,3.232246,199.602176
SPHINCS+-SHA2-128f-simple_run09,active,62.353894,5.39875,0.595225,3.213472,199.643111
SPHINCS+-SHA2-128f-simple_run09,active,62.366632,5.395,0.590576,3.18616,199.683693
SPHINCS+-SHA2-128f-simple_run09,active,62.379368,5.39625,0.594152,3.206195,199.724528
SPHINCS+-SHA2-128f-simple_run09,active,62.392108,5.39625,0.593616,3.2033,199.765339
SPHINCS+-SHA2-128f-simple_run09,active,62.404852,5.39875,0.593437,3.203819,199.806168
SPHINCS+-SHA2-128f-simple_run09,active,62.417592,5.38125,0.590755,3.179001,199.846668
SPHINCS+-SHA2-128f-simple_run09,active,62.430327,5.39875,0.593795,3.20575,199.887494
SPHINCS+-SHA2-128f-simple_run09,active,62.443061,5.39625,0.594152,3.206195,199.928321
SPHINCS+-SHA2-128f-simple_run09,active,62.455795,5.39625,0.595046,3.211019,199.96921
SPHINCS+-SHA2-128f-simple_run09,active,62.46853,5.39625,0.596656,3.219703,200.010214
SPHINCS+-SHA2-128f-simple_run09,active,62.481265,5.3975,0.593258,3.202112,200.050992
SPHINCS+-SHA2-128f-simple_run09,active,62.494003,5.3975,0.59308,3.201147,200.091768
SPHINCS+-SHA2-128f-simple_run09,active,62.506744,5.3975,0.592901,3.200182,200.132543
SPHINCS+-SHA2-128f-simple_run09,active,62.519484,5.39125,0.593437,3.199368,200.173301
SPHINCS+-SHA2-128f-simple_run09,active,62.53222,5.39625,0.593437,3.202335,200.214088
SPHINCS+-SHA2-128f-simple_run09,active,62.544954,5.39625,0.59308,3.200406,200.254841
SPHINCS+-SHA2-128f-simple_run09,active,62.557688,5.4,0.592901,3.201664,200.295611
SPHINCS+-SHA2-128f-simple_run09,active,62.570424,5.395,0.59308,3.199664,200.336361
SPHINCS+-SHA2-128f-simple_run09,active,62.586088,5.3975,0.592901,3.200182,200.38649
SPHINCS+-SHA2-128f-simple_run09,active,62.598846,5.395,0.596119,3.216063,200.42752
SPHINCS+-SHA2-128f-simple_run09,active,62.611594,5.3975,0.593258,3.202112,200.468339
SPHINCS+-SHA2-128f-simple_run09,active,62.624337,5.39875,0.593795,3.20575,200.509191
SPHINCS+-SHA2-128f-simple_run09,active,62.637074,5.37,0.597907,3.210762,200.550087
SPHINCS+-SHA2-128f-simple_run09,active,62.64983,5.3975,0.593795,3.205007,200.590969
SPHINCS+-SHA2-128f-simple_run09,active,62.662566,5.39625,0.59308,3.200406,200.631731
SPHINCS+-SHA2-128f-simple_run09,active,62.6753,5.3975,0.596119,3.217553,200.672704
SPHINCS+-SHA2-128f-simple_run09,active,62.688038,5.3975,0.589861,3.183776,200.713257
SPHINCS+-SHA2-128f-simple_run09,active,62.700773,5.39875,0.593616,3.204784,200.75407
SPHINCS+-SHA2-128f-simple_run09,active,62.713509,5.39875,0.593795,3.20575,200.7949
SPHINCS+-SHA2-128f-simple_run09,active,62.726251,5.3975,0.592722,3.199217,200.835664
SPHINCS+-SHA2-128f-simple_run09,active,62.738987,5.395,0.593258,3.200629,200.876427
SPHINCS+-SHA2-128f-simple_run09,active,62.75172,5.39625,0.593437,3.202335,200.917203
SPHINCS+-SHA2-128f-simple_run09,active,62.764454,5.39625,0.59308,3.200406,200.957958
SPHINCS+-SHA2-128f-simple_run09,active,62.777188,5.3975,0.59308,3.201147,200.998719
SPHINCS+-SHA2-128f-simple_run09,active,62.789925,5.39875,0.593437,3.203819,201.039528
SPHINCS+-SHA2-128f-simple_run09,active,62.802655,5.39625,0.593258,3.201371,201.080279
SPHINCS+-SHA2-128f-simple_run09,active,62.815391,5.3975,0.594689,3.209833,201.121161
SPHINCS+-SHA2-128f-simple_run09,active,62.82814,5.40375,0.593974,3.209685,201.162081
SPHINCS+-SHA2-128f-simple_run09,active,62.840871,5.39625,0.592901,3.199441,201.202813
SPHINCS+-SHA2-128f-simple_run09,active,62.853604,5.39875,0.59308,3.201888,201.243584
SPHINCS+-SHA2-128f-simple_run09,active,62.866338,5.39875,0.593616,3.204784,201.284393
SPHINCS+-SHA2-128f-simple_run09,active,62.879071,5.405,0.593258,3.206562,201.325222
SPHINCS+-SHA2-128f-simple_run09,active,62.891805,5.3975,0.59308,3.201147,201.365985
SPHINCS+-SHA2-128f-simple_run09,active,62.904541,5.39625,0.593437,3.202335,201.406769
SPHINCS+-SHA2-128f-simple_run09,active,62.91728,5.39875,0.59308,3.201888,201.447557
SPHINCS+-SHA2-128f-simple_run09,active,62.930017,5.395,0.593795,3.203523,201.488364
SPHINCS+-SHA2-128f-simple_run09,active,62.942751,5.39625,0.594689,3.209089,201.529226
SPHINCS+-SHA2-128f-simple_run09,active,62.955504,5.39625,0.59308,3.200406,201.570041
SPHINCS+-SHA2-128f-simple_run09,active,62.968287,5.40125,0.594331,3.210131,201.611076
SPHINCS+-SHA2-128f-simple_run09,active,62.981025,5.3975,0.593258,3.202112,201.651865
SPHINCS+-SHA2-128f-simple_run09,active,62.993763,5.395,0.593437,3.201594,201.692646
SPHINCS+-SHA2-128f-simple_run09,active,63.006505,5.39625,0.59308,3.200406,201.733428
SPHINCS+-SHA2-128f-simple_run09,active,63.01925,5.39625,0.594152,3.206195,201.774291
SPHINCS+-SHA2-128f-simple_run09,active,63.031991,5.39125,0.593437,3.199368,201.815054
SPHINCS+-SHA2-128f-simple_run09,active,63.044726,5.3975,0.598801,3.232029,201.856212
SPHINCS+-SHA2-128f-simple_run09,active,63.057462,5.39875,0.589146,3.180652,201.89672
SPHINCS+-SHA2-128f-simple_run09,active,63.070197,5.3975,0.593616,3.204042,201.937526
SPHINCS+-SHA2-128f-simple_run09,active,63.082931,5.3975,0.593258,3.202112,201.9783
SPHINCS+-SHA2-128f-simple_run09,active,63.095665,5.3975,0.596477,3.219484,202.019297
SPHINCS+-SHA2-128f-simple_run09,active,63.108401,5.3975,0.587358,3.170265,202.059674
SPHINCS+-SHA2-128f-simple_run09,active,63.121143,5.39875,0.59308,3.201888,202.100471
SPHINCS+-SHA2-128f-simple_run09,active,63.13388,5.39375,0.595046,3.209532,202.141352
SPHINCS+-SHA2-128f-simple_run09,active,63.146615,5.3975,0.589325,3.180881,202.181862
SPHINCS+-SHA2-128f-simple_run09,active,63.159351,5.3975,0.59308,3.201147,202.222631
SPHINCS+-SHA2-128f-simple_run09,active,63.172088,5.3975,0.593258,3.202112,202.263415
SPHINCS+-SHA2-128f-simple_run09,active,63.184821,5.3975,0.593437,3.203077,202.3042
SPHINCS+-SHA2-128f-simple_run09,active,63.197554,5.3975,0.595583,3.214658,202.345134
SPHINCS+-SHA2-128f-simple_run09,active,63.210289,5.39625,0.594152,3.206195,202.385963
SPHINCS+-SHA2-128f-simple_run09,active,63.223031,5.3975,0.593795,3.205007,202.4268
SPHINCS+-SHA2-128f-simple_run09,active,63.235768,5.3925,0.596119,3.214573,202.467747
SPHINCS+-SHA2-128f-simple_run09,active,63.248505,5.40375,0.593795,3.208719,202.508614
SPHINCS+-SHA2-128f-simple_run09,active,63.261273,5.39625,0.593258,3.201371,202.54949
SPHINCS+-SHA2-128f-simple_run09,active,63.274008,5.3975,0.593437,3.203077,202.590283
SPHINCS+-SHA2-128f-simple_run09,active,63.286743,5.39625,0.593437,3.202335,202.631065
SPHINCS+-SHA2-128f-simple_run09,active,63.299478,5.3925,0.593258,3.199146,202.671805
SPHINCS+-SHA2-128f-simple_run09,active,63.312215,5.3975,0.593258,3.202112,202.712589
SPHINCS+-SHA2-128f-simple_run09,active,63.324955,5.3975,0.59308,3.201147,202.753371
SPHINCS+-SHA2-128f-simple_run09,active,63.337694,5.37875,0.593258,3.190989,202.794021
SPHINCS+-SHA2-128f-simple_run09,active,63.350428,5.39125,0.593437,3.199368,202.834762
SPHINCS+-SHA2-128f-simple_run09,active,63.363164,5.39625,0.593616,3.2033,202.875561
SPHINCS+-SHA2-128f-simple_run09,active,63.375931,5.39875,0.592901,3.200923,202.916428
SPHINCS+-SHA2-128f-simple_run09,active,63.38867,5.3975,0.592186,3.196322,202.957144
SPHINCS+-SHA2-128f-simple_run09,active,63.401404,5.39875,0.592543,3.198993,202.99788
SPHINCS+-SHA2-128f-simple_run09,active,63.414142,5.39625,0.592722,3.198476,203.038621
SPHINCS+-SHA2-128f-simple_run09,active,63.426883,5.3925,0.593437,3.20011,203.079394
SPHINCS+-SHA2-128f-simple_run09,active,63.439622,5.39,0.593795,3.200554,203.120167
SPHINCS+-SHA2-128f-simple_run09,active,63.452358,5.3975,0.593258,3.202112,203.160949
SPHINCS+-SHA2-128f-simple_run09,active,63.465093,5.3975,0.594152,3.206938,203.201791
SPHINCS+-SHA2-128f-simple_run09,active,63.477829,5.3975,0.597907,3.227204,203.242891
SPHINCS+-SHA2-128f-simple_run09,active,63.490564,5.39625,0.594152,3.206195,203.283721
SPHINCS+-SHA2-128f-simple_run09,active,63.503297,5.3975,0.594152,3.206938,203.324557
SPHINCS+-SHA2-128f-simple_run09,active,63.516035,5.39625,0.593258,3.201371,203.365336
SPHINCS+-SHA2-128f-simple_run09,active,63.528774,5.4,0.595046,3.213251,203.406269
SPHINCS+-SHA2-128f-simple_run09,active,63.541514,5.3875,0.594152,3.200996,203.447051
SPHINCS+-SHA2-128f-simple_run09,active,63.554251,5.39625,0.595404,3.212949,203.487972
SPHINCS+-SHA2-128f-simple_run09,active,63.566987,5.3975,0.593437,3.203077,203.528766
SPHINCS+-SHA2-128f-simple_run09,active,63.57972,5.39625,0.59451,3.208125,203.569618
SPHINCS+-SHA2-128f-simple_run09,active,63.592456,5.39625,0.593258,3.201371,203.610389
SPHINCS+-SHA2-128f-simple_run09,active,63.605196,5.3975,0.593795,3.205007,203.651221
SPHINCS+-SHA2-128f-simple_run09,active,63.617932,5.40375,0.591292,3.195192,203.691916
SPHINCS+-SHA2-128f-simple_run09,active,63.630675,5.4,0.593258,3.203595,203.732737
SPHINCS+-SHA2-128f-simple_run09,active,63.643413,5.38875,0.593795,3.199812,203.773497
SPHINCS+-SHA2-128f-simple_run09,active,63.656149,5.395,0.593795,3.203523,203.814299
SPHINCS+-SHA2-128f-simple_run09,active,63.668883,5.3975,0.591113,3.190531,203.854927
SPHINCS+-SHA2-128f-simple_run09,active,63.681618,5.395,0.592901,3.1987,203.895661
SPHINCS+-SHA2-128f-simple_run09,active,63.694353,5.39875,0.595404,3.214437,203.936598
SPHINCS+-SHA2-128f-simple_run09,active,63.707088,5.39625,0.591828,3.193652,203.977268
SPHINCS+-SHA2-128f-simple_run09,active,63.719823,5.39625,0.594152,3.206195,204.0181
SPHINCS+-SHA2-128f-simple_run09,active,63.732566,5.3975,0.593616,3.204042,204.058929
SPHINCS+-SHA2-128f-simple_run09,active,63.745312,5.39,0.593258,3.197663,204.099686
SPHINCS+-SHA2-128f-simple_run09,active,63.758049,5.3925,0.594689,3.206859,204.14053
SPHINCS+-SHA2-128f-simple_run09,active,63.770787,5.3975,0.594152,3.206938,204.18138
SPHINCS+-SHA2-128f-simple_run09,active,63.783522,5.3975,0.593437,3.203077,204.222172
SPHINCS+-SHA2-128f-simple_run09,active,63.796258,5.3975,0.593258,3.202112,204.262955
SPHINCS+-SHA2-128f-simple_run09,active,63.808995,5.3925,0.593258,3.199146,204.303701
SPHINCS+-SHA2-128f-simple_run09,active,63.82173,5.395,0.593437,3.201594,204.344473
SPHINCS+-SHA2-128f-simple_run09,active,63.834475,5.3975,0.593258,3.202112,204.385284
SPHINCS+-SHA2-128f-simple_run09,active,63.847218,5.39625,0.594152,3.206195,204.426141
SPHINCS+-SHA2-128f-simple_run09,active,63.862877,5.3875,0.593974,3.200033,204.476252
SPHINCS+-SHA2-128f-simple_run09,active,63.87567,5.39375,0.59451,3.206638,204.517275
SPHINCS+-SHA2-128f-simple_run09,active,63.888418,5.39625,0.594152,3.206195,204.558146
SPHINCS+-SHA2-128f-simple_run09,active,63.901163,5.3975,0.593258,3.202112,204.598957
SPHINCS+-SHA2-128f-simple_run09,active,63.913898,5.3975,0.595046,3.211763,204.63986
SPHINCS+-SHA2-128f-simple_run09,active,63.926636,5.3975,0.592901,3.200182,204.680623
SPHINCS+-SHA2-128f-simple_run09,active,63.939378,5.39375,0.593437,3.200852,204.721409
SPHINCS+-SHA2-128f-simple_run09,active,63.952175,5.375,0.593437,3.189725,204.762227
SPHINCS+-SHA2-128f-simple_run09,active,63.964663,5.38625,0.593974,3.19929,204.802179
SPHINCS+-SHA2-128f-simple_run09,active,63.977124,5.38625,0.594152,3.200253,204.842058
SPHINCS+-SHA2-128f-simple_run09,active,63.989563,5.39,0.599695,3.232357,204.882267
SPHINCS+-SHA2-128f-simple_run09,active,64.002001,5.38625,0.59308,3.194475,204.921998
SPHINCS+-SHA2-128f-simple_run09,active,64.014704,5.3825,0.595404,3.204762,204.962708
SPHINCS+-SHA2-128f-simple_run09,active,64.027823,5.38,0.593437,3.192692,205.004592
SPHINCS+-SHA2-128f-simple_run09,active,64.040366,5.39,0.593616,3.19959,205.044725
SPHINCS+-SHA2-128f-simple_run09,active,64.052814,5.38,0.592901,3.189806,205.084431
SPHINCS+-SHA2-128f-simple_run09,active,64.065269,5.3875,0.593437,3.197143,205.124254
SPHINCS+-SHA2-128f-simple_run09,active,64.077734,5.39,0.593616,3.19959,205.164137
SPHINCS+-SHA2-128f-simple_run09,active,64.090176,5.38875,0.588431,3.170906,205.203587
SPHINCS+-SHA2-128f-simple_run09,active,64.102611,5.38625,0.593437,3.196401,205.243337
SPHINCS+-SHA2-128f-simple_run09,active,64.115045,5.39,0.595762,3.211155,205.283262
SPHINCS+-SHA2-128f-simple_run09,active,64.12748,5.39,0.595046,3.2073,205.323146
SPHINCS+-SHA2-128f-simple_run09,active,64.139946,5.3875,0.590576,3.18173,205.362809
SPHINCS+-SHA2-128f-simple_run09,active,64.152462,5.395,0.593258,3.200629,205.402867
SPHINCS+-SHA2-128f-simple_run09,active,64.165233,5.3975,0.593258,3.202112,205.443761
SPHINCS+-SHA2-128f-simple_run09,active,64.177974,5.39625,0.59147,3.191722,205.484429
SPHINCS+-SHA2-128f-simple_run09,active,64.190711,5.3975,0.593437,3.203077,205.525225
SPHINCS+-SHA2-128f-simple_run09,active,64.203447,5.39625,0.593258,3.201371,205.565997
SPHINCS+-SHA2-128f-simple_run09,active,64.216186,5.3975,0.593795,3.205007,205.606828
SPHINCS+-SHA2-128f-simple_run09,active,64.22892,5.39875,0.593795,3.20575,205.64765
SPHINCS+-SHA2-128f-simple_run09,active,64.241663,5.39625,0.593258,3.201371,205.688443
SPHINCS+-SHA2-128f-simple_run09,active,64.254401,5.3975,0.595225,3.212728,205.729367
SPHINCS+-SHA2-128f-simple_run09,active,64.26714,5.39875,0.593437,3.203819,205.770182
SPHINCS+-SHA2-128f-simple_run09,active,64.279881,5.3925,0.593258,3.199146,205.810942
SPHINCS+-SHA2-128f-simple_run09,active,64.292621,5.39625,0.59308,3.200406,205.851714
SPHINCS+-SHA2-128f-simple_run09,active,64.305356,5.395,0.592901,3.1987,205.89245
SPHINCS+-SHA2-128f-simple_run09,active,64.318093,5.395,0.59451,3.207381,205.933303
SPHINCS+-SHA2-128f-simple_run09,active,64.330829,5.39,0.593616,3.19959,205.974051
SPHINCS+-SHA2-128f-simple_run09,active,64.34356,5.39625,0.593437,3.202335,206.014822
SPHINCS+-SHA2-128f-simple_run09,active,64.356299,5.3975,0.593258,3.202112,206.055612
SPHINCS+-SHA2-128f-simple_run09,active,64.369032,5.39875,0.593795,3.20575,206.096433
SPHINCS+-SHA2-128f-simple_run09,active,64.381769,5.3975,0.593258,3.202112,206.137216
SPHINCS+-SHA2-128f-simple_run09,active,64.394536,5.39625,0.592901,3.199441,206.178065
SPHINCS+-SHA2-128f-simple_run09,active,64.407272,5.395,0.593437,3.201594,206.218839
SPHINCS+-SHA2-128f-simple_run09,active,64.420008,5.4,0.592543,3.199733,206.259592
SPHINCS+-SHA2-128f-simple_run09,active,64.432742,5.39625,0.593258,3.201371,206.300358
SPHINCS+-SHA2-128f-simple_run09,active,64.445484,5.39625,0.597013,3.221632,206.341407
SPHINCS+-SHA2-128f-simple_run09,active,64.458224,5.3975,0.593437,3.203077,206.382216
SPHINCS+-SHA2-128f-simple_run09,active,64.47096,5.39625,0.593616,3.2033,206.423014
SPHINCS+-SHA2-128f-simple_run09,active,64.483695,5.39625,0.593437,3.202335,206.463793
SPHINCS+-SHA2-128f-simple_run09,active,64.496431,5.3975,0.593437,3.203077,206.504588
SPHINCS+-SHA2-128f-simple_run09,active,64.509167,5.3975,0.594152,3.206938,206.545431
SPHINCS+-SHA2-128f-simple_run09,active,64.521901,5.39625,0.593795,3.204265,206.586234
SPHINCS+-SHA2-128f-simple_run09,active,64.534637,5.3975,0.593437,3.203077,206.627029
SPHINCS+-SHA2-128f-simple_run09,active,64.54738,5.39625,0.593258,3.201371,206.667825
SPHINCS+-SHA2-128f-simple_run09,active,64.560123,5.39375,0.591292,3.189279,206.708467
SPHINCS+-SHA2-128f-simple_run09,active,64.572857,5.39625,0.593258,3.201371,206.749231
SPHINCS+-SHA2-128f-simple_run09,active,64.58559,5.39875,0.594152,3.20768,206.790076
SPHINCS+-SHA2-128f-simple_run09,active,64.598326,5.4,0.591649,3.194906,206.830765
SPHINCS+-SHA2-128f-simple_run09,active,64.61106,5.39625,0.593437,3.202335,206.871546
SPHINCS+-SHA2-128f-simple_run09,active,64.623795,5.39625,0.593437,3.202335,206.912325
SPHINCS+-SHA2-128f-simple_run09,active,64.63653,5.3975,0.593437,3.203077,206.953116
SPHINCS+-SHA2-128f-simple_run09,active,64.649271,5.395,0.595046,3.210275,206.994019
SPHINCS+-SHA2-128f-simple_run09,active,64.662011,5.3975,0.593258,3.202112,207.034815
SPHINCS+-SHA2-128f-simple_run09,active,64.674745,5.3975,0.595583,3.214658,207.07575
SPHINCS+-SHA2-128f-simple_run09,active,64.68748,5.3975,0.593258,3.202112,207.11653
SPHINCS+-SHA2-128f-simple_run09,active,64.700217,5.395,0.593258,3.200629,207.157294
SPHINCS+-SHA2-128f-simple_run09,active,64.712949,5.3975,0.59308,3.201147,207.198052
SPHINCS+-SHA2-128f-simple_run09,active,64.725682,5.395,0.593258,3.200629,207.238807
SPHINCS+-SHA2-128f-simple_run09,active,64.738416,5.40125,0.590576,3.189851,207.279426
SPHINCS+-SHA2-128f-simple_run09,active,64.751157,5.3975,0.593795,3.205007,207.320261
SPHINCS+-SHA2-128f-simple_run09,active,64.763929,5.3975,0.593437,3.203077,207.361171
SPHINCS+-SHA2-128f-simple_run09,active,64.776668,5.385,0.593437,3.195659,207.401879
SPHINCS+-SHA2-128f-simple_run09,active,64.789401,5.3925,0.593437,3.20011,207.442627
SPHINCS+-SHA2-128f-simple_run09,active,64.802139,5.3975,0.593616,3.204042,207.48344
SPHINCS+-SHA2-128f-simple_run09,active,64.814875,5.39875,0.595046,3.212507,207.524354
SPHINCS+-SHA2-128f-simple_run09,active,64.827604,5.39625,0.594331,3.20716,207.565179
SPHINCS+-SHA2-128f-simple_run09,active,64.840345,5.39125,0.594152,3.203224,207.605991
SPHINCS+-SHA2-128f-simple_run09,active,64.853087,5.3975,0.594331,3.207903,207.646865
SPHINCS+-SHA2-128f-simple_run09,active,64.865833,5.3975,0.593258,3.202112,207.68768
SPHINCS+-SHA2-128f-simple_run09,active,64.878571,5.395,0.594152,3.205452,207.72851
SPHINCS+-SHA2-128f-simple_run09,active,64.891305,5.39625,0.593437,3.202335,207.769288
SPHINCS+-SHA2-128f-simple_run09,active,64.904042,5.39625,0.594331,3.20716,207.810138
SPHINCS+-SHA2-128f-simple_run09,active,64.916774,5.39625,0.593258,3.201371,207.850898
SPHINCS+-SHA2-128f-simple_run09,active,64.929507,5.39,0.592364,3.192844,207.891554
SPHINCS+-SHA2-128f-simple_run09,active,64.94224,5.395,0.593616,3.202558,207.932332
SPHINCS+-SHA2-128f-simple_run09,active,64.955009,5.395,0.593437,3.201594,207.973212
SPHINCS+-SHA2-128f-simple_run09,active,64.967794,5.39875,0.593258,3.202854,208.014162
SPHINCS+-SHA2-128f-simple_run09,active,64.98054,5.3875,0.593437,3.197143,208.05491
SPHINCS+-SHA2-128f-simple_run09,active,64.993277,5.3975,0.593258,3.202112,208.095697
SPHINCS+-SHA2-128f-simple_run09,active,65.006013,5.3975,0.594331,3.207903,208.136552
SPHINCS+-SHA2-128f-simple_run09,active,65.018748,5.395,0.590219,3.18423,208.177102
SPHINCS+-SHA2-128f-simple_run09,active,65.031484,5.3975,0.592901,3.200182,208.217863
SPHINCS+-SHA2-128f-simple_run09,active,65.044223,5.3975,0.59308,3.201147,208.258642
SPHINCS+-SHA2-128f-simple_run09,active,65.056969,5.3975,0.593974,3.205973,208.299503
SPHINCS+-SHA2-128f-simple_run09,active,65.069709,5.39625,0.591649,3.192687,208.340181
SPHINCS+-SHA2-128f-simple_run09,active,65.082445,5.39875,0.593795,3.20575,208.381007
SPHINCS+-SHA2-128f-simple_run09,active,65.095182,5.3975,0.593795,3.205007,208.421828
SPHINCS+-SHA2-128f-simple_run09,active,65.107953,5.3975,0.596656,3.220449,208.462959
SPHINCS+-SHA2-128f-simple_run09,active,65.120693,5.39625,0.593616,3.2033,208.503767
SPHINCS+-SHA2-128f-simple_run09,active,65.136416,5.3975,0.593616,3.204042,208.554144
SPHINCS+-SHA2-128f-simple_run09,active,65.149175,5.39,0.59147,3.188025,208.594822
SPHINCS+-SHA2-128f-simple_run09,active,65.161925,5.39625,0.593437,3.202335,208.635649
SPHINCS+-SHA2-128f-simple_run09,active,65.174668,5.395,0.593258,3.200629,208.676437
SPHINCS+-SHA2-128f-simple_run09,active,65.187404,5.395,0.59308,3.199664,208.717189
SPHINCS+-SHA2-128f-simple_run09,active,65.200144,5.3975,0.594689,3.209833,208.75808
SPHINCS+-SHA2-128f-simple_run09,active,65.212878,5.39625,0.593616,3.2033,208.798871
SPHINCS+-SHA2-128f-simple_run09,active,65.225611,5.39875,0.593437,3.203819,208.839665
SPHINCS+-SHA2-128f-simple_run09,active,65.238345,5.3975,0.587,3.168335,208.880012
SPHINCS+-SHA2-128f-simple_run09,active,65.251082,5.39625,0.597728,3.225492,208.921095
SPHINCS+-SHA2-128f-simple_run09,active,65.263823,5.3975,0.593258,3.202112,208.961893
SPHINCS+-SHA2-128f-simple_run09,active,65.276565,5.39875,0.593258,3.202854,209.002703
SPHINCS+-SHA2-128f-simple_run09,active,65.2893,5.4,0.590576,3.189113,209.043318
SPHINCS+-SHA2-128f-simple_run09,active,65.302037,5.3975,0.593258,3.202112,209.084101
SPHINCS+-SHA2-128f-simple_run09,active,65.314771,5.3975,0.594331,3.207903,209.124951
SPHINCS+-SHA2-128f-simple_run09,active,65.327506,5.3975,0.593258,3.202112,209.165732
SPHINCS+-SHA2-128f-simple_run09,active,65.34024,5.39625,0.59147,3.191722,209.206375
SPHINCS+-SHA2-128f-simple_run09,active,65.352974,5.3975,0.595046,3.211763,209.247272
SPHINCS+-SHA2-128f-simple_run09,active,65.365717,5.3975,0.593795,3.205007,209.288114
SPHINCS+-SHA2-128f-simple_run09,active,65.378458,5.39875,0.590755,3.18934,209.328748
SPHINCS+-SHA2-128f-simple_run09,active,65.391194,5.39875,0.593616,3.204784,209.369565
SPHINCS+-SHA2-128f-simple_run09,active,65.40396,5.3975,0.593437,3.203077,209.410455
SPHINCS+-SHA2-128f-simple_run09,active,65.416698,5.3975,0.593437,3.203077,209.451255
SPHINCS+-SHA2-128f-simple_run09,active,65.429433,5.395,0.596834,3.219922,209.492261
SPHINCS+-SHA2-128f-simple_run09,active,65.44217,5.395,0.593795,3.203523,209.533065
SPHINCS+-SHA2-128f-simple_run09,active,65.454905,5.39625,0.595583,3.213914,209.573995
SPHINCS+-SHA2-128f-simple_run09,active,65.467647,5.395,0.593616,3.202558,209.614801
SPHINCS+-SHA2-128f-simple_run09,active,65.480389,5.385,0.593437,3.195659,209.655522
SPHINCS+-SHA2-128f-simple_run09,active,65.493125,5.39375,0.593437,3.200852,209.696287
SPHINCS+-SHA2-128f-simple_run09,active,65.50586,5.3975,0.59451,3.208868,209.737152
SPHINCS+-SHA2-128f-simple_run09,active,65.518594,5.39875,0.593437,3.203819,209.77795
SPHINCS+-SHA2-128f-simple_run09,active,65.53133,5.39375,0.593795,3.202781,209.81874
SPHINCS+-SHA2-128f-simple_run09,active,65.544069,5.39875,0.593795,3.20575,209.859578
SPHINCS+-SHA2-128f-simple_run09,active,65.556803,5.39875,0.593437,3.203819,209.900375
SPHINCS+-SHA2-128f-simple_run09,active,65.569543,5.39625,0.592722,3.198476,209.941123
SPHINCS+-SHA2-128f-simple_run09,active,65.582282,5.3975,0.594152,3.206938,209.981978
SPHINCS+-SHA2-128f-simple_run09,active,65.595017,5.39625,0.595404,3.212949,210.022895
SPHINCS+-SHA2-128f-simple_run09,active,65.607751,5.39875,0.594689,3.210576,210.063777
SPHINCS+-SHA2-128f-simple_run09,active,65.620486,5.39125,0.59308,3.19744,210.104497
SPHINCS+-SHA2-128f-simple_run09,active,65.633251,5.3975,0.593616,3.204042,210.145397
SPHINCS+-SHA2-128f-simple_run09,active,65.645987,5.39625,0.593795,3.204265,210.186207
SPHINCS+-SHA2-128f-simple_run09,active,65.658724,5.39375,0.593437,3.200852,210.226974
SPHINCS+-SHA2-128f-simple_run09,active,65.671466,5.39625,0.59451,3.208125,210.267854
SPHINCS+-SHA2-128f-simple_run09,active,65.684207,5.395,0.59451,3.207381,210.308718
SPHINCS+-SHA2-128f-simple_run09,active,65.69694,5.3975,0.593795,3.205007,210.349529
SPHINCS+-SHA2-128f-simple_run09,active,65.709675,5.4,0.591649,3.194906,210.390214
SPHINCS+-SHA2-128f-simple_run09,active,65.722409,5.3975,0.593437,3.203077,210.431002
SPHINCS+-SHA2-128f-simple_run09,active,65.735144,5.39875,0.593258,3.202854,210.471792
SPHINCS+-SHA2-128f-simple_run09,active,65.74788,5.39875,0.593616,3.204784,210.512609
SPHINCS+-SHA2-128f-simple_run09,active,65.760619,5.395,0.592364,3.195806,210.553319
SPHINCS+-SHA2-128f-simple_run09,active,65.773358,5.39625,0.593616,3.2033,210.594126
SPHINCS+-SHA2-128f-simple_run09,active,65.786097,5.3975,0.594152,3.206938,210.634978
SPHINCS+-SHA2-128f-simple_run09,active,65.798834,5.3975,0.587537,3.17123,210.67537
SPHINCS+-SHA2-128f-simple_run09,active,65.811572,5.3975,0.593437,3.203077,210.71617
SPHINCS+-SHA2-128f-simple_run09,active,65.824308,5.39625,0.594152,3.206195,210.757006
SPHINCS+-SHA2-128f-simple_run09,active,65.837042,5.39625,0.593437,3.202335,210.797785
SPHINCS+-SHA2-128f-simple_run09,active,65.849779,5.395,0.598801,3.230532,210.838932
SPHINCS+-SHA2-128f-simple_run09,active,65.862563,5.39875,0.598444,3.230847,210.880233
SPHINCS+-SHA2-128f-simple_run09,active,65.875305,5.39625,0.594331,3.20716,210.921099
SPHINCS+-SHA2-128f-simple_run09,active,65.888047,5.3975,0.595046,3.211763,210.962025
SPHINCS+-SHA2-128f-simple_run09,active,65.900786,5.39875,0.593258,3.202854,211.002827
SPHINCS+-SHA2-128f-simple_run09,active,65.913521,5.3975,0.593974,3.205973,211.043653
SPHINCS+-SHA2-128f-simple_run09,active,65.926255,5.39625,0.592901,3.199441,211.084397
SPHINCS+-SHA2-128f-simple_run09,active,65.93899,5.4,0.593616,3.205526,211.125218
SPHINCS+-SHA2-128f-simple_run09,active,65.951743,5.3925,0.592901,3.197218,211.165993
SPHINCS+-SHA2-128f-simple_run09,active,65.964527,5.39625,0.593437,3.202335,211.206931
SPHINCS+-SHA2-128f-simple_run09,active,65.977277,5.3975,0.594152,3.206938,211.247819
SPHINCS+-SHA2-128f-simple_run09,active,65.990019,5.4,0.593437,3.204561,211.288652
SPHINCS+-SHA2-128f-simple_run09,active,66.002756,5.3975,0.592901,3.200182,211.329413
SPHINCS+-SHA2-128f-simple_run09,active,66.015494,5.39625,0.595225,3.211984,211.370327
SPHINCS+-SHA2-128f-simple_run09,active,66.028232,5.39625,0.594152,3.206195,211.411166
SPHINCS+-SHA2-128f-simple_run09,active,66.040968,5.395,0.593795,3.203523,211.451967
SPHINCS+-SHA2-128f-simple_run09,active,66.053702,5.3975,0.594331,3.207903,211.492818
SPHINCS+-SHA2-128f-simple_run09,active,66.066437,5.3975,0.593795,3.205007,211.533633
SPHINCS+-SHA2-128f-simple_run09,active,66.079179,5.4,0.593795,3.206492,211.574489
SPHINCS+-SHA2-128f-simple_run09,active,66.09196,5.39625,0.59308,3.200406,211.615394
SPHINCS+-SHA2-128f-simple_run09,active,66.104698,5.3975,0.594331,3.207903,211.656257
SPHINCS+-SHA2-128f-simple_run09,active,66.117435,5.39625,0.593437,3.202335,211.697043
SPHINCS+-SHA2-128f-simple_run09,active,66.13017,5.3925,0.594689,3.206859,211.737883
SPHINCS+-SHA2-128f-simple_run09,active,66.142904,5.3975,0.594152,3.206938,211.77872
SPHINCS+-SHA2-128f-simple_run09,active,66.155637,5.3975,0.593437,3.203077,211.819506
SPHINCS+-SHA2-128f-simple_run09,active,66.168372,5.39625,0.594152,3.206195,211.860337
SPHINCS+-SHA2-128f-simple_run09,active,66.181113,5.395,0.594152,3.205452,211.901178
SPHINCS+-SHA2-128f-simple_run09,active,66.193853,5.39375,0.593258,3.199887,211.941943
SPHINCS+-SHA2-128f-simple_run09,active,66.206588,5.39625,0.594331,3.20716,211.982787
SPHINCS+-SHA2-128f-simple_run09,active,66.219322,5.3975,0.590755,3.188601,212.023392
SPHINCS+-SHA2-128f-simple_run09,active,66.23206,5.3975,0.593616,3.204042,212.064202
SPHINCS+-SHA2-128f-simple_run09,active,66.244793,5.39625,0.593258,3.201371,212.104967
SPHINCS+-SHA2-128f-simple_run09,active,66.257528,5.3975,0.593795,3.205007,212.145782
SPHINCS+-SHA2-128f-simple_run09,active,66.270264,5.3975,0.590755,3.188601,212.186391
SPHINCS+-SHA2-128f-simple_run09,active,66.283005,5.3975,0.593258,3.202112,212.227189
SPHINCS+-SHA2-128f-simple_run09,active,66.295745,5.3975,0.593258,3.202112,212.267986
SPHINCS+-SHA2-128f-simple_run09,active,66.308481,5.39625,0.59451,3.208125,212.308845
SPHINCS+-SHA2-128f-simple_run09,active,66.321253,5.3975,0.593258,3.202112,212.349742
SPHINCS+-SHA2-128f-simple_run09,active,66.333988,5.395,0.593795,3.203523,212.390538
SPHINCS+-SHA2-128f-simple_run09,active,66.346722,5.395,0.593616,3.202558,212.431321
SPHINCS+-SHA2-128f-simple_run09,active,66.359456,5.3975,0.593795,3.205007,212.472133
SPHINCS+-SHA2-128f-simple_run09,active,66.372192,5.39625,0.593258,3.201371,212.512904
SPHINCS+-SHA2-128f-simple_run09,active,66.384931,5.3975,0.593437,3.203077,212.55371
SPHINCS+-SHA2-128f-simple_run09,active,66.397671,5.39625,0.593795,3.204265,212.594531
SPHINCS+-SHA2-128f-simple_run09,active,66.413315,5.395,0.593258,3.200629,212.644601
SPHINCS+-SHA2-128f-simple_run09,active,66.426072,5.395,0.593258,3.200629,212.685432
SPHINCS+-SHA2-128f-simple_run09,active,66.43881,5.3975,0.593258,3.202112,212.72622
SPHINCS+-SHA2-128f-simple_run09,active,66.451545,5.39625,0.592543,3.197511,212.766941
SPHINCS+-SHA2-128f-simple_run09,active,66.464281,5.3975,0.593437,3.203077,212.807735
SPHINCS+-SHA2-128f-simple_run09,active,66.477016,5.3975,0.592901,3.200182,212.848489
SPHINCS+-SHA2-128f-simple_run09,active,66.489758,5.3975,0.592364,3.197287,212.889229
SPHINCS+-SHA2-128f-simple_run09,active,66.5025,5.39875,0.593795,3.20575,212.930079
SPHINCS+-SHA2-128f-simple_run09,active,66.515237,5.39625,0.593616,3.2033,212.970876
SPHINCS+-SHA2-128f-simple_run09,active,66.527976,5.3975,0.59308,3.201147,213.011656
SPHINCS+-SHA2-128f-simple_run09,active,66.54071,5.395,0.589504,3.180372,213.052157
SPHINCS+-SHA2-128f-simple_run09,active,66.553444,5.3975,0.593258,3.202112,213.09293
SPHINCS+-SHA2-128f-simple_run09,active,66.566177,5.39875,0.598801,3.232778,213.134095
SPHINCS+-SHA2-128f-simple_run09,active,66.57891,5.3975,0.590755,3.188601,213.174695
SPHINCS+-SHA2-128f-simple_run09,active,66.59165,5.39875,0.593437,3.203819,213.215512
SPHINCS+-SHA2-128f-simple_run09,active,66.604391,5.3975,0.593437,3.203077,213.256321
SPHINCS+-SHA2-128f-simple_run09,active,66.617126,5.39625,0.593437,3.202335,213.297104
SPHINCS+-SHA2-128f-simple_run09,active,66.629861,5.39125,0.592543,3.194549,213.337786
SPHINCS+-SHA2-128f-simple_run09,active,66.642593,5.39625,0.59451,3.208125,213.378632
SPHINCS+-SHA2-128f-simple_run09,active,66.655326,5.39625,0.593795,3.204265,213.419433
SPHINCS+-SHA2-128f-simple_run09,active,66.668062,5.3975,0.593795,3.205007,213.460252
SPHINCS+-SHA2-128f-simple_run09,active,66.680796,5.395,0.593258,3.200629,213.501008
SPHINCS+-SHA2-128f-simple_run09,active,66.693537,5.385,0.593616,3.196622,213.541738
SPHINCS+-SHA2-128f-simple_run09,active,66.706276,5.3975,0.593437,3.203077,213.582541
SPHINCS+-SHA2-128f-simple_run09,active,66.719011,5.39875,0.593616,3.204784,213.623353
SPHINCS+-SHA2-128f-simple_run09,active,66.731747,5.39125,0.593437,3.199368,213.664099
SPHINCS+-SHA2-128f-simple_run09,active,66.744482,5.39625,0.593437,3.202335,213.704882
SPHINCS+-SHA2-128f-simple_run09,active,66.757249,5.3975,0.593258,3.202112,213.745762
SPHINCS+-SHA2-128f-simple_run09,active,66.769983,5.395,0.593616,3.202558,213.786545
SPHINCS+-SHA2-128f-simple_run09,active,66.782717,5.395,0.593974,3.204488,213.827349
SPHINCS+-SHA2-128f-simple_run09,active,66.795456,5.39625,0.595583,3.213914,213.868291
SPHINCS+-SHA2-128f-simple_run09,active,66.808194,5.3975,0.593258,3.202112,213.909082
SPHINCS+-SHA2-128f-simple_run09,active,66.820931,5.39375,0.592543,3.19603,213.94979
SPHINCS+-SHA2-128f-simple_run09,active,66.833665,5.3975,0.594868,3.210798,213.990677
SPHINCS+-SHA2-128f-simple_run09,active,66.846404,5.39625,0.593258,3.201371,214.031457
SPHINCS+-SHA2-128f-simple_run09,active,66.859137,5.3975,0.593795,3.205007,214.072268
SPHINCS+-SHA2-128f-simple_run09,active,66.87187,5.39625,0.592364,3.196546,214.112969
SPHINCS+-SHA2-128f-simple_run09,active,66.884608,5.3975,0.593437,3.203077,214.15377
SPHINCS+-SHA2-128f-simple_run09,active,66.89735,5.3975,0.593795,3.205007,214.194609
SPHINCS+-SHA2-128f-simple_run09,active,66.91009,5.3975,0.593795,3.205007,214.23544
SPHINCS+-SHA2-128f-simple_run09,active,66.922833,5.3925,0.593437,3.20011,214.27622
SPHINCS+-SHA2-128f-simple_run09,active,66.935571,5.39625,0.597013,3.221632,214.317256
SPHINCS+-SHA2-128f-simple_run09,active,66.948335,5.39625,0.593258,3.201371,214.358117
SPHINCS+-SHA2-128f-simple_run09,active,66.96115,5.3975,0.589861,3.183776,214.398917
SPHINCS+-SHA2-128f-simple_run09,active,66.973899,5.39875,0.593795,3.20575,214.439788
SPHINCS+-SHA2-128f-simple_run09,active,66.986636,5.3975,0.593258,3.202112,214.480575
SPHINCS+-SHA2-128f-simple_run09,active,66.999384,5.3975,0.59308,3.201147,214.521382
SPHINCS+-SHA2-128f-simple_run09,active,67.012128,5.3975,0.593795,3.205007,214.562227
SPHINCS+-SHA2-128f-simple_run09,active,67.024866,5.395,0.593437,3.201594,214.603007
SPHINCS+-SHA2-128f-simple_run09,active,67.037602,5.39625,0.593258,3.201371,214.64378
SPHINCS+-SHA2-128f-simple_run09,active,67.050339,5.395,0.589682,3.181337,214.6843
SPHINCS+-SHA2-128f-simple_run09,active,67.063074,5.3975,0.593258,3.202112,214.725081
SPHINCS+-SHA2-128f-simple_run09,active,67.075809,5.39625,0.59308,3.200406,214.765838
SPHINCS+-SHA2-128f-simple_run09,active,67.088547,5.3975,0.592722,3.199217,214.806591
SPHINCS+-SHA2-128f-simple_run09,active,67.101291,5.3975,0.593258,3.202112,214.847398
SPHINCS+-SHA2-128f-simple_run09,active,67.114032,5.3975,0.593437,3.203077,214.888207
SPHINCS+-SHA2-128f-simple_run09,active,67.126768,5.3925,0.593258,3.199146,214.928951
SPHINCS+-SHA2-128f-simple_run09,active,67.139502,5.4025,0.593258,3.205079,214.969766
SPHINCS+-SHA2-128f-simple_run09,active,67.152238,5.3975,0.592901,3.200182,215.010521
SPHINCS+-SHA2-128f-simple_run09,active,67.164972,5.3925,0.594689,3.206859,215.051358
SPHINCS+-SHA2-128f-simple_run09,active,67.177706,5.39875,0.592901,3.200923,215.092119
SPHINCS+-SHA2-128f-simple_run09,active,67.190441,5.3975,0.59308,3.201147,215.132886
SPHINCS+-SHA2-128f-simple_run09,active,67.203181,5.39625,0.59451,3.208125,215.173756
SPHINCS+-SHA2-128f-simple_run09,active,67.215959,5.3975,0.593437,3.203077,215.214688
SPHINCS+-SHA2-128f-simple_run09,active,67.228698,5.38875,0.593258,3.196921,215.255411
SPHINCS+-SHA2-128f-simple_run09,active,67.241435,5.3975,0.593258,3.202112,215.296197
SPHINCS+-SHA2-128f-simple_run09,active,67.254169,5.3975,0.595046,3.211763,215.337097
SPHINCS+-SHA2-128f-simple_run09,active,67.266904,5.3975,0.595583,3.214658,215.378035
SPHINCS+-SHA2-128f-simple_run09,active,67.279638,5.39875,0.593258,3.202854,215.41882
SPHINCS+-SHA2-128f-simple_run09,active,67.292374,5.39625,0.59308,3.200406,215.459579
SPHINCS+-SHA2-128f-simple_run09,active,67.305115,5.395,0.593258,3.200629,215.500361
SPHINCS+-SHA2-128f-simple_run09,active,67.317855,5.3975,0.592901,3.200182,215.541129
SPHINCS+-SHA2-128f-simple_run09,active,67.330591,5.385,0.591649,3.186031,215.581708
SPHINCS+-SHA2-128f-simple_run09,active,67.343326,5.39625,0.593258,3.201371,215.622475
SPHINCS+-SHA2-128f-simple_run09,active,67.356063,5.3975,0.595583,3.214658,215.663421
SPHINCS+-SHA2-128f-simple_run09,active,67.368795,5.395,0.593437,3.201594,215.704185
SPHINCS+-SHA2-128f-simple_run09,active,67.381529,5.39625,0.592364,3.196546,215.744889
SPHINCS+-SHA2-128f-simple_run09,active,67.394266,5.39625,0.594331,3.20716,215.785739
SPHINCS+-SHA2-128f-simple_run09,active,67.407008,5.3975,0.593616,3.204042,215.826563
SPHINCS+-SHA2-128f-simple_run09,active,67.419747,5.39875,0.592722,3.199958,215.867327
SPHINCS+-SHA2-128f-simple_run09,active,67.432482,5.38875,0.593437,3.197885,215.908052
SPHINCS+-SHA2-128f-simple_run09,active,67.445251,5.39625,0.593258,3.201371,215.948932
SPHINCS+-SHA2-128f-simple_run09,active,67.457987,5.39625,0.593616,3.2033,215.98973
SPHINCS+-SHA2-128f-simple_run09,active,67.470721,5.39625,0.595046,3.211019,216.030618
SPHINCS+-SHA2-128f-simple_run09,active,67.483456,5.3975,0.593258,3.202112,216.071398
SPHINCS+-SHA2-128f-simple_run09,active,67.496193,5.39625,0.592901,3.199441,216.112148
SPHINCS+-SHA2-128f-simple_run09,active,67.508932,5.3975,0.591828,3.194392,216.152842
SPHINCS+-SHA2-128f-simple_run09,active,67.521673,5.39625,0.592007,3.194617,216.193543
SPHINCS+-SHA2-128f-simple_run09,active,67.534408,5.38875,0.593258,3.196921,216.234258
SPHINCS+-SHA2-128f-simple_run09,active,67.547143,5.39625,0.593258,3.201371,216.275028
SPHINCS+-SHA2-128f-simple_run09,active,67.55988,5.3975,0.595583,3.214658,216.315971
SPHINCS+-SHA2-128f-simple_run09,active,67.572618,5.3975,0.59308,3.201147,216.356748
SPHINCS+-SHA2-128f-simple_run09,active,67.585352,5.3975,0.593616,3.204042,216.397548
SPHINCS+-SHA2-128f-simple_run09,active,67.59809,5.39625,0.593258,3.201371,216.438328
SPHINCS+-SHA2-128f-simple_run09,active,67.610832,5.39625,0.586106,3.162777,216.478627
SPHINCS+-SHA2-128f-simple_run09,active,67.623571,5.395,0.593258,3.200629,216.519401
SPHINCS+-SHA2-128f-simple_run09,active,67.636308,5.38625,0.59308,3.194475,216.560088
SPHINCS+-SHA2-128f-simple_run09,active,67.649043,5.3975,0.593437,3.203077,216.600878
SPHINCS+-SHA2-128f-simple_run09,active,67.661777,5.3975,0.59308,3.201147,216.641644
SPHINCS+-SHA2-128f-simple_run09,active,67.674547,5.3975,0.593437,3.203077,216.682545
SPHINCS+-SHA2-128f-simple_run09,active,67.690236,5.3975,0.593974,3.205973,216.732844
SPHINCS+-SHA2-128f-simple_run09,active,67.702992,5.39625,0.593437,3.202335,216.773693
SPHINCS+-SHA2-128f-simple_run09,active,67.715738,5.39875,0.592901,3.200923,216.814492
SPHINCS+-SHA2-128f-simple_run09,active,67.728478,5.39625,0.59308,3.200406,216.855267
SPHINCS+-SHA2-128f-simple_run09,active,67.741237,5.38875,0.593795,3.199812,216.896091
SPHINCS+-SHA2-128f-simple_run09,active,67.753974,5.3975,0.59308,3.201147,216.936865
SPHINCS+-SHA2-128f-simple_run09,active,67.766707,5.3975,0.592901,3.200182,216.977613
SPHINCS+-SHA2-128f-simple_run09,active,67.779441,5.3975,0.590576,3.187636,217.018204
SPHINCS+-SHA2-128f-simple_run09,active,67.792177,5.39875,0.593258,3.202854,217.058995
SPHINCS+-SHA2-128f-simple_run09,active,67.804911,5.3975,0.593258,3.202112,217.099773
SPHINCS+-SHA2-128f-simple_run09,active,67.817651,5.3975,0.593258,3.202112,217.140567
SPHINCS+-SHA2-128f-simple_run09,active,67.83039,5.3875,0.593258,3.19618,217.181282
SPHINCS+-SHA2-128f-simple_run09,active,67.84314,5.37375,0.593258,3.188022,217.22193
SPHINCS+-SHA2-128f-simple_run09,active,67.855873,5.3925,0.593437,3.20011,217.262676
SPHINCS+-SHA2-128f-simple_run09,active,67.86862,5.39625,0.59308,3.200406,217.303473
SPHINCS+-SHA2-128f-simple_run09,active,67.881356,5.39875,0.593616,3.204784,217.344289
SPHINCS+-SHA2-128f-simple_run09,active,67.894091,5.38875,0.593258,3.196921,217.385001
SPHINCS+-SHA2-128f-simple_run09,active,67.906825,5.39625,0.592901,3.199441,217.425745
SPHINCS+-SHA2-128f-simple_run09,active,67.919566,5.395,0.59308,3.199664,217.466511
SPHINCS+-SHA2-128f-simple_run09,active,67.932308,5.39625,0.594152,3.206195,217.507365
SPHINCS+-SHA2-128f-simple_run09,active,67.945047,5.39,0.593258,3.197663,217.548099
SPHINCS+-SHA2-128f-simple_run09,active,67.957844,5.39875,0.592901,3.200923,217.589062
SPHINCS+-SHA2-128f-simple_run09,active,67.970627,5.39875,0.594331,3.208646,217.630075
SPHINCS+-SHA2-128f-simple_run09,active,67.983366,5.3975,0.593258,3.202112,217.670868
SPHINCS+-SHA2-128f-simple_run09,active,67.996104,5.39625,0.592901,3.199441,217.711624
SPHINCS+-SHA2-128f-simple_run09,active,68.008841,5.395,0.593258,3.200629,217.752388
SPHINCS+-SHA2-128f-simple_run09,active,68.021589,5.40125,0.592364,3.199508,217.793175
SPHINCS+-SHA2-128f-simple_run09,active,68.034328,5.3975,0.594689,3.209833,217.834065
SPHINCS+-SHA2-128f-simple_run09,active,68.047064,5.38875,0.592901,3.194994,217.874757
SPHINCS+-SHA2-128f-simple_run09,active,68.059799,5.3975,0.59308,3.201147,217.915526
SPHINCS+-SHA2-128f-simple_run09,active,68.072533,5.395,0.592364,3.195806,217.95622
SPHINCS+-SHA2-128f-simple_run09,active,68.085265,5.3975,0.593258,3.202112,217.996989
SPHINCS+-SHA2-128f-simple_run09,active,68.097997,5.395,0.592901,3.1987,218.037717
SPHINCS+-SHA2-128f-simple_run09,active,68.110733,5.3975,0.596656,3.220449,218.078732
SPHINCS+-SHA2-128f-simple_run09,active,68.123473,5.3975,0.593258,3.202112,218.119526
SPHINCS+-SHA2-128f-simple_run09,active,68.136211,5.39625,0.593795,3.204265,218.160343
SPHINCS+-SHA2-128f-simple_run09,active,68.148946,5.3875,0.593437,3.197143,218.201056
SPHINCS+-SHA2-128f-simple_run09,active,68.16168,5.3975,0.592901,3.200182,218.241808
SPHINCS+-SHA2-128f-simple_run09,active,68.174419,5.3975,0.595583,3.214658,218.282761
SPHINCS+-SHA2-128f-simple_run09,active,68.187164,5.39625,0.592186,3.195582,218.323488
SPHINCS+-SHA2-128f-simple_run09,active,68.199939,5.3975,0.588967,3.17895,218.364098
SPHINCS+-SHA2-128f-simple_run09,active,68.212678,5.4,0.591649,3.194906,218.404799
SPHINCS+-SHA2-128f-simple_run09,active,68.225417,5.3975,0.592007,3.195357,218.445506
SPHINCS+-SHA2-128f-simple_run09,active,68.238156,5.3975,0.593795,3.205007,218.486334
SPHINCS+-SHA2-128f-simple_run09,active,68.250888,5.385,0.592722,3.191808,218.526972
SPHINCS+-SHA2-128f-simple_run09,active,68.263622,5.3975,0.593258,3.202112,218.567746
SPHINCS+-SHA2-128f-simple_run09,active,68.276356,5.39625,0.592722,3.198476,218.608478
SPHINCS+-SHA2-128f-simple_run09,active,68.28909,5.3975,0.592901,3.200182,218.649226
SPHINCS+-SHA2-128f-simple_run09,active,68.301823,5.39875,0.593258,3.202854,218.690008
SPHINCS+-SHA2-128f-simple_run09,active,68.314555,5.39625,0.593258,3.201371,218.73077
SPHINCS+-SHA2-128f-simple_run09,active,68.327295,5.39625,0.592901,3.199441,218.77153
SPHINCS+-SHA2-128f-simple_run09,active,68.340035,5.39125,0.593616,3.200332,218.812302
SPHINCS+-SHA2-128f-simple_run09,active,68.352768,5.3975,0.592722,3.199217,218.853037
SPHINCS+-SHA2-128f-simple_run09,active,68.365502,5.39625,0.593795,3.204265,218.893842
SPHINCS+-SHA2-128f-simple_run09,active,68.378235,5.39125,0.593258,3.198404,218.934567
SPHINCS+-SHA2-128f-simple_run09,active,68.390968,5.3975,0.592901,3.200182,218.975315
SPHINCS+-SHA2-128f-simple_run09,active,68.403702,5.395,0.592901,3.1987,219.016046
SPHINCS+-SHA2-128f-simple_run09,active,68.416436,5.395,0.592901,3.1987,219.056777
SPHINCS+-SHA2-128f-simple_run09,active,68.429175,5.39875,0.592901,3.200923,219.097554
SPHINCS+-SHA2-128f-simple_run09,active,68.441911,5.39625,0.593974,3.20523,219.138379
SPHINCS+-SHA2-128f-simple_run09,active,68.454645,5.3975,0.594152,3.206938,219.179213
SPHINCS+-SHA2-128f-simple_run09,active,68.467378,5.3975,0.593616,3.204042,219.220012
SPHINCS+-SHA2-128f-simple_run09,active,68.480113,5.39625,0.593258,3.201371,219.260782
SPHINCS+-SHA2-128f-simple_run09,active,68.492844,5.3975,0.594331,3.207903,219.301622
SPHINCS+-SHA2-128f-simple_run09,active,68.505578,5.39625,0.593258,3.201371,219.342386
SPHINCS+-SHA2-128f-simple_run09,active,68.518312,5.3975,0.593795,3.205007,219.383199
SPHINCS+-SHA2-128f-simple_run09,active,68.531051,5.39625,0.594868,3.210054,219.424091
SPHINCS+-SHA2-128f-simple_run09,active,68.543787,5.3975,0.593437,3.203077,219.464888
SPHINCS+-SHA2-128f-simple_run09,active,68.556521,5.39625,0.593437,3.202335,219.505664
SPHINCS+-SHA2-128f-simple_run09,active,68.569252,5.39625,0.592901,3.199441,219.546398
SPHINCS+-SHA2-128f-simple_run09,active,68.581985,5.3975,0.591649,3.193427,219.58706
SPHINCS+-SHA2-128f-simple_run09,active,68.594717,5.3975,0.595225,3.212728,219.627965
SPHINCS+-SHA2-128f-simple_run09,active,68.60745,5.395,0.593437,3.201594,219.668729
SPHINCS+-SHA2-128f-simple_run09,active,68.620184,5.39875,0.592007,3.196097,219.70943
SPHINCS+-SHA2-128f-simple_run09,active,68.632924,5.39625,0.593437,3.202335,219.750227
SPHINCS+-SHA2-128f-simple_run09,active,68.645659,5.3975,0.593258,3.202112,219.791007
SPHINCS+-SHA2-128f-simple_run09,active,68.658392,5.395,0.593258,3.200629,219.831758
SPHINCS+-SHA2-128f-simple_run09,active,68.671125,5.39625,0.594689,3.209089,219.872619
SPHINCS+-SHA2-128f-simple_run09,active,68.683858,5.39875,0.593437,3.203819,219.913413
SPHINCS+-SHA2-128f-simple_run09,active,68.69659,5.3975,0.593258,3.202112,219.954185
SPHINCS+-SHA2-128f-simple_run09,active,68.709323,5.3975,0.591113,3.190531,219.994808
SPHINCS+-SHA2-128f-simple_run09,active,68.722055,5.3975,0.592364,3.197287,220.035516
SPHINCS+-SHA2-128f-simple_run09,active,68.734795,5.3975,0.59451,3.208868,220.076398
SPHINCS+-SHA2-128f-simple_run09,active,68.747533,5.39625,0.592901,3.199441,220.117153
SPHINCS+-SHA2-128f-simple_run09,active,68.760267,5.3975,0.596834,3.221414,220.158173
SPHINCS+-SHA2-128f-simple_run09,active,68.773,5.3975,0.593258,3.202112,220.198945
SPHINCS+-SHA2-128f-simple_run09,active,68.785731,5.3975,0.593437,3.203077,220.239724
SPHINCS+-SHA2-128f-simple_run09,active,68.798464,5.3975,0.592901,3.200182,220.280471
SPHINCS+-SHA2-128f-simple_run09,active,68.811196,5.40125,0.597728,3.228481,220.321579
SPHINCS+-SHA2-128f-simple_run09,active,68.823959,5.39625,0.592901,3.199441,220.362411
SPHINCS+-SHA2-128f-simple_run09,active,68.836705,5.3975,0.593258,3.202112,220.403225
SPHINCS+-SHA2-128f-simple_run09,active,68.849442,5.3975,0.593437,3.203077,220.444025
SPHINCS+-SHA2-128f-simple_run09,active,68.862177,5.37875,0.592901,3.189065,220.484635
SPHINCS+-SHA2-128f-simple_run09,active,68.874921,5.3975,0.593258,3.202112,220.525445
SPHINCS+-SHA2-128f-simple_run09,active,68.887656,5.3975,0.593437,3.203077,220.566234
SPHINCS+-SHA2-128f-simple_run09,active,68.900391,5.39375,0.59308,3.198923,220.606973
SPHINCS+-SHA2-128f-simple_run09,active,68.913123,5.39625,0.592901,3.199441,220.647709
SPHINCS+-SHA2-128f-simple_run09,active,68.925856,5.39625,0.593616,3.2033,220.688497
SPHINCS+-SHA2-128f-simple_run09,active,68.938596,5.39625,0.593437,3.202335,220.729293
SPHINCS+-SHA2-128f-simple_run09,active,68.951347,5.4025,0.590219,3.188657,220.769953
SPHINCS+-SHA2-128f-simple_run09,active,68.967061,5.3975,0.595046,3.211763,220.820421
SPHINCS+-SHA2-128f-simple_run09,active,68.979814,5.3975,0.59451,3.208868,220.861345
SPHINCS+-SHA2-128f-simple_run09,active,68.992553,5.39625,0.593258,3.201371,220.902127
SPHINCS+-SHA2-128f-simple_run09,active,69.005286,5.3975,0.593437,3.203077,220.942913
SPHINCS+-SHA2-128f-simple_run09,active,69.018021,5.39625,0.59308,3.200406,220.98367
SPHINCS+-SHA2-128f-simple_run09,active,69.030756,5.39125,0.592543,3.194549,221.024352
SPHINCS+-SHA2-128f-simple_run09,active,69.0435,5.39875,0.593437,3.203819,221.065182
SPHINCS+-SHA2-128f-simple_run09,active,69.05624,5.38875,0.593437,3.197885,221.105923
SPHINCS+-SHA2-128f-simple_run09,active,69.068673,5.39,0.593258,3.197663,221.14568
SPHINCS+-SHA2-128f-simple_run09,active,69.081106,5.38875,0.593437,3.197885,221.185437
SPHINCS+-SHA2-128f-simple_run09,active,69.093536,5.3875,0.593258,3.19618,221.225165
SPHINCS+-SHA2-128f-simple_run09,active,69.105965,5.38875,0.59308,3.195958,221.26489
SPHINCS+-SHA2-128f-simple_run09,active,69.118394,5.3875,0.594152,3.200996,221.304673
SPHINCS+-SHA2-128f-simple_run09,active,69.130821,5.38875,0.589861,3.178615,221.344177
SPHINCS+-SHA2-128f-simple_run09,active,69.14325,5.3875,0.593437,3.197143,221.383913
SPHINCS+-SHA2-128f-simple_run09,active,69.155696,5.39875,0.598801,3.232778,221.424146
SPHINCS+-SHA2-128f-simple_run09,active,69.168431,5.3975,0.593616,3.204042,221.464951
SPHINCS+-SHA2-128f-simple_run09,active,69.181166,5.3975,0.596119,3.217553,221.505926
SPHINCS+-SHA2-128f-simple_run09,active,69.193899,5.39625,0.593795,3.204265,221.546728
SPHINCS+-SHA2-128f-simple_run09,active,69.206633,5.39875,0.593437,3.203819,221.587523
SPHINCS+-SHA2-128f-simple_run09,active,69.219365,5.3975,0.593795,3.205007,221.62833
SPHINCS+-SHA2-128f-simple_run09,active,69.232102,5.39875,0.593258,3.202854,221.669126
SPHINCS+-SHA2-128f-simple_run09,active,69.244841,5.39625,0.593437,3.202335,221.70992
SPHINCS+-SHA2-128f-simple_run09,active,69.25758,5.39625,0.593258,3.201371,221.750701
SPHINCS+-SHA2-128f-simple_run09,active,69.270315,5.39625,0.594152,3.206195,221.791531
SPHINCS+-SHA2-128f-simple_run09,active,69.28305,5.4,0.593795,3.206492,221.832366
SPHINCS+-SHA2-128f-simple_run09,active,69.295783,5.39625,0.59308,3.200406,221.873119
SPHINCS+-SHA2-128f-simple_run09,active,69.308519,5.39625,0.593258,3.201371,221.913889
SPHINCS+-SHA2-128f-simple_run09,active,69.321251,5.39875,0.593437,3.203819,221.954682
SPHINCS+-SHA2-128f-simple_run09,active,69.333986,5.39375,0.593437,3.200852,221.995443
SPHINCS+-SHA2-128f-simple_run09,active,69.346725,5.3975,0.594152,3.206938,222.036299
SPHINCS+-SHA2-128f-simple_run09,active,69.359463,5.4,0.59308,3.20263,222.077092
SPHINCS+-SHA2-128f-simple_run09,active,69.372197,5.40125,0.593616,3.206268,222.117921
SPHINCS+-SHA2-128f-simple_run09,active,69.384932,5.3975,0.593437,3.203077,222.158713
SPHINCS+-SHA2-128f-simple_run09,active,69.397666,5.3975,0.593258,3.202112,222.199487
SPHINCS+-SHA2-128f-simple_run09,active,69.410399,5.39375,0.59308,3.198923,222.240221
SPHINCS+-SHA2-128f-simple_run09,active,69.423131,5.395,0.593437,3.201594,222.280983
SPHINCS+-SHA2-128f-simple_run09,active,69.435863,5.3975,0.593258,3.202112,222.321752
SPHINCS+-SHA2-128f-simple_run09,active,69.448603,5.39625,0.593258,3.201371,222.362536
SPHINCS+-SHA2-128f-simple_run09,active,69.461338,5.39375,0.594152,3.20471,222.403351
SPHINCS+-SHA2-128f-simple_run09,active,69.474072,5.39625,0.595225,3.211984,222.444251
SPHINCS+-SHA2-128f-simple_run09,active,69.486806,5.3975,0.593437,3.203077,222.485037
SPHINCS+-SHA2-128f-simple_run09,active,69.499539,5.395,0.594152,3.205452,222.525852
SPHINCS+-SHA2-128f-simple_run09,active,69.512273,5.3975,0.592901,3.200182,222.566604
SPHINCS+-SHA2-128f-simple_run09,active,69.525006,5.3975,0.593437,3.203077,222.60739
SPHINCS+-SHA2-128f-simple_run09,active,69.537738,5.39625,0.593258,3.201371,222.648151
SPHINCS+-SHA2-128f-simple_run09,active,69.550477,5.39625,0.591828,3.193652,222.688834
SPHINCS+-SHA2-128f-simple_run09,active,69.563214,5.39625,0.595583,3.213914,222.729771
SPHINCS+-SHA2-128f-simple_run09,active,69.57595,5.39625,0.595404,3.212949,222.77069
SPHINCS+-SHA2-128f-simple_run09,active,69.588681,5.3975,0.593258,3.202112,222.811454
SPHINCS+-SHA2-128f-simple_run09,active,69.601413,5.39875,0.593258,3.202854,222.852235
SPHINCS+-SHA2-128f-simple_run09,active,69.614146,5.39875,0.594868,3.211541,222.893127
SPHINCS+-SHA2-128f-simple_run09,active,69.626879,5.39875,0.592901,3.200923,222.933883
SPHINCS+-SHA2-128f-simple_run09,active,69.639611,5.39625,0.592543,3.197511,222.974596
SPHINCS+-SHA2-128f-simple_run09,active,69.652352,5.3975,0.593795,3.205007,223.015428
SPHINCS+-SHA2-128f-simple_run09,active,69.665087,5.3975,0.593437,3.203077,223.056222
SPHINCS+-SHA2-128f-simple_run09,active,69.67782,5.3975,0.593258,3.202112,223.096995
SPHINCS+-SHA2-128f-simple_run09,active,69.690553,5.3975,0.592007,3.195357,223.137679
SPHINCS+-SHA2-128f-simple_run09,active,69.703286,5.39875,0.593437,3.203819,223.178474
SPHINCS+-SHA2-128f-simple_run09,active,69.71602,5.3975,0.592901,3.200182,223.219226
SPHINCS+-SHA2-128f-simple_run09,active,69.728751,5.39625,0.593258,3.201371,223.259982
SPHINCS+-SHA2-128f-simple_run09,active,69.741483,5.4,0.593437,3.204561,223.300782
SPHINCS+-SHA2-128f-simple_run09,active,69.754223,5.3975,0.593258,3.202112,223.341576
SPHINCS+-SHA2-128f-simple_run09,active,69.766959,5.3975,0.593437,3.203077,223.382372
SPHINCS+-SHA2-128f-simple_run09,active,69.779692,5.3975,0.593258,3.202112,223.423144
SPHINCS+-SHA2-128f-simple_run09,active,69.792426,5.39875,0.592543,3.198993,223.46388
SPHINCS+-SHA2-128f-simple_run09,active,69.80516,5.3975,0.59308,3.201147,223.504643
SPHINCS+-SHA2-128f-simple_run09,active,69.817892,5.3975,0.59308,3.201147,223.545401
SPHINCS+-SHA2-128f-simple_run09,active,69.830624,5.39375,0.592901,3.197959,223.586116
SPHINCS+-SHA2-128f-simple_run09,active,69.843356,5.39625,0.593974,3.20523,223.626926
SPHINCS+-SHA2-128f-simple_run09,active,69.856096,5.3975,0.593258,3.202112,223.66772
SPHINCS+-SHA2-128f-simple_run09,active,69.868832,5.3975,0.593258,3.202112,223.708504
SPHINCS+-SHA2-128f-simple_run09,active,69.881567,5.395,0.593616,3.202558,223.749288
SPHINCS+-SHA2-128f-simple_run09,active,69.894559,5.39625,0.593258,3.201371,223.79088
SPHINCS+-SHA2-128f-simple_run09,active,69.907318,5.395,0.593795,3.203523,223.831755
SPHINCS+-SHA2-128f-simple_run09,active,69.920058,5.39375,0.59308,3.198923,223.872509
SPHINCS+-SHA2-128f-simple_run09,active,69.932796,5.395,0.594152,3.205452,223.913341
SPHINCS+-SHA2-128f-simple_run09,active,69.945539,5.3975,0.592364,3.197287,223.954082
SPHINCS+-SHA2-128f-simple_run09,active,69.958711,5.39625,0.593437,3.202335,223.996264
SPHINCS+-SHA2-128f-simple_run09,active,69.971473,5.39625,0.593795,3.204265,224.037155
SPHINCS+-SHA2-128f-simple_run09,active,69.984213,5.39625,0.592901,3.199441,224.077917
SPHINCS+-SHA2-128f-simple_run09,active,69.996954,5.3975,0.593258,3.202112,224.118714
SPHINCS+-SHA2-128f-simple_run09,active,70.009698,5.39625,0.593437,3.202335,224.159526
SPHINCS+-SHA2-128f-simple_run09,active,70.022514,5.3925,0.589682,3.179862,224.20028
SPHINCS+-SHA2-128f-simple_run09,active,70.035297,5.3925,0.594868,3.207824,224.241285
SPHINCS+-SHA2-128f-simple_run09,active,70.048047,5.3925,0.593258,3.199146,224.282073
SPHINCS+-SHA2-128f-simple_run09,active,70.060803,5.4,0.592722,3.200699,224.322903
SPHINCS+-SHA2-128f-simple_run09,active,70.073545,5.38875,0.595046,3.206556,224.363759
SPHINCS+-SHA2-128f-simple_run09,active,70.085983,5.38875,0.598801,3.22679,224.403895
SPHINCS+-SHA2-128f-simple_run09,active,70.098419,5.38125,0.593616,3.194396,224.443621
SPHINCS+-SHA2-128f-simple_run09,active,70.110852,5.3875,0.590219,3.179804,224.483156
SPHINCS+-SHA2-128f-simple_run09,active,70.123284,5.3875,0.598086,3.222188,224.523212
SPHINCS+-SHA2-128f-simple_run09,active,70.135715,5.39,0.595404,3.209228,224.563106
SPHINCS+-SHA2-128f-simple_run09,active,70.14815,5.38875,0.593258,3.196921,224.602861
SPHINCS+-SHA2-128f-simple_run09,active,70.160583,5.3875,0.593795,3.199069,224.642634
SPHINCS+-SHA2-128f-simple_run09,active,70.173032,5.39625,0.598622,3.230316,224.682847
SPHINCS+-SHA2-128f-simple_run09,active,70.185771,5.395,0.593437,3.201594,224.723634
SPHINCS+-SHA2-128f-simple_run09,active,70.198542,5.3875,0.593258,3.19618,224.764452
SPHINCS+-SHA2-128f-simple_run09,active,70.211276,5.39875,0.592007,3.196097,224.805152
SPHINCS+-SHA2-128f-simple_run09,active,70.224014,5.39875,0.59308,3.201888,224.845936
SPHINCS+-SHA2-128f-simple_run09,active,70.239723,5.38875,0.592543,3.193067,224.896097
SPHINCS+-SHA2-128f-simple_run09,active,70.252505,5.3875,0.594152,3.200996,224.937011
SPHINCS+-SHA2-128f-simple_run09,active,70.265279,5.3975,0.593258,3.202112,224.977915
SPHINCS+-SHA2-128f-simple_run09,active,70.27802,5.38875,0.592543,3.193067,225.0186
SPHINCS+-SHA2-128f-simple_run09,active,70.290456,5.3925,0.593616,3.201074,225.058405
SPHINCS+-SHA2-128f-simple_run09,active,70.302887,5.39,0.594152,3.202481,225.098218
SPHINCS+-SHA2-128f-simple_run09,active,70.315319,5.3875,0.592543,3.192326,225.137903
SPHINCS+-SHA2-128f-simple_run09,active,70.327748,5.3825,0.593795,3.196101,225.177629
SPHINCS+-SHA2-128f-simple_run09,active,70.340179,5.38875,0.592901,3.194994,225.217345
SPHINCS+-SHA2-128f-simple_run09,active,70.352609,5.39375,0.592901,3.197959,225.257097
SPHINCS+-SHA2-128f-simple_run09,active,70.365045,5.38875,0.59308,3.195958,225.296841
SPHINCS+-SHA2-128f-simple_run09,active,70.377494,5.39625,0.593258,3.201371,225.336693
SPHINCS+-SHA2-128f-simple_run09,active,70.39023,5.3975,0.59308,3.201147,225.377464
SPHINCS+-SHA2-128f-simple_run09,active,70.402965,5.39,0.595046,3.2073,225.418308
SPHINCS+-SHA2-128f-simple_run09,active,70.415698,5.3975,0.593258,3.202112,225.459083
SPHINCS+-SHA2-128f-simple_run09,active,70.428432,5.395,0.593258,3.200629,225.499838
SPHINCS+-SHA2-128f-simple_run09,active,70.441166,5.3975,0.593437,3.203077,225.540627
SPHINCS+-SHA2-128f-simple_run09,active,70.453901,5.39625,0.593258,3.201371,225.581397
SPHINCS+-SHA2-128f-simple_run09,active,70.466642,5.395,0.593616,3.202558,225.622199
SPHINCS+-SHA2-128f-simple_run09,active,70.479378,5.3975,0.593795,3.205007,225.663019
SPHINCS+-SHA2-128f-simple_run09,active,70.492113,5.40125,0.592364,3.199508,225.703765
SPHINCS+-SHA2-128f-simple_run09,active,70.504846,5.38625,0.592901,3.193512,225.744426
SPHINCS+-SHA2-128f-simple_run09,active,70.517579,5.39625,0.593258,3.201371,225.785191
SPHINCS+-SHA2-128f-simple_run09,active,70.530314,5.3975,0.593437,3.203077,225.825981
SPHINCS+-SHA2-128f-simple_run09,active,70.543048,5.39625,0.595583,3.213914,225.866906
SPHINCS+-SHA2-128f-simple_run09,active,70.555782,5.4,0.593258,3.203595,225.907703
SPHINCS+-SHA2-128f-simple_run09,active,70.568525,5.3975,0.59308,3.201147,225.948495
SPHINCS+-SHA2-128f-simple_run09,active,70.581264,5.3975,0.589682,3.182811,225.989041
SPHINCS+-SHA2-128f-simple_run09,active,70.593999,5.3975,0.59594,3.216588,226.030004
SPHINCS+-SHA2-128f-simple_run09,active,70.606733,5.38625,0.593258,3.195438,226.070693
SPHINCS+-SHA2-128f-simple_run09,active,70.619465,5.3975,0.593616,3.204042,226.111489
SPHINCS+-SHA2-128f-simple_run09,active,70.632199,5.39625,0.596477,3.218738,226.152475
SPHINCS+-SHA2-128f-simple_run09,active,70.644932,5.39875,0.59308,3.201888,226.193244
SPHINCS+-SHA2-128f-simple_run09,active,70.657666,5.3975,0.593437,3.203077,226.234032
SPHINCS+-SHA2-128f-simple_run09,active,70.670405,5.39625,0.595225,3.211984,226.274952
SPHINCS+-SHA2-128f-simple_run09,active,70.683143,5.3975,0.593258,3.202112,226.315738
SPHINCS+-SHA2-128f-simple_run09,active,70.695875,5.395,0.595225,3.21124,226.356625
SPHINCS+-SHA2-128f-simple_run09,active,70.708611,5.3875,0.592186,3.1904,226.397259
SPHINCS+-SHA2-128f-simple_run09,active,70.72135,5.39625,0.593616,3.2033,226.438065
SPHINCS+-SHA2-128f-simple_run09,active,70.734094,5.3975,0.594868,3.210798,226.478982
SPHINCS+-SHA2-128f-simple_run09,active,70.746828,5.39875,0.593258,3.202854,226.519768
SPHINCS+-SHA2-128f-simple_run09,active,70.759563,5.3975,0.593258,3.202112,226.560547
SPHINCS+-SHA2-128f-simple_run09,active,70.772305,5.39625,0.594152,3.206195,226.601399
SPHINCS+-SHA2-128f-simple_run09,active,70.785042,5.3975,0.593258,3.202112,226.642185
SPHINCS+-SHA2-128f-simple_run09,active,70.797775,5.39625,0.593258,3.201371,226.682948
SPHINCS+-SHA2-128f-simple_run09,active,70.810539,5.39625,0.593258,3.201371,226.723812
SPHINCS+-SHA2-128f-simple_run09,active,70.823273,5.39125,0.593258,3.198404,226.76454
SPHINCS+-SHA2-128f-simple_run09,active,70.836008,5.39625,0.593258,3.201371,226.805311
SPHINCS+-SHA2-128f-simple_run09,active,70.848741,5.39625,0.59308,3.200406,226.84606
SPHINCS+-SHA2-128f-simple_run09,active,70.861477,5.39625,0.593437,3.202335,226.886843
SPHINCS+-SHA2-128f-simple_run09,active,70.874218,5.39625,0.593258,3.201371,226.927634
SPHINCS+-SHA2-128f-simple_run09,active,70.886949,5.3975,0.593437,3.203077,226.968413
SPHINCS+-SHA2-128f-simple_run09,active,70.899689,5.3975,0.593616,3.204042,227.00923
SPHINCS+-SHA2-128f-simple_run09,active,70.912428,5.395,0.592007,3.193877,227.049917
SPHINCS+-SHA2-128f-simple_run09,active,70.925165,5.39625,0.593974,3.20523,227.090743
SPHINCS+-SHA2-128f-simple_run09,active,70.937901,5.3975,0.593437,3.203077,227.131537
SPHINCS+-SHA2-128f-simple_run09,active,70.950655,5.39625,0.592901,3.199441,227.172342
SPHINCS+-SHA2-128f-simple_run09,active,70.963439,5.39625,0.594152,3.206195,227.213331
SPHINCS+-SHA2-128f-simple_run09,active,70.976191,5.3975,0.593616,3.204042,227.254191
SPHINCS+-SHA2-128f-simple_run09,active,70.988936,5.3975,0.593258,3.202112,227.295001
SPHINCS+-SHA2-128f-simple_run09,active,71.001676,5.395,0.600947,3.242108,227.336304
SPHINCS+-SHA2-128f-simple_run09,active,71.014418,5.39625,0.593437,3.202335,227.37711
SPHINCS+-SHA2-128f-simple_run09,active,71.027153,5.39875,0.593437,3.203819,227.417908
SPHINCS+-SHA2-128f-simple_run09,active,71.03992,5.3975,0.593437,3.203077,227.458804
SPHINCS+-SHA2-128f-simple_run09,active,71.052658,5.395,0.590755,3.187124,227.499399
SPHINCS+-SHA2-128f-simple_run09,active,71.065394,5.39875,0.59308,3.201888,227.54018
SPHINCS+-SHA2-128f-simple_run09,active,71.078136,5.3975,0.593795,3.205007,227.581017
SPHINCS+-SHA2-128f-simple_run09,active,71.090874,5.3975,0.59594,3.216588,227.621991
SPHINCS+-SHA2-128f-simple_run09,active,71.103608,5.39875,0.599159,3.234709,227.663183
SPHINCS+-SHA2-128f-simple_run09,active,71.116343,5.39625,0.593795,3.204265,227.703988
SPHINCS+-SHA2-128f-simple_run09,active,71.129075,5.395,0.593795,3.203523,227.744776
SPHINCS+-SHA2-128f-simple_run09,active,71.141835,5.3975,0.593258,3.202112,227.785633
SPHINCS+-SHA2-128f-simple_run09,active,71.154572,5.3975,0.59594,3.216588,227.826605
SPHINCS+-SHA2-128f-simple_run09,active,71.167306,5.3975,0.593437,3.203077,227.867393
SPHINCS+-SHA2-128f-simple_run09,active,71.180049,5.395,0.594152,3.205452,227.908237
SPHINCS+-SHA2-128f-simple_run09,active,71.192785,5.3975,0.594331,3.207903,227.949093
SPHINCS+-SHA2-128f-simple_run09,active,71.205517,5.3975,0.593616,3.204042,227.98989
SPHINCS+-SHA2-128f-simple_run09,active,71.218253,5.3975,0.593795,3.205007,228.030708
SPHINCS+-SHA2-128f-simple_run09,active,71.230985,5.38375,0.594868,3.202618,228.071484
SPHINCS+-SHA2-128f-simple_run09,active,71.243718,5.37875,0.592722,3.188103,228.112078
SPHINCS+-SHA2-128f-simple_run09,active,71.25645,5.38375,0.593258,3.193955,228.152744
SPHINCS+-SHA2-128f-simple_run09,active,71.269187,5.38375,0.593437,3.194918,228.193436
SPHINCS+-SHA2-128f-simple_run09,active,71.281928,5.38625,0.592901,3.193512,228.234124
SPHINCS+-SHA2-128f-simple_run09,active,71.294666,5.3825,0.595046,3.202837,228.274923
SPHINCS+-SHA2-128f-simple_run09,active,71.307399,5.385,0.593795,3.197585,228.315639
SPHINCS+-SHA2-128f-simple_run09,active,71.320134,5.385,0.593258,3.194696,228.356322
SPHINCS+-SHA2-128f-simple_run09,active,71.332866,5.38,0.594152,3.19654,228.397022
SPHINCS+-SHA2-128f-simple_run09,active,71.345599,5.3975,0.593437,3.203077,228.437806
SPHINCS+-SHA2-128f-simple_run09,active,71.358332,5.3975,0.593616,3.204042,228.478601
SPHINCS+-SHA2-128f-simple_run09,active,71.371065,5.39625,0.59308,3.200406,228.519354
SPHINCS+-SHA2-128f-simple_run09,active,71.383805,5.3975,0.593258,3.202112,228.560148
SPHINCS+-SHA2-128f-simple_run09,active,71.396543,5.3975,0.593437,3.203077,228.60095
SPHINCS+-SHA2-128f-simple_run09,active,71.409278,5.3975,0.593437,3.203077,228.64174
SPHINCS+-SHA2-128f-simple_run09,active,71.422014,5.4025,0.591649,3.196385,228.682449
SPHINCS+-SHA2-128f-simple_run09,active,71.434748,5.39875,0.593437,3.203819,228.723248
SPHINCS+-SHA2-128f-simple_run09,active,71.447483,5.39625,0.593974,3.20523,228.764064
SPHINCS+-SHA2-128f-simple_run09,active,71.460218,5.39625,0.592901,3.199441,228.804811
SPHINCS+-SHA2-128f-simple_run09,active,71.472954,5.40375,0.589682,3.186496,228.845392
SPHINCS+-SHA2-128f-simple_run09,active,71.485694,5.3975,0.594331,3.207903,228.886263
SPHINCS+-SHA2-128f-simple_run09,active,71.498432,5.3925,0.593795,3.202038,228.927051
SPHINCS+-SHA2-128f-simple_run09,active,71.514139,5.39625,0.594331,3.20716,228.977424
SPHINCS+-SHA2-128f-simple_run09,active,71.526896,5.39625,0.593258,3.201371,229.018265
SPHINCS+-SHA2-128f-simple_run09,active,71.539632,5.3975,0.593437,3.203077,229.05906
SPHINCS+-SHA2-128f-simple_run09,active,71.552368,5.395,0.593437,3.201594,229.099833
SPHINCS+-SHA2-128f-simple_run09,active,71.5651,5.3975,0.593258,3.202112,229.140604
SPHINCS+-SHA2-128f-simple_run09,active,71.577833,5.39625,0.593437,3.202335,229.18138
SPHINCS+-SHA2-128f-simple_run09,active,71.590574,5.39875,0.592722,3.199958,229.22215
SPHINCS+-SHA2-128f-simple_run09,active,71.603313,5.39875,0.594152,3.20768,229.263011
SPHINCS+-SHA2-128f-simple_run09,active,71.616048,5.3975,0.593437,3.203077,229.303805
SPHINCS+-SHA2-128f-simple_run09,active,71.628781,5.39875,0.593437,3.203819,229.344597
SPHINCS+-SHA2-128f-simple_run09,active,71.641512,5.39375,0.593616,3.201816,229.385361
SPHINCS+-SHA2-128f-simple_run09,active,71.654244,5.39625,0.593437,3.202335,229.426134
SPHINCS+-SHA2-128f-simple_run09,active,71.666976,5.39625,0.593258,3.201371,229.466892
SPHINCS+-SHA2-128f-simple_run09,active,71.679707,5.39625,0.594152,3.206195,229.507711
SPHINCS+-SHA2-128f-simple_run09,active,71.692446,5.39375,0.592543,3.19603,229.548425
SPHINCS+-SHA2-128f-simple_run09,active,71.705184,5.3975,0.593616,3.204042,229.589236
SPHINCS+-SHA2-128f-simple_run09,active,71.717918,5.3975,0.593795,3.205007,229.630048
SPHINCS+-SHA2-128f-simple_run09,active,71.73065,5.3975,0.594152,3.206938,229.67088
SPHINCS+-SHA2-128f-simple_run09,active,71.743382,5.405,0.588788,3.182401,229.711398
SPHINCS+-SHA2-128f-simple_run09,active,71.756117,5.39625,0.593795,3.204265,229.752205
SPHINCS+-SHA2-128f-simple_run09,active,71.768848,5.39625,0.593437,3.202335,229.792974
SPHINCS+-SHA2-128f-simple_run09,active,71.78158,5.39875,0.595225,3.213472,229.833888
SPHINCS+-SHA2-128f-simple_run09,active,71.79432,5.39625,0.589861,3.183039,229.87444
SPHINCS+-SHA2-128f-simple_run09,active,71.807057,5.39625,0.593437,3.202335,229.915229
SPHINCS+-SHA2-128f-simple_run09,active,71.81979,5.3975,0.593437,3.203077,229.956013
SPHINCS+-SHA2-128f-simple_run09,active,71.832525,5.39625,0.594152,3.206195,229.996845
SPHINCS+-SHA2-128f-simple_run09,active,71.845258,5.39625,0.592901,3.199441,230.037581
SPHINCS+-SHA2-128f-simple_run09,active,71.85799,5.3975,0.593258,3.202112,230.078353
SPHINCS+-SHA2-128f-simple_run09,active,71.870722,5.39625,0.593974,3.20523,230.11916
SPHINCS+-SHA2-128f-simple_run09,active,71.883454,5.39625,0.593258,3.201371,230.159922
SPHINCS+-SHA2-128f-simple_run09,active,71.896193,5.39625,0.593258,3.201371,230.200702
SPHINCS+-SHA2-128f-simple_run09,active,71.908932,5.39875,0.593616,3.204784,230.241528
SPHINCS+-SHA2-128f-simple_run09,active,71.921664,5.3975,0.593795,3.205007,230.282336
SPHINCS+-SHA2-128f-simple_run09,active,71.9344,5.39625,0.595583,3.213914,230.323268
SPHINCS+-SHA2-128f-simple_run09,active,71.947142,5.3975,0.593437,3.203077,230.364082
SPHINCS+-SHA2-128f-simple_run09,active,71.959971,5.39625,0.593437,3.202335,230.405163
SPHINCS+-SHA2-128f-simple_run09,active,71.972716,5.39125,0.592543,3.194549,230.445879
SPHINCS+-SHA2-128f-simple_run09,active,71.985453,5.3975,0.594689,3.209833,230.486763
SPHINCS+-SHA2-128f-simple_run09,active,71.9982,5.39875,0.593437,3.203819,230.5276
SPHINCS+-SHA2-128f-simple_run09,active,72.010938,5.3975,0.593437,3.203077,230.568401
SPHINCS+-SHA2-128f-simple_run09,active,72.023673,5.39625,0.593258,3.201371,230.609172
SPHINCS+-SHA2-128f-simple_run09,active,72.036421,5.39625,0.593616,3.2033,230.650006
SPHINCS+-SHA2-128f-simple_run09,active,72.049154,5.3975,0.593616,3.204042,230.690805
SPHINCS+-SHA2-128f-simple_run09,active,72.061889,5.39375,0.593616,3.201816,230.731579
SPHINCS+-SHA2-128f-simple_run09,active,72.074625,5.39625,0.595404,3.212949,230.772498
SPHINCS+-SHA2-128f-simple_run09,active,72.08736,5.3975,0.593437,3.203077,230.813291
SPHINCS+-SHA2-128f-simple_run09,active,72.100104,5.3975,0.592901,3.200182,230.854072
SPHINCS+-SHA2-128f-simple_run09,active,72.112842,5.4,0.596119,3.219044,230.895076
SPHINCS+-SHA2-128f-simple_run09,active,72.125574,5.39625,0.593258,3.201371,230.935836
SPHINCS+-SHA2-128f-simple_run09,active,72.138308,5.3975,0.593437,3.203077,230.976626
SPHINCS+-SHA2-128f-simple_run09,active,72.151042,5.3825,0.593437,3.194176,231.0173
SPHINCS+-SHA2-128f-simple_run09,active,72.163776,5.38375,0.59594,3.208394,231.058155
SPHINCS+-SHA2-128f-simple_run09,active,72.17651,5.38125,0.593437,3.193434,231.098821
SPHINCS+-SHA2-128f-simple_run09,active,72.189247,5.38375,0.593437,3.194918,231.139514
SPHINCS+-SHA2-128f-simple_run09,active,72.201989,5.385,0.592364,3.189882,231.18016
SPHINCS+-SHA2-128f-simple_run09,active,72.214727,5.385,0.588788,3.170626,231.220548
SPHINCS+-SHA2-128f-simple_run09,active,72.227462,5.385,0.59594,3.209139,231.261414
SPHINCS+-SHA2-128f-simple_run09,active,72.240197,5.385,0.593795,3.197585,231.302136
SPHINCS+-SHA2-128f-simple_run09,active,72.252929,5.39625,0.59147,3.191722,231.342775
SPHINCS+-SHA2-128f-simple_run09,active,72.265663,5.39875,0.593437,3.203819,231.383571
SPHINCS+-SHA2-128f-simple_run09,active,72.278396,5.3975,0.593258,3.202112,231.424344
SPHINCS+-SHA2-128f-simple_run09,active,72.291129,5.39625,0.593974,3.20523,231.465154
SPHINCS+-SHA2-128f-simple_run09,active,72.303875,5.3975,0.59594,3.216588,231.506155
SPHINCS+-SHA2-128f-simple_run09,active,72.31665,5.39625,0.593616,3.2033,231.547077
SPHINCS+-SHA2-128f-simple_run09,active,72.329389,5.39625,0.593437,3.202335,231.58787
SPHINCS+-SHA2-128f-simple_run09,active,72.342127,5.39625,0.593258,3.201371,231.628649
SPHINCS+-SHA2-128f-simple_run09,active,72.35486,5.39875,0.593795,3.20575,231.66947
SPHINCS+-SHA2-128f-simple_run09,active,72.367595,5.39625,0.593616,3.2033,231.710265
SPHINCS+-SHA2-128f-simple_run09,active,72.38033,5.3975,0.593437,3.203077,231.751055
SPHINCS+-SHA2-128f-simple_run09,active,72.393064,5.395,0.593437,3.201594,231.791822
SPHINCS+-SHA2-128f-simple_run09,active,72.405844,5.39625,0.59308,3.200406,231.832725
SPHINCS+-SHA2-128f-simple_run09,active,72.418584,5.3975,0.593258,3.202112,231.87352
SPHINCS+-SHA2-128f-simple_run09,active,72.431318,5.39625,0.593258,3.201371,231.914286
SPHINCS+-SHA2-128f-simple_run09,active,72.444053,5.39625,0.593437,3.202335,231.955069
SPHINCS+-SHA2-128f-simple_run09,active,72.456787,5.395,0.593616,3.202558,231.99585
SPHINCS+-SHA2-128f-simple_run09,active,72.469542,5.39375,0.593437,3.200852,232.036677
SPHINCS+-SHA2-128f-simple_run09,active,72.482299,5.40125,0.593258,3.204337,232.077554
SPHINCS+-SHA2-128f-simple_run09,active,72.495032,5.4025,0.594331,3.210874,232.118436
SPHINCS+-SHA2-128f-simple_run09,active,72.50778,5.39875,0.593795,3.20575,232.159304
SPHINCS+-SHA2-128f-simple_run09,active,72.520521,5.3975,0.594331,3.207903,232.200176
SPHINCS+-SHA2-128f-simple_run09,active,72.533256,5.395,0.594152,3.205452,232.240997
SPHINCS+-SHA2-128f-simple_run09,active,72.545991,5.3975,0.594331,3.207903,232.281849
SPHINCS+-SHA2-128f-simple_run09,active,72.558723,5.39875,0.59308,3.201888,232.322617
SPHINCS+-SHA2-128f-simple_run09,active,72.571457,5.3975,0.592722,3.199217,232.363356
SPHINCS+-SHA2-128f-simple_run09,active,72.584191,5.3975,0.592543,3.198252,232.404084
SPHINCS+-SHA2-128f-simple_run09,active,72.596926,5.3975,0.592901,3.200182,232.444836
SPHINCS+-SHA2-128f-simple_run09,active,72.609667,5.3975,0.593258,3.202112,232.485635
SPHINCS+-SHA2-128f-simple_run09,active,72.622405,5.39625,0.593974,3.20523,232.526463
SPHINCS+-SHA2-128f-simple_run09,active,72.635138,5.39625,0.595225,3.211984,232.567362
SPHINCS+-SHA2-128f-simple_run09,active,72.647872,5.3975,0.592901,3.200182,232.608112
SPHINCS+-SHA2-128f-simple_run09,active,72.660608,5.3975,0.593437,3.203077,232.648906
SPHINCS+-SHA2-128f-simple_run09,active,72.67334,5.39125,0.590219,3.182017,232.689421
SPHINCS+-SHA2-128f-simple_run09,active,72.686073,5.39375,0.593258,3.199887,232.730165
SPHINCS+-SHA2-128f-simple_run09,active,72.698809,5.39875,0.593258,3.202854,232.770954
SPHINCS+-SHA2-128f-simple_run09,active,72.711547,5.3975,0.593258,3.202112,232.811743
SPHINCS+-SHA2-128f-simple_run09,active,72.724286,5.3975,0.592186,3.196322,232.852461
SPHINCS+-SHA2-128f-simple_run09,active,72.737019,5.39625,0.593974,3.20523,232.893275
SPHINCS+-SHA2-128f-simple_run09,active,72.749751,5.39625,0.593795,3.204265,232.934073
SPHINCS+-SHA2-128f-simple_run09,active,72.762488,5.39625,0.591649,3.192687,232.974736
SPHINCS+-SHA2-128f-simple_run09,active,72.775222,5.3975,0.594152,3.206938,233.015573
SPHINCS+-SHA2-128f-simple_run09,active,72.790841,5.3975,0.593258,3.202112,233.065588
SPHINCS+-SHA2-128f-simple_run09,active,72.803591,5.3975,0.591649,3.193427,233.106305
SPHINCS+-SHA2-128f-simple_run09,active,72.816336,5.39875,0.59308,3.201888,233.147112
SPHINCS+-SHA2-128f-simple_run09,active,72.829075,5.3975,0.593258,3.202112,233.187902
SPHINCS+-SHA2-128f-simple_run09,active,72.841834,5.39625,0.593258,3.201371,233.228748
SPHINCS+-SHA2-128f-simple_run09,active,72.854568,5.40625,0.596477,3.224703,233.269813
SPHINCS+-SHA2-128f-simple_run09,active,72.867303,5.39625,0.59308,3.200406,233.310569
SPHINCS+-SHA2-128f-simple_run09,active,72.880038,5.3975,0.593258,3.202112,233.351349
SPHINCS+-SHA2-128f-simple_run09,active,72.89277,5.3975,0.588431,3.176055,233.391788
SPHINCS+-SHA2-128f-simple_run09,active,72.90551,5.3975,0.593795,3.205007,233.43262
SPHINCS+-SHA2-128f-simple_run09,active,72.918252,5.39375,0.593437,3.200852,233.473405
SPHINCS+-SHA2-128f-simple_run09,active,72.93099,5.395,0.592901,3.1987,233.514148
SPHINCS+-SHA2-128f-simple_run09,active,72.943723,5.39875,0.589325,3.181617,233.554659
SPHINCS+-SHA2-128f-simple_run09,active,72.956477,5.3875,0.593437,3.197143,233.595437
SPHINCS+-SHA2-128f-simple_run09,active,72.969285,5.3925,0.59308,3.198182,233.636399
SPHINCS+-SHA2-128f-simple_run09,active,72.982029,5.39875,0.594689,3.210576,233.677315
SPHINCS+-SHA2-128f-simple_run09,active,72.994767,5.3975,0.599516,3.23589,233.718532
SPHINCS+-SHA2-128f-simple_run09,active,73.007504,5.3975,0.593258,3.202112,233.759318
SPHINCS+-SHA2-128f-simple_run09,active,73.02025,5.39625,0.594152,3.206195,233.800186
SPHINCS+-SHA2-128f-simple_run09,active,73.032991,5.3975,0.593258,3.202112,233.840984
SPHINCS+-SHA2-128f-simple_run09,active,73.045727,5.3975,0.592901,3.200182,233.88174
SPHINCS+-SHA2-128f-simple_run09,active,73.058471,5.39875,0.59308,3.201888,233.922544
SPHINCS+-SHA2-128f-simple_run09,active,73.071206,5.3975,0.593258,3.202112,233.963324
SPHINCS+-SHA2-128f-simple_run09,active,73.083945,5.3925,0.589861,3.180827,234.003845
SPHINCS+-SHA2-128f-simple_run09,active,73.096682,5.39875,0.592901,3.200923,234.044615
SPHINCS+-SHA2-128f-simple_run09,active,73.10942,5.39625,0.592901,3.199441,234.085368
SPHINCS+-SHA2-128f-simple_run09,active,73.122162,5.39625,0.593258,3.201371,234.126162
SPHINCS+-SHA2-128f-simple_run09,active,73.134903,5.3925,0.593616,3.201074,234.166945
SPHINCS+-SHA2-128f-simple_run09,active,73.147639,5.3975,0.593437,3.203077,234.20774
SPHINCS+-SHA2-128f-simple_run09,active,73.160376,5.3975,0.593258,3.202112,234.248525
SPHINCS+-SHA2-128f-simple_run09,active,73.173107,5.40375,0.592901,3.203888,234.289316
SPHINCS+-SHA2-128f-simple_run09,active,73.185843,5.39375,0.593258,3.199887,234.330068
SPHINCS+-SHA2-128f-simple_run09,active,73.198577,5.3975,0.593437,3.203077,234.370856
SPHINCS+-SHA2-128f-simple_run09,active,73.211313,5.3975,0.593616,3.204042,234.411662
SPHINCS+-SHA2-128f-simple_run09,active,73.224056,5.39125,0.592543,3.194549,234.45237
SPHINCS+-SHA2-128f-simple_run09,active,73.236793,5.39875,0.592543,3.198993,234.493118
SPHINCS+-SHA2-128f-simple_run09,active,73.249528,5.395,0.593437,3.201594,234.533888
SPHINCS+-SHA2-128f-simple_run09,active,73.262261,5.39875,0.593795,3.20575,234.574709
SPHINCS+-SHA2-128f-simple_run09,active,73.274995,5.405,0.596119,3.222024,234.615737
SPHINCS+-SHA2-128f-simple_run09,active,73.287729,5.3975,0.594331,3.207903,234.656585
SPHINCS+-SHA2-128f-simple_run09,active,73.300462,5.3975,0.593258,3.202112,234.697359
SPHINCS+-SHA2-128f-simple_run09,active,73.313236,5.3975,0.589146,3.179916,234.73798
SPHINCS+-SHA2-128f-simple_run09,active,73.325981,5.3975,0.591649,3.193427,234.778679
SPHINCS+-SHA2-128f-simple_run09,active,73.338719,5.39625,0.591649,3.192687,234.819347
SPHINCS+-SHA2-128f-simple_run09,active,73.351452,5.39625,0.591292,3.190757,234.859976
SPHINCS+-SHA2-128f-simple_run09,active,73.364186,5.39875,0.593437,3.203819,234.900774
SPHINCS+-SHA2-128f-simple_run09,active,73.376921,5.3975,0.592364,3.197287,234.941489
SPHINCS+-SHA2-128f-simple_run09,active,73.389654,5.39625,0.592901,3.199441,234.982229
SPHINCS+-SHA2-128f-simple_run09,active,73.402387,5.39625,0.592543,3.197511,235.022943
SPHINCS+-SHA2-128f-simple_run09,active,73.41512,5.39625,0.599516,3.23514,235.064135
SPHINCS+-SHA2-128f-simple_run09,active,73.427861,5.39375,0.593437,3.200852,235.104917
SPHINCS+-SHA2-128f-simple_run09,active,73.440601,5.4025,0.592901,3.203147,235.145725
SPHINCS+-SHA2-128f-simple_run09,active,73.453333,5.39375,0.593258,3.199887,235.186468
SPHINCS+-SHA2-128f-simple_run09,active,73.466069,5.3975,0.593258,3.202112,235.227248
SPHINCS+-SHA2-128f-simple_run09,active,73.479081,5.39625,0.593437,3.202335,235.268918
SPHINCS+-SHA2-128f-simple_run09,active,73.49186,5.40125,0.591649,3.195645,235.309756
SPHINCS+-SHA2-128f-simple_run09,active,73.504608,5.39375,0.593795,3.202781,235.350584
SPHINCS+-SHA2-128f-simple_run09,active,73.517352,5.39625,0.59308,3.200406,235.391371
SPHINCS+-SHA2-128f-simple_run09,active,73.530104,5.3975,0.593258,3.202112,235.432202
SPHINCS+-SHA2-128f-simple_run09,active,73.542846,5.39625,0.596298,3.217773,235.473203
SPHINCS+-SHA2-128f-simple_run09,active,73.555582,5.39875,0.593258,3.202854,235.513997
SPHINCS+-SHA2-128f-simple_run09,active,73.568317,5.3975,0.594331,3.207903,235.554848
SPHINCS+-SHA2-128f-simple_run09,active,73.581064,5.39625,0.594331,3.20716,235.59573
SPHINCS+-SHA2-128f-simple_run09,active,73.593822,5.395,0.590576,3.18616,235.63638
SPHINCS+-SHA2-128f-simple_run09,active,73.606561,5.39625,0.598265,3.228386,235.677505
SPHINCS+-SHA2-128f-simple_run09,active,73.619299,5.39625,0.593437,3.202335,235.718296
SPHINCS+-SHA2-128f-simple_run09,active,73.632044,5.39625,0.59308,3.200406,235.759087
SPHINCS+-SHA2-128f-simple_run09,active,73.644781,5.4025,0.59308,3.204113,235.799898
SPHINCS+-SHA2-128f-simple_run09,active,73.657515,5.39625,0.593258,3.201371,235.840663
SPHINCS+-SHA2-128f-simple_run09,active,73.670249,5.39875,0.593437,3.203819,235.881461
SPHINCS+-SHA2-128f-simple_run09,active,73.682982,5.4,0.592901,3.201664,235.922228
SPHINCS+-SHA2-128f-simple_run09,active,73.695715,5.395,0.592543,3.196771,235.962931
SPHINCS+-SHA2-128f-simple_run09,active,73.708449,5.395,0.59308,3.199664,236.003675
SPHINCS+-SHA2-128f-simple_run09,active,73.721183,5.39625,0.59308,3.200406,236.044432
SPHINCS+-SHA2-128f-simple_run09,active,73.733922,5.4,0.594152,3.208423,236.085303
SPHINCS+-SHA2-128f-simple_run09,active,73.746659,5.39625,0.592543,3.197511,236.12603
SPHINCS+-SHA2-128f-simple_run09,active,73.759391,5.39625,0.593258,3.201371,236.16679
SPHINCS+-SHA2-128f-simple_run09,active,73.772129,5.39625,0.593437,3.202335,236.207579
SPHINCS+-SHA2-128f-simple_run09,active,73.784859,5.395,0.592364,3.195806,236.248264
SPHINCS+-SHA2-128f-simple_run09,active,73.797592,5.3975,0.59308,3.201147,236.289022
SPHINCS+-SHA2-128f-simple_run09,active,73.810324,5.3975,0.594152,3.206938,236.329855
SPHINCS+-SHA2-128f-simple_run09,active,73.823058,5.39875,0.594331,3.208646,236.370712
SPHINCS+-SHA2-128f-simple_run09,active,73.835799,5.39625,0.597728,3.225492,236.411809
SPHINCS+-SHA2-128f-simple_run09,active,73.848538,5.39625,0.594152,3.206195,236.452654
SPHINCS+-SHA2-128f-simple_run09,active,73.861272,5.3975,0.593258,3.202112,236.493429
SPHINCS+-SHA2-128f-simple_run09,active,73.874005,5.39625,0.593795,3.204265,236.534229
SPHINCS+-SHA2-128f-simple_run09,active,73.886739,5.395,0.593437,3.201594,236.574998
SPHINCS+-SHA2-128f-simple_run09,active,73.899471,5.3975,0.593258,3.202112,236.615767
SPHINCS+-SHA2-128f-simple_run09,active,73.912206,5.39625,0.593258,3.201371,236.656537
SPHINCS+-SHA2-128f-simple_run09,active,73.924944,5.39625,0.594152,3.206195,236.697376
SPHINCS+-SHA2-128f-simple_run09,active,73.937684,5.39625,0.592901,3.199441,236.738136
SPHINCS+-SHA2-128f-simple_run09,active,73.950441,5.395,0.592722,3.197735,236.778931
SPHINCS+-SHA2-128f-simple_run09,active,73.96322,5.3975,0.592007,3.195357,236.819766
SPHINCS+-SHA2-128f-simple_run09,active,73.975963,5.3975,0.593437,3.203077,236.86058
SPHINCS+-SHA2-128f-simple_run09,active,73.988703,5.3975,0.592543,3.198252,236.901326
SPHINCS+-SHA2-128f-simple_run09,active,74.001437,5.3975,0.592722,3.199217,236.942066
SPHINCS+-SHA2-128f-simple_run09,active,74.014174,5.395,0.588073,3.172655,236.982474
SPHINCS+-SHA2-128f-simple_run09,active,74.026907,5.39625,0.59308,3.200406,237.023228
SPHINCS+-SHA2-128f-simple_run09,active,74.039651,5.39625,0.593437,3.202335,237.064036
SPHINCS+-SHA2-128f-simple_run09,active,74.052394,5.3975,0.592901,3.200182,237.104817
SPHINCS+-SHA2-128f-simple_run09,active,74.068109,5.39625,0.593258,3.201371,237.155126
SPHINCS+-SHA2-128f-simple_run09,active,74.080864,5.3975,0.59308,3.201147,237.195957
SPHINCS+-SHA2-128f-simple_run09,active,74.093603,5.39875,0.590219,3.186444,237.23655
SPHINCS+-SHA2-128f-simple_run09,active,74.106338,5.3975,0.59308,3.201147,237.277315
SPHINCS+-SHA2-128f-simple_run09,active,74.11907,5.3975,0.592901,3.200182,237.31806
SPHINCS+-SHA2-128f-simple_run09,active,74.131803,5.395,0.593616,3.202558,237.35884
SPHINCS+-SHA2-128f-simple_run09,active,74.144545,5.3925,0.593258,3.199146,237.399602
SPHINCS+-SHA2-128f-simple_run09,active,74.157282,5.3975,0.59308,3.201147,237.440375
SPHINCS+-SHA2-128f-simple_run09,active,74.170015,5.3975,0.593795,3.205007,237.481184
SPHINCS+-SHA2-128f-simple_run09,active,74.182747,5.39625,0.59147,3.191722,237.521822
SPHINCS+-SHA2-128f-simple_run09,active,74.195477,5.3975,0.605059,3.265807,237.563394
SPHINCS+-SHA2-128f-simple_run09,active,74.20821,5.39625,0.593258,3.201371,237.604157
SPHINCS+-SHA2-128f-simple_run09,active,74.220941,5.3975,0.593258,3.202112,237.644923
SPHINCS+-SHA2-128f-simple_run09,active,74.233671,5.3975,0.596298,3.218518,237.685897
SPHINCS+-SHA2-128f-simple_run09,active,74.246409,5.3975,0.594331,3.207903,237.72676
SPHINCS+-SHA2-128f-simple_run09,active,74.259145,5.3975,0.592543,3.198252,237.767492
SPHINCS+-SHA2-128f-simple_run09,active,74.27188,5.3975,0.594152,3.206938,237.808331
SPHINCS+-SHA2-128f-simple_run09,active,74.284617,5.395,0.587894,3.17169,237.848729
SPHINCS+-SHA2-128f-simple_run09,active,74.297347,5.3975,0.593258,3.202112,237.889494
SPHINCS+-SHA2-128f-simple_run09,active,74.31008,5.39625,0.598801,3.231281,237.930635
SPHINCS+-SHA2-128f-simple_run09,active,74.322812,5.3975,0.593258,3.202112,237.971405
SPHINCS+-SHA2-128f-simple_run09,active,74.335542,5.40125,0.592722,3.20144,238.012161
SPHINCS+-SHA2-128f-simple_run09,active,74.348282,5.39625,0.593437,3.202335,238.052957
SPHINCS+-SHA2-128f-simple_run09,active,74.361016,5.39625,0.593258,3.201371,238.093724
SPHINCS+-SHA2-128f-simple_run09,active,74.373749,5.4,0.592901,3.201664,238.134492
SPHINCS+-SHA2-128f-simple_run09,active,74.386487,5.3975,0.593437,3.203077,238.175292
SPHINCS+-SHA2-128f-simple_run09,active,74.399227,5.38375,0.591649,3.185291,238.215872
SPHINCS+-SHA2-128f-simple_run09,active,74.411973,5.39875,0.591113,3.19127,238.256548
SPHINCS+-SHA2-128f-simple_run09,active,74.424705,5.40375,0.590755,3.192293,238.297193
SPHINCS+-SHA2-128f-simple_run09,active,74.437438,5.3975,0.593258,3.202112,238.337965
SPHINCS+-SHA2-128f-simple_run09,active,74.450179,5.3975,0.593258,3.202112,238.378763
SPHINCS+-SHA2-128f-simple_run09,active,74.462916,5.39625,0.592901,3.199441,238.419514
SPHINCS+-SHA2-128f-simple_run09,active,74.475647,5.39875,0.594152,3.20768,238.460352
SPHINCS+-SHA2-128f-simple_run09,active,74.488384,5.3975,0.593437,3.203077,238.501149
SPHINCS+-SHA2-128f-simple_run09,active,74.501116,5.3975,0.593258,3.202112,238.541918
SPHINCS+-SHA2-128f-simple_run09,active,74.513847,5.4,0.59308,3.20263,238.582692
SPHINCS+-SHA2-128f-simple_run09,active,74.526581,5.3975,0.59308,3.201147,238.623454
SPHINCS+-SHA2-128f-simple_run09,active,74.539313,5.39625,0.593258,3.201371,238.664213
SPHINCS+-SHA2-128f-simple_run09,active,74.552054,5.39625,0.592722,3.198476,238.704966
SPHINCS+-SHA2-128f-simple_run09,active,74.564788,5.395,0.596119,3.216063,238.74592
SPHINCS+-SHA2-128f-simple_run09,active,74.57752,5.3975,0.59308,3.201147,238.786676
SPHINCS+-SHA2-128f-simple_run09,active,74.590254,5.3975,0.592722,3.199217,238.827415
SPHINCS+-SHA2-128f-simple_run09,active,74.602986,5.39625,0.590755,3.187863,238.868004
SPHINCS+-SHA2-128f-simple_run09,active,74.615717,5.3975,0.597371,3.224309,238.909053
SPHINCS+-SHA2-128f-simple_run09,active,74.628451,5.39625,0.592901,3.199441,238.949792
SPHINCS+-SHA2-128f-simple_run09,active,74.641185,5.395,0.593258,3.200629,238.990549
SPHINCS+-SHA2-128f-simple_run09,active,74.653926,5.3975,0.597013,3.222379,239.031605
SPHINCS+-SHA2-128f-simple_run09,active,74.666663,5.39625,0.593616,3.2033,239.072408
SPHINCS+-SHA2-128f-simple_run09,active,74.679396,5.39625,0.593437,3.202335,239.113182
SPHINCS+-SHA2-128f-simple_run09,active,74.692128,5.395,0.592901,3.1987,239.153909
SPHINCS+-SHA2-128f-simple_run09,active,74.70486,5.39375,0.589504,3.179635,239.194392
SPHINCS+-SHA2-128f-simple_run09,active,74.717591,5.39,0.592543,3.193808,239.235052
SPHINCS+-SHA2-128f-simple_run09,active,74.730323,5.39875,0.593437,3.203819,239.275841
SPHINCS+-SHA2-128f-simple_run09,active,74.743056,5.3975,0.592543,3.198252,239.316567
SPHINCS+-SHA2-128f-simple_run09,active,74.755793,5.3975,0.59308,3.201147,239.357339
SPHINCS+-SHA2-128f-simple_run09,active,74.768529,5.39625,0.593437,3.202335,239.398122
SPHINCS+-SHA2-128f-simple_run09,active,74.78126,5.395,0.593437,3.201594,239.438882
SPHINCS+-SHA2-128f-simple_run09,active,74.793991,5.40125,0.592901,3.202405,239.479655
SPHINCS+-SHA2-128f-simple_run09,active,74.806722,5.38375,0.593974,3.197805,239.520366
SPHINCS+-SHA2-128f-simple_run09,active,74.819455,5.3975,0.593437,3.203077,239.56115
SPHINCS+-SHA2-128f-simple_run09,active,74.832188,5.39625,0.593795,3.204265,239.60195
SPHINCS+-SHA2-128f-simple_run09,active,74.844921,5.40125,0.594689,3.212063,239.642847
SPHINCS+-SHA2-128f-simple_run09,active,74.857658,5.39625,0.593437,3.202335,239.683637
SPHINCS+-SHA2-128f-simple_run09,active,74.870392,5.395,0.594152,3.205452,239.724455
SPHINCS+-SHA2-128f-simple_run09,active,74.883123,5.39625,0.593795,3.204265,239.765249
SPHINCS+-SHA2-128f-simple_run09,active,74.895856,5.39375,0.593258,3.199887,239.805993
SPHINCS+-SHA2-128f-simple_run09,active,74.90859,5.38375,0.593795,3.196843,239.846703
SPHINCS+-SHA2-128f-simple_run09,active,74.921327,5.39875,0.593616,3.204784,239.88752
SPHINCS+-SHA2-128f-simple_run09,active,74.934062,5.38375,0.593258,3.193955,239.928195
SPHINCS+-SHA2-128f-simple_run09,active,74.946803,5.39375,0.592901,3.197959,239.968942
SPHINCS+-SHA2-128f-simple_run09,active,74.959608,5.3975,0.593258,3.202112,240.009942
SPHINCS+-SHA2-128f-simple_run09,active,74.972357,5.3975,0.59308,3.201147,240.050756
SPHINCS+-SHA2-128f-simple_run09,active,74.985097,5.39625,0.589682,3.182074,240.091294
SPHINCS+-SHA2-128f-simple_run09,active,74.997832,5.39875,0.593974,3.206715,240.132132
SPHINCS+-SHA2-128f-simple_run09,active,75.010587,5.385,0.594331,3.200474,240.172955
SPHINCS+-SHA2-128f-simple_run09,active,75.023324,5.39625,0.593437,3.202335,240.213744
SPHINCS+-SHA2-128f-simple_run09,active,75.036063,5.3975,0.595225,3.212728,240.254671
SPHINCS+-SHA2-128f-simple_run09,active,75.0488,5.3975,0.593437,3.203077,240.295467
SPHINCS+-SHA2-128f-simple_run09,active,75.061542,5.3975,0.59308,3.201147,240.336257
SPHINCS+-SHA2-128f-simple_run09,active,75.074284,5.3975,0.591113,3.190531,240.376909
SPHINCS+-SHA2-128f-simple_run09,active,75.08702,5.39625,0.593437,3.202335,240.417693
SPHINCS+-SHA2-128f-simple_run09,active,75.099756,5.39625,0.594331,3.20716,240.458542
SPHINCS+-SHA2-128f-simple_run09,active,75.112497,5.385,0.593258,3.194696,240.499246
SPHINCS+-SHA2-128f-simple_run09,active,75.125265,5.39625,0.595225,3.211984,240.540255
SPHINCS+-SHA2-128f-simple_run09,active,75.138003,5.39625,0.594331,3.20716,240.581109
SPHINCS+-SHA2-128f-simple_run09,active,75.150737,5.3975,0.593258,3.202112,240.621884
SPHINCS+-SHA2-128f-simple_run09,active,75.163479,5.3975,0.594689,3.209833,240.662783
SPHINCS+-SHA2-128f-simple_run09,active,75.176219,5.39875,0.593437,3.203819,240.703599
SPHINCS+-SHA2-128f-simple_run09,active,75.188952,5.3975,0.593258,3.202112,240.744373
SPHINCS+-SHA2-128f-simple_run09,active,75.201686,5.39625,0.593437,3.202335,240.78515
SPHINCS+-SHA2-128f-simple_run09,active,75.214419,5.39125,0.592901,3.196476,240.825853
SPHINCS+-SHA2-128f-simple_run09,active,75.227153,5.39625,0.593795,3.204265,240.866654
SPHINCS+-SHA2-128f-simple_run09,active,75.239918,5.39875,0.592364,3.198027,240.907479
SPHINCS+-SHA2-128f-simple_run09,active,75.252659,5.3975,0.593616,3.204042,240.948301
SPHINCS+-SHA2-128f-simple_run09,active,75.265399,5.3925,0.593258,3.199146,240.989058
SPHINCS+-SHA2-128f-simple_run09,active,75.278138,5.39625,0.59308,3.200406,241.029828
SPHINCS+-SHA2-128f-simple_run09,active,75.290873,5.395,0.593258,3.200629,241.070586
SPHINCS+-SHA2-128f-simple_run09,active,75.303606,5.39875,0.593258,3.202854,241.11137
SPHINCS+-SHA2-128f-simple_run09,active,75.316341,5.39625,0.592722,3.198476,241.152101
SPHINCS+-SHA2-128f-simple_run09,active,75.329074,5.39875,0.593258,3.202854,241.192883
SPHINCS+-SHA2-128f-simple_run09,active,75.344739,5.39875,0.592543,3.198993,241.242997
SPHINCS+-SHA2-128f-simple_run09,active,75.357496,5.395,0.593258,3.200629,241.283826
SPHINCS+-SHA2-128f-simple_run09,active,75.37024,5.3975,0.594331,3.207903,241.324708
SPHINCS+-SHA2-128f-simple_run09,idle_post,75.383081,5.3975,0.438239,2.365394,241.324744
SPHINCS+-SHA2-128f-simple_run09,idle_post,75.395843,5.3975,0.440027,2.375045,241.355054
SPHINCS+-SHA2-128f-simple_run09,idle_post,75.408581,5.39625,0.437345,2.360022,241.385114
SPHINCS+-SHA2-128f-simple_run09,idle_post,75.421312,5.39625,0.436987,2.358092,241.415136
SPHINCS+-SHA2-128f-simple_run09,idle_post,75.434046,5.39875,0.440921,2.380421,241.445448
SPHINCS+-SHA2-128f-simple_run09,idle_post,75.44678,5.39875,0.439312,2.371734,241.475651
SPHINCS+-SHA2-128f-simple_run09,idle_post,75.459513,5.3975,0.438239,2.365394,241.50577
SPHINCS+-SHA2-128f-simple_run09,idle_post,75.472254,5.39625,0.438954,2.368706,241.535948
SPHINCS+-SHA2-128f-simple_run09,idle_post,75.484989,5.3925,0.438239,2.363203,241.566045
SPHINCS+-SHA2-128f-simple_run09,idle_post,75.49772,5.39625,0.438775,2.367741,241.596187
SPHINCS+-SHA2-128f-simple_run09,idle_post,75.510448,5.3975,0.438954,2.369254,241.626344
SPHINCS+-SHA2-128f-simple_run09,idle_post,75.523177,5.385,0.439133,2.36473,241.656445
SPHINCS+-SHA2-128f-simple_run09,idle_post,75.535945,5.39375,0.439312,2.369537,241.686699
SPHINCS+-SHA2-128f-simple_run09,idle_post,75.548678,5.3975,0.438954,2.369254,241.716867
SPHINCS+-SHA2-128f-simple_run09,idle_post,75.561408,5.39625,0.438775,2.367741,241.747006
SPHINCS+-SHA2-128f-simple_run09,idle_post,75.574144,5.39875,0.438418,2.366907,241.777152
SPHINCS+-SHA2-128f-simple_run09,idle_post,75.586879,5.39625,0.438775,2.367741,241.807305
SPHINCS+-SHA2-128f-simple_run09,idle_post,75.599607,5.3975,0.439848,2.37408,241.837523
SPHINCS+-SHA2-128f-simple_run09,idle_post,75.612338,5.395,0.439312,2.370086,241.867696
SPHINCS+-SHA2-128f-simple_run09,idle_post,75.625067,5.38375,0.438596,2.361293,241.897753
SPHINCS+-SHA2-128f-simple_run09,idle_post,75.637796,5.3925,0.439669,2.370916,241.927933
SPHINCS+-SHA2-128f-simple_run09,idle_post,75.65055,5.39625,0.438775,2.367741,241.958132
SPHINCS+-SHA2-128f-simple_run09,idle_post,75.663281,5.39625,0.438775,2.367741,241.988275
SPHINCS+-SHA2-128f-simple_run09,idle_post,75.676019,5.39625,0.438596,2.366776,242.018423
SPHINCS+-SHA2-128f-simple_run09,idle_post,75.688752,5.3975,0.438954,2.369254,242.048589
SPHINCS+-SHA2-128f-simple_run09,idle_post,75.70148,5.3975,0.438775,2.368289,242.078734
SPHINCS+-SHA2-128f-simple_run09,idle_post,75.714208,5.395,0.438239,2.364298,242.108828
SPHINCS+-SHA2-128f-simple_run09,idle_post,75.726938,5.385,0.439312,2.365693,242.138942
SPHINCS+-SHA2-128f-simple_run09,idle_post,75.739666,5.3975,0.438775,2.368289,242.169085
SPHINCS+-SHA2-128f-simple_run09,idle_post,75.752394,5.39875,0.438596,2.367872,242.199224
SPHINCS+-SHA2-128f-simple_run09,idle_post,75.765122,5.39625,0.434842,2.346514,242.229091
SPHINCS+-SHA2-128f-simple_run09,idle_post,75.777856,5.3975,0.439133,2.370219,242.259272
SPHINCS+-SHA2-128f-simple_run09,idle_post,75.790587,5.39625,0.438775,2.367741,242.289417
SPHINCS+-SHA2-128f-simple_run09,idle_post,75.803316,5.39625,0.438775,2.367741,242.319555
SPHINCS+-SHA2-128f-simple_run09,idle_post,75.816047,5.395,0.437524,2.36044,242.349606
SPHINCS+-SHA2-128f-simple_run09,idle_post,75.828774,5.38375,0.437881,2.357443,242.379608
SPHINCS+-SHA2-128f-simple_run09,idle_post,75.841514,5.395,0.438775,2.367192,242.409766
SPHINCS+-SHA2-128f-simple_run09,idle_post,75.854258,5.39625,0.439312,2.370635,242.439979
SPHINCS+-SHA2-128f-simple_run09,idle_post,75.866991,5.395,0.439133,2.369121,242.470144
SPHINCS+-SHA2-128f-simple_run09,idle_post,75.879733,5.39625,0.438596,2.366776,242.500301
SPHINCS+-SHA2-128f-simple_run09,idle_post,75.892468,5.39875,0.43949,2.372699,242.530518
SPHINCS+-SHA2-128f-simple_run09,idle_post,75.905227,5.39625,0.437881,2.362916,242.560666
SPHINCS+-SHA2-128f-simple_run09,idle_post,75.917956,5.39875,0.438775,2.368838,242.59082
SPHINCS+-SHA2-128f-simple_run09,idle_post,75.930677,5.39625,0.438775,2.367741,242.62094
SPHINCS+-SHA2-128f-simple_run09,idle_post,75.943413,5.395,0.438775,2.367192,242.651087
SPHINCS+-SHA2-128f-simple_run09,idle_post,75.956164,5.3975,0.438775,2.368289,242.681286
SPHINCS+-SHA2-128f-simple_run09,idle_post,75.968937,5.3975,0.438596,2.367324,242.711523
SPHINCS+-SHA2-128f-simple_run09,idle_post,75.981688,5.395,0.438775,2.367192,242.741707
SPHINCS+-SHA2-128f-simple_run09,idle_post,75.994426,5.405,0.440027,2.378345,242.772003
SPHINCS+-SHA2-128f-simple_run09,idle_post,76.007162,5.395,0.438775,2.367192,242.802153
