run_id,phase,time_s,voltage_v,current_a,power_w,energy_j
SPHINCS+-SHA2-128f-simple_run29,active,0.000623,5.38875,0.606668,3.269184,4.1e-05
SPHINCS+-SHA2-128f-simple_run29,active,0.013498,5.3975,0.596477,3.219484,0.041491
SPHINCS+-SHA2-128f-simple_run29,active,0.026257,5.39875,0.592364,3.198027,0.082294
SPHINCS+-SHA2-128f-simple_run29,active,0.039004,5.39625,0.592364,3.196546,0.12304
SPHINCS+-SHA2-128f-simple_run29,active,0.05174,5.385,0.594152,3.199511,0.16379
SPHINCS+-SHA2-128f-simple_run29,active,0.064503,5.3975,0.592543,3.198252,0.204609
SPHINCS+-SHA2-128f-simple_run29,active,0.077251,5.3975,0.592901,3.200182,0.245404
SPHINCS+-SHA2-128f-simple_run29,active,0.089991,5.39,0.595046,3.2073,0.286264
SPHINCS+-SHA2-128f-simple_run29,active,0.102734,5.3975,0.596477,3.219484,0.327291
SPHINCS+-SHA2-128f-simple_run29,active,0.115477,5.39625,0.593795,3.204265,0.368125
SPHINCS+-SHA2-128f-simple_run29,active,0.128218,5.39,0.592543,3.193808,0.408815
SPHINCS+-SHA2-128f-simple_run29,active,0.14096,5.39375,0.594152,3.20471,0.449651
SPHINCS+-SHA2-128f-simple_run29,active,0.153699,5.395,0.593437,3.201594,0.490437
SPHINCS+-SHA2-128f-simple_run29,active,0.166483,5.3975,0.59594,3.216588,0.531557
SPHINCS+-SHA2-128f-simple_run29,active,0.179228,5.3975,0.593974,3.205973,0.572417
SPHINCS+-SHA2-128f-simple_run29,active,0.191971,5.3975,0.593974,3.205973,0.61327
SPHINCS+-SHA2-128f-simple_run29,active,0.204713,5.39625,0.594152,3.206195,0.654122
SPHINCS+-SHA2-128f-simple_run29,active,0.217453,5.39375,0.594689,3.207603,0.694987
SPHINCS+-SHA2-128f-simple_run29,active,0.230193,5.4,0.593258,3.203595,0.735803
SPHINCS+-SHA2-128f-simple_run29,active,0.242934,5.39625,0.593616,3.2033,0.776614
SPHINCS+-SHA2-128f-simple_run29,active,0.255674,5.395,0.594331,3.206417,0.817466
SPHINCS+-SHA2-128f-simple_run29,active,0.268424,5.39875,0.593258,3.202854,0.858301
SPHINCS+-SHA2-128f-simple_run29,active,0.28121,5.38625,0.594331,3.201216,0.899231
SPHINCS+-SHA2-128f-simple_run29,active,0.293986,5.39,0.594331,3.203445,0.940159
SPHINCS+-SHA2-128f-simple_run29,active,0.306742,5.39625,0.595046,3.211019,0.981118
SPHINCS+-SHA2-128f-simple_run29,active,0.319489,5.395,0.595046,3.210275,1.022042
SPHINCS+-SHA2-128f-simple_run29,active,0.332236,5.3975,0.593616,3.204042,1.062882
SPHINCS+-SHA2-128f-simple_run29,active,0.344979,5.39625,0.594331,3.20716,1.10375
SPHINCS+-SHA2-128f-simple_run29,active,0.35772,5.395,0.592901,3.1987,1.144506
SPHINCS+-SHA2-128f-simple_run29,active,0.370498,5.39625,0.592364,3.196546,1.185351
SPHINCS+-SHA2-128f-simple_run29,active,0.383245,5.39625,0.594868,3.210054,1.226269
SPHINCS+-SHA2-128f-simple_run29,active,0.395989,5.39625,0.595225,3.211984,1.267204
SPHINCS+-SHA2-128f-simple_run29,active,0.408732,5.39625,0.596298,3.217773,1.308208
SPHINCS+-SHA2-128f-simple_run29,active,0.421474,5.39625,0.59451,3.208125,1.349085
SPHINCS+-SHA2-128f-simple_run29,active,0.434216,5.39625,0.594868,3.210054,1.389987
SPHINCS+-SHA2-128f-simple_run29,active,0.446956,5.3975,0.594689,3.209833,1.430882
SPHINCS+-SHA2-128f-simple_run29,active,0.459697,5.395,0.596119,3.216063,1.471858
SPHINCS+-SHA2-128f-simple_run29,active,0.472449,5.39625,0.593795,3.204265,1.512719
SPHINCS+-SHA2-128f-simple_run29,active,0.48519,5.39875,0.594331,3.208646,1.553599
SPHINCS+-SHA2-128f-simple_run29,active,0.497936,5.3975,0.593616,3.204042,1.594437
SPHINCS+-SHA2-128f-simple_run29,active,0.510678,5.3975,0.595046,3.211763,1.635362
SPHINCS+-SHA2-128f-simple_run29,active,0.523421,5.3975,0.594152,3.206938,1.676228
SPHINCS+-SHA2-128f-simple_run29,active,0.536161,5.39625,0.594331,3.20716,1.717088
SPHINCS+-SHA2-128f-simple_run29,active,0.548906,5.39625,0.592543,3.197511,1.757838
SPHINCS+-SHA2-128f-simple_run29,active,0.561644,5.39625,0.593974,3.20523,1.798669
SPHINCS+-SHA2-128f-simple_run29,active,0.574391,5.395,0.594331,3.206417,1.839542
SPHINCS+-SHA2-128f-simple_run29,active,0.587136,5.3975,0.595225,3.212728,1.880487
SPHINCS+-SHA2-128f-simple_run29,active,0.59988,5.39375,0.594331,3.205674,1.921339
SPHINCS+-SHA2-128f-simple_run29,active,0.612621,5.3975,0.596119,3.217553,1.962333
SPHINCS+-SHA2-128f-simple_run29,active,0.62536,5.39625,0.595404,3.212949,2.003263
SPHINCS+-SHA2-128f-simple_run29,active,0.638101,5.39625,0.595225,3.211984,2.044188
SPHINCS+-SHA2-128f-simple_run29,active,0.650848,5.39625,0.59594,3.215843,2.08518
SPHINCS+-SHA2-128f-simple_run29,active,0.663589,5.39625,0.594689,3.209089,2.126068
SPHINCS+-SHA2-128f-simple_run29,active,0.67634,5.39625,0.593795,3.204265,2.166924
SPHINCS+-SHA2-128f-simple_run29,active,0.689086,5.40125,0.594152,3.209166,2.207828
SPHINCS+-SHA2-128f-simple_run29,active,0.701827,5.3975,0.594152,3.206938,2.24869
SPHINCS+-SHA2-128f-simple_run29,active,0.714568,5.395,0.594331,3.206417,2.289542
SPHINCS+-SHA2-128f-simple_run29,active,0.727309,5.39625,0.596834,3.220668,2.330575
SPHINCS+-SHA2-128f-simple_run29,active,0.740056,5.4,0.594689,3.21132,2.371511
SPHINCS+-SHA2-128f-simple_run29,active,0.752811,5.4,0.593437,3.204561,2.412385
SPHINCS+-SHA2-128f-simple_run29,active,0.765549,5.3975,0.593974,3.205973,2.453224
SPHINCS+-SHA2-128f-simple_run29,active,0.778297,5.3975,0.594689,3.209833,2.494141
SPHINCS+-SHA2-128f-simple_run29,active,0.791043,5.3975,0.594331,3.207903,2.535029
SPHINCS+-SHA2-128f-simple_run29,active,0.803788,5.39375,0.593795,3.202781,2.57585
SPHINCS+-SHA2-128f-simple_run29,active,0.816568,5.3925,0.593795,3.202038,2.616771
SPHINCS+-SHA2-128f-simple_run29,active,0.829312,5.39375,0.592901,3.197959,2.657526
SPHINCS+-SHA2-128f-simple_run29,active,0.842055,5.39875,0.594152,3.20768,2.698401
SPHINCS+-SHA2-128f-simple_run29,active,0.854796,5.39875,0.594868,3.211541,2.73932
SPHINCS+-SHA2-128f-simple_run29,active,0.867535,5.395,0.596477,3.217992,2.780312
SPHINCS+-SHA2-128f-simple_run29,active,0.880288,5.39375,0.59594,3.214354,2.821305
SPHINCS+-SHA2-128f-simple_run29,active,0.893037,5.395,0.595046,3.210275,2.862233
SPHINCS+-SHA2-128f-simple_run29,active,0.905775,5.39375,0.595046,3.209532,2.903116
SPHINCS+-SHA2-128f-simple_run29,active,0.918517,5.395,0.592901,3.1987,2.943874
SPHINCS+-SHA2-128f-simple_run29,active,0.931257,5.39625,0.595404,3.212949,2.984807
SPHINCS+-SHA2-128f-simple_run29,active,0.943999,5.3975,0.595404,3.213693,3.025756
SPHINCS+-SHA2-128f-simple_run29,active,0.956741,5.39625,0.595225,3.211984,3.066682
SPHINCS+-SHA2-128f-simple_run29,active,0.969481,5.39625,0.592186,3.195582,3.107396
SPHINCS+-SHA2-128f-simple_run29,active,0.98223,5.395,0.593974,3.204488,3.14825
SPHINCS+-SHA2-128f-simple_run29,active,0.994975,5.39625,0.594331,3.20716,3.189124
SPHINCS+-SHA2-128f-simple_run29,active,1.007715,5.3975,0.595046,3.211763,3.230042
SPHINCS+-SHA2-128f-simple_run29,active,1.020458,5.395,0.594331,3.206417,3.270902
SPHINCS+-SHA2-128f-simple_run29,active,1.033198,5.39875,0.595046,3.212507,3.311828
SPHINCS+-SHA2-128f-simple_run29,active,1.045939,5.3975,0.594152,3.206938,3.352689
SPHINCS+-SHA2-128f-simple_run29,active,1.05868,5.3975,0.598086,3.228169,3.393818
SPHINCS+-SHA2-128f-simple_run29,active,1.071422,5.39625,0.594689,3.209089,3.434709
SPHINCS+-SHA2-128f-simple_run29,active,1.084172,5.3975,0.594689,3.209833,3.475633
SPHINCS+-SHA2-128f-simple_run29,active,1.096917,5.39875,0.59308,3.201888,3.516442
SPHINCS+-SHA2-128f-simple_run29,active,1.109659,5.39625,0.595225,3.211984,3.557369
SPHINCS+-SHA2-128f-simple_run29,active,1.122401,5.39625,0.598265,3.228386,3.598507
SPHINCS+-SHA2-128f-simple_run29,active,1.135143,5.39375,0.595046,3.209532,3.639401
SPHINCS+-SHA2-128f-simple_run29,active,1.147886,5.3975,0.595404,3.213693,3.680355
SPHINCS+-SHA2-128f-simple_run29,active,1.160627,5.3975,0.594689,3.209833,3.721251
SPHINCS+-SHA2-128f-simple_run29,active,1.173366,5.38375,0.595046,3.203581,3.762061
SPHINCS+-SHA2-128f-simple_run29,active,1.186116,5.3975,0.596477,3.219484,3.803108
SPHINCS+-SHA2-128f-simple_run29,active,1.198861,5.40375,0.594331,3.211617,3.84404
SPHINCS+-SHA2-128f-simple_run29,active,1.211602,5.39625,0.595583,3.213914,3.884989
SPHINCS+-SHA2-128f-simple_run29,active,1.224345,5.395,0.595404,3.212205,3.925922
SPHINCS+-SHA2-128f-simple_run29,active,1.237087,5.3975,0.596119,3.217553,3.966921
SPHINCS+-SHA2-128f-simple_run29,active,1.249827,5.395,0.595225,3.21124,4.007832
SPHINCS+-SHA2-128f-simple_run29,active,1.262567,5.395,0.595046,3.210275,4.048732
SPHINCS+-SHA2-128f-simple_run29,active,1.278196,5.39375,0.589861,3.181564,4.098456
SPHINCS+-SHA2-128f-simple_run29,active,1.290974,5.39625,0.595046,3.211019,4.139485
SPHINCS+-SHA2-128f-simple_run29,active,1.303725,5.39625,0.595225,3.211984,4.180441
SPHINCS+-SHA2-128f-simple_run29,active,1.31647,5.39875,0.593974,3.206715,4.22131
SPHINCS+-SHA2-128f-simple_run29,active,1.329209,5.39625,0.597371,3.223562,4.262378
SPHINCS+-SHA2-128f-simple_run29,active,1.34195,5.3975,0.595046,3.211763,4.303298
SPHINCS+-SHA2-128f-simple_run29,active,1.354691,5.3975,0.594152,3.206938,4.344158
SPHINCS+-SHA2-128f-simple_run29,active,1.367431,5.39625,0.596119,3.216808,4.385139
SPHINCS+-SHA2-128f-simple_run29,active,1.380173,5.39625,0.595583,3.213914,4.426091
SPHINCS+-SHA2-128f-simple_run29,active,1.392921,5.39625,0.594868,3.210054,4.467014
SPHINCS+-SHA2-128f-simple_run29,active,1.405666,5.39625,0.597192,3.222597,4.508084
SPHINCS+-SHA2-128f-simple_run29,active,1.418405,5.3925,0.597907,3.224215,4.549159
SPHINCS+-SHA2-128f-simple_run29,active,1.431142,5.39375,0.599516,3.233642,4.590344
SPHINCS+-SHA2-128f-simple_run29,active,1.443885,5.3975,0.594868,3.210798,4.63126
SPHINCS+-SHA2-128f-simple_run29,active,1.456625,5.3975,0.595762,3.215623,4.672226
SPHINCS+-SHA2-128f-simple_run29,active,1.469364,5.3975,0.59451,3.208868,4.713105
SPHINCS+-SHA2-128f-simple_run29,active,1.482105,5.39875,0.59451,3.209611,4.753998
SPHINCS+-SHA2-128f-simple_run29,active,1.494853,5.3975,0.595046,3.211763,4.794942
SPHINCS+-SHA2-128f-simple_run29,active,1.507597,5.39125,0.592543,3.194549,4.835654
SPHINCS+-SHA2-128f-simple_run29,active,1.520339,5.395,0.595225,3.21124,4.876572
SPHINCS+-SHA2-128f-simple_run29,active,1.533081,5.39625,0.599338,3.234176,4.91778
SPHINCS+-SHA2-128f-simple_run29,active,1.54582,5.3975,0.595225,3.212728,4.958707
SPHINCS+-SHA2-128f-simple_run29,active,1.558558,5.39,0.595225,3.208264,4.999574
SPHINCS+-SHA2-128f-simple_run29,active,1.571298,5.395,0.594152,3.205452,5.040412
SPHINCS+-SHA2-128f-simple_run29,active,1.584041,5.39625,0.595225,3.211984,5.081341
SPHINCS+-SHA2-128f-simple_run29,active,1.596788,5.3975,0.594331,3.207903,5.122234
SPHINCS+-SHA2-128f-simple_run29,active,1.609532,5.3925,0.594331,3.204931,5.163076
SPHINCS+-SHA2-128f-simple_run29,active,1.62227,5.39375,0.595225,3.210496,5.203972
SPHINCS+-SHA2-128f-simple_run29,active,1.635011,5.39875,0.60041,3.241466,5.245271
SPHINCS+-SHA2-128f-simple_run29,active,1.64775,5.39625,0.595583,3.213914,5.286213
SPHINCS+-SHA2-128f-simple_run29,active,1.660492,5.3975,0.594689,3.209833,5.327113
SPHINCS+-SHA2-128f-simple_run29,active,1.673232,5.39875,0.596477,3.220229,5.368138
SPHINCS+-SHA2-128f-simple_run29,active,1.685973,5.39875,0.594331,3.208646,5.40902
SPHINCS+-SHA2-128f-simple_run29,active,1.698723,5.39625,0.595583,3.213914,5.449999
SPHINCS+-SHA2-128f-simple_run29,active,1.71147,5.3975,0.595404,3.213693,5.490964
SPHINCS+-SHA2-128f-simple_run29,active,1.724214,5.39625,0.594152,3.206195,5.531824
SPHINCS+-SHA2-128f-simple_run29,active,1.736962,5.39875,0.602914,3.25498,5.573318
SPHINCS+-SHA2-128f-simple_run29,active,1.749717,5.3975,0.595404,3.213693,5.614308
SPHINCS+-SHA2-128f-simple_run29,active,1.762512,5.39625,0.595225,3.211984,5.655404
SPHINCS+-SHA2-128f-simple_run29,active,1.775252,5.39625,0.595762,3.214879,5.696365
SPHINCS+-SHA2-128f-simple_run29,active,1.787997,5.39375,0.589682,3.180599,5.736898
SPHINCS+-SHA2-128f-simple_run29,active,1.800746,5.3975,0.593974,3.205973,5.777774
SPHINCS+-SHA2-128f-simple_run29,active,1.813491,5.3975,0.594868,3.210798,5.818693
SPHINCS+-SHA2-128f-simple_run29,active,1.826232,5.39625,0.598622,3.230316,5.859853
SPHINCS+-SHA2-128f-simple_run29,active,1.838972,5.39625,0.596834,3.220668,5.900883
SPHINCS+-SHA2-128f-simple_run29,active,1.851712,5.39625,0.595583,3.213914,5.941829
SPHINCS+-SHA2-128f-simple_run29,active,1.864454,5.39625,0.595583,3.213914,5.982782
SPHINCS+-SHA2-128f-simple_run29,active,1.877194,5.39875,0.596477,3.220229,6.023805
SPHINCS+-SHA2-128f-simple_run29,active,1.889936,5.3975,0.595225,3.212728,6.064741
SPHINCS+-SHA2-128f-simple_run29,active,1.902681,5.3975,0.595046,3.211763,6.105677
SPHINCS+-SHA2-128f-simple_run29,active,1.915426,5.39625,0.595762,3.214879,6.146651
SPHINCS+-SHA2-128f-simple_run29,active,1.928169,5.395,0.594689,3.208346,6.187534
SPHINCS+-SHA2-128f-simple_run29,active,1.94091,5.3975,0.598622,3.231064,6.228701
SPHINCS+-SHA2-128f-simple_run29,active,1.95365,5.395,0.594331,3.206417,6.26955
SPHINCS+-SHA2-128f-simple_run29,active,1.96639,5.39625,0.597371,3.223562,6.31062
SPHINCS+-SHA2-128f-simple_run29,active,1.97913,5.3975,0.593795,3.205007,6.351452
SPHINCS+-SHA2-128f-simple_run29,active,1.991874,5.3975,0.594689,3.209833,6.392356
SPHINCS+-SHA2-128f-simple_run29,active,2.004622,5.3975,0.595225,3.212728,6.433313
SPHINCS+-SHA2-128f-simple_run29,active,2.017366,5.39375,0.597371,3.222069,6.474375
SPHINCS+-SHA2-128f-simple_run29,active,2.030108,5.39625,0.593974,3.20523,6.515215
SPHINCS+-SHA2-128f-simple_run29,active,2.042855,5.3975,0.597907,3.227204,6.556353
SPHINCS+-SHA2-128f-simple_run29,active,2.055596,5.39875,0.592722,3.199958,6.597125
SPHINCS+-SHA2-128f-simple_run29,active,2.06834,5.39375,0.59308,3.198923,6.637891
SPHINCS+-SHA2-128f-simple_run29,active,2.081081,5.3975,0.592901,3.200182,6.678663
SPHINCS+-SHA2-128f-simple_run29,active,2.093821,5.3975,0.594689,3.209833,6.719556
SPHINCS+-SHA2-128f-simple_run29,active,2.10657,5.39875,0.595225,3.213472,6.760526
SPHINCS+-SHA2-128f-simple_run29,active,2.119315,5.395,0.595225,3.21124,6.801452
SPHINCS+-SHA2-128f-simple_run29,active,2.132057,5.3975,0.595762,3.215623,6.842428
SPHINCS+-SHA2-128f-simple_run29,active,2.1448,5.3975,0.60041,3.240715,6.883723
SPHINCS+-SHA2-128f-simple_run29,active,2.15754,5.405,0.59594,3.221058,6.924759
SPHINCS+-SHA2-128f-simple_run29,active,2.170283,5.3975,0.595046,3.211763,6.965685
SPHINCS+-SHA2-128f-simple_run29,active,2.183046,5.39625,0.595046,3.211019,7.006668
SPHINCS+-SHA2-128f-simple_run29,active,2.195786,5.405,0.592186,3.200763,7.047446
SPHINCS+-SHA2-128f-simple_run29,active,2.208536,5.4,0.593795,3.206492,7.08833
SPHINCS+-SHA2-128f-simple_run29,active,2.221281,5.3975,0.592007,3.195357,7.129054
SPHINCS+-SHA2-128f-simple_run29,active,2.234024,5.39875,0.594689,3.210576,7.169967
SPHINCS+-SHA2-128f-simple_run29,active,2.246765,5.40375,0.599695,3.240603,7.211255
SPHINCS+-SHA2-128f-simple_run29,active,2.259506,5.39625,0.598444,3.229351,7.2524
SPHINCS+-SHA2-128f-simple_run29,active,2.272247,5.39625,0.595404,3.212949,7.293335
SPHINCS+-SHA2-128f-simple_run29,active,2.284987,5.39625,0.595225,3.211984,7.334259
SPHINCS+-SHA2-128f-simple_run29,active,2.297726,5.4,0.59594,3.218078,7.375253
SPHINCS+-SHA2-128f-simple_run29,active,2.31051,5.3975,0.595225,3.212728,7.416325
SPHINCS+-SHA2-128f-simple_run29,active,2.323257,5.39875,0.594689,3.210576,7.45725
SPHINCS+-SHA2-128f-simple_run29,active,2.336003,5.39625,0.59594,3.215843,7.498239
SPHINCS+-SHA2-128f-simple_run29,active,2.348751,5.395,0.59594,3.215098,7.539224
SPHINCS+-SHA2-128f-simple_run29,active,2.361494,5.395,0.595225,3.21124,7.580146
SPHINCS+-SHA2-128f-simple_run29,active,2.374236,5.39625,0.594689,3.209089,7.621035
SPHINCS+-SHA2-128f-simple_run29,active,2.386975,5.39875,0.595046,3.212507,7.661959
SPHINCS+-SHA2-128f-simple_run29,active,2.399714,5.39625,0.593974,3.20523,7.702792
SPHINCS+-SHA2-128f-simple_run29,active,2.412465,5.39625,0.595225,3.211984,7.743747
SPHINCS+-SHA2-128f-simple_run29,active,2.425209,5.39625,0.595225,3.211984,7.784681
SPHINCS+-SHA2-128f-simple_run29,active,2.437951,5.3975,0.599338,3.234925,7.8259
SPHINCS+-SHA2-128f-simple_run29,active,2.450692,5.39625,0.598801,3.231281,7.86707
SPHINCS+-SHA2-128f-simple_run29,active,2.463435,5.39625,0.596298,3.217773,7.908073
SPHINCS+-SHA2-128f-simple_run29,active,2.476178,5.39625,0.594689,3.209089,7.948967
SPHINCS+-SHA2-128f-simple_run29,active,2.488918,5.39625,0.595225,3.211984,7.989889
SPHINCS+-SHA2-128f-simple_run29,active,2.501657,5.3975,0.59594,3.216588,8.030863
SPHINCS+-SHA2-128f-simple_run29,active,2.514404,5.39625,0.595225,3.211984,8.071807
SPHINCS+-SHA2-128f-simple_run29,active,2.527148,5.395,0.59451,3.207381,8.112683
SPHINCS+-SHA2-128f-simple_run29,active,2.53989,5.39625,0.595225,3.211984,8.15361
SPHINCS+-SHA2-128f-simple_run29,active,2.555377,5.3975,0.598622,3.231064,8.20365
SPHINCS+-SHA2-128f-simple_run29,active,2.568141,5.39,0.59451,3.204409,8.244551
SPHINCS+-SHA2-128f-simple_run29,active,2.580886,5.39875,0.595225,3.213472,8.285505
SPHINCS+-SHA2-128f-simple_run29,active,2.593627,5.39625,0.595225,3.211984,8.32643
SPHINCS+-SHA2-128f-simple_run29,active,2.606368,5.3875,0.596834,3.215445,8.367397
SPHINCS+-SHA2-128f-simple_run29,active,2.619117,5.39875,0.594689,3.210576,8.408329
SPHINCS+-SHA2-128f-simple_run29,active,2.631866,5.39375,0.595225,3.210496,8.449259
SPHINCS+-SHA2-128f-simple_run29,active,2.644609,5.395,0.595046,3.210275,8.490168
SPHINCS+-SHA2-128f-simple_run29,active,2.657349,5.3925,0.596834,3.21843,8.531171
SPHINCS+-SHA2-128f-simple_run29,active,2.670091,5.39875,0.59594,3.217333,8.572167
SPHINCS+-SHA2-128f-simple_run29,active,2.682831,5.3975,0.603986,3.260017,8.613698
SPHINCS+-SHA2-128f-simple_run29,active,2.695576,5.3975,0.594331,3.207903,8.654585
SPHINCS+-SHA2-128f-simple_run29,active,2.70832,5.39625,0.596834,3.220668,8.695627
SPHINCS+-SHA2-128f-simple_run29,active,2.721068,5.395,0.594689,3.208346,8.736529
SPHINCS+-SHA2-128f-simple_run29,active,2.733816,5.39625,0.595404,3.212949,8.777485
SPHINCS+-SHA2-128f-simple_run29,active,2.746569,5.39375,0.597013,3.22014,8.818553
SPHINCS+-SHA2-128f-simple_run29,active,2.759313,5.3975,0.59451,3.208868,8.859445
SPHINCS+-SHA2-128f-simple_run29,active,2.772058,5.3975,0.593795,3.205007,8.900295
SPHINCS+-SHA2-128f-simple_run29,active,2.784799,5.39625,0.587894,3.172425,8.940714
SPHINCS+-SHA2-128f-simple_run29,active,2.797538,5.39625,0.587358,3.169531,8.981089
SPHINCS+-SHA2-128f-simple_run29,active,2.810279,5.395,0.593795,3.203523,9.021906
SPHINCS+-SHA2-128f-simple_run29,active,2.823027,5.39625,0.59451,3.208125,9.062804
SPHINCS+-SHA2-128f-simple_run29,active,2.835775,5.3975,0.595046,3.211763,9.103749
SPHINCS+-SHA2-128f-simple_run29,active,2.84852,5.39625,0.594331,3.20716,9.144622
SPHINCS+-SHA2-128f-simple_run29,active,2.861261,5.39875,0.593974,3.206715,9.185479
SPHINCS+-SHA2-128f-simple_run29,active,2.874003,5.39625,0.595583,3.213914,9.226433
SPHINCS+-SHA2-128f-simple_run29,active,2.886745,5.3825,0.597907,3.218236,9.267438
SPHINCS+-SHA2-128f-simple_run29,active,2.899487,5.39625,0.595225,3.211984,9.308364
SPHINCS+-SHA2-128f-simple_run29,active,2.912231,5.39625,0.595225,3.211984,9.349297
SPHINCS+-SHA2-128f-simple_run29,active,2.92497,5.39625,0.59147,3.191722,9.389958
SPHINCS+-SHA2-128f-simple_run29,active,2.937715,5.395,0.595225,3.21124,9.430886
SPHINCS+-SHA2-128f-simple_run29,active,2.950501,5.395,0.595046,3.210275,9.471931
SPHINCS+-SHA2-128f-simple_run29,active,2.963244,5.3975,0.599695,3.236855,9.513179
SPHINCS+-SHA2-128f-simple_run29,active,2.97599,5.3975,0.59147,3.192461,9.55387
SPHINCS+-SHA2-128f-simple_run29,active,2.988733,5.39625,0.595225,3.211984,9.594799
SPHINCS+-SHA2-128f-simple_run29,active,3.001471,5.39875,0.594331,3.208646,9.635672
SPHINCS+-SHA2-128f-simple_run29,active,3.014213,5.3975,0.595404,3.213693,9.67662
SPHINCS+-SHA2-128f-simple_run29,active,3.026961,5.3975,0.595583,3.214658,9.717602
SPHINCS+-SHA2-128f-simple_run29,active,3.039707,5.39625,0.595583,3.213914,9.758567
SPHINCS+-SHA2-128f-simple_run29,active,3.05245,5.39625,0.595583,3.213914,9.799523
SPHINCS+-SHA2-128f-simple_run29,active,3.065192,5.39625,0.597728,3.225492,9.84062
SPHINCS+-SHA2-128f-simple_run29,active,3.077934,5.395,0.594331,3.206417,9.881477
SPHINCS+-SHA2-128f-simple_run29,active,3.090675,5.395,0.595404,3.212205,9.922404
SPHINCS+-SHA2-128f-simple_run29,active,3.103415,5.39625,0.594152,3.206195,9.963251
SPHINCS+-SHA2-128f-simple_run29,active,3.116159,5.38875,0.595225,3.20752,10.004128
SPHINCS+-SHA2-128f-simple_run29,active,3.128908,5.39625,0.595225,3.211984,10.045076
SPHINCS+-SHA2-128f-simple_run29,active,3.141654,5.39625,0.595225,3.211984,10.086015
SPHINCS+-SHA2-128f-simple_run29,active,3.154397,5.3975,0.595046,3.211763,10.126942
SPHINCS+-SHA2-128f-simple_run29,active,3.167136,5.3925,0.597728,3.22325,10.168004
SPHINCS+-SHA2-128f-simple_run29,active,3.17988,5.3975,0.595225,3.212728,10.208949
SPHINCS+-SHA2-128f-simple_run29,active,3.192619,5.39875,0.595583,3.215403,10.24991
SPHINCS+-SHA2-128f-simple_run29,active,3.20536,5.40125,0.604344,3.264213,10.291497
SPHINCS+-SHA2-128f-simple_run29,active,3.218102,5.39625,0.593795,3.204265,10.332326
SPHINCS+-SHA2-128f-simple_run29,active,3.23085,5.39375,0.596119,3.215318,10.373314
SPHINCS+-SHA2-128f-simple_run29,active,3.243594,5.3975,0.594689,3.209833,10.414222
SPHINCS+-SHA2-128f-simple_run29,active,3.256338,5.40375,0.595225,3.216448,10.455213
SPHINCS+-SHA2-128f-simple_run29,active,3.26908,5.39875,0.594689,3.210576,10.496122
SPHINCS+-SHA2-128f-simple_run29,active,3.28182,5.39625,0.597907,3.226457,10.537226
SPHINCS+-SHA2-128f-simple_run29,active,3.294561,5.3975,0.594689,3.209833,10.578124
SPHINCS+-SHA2-128f-simple_run29,active,3.307302,5.395,0.598265,3.227639,10.619246
SPHINCS+-SHA2-128f-simple_run29,active,3.320045,5.39625,0.594689,3.209089,10.66014
SPHINCS+-SHA2-128f-simple_run29,active,3.332794,5.39625,0.594868,3.210054,10.701064
SPHINCS+-SHA2-128f-simple_run29,active,3.345537,5.3975,0.599516,3.23589,10.742301
SPHINCS+-SHA2-128f-simple_run29,active,3.358279,5.39875,0.594868,3.211541,10.78322
SPHINCS+-SHA2-128f-simple_run29,active,3.37102,5.39625,0.594152,3.206195,10.824072
SPHINCS+-SHA2-128f-simple_run29,active,3.383762,5.39625,0.594689,3.209089,10.864961
SPHINCS+-SHA2-128f-simple_run29,active,3.396505,5.39625,0.596119,3.216808,10.905953
SPHINCS+-SHA2-128f-simple_run29,active,3.409246,5.39625,0.595583,3.213914,10.9469
SPHINCS+-SHA2-128f-simple_run29,active,3.421989,5.39625,0.595046,3.211019,10.987819
SPHINCS+-SHA2-128f-simple_run29,active,3.434736,5.39625,0.59308,3.200406,11.028615
SPHINCS+-SHA2-128f-simple_run29,active,3.447479,5.39625,0.594331,3.20716,11.069484
SPHINCS+-SHA2-128f-simple_run29,active,3.460225,5.3975,0.595225,3.212728,11.110432
SPHINCS+-SHA2-128f-simple_run29,active,3.472968,5.39625,0.599338,3.234176,11.151647
SPHINCS+-SHA2-128f-simple_run29,active,3.485707,5.395,0.598265,3.227639,11.192763
SPHINCS+-SHA2-128f-simple_run29,active,3.498487,5.39625,0.59594,3.215843,11.233861
SPHINCS+-SHA2-128f-simple_run29,active,3.511229,5.39625,0.59451,3.208125,11.274739
SPHINCS+-SHA2-128f-simple_run29,active,3.523973,5.3975,0.59594,3.216588,11.315732
SPHINCS+-SHA2-128f-simple_run29,active,3.536714,5.39375,0.594689,3.207603,11.3566
SPHINCS+-SHA2-128f-simple_run29,active,3.549458,5.395,0.594152,3.205452,11.397452
SPHINCS+-SHA2-128f-simple_run29,active,3.5622,5.395,0.594331,3.206417,11.438306
SPHINCS+-SHA2-128f-simple_run29,active,3.574943,5.395,0.600053,3.237285,11.47956
SPHINCS+-SHA2-128f-simple_run29,active,3.587686,5.3975,0.595404,3.213693,11.520511
SPHINCS+-SHA2-128f-simple_run29,active,3.60043,5.395,0.594331,3.206417,11.561374
SPHINCS+-SHA2-128f-simple_run29,active,3.613195,5.3975,0.594689,3.209833,11.602349
SPHINCS+-SHA2-128f-simple_run29,active,3.625939,5.395,0.596834,3.219922,11.643382
SPHINCS+-SHA2-128f-simple_run29,active,3.638688,5.39375,0.594689,3.207603,11.684276
SPHINCS+-SHA2-128f-simple_run29,active,3.651433,5.39625,0.595046,3.211019,11.725201
SPHINCS+-SHA2-128f-simple_run29,active,3.664176,5.3975,0.595046,3.211763,11.766128
SPHINCS+-SHA2-128f-simple_run29,active,3.676921,5.395,0.599516,3.234391,11.80735
SPHINCS+-SHA2-128f-simple_run29,active,3.689662,5.3975,0.595046,3.211763,11.848271
SPHINCS+-SHA2-128f-simple_run29,active,3.702402,5.3975,0.595583,3.214658,11.889226
SPHINCS+-SHA2-128f-simple_run29,active,3.715145,5.395,0.595404,3.212205,11.930158
SPHINCS+-SHA2-128f-simple_run29,active,3.727889,5.3975,0.597192,3.223344,11.971237
SPHINCS+-SHA2-128f-simple_run29,active,3.740644,5.395,0.595225,3.21124,12.012196
SPHINCS+-SHA2-128f-simple_run29,active,3.753401,5.3975,0.594689,3.209833,12.053144
SPHINCS+-SHA2-128f-simple_run29,active,3.766144,5.40375,0.596298,3.222245,12.094207
SPHINCS+-SHA2-128f-simple_run29,active,3.778886,5.39625,0.597371,3.223562,12.135282
SPHINCS+-SHA2-128f-simple_run29,active,3.79163,5.3975,0.595046,3.211763,12.176211
SPHINCS+-SHA2-128f-simple_run29,active,3.804373,5.395,0.595404,3.212205,12.217145
SPHINCS+-SHA2-128f-simple_run29,active,3.817115,5.3975,0.59451,3.208868,12.258032
SPHINCS+-SHA2-128f-simple_run29,active,3.832649,5.3975,0.594689,3.209833,12.307892
SPHINCS+-SHA2-128f-simple_run29,active,3.845419,5.39875,0.596119,3.218299,12.34899
SPHINCS+-SHA2-128f-simple_run29,active,3.858169,5.395,0.594689,3.208346,12.389897
SPHINCS+-SHA2-128f-simple_run29,active,3.870911,5.39625,0.595046,3.211019,12.430813
SPHINCS+-SHA2-128f-simple_run29,active,3.883653,5.3975,0.594689,3.209833,12.471711
SPHINCS+-SHA2-128f-simple_run29,active,3.896396,5.4,0.594152,3.208423,12.512598
SPHINCS+-SHA2-128f-simple_run29,active,3.909165,5.3975,0.595404,3.213693,12.553631
SPHINCS+-SHA2-128f-simple_run29,active,3.921905,5.39625,0.595225,3.211984,12.594554
SPHINCS+-SHA2-128f-simple_run29,active,3.934646,5.385,0.595225,3.205288,12.635392
SPHINCS+-SHA2-128f-simple_run29,active,3.947394,5.39625,0.596834,3.220668,12.67645
SPHINCS+-SHA2-128f-simple_run29,active,3.960143,5.39625,0.595404,3.212949,12.717411
SPHINCS+-SHA2-128f-simple_run29,active,3.972886,5.39875,0.595583,3.215403,12.758384
SPHINCS+-SHA2-128f-simple_run29,active,3.985625,5.38625,0.59594,3.209884,12.799274
SPHINCS+-SHA2-128f-simple_run29,active,3.998367,5.39875,0.595583,3.215403,12.840244
SPHINCS+-SHA2-128f-simple_run29,active,4.011107,5.39625,0.595225,3.211984,12.881165
SPHINCS+-SHA2-128f-simple_run29,active,4.023876,5.3925,0.594868,3.207824,12.922128
SPHINCS+-SHA2-128f-simple_run29,active,4.036621,5.39375,0.594689,3.207603,12.963008
SPHINCS+-SHA2-128f-simple_run29,active,4.049367,5.395,0.594689,3.208346,13.0039
SPHINCS+-SHA2-128f-simple_run29,active,4.062112,5.39375,0.595046,3.209532,13.044809
SPHINCS+-SHA2-128f-simple_run29,active,4.074852,5.39875,0.594152,3.20768,13.085673
SPHINCS+-SHA2-128f-simple_run29,active,4.087593,5.39625,0.596834,3.220668,13.126707
SPHINCS+-SHA2-128f-simple_run29,active,4.100335,5.39625,0.59451,3.208125,13.167587
SPHINCS+-SHA2-128f-simple_run29,active,4.113077,5.39625,0.595225,3.211984,13.208512
SPHINCS+-SHA2-128f-simple_run29,active,4.125818,5.40125,0.591649,3.195645,13.249228
SPHINCS+-SHA2-128f-simple_run29,active,4.138559,5.3975,0.595225,3.212728,13.290163
SPHINCS+-SHA2-128f-simple_run29,active,4.151308,5.385,0.595046,3.204325,13.331013
SPHINCS+-SHA2-128f-simple_run29,active,4.164056,5.39875,0.587358,3.170999,13.371438
SPHINCS+-SHA2-128f-simple_run29,active,4.176799,5.39625,0.595046,3.211019,13.412355
SPHINCS+-SHA2-128f-simple_run29,active,4.189539,5.3975,0.594689,3.209833,13.453248
SPHINCS+-SHA2-128f-simple_run29,active,4.202279,5.3975,0.594689,3.209833,13.494142
SPHINCS+-SHA2-128f-simple_run29,active,4.215016,5.395,0.59755,3.22378,13.535204
SPHINCS+-SHA2-128f-simple_run29,active,4.227758,5.39625,0.596119,3.216808,13.576192
SPHINCS+-SHA2-128f-simple_run29,active,4.240502,5.39625,0.595583,3.213914,13.617149
SPHINCS+-SHA2-128f-simple_run29,active,4.253249,5.38375,0.595225,3.204544,13.658
SPHINCS+-SHA2-128f-simple_run29,active,4.265996,5.395,0.597013,3.220886,13.699054
SPHINCS+-SHA2-128f-simple_run29,active,4.278737,5.395,0.595762,3.214134,13.740006
SPHINCS+-SHA2-128f-simple_run29,active,4.291477,5.39875,0.595583,3.215403,13.780971
SPHINCS+-SHA2-128f-simple_run29,active,4.304221,5.39625,0.592901,3.199441,13.821742
SPHINCS+-SHA2-128f-simple_run29,active,4.316961,5.395,0.595583,3.213169,13.862679
SPHINCS+-SHA2-128f-simple_run29,active,4.3297,5.39625,0.595583,3.213914,13.903622
SPHINCS+-SHA2-128f-simple_run29,active,4.342473,5.39625,0.594868,3.210054,13.944624
SPHINCS+-SHA2-128f-simple_run29,active,4.355222,5.39125,0.593437,3.199368,13.985413
SPHINCS+-SHA2-128f-simple_run29,active,4.367969,5.39625,0.595046,3.211019,14.026343
SPHINCS+-SHA2-128f-simple_run29,active,4.38071,5.3975,0.594689,3.209833,14.067239
SPHINCS+-SHA2-128f-simple_run29,active,4.39345,5.3975,0.591113,3.190531,14.107887
SPHINCS+-SHA2-128f-simple_run29,active,4.406191,5.3975,0.597371,3.224309,14.148967
SPHINCS+-SHA2-128f-simple_run29,active,4.418931,5.39625,0.595046,3.211019,14.189875
SPHINCS+-SHA2-128f-simple_run29,active,4.431671,5.39625,0.594152,3.206195,14.230723
SPHINCS+-SHA2-128f-simple_run29,active,4.444413,5.40125,0.59594,3.218823,14.271738
SPHINCS+-SHA2-128f-simple_run29,active,4.457189,5.38375,0.594689,3.201656,14.312643
SPHINCS+-SHA2-128f-simple_run29,active,4.469936,5.39875,0.59451,3.209611,14.353556
SPHINCS+-SHA2-128f-simple_run29,active,4.482677,5.3975,0.595583,3.214658,14.394514
SPHINCS+-SHA2-128f-simple_run29,active,4.495417,5.39875,0.595225,3.213472,14.435453
SPHINCS+-SHA2-128f-simple_run29,active,4.50816,5.39625,0.59755,3.224527,14.476544
SPHINCS+-SHA2-128f-simple_run29,active,4.520901,5.39375,0.596119,3.215318,14.517509
SPHINCS+-SHA2-128f-simple_run29,active,4.533641,5.3975,0.595583,3.214658,14.558464
SPHINCS+-SHA2-128f-simple_run29,active,4.546382,5.39875,0.596834,3.22216,14.599518
SPHINCS+-SHA2-128f-simple_run29,active,4.559129,5.37,0.595046,3.195399,14.64025
SPHINCS+-SHA2-128f-simple_run29,active,4.571884,5.39875,0.594868,3.211541,14.681213
SPHINCS+-SHA2-128f-simple_run29,active,4.584621,5.3975,0.595046,3.211763,14.722119
SPHINCS+-SHA2-128f-simple_run29,active,4.597358,5.3975,0.595225,3.212728,14.763042
SPHINCS+-SHA2-128f-simple_run29,active,4.6101,5.39625,0.595583,3.213914,14.803992
SPHINCS+-SHA2-128f-simple_run29,active,4.62284,5.39625,0.595583,3.213914,14.844937
SPHINCS+-SHA2-128f-simple_run29,active,4.635579,5.39875,0.595404,3.214437,14.885887
SPHINCS+-SHA2-128f-simple_run29,active,4.648322,5.3975,0.594331,3.207903,14.926765
SPHINCS+-SHA2-128f-simple_run29,active,4.661072,5.385,0.595225,3.205288,14.967633
SPHINCS+-SHA2-128f-simple_run29,active,4.673817,5.40375,0.595046,3.215482,15.008613
SPHINCS+-SHA2-128f-simple_run29,active,4.686557,5.39625,0.595583,3.213914,15.049559
SPHINCS+-SHA2-128f-simple_run29,active,4.699298,5.39625,0.595404,3.212949,15.090494
SPHINCS+-SHA2-128f-simple_run29,active,4.71204,5.39625,0.595225,3.211984,15.131423
SPHINCS+-SHA2-128f-simple_run29,active,4.724781,5.39625,0.594689,3.209089,15.172308
SPHINCS+-SHA2-128f-simple_run29,active,4.737525,5.3975,0.594868,3.210798,15.213228
SPHINCS+-SHA2-128f-simple_run29,active,4.750277,5.3975,0.595225,3.212728,15.254198
SPHINCS+-SHA2-128f-simple_run29,active,4.763026,5.38375,0.595404,3.205506,15.295063
SPHINCS+-SHA2-128f-simple_run29,active,4.775775,5.39625,0.592007,3.194617,15.33579
SPHINCS+-SHA2-128f-simple_run29,active,4.788521,5.39625,0.596119,3.216808,15.376792
SPHINCS+-SHA2-128f-simple_run29,active,4.801261,5.39625,0.595404,3.212949,15.417727
SPHINCS+-SHA2-128f-simple_run29,active,4.814006,5.39625,0.592901,3.199441,15.458504
SPHINCS+-SHA2-128f-simple_run29,active,4.826748,5.39875,0.595583,3.215403,15.499474
SPHINCS+-SHA2-128f-simple_run29,active,4.839491,5.4,0.595404,3.215182,15.540443
SPHINCS+-SHA2-128f-simple_run29,active,4.852235,5.3975,0.595046,3.211763,15.581375
SPHINCS+-SHA2-128f-simple_run29,active,4.864983,5.3825,0.593795,3.196101,15.622121
SPHINCS+-SHA2-128f-simple_run29,active,4.877755,5.39625,0.594868,3.210054,15.663119
SPHINCS+-SHA2-128f-simple_run29,active,4.890507,5.39875,0.59451,3.209611,15.704048
SPHINCS+-SHA2-128f-simple_run29,active,4.903249,5.3975,0.593616,3.204042,15.744872
SPHINCS+-SHA2-128f-simple_run29,active,4.915991,5.3975,0.595762,3.215623,15.785847
SPHINCS+-SHA2-128f-simple_run29,active,4.928733,5.39625,0.59594,3.215843,15.826824
SPHINCS+-SHA2-128f-simple_run29,active,4.941473,5.395,0.59451,3.207381,15.867684
SPHINCS+-SHA2-128f-simple_run29,active,4.954215,5.39625,0.59594,3.215843,15.908662
SPHINCS+-SHA2-128f-simple_run29,active,4.966962,5.395,0.59594,3.215098,15.949645
SPHINCS+-SHA2-128f-simple_run29,active,4.97971,5.39625,0.594689,3.209089,15.990552
SPHINCS+-SHA2-128f-simple_run29,active,4.992454,5.39625,0.594689,3.209089,16.031449
SPHINCS+-SHA2-128f-simple_run29,active,5.005196,5.395,0.595583,3.213169,16.072391
SPHINCS+-SHA2-128f-simple_run29,active,5.017939,5.395,0.594331,3.206417,16.113251
SPHINCS+-SHA2-128f-simple_run29,active,5.030681,5.39375,0.595225,3.210496,16.154158
SPHINCS+-SHA2-128f-simple_run29,active,5.043421,5.39625,0.597728,3.225492,16.195254
SPHINCS+-SHA2-128f-simple_run29,active,5.056163,5.39625,0.595762,3.214879,16.236216
SPHINCS+-SHA2-128f-simple_run29,active,5.068911,5.39625,0.594689,3.209089,16.277127
SPHINCS+-SHA2-128f-simple_run29,active,5.081658,5.3975,0.595046,3.211763,16.318065
SPHINCS+-SHA2-128f-simple_run29,active,5.094398,5.39125,0.594689,3.206116,16.358912
SPHINCS+-SHA2-128f-simple_run29,active,5.109957,5.39125,0.596298,3.214792,16.408932
SPHINCS+-SHA2-128f-simple_run29,active,5.122736,5.4,0.60041,3.242216,16.450363
SPHINCS+-SHA2-128f-simple_run29,active,5.13548,5.39625,0.597013,3.221632,16.491421
SPHINCS+-SHA2-128f-simple_run29,active,5.148226,5.3975,0.595583,3.214658,16.532394
SPHINCS+-SHA2-128f-simple_run29,active,5.160968,5.3975,0.595404,3.213693,16.573343
SPHINCS+-SHA2-128f-simple_run29,active,5.173715,5.3825,0.600232,3.230747,16.614525
SPHINCS+-SHA2-128f-simple_run29,active,5.18649,5.39625,0.597907,3.226457,16.655744
SPHINCS+-SHA2-128f-simple_run29,active,5.199231,5.39625,0.595762,3.214879,16.696705
SPHINCS+-SHA2-128f-simple_run29,active,5.211974,5.39625,0.595583,3.213914,16.737658
SPHINCS+-SHA2-128f-simple_run29,active,5.224717,5.39625,0.600053,3.238035,16.77892
SPHINCS+-SHA2-128f-simple_run29,active,5.237456,5.39625,0.594331,3.20716,16.819776
SPHINCS+-SHA2-128f-simple_run29,active,5.250196,5.3975,0.595762,3.215623,16.860746
SPHINCS+-SHA2-128f-simple_run29,active,5.262937,5.3975,0.596119,3.217553,16.90174
SPHINCS+-SHA2-128f-simple_run29,active,5.275681,5.38375,0.595046,3.203581,16.942566
SPHINCS+-SHA2-128f-simple_run29,active,5.288428,5.395,0.595583,3.213169,16.983522
SPHINCS+-SHA2-128f-simple_run29,active,5.301198,5.3975,0.59594,3.216588,17.024599
SPHINCS+-SHA2-128f-simple_run29,active,5.313938,5.39875,0.590219,3.186444,17.065195
SPHINCS+-SHA2-128f-simple_run29,active,5.326679,5.39625,0.596834,3.220668,17.106228
SPHINCS+-SHA2-128f-simple_run29,active,5.339418,5.38625,0.595404,3.206995,17.147083
SPHINCS+-SHA2-128f-simple_run29,active,5.35216,5.39625,0.595225,3.211984,17.18801
SPHINCS+-SHA2-128f-simple_run29,active,5.364902,5.39625,0.595225,3.211984,17.228937
SPHINCS+-SHA2-128f-simple_run29,active,5.377648,5.38375,0.595225,3.204544,17.269782
SPHINCS+-SHA2-128f-simple_run29,active,5.390393,5.395,0.594689,3.208346,17.310672
SPHINCS+-SHA2-128f-simple_run29,active,5.403134,5.3975,0.594331,3.207903,17.351544
SPHINCS+-SHA2-128f-simple_run29,active,5.415877,5.39875,0.595404,3.214437,17.392505
SPHINCS+-SHA2-128f-simple_run29,active,5.428618,5.3975,0.595583,3.214658,17.433466
SPHINCS+-SHA2-128f-simple_run29,active,5.441356,5.3975,0.595225,3.212728,17.474388
SPHINCS+-SHA2-128f-simple_run29,active,5.454096,5.405,0.595225,3.217192,17.515377
SPHINCS+-SHA2-128f-simple_run29,active,5.466838,5.39625,0.594331,3.20716,17.556241
SPHINCS+-SHA2-128f-simple_run29,active,5.479585,5.3825,0.595583,3.205724,17.597103
SPHINCS+-SHA2-128f-simple_run29,active,5.492333,5.4,0.595404,3.215182,17.638092
SPHINCS+-SHA2-128f-simple_run29,active,5.505075,5.39375,0.595404,3.21146,17.679012
SPHINCS+-SHA2-128f-simple_run29,active,5.517815,5.3975,0.59594,3.216588,17.719989
SPHINCS+-SHA2-128f-simple_run29,active,5.530556,5.3975,0.59594,3.216588,17.760973
SPHINCS+-SHA2-128f-simple_run29,active,5.543296,5.40375,0.59594,3.220313,17.801999
SPHINCS+-SHA2-128f-simple_run29,active,5.556038,5.3975,0.595046,3.211763,17.842925
SPHINCS+-SHA2-128f-simple_run29,active,5.568778,5.395,0.594868,3.209311,17.883813
SPHINCS+-SHA2-128f-simple_run29,active,5.581525,5.39625,0.594689,3.209089,17.924717
SPHINCS+-SHA2-128f-simple_run29,active,5.59427,5.39875,0.594331,3.208646,17.965611
SPHINCS+-SHA2-128f-simple_run29,active,5.60701,5.3975,0.594331,3.207903,18.006482
SPHINCS+-SHA2-128f-simple_run29,active,5.619751,5.39625,0.594331,3.20716,18.047344
SPHINCS+-SHA2-128f-simple_run29,active,5.632492,5.39875,0.595046,3.212507,18.088275
SPHINCS+-SHA2-128f-simple_run29,active,5.645234,5.3975,0.594689,3.209833,18.129172
SPHINCS+-SHA2-128f-simple_run29,active,5.657973,5.39625,0.595404,3.212949,18.170104
SPHINCS+-SHA2-128f-simple_run29,active,5.670714,5.395,0.595404,3.212205,18.211028
SPHINCS+-SHA2-128f-simple_run29,active,5.68346,5.395,0.601483,3.245002,18.25239
SPHINCS+-SHA2-128f-simple_run29,active,5.696206,5.39625,0.595046,3.211019,18.293318
SPHINCS+-SHA2-128f-simple_run29,active,5.708949,5.395,0.595225,3.21124,18.334238
SPHINCS+-SHA2-128f-simple_run29,active,5.721688,5.39625,0.595046,3.211019,18.375143
SPHINCS+-SHA2-128f-simple_run29,active,5.734434,5.39375,0.589861,3.181564,18.415697
SPHINCS+-SHA2-128f-simple_run29,active,5.747187,5.3975,0.597728,3.226239,18.456842
SPHINCS+-SHA2-128f-simple_run29,active,5.759933,5.39625,0.595583,3.213914,18.497805
SPHINCS+-SHA2-128f-simple_run29,active,5.772679,5.3975,0.594868,3.210798,18.538731
SPHINCS+-SHA2-128f-simple_run29,active,5.785426,5.3975,0.597013,3.222379,18.579806
SPHINCS+-SHA2-128f-simple_run29,active,5.798173,5.3975,0.59594,3.216588,18.620806
SPHINCS+-SHA2-128f-simple_run29,active,5.810913,5.3975,0.595583,3.214658,18.661763
SPHINCS+-SHA2-128f-simple_run29,active,5.823653,5.395,0.600589,3.240179,18.703043
SPHINCS+-SHA2-128f-simple_run29,active,5.836396,5.39625,0.59451,3.208125,18.743923
SPHINCS+-SHA2-128f-simple_run29,active,5.84917,5.3975,0.594152,3.206938,18.784889
SPHINCS+-SHA2-128f-simple_run29,active,5.861914,5.39625,0.594152,3.206195,18.825748
SPHINCS+-SHA2-128f-simple_run29,active,5.874654,5.3975,0.595046,3.211763,18.866665
SPHINCS+-SHA2-128f-simple_run29,active,5.8874,5.39625,0.597371,3.223562,18.907754
SPHINCS+-SHA2-128f-simple_run29,active,5.900147,5.3975,0.595404,3.213693,18.94872
SPHINCS+-SHA2-128f-simple_run29,active,5.912886,5.39375,0.592543,3.19603,18.989432
SPHINCS+-SHA2-128f-simple_run29,active,5.925625,5.395,0.595046,3.210275,19.03033
SPHINCS+-SHA2-128f-simple_run29,active,5.938367,5.39875,0.595583,3.215403,19.071298
SPHINCS+-SHA2-128f-simple_run29,active,5.951108,5.3975,0.595583,3.214658,19.112256
SPHINCS+-SHA2-128f-simple_run29,active,5.963877,5.395,0.595404,3.212205,19.153274
SPHINCS+-SHA2-128f-simple_run29,active,5.976621,5.395,0.595404,3.212205,19.19421
SPHINCS+-SHA2-128f-simple_run29,active,5.989367,5.39375,0.594331,3.205674,19.235069
SPHINCS+-SHA2-128f-simple_run29,active,6.002111,5.3975,0.594868,3.210798,19.275989
SPHINCS+-SHA2-128f-simple_run29,active,6.014851,5.395,0.595762,3.214134,19.316937
SPHINCS+-SHA2-128f-simple_run29,active,6.02759,5.39875,0.595583,3.215403,19.357897
SPHINCS+-SHA2-128f-simple_run29,active,6.040331,5.39875,0.595225,3.213472,19.398841
SPHINCS+-SHA2-128f-simple_run29,active,6.053072,5.3925,0.59594,3.213609,19.439783
SPHINCS+-SHA2-128f-simple_run29,active,6.06581,5.39875,0.593258,3.202854,19.480582
SPHINCS+-SHA2-128f-simple_run29,active,6.078547,5.39625,0.595762,3.214879,19.521531
SPHINCS+-SHA2-128f-simple_run29,active,6.091294,5.39625,0.595762,3.214879,19.562509
SPHINCS+-SHA2-128f-simple_run29,active,6.10404,5.39875,0.594689,3.210576,19.603431
SPHINCS+-SHA2-128f-simple_run29,active,6.116779,5.3975,0.594689,3.209833,19.644324
SPHINCS+-SHA2-128f-simple_run29,active,6.129518,5.39625,0.594331,3.20716,19.685177
SPHINCS+-SHA2-128f-simple_run29,active,6.142258,5.39875,0.594331,3.208646,19.726056
SPHINCS+-SHA2-128f-simple_run29,active,6.155,5.39625,0.595404,3.212949,19.766995
SPHINCS+-SHA2-128f-simple_run29,active,6.167739,5.3975,0.59594,3.216588,19.807971
SPHINCS+-SHA2-128f-simple_run29,active,6.180481,5.39625,0.595404,3.212949,19.848911
SPHINCS+-SHA2-128f-simple_run29,active,6.193226,5.3975,0.595046,3.211763,19.889846
SPHINCS+-SHA2-128f-simple_run29,active,6.205971,5.3975,0.597371,3.224309,19.930941
SPHINCS+-SHA2-128f-simple_run29,active,6.21871,5.3975,0.594689,3.209833,19.971831
SPHINCS+-SHA2-128f-simple_run29,active,6.231453,5.39375,0.59451,3.206638,20.01269
SPHINCS+-SHA2-128f-simple_run29,active,6.244194,5.39625,0.597728,3.225492,20.053789
SPHINCS+-SHA2-128f-simple_run29,active,6.256935,5.39625,0.594152,3.206195,20.094638
SPHINCS+-SHA2-128f-simple_run29,active,6.269673,5.39625,0.594689,3.209089,20.135516
SPHINCS+-SHA2-128f-simple_run29,active,6.282412,5.4,0.596119,3.219044,20.176521
SPHINCS+-SHA2-128f-simple_run29,active,6.29516,5.3975,0.595046,3.211763,20.217465
SPHINCS+-SHA2-128f-simple_run29,active,6.307905,5.39625,0.597013,3.221632,20.258527
SPHINCS+-SHA2-128f-simple_run29,active,6.320646,5.39625,0.595046,3.211019,20.299438
SPHINCS+-SHA2-128f-simple_run29,active,6.333386,5.3975,0.59451,3.208868,20.340318
SPHINCS+-SHA2-128f-simple_run29,active,6.346126,5.3975,0.595583,3.214658,20.381273
SPHINCS+-SHA2-128f-simple_run29,active,6.358865,5.3975,0.595404,3.213693,20.422213
SPHINCS+-SHA2-128f-simple_run29,active,6.371604,5.3975,0.595225,3.212728,20.46314
SPHINCS+-SHA2-128f-simple_run29,active,6.387114,5.3975,0.595046,3.211763,20.512954
SPHINCS+-SHA2-128f-simple_run29,active,6.399873,5.3925,0.595046,3.208788,20.553894
SPHINCS+-SHA2-128f-simple_run29,active,6.412626,5.39125,0.592007,3.191657,20.594597
SPHINCS+-SHA2-128f-simple_run29,active,6.42537,5.3875,0.594689,3.203886,20.635429
SPHINCS+-SHA2-128f-simple_run29,active,6.438142,5.39,0.593437,3.198627,20.676282
SPHINCS+-SHA2-128f-simple_run29,active,6.4509,5.39625,0.595225,3.211984,20.717259
SPHINCS+-SHA2-128f-simple_run29,active,6.463643,5.3975,0.59594,3.216588,20.758249
SPHINCS+-SHA2-128f-simple_run29,active,6.476389,5.3975,0.594868,3.210798,20.799173
SPHINCS+-SHA2-128f-simple_run29,active,6.489166,5.3975,0.594152,3.206938,20.840147
SPHINCS+-SHA2-128f-simple_run29,active,6.501918,5.3975,0.595225,3.212728,20.881116
SPHINCS+-SHA2-128f-simple_run29,active,6.514665,5.3975,0.593795,3.205007,20.921973
SPHINCS+-SHA2-128f-simple_run29,active,6.527406,5.39625,0.597728,3.225492,20.963068
SPHINCS+-SHA2-128f-simple_run29,active,6.540148,5.39625,0.595762,3.214879,21.004032
SPHINCS+-SHA2-128f-simple_run29,active,6.552888,5.39125,0.596477,3.215756,21.045001
SPHINCS+-SHA2-128f-simple_run29,active,6.565626,5.395,0.596119,3.216063,21.085967
SPHINCS+-SHA2-128f-simple_run29,active,6.578366,5.39875,0.595404,3.214437,21.126917
SPHINCS+-SHA2-128f-simple_run29,active,6.591106,5.39625,0.595583,3.213914,21.167865
SPHINCS+-SHA2-128f-simple_run29,active,6.603885,5.395,0.596119,3.216063,21.208962
SPHINCS+-SHA2-128f-simple_run29,active,6.616635,5.395,0.595583,3.213169,21.24993
SPHINCS+-SHA2-128f-simple_run29,active,6.629372,5.39625,0.595404,3.212949,21.290852
SPHINCS+-SHA2-128f-simple_run29,active,6.642115,5.3975,0.595762,3.215623,21.33183
SPHINCS+-SHA2-128f-simple_run29,active,6.654857,5.39625,0.595225,3.211984,21.372758
SPHINCS+-SHA2-128f-simple_run29,active,6.667599,5.39625,0.595225,3.211984,21.413682
SPHINCS+-SHA2-128f-simple_run29,active,6.680339,5.39625,0.595583,3.213914,21.454629
SPHINCS+-SHA2-128f-simple_run29,active,6.693082,5.39625,0.594331,3.20716,21.495499
SPHINCS+-SHA2-128f-simple_run29,active,6.70583,5.39375,0.595583,3.212425,21.536451
SPHINCS+-SHA2-128f-simple_run29,active,6.718575,5.395,0.595583,3.213169,21.577403
SPHINCS+-SHA2-128f-simple_run29,active,6.731317,5.39875,0.593258,3.202854,21.618212
SPHINCS+-SHA2-128f-simple_run29,active,6.744078,5.39625,0.595046,3.211019,21.659189
SPHINCS+-SHA2-128f-simple_run29,active,6.756821,5.3975,0.59594,3.216588,21.700177
SPHINCS+-SHA2-128f-simple_run29,active,6.769562,5.395,0.594689,3.208346,21.741055
SPHINCS+-SHA2-128f-simple_run29,active,6.782304,5.395,0.59308,3.199664,21.781825
SPHINCS+-SHA2-128f-simple_run29,active,6.795049,5.3975,0.595225,3.212728,21.822771
SPHINCS+-SHA2-128f-simple_run29,active,6.807873,5.39375,0.594689,3.207603,21.863906
SPHINCS+-SHA2-128f-simple_run29,active,6.820756,5.3875,0.596477,3.213519,21.905305
SPHINCS+-SHA2-128f-simple_run29,active,6.833207,5.38375,0.597728,3.21802,21.945374
SPHINCS+-SHA2-128f-simple_run29,active,6.84565,5.38875,0.595583,3.209447,21.985306
SPHINCS+-SHA2-128f-simple_run29,active,6.85809,5.39,0.595225,3.208264,22.025218
SPHINCS+-SHA2-128f-simple_run29,active,6.870527,5.39,0.596477,3.21501,22.065203
SPHINCS+-SHA2-128f-simple_run29,active,6.882967,5.38875,0.599695,3.231608,22.105405
SPHINCS+-SHA2-128f-simple_run29,active,6.895404,5.39,0.594868,3.206336,22.145282
SPHINCS+-SHA2-128f-simple_run29,active,6.907883,5.38875,0.594689,3.204629,22.185272
SPHINCS+-SHA2-128f-simple_run29,active,6.920337,5.39625,0.593974,3.20523,22.22519
SPHINCS+-SHA2-128f-simple_run29,active,6.933084,5.39375,0.588967,3.176742,22.265684
SPHINCS+-SHA2-128f-simple_run29,active,6.945825,5.39625,0.594689,3.209089,22.30657
SPHINCS+-SHA2-128f-simple_run29,active,6.958567,5.39625,0.595046,3.211019,22.347488
SPHINCS+-SHA2-128f-simple_run29,active,6.971308,5.3975,0.597371,3.224309,22.388568
SPHINCS+-SHA2-128f-simple_run29,active,6.984052,5.395,0.595583,3.213169,22.429515
SPHINCS+-SHA2-128f-simple_run29,active,6.996794,5.39625,0.595046,3.211019,22.470431
SPHINCS+-SHA2-128f-simple_run29,active,7.009543,5.3975,0.595225,3.212728,22.51139
SPHINCS+-SHA2-128f-simple_run29,active,7.022289,5.4025,0.596656,3.223432,22.552477
SPHINCS+-SHA2-128f-simple_run29,active,7.035032,5.3975,0.594689,3.209833,22.593377
SPHINCS+-SHA2-128f-simple_run29,active,7.047784,5.39625,0.595225,3.211984,22.634339
SPHINCS+-SHA2-128f-simple_run29,active,7.060531,5.3975,0.592901,3.200182,22.675132
SPHINCS+-SHA2-128f-simple_run29,active,7.07327,5.38625,0.593258,3.195438,22.715837
SPHINCS+-SHA2-128f-simple_run29,active,7.086012,5.39875,0.595046,3.212507,22.756771
SPHINCS+-SHA2-128f-simple_run29,active,7.098753,5.3975,0.595404,3.213693,22.797715
SPHINCS+-SHA2-128f-simple_run29,active,7.111501,5.39875,0.594689,3.210576,22.838644
SPHINCS+-SHA2-128f-simple_run29,active,7.124247,5.39625,0.595046,3.211019,22.879573
SPHINCS+-SHA2-128f-simple_run29,active,7.136988,5.3975,0.596477,3.219484,22.920592
SPHINCS+-SHA2-128f-simple_run29,active,7.149728,5.3975,0.596119,3.217553,22.961583
SPHINCS+-SHA2-128f-simple_run29,active,7.162516,5.39375,0.595762,3.213389,23.002678
SPHINCS+-SHA2-128f-simple_run29,active,7.175259,5.39625,0.594689,3.209089,23.04357
SPHINCS+-SHA2-128f-simple_run29,active,7.188003,5.39625,0.596298,3.217773,23.084576
SPHINCS+-SHA2-128f-simple_run29,active,7.200744,5.39375,0.595225,3.210496,23.125482
SPHINCS+-SHA2-128f-simple_run29,active,7.213491,5.39625,0.595404,3.212949,23.166436
SPHINCS+-SHA2-128f-simple_run29,active,7.226235,5.3975,0.597192,3.223344,23.207516
SPHINCS+-SHA2-128f-simple_run29,active,7.238976,5.39875,0.595225,3.213472,23.24846
SPHINCS+-SHA2-128f-simple_run29,active,7.251716,5.40375,0.592901,3.203888,23.289277
SPHINCS+-SHA2-128f-simple_run29,active,7.264458,5.3975,0.594331,3.207903,23.330152
SPHINCS+-SHA2-128f-simple_run29,active,7.277198,5.39625,0.594868,3.210054,23.371047
SPHINCS+-SHA2-128f-simple_run29,active,7.289939,5.3975,0.595762,3.215623,23.412017
SPHINCS+-SHA2-128f-simple_run29,active,7.302678,5.39375,0.592364,3.195065,23.45272
SPHINCS+-SHA2-128f-simple_run29,active,7.315424,5.39625,0.595404,3.212949,23.493671
SPHINCS+-SHA2-128f-simple_run29,active,7.328171,5.39625,0.595225,3.211984,23.534616
SPHINCS+-SHA2-128f-simple_run29,active,7.340913,5.3975,0.596119,3.217553,23.575612
SPHINCS+-SHA2-128f-simple_run29,active,7.353651,5.39625,0.598086,3.227422,23.616725
SPHINCS+-SHA2-128f-simple_run29,active,7.366395,5.395,0.594689,3.208346,23.65761
SPHINCS+-SHA2-128f-simple_run29,active,7.379135,5.39625,0.598622,3.230316,23.698765
SPHINCS+-SHA2-128f-simple_run29,active,7.391877,5.4,0.596834,3.222906,23.739833
SPHINCS+-SHA2-128f-simple_run29,active,7.404618,5.39625,0.59594,3.215843,23.780803
SPHINCS+-SHA2-128f-simple_run29,active,7.417363,5.39625,0.594689,3.209089,23.821704
SPHINCS+-SHA2-128f-simple_run29,active,7.430109,5.3975,0.599874,3.23782,23.862972
SPHINCS+-SHA2-128f-simple_run29,active,7.442848,5.39625,0.594689,3.209089,23.903855
SPHINCS+-SHA2-128f-simple_run29,active,7.455589,5.395,0.596119,3.216063,23.944831
SPHINCS+-SHA2-128f-simple_run29,active,7.468333,5.3975,0.594868,3.210798,23.985747
SPHINCS+-SHA2-128f-simple_run29,active,7.481072,5.3975,0.596656,3.220449,24.026775
SPHINCS+-SHA2-128f-simple_run29,active,7.493811,5.39625,0.595583,3.213914,24.067717
SPHINCS+-SHA2-128f-simple_run29,active,7.506552,5.4,0.595583,3.216147,24.108693
SPHINCS+-SHA2-128f-simple_run29,active,7.5193,5.3975,0.595583,3.214658,24.149674
SPHINCS+-SHA2-128f-simple_run29,active,7.532048,5.39375,0.596834,3.219176,24.190711
SPHINCS+-SHA2-128f-simple_run29,active,7.544793,5.39625,0.595583,3.213914,24.231672
SPHINCS+-SHA2-128f-simple_run29,active,7.557532,5.39875,0.595046,3.212507,24.272598
SPHINCS+-SHA2-128f-simple_run29,active,7.570276,5.39625,0.594689,3.209089,24.313494
SPHINCS+-SHA2-128f-simple_run29,active,7.583015,5.3975,0.595046,3.211763,24.354409
SPHINCS+-SHA2-128f-simple_run29,active,7.595756,5.3975,0.595046,3.211763,24.39533
SPHINCS+-SHA2-128f-simple_run29,active,7.608494,5.39625,0.595404,3.212949,24.436254
SPHINCS+-SHA2-128f-simple_run29,active,7.621241,5.4,0.59594,3.218078,24.477277
SPHINCS+-SHA2-128f-simple_run29,active,7.633987,5.395,0.594331,3.206417,24.518146
SPHINCS+-SHA2-128f-simple_run29,active,7.646728,5.3975,0.597013,3.222379,24.559201
SPHINCS+-SHA2-128f-simple_run29,active,7.662364,5.39375,0.597013,3.22014,24.609552
SPHINCS+-SHA2-128f-simple_run29,active,7.675131,5.39625,0.595583,3.213914,24.650583
SPHINCS+-SHA2-128f-simple_run29,active,7.687879,5.39625,0.595225,3.211984,24.691531
SPHINCS+-SHA2-128f-simple_run29,active,7.700626,5.3975,0.599695,3.236855,24.732789
SPHINCS+-SHA2-128f-simple_run29,active,7.713367,5.3975,0.594152,3.206938,24.773649
SPHINCS+-SHA2-128f-simple_run29,active,7.726118,5.39625,0.594689,3.209089,24.814568
SPHINCS+-SHA2-128f-simple_run29,active,7.738869,5.39625,0.595225,3.211984,24.855524
SPHINCS+-SHA2-128f-simple_run29,active,7.751624,5.39875,0.59147,3.193201,24.896253
SPHINCS+-SHA2-128f-simple_run29,active,7.764369,5.39875,0.59451,3.209611,24.937162
SPHINCS+-SHA2-128f-simple_run29,active,7.777111,5.3975,0.595046,3.211763,24.978084
SPHINCS+-SHA2-128f-simple_run29,active,7.78985,5.3975,0.596298,3.218518,25.019087
SPHINCS+-SHA2-128f-simple_run29,active,7.802593,5.39625,0.595225,3.211984,25.060016
SPHINCS+-SHA2-128f-simple_run29,active,7.815336,5.3975,0.596298,3.218518,25.101031
SPHINCS+-SHA2-128f-simple_run29,active,7.828085,5.3975,0.595583,3.214658,25.142015
SPHINCS+-SHA2-128f-simple_run29,active,7.840829,5.3975,0.59451,3.208868,25.182909
SPHINCS+-SHA2-128f-simple_run29,active,7.853569,5.39625,0.595404,3.212949,25.223841
SPHINCS+-SHA2-128f-simple_run29,active,7.866309,5.39625,0.596656,3.219703,25.264858
SPHINCS+-SHA2-128f-simple_run29,active,7.87905,5.39625,0.596119,3.216808,25.305845
SPHINCS+-SHA2-128f-simple_run29,active,7.891789,5.39625,0.592186,3.195582,25.346553
SPHINCS+-SHA2-128f-simple_run29,active,7.90453,5.39625,0.596119,3.216808,25.38754
SPHINCS+-SHA2-128f-simple_run29,active,7.91727,5.395,0.595762,3.214134,25.428485
SPHINCS+-SHA2-128f-simple_run29,active,7.930017,5.39625,0.594689,3.209089,25.469392
SPHINCS+-SHA2-128f-simple_run29,active,7.942761,5.39625,0.594868,3.210054,25.510303
SPHINCS+-SHA2-128f-simple_run29,active,7.955501,5.39875,0.595225,3.213472,25.551243
SPHINCS+-SHA2-128f-simple_run29,active,7.968244,5.3975,0.596477,3.219484,25.592267
SPHINCS+-SHA2-128f-simple_run29,active,7.980986,5.39125,0.594868,3.20708,25.633132
SPHINCS+-SHA2-128f-simple_run29,active,7.993726,5.395,0.59594,3.215098,25.674091
SPHINCS+-SHA2-128f-simple_run29,active,8.006517,5.3975,0.59594,3.216588,25.715237
SPHINCS+-SHA2-128f-simple_run29,active,8.019259,5.3975,0.595046,3.211763,25.75616
SPHINCS+-SHA2-128f-simple_run29,active,8.032008,5.4,0.594689,3.21132,25.797101
SPHINCS+-SHA2-128f-simple_run29,active,8.044756,5.39625,0.595583,3.213914,25.838071
SPHINCS+-SHA2-128f-simple_run29,active,8.057496,5.3975,0.595404,3.213693,25.879014
SPHINCS+-SHA2-128f-simple_run29,active,8.070239,5.3975,0.595404,3.213693,25.919965
SPHINCS+-SHA2-128f-simple_run29,active,8.082981,5.395,0.594689,3.208346,25.960847
SPHINCS+-SHA2-128f-simple_run29,active,8.095721,5.39625,0.59594,3.215843,26.001817
SPHINCS+-SHA2-128f-simple_run29,active,8.108464,5.39625,0.595583,3.213914,26.042771
SPHINCS+-SHA2-128f-simple_run29,active,8.121204,5.39125,0.592364,3.193585,26.083457
SPHINCS+-SHA2-128f-simple_run29,active,8.133951,5.39625,0.596477,3.218738,26.124488
SPHINCS+-SHA2-128f-simple_run29,active,8.146694,5.39625,0.595762,3.214879,26.165456
SPHINCS+-SHA2-128f-simple_run29,active,8.159435,5.39625,0.59451,3.208125,26.20633
SPHINCS+-SHA2-128f-simple_run29,active,8.172178,5.3975,0.593974,3.205973,26.247184
SPHINCS+-SHA2-128f-simple_run29,active,8.184921,5.3975,0.595046,3.211763,26.288112
SPHINCS+-SHA2-128f-simple_run29,active,8.197661,5.3975,0.595225,3.212728,26.329042
SPHINCS+-SHA2-128f-simple_run29,active,8.210402,5.39875,0.599695,3.237604,26.370291
SPHINCS+-SHA2-128f-simple_run29,active,8.223144,5.395,0.595583,3.213169,26.411232
SPHINCS+-SHA2-128f-simple_run29,active,8.235893,5.3975,0.594331,3.207903,26.452132
SPHINCS+-SHA2-128f-simple_run29,active,8.24864,5.395,0.594689,3.208346,26.493029
SPHINCS+-SHA2-128f-simple_run29,active,8.261381,5.40125,0.596477,3.22172,26.534075
SPHINCS+-SHA2-128f-simple_run29,active,8.274122,5.39625,0.595404,3.212949,26.575013
SPHINCS+-SHA2-128f-simple_run29,active,8.286863,5.39625,0.59594,3.215843,26.615985
SPHINCS+-SHA2-128f-simple_run29,active,8.299606,5.39625,0.598265,3.228386,26.657124
SPHINCS+-SHA2-128f-simple_run29,active,8.312351,5.39625,0.593437,3.202335,26.697938
SPHINCS+-SHA2-128f-simple_run29,active,8.325091,5.39625,0.59308,3.200406,26.738712
SPHINCS+-SHA2-128f-simple_run29,active,8.337838,5.39625,0.59308,3.200406,26.779507
SPHINCS+-SHA2-128f-simple_run29,active,8.350584,5.3975,0.597907,3.227204,26.820642
SPHINCS+-SHA2-128f-simple_run29,active,8.363325,5.3975,0.594689,3.209833,26.861536
SPHINCS+-SHA2-128f-simple_run29,active,8.376069,5.39625,0.594331,3.20716,26.90241
SPHINCS+-SHA2-128f-simple_run29,active,8.388811,5.3975,0.594331,3.207903,26.943284
SPHINCS+-SHA2-128f-simple_run29,active,8.401549,5.3975,0.599695,3.236855,26.984514
SPHINCS+-SHA2-128f-simple_run29,active,8.414289,5.39625,0.594331,3.20716,27.025373
SPHINCS+-SHA2-128f-simple_run29,active,8.427028,5.39875,0.597728,3.226986,27.066484
SPHINCS+-SHA2-128f-simple_run29,active,8.439775,5.3975,0.597192,3.223344,27.107571
SPHINCS+-SHA2-128f-simple_run29,active,8.452523,5.39625,0.594689,3.209089,27.148482
SPHINCS+-SHA2-128f-simple_run29,active,8.465264,5.3975,0.595404,3.213693,27.189426
SPHINCS+-SHA2-128f-simple_run29,active,8.478006,5.39625,0.595225,3.211984,27.230352
SPHINCS+-SHA2-128f-simple_run29,active,8.490747,5.39625,0.596834,3.220668,27.271389
SPHINCS+-SHA2-128f-simple_run29,active,8.503489,5.39625,0.595225,3.211984,27.312314
SPHINCS+-SHA2-128f-simple_run29,active,8.516231,5.3975,0.595583,3.214658,27.353276
SPHINCS+-SHA2-128f-simple_run29,active,8.528973,5.39875,0.594868,3.211541,27.394197
SPHINCS+-SHA2-128f-simple_run29,active,8.541718,5.4,0.595225,3.214216,27.435162
SPHINCS+-SHA2-128f-simple_run29,active,8.554496,5.3975,0.595046,3.211763,27.476201
SPHINCS+-SHA2-128f-simple_run29,active,8.567235,5.3975,0.597728,3.226239,27.517301
SPHINCS+-SHA2-128f-simple_run29,active,8.579977,5.39375,0.595404,3.21146,27.558223
SPHINCS+-SHA2-128f-simple_run29,active,8.592717,5.3975,0.595404,3.213693,27.599165
SPHINCS+-SHA2-128f-simple_run29,active,8.605457,5.39625,0.59451,3.208125,27.640037
SPHINCS+-SHA2-128f-simple_run29,active,8.618198,5.39625,0.595583,3.213914,27.680983
SPHINCS+-SHA2-128f-simple_run29,active,8.630939,5.39125,0.595046,3.208044,27.721859
SPHINCS+-SHA2-128f-simple_run29,active,8.643686,5.3975,0.595583,3.214658,27.762836
SPHINCS+-SHA2-128f-simple_run29,active,8.656432,5.395,0.595762,3.214134,27.803804
SPHINCS+-SHA2-128f-simple_run29,active,8.669206,5.395,0.595225,3.21124,27.844824
SPHINCS+-SHA2-128f-simple_run29,active,8.681949,5.395,0.593974,3.204488,27.885659
SPHINCS+-SHA2-128f-simple_run29,active,8.694689,5.39625,0.596477,3.218738,27.926664
SPHINCS+-SHA2-128f-simple_run29,active,8.707431,5.39875,0.595225,3.213472,27.96761
SPHINCS+-SHA2-128f-simple_run29,active,8.720174,5.39875,0.596119,3.218299,28.008623
SPHINCS+-SHA2-128f-simple_run29,active,8.732914,5.39375,0.596477,3.217247,28.049609
SPHINCS+-SHA2-128f-simple_run29,active,8.745673,5.39625,0.595046,3.211019,28.090579
SPHINCS+-SHA2-128f-simple_run29,active,8.758421,5.395,0.594331,3.206417,28.131454
SPHINCS+-SHA2-128f-simple_run29,active,8.771165,5.39875,0.590576,3.188374,28.172087
SPHINCS+-SHA2-128f-simple_run29,active,8.78391,5.39625,0.595046,3.211019,28.213012
SPHINCS+-SHA2-128f-simple_run29,active,8.796649,5.39625,0.595404,3.212949,28.253941
SPHINCS+-SHA2-128f-simple_run29,active,8.809392,5.3975,0.59755,3.225274,28.295039
SPHINCS+-SHA2-128f-simple_run29,active,8.82213,5.395,0.596119,3.216063,28.336005
SPHINCS+-SHA2-128f-simple_run29,active,8.834874,5.395,0.594331,3.206417,28.376869
SPHINCS+-SHA2-128f-simple_run29,active,8.847624,5.39625,0.596119,3.216808,28.417885
SPHINCS+-SHA2-128f-simple_run29,active,8.860373,5.385,0.592186,3.188919,28.458538
SPHINCS+-SHA2-128f-simple_run29,active,8.873112,5.395,0.59594,3.215098,28.499498
SPHINCS+-SHA2-128f-simple_run29,active,8.885853,5.40125,0.596834,3.223652,28.540569
SPHINCS+-SHA2-128f-simple_run29,active,8.898593,5.39875,0.595583,3.215403,28.581533
SPHINCS+-SHA2-128f-simple_run29,active,8.911334,5.3975,0.598265,3.229134,28.622674
SPHINCS+-SHA2-128f-simple_run29,active,8.924075,5.39625,0.595583,3.213914,28.663623
SPHINCS+-SHA2-128f-simple_run29,active,8.9396,5.395,0.596834,3.219922,28.713613
SPHINCS+-SHA2-128f-simple_run29,active,8.952366,5.3975,0.595583,3.214658,28.754651
SPHINCS+-SHA2-128f-simple_run29,active,8.965115,5.39625,0.595225,3.211984,28.7956
SPHINCS+-SHA2-128f-simple_run29,active,8.977854,5.3975,0.595225,3.212728,28.836528
SPHINCS+-SHA2-128f-simple_run29,active,8.990594,5.3975,0.596119,3.217553,28.877519
SPHINCS+-SHA2-128f-simple_run29,active,9.003335,5.3975,0.595046,3.211763,28.918442
SPHINCS+-SHA2-128f-simple_run29,active,9.016077,5.39625,0.59594,3.215843,28.959417
SPHINCS+-SHA2-128f-simple_run29,active,9.028817,5.40125,0.595404,3.215926,29.000388
SPHINCS+-SHA2-128f-simple_run29,active,9.041555,5.39625,0.595225,3.211984,29.041304
SPHINCS+-SHA2-128f-simple_run29,active,9.054302,5.39625,0.594152,3.206195,29.082173
SPHINCS+-SHA2-128f-simple_run29,active,9.067047,5.39875,0.59594,3.217333,29.123178
SPHINCS+-SHA2-128f-simple_run29,active,9.079785,5.3975,0.597907,3.227204,29.164286
SPHINCS+-SHA2-128f-simple_run29,active,9.092526,5.39625,0.59594,3.215843,29.205258
SPHINCS+-SHA2-128f-simple_run29,active,9.105264,5.39625,0.595583,3.213914,29.246198
SPHINCS+-SHA2-128f-simple_run29,active,9.118004,5.39625,0.595225,3.211984,29.287117
SPHINCS+-SHA2-128f-simple_run29,active,9.130743,5.39375,0.593437,3.200852,29.327893
SPHINCS+-SHA2-128f-simple_run29,active,9.143482,5.395,0.594868,3.209311,29.368775
SPHINCS+-SHA2-128f-simple_run29,active,9.156229,5.3975,0.595046,3.211763,29.409716
SPHINCS+-SHA2-128f-simple_run29,active,9.168972,5.395,0.596834,3.219922,29.450748
SPHINCS+-SHA2-128f-simple_run29,active,9.18171,5.3975,0.59594,3.216588,29.491721
SPHINCS+-SHA2-128f-simple_run29,active,9.194492,5.395,0.595583,3.213169,29.532793
SPHINCS+-SHA2-128f-simple_run29,active,9.207232,5.39625,0.596834,3.220668,29.573823
SPHINCS+-SHA2-128f-simple_run29,active,9.219975,5.39625,0.59451,3.208125,29.614705
SPHINCS+-SHA2-128f-simple_run29,active,9.232715,5.39625,0.595046,3.211019,29.655613
SPHINCS+-SHA2-128f-simple_run29,active,9.245454,5.3975,0.596119,3.217553,29.696601
SPHINCS+-SHA2-128f-simple_run29,active,9.258202,5.3975,0.593616,3.204042,29.737445
SPHINCS+-SHA2-128f-simple_run29,active,9.270946,5.38375,0.596298,3.210319,29.778359
SPHINCS+-SHA2-128f-simple_run29,active,9.283687,5.39625,0.594331,3.20716,29.81922
SPHINCS+-SHA2-128f-simple_run29,active,9.296428,5.3975,0.593795,3.205007,29.860057
SPHINCS+-SHA2-128f-simple_run29,active,9.309191,5.3975,0.592722,3.199217,29.900886
SPHINCS+-SHA2-128f-simple_run29,active,9.32193,5.39875,0.594689,3.210576,29.941788
SPHINCS+-SHA2-128f-simple_run29,active,9.334666,5.3975,0.595404,3.213693,29.982717
SPHINCS+-SHA2-128f-simple_run29,active,9.347405,5.3975,0.597371,3.224309,30.023791
SPHINCS+-SHA2-128f-simple_run29,active,9.360153,5.395,0.592901,3.1987,30.064568
SPHINCS+-SHA2-128f-simple_run29,active,9.372897,5.395,0.595046,3.210275,30.10548
SPHINCS+-SHA2-128f-simple_run29,active,9.385635,5.39625,0.595225,3.211984,30.146394
SPHINCS+-SHA2-128f-simple_run29,active,9.398375,5.3975,0.594152,3.206938,30.187249
SPHINCS+-SHA2-128f-simple_run29,active,9.411113,5.39875,0.595046,3.212507,30.22817
SPHINCS+-SHA2-128f-simple_run29,active,9.42388,5.39625,0.595225,3.211984,30.26918
SPHINCS+-SHA2-128f-simple_run29,active,9.436624,5.3975,0.594868,3.210798,30.310098
SPHINCS+-SHA2-128f-simple_run29,active,9.449364,5.4,0.594689,3.21132,30.351009
SPHINCS+-SHA2-128f-simple_run29,active,9.462112,5.3975,0.596119,3.217553,30.392028
SPHINCS+-SHA2-128f-simple_run29,active,9.474856,5.38375,0.595225,3.204544,30.432866
SPHINCS+-SHA2-128f-simple_run29,active,9.487596,5.39625,0.595046,3.211019,30.473775
SPHINCS+-SHA2-128f-simple_run29,active,9.500339,5.39125,0.595046,3.208044,30.514655
SPHINCS+-SHA2-128f-simple_run29,active,9.513082,5.39625,0.595225,3.211984,30.555583
SPHINCS+-SHA2-128f-simple_run29,active,9.52582,5.3975,0.594868,3.210798,30.596482
SPHINCS+-SHA2-128f-simple_run29,active,9.538558,5.395,0.594689,3.208346,30.637351
SPHINCS+-SHA2-128f-simple_run29,active,9.551297,5.3925,0.595046,3.208788,30.678228
SPHINCS+-SHA2-128f-simple_run29,active,9.564045,5.39625,0.595225,3.211984,30.719175
SPHINCS+-SHA2-128f-simple_run29,active,9.57679,5.3825,0.595225,3.2038,30.760008
SPHINCS+-SHA2-128f-simple_run29,active,9.589529,5.3975,0.595404,3.213693,30.800947
SPHINCS+-SHA2-128f-simple_run29,active,9.602269,5.39625,0.595583,3.213914,30.841892
SPHINCS+-SHA2-128f-simple_run29,active,9.61501,5.3975,0.595583,3.214658,30.882849
SPHINCS+-SHA2-128f-simple_run29,active,9.62775,5.39875,0.595046,3.212507,30.923777
SPHINCS+-SHA2-128f-simple_run29,active,9.640493,5.40125,0.594152,3.209166,30.964672
SPHINCS+-SHA2-128f-simple_run29,active,9.653233,5.39875,0.59451,3.209611,31.005562
SPHINCS+-SHA2-128f-simple_run29,active,9.665977,5.39625,0.597371,3.223562,31.046643
SPHINCS+-SHA2-128f-simple_run29,active,9.678726,5.3875,0.593258,3.19618,31.08739
SPHINCS+-SHA2-128f-simple_run29,active,9.691466,5.39625,0.594331,3.20716,31.128249
SPHINCS+-SHA2-128f-simple_run29,active,9.704209,5.39625,0.593258,3.201371,31.169046
SPHINCS+-SHA2-128f-simple_run29,active,9.716951,5.39625,0.592722,3.198476,31.209801
SPHINCS+-SHA2-128f-simple_run29,active,9.729691,5.39875,0.59594,3.217333,31.25079
SPHINCS+-SHA2-128f-simple_run29,active,9.742472,5.3975,0.595225,3.212728,31.291851
SPHINCS+-SHA2-128f-simple_run29,active,9.755224,5.3975,0.595046,3.211763,31.332808
SPHINCS+-SHA2-128f-simple_run29,active,9.767979,5.3975,0.597371,3.224309,31.373935
SPHINCS+-SHA2-128f-simple_run29,active,9.780728,5.3825,0.597371,3.215348,31.414925
SPHINCS+-SHA2-128f-simple_run29,active,9.793468,5.395,0.595225,3.21124,31.455837
SPHINCS+-SHA2-128f-simple_run29,active,9.806211,5.39625,0.594689,3.209089,31.496729
SPHINCS+-SHA2-128f-simple_run29,active,9.818953,5.395,0.595404,3.212205,31.53766
SPHINCS+-SHA2-128f-simple_run29,active,9.831694,5.39625,0.595046,3.211019,31.578573
SPHINCS+-SHA2-128f-simple_run29,active,9.844439,5.39875,0.595046,3.212507,31.619515
SPHINCS+-SHA2-128f-simple_run29,active,9.857185,5.39625,0.595046,3.211019,31.660444
SPHINCS+-SHA2-128f-simple_run29,active,9.869934,5.3925,0.601304,3.242534,31.701782
SPHINCS+-SHA2-128f-simple_run29,active,9.88268,5.38375,0.595583,3.206469,31.742651
SPHINCS+-SHA2-128f-simple_run29,active,9.895422,5.39875,0.595046,3.212507,31.783586
SPHINCS+-SHA2-128f-simple_run29,active,9.908167,5.3975,0.598265,3.229134,31.824739
SPHINCS+-SHA2-128f-simple_run29,active,9.92091,5.39625,0.594152,3.206195,31.865597
SPHINCS+-SHA2-128f-simple_run29,active,9.933651,5.39875,0.595225,3.213472,31.906541
SPHINCS+-SHA2-128f-simple_run29,active,9.946392,5.3975,0.595225,3.212728,31.947472
SPHINCS+-SHA2-128f-simple_run29,active,9.959132,5.39125,0.591649,3.189729,31.98811
SPHINCS+-SHA2-128f-simple_run29,active,9.971883,5.3975,0.595046,3.211763,32.029065
SPHINCS+-SHA2-128f-simple_run29,active,9.984632,5.39625,0.595046,3.211019,32.070001
SPHINCS+-SHA2-128f-simple_run29,active,9.997372,5.39625,0.596119,3.216808,32.110984
SPHINCS+-SHA2-128f-simple_run29,active,10.010114,5.40125,0.595225,3.21496,32.151949
SPHINCS+-SHA2-128f-simple_run29,active,10.022854,5.3975,0.595404,3.213693,32.192891
SPHINCS+-SHA2-128f-simple_run29,active,10.035596,5.395,0.594331,3.206417,32.233745
SPHINCS+-SHA2-128f-simple_run29,active,10.048339,5.40375,0.596298,3.222245,32.274806
SPHINCS+-SHA2-128f-simple_run29,active,10.06108,5.395,0.595583,3.213169,32.315747
SPHINCS+-SHA2-128f-simple_run29,active,10.073827,5.3975,0.595404,3.213693,32.356712
SPHINCS+-SHA2-128f-simple_run29,active,10.086574,5.395,0.597192,3.221851,32.39778
SPHINCS+-SHA2-128f-simple_run29,active,10.099315,5.3925,0.59594,3.213609,32.438725
SPHINCS+-SHA2-128f-simple_run29,active,10.112056,5.39625,0.594868,3.210054,32.479624
SPHINCS+-SHA2-128f-simple_run29,active,10.124801,5.39875,0.595225,3.213472,32.52058
SPHINCS+-SHA2-128f-simple_run29,active,10.137541,5.39625,0.595046,3.211019,32.561487
SPHINCS+-SHA2-128f-simple_run29,active,10.150281,5.3975,0.595225,3.212728,32.602419
SPHINCS+-SHA2-128f-simple_run29,active,10.163022,5.39625,0.59451,3.208125,32.643294
SPHINCS+-SHA2-128f-simple_run29,active,10.175768,5.39875,0.594689,3.210576,32.684217
SPHINCS+-SHA2-128f-simple_run29,active,10.188515,5.39875,0.595583,3.215403,32.725203
SPHINCS+-SHA2-128f-simple_run29,active,10.201257,5.39625,0.594868,3.210054,32.766104
SPHINCS+-SHA2-128f-simple_run29,active,10.216842,5.39625,0.595225,3.211984,32.816163
SPHINCS+-SHA2-128f-simple_run29,active,10.229604,5.40125,0.59308,3.203371,32.857045
SPHINCS+-SHA2-128f-simple_run29,active,10.242348,5.39625,0.595404,3.212949,32.897992
SPHINCS+-SHA2-128f-simple_run29,active,10.25509,5.39625,0.594152,3.206195,32.938844
SPHINCS+-SHA2-128f-simple_run29,active,10.267857,5.3975,0.595762,3.215623,32.979898
SPHINCS+-SHA2-128f-simple_run29,active,10.28061,5.39875,0.595046,3.212507,33.020868
SPHINCS+-SHA2-128f-simple_run29,active,10.293355,5.38375,0.595046,3.203581,33.061696
SPHINCS+-SHA2-128f-simple_run29,active,10.306097,5.3975,0.595046,3.211763,33.102621
SPHINCS+-SHA2-128f-simple_run29,active,10.318836,5.3925,0.592364,3.194325,33.143314
SPHINCS+-SHA2-128f-simple_run29,active,10.331577,5.39375,0.594152,3.20471,33.184145
SPHINCS+-SHA2-128f-simple_run29,active,10.34432,5.39625,0.594868,3.210054,33.22505
SPHINCS+-SHA2-128f-simple_run29,active,10.357061,5.3975,0.595046,3.211763,33.265972
SPHINCS+-SHA2-128f-simple_run29,active,10.369798,5.39,0.595225,3.208264,33.306836
SPHINCS+-SHA2-128f-simple_run29,active,10.382544,5.39625,0.595046,3.211019,33.347763
SPHINCS+-SHA2-128f-simple_run29,active,10.395288,5.385,0.594868,3.203362,33.388586
SPHINCS+-SHA2-128f-simple_run29,active,10.408029,5.40375,0.595046,3.215482,33.429555
SPHINCS+-SHA2-128f-simple_run29,active,10.420771,5.39625,0.595225,3.211984,33.470481
SPHINCS+-SHA2-128f-simple_run29,active,10.433512,5.3975,0.594689,3.209833,33.511378
SPHINCS+-SHA2-128f-simple_run29,active,10.446252,5.39625,0.596298,3.217773,33.552372
SPHINCS+-SHA2-128f-simple_run29,active,10.458993,5.40625,0.596119,3.222769,33.593434
SPHINCS+-SHA2-128f-simple_run29,active,10.471734,5.39875,0.595583,3.215403,33.634401
SPHINCS+-SHA2-128f-simple_run29,active,10.484482,5.395,0.59451,3.207381,33.675289
SPHINCS+-SHA2-128f-simple_run29,active,10.497225,5.38625,0.596119,3.210847,33.716205
SPHINCS+-SHA2-128f-simple_run29,active,10.509966,5.38875,0.594152,3.201739,33.756998
SPHINCS+-SHA2-128f-simple_run29,active,10.522707,5.39625,0.594868,3.210054,33.797896
SPHINCS+-SHA2-128f-simple_run29,active,10.535448,5.39625,0.595225,3.211984,33.838823
SPHINCS+-SHA2-128f-simple_run29,active,10.548191,5.3925,0.598444,3.227107,33.879945
SPHINCS+-SHA2-128f-simple_run29,active,10.56093,5.39625,0.594689,3.209089,33.920827
SPHINCS+-SHA2-128f-simple_run29,active,10.573669,5.39625,0.594868,3.210054,33.961719
SPHINCS+-SHA2-128f-simple_run29,active,10.586416,5.395,0.59594,3.215098,34.002701
SPHINCS+-SHA2-128f-simple_run29,active,10.599161,5.38625,0.595404,3.206995,34.043574
SPHINCS+-SHA2-128f-simple_run29,active,10.611903,5.39625,0.595583,3.213914,34.084527
SPHINCS+-SHA2-128f-simple_run29,active,10.624644,5.39625,0.595046,3.211019,34.125438
SPHINCS+-SHA2-128f-simple_run29,active,10.637385,5.3975,0.593258,3.202112,34.166237
SPHINCS+-SHA2-128f-simple_run29,active,10.650126,5.39375,0.596477,3.217247,34.207225
SPHINCS+-SHA2-128f-simple_run29,active,10.662866,5.39375,0.595583,3.212425,34.248153
SPHINCS+-SHA2-128f-simple_run29,active,10.675605,5.39625,0.595404,3.212949,34.289083
SPHINCS+-SHA2-128f-simple_run29,active,10.688353,5.39625,0.602198,3.249613,34.33051
SPHINCS+-SHA2-128f-simple_run29,active,10.7011,5.39625,0.595046,3.211019,34.371438
SPHINCS+-SHA2-128f-simple_run29,active,10.713841,5.39875,0.595046,3.212507,34.41237
SPHINCS+-SHA2-128f-simple_run29,active,10.726582,5.39625,0.594868,3.210054,34.453271
SPHINCS+-SHA2-128f-simple_run29,active,10.739328,5.3975,0.589146,3.179916,34.4938
SPHINCS+-SHA2-128f-simple_run29,active,10.752084,5.39625,0.59594,3.215843,34.534821
SPHINCS+-SHA2-128f-simple_run29,active,10.764826,5.39625,0.596477,3.218738,34.575836
SPHINCS+-SHA2-128f-simple_run29,active,10.777564,5.39625,0.593258,3.201371,34.616615
SPHINCS+-SHA2-128f-simple_run29,active,10.790315,5.39625,0.595225,3.211984,34.657571
SPHINCS+-SHA2-128f-simple_run29,active,10.803063,5.39625,0.595225,3.211984,34.698517
SPHINCS+-SHA2-128f-simple_run29,active,10.815804,5.39625,0.595583,3.213914,34.739466
SPHINCS+-SHA2-128f-simple_run29,active,10.828549,5.395,0.592543,3.196771,34.780208
SPHINCS+-SHA2-128f-simple_run29,active,10.841288,5.39625,0.595762,3.214879,34.821163
SPHINCS+-SHA2-128f-simple_run29,active,10.854029,5.39625,0.594152,3.206195,34.862012
SPHINCS+-SHA2-128f-simple_run29,active,10.866768,5.3925,0.596119,3.214573,34.902963
SPHINCS+-SHA2-128f-simple_run29,active,10.879508,5.40125,0.595046,3.213994,34.943908
SPHINCS+-SHA2-128f-simple_run29,active,10.89226,5.3975,0.595583,3.214658,34.984902
SPHINCS+-SHA2-128f-simple_run29,active,10.905004,5.39625,0.595046,3.211019,35.025823
SPHINCS+-SHA2-128f-simple_run29,active,10.917769,5.40625,0.596834,3.226636,35.067013
SPHINCS+-SHA2-128f-simple_run29,active,10.930513,5.3975,0.594331,3.207903,35.107893
SPHINCS+-SHA2-128f-simple_run29,active,10.943253,5.3975,0.59594,3.216588,35.148871
SPHINCS+-SHA2-128f-simple_run29,active,10.955995,5.3975,0.595583,3.214658,35.189833
SPHINCS+-SHA2-128f-simple_run29,active,10.968735,5.3925,0.59594,3.213609,35.230774
SPHINCS+-SHA2-128f-simple_run29,active,10.981472,5.3975,0.595583,3.214658,35.271721
SPHINCS+-SHA2-128f-simple_run29,active,10.994219,5.39625,0.595583,3.213914,35.312689
SPHINCS+-SHA2-128f-simple_run29,active,11.006963,5.3925,0.596656,3.217465,35.353691
SPHINCS+-SHA2-128f-simple_run29,active,11.019702,5.4,0.596119,3.219044,35.394698
SPHINCS+-SHA2-128f-simple_run29,active,11.032443,5.39625,0.595404,3.212949,35.435635
SPHINCS+-SHA2-128f-simple_run29,active,11.045186,5.3975,0.594868,3.210798,35.476548
SPHINCS+-SHA2-128f-simple_run29,active,11.057926,5.40125,0.59594,3.218823,35.517559
SPHINCS+-SHA2-128f-simple_run29,active,11.070665,5.39375,0.595583,3.212425,35.558481
SPHINCS+-SHA2-128f-simple_run29,active,11.083404,5.3975,0.594689,3.209833,35.59937
SPHINCS+-SHA2-128f-simple_run29,active,11.09615,5.39625,0.595225,3.211984,35.64031
SPHINCS+-SHA2-128f-simple_run29,active,11.108896,5.39125,0.594331,3.204188,35.68115
SPHINCS+-SHA2-128f-simple_run29,active,11.121633,5.39625,0.595046,3.211019,35.722051
SPHINCS+-SHA2-128f-simple_run29,active,11.134372,5.3975,0.595046,3.211763,35.762966
SPHINCS+-SHA2-128f-simple_run29,active,11.147111,5.39875,0.595225,3.213472,35.803901
SPHINCS+-SHA2-128f-simple_run29,active,11.159882,5.39625,0.593795,3.204265,35.844824
SPHINCS+-SHA2-128f-simple_run29,active,11.172626,5.39625,0.594868,3.210054,35.885731
SPHINCS+-SHA2-128f-simple_run29,active,11.185365,5.39625,0.595225,3.211984,35.926648
SPHINCS+-SHA2-128f-simple_run29,active,11.198113,5.3975,0.592364,3.197287,35.967408
SPHINCS+-SHA2-128f-simple_run29,active,11.210857,5.39625,0.595046,3.211019,36.00833
SPHINCS+-SHA2-128f-simple_run29,active,11.223598,5.3975,0.594868,3.210798,36.049238
SPHINCS+-SHA2-128f-simple_run29,active,11.23634,5.39875,0.595762,3.216368,36.09022
SPHINCS+-SHA2-128f-simple_run29,active,11.249081,5.39625,0.592543,3.197511,36.13096
SPHINCS+-SHA2-128f-simple_run29,active,11.261821,5.39625,0.595583,3.213914,36.171905
SPHINCS+-SHA2-128f-simple_run29,active,11.274561,5.395,0.595404,3.212205,36.212831
SPHINCS+-SHA2-128f-simple_run29,active,11.2873,5.39625,0.598622,3.230316,36.253982
SPHINCS+-SHA2-128f-simple_run29,active,11.300049,5.39625,0.595404,3.212949,36.294943
SPHINCS+-SHA2-128f-simple_run29,active,11.312795,5.395,0.596834,3.219922,36.335984
SPHINCS+-SHA2-128f-simple_run29,active,11.325535,5.39875,0.596119,3.218299,36.376984
SPHINCS+-SHA2-128f-simple_run29,active,11.338277,5.39625,0.594331,3.20716,36.417849
SPHINCS+-SHA2-128f-simple_run29,active,11.351016,5.3975,0.59594,3.216588,36.458828
SPHINCS+-SHA2-128f-simple_run29,active,11.363756,5.39875,0.59594,3.217333,36.499815
SPHINCS+-SHA2-128f-simple_run29,active,11.376499,5.3975,0.596119,3.217553,36.540816
SPHINCS+-SHA2-128f-simple_run29,active,11.389238,5.3975,0.59594,3.216588,36.581793
SPHINCS+-SHA2-128f-simple_run29,active,11.401986,5.3975,0.59594,3.216588,36.622799
SPHINCS+-SHA2-128f-simple_run29,active,11.41473,5.39625,0.595583,3.213914,36.663756
SPHINCS+-SHA2-128f-simple_run29,active,11.427473,5.39375,0.597013,3.22014,36.704789
SPHINCS+-SHA2-128f-simple_run29,active,11.440216,5.3975,0.595762,3.215623,36.745766
SPHINCS+-SHA2-128f-simple_run29,active,11.452957,5.39625,0.593795,3.204265,36.786594
SPHINCS+-SHA2-128f-simple_run29,active,11.465697,5.3975,0.597371,3.224309,36.827669
SPHINCS+-SHA2-128f-simple_run29,active,11.478468,5.39875,0.596119,3.218299,36.868771
SPHINCS+-SHA2-128f-simple_run29,active,11.494092,5.39125,0.596834,3.217683,36.919044
SPHINCS+-SHA2-128f-simple_run29,active,11.50688,5.39625,0.600053,3.238035,36.960452
SPHINCS+-SHA2-128f-simple_run29,active,11.519631,5.395,0.597013,3.220886,37.00152
SPHINCS+-SHA2-128f-simple_run29,active,11.532377,5.395,0.595225,3.21124,37.042452
SPHINCS+-SHA2-128f-simple_run29,active,11.545118,5.39375,0.595762,3.213389,37.083393
SPHINCS+-SHA2-128f-simple_run29,active,11.557859,5.39875,0.59755,3.226021,37.124495
SPHINCS+-SHA2-128f-simple_run29,active,11.570597,5.3975,0.595583,3.214658,37.165446
SPHINCS+-SHA2-128f-simple_run29,active,11.583337,5.39625,0.595583,3.213914,37.206391
SPHINCS+-SHA2-128f-simple_run29,active,11.59608,5.39875,0.596834,3.22216,37.24745
SPHINCS+-SHA2-128f-simple_run29,active,11.608824,5.39625,0.599159,3.233211,37.288653
SPHINCS+-SHA2-128f-simple_run29,active,11.621568,5.39625,0.595225,3.211984,37.329587
SPHINCS+-SHA2-128f-simple_run29,active,11.634309,5.3975,0.597013,3.222379,37.370645
SPHINCS+-SHA2-128f-simple_run29,active,11.647049,5.3975,0.593616,3.204042,37.411463
SPHINCS+-SHA2-128f-simple_run29,active,11.659791,5.3975,0.596119,3.217553,37.452463
SPHINCS+-SHA2-128f-simple_run29,active,11.672535,5.39625,0.595046,3.211019,37.493383
SPHINCS+-SHA2-128f-simple_run29,active,11.685274,5.3975,0.595404,3.213693,37.534323
SPHINCS+-SHA2-128f-simple_run29,active,11.698015,5.39625,0.594331,3.20716,37.575185
SPHINCS+-SHA2-128f-simple_run29,active,11.710763,5.3975,0.595583,3.214658,37.616166
SPHINCS+-SHA2-128f-simple_run29,active,11.723508,5.3975,0.59594,3.216588,37.657161
SPHINCS+-SHA2-128f-simple_run29,active,11.736256,5.39625,0.597728,3.225492,37.698279
SPHINCS+-SHA2-128f-simple_run29,active,11.749011,5.39875,0.595583,3.215403,37.739293
SPHINCS+-SHA2-128f-simple_run29,active,11.761752,5.39625,0.59594,3.215843,37.780265
SPHINCS+-SHA2-128f-simple_run29,active,11.774495,5.39625,0.595762,3.214879,37.821231
SPHINCS+-SHA2-128f-simple_run29,active,11.787236,5.39375,0.599695,3.234606,37.862443
SPHINCS+-SHA2-128f-simple_run29,active,11.799977,5.39625,0.596119,3.216808,37.90343
SPHINCS+-SHA2-128f-simple_run29,active,11.812728,5.39875,0.595583,3.215403,37.944428
SPHINCS+-SHA2-128f-simple_run29,active,11.825473,5.3975,0.59451,3.208868,37.985326
SPHINCS+-SHA2-128f-simple_run29,active,11.838214,5.3975,0.597728,3.226239,38.026431
SPHINCS+-SHA2-128f-simple_run29,active,11.850956,5.37625,0.595225,3.200079,38.067206
SPHINCS+-SHA2-128f-simple_run29,active,11.863697,5.39625,0.595583,3.213914,38.108155
SPHINCS+-SHA2-128f-simple_run29,active,11.87644,5.40125,0.596119,3.219789,38.149184
SPHINCS+-SHA2-128f-simple_run29,active,11.889182,5.395,0.595583,3.213169,38.190126
SPHINCS+-SHA2-128f-simple_run29,active,11.901922,5.39625,0.594152,3.206195,38.230975
SPHINCS+-SHA2-128f-simple_run29,active,11.914673,5.3975,0.595225,3.212728,38.27194
SPHINCS+-SHA2-128f-simple_run29,active,11.927418,5.39625,0.595046,3.211019,38.312865
SPHINCS+-SHA2-128f-simple_run29,active,11.940162,5.39625,0.595583,3.213914,38.353823
SPHINCS+-SHA2-128f-simple_run29,active,11.952905,5.3975,0.595583,3.214658,38.394785
SPHINCS+-SHA2-128f-simple_run29,active,11.965645,5.39125,0.595404,3.209972,38.435683
SPHINCS+-SHA2-128f-simple_run29,active,11.978386,5.39125,0.594689,3.206116,38.476531
SPHINCS+-SHA2-128f-simple_run29,active,11.991127,5.3975,0.59594,3.216588,38.517514
SPHINCS+-SHA2-128f-simple_run29,active,12.003871,5.3975,0.595583,3.214658,38.558482
SPHINCS+-SHA2-128f-simple_run29,active,12.016621,5.3975,0.597371,3.224309,38.59959
SPHINCS+-SHA2-128f-simple_run29,active,12.029366,5.39625,0.595404,3.212949,38.640538
SPHINCS+-SHA2-128f-simple_run29,active,12.042107,5.395,0.594689,3.208346,38.681417
SPHINCS+-SHA2-128f-simple_run29,active,12.054847,5.3975,0.596119,3.217553,38.722409
SPHINCS+-SHA2-128f-simple_run29,active,12.067589,5.4,0.593616,3.205526,38.763254
SPHINCS+-SHA2-128f-simple_run29,active,12.080334,5.3975,0.595404,3.213693,38.804211
SPHINCS+-SHA2-128f-simple_run29,active,12.093076,5.3975,0.595583,3.214658,38.845173
SPHINCS+-SHA2-128f-simple_run29,active,12.105816,5.39625,0.595583,3.213914,38.88612
SPHINCS+-SHA2-128f-simple_run29,active,12.118565,5.39625,0.594868,3.210054,38.927043
SPHINCS+-SHA2-128f-simple_run29,active,12.13131,5.39625,0.594689,3.209089,38.967943
SPHINCS+-SHA2-128f-simple_run29,active,12.144053,5.3975,0.594868,3.210798,39.00886
SPHINCS+-SHA2-128f-simple_run29,active,12.156796,5.39875,0.592364,3.198027,39.04961
SPHINCS+-SHA2-128f-simple_run29,active,12.169536,5.395,0.594868,3.209311,39.090496
SPHINCS+-SHA2-128f-simple_run29,active,12.182278,5.395,0.595225,3.21124,39.131414
SPHINCS+-SHA2-128f-simple_run29,active,12.195019,5.39875,0.594868,3.211541,39.172333
SPHINCS+-SHA2-128f-simple_run29,active,12.20776,5.395,0.593258,3.200629,39.213111
SPHINCS+-SHA2-128f-simple_run29,active,12.220509,5.39625,0.595046,3.211019,39.25405
SPHINCS+-SHA2-128f-simple_run29,active,12.233252,5.3975,0.595046,3.211763,39.294976
SPHINCS+-SHA2-128f-simple_run29,active,12.245993,5.3975,0.602377,3.251331,39.336404
SPHINCS+-SHA2-128f-simple_run29,active,12.258734,5.3975,0.595046,3.211763,39.377324
SPHINCS+-SHA2-128f-simple_run29,active,12.271474,5.3975,0.595046,3.211763,39.418242
SPHINCS+-SHA2-128f-simple_run29,active,12.284218,5.39625,0.595225,3.211984,39.459174
SPHINCS+-SHA2-128f-simple_run29,active,12.296961,5.39,0.59594,3.212119,39.500107
SPHINCS+-SHA2-128f-simple_run29,active,12.3097,5.3975,0.595762,3.215623,39.541072
SPHINCS+-SHA2-128f-simple_run29,active,12.322501,5.39875,0.595583,3.215403,39.582231
SPHINCS+-SHA2-128f-simple_run29,active,12.335247,5.39625,0.594152,3.206195,39.623099
SPHINCS+-SHA2-128f-simple_run29,active,12.347995,5.395,0.597371,3.222815,39.664181
SPHINCS+-SHA2-128f-simple_run29,active,12.360737,5.4,0.595583,3.216147,39.705163
SPHINCS+-SHA2-128f-simple_run29,active,12.373477,5.39625,0.59451,3.208125,39.746034
SPHINCS+-SHA2-128f-simple_run29,active,12.38622,5.395,0.743093,4.008986,39.797118
SPHINCS+-SHA2-128f-simple_run29,active,12.398959,5.3975,0.598801,3.232029,39.838294
SPHINCS+-SHA2-128f-simple_run29,active,12.411701,5.3975,0.595404,3.213693,39.879241
SPHINCS+-SHA2-128f-simple_run29,active,12.424451,5.39625,0.594331,3.20716,39.920132
SPHINCS+-SHA2-128f-simple_run29,active,12.437194,5.3975,0.595583,3.214658,39.961098
SPHINCS+-SHA2-128f-simple_run29,active,12.449938,5.39875,0.59594,3.217333,40.002098
SPHINCS+-SHA2-128f-simple_run29,active,12.46268,5.39625,0.596477,3.218738,40.043112
SPHINCS+-SHA2-128f-simple_run29,active,12.475422,5.3975,0.595762,3.215623,40.084087
SPHINCS+-SHA2-128f-simple_run29,active,12.488166,5.3975,0.595583,3.214658,40.125053
SPHINCS+-SHA2-128f-simple_run29,active,12.500909,5.39875,0.59451,3.209611,40.165952
SPHINCS+-SHA2-128f-simple_run29,active,12.513649,5.3975,0.595046,3.211763,40.206872
SPHINCS+-SHA2-128f-simple_run29,active,12.526397,5.39125,0.595404,3.209972,40.247792
SPHINCS+-SHA2-128f-simple_run29,active,12.539144,5.39625,0.595225,3.211984,40.288735
SPHINCS+-SHA2-128f-simple_run29,active,12.551889,5.3975,0.595225,3.212728,40.32968
SPHINCS+-SHA2-128f-simple_run29,active,12.564631,5.39625,0.595046,3.211019,40.370598
SPHINCS+-SHA2-128f-simple_run29,active,12.577376,5.4,0.59594,3.218078,40.41161
SPHINCS+-SHA2-128f-simple_run29,active,12.590118,5.39625,0.595225,3.211984,40.452539
SPHINCS+-SHA2-128f-simple_run29,active,12.60286,5.39875,0.595225,3.213472,40.493485
SPHINCS+-SHA2-128f-simple_run29,active,12.615602,5.3975,0.59594,3.216588,40.534469
SPHINCS+-SHA2-128f-simple_run29,active,12.628353,5.395,0.595225,3.21124,40.575415
SPHINCS+-SHA2-128f-simple_run29,active,12.641101,5.3975,0.595225,3.212728,40.616371
SPHINCS+-SHA2-128f-simple_run29,active,12.653843,5.3975,0.594689,3.209833,40.657272
SPHINCS+-SHA2-128f-simple_run29,active,12.666586,5.395,0.596656,3.218957,40.698292
SPHINCS+-SHA2-128f-simple_run29,active,12.67933,5.3975,0.595583,3.214658,40.739258
SPHINCS+-SHA2-128f-simple_run29,active,12.692074,5.3975,0.595762,3.215623,40.780239
SPHINCS+-SHA2-128f-simple_run29,active,12.704817,5.395,0.59594,3.215098,40.821208
SPHINCS+-SHA2-128f-simple_run29,active,12.717558,5.39625,0.59594,3.215843,40.862182
SPHINCS+-SHA2-128f-simple_run29,active,12.730307,5.39375,0.594689,3.207603,40.903074
SPHINCS+-SHA2-128f-simple_run29,active,12.743068,5.38,0.59594,3.206159,40.94399
SPHINCS+-SHA2-128f-simple_run29,active,12.755812,5.39875,0.589861,3.184513,40.984572
SPHINCS+-SHA2-128f-simple_run29,active,12.771398,5.39875,0.59594,3.217333,41.034719
SPHINCS+-SHA2-128f-simple_run29,active,12.784158,5.39625,0.596834,3.220668,41.075812
SPHINCS+-SHA2-128f-simple_run29,active,12.796903,5.3975,0.595225,3.212728,41.116759
SPHINCS+-SHA2-128f-simple_run29,active,12.809664,5.39375,0.595225,3.210496,41.157729
SPHINCS+-SHA2-128f-simple_run29,active,12.822425,5.38875,0.596119,3.212337,41.198722
SPHINCS+-SHA2-128f-simple_run29,active,12.835214,5.3825,0.596119,3.208612,41.239755
SPHINCS+-SHA2-128f-simple_run29,active,12.847954,5.38875,0.596119,3.212337,41.280682
SPHINCS+-SHA2-128f-simple_run29,active,12.860397,5.3875,0.600589,3.235674,41.320944
SPHINCS+-SHA2-128f-simple_run29,active,12.872838,5.3875,0.595762,3.209666,41.360875
SPHINCS+-SHA2-128f-simple_run29,active,12.885276,5.38625,0.595046,3.205069,41.400739
SPHINCS+-SHA2-128f-simple_run29,active,12.897715,5.3875,0.595583,3.208702,41.440653
SPHINCS+-SHA2-128f-simple_run29,active,12.910185,5.38875,0.595225,3.20752,41.480651
SPHINCS+-SHA2-128f-simple_run29,active,12.922622,5.38875,0.595225,3.20752,41.520541
SPHINCS+-SHA2-128f-simple_run29,active,12.935067,5.38625,0.59594,3.209884,41.560489
SPHINCS+-SHA2-128f-simple_run29,active,12.947517,5.39875,0.595046,3.212507,41.600483
SPHINCS+-SHA2-128f-simple_run29,active,12.960264,5.39625,0.595583,3.213914,41.641451
SPHINCS+-SHA2-128f-simple_run29,active,12.973008,5.3975,0.595583,3.214658,41.682419
SPHINCS+-SHA2-128f-simple_run29,active,12.98575,5.4,0.59451,3.210354,41.723327
SPHINCS+-SHA2-128f-simple_run29,active,12.998491,5.39625,0.595404,3.212949,41.764262
SPHINCS+-SHA2-128f-simple_run29,active,13.01123,5.39625,0.59594,3.215843,41.805228
SPHINCS+-SHA2-128f-simple_run29,active,13.023971,5.39875,0.594331,3.208646,41.84611
SPHINCS+-SHA2-128f-simple_run29,active,13.036715,5.4025,0.595046,3.214738,41.887079
SPHINCS+-SHA2-128f-simple_run29,active,13.049463,5.395,0.595225,3.21124,41.928016
SPHINCS+-SHA2-128f-simple_run29,active,13.062205,5.3975,0.595046,3.211763,41.96894
SPHINCS+-SHA2-128f-simple_run29,active,13.074946,5.39625,0.595046,3.211019,42.009852
SPHINCS+-SHA2-128f-simple_run29,active,13.087688,5.39625,0.597728,3.225492,42.050952
SPHINCS+-SHA2-128f-simple_run29,active,13.100433,5.39625,0.594868,3.210054,42.091863
SPHINCS+-SHA2-128f-simple_run29,active,13.113198,5.3975,0.596834,3.221414,42.132985
SPHINCS+-SHA2-128f-simple_run29,active,13.125941,5.40125,0.595762,3.217857,42.173988
SPHINCS+-SHA2-128f-simple_run29,active,13.138687,5.3975,0.595583,3.214658,42.214964
SPHINCS+-SHA2-128f-simple_run29,active,13.151432,5.39625,0.595583,3.213914,42.255926
SPHINCS+-SHA2-128f-simple_run29,active,13.164175,5.395,0.595046,3.210275,42.296833
SPHINCS+-SHA2-128f-simple_run29,active,13.176918,5.39875,0.595225,3.213472,42.337781
SPHINCS+-SHA2-128f-simple_run29,active,13.189659,5.39625,0.595583,3.213914,42.37873
SPHINCS+-SHA2-128f-simple_run29,active,13.2024,5.395,0.595225,3.21124,42.419646
SPHINCS+-SHA2-128f-simple_run29,active,13.21514,5.39875,0.593795,3.20575,42.460487
SPHINCS+-SHA2-128f-simple_run29,active,13.227884,5.3975,0.597728,3.226239,42.501601
SPHINCS+-SHA2-128f-simple_run29,active,13.24063,5.39625,0.595583,3.213914,42.542565
SPHINCS+-SHA2-128f-simple_run29,active,13.253374,5.3975,0.594868,3.210798,42.583485
SPHINCS+-SHA2-128f-simple_run29,active,13.266116,5.3875,0.592901,3.194253,42.624186
SPHINCS+-SHA2-128f-simple_run29,active,13.278855,5.3975,0.594868,3.210798,42.66509
SPHINCS+-SHA2-128f-simple_run29,active,13.291598,5.395,0.595046,3.210275,42.705997
SPHINCS+-SHA2-128f-simple_run29,active,13.304342,5.4,0.596119,3.219044,42.74702
SPHINCS+-SHA2-128f-simple_run29,active,13.317083,5.39625,0.597371,3.223562,42.788093
SPHINCS+-SHA2-128f-simple_run29,active,13.329824,5.39625,0.595046,3.211019,42.829004
SPHINCS+-SHA2-128f-simple_run29,active,13.342574,5.39625,0.595225,3.211984,42.869955
SPHINCS+-SHA2-128f-simple_run29,active,13.355327,5.39625,0.597907,3.226457,42.911104
SPHINCS+-SHA2-128f-simple_run29,active,13.36807,5.39625,0.59594,3.215843,42.952082
SPHINCS+-SHA2-128f-simple_run29,active,13.380813,5.3975,0.595583,3.214658,42.993046
SPHINCS+-SHA2-128f-simple_run29,active,13.393553,5.3975,0.595225,3.212728,43.033977
SPHINCS+-SHA2-128f-simple_run29,active,13.406293,5.3975,0.595225,3.212728,43.074908
SPHINCS+-SHA2-128f-simple_run29,active,13.419033,5.39625,0.595225,3.211984,43.11583
SPHINCS+-SHA2-128f-simple_run29,active,13.431771,5.39625,0.595225,3.211984,43.156743
SPHINCS+-SHA2-128f-simple_run29,active,13.444522,5.39625,0.597013,3.221632,43.197821
SPHINCS+-SHA2-128f-simple_run29,active,13.457265,5.39625,0.595046,3.211019,43.238739
SPHINCS+-SHA2-128f-simple_run29,active,13.470006,5.39625,0.596834,3.220668,43.279775
SPHINCS+-SHA2-128f-simple_run29,active,13.482746,5.3975,0.594868,3.210798,43.32068
SPHINCS+-SHA2-128f-simple_run29,active,13.495487,5.39625,0.601483,3.245754,43.362033
SPHINCS+-SHA2-128f-simple_run29,active,13.508228,5.39375,0.595404,3.21146,43.402952
SPHINCS+-SHA2-128f-simple_run29,active,13.520969,5.3975,0.595046,3.211763,43.443872
SPHINCS+-SHA2-128f-simple_run29,active,13.53371,5.3975,0.595583,3.214658,43.48483
SPHINCS+-SHA2-128f-simple_run29,active,13.546498,5.39875,0.595762,3.216368,43.525961
SPHINCS+-SHA2-128f-simple_run29,active,13.559242,5.39625,0.595046,3.211019,43.566881
SPHINCS+-SHA2-128f-simple_run29,active,13.571984,5.39625,0.595046,3.211019,43.607798
SPHINCS+-SHA2-128f-simple_run29,active,13.584725,5.3925,0.594331,3.204931,43.648632
SPHINCS+-SHA2-128f-simple_run29,active,13.597466,5.395,0.594868,3.209311,43.689521
SPHINCS+-SHA2-128f-simple_run29,active,13.610206,5.3975,0.595046,3.211763,43.730437
SPHINCS+-SHA2-128f-simple_run29,active,13.622943,5.39625,0.594868,3.210054,43.771327
SPHINCS+-SHA2-128f-simple_run29,active,13.635682,5.3975,0.596298,3.218518,43.812327
SPHINCS+-SHA2-128f-simple_run29,active,13.648431,5.39625,0.595225,3.211984,43.853276
SPHINCS+-SHA2-128f-simple_run29,active,13.661199,5.39625,0.59594,3.215843,43.894335
SPHINCS+-SHA2-128f-simple_run29,active,13.673944,5.39625,0.596119,3.216808,43.935335
SPHINCS+-SHA2-128f-simple_run29,active,13.686688,5.39875,0.597192,3.22409,43.976421
SPHINCS+-SHA2-128f-simple_run29,active,13.69943,5.39625,0.594689,3.209089,44.01731
SPHINCS+-SHA2-128f-simple_run29,active,13.712175,5.3975,0.595225,3.212728,44.058257
SPHINCS+-SHA2-128f-simple_run29,active,13.724917,5.39875,0.595046,3.212507,44.099193
SPHINCS+-SHA2-128f-simple_run29,active,13.73766,5.39875,0.595404,3.214437,44.140154
SPHINCS+-SHA2-128f-simple_run29,active,13.750427,5.39625,0.595225,3.211984,44.18116
SPHINCS+-SHA2-128f-simple_run29,active,13.763175,5.39375,0.594689,3.207603,44.22205
SPHINCS+-SHA2-128f-simple_run29,active,13.775921,5.3825,0.595225,3.2038,44.262888
SPHINCS+-SHA2-128f-simple_run29,active,13.788662,5.3975,0.595046,3.211763,44.303809
SPHINCS+-SHA2-128f-simple_run29,active,13.801403,5.39875,0.595404,3.214437,44.344763
SPHINCS+-SHA2-128f-simple_run29,active,13.814146,5.39625,0.59594,3.215843,44.385741
SPHINCS+-SHA2-128f-simple_run29,active,13.826886,5.39625,0.595583,3.213914,44.426689
SPHINCS+-SHA2-128f-simple_run29,active,13.839627,5.39625,0.595046,3.211019,44.467601
SPHINCS+-SHA2-128f-simple_run29,active,13.852377,5.39875,0.594689,3.210576,44.508534
SPHINCS+-SHA2-128f-simple_run29,active,13.865122,5.39625,0.590576,3.186898,44.549151
SPHINCS+-SHA2-128f-simple_run29,active,13.877867,5.3825,0.596834,3.212461,44.590095
SPHINCS+-SHA2-128f-simple_run29,active,13.890608,5.3975,0.595225,3.212728,44.631027
SPHINCS+-SHA2-128f-simple_run29,active,13.903349,5.39625,0.595583,3.213914,44.671975
SPHINCS+-SHA2-128f-simple_run29,active,13.916092,5.39625,0.592901,3.199441,44.712745
SPHINCS+-SHA2-128f-simple_run29,active,13.928833,5.395,0.595583,3.213169,44.753686
SPHINCS+-SHA2-128f-simple_run29,active,13.941572,5.39625,0.595583,3.213914,44.794628
SPHINCS+-SHA2-128f-simple_run29,active,13.954325,5.39625,0.601126,3.243824,44.835997
SPHINCS+-SHA2-128f-simple_run29,active,13.96707,5.3975,0.59594,3.216588,44.87699
SPHINCS+-SHA2-128f-simple_run29,active,13.979835,5.3825,0.59594,3.207649,44.917936
SPHINCS+-SHA2-128f-simple_run29,active,13.992583,5.395,0.59594,3.215098,44.958922
SPHINCS+-SHA2-128f-simple_run29,active,14.005324,5.39625,0.595225,3.211984,44.999846
SPHINCS+-SHA2-128f-simple_run29,active,14.018066,5.395,0.596119,3.216063,45.040825
SPHINCS+-SHA2-128f-simple_run29,active,14.030807,5.3975,0.59594,3.216588,45.081807
SPHINCS+-SHA2-128f-simple_run29,active,14.046455,5.3975,0.596477,3.219484,45.132186
SPHINCS+-SHA2-128f-simple_run29,active,14.059227,5.3975,0.59594,3.216588,45.173268
SPHINCS+-SHA2-128f-simple_run29,active,14.071978,5.3975,0.594331,3.207903,45.214173
SPHINCS+-SHA2-128f-simple_run29,active,14.084722,5.3975,0.597907,3.227204,45.2553
SPHINCS+-SHA2-128f-simple_run29,active,14.097462,5.3975,0.595225,3.212728,45.29623
SPHINCS+-SHA2-128f-simple_run29,active,14.110202,5.39625,0.595046,3.211019,45.33714
SPHINCS+-SHA2-128f-simple_run29,active,14.122943,5.3975,0.595046,3.211763,45.378058
SPHINCS+-SHA2-128f-simple_run29,active,14.135682,5.39375,0.597192,3.221104,45.419094
SPHINCS+-SHA2-128f-simple_run29,active,14.148426,5.39625,0.59451,3.208125,45.459977
SPHINCS+-SHA2-128f-simple_run29,active,14.161202,5.39625,0.594689,3.209089,45.500979
SPHINCS+-SHA2-128f-simple_run29,active,14.173947,5.39625,0.595583,3.213914,45.541939
SPHINCS+-SHA2-128f-simple_run29,active,14.186686,5.39375,0.597907,3.224962,45.583022
SPHINCS+-SHA2-128f-simple_run29,active,14.199426,5.395,0.594689,3.208346,45.623897
SPHINCS+-SHA2-128f-simple_run29,active,14.212167,5.395,0.595762,3.214134,45.664848
SPHINCS+-SHA2-128f-simple_run29,active,14.224907,5.4,0.595046,3.213251,45.705785
SPHINCS+-SHA2-128f-simple_run29,active,14.237646,5.39625,0.595046,3.211019,45.74669
SPHINCS+-SHA2-128f-simple_run29,active,14.250387,5.39625,0.595225,3.211984,45.787612
SPHINCS+-SHA2-128f-simple_run29,active,14.263133,5.3975,0.596298,3.218518,45.828637
SPHINCS+-SHA2-128f-simple_run29,active,14.27588,5.39875,0.596477,3.220229,45.869684
SPHINCS+-SHA2-128f-simple_run29,active,14.288622,5.3875,0.598265,3.223152,45.910753
SPHINCS+-SHA2-128f-simple_run29,active,14.301362,5.3975,0.595046,3.211763,45.951671
SPHINCS+-SHA2-128f-simple_run29,active,14.314103,5.39625,0.591828,3.193652,45.992361
SPHINCS+-SHA2-128f-simple_run29,active,14.326843,5.39625,0.596119,3.216808,46.033344
SPHINCS+-SHA2-128f-simple_run29,active,14.339582,5.3975,0.595046,3.211763,46.074258
SPHINCS+-SHA2-128f-simple_run29,active,14.352324,5.3975,0.595046,3.211763,46.115183
SPHINCS+-SHA2-128f-simple_run29,active,14.365073,5.39625,0.59594,3.215843,46.156181
SPHINCS+-SHA2-128f-simple_run29,active,14.377817,5.395,0.594689,3.208346,46.197068
SPHINCS+-SHA2-128f-simple_run29,active,14.390559,5.3825,0.600232,3.230747,46.238235
SPHINCS+-SHA2-128f-simple_run29,active,14.403299,5.3975,0.597371,3.224309,46.279311
SPHINCS+-SHA2-128f-simple_run29,active,14.416041,5.39625,0.595583,3.213914,46.320264
SPHINCS+-SHA2-128f-simple_run29,active,14.428782,5.39875,0.595583,3.215403,46.361232
SPHINCS+-SHA2-128f-simple_run29,active,14.44152,5.3975,0.595762,3.215623,46.402194
SPHINCS+-SHA2-128f-simple_run29,active,14.454259,5.4025,0.595225,3.215704,46.443158
SPHINCS+-SHA2-128f-simple_run29,active,14.467006,5.395,0.596119,3.216063,46.484154
SPHINCS+-SHA2-128f-simple_run29,active,14.479751,5.3975,0.594868,3.210798,46.525074
SPHINCS+-SHA2-128f-simple_run29,active,14.492491,5.385,0.607205,3.269798,46.566732
SPHINCS+-SHA2-128f-simple_run29,active,14.505234,5.395,0.592722,3.197735,46.607482
SPHINCS+-SHA2-128f-simple_run29,active,14.517975,5.40375,0.592901,3.203888,46.648301
SPHINCS+-SHA2-128f-simple_run29,active,14.530715,5.39875,0.592901,3.200923,46.68908
SPHINCS+-SHA2-128f-simple_run29,active,14.543454,5.40125,0.595225,3.21496,46.730037
SPHINCS+-SHA2-128f-simple_run29,active,14.556197,5.39625,0.595762,3.214879,46.771002
SPHINCS+-SHA2-128f-simple_run29,active,14.568944,5.3975,0.59594,3.216588,46.812006
SPHINCS+-SHA2-128f-simple_run29,active,14.581688,5.39625,0.596119,3.216808,46.853001
SPHINCS+-SHA2-128f-simple_run29,active,14.594432,5.38125,0.60041,3.230958,46.894177
SPHINCS+-SHA2-128f-simple_run29,active,14.607174,5.39625,0.595225,3.211984,46.935102
SPHINCS+-SHA2-128f-simple_run29,active,14.619915,5.395,0.595225,3.21124,46.976018
SPHINCS+-SHA2-128f-simple_run29,active,14.632656,5.39625,0.595046,3.211019,47.01693
SPHINCS+-SHA2-128f-simple_run29,active,14.645396,5.39875,0.595225,3.213472,47.057869
SPHINCS+-SHA2-128f-simple_run29,active,14.658137,5.3975,0.595404,3.213693,47.098815
SPHINCS+-SHA2-128f-simple_run29,active,14.670883,5.3975,0.596119,3.217553,47.139826
SPHINCS+-SHA2-128f-simple_run29,active,14.683629,5.40375,0.594689,3.21355,47.180785
SPHINCS+-SHA2-128f-simple_run29,active,14.69637,5.3825,0.597907,3.218236,47.221787
SPHINCS+-SHA2-128f-simple_run29,active,14.709111,5.39875,0.59594,3.217333,47.262779
SPHINCS+-SHA2-128f-simple_run29,active,14.721852,5.39625,0.595583,3.213914,47.303728
SPHINCS+-SHA2-128f-simple_run29,active,14.734596,5.4025,0.598265,3.232126,47.34492
SPHINCS+-SHA2-128f-simple_run29,active,14.747351,5.3725,0.594152,3.192084,47.385634
SPHINCS+-SHA2-128f-simple_run29,active,14.760096,5.3975,0.59594,3.216588,47.426631
SPHINCS+-SHA2-128f-simple_run29,active,14.772846,5.3975,0.594152,3.206938,47.467519
SPHINCS+-SHA2-128f-simple_run29,active,14.785592,5.3975,0.597728,3.226239,47.50864
SPHINCS+-SHA2-128f-simple_run29,active,14.798335,5.3825,0.595762,3.206687,47.549504
SPHINCS+-SHA2-128f-simple_run29,active,14.811077,5.3975,0.59594,3.216588,47.590488
SPHINCS+-SHA2-128f-simple_run29,active,14.823863,5.39375,0.588252,3.172884,47.631056
SPHINCS+-SHA2-128f-simple_run29,active,14.83661,5.39625,0.596119,3.216808,47.672062
SPHINCS+-SHA2-128f-simple_run29,active,14.849351,5.39625,0.595583,3.213914,47.713009
SPHINCS+-SHA2-128f-simple_run29,active,14.862091,5.39625,0.596119,3.216808,47.753993
SPHINCS+-SHA2-128f-simple_run29,active,14.874841,5.39625,0.595225,3.211984,47.794944
SPHINCS+-SHA2-128f-simple_run29,active,14.887588,5.395,0.596834,3.219922,47.835988
SPHINCS+-SHA2-128f-simple_run29,active,14.900332,5.395,0.596477,3.217992,47.876999
SPHINCS+-SHA2-128f-simple_run29,active,14.913075,5.3975,0.589861,3.183776,47.917571
SPHINCS+-SHA2-128f-simple_run29,active,14.925814,5.39625,0.597907,3.226457,47.958673
SPHINCS+-SHA2-128f-simple_run29,active,14.938553,5.3975,0.595225,3.212728,47.999598
SPHINCS+-SHA2-128f-simple_run29,active,14.951292,5.39875,0.595046,3.212507,48.040523
SPHINCS+-SHA2-128f-simple_run29,active,14.964035,5.39625,0.595583,3.213914,48.081478
SPHINCS+-SHA2-128f-simple_run29,active,14.976784,5.395,0.594868,3.209311,48.122395
SPHINCS+-SHA2-128f-simple_run29,active,14.989532,5.39875,0.595583,3.215403,48.163383
SPHINCS+-SHA2-128f-simple_run29,active,15.002274,5.39375,0.598801,3.229784,48.204536
SPHINCS+-SHA2-128f-simple_run29,active,15.015016,5.39625,0.595225,3.211984,48.245463
SPHINCS+-SHA2-128f-simple_run29,active,15.027759,5.3975,0.595404,3.213693,48.286415
SPHINCS+-SHA2-128f-simple_run29,active,15.040501,5.39625,0.595046,3.211019,48.32733
SPHINCS+-SHA2-128f-simple_run29,active,15.05324,5.4,0.597907,3.228699,48.368461
SPHINCS+-SHA2-128f-simple_run29,active,15.065981,5.3975,0.595046,3.211763,48.409383
SPHINCS+-SHA2-128f-simple_run29,active,15.078728,5.39625,0.595225,3.211984,48.450326
SPHINCS+-SHA2-128f-simple_run29,active,15.091473,5.39875,0.595225,3.213472,48.491281
SPHINCS+-SHA2-128f-simple_run29,active,15.104215,5.39875,0.600589,3.242431,48.532598
SPHINCS+-SHA2-128f-simple_run29,active,15.116958,5.39875,0.595583,3.215403,48.573572
SPHINCS+-SHA2-128f-simple_run29,active,15.129699,5.39625,0.595046,3.211019,48.614482
SPHINCS+-SHA2-128f-simple_run29,active,15.142472,5.395,0.594689,3.208346,48.655463
SPHINCS+-SHA2-128f-simple_run29,active,15.155212,5.3975,0.596119,3.217553,48.696455
SPHINCS+-SHA2-128f-simple_run29,active,15.167953,5.395,0.595404,3.212205,48.737382
SPHINCS+-SHA2-128f-simple_run29,active,15.1807,5.395,0.595404,3.212205,48.778327
SPHINCS+-SHA2-128f-simple_run29,active,15.193444,5.4,0.595583,3.216147,48.819312
SPHINCS+-SHA2-128f-simple_run29,active,15.206184,5.39625,0.595583,3.213914,48.860259
SPHINCS+-SHA2-128f-simple_run29,active,15.218924,5.3975,0.595404,3.213693,48.9012
SPHINCS+-SHA2-128f-simple_run29,active,15.231665,5.39625,0.596119,3.216808,48.942187
SPHINCS+-SHA2-128f-simple_run29,active,15.244408,5.40625,0.595046,3.21697,48.983179
SPHINCS+-SHA2-128f-simple_run29,active,15.257175,5.39625,0.595225,3.211984,49.024187
SPHINCS+-SHA2-128f-simple_run29,active,15.269914,5.3975,0.594689,3.209833,49.065077
SPHINCS+-SHA2-128f-simple_run29,active,15.28266,5.4,0.593437,3.204561,49.105922
SPHINCS+-SHA2-128f-simple_run29,active,15.295404,5.39625,0.596119,3.216808,49.146917
SPHINCS+-SHA2-128f-simple_run29,active,15.308145,5.39625,0.595404,3.212949,49.187856
SPHINCS+-SHA2-128f-simple_run29,active,15.3237,5.39625,0.599874,3.23707,49.238206
SPHINCS+-SHA2-128f-simple_run29,active,15.33646,5.39625,0.595046,3.211019,49.279179
SPHINCS+-SHA2-128f-simple_run29,active,15.349201,5.3975,0.594689,3.209833,49.320076
SPHINCS+-SHA2-128f-simple_run29,active,15.361943,5.39625,0.596119,3.216808,49.361064
SPHINCS+-SHA2-128f-simple_run29,active,15.374682,5.39625,0.59451,3.208125,49.401932
SPHINCS+-SHA2-128f-simple_run29,active,15.387431,5.39625,0.595046,3.211019,49.442869
SPHINCS+-SHA2-128f-simple_run29,active,15.400179,5.39125,0.595225,3.209008,49.483778
SPHINCS+-SHA2-128f-simple_run29,active,15.412918,5.38875,0.593795,3.199812,49.524542
SPHINCS+-SHA2-128f-simple_run29,active,15.425658,5.395,0.59594,3.215098,49.5655
SPHINCS+-SHA2-128f-simple_run29,active,15.438397,5.3975,0.595762,3.215623,49.606465
SPHINCS+-SHA2-128f-simple_run29,active,15.451137,5.395,0.595583,3.213169,49.6474
SPHINCS+-SHA2-128f-simple_run29,active,15.463879,5.40125,0.595225,3.21496,49.688365
SPHINCS+-SHA2-128f-simple_run29,active,15.476617,5.39875,0.595046,3.212507,49.729287
SPHINCS+-SHA2-128f-simple_run29,active,15.489362,5.39625,0.595046,3.211019,49.77021
SPHINCS+-SHA2-128f-simple_run29,active,15.502106,5.39125,0.594331,3.204188,49.811046
SPHINCS+-SHA2-128f-simple_run29,active,15.514846,5.3925,0.595046,3.208788,49.851924
SPHINCS+-SHA2-128f-simple_run29,active,15.527584,5.39875,0.594868,3.211541,49.892834
SPHINCS+-SHA2-128f-simple_run29,active,15.540327,5.3975,0.594868,3.210798,49.933748
SPHINCS+-SHA2-128f-simple_run29,active,15.553064,5.39125,0.594689,3.206116,49.974586
SPHINCS+-SHA2-128f-simple_run29,active,15.565805,5.3975,0.595046,3.211763,50.015506
SPHINCS+-SHA2-128f-simple_run29,active,15.578543,5.3975,0.595225,3.212728,50.056431
SPHINCS+-SHA2-128f-simple_run29,active,15.591288,5.395,0.59594,3.215098,50.097408
SPHINCS+-SHA2-128f-simple_run29,active,15.604035,5.3925,0.59594,3.213609,50.138371
SPHINCS+-SHA2-128f-simple_run29,active,15.616774,5.39625,0.596119,3.216808,50.17935
SPHINCS+-SHA2-128f-simple_run29,active,15.629515,5.39625,0.595583,3.213914,50.220296
SPHINCS+-SHA2-128f-simple_run29,active,15.642256,5.39125,0.595762,3.2119,50.26122
SPHINCS+-SHA2-128f-simple_run29,active,15.654996,5.39625,0.594868,3.210054,50.302116
SPHINCS+-SHA2-128f-simple_run29,active,15.667735,5.39625,0.596656,3.219703,50.343133
SPHINCS+-SHA2-128f-simple_run29,active,15.680476,5.39625,0.59594,3.215843,50.384107
SPHINCS+-SHA2-128f-simple_run29,active,15.693223,5.39875,0.595225,3.213472,50.425069
SPHINCS+-SHA2-128f-simple_run29,active,15.705969,5.39625,0.597371,3.223562,50.466155
SPHINCS+-SHA2-128f-simple_run29,active,15.71871,5.3975,0.594689,3.209833,50.50705
SPHINCS+-SHA2-128f-simple_run29,active,15.731452,5.3975,0.596477,3.219484,50.548073
SPHINCS+-SHA2-128f-simple_run29,active,15.744209,5.395,0.595046,3.210275,50.589029
SPHINCS+-SHA2-128f-simple_run29,active,15.756951,5.3975,0.595583,3.214658,50.629989
SPHINCS+-SHA2-128f-simple_run29,active,15.769692,5.3975,0.595762,3.215623,50.670959
SPHINCS+-SHA2-128f-simple_run29,active,15.782435,5.3975,0.599338,3.234925,50.712183
SPHINCS+-SHA2-128f-simple_run29,active,15.795183,5.39625,0.594868,3.210054,50.753102
SPHINCS+-SHA2-128f-simple_run29,active,15.807931,5.3975,0.595046,3.211763,50.794049
SPHINCS+-SHA2-128f-simple_run29,active,15.820672,5.39625,0.600589,3.240929,50.835341
SPHINCS+-SHA2-128f-simple_run29,active,15.833413,5.39625,0.595583,3.213914,50.876289
SPHINCS+-SHA2-128f-simple_run29,active,15.846154,5.39625,0.595046,3.211019,50.917201
SPHINCS+-SHA2-128f-simple_run29,active,15.858893,5.39875,0.595225,3.213472,50.958137
SPHINCS+-SHA2-128f-simple_run29,active,15.871634,5.3975,0.595225,3.212728,50.999069
SPHINCS+-SHA2-128f-simple_run29,active,15.884378,5.39625,0.595225,3.211984,51.040004
SPHINCS+-SHA2-128f-simple_run29,active,15.897124,5.39875,0.595046,3.212507,51.080949
SPHINCS+-SHA2-128f-simple_run29,active,15.90987,5.39625,0.595583,3.213914,51.121914
SPHINCS+-SHA2-128f-simple_run29,active,15.922612,5.39125,0.603271,3.252386,51.163357
SPHINCS+-SHA2-128f-simple_run29,active,15.935353,5.39875,0.595762,3.216368,51.204338
SPHINCS+-SHA2-128f-simple_run29,active,15.948095,5.39875,0.594689,3.210576,51.245247
SPHINCS+-SHA2-128f-simple_run29,active,15.960836,5.39875,0.596477,3.220229,51.286274
SPHINCS+-SHA2-128f-simple_run29,active,15.973575,5.3975,0.595225,3.212728,51.327202
SPHINCS+-SHA2-128f-simple_run29,active,15.986315,5.39625,0.596119,3.216808,51.368184
SPHINCS+-SHA2-128f-simple_run29,active,15.999063,5.3975,0.595225,3.212728,51.40914
SPHINCS+-SHA2-128f-simple_run29,active,16.01181,5.405,0.596477,3.223957,51.450234
SPHINCS+-SHA2-128f-simple_run29,active,16.024556,5.3975,0.598622,3.231064,51.491419
SPHINCS+-SHA2-128f-simple_run29,active,16.0373,5.39625,0.595225,3.211984,51.532351
SPHINCS+-SHA2-128f-simple_run29,active,16.050053,5.39625,0.595225,3.211984,51.573313
SPHINCS+-SHA2-128f-simple_run29,active,16.062792,5.39125,0.595404,3.209972,51.614207
SPHINCS+-SHA2-128f-simple_run29,active,16.075533,5.39625,0.595225,3.211984,51.655129
SPHINCS+-SHA2-128f-simple_run29,active,16.088276,5.39625,0.595225,3.211984,51.69606
SPHINCS+-SHA2-128f-simple_run29,active,16.101025,5.39625,0.594868,3.210054,51.736985
SPHINCS+-SHA2-128f-simple_run29,active,16.11377,5.3975,0.595762,3.215623,51.777969
SPHINCS+-SHA2-128f-simple_run29,active,16.126511,5.39625,0.599695,3.236105,51.819198
SPHINCS+-SHA2-128f-simple_run29,active,16.139254,5.39625,0.596119,3.216808,51.86019
SPHINCS+-SHA2-128f-simple_run29,active,16.152001,5.39125,0.595762,3.2119,51.901133
SPHINCS+-SHA2-128f-simple_run29,active,16.164743,5.3925,0.59594,3.213609,51.942079
SPHINCS+-SHA2-128f-simple_run29,active,16.177482,5.3975,0.595225,3.212728,51.983008
SPHINCS+-SHA2-128f-simple_run29,active,16.190223,5.39625,0.595762,3.214879,52.023967
SPHINCS+-SHA2-128f-simple_run29,active,16.202969,5.39875,0.595762,3.216368,52.064965
SPHINCS+-SHA2-128f-simple_run29,active,16.215715,5.39625,0.59594,3.215843,52.105955
SPHINCS+-SHA2-128f-simple_run29,active,16.228458,5.3975,0.597013,3.222379,52.147017
SPHINCS+-SHA2-128f-simple_run29,active,16.241197,5.3925,0.595046,3.208788,52.187895
SPHINCS+-SHA2-128f-simple_run29,active,16.253939,5.39625,0.59594,3.215843,52.228871
SPHINCS+-SHA2-128f-simple_run29,active,16.266679,5.39625,0.596834,3.220668,52.269901
SPHINCS+-SHA2-128f-simple_run29,active,16.279419,5.39875,0.595046,3.212507,52.310829
SPHINCS+-SHA2-128f-simple_run29,active,16.292162,5.39625,0.596834,3.220668,52.351869
SPHINCS+-SHA2-128f-simple_run29,active,16.304911,5.39625,0.595404,3.212949,52.392832
SPHINCS+-SHA2-128f-simple_run29,active,16.317654,5.3975,0.593795,3.205007,52.433671
SPHINCS+-SHA2-128f-simple_run29,active,16.330396,5.39375,0.600768,3.240392,52.47496
SPHINCS+-SHA2-128f-simple_run29,active,16.343136,5.39625,0.589861,3.183039,52.515514
SPHINCS+-SHA2-128f-simple_run29,active,16.355879,5.3975,0.595225,3.212728,52.556453
SPHINCS+-SHA2-128f-simple_run29,active,16.368621,5.39375,0.595583,3.212425,52.597385
SPHINCS+-SHA2-128f-simple_run29,active,16.38136,5.395,0.597371,3.222815,52.638441
SPHINCS+-SHA2-128f-simple_run29,active,16.394101,5.39875,0.594331,3.208646,52.679322
SPHINCS+-SHA2-128f-simple_run29,active,16.406847,5.39625,0.595046,3.211019,52.720249
SPHINCS+-SHA2-128f-simple_run29,active,16.419597,5.39625,0.595225,3.211984,52.761204
SPHINCS+-SHA2-128f-simple_run29,active,16.432344,5.3975,0.602735,3.253261,52.802673
SPHINCS+-SHA2-128f-simple_run29,active,16.445088,5.3975,0.595046,3.211763,52.843603
SPHINCS+-SHA2-128f-simple_run29,active,16.457827,5.3975,0.59451,3.208868,52.884482
SPHINCS+-SHA2-128f-simple_run29,active,16.470568,5.395,0.592722,3.197735,52.925225
SPHINCS+-SHA2-128f-simple_run29,active,16.483309,5.39875,0.596834,3.22216,52.966278
SPHINCS+-SHA2-128f-simple_run29,active,16.496053,5.39875,0.596298,3.219264,53.007302
SPHINCS+-SHA2-128f-simple_run29,active,16.508804,5.39625,0.596119,3.216808,53.04832
SPHINCS+-SHA2-128f-simple_run29,active,16.521548,5.395,0.600053,3.237285,53.089578
SPHINCS+-SHA2-128f-simple_run29,active,16.53429,5.39625,0.599516,3.23514,53.130797
SPHINCS+-SHA2-128f-simple_run29,active,16.54703,5.39625,0.595225,3.211984,53.171718
SPHINCS+-SHA2-128f-simple_run29,active,16.559769,5.39625,0.593616,3.2033,53.212526
SPHINCS+-SHA2-128f-simple_run29,active,16.572511,5.39625,0.595225,3.211984,53.253454
SPHINCS+-SHA2-128f-simple_run29,active,16.585252,5.395,0.59594,3.215098,53.294416
SPHINCS+-SHA2-128f-simple_run29,active,16.600873,5.39625,0.594331,3.20716,53.344515
SPHINCS+-SHA2-128f-simple_run29,active,16.61364,5.395,0.595225,3.21124,53.385514
SPHINCS+-SHA2-128f-simple_run29,active,16.62639,5.3975,0.595046,3.211763,53.426464
SPHINCS+-SHA2-128f-simple_run29,active,16.639132,5.39875,0.595404,3.214437,53.467423
SPHINCS+-SHA2-128f-simple_run29,active,16.651876,5.4,0.594868,3.212285,53.508359
SPHINCS+-SHA2-128f-simple_run29,active,16.66462,5.39875,0.595046,3.212507,53.549299
SPHINCS+-SHA2-128f-simple_run29,active,16.67736,5.39875,0.594689,3.210576,53.590203
SPHINCS+-SHA2-128f-simple_run29,active,16.690102,5.39625,0.594868,3.210054,53.631106
SPHINCS+-SHA2-128f-simple_run29,active,16.702844,5.3975,0.594152,3.206938,53.671966
SPHINCS+-SHA2-128f-simple_run29,active,16.715591,5.39625,0.595583,3.213914,53.712937
SPHINCS+-SHA2-128f-simple_run29,active,16.72834,5.39625,0.596119,3.216808,53.753946
SPHINCS+-SHA2-128f-simple_run29,active,16.741085,5.4025,0.59755,3.228262,53.79509
SPHINCS+-SHA2-128f-simple_run29,active,16.753835,5.3975,0.595046,3.211763,53.83604
SPHINCS+-SHA2-128f-simple_run29,active,16.766578,5.3975,0.594689,3.209833,53.876943
SPHINCS+-SHA2-128f-simple_run29,active,16.779318,5.3975,0.595225,3.212728,53.917873
SPHINCS+-SHA2-128f-simple_run29,active,16.79206,5.395,0.596477,3.217992,53.958877
SPHINCS+-SHA2-128f-simple_run29,active,16.8048,5.395,0.595046,3.210275,53.999777
SPHINCS+-SHA2-128f-simple_run29,active,16.81755,5.3975,0.595404,3.213693,54.04075
SPHINCS+-SHA2-128f-simple_run29,active,16.830297,5.3975,0.595225,3.212728,54.081703
SPHINCS+-SHA2-128f-simple_run29,active,16.843038,5.39625,0.594152,3.206195,54.122554
SPHINCS+-SHA2-128f-simple_run29,active,16.855777,5.3975,0.595762,3.215623,54.163519
SPHINCS+-SHA2-128f-simple_run29,active,16.868521,5.39125,0.596119,3.213828,54.204474
SPHINCS+-SHA2-128f-simple_run29,active,16.881261,5.40125,0.595762,3.217857,54.245471
SPHINCS+-SHA2-128f-simple_run29,active,16.894,5.39875,0.595583,3.215403,54.286432
SPHINCS+-SHA2-128f-simple_run29,active,16.906741,5.3975,0.596656,3.220449,54.327464
SPHINCS+-SHA2-128f-simple_run29,active,16.919483,5.395,0.593795,3.203523,54.368282
SPHINCS+-SHA2-128f-simple_run29,active,16.932228,5.3975,0.595225,3.212728,54.409228
SPHINCS+-SHA2-128f-simple_run29,active,16.944969,5.39625,0.594689,3.209089,54.450115
SPHINCS+-SHA2-128f-simple_run29,active,16.957709,5.39625,0.595225,3.211984,54.491037
SPHINCS+-SHA2-128f-simple_run29,active,16.970502,5.39875,0.594152,3.20768,54.532073
SPHINCS+-SHA2-128f-simple_run29,active,16.983246,5.3975,0.595583,3.214658,54.573038
SPHINCS+-SHA2-128f-simple_run29,active,16.995989,5.39625,0.595225,3.211984,54.61397
SPHINCS+-SHA2-128f-simple_run29,active,17.00873,5.39875,0.595225,3.213472,54.654914
SPHINCS+-SHA2-128f-simple_run29,active,17.021477,5.3975,0.595046,3.211763,54.695854
SPHINCS+-SHA2-128f-simple_run29,active,17.034225,5.395,0.595225,3.21124,54.736791
SPHINCS+-SHA2-128f-simple_run29,active,17.046965,5.3975,0.596656,3.220449,54.777819
SPHINCS+-SHA2-128f-simple_run29,active,17.059709,5.39875,0.595404,3.214437,54.818784
SPHINCS+-SHA2-128f-simple_run29,active,17.072459,5.39625,0.594689,3.209089,54.859698
SPHINCS+-SHA2-128f-simple_run29,active,17.085197,5.395,0.595046,3.210275,54.900591
SPHINCS+-SHA2-128f-simple_run29,active,17.097939,5.39875,0.595046,3.212507,54.941527
SPHINCS+-SHA2-128f-simple_run29,active,17.11068,5.3925,0.596298,3.215537,54.982493
SPHINCS+-SHA2-128f-simple_run29,active,17.123427,5.39625,0.59594,3.215843,55.023488
SPHINCS+-SHA2-128f-simple_run29,active,17.136176,5.39625,0.595404,3.212949,55.064449
SPHINCS+-SHA2-128f-simple_run29,active,17.148916,5.3975,0.594689,3.209833,55.105342
SPHINCS+-SHA2-128f-simple_run29,active,17.161657,5.40375,0.594868,3.214516,55.146297
SPHINCS+-SHA2-128f-simple_run29,active,17.174399,5.3975,0.595225,3.212728,55.187235
SPHINCS+-SHA2-128f-simple_run29,active,17.18714,5.39625,0.595225,3.211984,55.228157
SPHINCS+-SHA2-128f-simple_run29,active,17.199883,5.395,0.595225,3.21124,55.269079
SPHINCS+-SHA2-128f-simple_run29,active,17.212624,5.395,0.595046,3.210275,55.309981
SPHINCS+-SHA2-128f-simple_run29,active,17.22537,5.395,0.595225,3.21124,55.350912
SPHINCS+-SHA2-128f-simple_run29,active,17.238115,5.3975,0.594689,3.209833,55.391822
SPHINCS+-SHA2-128f-simple_run29,active,17.250857,5.395,0.597728,3.224745,55.43291
SPHINCS+-SHA2-128f-simple_run29,active,17.263597,5.3975,0.59594,3.216588,55.473891
SPHINCS+-SHA2-128f-simple_run29,active,17.276341,5.39625,0.595583,3.213914,55.51485
SPHINCS+-SHA2-128f-simple_run29,active,17.289081,5.3975,0.596477,3.219484,55.555865
SPHINCS+-SHA2-128f-simple_run29,active,17.30182,5.395,0.595046,3.210275,55.596761
SPHINCS+-SHA2-128f-simple_run29,active,17.31456,5.39625,0.601126,3.243824,55.638087
SPHINCS+-SHA2-128f-simple_run29,active,17.327307,5.3975,0.596119,3.217553,55.679101
SPHINCS+-SHA2-128f-simple_run29,active,17.340054,5.39375,0.595404,3.21146,55.720037
SPHINCS+-SHA2-128f-simple_run29,active,17.352795,5.39625,0.596119,3.216808,55.761023
SPHINCS+-SHA2-128f-simple_run29,active,17.365534,5.4,0.594868,3.212285,55.801944
SPHINCS+-SHA2-128f-simple_run29,active,17.378275,5.395,0.595762,3.214134,55.842896
SPHINCS+-SHA2-128f-simple_run29,active,17.391013,5.395,0.595225,3.21124,55.883801
SPHINCS+-SHA2-128f-simple_run29,active,17.403753,5.4,0.595583,3.216147,55.924773
SPHINCS+-SHA2-128f-simple_run29,active,17.416494,5.395,0.595583,3.213169,55.965714
SPHINCS+-SHA2-128f-simple_run29,active,17.429241,5.39625,0.600768,3.241894,56.007037
SPHINCS+-SHA2-128f-simple_run29,active,17.441987,5.3975,0.595046,3.211763,56.047974
SPHINCS+-SHA2-128f-simple_run29,active,17.454725,5.395,0.595583,3.213169,56.088905
SPHINCS+-SHA2-128f-simple_run29,active,17.467464,5.3975,0.597192,3.223344,56.129965
SPHINCS+-SHA2-128f-simple_run29,active,17.480207,5.39375,0.593795,3.202781,56.17078
SPHINCS+-SHA2-128f-simple_run29,active,17.492948,5.3975,0.595225,3.212728,56.211712
SPHINCS+-SHA2-128f-simple_run29,active,17.505687,5.39625,0.596834,3.220668,56.25274
SPHINCS+-SHA2-128f-simple_run29,active,17.518432,5.39625,0.595046,3.211019,56.293665
SPHINCS+-SHA2-128f-simple_run29,active,17.531182,5.39875,0.592364,3.198027,56.334438
SPHINCS+-SHA2-128f-simple_run29,active,17.54393,5.3975,0.596477,3.219484,56.37548
SPHINCS+-SHA2-128f-simple_run29,active,17.556671,5.39625,0.595404,3.212949,56.416416
SPHINCS+-SHA2-128f-simple_run29,active,17.569411,5.3975,0.596119,3.217553,56.457411
SPHINCS+-SHA2-128f-simple_run29,active,17.582153,5.39875,0.595046,3.212507,56.498342
SPHINCS+-SHA2-128f-simple_run29,active,17.594894,5.39875,0.595046,3.212507,56.539274
SPHINCS+-SHA2-128f-simple_run29,active,17.607636,5.395,0.59594,3.215098,56.580239
SPHINCS+-SHA2-128f-simple_run29,active,17.62038,5.3925,0.592364,3.194325,56.620949
SPHINCS+-SHA2-128f-simple_run29,active,17.633126,5.395,0.595762,3.214134,56.661918
SPHINCS+-SHA2-128f-simple_run29,active,17.645873,5.39875,0.595583,3.215403,56.702905
SPHINCS+-SHA2-128f-simple_run29,active,17.658613,5.39625,0.595762,3.214879,56.743861
SPHINCS+-SHA2-128f-simple_run29,active,17.671354,5.39625,0.594868,3.210054,56.78476
SPHINCS+-SHA2-128f-simple_run29,active,17.684097,5.39875,0.595762,3.216368,56.825747
SPHINCS+-SHA2-128f-simple_run29,active,17.69684,5.3975,0.595583,3.214658,56.866711
SPHINCS+-SHA2-128f-simple_run29,active,17.70958,5.39,0.595046,3.2073,56.907572
SPHINCS+-SHA2-128f-simple_run29,active,17.722322,5.39625,0.595046,3.211019,56.948487
SPHINCS+-SHA2-128f-simple_run29,active,17.735072,5.3975,0.595583,3.214658,56.989472
SPHINCS+-SHA2-128f-simple_run29,active,17.747867,5.39625,0.595225,3.211984,57.030572
SPHINCS+-SHA2-128f-simple_run29,active,17.760615,5.39875,0.595225,3.213472,57.071535
SPHINCS+-SHA2-128f-simple_run29,active,17.773354,5.39625,0.59594,3.215843,57.112502
SPHINCS+-SHA2-128f-simple_run29,active,17.7861,5.39625,0.604165,3.260226,57.154056
SPHINCS+-SHA2-128f-simple_run29,active,17.798841,5.40125,0.595762,3.217857,57.195056
SPHINCS+-SHA2-128f-simple_run29,active,17.811582,5.3975,0.596477,3.219484,57.236074
SPHINCS+-SHA2-128f-simple_run29,active,17.824325,5.39625,0.595046,3.211019,57.276994
SPHINCS+-SHA2-128f-simple_run29,active,17.837073,5.39375,0.59594,3.214354,57.317971
SPHINCS+-SHA2-128f-simple_run29,active,17.849818,5.40375,0.594152,3.210651,57.358889
SPHINCS+-SHA2-128f-simple_run29,active,17.862559,5.3975,0.595583,3.214658,57.399849
SPHINCS+-SHA2-128f-simple_run29,active,17.878194,5.3925,0.596834,3.21843,57.450167
SPHINCS+-SHA2-128f-simple_run29,active,17.890978,5.39875,0.594331,3.208646,57.491187
SPHINCS+-SHA2-128f-simple_run29,active,17.903723,5.39625,0.595046,3.211019,57.532113
SPHINCS+-SHA2-128f-simple_run29,active,17.916468,5.3975,0.595225,3.212728,57.573058
SPHINCS+-SHA2-128f-simple_run29,active,17.929207,5.3975,0.595762,3.215623,57.614023
SPHINCS+-SHA2-128f-simple_run29,active,17.941946,5.39625,0.595225,3.211984,57.65494
SPHINCS+-SHA2-128f-simple_run29,active,17.954688,5.39625,0.595583,3.213914,57.69589
SPHINCS+-SHA2-128f-simple_run29,active,17.967427,5.39875,0.59451,3.209611,57.736777
SPHINCS+-SHA2-128f-simple_run29,active,17.98017,5.3975,0.596119,3.217553,57.777778
SPHINCS+-SHA2-128f-simple_run29,active,17.992909,5.39625,0.595225,3.211984,57.818698
SPHINCS+-SHA2-128f-simple_run29,active,18.005648,5.39625,0.595225,3.211984,57.859614
SPHINCS+-SHA2-128f-simple_run29,active,18.018387,5.39875,0.601841,3.249188,57.901006
SPHINCS+-SHA2-128f-simple_run29,active,18.031126,5.39375,0.595046,3.209532,57.941892
SPHINCS+-SHA2-128f-simple_run29,active,18.043875,5.39875,0.595046,3.212507,57.982849
SPHINCS+-SHA2-128f-simple_run29,active,18.056624,5.39625,0.595225,3.211984,58.023799
SPHINCS+-SHA2-128f-simple_run29,active,18.069362,5.40125,0.594868,3.213029,58.064726
SPHINCS+-SHA2-128f-simple_run29,active,18.082103,5.3975,0.595225,3.212728,58.105657
SPHINCS+-SHA2-128f-simple_run29,active,18.094841,5.3975,0.595046,3.211763,58.146569
SPHINCS+-SHA2-128f-simple_run29,active,18.107578,5.3975,0.595046,3.211763,58.187479
SPHINCS+-SHA2-128f-simple_run29,active,18.120319,5.3925,0.594689,3.206859,58.228337
SPHINCS+-SHA2-128f-simple_run29,active,18.133058,5.3975,0.59594,3.216588,58.269314
SPHINCS+-SHA2-128f-simple_run29,active,18.145802,5.3975,0.597907,3.227204,58.310442
SPHINCS+-SHA2-128f-simple_run29,active,18.158545,5.3975,0.595583,3.214658,58.351406
SPHINCS+-SHA2-128f-simple_run29,active,18.171286,5.39625,0.595762,3.214879,58.392367
SPHINCS+-SHA2-128f-simple_run29,active,18.18403,5.39625,0.595583,3.213914,58.433324
SPHINCS+-SHA2-128f-simple_run29,active,18.196771,5.39625,0.594689,3.209089,58.474212
SPHINCS+-SHA2-128f-simple_run29,active,18.20951,5.39625,0.59451,3.208125,58.51508
SPHINCS+-SHA2-128f-simple_run29,active,18.22225,5.39875,0.595404,3.214437,58.556031
SPHINCS+-SHA2-128f-simple_run29,active,18.23499,5.39625,0.595583,3.213914,58.596975
SPHINCS+-SHA2-128f-simple_run29,active,18.247735,5.39625,0.597728,3.225492,58.638086
SPHINCS+-SHA2-128f-simple_run29,active,18.260481,5.395,0.597728,3.224745,58.679188
SPHINCS+-SHA2-128f-simple_run29,active,18.27322,5.39625,0.595583,3.213914,58.720131
SPHINCS+-SHA2-128f-simple_run29,active,18.285963,5.395,0.597371,3.222815,58.761197
SPHINCS+-SHA2-128f-simple_run29,active,18.298704,5.3975,0.595583,3.214658,58.802157
SPHINCS+-SHA2-128f-simple_run29,active,18.311443,5.3975,0.596119,3.217553,58.843146
SPHINCS+-SHA2-128f-simple_run29,active,18.324184,5.39625,0.59594,3.215843,58.884117
SPHINCS+-SHA2-128f-simple_run29,active,18.336924,5.39875,0.595583,3.215403,58.925082
SPHINCS+-SHA2-128f-simple_run29,active,18.349668,5.3975,0.599516,3.23589,58.966321
SPHINCS+-SHA2-128f-simple_run29,active,18.362412,5.3975,0.595404,3.213693,59.007275
SPHINCS+-SHA2-128f-simple_run29,active,18.375151,5.3975,0.595404,3.213693,59.048213
SPHINCS+-SHA2-128f-simple_run29,active,18.387893,5.3975,0.593616,3.204042,59.089042
SPHINCS+-SHA2-128f-simple_run29,active,18.400635,5.39875,0.594689,3.210576,59.12995
SPHINCS+-SHA2-128f-simple_run29,active,18.413374,5.39625,0.595046,3.211019,59.170853
SPHINCS+-SHA2-128f-simple_run29,active,18.426113,5.39625,0.595583,3.213914,59.211796
SPHINCS+-SHA2-128f-simple_run29,active,18.438853,5.3975,0.597013,3.222379,59.252848
SPHINCS+-SHA2-128f-simple_run29,active,18.451598,5.39625,0.595583,3.213914,59.29381
SPHINCS+-SHA2-128f-simple_run29,active,18.464344,5.3975,0.59594,3.216588,59.33481
SPHINCS+-SHA2-128f-simple_run29,active,18.477085,5.3975,0.595583,3.214658,59.375767
SPHINCS+-SHA2-128f-simple_run29,active,18.489824,5.39625,0.592364,3.196546,59.416489
SPHINCS+-SHA2-128f-simple_run29,active,18.502564,5.3975,0.595225,3.212728,59.457419
SPHINCS+-SHA2-128f-simple_run29,active,18.515302,5.39625,0.595046,3.211019,59.498321
SPHINCS+-SHA2-128f-simple_run29,active,18.528044,5.39625,0.598265,3.228386,59.539456
SPHINCS+-SHA2-128f-simple_run29,active,18.540784,5.39625,0.596119,3.216808,59.580438
SPHINCS+-SHA2-128f-simple_run29,active,18.553526,5.39625,0.595225,3.211984,59.621367
SPHINCS+-SHA2-128f-simple_run29,active,18.566272,5.39375,0.595046,3.209532,59.662273
SPHINCS+-SHA2-128f-simple_run29,active,18.579011,5.39125,0.59594,3.212864,59.703204
SPHINCS+-SHA2-128f-simple_run29,active,18.591751,5.39625,0.596119,3.216808,59.744185
SPHINCS+-SHA2-128f-simple_run29,active,18.604492,5.3975,0.595762,3.215623,59.785154
SPHINCS+-SHA2-128f-simple_run29,active,18.61723,5.3975,0.595583,3.214658,59.826106
SPHINCS+-SHA2-128f-simple_run29,active,18.629969,5.40375,0.59594,3.220313,59.867129
SPHINCS+-SHA2-128f-simple_run29,active,18.642708,5.39875,0.595046,3.212507,59.908052
SPHINCS+-SHA2-128f-simple_run29,active,18.655453,5.3975,0.595583,3.214658,59.949021
SPHINCS+-SHA2-128f-simple_run29,active,18.668197,5.39625,0.595583,3.213914,59.989981
SPHINCS+-SHA2-128f-simple_run29,active,18.680937,5.3975,0.59594,3.216588,60.030959
SPHINCS+-SHA2-128f-simple_run29,active,18.693675,5.39625,0.59594,3.215843,60.071922
SPHINCS+-SHA2-128f-simple_run29,active,18.706417,5.39625,0.597371,3.223562,60.112998
SPHINCS+-SHA2-128f-simple_run29,active,18.719159,5.39375,0.599338,3.232677,60.154188
SPHINCS+-SHA2-128f-simple_run29,active,18.731902,5.39625,0.595762,3.214879,60.195157
SPHINCS+-SHA2-128f-simple_run29,active,18.744659,5.39625,0.59594,3.215843,60.236182
SPHINCS+-SHA2-128f-simple_run29,active,18.757405,5.395,0.59594,3.215098,60.277161
SPHINCS+-SHA2-128f-simple_run29,active,18.770151,5.3925,0.595046,3.208788,60.318059
SPHINCS+-SHA2-128f-simple_run29,active,18.782892,5.4,0.595583,3.216147,60.359037
SPHINCS+-SHA2-128f-simple_run29,active,18.795632,5.395,0.595046,3.210275,60.399935
SPHINCS+-SHA2-128f-simple_run29,active,18.808406,5.3975,0.594868,3.210798,60.440951
SPHINCS+-SHA2-128f-simple_run29,active,18.821208,5.39375,0.595583,3.212425,60.482076
SPHINCS+-SHA2-128f-simple_run29,active,18.833953,5.39875,0.595404,3.214437,60.523043
SPHINCS+-SHA2-128f-simple_run29,active,18.846696,5.3975,0.596656,3.220449,60.56408
SPHINCS+-SHA2-128f-simple_run29,active,18.859446,5.395,0.594868,3.209311,60.604999
SPHINCS+-SHA2-128f-simple_run29,active,18.872195,5.3975,0.595404,3.213693,60.645973
SPHINCS+-SHA2-128f-simple_run29,active,18.884937,5.39625,0.595046,3.211019,60.686887
SPHINCS+-SHA2-128f-simple_run29,active,18.897678,5.3975,0.59898,3.232995,60.728077
SPHINCS+-SHA2-128f-simple_run29,active,18.910424,5.3975,0.595225,3.212728,60.769029
SPHINCS+-SHA2-128f-simple_run29,active,18.923167,5.39625,0.595583,3.213914,60.809982
SPHINCS+-SHA2-128f-simple_run29,active,18.935909,5.3975,0.595046,3.211763,60.850908
SPHINCS+-SHA2-128f-simple_run29,active,18.948651,5.3975,0.591113,3.190531,60.89156
SPHINCS+-SHA2-128f-simple_run29,active,18.961396,5.3975,0.595225,3.212728,60.932507
SPHINCS+-SHA2-128f-simple_run29,active,18.974142,5.3975,0.595046,3.211763,60.973445
SPHINCS+-SHA2-128f-simple_run29,active,18.986894,5.3975,0.595404,3.213693,61.014424
SPHINCS+-SHA2-128f-simple_run29,active,18.999636,5.39625,0.599516,3.23514,61.055647
SPHINCS+-SHA2-128f-simple_run29,active,19.01238,5.39625,0.595046,3.211019,61.096568
SPHINCS+-SHA2-128f-simple_run29,active,19.025123,5.39625,0.59594,3.215843,61.137546
SPHINCS+-SHA2-128f-simple_run29,active,19.037865,5.3975,0.59147,3.192461,61.178226
SPHINCS+-SHA2-128f-simple_run29,active,19.050606,5.3975,0.59594,3.216588,61.219209
SPHINCS+-SHA2-128f-simple_run29,active,19.063347,5.395,0.595046,3.210275,61.260111
SPHINCS+-SHA2-128f-simple_run29,active,19.076093,5.3975,0.597013,3.222379,61.301184
SPHINCS+-SHA2-128f-simple_run29,active,19.088834,5.39625,0.594689,3.209089,61.342069
SPHINCS+-SHA2-128f-simple_run29,active,19.101575,5.395,0.59594,3.215098,61.383032
SPHINCS+-SHA2-128f-simple_run29,active,19.114315,5.39625,0.595225,3.211984,61.423954
SPHINCS+-SHA2-128f-simple_run29,active,19.127056,5.39625,0.59594,3.215843,61.464927
SPHINCS+-SHA2-128f-simple_run29,active,19.139796,5.39875,0.59451,3.209611,61.505817
SPHINCS+-SHA2-128f-simple_run29,active,19.155404,5.395,0.595583,3.213169,61.555971
SPHINCS+-SHA2-128f-simple_run29,active,19.168173,5.4,0.594868,3.212285,61.596986
SPHINCS+-SHA2-128f-simple_run29,active,19.180922,5.39875,0.595583,3.215403,61.637981
SPHINCS+-SHA2-128f-simple_run29,active,19.193665,5.39625,0.595225,3.211984,61.678909
SPHINCS+-SHA2-128f-simple_run29,active,19.206405,5.3975,0.594689,3.209833,61.719804
SPHINCS+-SHA2-128f-simple_run29,active,19.219146,5.39625,0.596834,3.220668,61.760838
SPHINCS+-SHA2-128f-simple_run29,active,19.231907,5.38875,0.595762,3.21041,61.801807
SPHINCS+-SHA2-128f-simple_run29,active,19.24468,5.395,0.594689,3.208346,61.842786
SPHINCS+-SHA2-128f-simple_run29,active,19.257425,5.39875,0.590398,3.187409,61.883411
SPHINCS+-SHA2-128f-simple_run29,active,19.27018,5.3975,0.596119,3.217553,61.92445
SPHINCS+-SHA2-128f-simple_run29,active,19.282928,5.3925,0.595404,3.210716,61.96538
SPHINCS+-SHA2-128f-simple_run29,active,19.29567,5.3975,0.595404,3.213693,62.00633
SPHINCS+-SHA2-128f-simple_run29,active,19.308415,5.395,0.597013,3.220886,62.047379
SPHINCS+-SHA2-128f-simple_run29,active,19.321189,5.39625,0.595762,3.214879,62.088447
SPHINCS+-SHA2-128f-simple_run29,active,19.333932,5.39625,0.594868,3.210054,62.129352
SPHINCS+-SHA2-128f-simple_run29,active,19.346672,5.3975,0.592901,3.200182,62.170121
SPHINCS+-SHA2-128f-simple_run29,active,19.359412,5.3975,0.595225,3.212728,62.211052
SPHINCS+-SHA2-128f-simple_run29,active,19.372161,5.3975,0.595583,3.214658,62.252036
SPHINCS+-SHA2-128f-simple_run29,active,19.384906,5.3975,0.595583,3.214658,62.293006
SPHINCS+-SHA2-128f-simple_run29,active,19.397646,5.395,0.595762,3.214134,62.333956
SPHINCS+-SHA2-128f-simple_run29,active,19.410388,5.39875,0.595583,3.215403,62.374925
SPHINCS+-SHA2-128f-simple_run29,active,19.423129,5.3975,0.598265,3.229134,62.416069
SPHINCS+-SHA2-128f-simple_run29,active,19.435897,5.39625,0.595404,3.212949,62.45709
SPHINCS+-SHA2-128f-simple_run29,active,19.448644,5.39375,0.594689,3.207603,62.497977
SPHINCS+-SHA2-128f-simple_run29,active,19.461385,5.39625,0.595046,3.211019,62.53889
SPHINCS+-SHA2-128f-simple_run29,active,19.474133,5.395,0.595404,3.212205,62.579838
SPHINCS+-SHA2-128f-simple_run29,active,19.486877,5.39625,0.596298,3.217773,62.620845
SPHINCS+-SHA2-128f-simple_run29,active,19.499619,5.39625,0.595046,3.211019,62.66176
SPHINCS+-SHA2-128f-simple_run29,active,19.512362,5.3875,0.595046,3.205812,62.702613
SPHINCS+-SHA2-128f-simple_run29,active,19.525104,5.39875,0.594689,3.210576,62.743522
SPHINCS+-SHA2-128f-simple_run29,active,19.537844,5.395,0.593795,3.203523,62.784335
SPHINCS+-SHA2-128f-simple_run29,active,19.550583,5.3975,0.595046,3.211763,62.82525
SPHINCS+-SHA2-128f-simple_run29,active,19.563324,5.39625,0.595225,3.211984,62.866174
SPHINCS+-SHA2-128f-simple_run29,active,19.576072,5.395,0.597013,3.220886,62.907235
SPHINCS+-SHA2-128f-simple_run29,active,19.58882,5.4,0.595583,3.216147,62.948232
SPHINCS+-SHA2-128f-simple_run29,active,19.601561,5.3975,0.595583,3.214658,62.989189
SPHINCS+-SHA2-128f-simple_run29,active,19.614302,5.39625,0.595046,3.211019,63.030103
SPHINCS+-SHA2-128f-simple_run29,active,19.627043,5.4,0.596834,3.222906,63.071165
SPHINCS+-SHA2-128f-simple_run29,active,19.639784,5.39625,0.595762,3.214879,63.112125
SPHINCS+-SHA2-128f-simple_run29,active,19.652526,5.39625,0.595046,3.211019,63.153041
SPHINCS+-SHA2-128f-simple_run29,active,19.665264,5.3975,0.595404,3.213693,63.193978
SPHINCS+-SHA2-128f-simple_run29,active,19.678007,5.395,0.595225,3.21124,63.234896
SPHINCS+-SHA2-128f-simple_run29,active,19.690748,5.3975,0.592901,3.200182,63.275671
SPHINCS+-SHA2-128f-simple_run29,active,19.70349,5.3975,0.593616,3.204042,63.316495
SPHINCS+-SHA2-128f-simple_run29,active,19.716232,5.39625,0.593258,3.201371,63.357289
SPHINCS+-SHA2-128f-simple_run29,active,19.728975,5.3975,0.59594,3.216588,63.398277
SPHINCS+-SHA2-128f-simple_run29,active,19.741775,5.3975,0.595404,3.213693,63.439413
SPHINCS+-SHA2-128f-simple_run29,active,19.754531,5.385,0.595225,3.205288,63.4803
SPHINCS+-SHA2-128f-simple_run29,active,19.767273,5.39875,0.595046,3.212507,63.521234
SPHINCS+-SHA2-128f-simple_run29,active,19.780025,5.3975,0.595225,3.212728,63.562201
SPHINCS+-SHA2-128f-simple_run29,active,19.792769,5.3975,0.595046,3.211763,63.603132
SPHINCS+-SHA2-128f-simple_run29,active,19.805508,5.3975,0.595225,3.212728,63.644059
SPHINCS+-SHA2-128f-simple_run29,active,19.818247,5.3975,0.593258,3.202112,63.684852
SPHINCS+-SHA2-128f-simple_run29,active,19.830989,5.39625,0.59594,3.215843,63.725826
SPHINCS+-SHA2-128f-simple_run29,active,19.843727,5.39875,0.59594,3.217333,63.766811
SPHINCS+-SHA2-128f-simple_run29,active,19.856469,5.3975,0.596477,3.219484,63.807832
SPHINCS+-SHA2-128f-simple_run29,active,19.869208,5.39625,0.595583,3.213914,63.848773
SPHINCS+-SHA2-128f-simple_run29,active,19.881954,5.39625,0.59594,3.215843,63.889765
SPHINCS+-SHA2-128f-simple_run29,active,19.894698,5.39625,0.595583,3.213914,63.930723
SPHINCS+-SHA2-128f-simple_run29,active,19.907438,5.395,0.592901,3.1987,63.971473
SPHINCS+-SHA2-128f-simple_run29,active,19.92018,5.38375,0.595046,3.203581,64.012292
SPHINCS+-SHA2-128f-simple_run29,active,19.932923,5.3975,0.595046,3.211763,64.053221
SPHINCS+-SHA2-128f-simple_run29,active,19.94567,5.3975,0.598622,3.231064,64.094408
SPHINCS+-SHA2-128f-simple_run29,active,19.958411,5.39625,0.596834,3.220668,64.135441
SPHINCS+-SHA2-128f-simple_run29,active,19.971149,5.3975,0.594868,3.210798,64.176342
SPHINCS+-SHA2-128f-simple_run29,active,19.983901,5.39625,0.595046,3.211019,64.217287
SPHINCS+-SHA2-128f-simple_run29,active,19.996646,5.3975,0.595225,3.212728,64.258234
SPHINCS+-SHA2-128f-simple_run29,active,20.009385,5.3975,0.59594,3.216588,64.299212
SPHINCS+-SHA2-128f-simple_run29,active,20.022126,5.385,0.595046,3.204325,64.340038
SPHINCS+-SHA2-128f-simple_run29,active,20.034866,5.395,0.595404,3.212205,64.38096
SPHINCS+-SHA2-128f-simple_run29,active,20.047606,5.40125,0.591113,3.192748,64.421635
SPHINCS+-SHA2-128f-simple_run29,active,20.060348,5.3975,0.595583,3.214658,64.462598
SPHINCS+-SHA2-128f-simple_run29,active,20.073089,5.39625,0.595583,3.213914,64.503544
SPHINCS+-SHA2-128f-simple_run29,active,20.085826,5.3975,0.595046,3.211763,64.544453
SPHINCS+-SHA2-128f-simple_run29,active,20.098567,5.3975,0.597013,3.222379,64.585511
SPHINCS+-SHA2-128f-simple_run29,active,20.111307,5.39875,0.59594,3.217333,64.626498
SPHINCS+-SHA2-128f-simple_run29,active,20.12405,5.38375,0.595583,3.206469,64.667358
SPHINCS+-SHA2-128f-simple_run29,active,20.136793,5.39625,0.596298,3.217773,64.708362
SPHINCS+-SHA2-128f-simple_run29,active,20.149532,5.39625,0.595225,3.211984,64.749281
SPHINCS+-SHA2-128f-simple_run29,active,20.162272,5.39625,0.595046,3.211019,64.790188
SPHINCS+-SHA2-128f-simple_run29,active,20.175011,5.3975,0.595225,3.212728,64.831116
SPHINCS+-SHA2-128f-simple_run29,active,20.187758,5.39,0.595225,3.208264,64.872011
SPHINCS+-SHA2-128f-simple_run29,active,20.200504,5.3975,0.595583,3.214658,64.912986
SPHINCS+-SHA2-128f-simple_run29,active,20.213244,5.39625,0.594331,3.20716,64.953846
SPHINCS+-SHA2-128f-simple_run29,active,20.225985,5.38,0.595046,3.20135,64.994633
SPHINCS+-SHA2-128f-simple_run29,active,20.238724,5.3975,0.595404,3.213693,65.035573
SPHINCS+-SHA2-128f-simple_run29,active,20.251466,5.39875,0.595225,3.213472,65.076517
SPHINCS+-SHA2-128f-simple_run29,active,20.264207,5.3975,0.594689,3.209833,65.117416
SPHINCS+-SHA2-128f-simple_run29,active,20.276947,5.4,0.594331,3.209388,65.158304
SPHINCS+-SHA2-128f-simple_run29,active,20.289693,5.395,0.594868,3.209311,65.199207
SPHINCS+-SHA2-128f-simple_run29,active,20.302444,5.3975,0.595225,3.212728,65.240173
SPHINCS+-SHA2-128f-simple_run29,active,20.315184,5.3975,0.595225,3.212728,65.281104
SPHINCS+-SHA2-128f-simple_run29,active,20.327927,5.38875,0.595046,3.206556,65.321964
SPHINCS+-SHA2-128f-simple_run29,active,20.34067,5.39625,0.595046,3.211019,65.362883
SPHINCS+-SHA2-128f-simple_run29,active,20.353409,5.39625,0.594868,3.210054,65.403777
SPHINCS+-SHA2-128f-simple_run29,active,20.366149,5.3975,0.601304,3.24554,65.445125
SPHINCS+-SHA2-128f-simple_run29,active,20.378889,5.39625,0.59594,3.215843,65.486095
SPHINCS+-SHA2-128f-simple_run29,active,20.391635,5.39625,0.596298,3.217773,65.527109
SPHINCS+-SHA2-128f-simple_run29,active,20.404381,5.39625,0.595583,3.213914,65.568073
SPHINCS+-SHA2-128f-simple_run29,active,20.417122,5.39,0.597192,3.218865,65.609085
SPHINCS+-SHA2-128f-simple_run29,active,20.432763,5.39625,0.595404,3.212949,65.659338
SPHINCS+-SHA2-128f-simple_run29,active,20.445526,5.3975,0.595225,3.212728,65.700341
SPHINCS+-SHA2-128f-simple_run29,active,20.458271,5.40375,0.595225,3.216448,65.741335
SPHINCS+-SHA2-128f-simple_run29,active,20.471011,5.3975,0.595046,3.211763,65.782255
SPHINCS+-SHA2-128f-simple_run29,active,20.483752,5.3975,0.595225,3.212728,65.823187
SPHINCS+-SHA2-128f-simple_run29,active,20.496504,5.4025,0.595225,3.215704,65.864192
SPHINCS+-SHA2-128f-simple_run29,active,20.509248,5.39625,0.595225,3.211984,65.905126
SPHINCS+-SHA2-128f-simple_run29,active,20.521989,5.3975,0.595046,3.211763,65.946048
SPHINCS+-SHA2-128f-simple_run29,active,20.534729,5.3825,0.59451,3.19995,65.986815
SPHINCS+-SHA2-128f-simple_run29,active,20.547468,5.40125,0.595046,3.213994,66.027759
SPHINCS+-SHA2-128f-simple_run29,active,20.56021,5.39875,0.594689,3.210576,66.068668
SPHINCS+-SHA2-128f-simple_run29,active,20.57295,5.3975,0.595762,3.215623,66.109635
SPHINCS+-SHA2-128f-simple_run29,active,20.585688,5.39875,0.595046,3.212507,66.150557
SPHINCS+-SHA2-128f-simple_run29,active,20.598428,5.395,0.596119,3.216063,66.191527
SPHINCS+-SHA2-128f-simple_run29,active,20.611167,5.39875,0.596298,3.219264,66.232537
SPHINCS+-SHA2-128f-simple_run29,active,20.623909,5.3975,0.595583,3.214658,66.273499
SPHINCS+-SHA2-128f-simple_run29,active,20.636649,5.385,0.599695,3.229359,66.314641
SPHINCS+-SHA2-128f-simple_run29,active,20.649388,5.3975,0.595762,3.215623,66.355605
SPHINCS+-SHA2-128f-simple_run29,active,20.662126,5.3975,0.594689,3.209833,66.396492
SPHINCS+-SHA2-128f-simple_run29,active,20.674865,5.39375,0.595046,3.209532,66.437378
SPHINCS+-SHA2-128f-simple_run29,active,20.687604,5.39625,0.594689,3.209089,66.47826
SPHINCS+-SHA2-128f-simple_run29,active,20.700353,5.39625,0.595046,3.211019,66.519195
SPHINCS+-SHA2-128f-simple_run29,active,20.7131,5.3975,0.593616,3.204042,66.560039
SPHINCS+-SHA2-128f-simple_run29,active,20.725843,5.39875,0.595046,3.212507,66.600974
SPHINCS+-SHA2-128f-simple_run29,active,20.73859,5.39125,0.592186,3.192621,66.64167
SPHINCS+-SHA2-128f-simple_run29,active,20.751346,5.3975,0.59594,3.216588,66.682701
SPHINCS+-SHA2-128f-simple_run29,active,20.764091,5.395,0.595762,3.214134,66.723666
SPHINCS+-SHA2-128f-simple_run29,active,20.776834,5.39625,0.59451,3.208125,66.764548
SPHINCS+-SHA2-128f-simple_run29,active,20.789575,5.3975,0.595583,3.214658,66.805506
SPHINCS+-SHA2-128f-simple_run29,active,20.802325,5.39875,0.595404,3.214437,66.846489
SPHINCS+-SHA2-128f-simple_run29,active,20.815072,5.39625,0.597371,3.223562,66.887582
SPHINCS+-SHA2-128f-simple_run29,active,20.827851,5.395,0.59451,3.207381,66.928566
SPHINCS+-SHA2-128f-simple_run29,active,20.8406,5.3825,0.595225,3.2038,66.969413
SPHINCS+-SHA2-128f-simple_run29,active,20.853341,5.39625,0.594689,3.209089,67.010301
SPHINCS+-SHA2-128f-simple_run29,active,20.866082,5.39625,0.59594,3.215843,67.051274
SPHINCS+-SHA2-128f-simple_run29,active,20.878823,5.39625,0.595046,3.211019,67.092184
SPHINCS+-SHA2-128f-simple_run29,active,20.891563,5.39625,0.594689,3.209089,67.133067
SPHINCS+-SHA2-128f-simple_run29,active,20.904312,5.3975,0.594868,3.210798,67.174003
SPHINCS+-SHA2-128f-simple_run29,active,20.91706,5.4025,0.596119,3.220534,67.215059
SPHINCS+-SHA2-128f-simple_run29,active,20.929799,5.39625,0.59594,3.215843,67.256024
SPHINCS+-SHA2-128f-simple_run29,active,20.942539,5.38625,0.59594,3.209884,67.29692
SPHINCS+-SHA2-128f-simple_run29,active,20.955281,5.3925,0.59594,3.213609,67.337866
SPHINCS+-SHA2-128f-simple_run29,active,20.968024,5.4,0.59594,3.218078,67.378874
SPHINCS+-SHA2-128f-simple_run29,active,20.980765,5.39625,0.59594,3.215843,67.419847
SPHINCS+-SHA2-128f-simple_run29,active,20.993506,5.39875,0.595583,3.215403,67.460815
SPHINCS+-SHA2-128f-simple_run29,active,21.006253,5.39125,0.595404,3.209972,67.501731
SPHINCS+-SHA2-128f-simple_run29,active,21.018999,5.3975,0.595583,3.214658,67.542707
SPHINCS+-SHA2-128f-simple_run29,active,21.03174,5.3975,0.594868,3.210798,67.583615
SPHINCS+-SHA2-128f-simple_run29,active,21.044484,5.395,0.595046,3.210275,67.624526
SPHINCS+-SHA2-128f-simple_run29,active,21.057224,5.39625,0.594689,3.209089,67.66541
SPHINCS+-SHA2-128f-simple_run29,active,21.069965,5.3975,0.594868,3.210798,67.706321
SPHINCS+-SHA2-128f-simple_run29,active,21.082705,5.39625,0.595046,3.211019,67.747228
SPHINCS+-SHA2-128f-simple_run29,active,21.095445,5.39375,0.594331,3.205674,67.788069
SPHINCS+-SHA2-128f-simple_run29,active,21.108195,5.39625,0.595762,3.214879,67.829058
SPHINCS+-SHA2-128f-simple_run29,active,21.120941,5.3975,0.595046,3.211763,67.869995
SPHINCS+-SHA2-128f-simple_run29,active,21.133684,5.3975,0.596656,3.220449,67.911034
SPHINCS+-SHA2-128f-simple_run29,active,21.146432,5.39375,0.598086,3.225926,67.952158
SPHINCS+-SHA2-128f-simple_run29,active,21.159174,5.39625,0.595225,3.211984,67.993085
SPHINCS+-SHA2-128f-simple_run29,active,21.171917,5.39625,0.59594,3.215843,68.034065
SPHINCS+-SHA2-128f-simple_run29,active,21.184659,5.395,0.595046,3.210275,68.074969
SPHINCS+-SHA2-128f-simple_run29,active,21.197398,5.39625,0.595225,3.211984,68.115888
SPHINCS+-SHA2-128f-simple_run29,active,21.210147,5.395,0.595762,3.214134,68.156862
SPHINCS+-SHA2-128f-simple_run29,active,21.222891,5.3975,0.59594,3.216588,68.197856
SPHINCS+-SHA2-128f-simple_run29,active,21.235633,5.40125,0.59451,3.211097,68.238771
SPHINCS+-SHA2-128f-simple_run29,active,21.248376,5.3975,0.59594,3.216588,68.27976
SPHINCS+-SHA2-128f-simple_run29,active,21.261119,5.3975,0.594331,3.207903,68.320639
SPHINCS+-SHA2-128f-simple_run29,active,21.273861,5.39625,0.595046,3.211019,68.361552
SPHINCS+-SHA2-128f-simple_run29,active,21.286601,5.3925,0.596656,3.217465,68.402544
SPHINCS+-SHA2-128f-simple_run29,active,21.299342,5.3975,0.595583,3.214658,68.443503
SPHINCS+-SHA2-128f-simple_run29,active,21.312091,5.3975,0.595762,3.215623,68.484497
SPHINCS+-SHA2-128f-simple_run29,active,21.324838,5.3975,0.594331,3.207903,68.525388
SPHINCS+-SHA2-128f-simple_run29,active,21.337579,5.39625,0.597907,3.226457,68.566497
SPHINCS+-SHA2-128f-simple_run29,active,21.350319,5.395,0.595225,3.21124,68.607409
SPHINCS+-SHA2-128f-simple_run29,active,21.363059,5.39625,0.595046,3.211019,68.648316
SPHINCS+-SHA2-128f-simple_run29,active,21.375797,5.4,0.593795,3.206492,68.689161
SPHINCS+-SHA2-128f-simple_run29,active,21.38854,5.39625,0.595404,3.212949,68.730104
SPHINCS+-SHA2-128f-simple_run29,active,21.401279,5.395,0.596119,3.216063,68.771074
SPHINCS+-SHA2-128f-simple_run29,active,21.41403,5.39875,0.595583,3.215403,68.812072
SPHINCS+-SHA2-128f-simple_run29,active,21.426774,5.39625,0.598622,3.230316,68.85324
SPHINCS+-SHA2-128f-simple_run29,active,21.439515,5.395,0.595225,3.21124,68.894156
SPHINCS+-SHA2-128f-simple_run29,active,21.452257,5.3925,0.596119,3.214573,68.935115
SPHINCS+-SHA2-128f-simple_run29,active,21.464999,5.395,0.592186,3.194841,68.975822
SPHINCS+-SHA2-128f-simple_run29,active,21.47776,5.39875,0.59594,3.217333,69.01688
SPHINCS+-SHA2-128f-simple_run29,active,21.490503,5.39625,0.595583,3.213914,69.057836
SPHINCS+-SHA2-128f-simple_run29,active,21.503244,5.39625,0.595583,3.213914,69.098785
SPHINCS+-SHA2-128f-simple_run29,active,21.515993,5.3975,0.597907,3.227204,69.139928
SPHINCS+-SHA2-128f-simple_run29,active,21.528741,5.39625,0.595225,3.211984,69.180873
SPHINCS+-SHA2-128f-simple_run29,active,21.541481,5.3975,0.595762,3.215623,69.221841
SPHINCS+-SHA2-128f-simple_run29,active,21.554223,5.3975,0.594868,3.210798,69.262753
SPHINCS+-SHA2-128f-simple_run29,active,21.566963,5.39875,0.595225,3.213472,69.303692
SPHINCS+-SHA2-128f-simple_run29,active,21.579704,5.3975,0.595404,3.213693,69.344636
SPHINCS+-SHA2-128f-simple_run29,active,21.592443,5.39625,0.594331,3.20716,69.385493
SPHINCS+-SHA2-128f-simple_run29,active,21.605185,5.40375,0.59451,3.212583,69.426428
SPHINCS+-SHA2-128f-simple_run29,active,21.617933,5.39625,0.595046,3.211019,69.467363
SPHINCS+-SHA2-128f-simple_run29,active,21.630676,5.39875,0.594868,3.211541,69.508288
SPHINCS+-SHA2-128f-simple_run29,active,21.643416,5.39625,0.595225,3.211984,69.549209
SPHINCS+-SHA2-128f-simple_run29,active,21.656158,5.39625,0.596119,3.216808,69.590197
SPHINCS+-SHA2-128f-simple_run29,active,21.6689,5.39625,0.595046,3.211019,69.631112
SPHINCS+-SHA2-128f-simple_run29,active,21.681643,5.38875,0.595583,3.209447,69.672008
SPHINCS+-SHA2-128f-simple_run29,active,21.694385,5.38875,0.596119,3.212337,69.712941
SPHINCS+-SHA2-128f-simple_run29,active,21.710011,5.3975,0.594331,3.207903,69.763068
SPHINCS+-SHA2-128f-simple_run29,active,21.722783,5.395,0.595046,3.210275,69.804069
SPHINCS+-SHA2-128f-simple_run29,active,21.735535,5.39375,0.592722,3.196994,69.844837
SPHINCS+-SHA2-128f-simple_run29,active,21.748293,5.3975,0.595046,3.211763,69.885814
SPHINCS+-SHA2-128f-simple_run29,active,21.761035,5.39625,0.595404,3.212949,69.926751
SPHINCS+-SHA2-128f-simple_run29,active,21.773776,5.39875,0.594331,3.208646,69.967634
SPHINCS+-SHA2-128f-simple_run29,active,21.786517,5.3975,0.594331,3.207903,70.008504
SPHINCS+-SHA2-128f-simple_run29,active,21.799256,5.39625,0.595046,3.211019,70.049412
SPHINCS+-SHA2-128f-simple_run29,active,21.811999,5.395,0.595225,3.21124,70.090331
SPHINCS+-SHA2-128f-simple_run29,active,21.824747,5.3975,0.592901,3.200182,70.131127
SPHINCS+-SHA2-128f-simple_run29,active,21.83749,5.39625,0.595046,3.211019,70.172047
SPHINCS+-SHA2-128f-simple_run29,active,21.850233,5.39625,0.595046,3.211019,70.212962
SPHINCS+-SHA2-128f-simple_run29,active,21.862972,5.395,0.595225,3.21124,70.253872
SPHINCS+-SHA2-128f-simple_run29,active,21.875712,5.4,0.596298,3.220009,70.294894
SPHINCS+-SHA2-128f-simple_run29,active,21.888455,5.395,0.59594,3.215098,70.335864
SPHINCS+-SHA2-128f-simple_run29,active,21.901195,5.39625,0.597013,3.221632,70.376906
SPHINCS+-SHA2-128f-simple_run29,active,21.913936,5.3975,0.596656,3.220449,70.417939
SPHINCS+-SHA2-128f-simple_run29,active,21.926683,5.3925,0.597907,3.224215,70.459039
SPHINCS+-SHA2-128f-simple_run29,active,21.939429,5.395,0.595046,3.210275,70.499955
SPHINCS+-SHA2-128f-simple_run29,active,21.952171,5.39875,0.595225,3.213472,70.540902
SPHINCS+-SHA2-128f-simple_run29,active,21.964913,5.39625,0.596477,3.218738,70.581916
SPHINCS+-SHA2-128f-simple_run29,active,21.977653,5.395,0.595046,3.210275,70.622814
SPHINCS+-SHA2-128f-simple_run29,active,21.990394,5.39625,0.595583,3.213914,70.663763
SPHINCS+-SHA2-128f-simple_run29,active,22.003135,5.3975,0.595404,3.213693,70.70471
SPHINCS+-SHA2-128f-simple_run29,active,22.015877,5.3975,0.595404,3.213693,70.745659
SPHINCS+-SHA2-128f-simple_run29,active,22.028628,5.39625,0.594689,3.209089,70.786576
SPHINCS+-SHA2-128f-simple_run29,active,22.041368,5.39875,0.595225,3.213472,70.827517
SPHINCS+-SHA2-128f-simple_run29,active,22.054108,5.40125,0.594689,3.212063,70.868439
SPHINCS+-SHA2-128f-simple_run29,active,22.066849,5.39375,0.596656,3.218211,70.909441
SPHINCS+-SHA2-128f-simple_run29,active,22.07959,5.395,0.595225,3.21124,70.950354
SPHINCS+-SHA2-128f-simple_run29,active,22.092333,5.395,0.595225,3.21124,70.991276
SPHINCS+-SHA2-128f-simple_run29,active,22.105075,5.4,0.597371,3.225802,71.032381
SPHINCS+-SHA2-128f-simple_run29,active,22.117817,5.39625,0.595762,3.214879,71.073344
SPHINCS+-SHA2-128f-simple_run29,active,22.130565,5.39625,0.595762,3.214879,71.114326
SPHINCS+-SHA2-128f-simple_run29,active,22.14331,5.39125,0.59594,3.212864,71.155274
SPHINCS+-SHA2-128f-simple_run29,active,22.156056,5.395,0.594689,3.208346,71.196168
SPHINCS+-SHA2-128f-simple_run29,active,22.168796,5.39625,0.595762,3.214879,71.237126
SPHINCS+-SHA2-128f-simple_run29,active,22.181536,5.39875,0.595404,3.214437,71.278078
SPHINCS+-SHA2-128f-simple_run29,active,22.194277,5.39875,0.598265,3.229882,71.319229
SPHINCS+-SHA2-128f-simple_run29,active,22.207017,5.39625,0.595404,3.212949,71.360163
SPHINCS+-SHA2-128f-simple_run29,active,22.219758,5.3975,0.595762,3.215623,71.401133
SPHINCS+-SHA2-128f-simple_run29,active,22.232508,5.39625,0.595225,3.211984,71.442086
SPHINCS+-SHA2-128f-simple_run29,active,22.245252,5.39625,0.593258,3.201371,71.482884
SPHINCS+-SHA2-128f-simple_run29,active,22.257995,5.3975,0.595046,3.211763,71.523812
SPHINCS+-SHA2-128f-simple_run29,active,22.270734,5.3975,0.595225,3.212728,71.56474
SPHINCS+-SHA2-128f-simple_run29,active,22.283474,5.3975,0.594152,3.206938,71.605595
SPHINCS+-SHA2-128f-simple_run29,active,22.296217,5.39625,0.593437,3.202335,71.646403
SPHINCS+-SHA2-128f-simple_run29,active,22.308956,5.395,0.594689,3.208346,71.687275
SPHINCS+-SHA2-128f-simple_run29,active,22.321696,5.39625,0.59594,3.215843,71.728243
SPHINCS+-SHA2-128f-simple_run29,active,22.33448,5.3975,0.59594,3.216588,71.769366
SPHINCS+-SHA2-128f-simple_run29,active,22.347226,5.39625,0.595762,3.214879,71.810342
SPHINCS+-SHA2-128f-simple_run29,active,22.35997,5.39625,0.59594,3.215843,71.851323
SPHINCS+-SHA2-128f-simple_run29,active,22.372711,5.3975,0.597907,3.227204,71.892441
SPHINCS+-SHA2-128f-simple_run29,active,22.385451,5.3975,0.595225,3.212728,71.933373
SPHINCS+-SHA2-128f-simple_run29,active,22.398192,5.4,0.59451,3.210354,71.974274
SPHINCS+-SHA2-128f-simple_run29,active,22.410931,5.3975,0.59594,3.216588,72.01525
SPHINCS+-SHA2-128f-simple_run29,active,22.423672,5.39875,0.599516,3.236639,72.056488
SPHINCS+-SHA2-128f-simple_run29,active,22.436421,5.39875,0.595404,3.214437,72.097468
SPHINCS+-SHA2-128f-simple_run29,active,22.449192,5.39625,0.59594,3.215843,72.13854
SPHINCS+-SHA2-128f-simple_run29,active,22.461933,5.39875,0.595762,3.216368,72.17952
SPHINCS+-SHA2-128f-simple_run29,active,22.474673,5.40125,0.592007,3.197577,72.220257
SPHINCS+-SHA2-128f-simple_run29,active,22.487415,5.39625,0.597192,3.222597,72.261318
SPHINCS+-SHA2-128f-simple_run29,active,22.500157,5.39625,0.595225,3.211984,72.302247
SPHINCS+-SHA2-128f-simple_run29,active,22.512899,5.3975,0.595583,3.214658,72.343208
SPHINCS+-SHA2-128f-simple_run29,active,22.525639,5.3975,0.597192,3.223344,72.384272
SPHINCS+-SHA2-128f-simple_run29,active,22.538387,5.39875,0.59594,3.217333,72.425288
SPHINCS+-SHA2-128f-simple_run29,active,22.551131,5.39875,0.595762,3.216368,72.466278
SPHINCS+-SHA2-128f-simple_run29,active,22.563876,5.395,0.594868,3.209311,72.507179
SPHINCS+-SHA2-128f-simple_run29,active,22.57662,5.39625,0.595762,3.214879,72.548148
SPHINCS+-SHA2-128f-simple_run29,active,22.589359,5.3975,0.59594,3.216588,72.589127
SPHINCS+-SHA2-128f-simple_run29,active,22.6021,5.3975,0.59594,3.216588,72.630108
SPHINCS+-SHA2-128f-simple_run29,active,22.61484,5.39375,0.595583,3.212425,72.671034
SPHINCS+-SHA2-128f-simple_run29,active,22.62758,5.39625,0.595225,3.211984,72.711956
SPHINCS+-SHA2-128f-simple_run29,active,22.640328,5.39625,0.595225,3.211984,72.752901
SPHINCS+-SHA2-128f-simple_run29,active,22.653073,5.38875,0.595583,3.209447,72.793806
SPHINCS+-SHA2-128f-simple_run29,active,22.665813,5.40375,0.594689,3.21355,72.834746
SPHINCS+-SHA2-128f-simple_run29,active,22.678552,5.39875,0.595583,3.215403,72.875707
SPHINCS+-SHA2-128f-simple_run29,active,22.691292,5.39625,0.595225,3.211984,72.91663
SPHINCS+-SHA2-128f-simple_run29,active,22.704036,5.4,0.595225,3.214216,72.957589
SPHINCS+-SHA2-128f-simple_run29,active,22.716778,5.3975,0.59594,3.216588,72.998576
SPHINCS+-SHA2-128f-simple_run29,active,22.729517,5.3975,0.595762,3.215623,73.03954
SPHINCS+-SHA2-128f-simple_run29,active,22.742277,5.39625,0.59594,3.215843,73.080575
SPHINCS+-SHA2-128f-simple_run29,active,22.755028,5.3975,0.592543,3.198252,73.121355
SPHINCS+-SHA2-128f-simple_run29,active,22.767771,5.3975,0.594689,3.209833,73.162257
SPHINCS+-SHA2-128f-simple_run29,active,22.780515,5.3975,0.595046,3.211763,73.203189
SPHINCS+-SHA2-128f-simple_run29,active,22.793255,5.39625,0.588252,3.174355,73.243631
SPHINCS+-SHA2-128f-simple_run29,active,22.805997,5.3975,0.595404,3.213693,73.28458
SPHINCS+-SHA2-128f-simple_run29,active,22.81874,5.39625,0.595046,3.211019,73.325496
SPHINCS+-SHA2-128f-simple_run29,active,22.83148,5.39625,0.595046,3.211019,73.366404
SPHINCS+-SHA2-128f-simple_run29,active,22.844227,5.39375,0.594689,3.207603,73.407293
SPHINCS+-SHA2-128f-simple_run29,active,22.856975,5.395,0.595225,3.21124,73.448229
SPHINCS+-SHA2-128f-simple_run29,active,22.869716,5.3975,0.595583,3.214658,73.489186
SPHINCS+-SHA2-128f-simple_run29,active,22.882506,5.39625,0.59594,3.215843,73.530318
SPHINCS+-SHA2-128f-simple_run29,active,22.89525,5.3975,0.594689,3.209833,73.571225
SPHINCS+-SHA2-128f-simple_run29,active,22.907994,5.39875,0.595225,3.213472,73.612175
SPHINCS+-SHA2-128f-simple_run29,active,22.920734,5.39875,0.595046,3.212507,73.653103
SPHINCS+-SHA2-128f-simple_run29,active,22.933474,5.39875,0.59308,3.201888,73.693896
SPHINCS+-SHA2-128f-simple_run29,active,22.94622,5.3975,0.602735,3.253261,73.735363
SPHINCS+-SHA2-128f-simple_run29,active,22.958964,5.39625,0.596119,3.216808,73.776358
SPHINCS+-SHA2-128f-simple_run29,active,22.971705,5.39875,0.594868,3.211541,73.817274
SPHINCS+-SHA2-128f-simple_run29,active,22.987276,5.39625,0.595583,3.213914,73.86732
SPHINCS+-SHA2-128f-simple_run29,active,23.000033,5.3975,0.59594,3.216588,73.908354
SPHINCS+-SHA2-128f-simple_run29,active,23.012777,5.39875,0.595583,3.215403,73.949331
SPHINCS+-SHA2-128f-simple_run29,active,23.025515,5.3975,0.595583,3.214658,73.990279
SPHINCS+-SHA2-128f-simple_run29,active,23.038254,5.39625,0.596298,3.217773,74.03127
SPHINCS+-SHA2-128f-simple_run29,active,23.051001,5.39875,0.595762,3.216368,74.072269
SPHINCS+-SHA2-128f-simple_run29,active,23.063744,5.395,0.598444,3.228603,74.113412
SPHINCS+-SHA2-128f-simple_run29,active,23.076489,5.39625,0.595225,3.211984,74.154348
SPHINCS+-SHA2-128f-simple_run29,active,23.089228,5.395,0.596477,3.217992,74.19534
SPHINCS+-SHA2-128f-simple_run29,active,23.101968,5.39625,0.595762,3.214879,74.236299
SPHINCS+-SHA2-128f-simple_run29,active,23.114709,5.395,0.593974,3.204488,74.277128
SPHINCS+-SHA2-128f-simple_run29,active,23.12745,5.395,0.595225,3.21124,74.318042
SPHINCS+-SHA2-128f-simple_run29,active,23.140194,5.3975,0.595046,3.211763,74.358972
SPHINCS+-SHA2-128f-simple_run29,active,23.152941,5.39375,0.596834,3.219176,74.400008
SPHINCS+-SHA2-128f-simple_run29,active,23.165685,5.39625,0.603271,3.255402,74.441495
SPHINCS+-SHA2-128f-simple_run29,active,23.178436,5.39625,0.595583,3.213914,74.482475
SPHINCS+-SHA2-128f-simple_run29,active,23.191179,5.39625,0.597013,3.221632,74.523527
SPHINCS+-SHA2-128f-simple_run29,active,23.203922,5.39875,0.597371,3.225056,74.564625
SPHINCS+-SHA2-128f-simple_run29,active,23.216661,5.39625,0.595046,3.211019,74.605531
SPHINCS+-SHA2-128f-simple_run29,active,23.2294,5.3975,0.595404,3.213693,74.646471
SPHINCS+-SHA2-128f-simple_run29,active,23.242139,5.395,0.592543,3.196771,74.687194
SPHINCS+-SHA2-128f-simple_run29,active,23.254885,5.39625,0.597013,3.221632,74.728256
SPHINCS+-SHA2-128f-simple_run29,active,23.267629,5.3975,0.597192,3.223344,74.769335
SPHINCS+-SHA2-128f-simple_run29,active,23.280372,5.39625,0.593974,3.20523,74.810178
SPHINCS+-SHA2-128f-simple_run29,active,23.293113,5.39625,0.595046,3.211019,74.85109
SPHINCS+-SHA2-128f-simple_run29,active,23.305854,5.39625,0.597728,3.225492,74.892187
SPHINCS+-SHA2-128f-simple_run29,active,23.318594,5.3975,0.595583,3.214658,74.933142
SPHINCS+-SHA2-128f-simple_run29,active,23.331334,5.3975,0.59594,3.216588,74.974121
SPHINCS+-SHA2-128f-simple_run29,active,23.344078,5.3975,0.593795,3.205007,75.014964
SPHINCS+-SHA2-128f-simple_run29,active,23.356825,5.3975,0.593795,3.205007,75.055818
SPHINCS+-SHA2-128f-simple_run29,active,23.369568,5.39625,0.595225,3.211984,75.096749
SPHINCS+-SHA2-128f-simple_run29,active,23.38231,5.39875,0.595046,3.212507,75.137682
SPHINCS+-SHA2-128f-simple_run29,active,23.39505,5.39625,0.595583,3.213914,75.178628
SPHINCS+-SHA2-128f-simple_run29,active,23.407791,5.3975,0.595583,3.214658,75.219586
SPHINCS+-SHA2-128f-simple_run29,active,23.420534,5.3975,0.595404,3.213693,75.260539
SPHINCS+-SHA2-128f-simple_run29,active,23.433273,5.39375,0.592543,3.19603,75.301252
SPHINCS+-SHA2-128f-simple_run29,active,23.446013,5.3975,0.595583,3.214658,75.342207
SPHINCS+-SHA2-128f-simple_run29,active,23.45876,5.3975,0.597192,3.223344,75.383294
SPHINCS+-SHA2-128f-simple_run29,active,23.471503,5.39875,0.597728,3.226986,75.424418
SPHINCS+-SHA2-128f-simple_run29,active,23.484246,5.39625,0.595583,3.213914,75.465373
SPHINCS+-SHA2-128f-simple_run29,active,23.496987,5.39875,0.595404,3.214437,75.506327
SPHINCS+-SHA2-128f-simple_run29,active,23.509726,5.395,0.594689,3.208346,75.547198
SPHINCS+-SHA2-128f-simple_run29,active,23.522499,5.3975,0.594868,3.210798,75.58821
SPHINCS+-SHA2-128f-simple_run29,active,23.535239,5.39625,0.595762,3.214879,75.629168
SPHINCS+-SHA2-128f-simple_run29,active,23.547982,5.39625,0.59594,3.215843,75.670145
SPHINCS+-SHA2-128f-simple_run29,active,23.560727,5.39625,0.59594,3.215843,75.711132
SPHINCS+-SHA2-128f-simple_run29,active,23.573468,5.40125,0.598444,3.232343,75.752317
SPHINCS+-SHA2-128f-simple_run29,active,23.586209,5.39625,0.594689,3.209089,75.793204
SPHINCS+-SHA2-128f-simple_run29,active,23.598948,5.39625,0.594868,3.210054,75.834097
SPHINCS+-SHA2-128f-simple_run29,active,23.611689,5.39625,0.596119,3.216808,75.87508
SPHINCS+-SHA2-128f-simple_run29,active,23.624431,5.4025,0.59594,3.219568,75.916106
SPHINCS+-SHA2-128f-simple_run29,active,23.637194,5.39875,0.595762,3.216368,75.957155
SPHINCS+-SHA2-128f-simple_run29,active,23.649936,5.39625,0.599516,3.23514,75.998378
SPHINCS+-SHA2-128f-simple_run29,active,23.662683,5.39875,0.597371,3.225056,76.039488
SPHINCS+-SHA2-128f-simple_run29,active,23.675427,5.3975,0.595583,3.214658,76.080456
SPHINCS+-SHA2-128f-simple_run29,active,23.68817,5.3975,0.59594,3.216588,76.121444
SPHINCS+-SHA2-128f-simple_run29,active,23.700912,5.3975,0.59594,3.216588,76.162429
SPHINCS+-SHA2-128f-simple_run29,active,23.71365,5.39375,0.597013,3.22014,76.203449
SPHINCS+-SHA2-128f-simple_run29,active,23.726391,5.3975,0.597728,3.226239,76.244554
SPHINCS+-SHA2-128f-simple_run29,active,23.739133,5.3975,0.595225,3.212728,76.285489
SPHINCS+-SHA2-128f-simple_run29,active,23.751902,5.39625,0.590576,3.186898,76.326184
SPHINCS+-SHA2-128f-simple_run29,active,23.764653,5.39625,0.599159,3.233211,76.36741
SPHINCS+-SHA2-128f-simple_run29,active,23.777398,5.39625,0.595762,3.214879,76.408382
SPHINCS+-SHA2-128f-simple_run29,active,23.79014,5.39625,0.595404,3.212949,76.449321
SPHINCS+-SHA2-128f-simple_run29,active,23.80288,5.39625,0.59755,3.224527,76.490403
SPHINCS+-SHA2-128f-simple_run29,active,23.815622,5.39625,0.595225,3.211984,76.531329
SPHINCS+-SHA2-128f-simple_run29,active,23.828364,5.39625,0.595225,3.211984,76.572258
SPHINCS+-SHA2-128f-simple_run29,active,23.841105,5.39625,0.595225,3.211984,76.613182
SPHINCS+-SHA2-128f-simple_run29,active,23.853846,5.395,0.592364,3.195806,76.6539
SPHINCS+-SHA2-128f-simple_run29,active,23.866595,5.39625,0.596477,3.218738,76.694935
SPHINCS+-SHA2-128f-simple_run29,active,23.87934,5.39625,0.595225,3.211984,76.735871
SPHINCS+-SHA2-128f-simple_run29,active,23.892082,5.39875,0.592543,3.198993,76.776634
SPHINCS+-SHA2-128f-simple_run29,active,23.904824,5.3975,0.594868,3.210798,76.817545
SPHINCS+-SHA2-128f-simple_run29,active,23.917563,5.3975,0.595404,3.213693,76.858485
SPHINCS+-SHA2-128f-simple_run29,active,23.930304,5.39625,0.595404,3.212949,76.899422
SPHINCS+-SHA2-128f-simple_run29,active,23.943045,5.39375,0.596656,3.218211,76.940423
SPHINCS+-SHA2-128f-simple_run29,active,23.955784,5.3975,0.594331,3.207903,76.98129
SPHINCS+-SHA2-128f-simple_run29,active,23.968536,5.3975,0.59594,3.216588,77.022308
SPHINCS+-SHA2-128f-simple_run29,active,23.98128,5.3975,0.596119,3.217553,77.063313
SPHINCS+-SHA2-128f-simple_run29,active,23.994022,5.395,0.595583,3.213169,77.104254
SPHINCS+-SHA2-128f-simple_run29,active,24.006763,5.3975,0.59594,3.216588,77.145237
SPHINCS+-SHA2-128f-simple_run29,active,24.019504,5.39625,0.597192,3.222597,77.186297
SPHINCS+-SHA2-128f-simple_run29,active,24.032247,5.40125,0.59147,3.194679,77.227005
SPHINCS+-SHA2-128f-simple_run29,active,24.044988,5.39875,0.595046,3.212507,77.267937
SPHINCS+-SHA2-128f-simple_run29,active,24.057757,5.3975,0.595225,3.212728,77.30896
SPHINCS+-SHA2-128f-simple_run29,active,24.070509,5.3975,0.59594,3.216588,77.349976
SPHINCS+-SHA2-128f-simple_run29,active,24.083254,5.39625,0.596119,3.216808,77.390975
SPHINCS+-SHA2-128f-simple_run29,active,24.095995,5.39625,0.595583,3.213914,77.431926
SPHINCS+-SHA2-128f-simple_run29,active,24.108741,5.395,0.595046,3.210275,77.472841
SPHINCS+-SHA2-128f-simple_run29,active,24.121482,5.4,0.59594,3.218078,77.513845
SPHINCS+-SHA2-128f-simple_run29,active,24.134225,5.39625,0.59594,3.215843,77.554823
SPHINCS+-SHA2-128f-simple_run29,active,24.146966,5.3975,0.596298,3.218518,77.595832
SPHINCS+-SHA2-128f-simple_run29,active,24.159706,5.3975,0.59594,3.216588,77.636809
SPHINCS+-SHA2-128f-simple_run29,active,24.172457,5.395,0.596834,3.219922,77.677866
SPHINCS+-SHA2-128f-simple_run29,active,24.185199,5.3975,0.595046,3.211763,77.71879
SPHINCS+-SHA2-128f-simple_run29,active,24.197942,5.39625,0.59594,3.215843,77.75977
SPHINCS+-SHA2-128f-simple_run29,active,24.210684,5.39625,0.595762,3.214879,77.800735
SPHINCS+-SHA2-128f-simple_run29,active,24.223426,5.38875,0.595583,3.209447,77.841629
SPHINCS+-SHA2-128f-simple_run29,active,24.236169,5.3975,0.595583,3.214658,77.882595
SPHINCS+-SHA2-128f-simple_run29,active,24.248911,5.39875,0.59594,3.217333,77.923589
SPHINCS+-SHA2-128f-simple_run29,active,24.264529,5.39125,0.595225,3.209008,77.973707
SPHINCS+-SHA2-128f-simple_run29,active,24.277316,5.39625,0.595583,3.213914,78.014803
SPHINCS+-SHA2-128f-simple_run29,active,24.290067,5.3975,0.596477,3.219484,78.055854
SPHINCS+-SHA2-128f-simple_run29,active,24.302809,5.39625,0.591649,3.192687,78.096537
SPHINCS+-SHA2-128f-simple_run29,active,24.31555,5.39625,0.595762,3.214879,78.137497
SPHINCS+-SHA2-128f-simple_run29,active,24.328295,5.39375,0.594689,3.207603,78.178378
SPHINCS+-SHA2-128f-simple_run29,active,24.341037,5.3975,0.59594,3.216588,78.219364
SPHINCS+-SHA2-128f-simple_run29,active,24.353778,5.39375,0.600232,3.237499,78.260612
SPHINCS+-SHA2-128f-simple_run29,active,24.366517,5.4,0.595225,3.214216,78.301558
SPHINCS+-SHA2-128f-simple_run29,active,24.379265,5.3975,0.596119,3.217553,78.342576
SPHINCS+-SHA2-128f-simple_run29,active,24.392012,5.39625,0.600589,3.240929,78.383889
SPHINCS+-SHA2-128f-simple_run29,active,24.404755,5.3975,0.595046,3.211763,78.424816
SPHINCS+-SHA2-128f-simple_run29,active,24.417494,5.39875,0.59594,3.217333,78.465803
SPHINCS+-SHA2-128f-simple_run29,active,24.430235,5.39875,0.59594,3.217333,78.506795
SPHINCS+-SHA2-128f-simple_run29,active,24.442974,5.39625,0.595762,3.214879,78.547747
SPHINCS+-SHA2-128f-simple_run29,active,24.455712,5.3975,0.595762,3.215623,78.588707
SPHINCS+-SHA2-128f-simple_run29,active,24.468455,5.395,0.595225,3.21124,78.629629
SPHINCS+-SHA2-128f-simple_run29,active,24.481202,5.39125,0.594868,3.20708,78.670509
SPHINCS+-SHA2-128f-simple_run29,active,24.493948,5.3975,0.600768,3.242645,78.711842
SPHINCS+-SHA2-128f-simple_run29,active,24.50669,5.39625,0.598086,3.227422,78.752963
SPHINCS+-SHA2-128f-simple_run29,active,24.519429,5.3975,0.595404,3.213693,78.793904
SPHINCS+-SHA2-128f-simple_run29,active,24.532172,5.4025,0.592722,3.202181,78.834709
SPHINCS+-SHA2-128f-simple_run29,active,24.544913,5.395,0.595583,3.213169,78.875649
SPHINCS+-SHA2-128f-simple_run29,active,24.557653,5.3975,0.594689,3.209833,78.916542
SPHINCS+-SHA2-128f-simple_run29,active,24.570395,5.395,0.595046,3.210275,78.957447
SPHINCS+-SHA2-128f-simple_run29,active,24.583144,5.39375,0.59594,3.214354,78.998427
SPHINCS+-SHA2-128f-simple_run29,active,24.595893,5.395,0.598622,3.229568,79.039599
SPHINCS+-SHA2-128f-simple_run29,active,24.608634,5.39875,0.595225,3.213472,79.080544
SPHINCS+-SHA2-128f-simple_run29,active,24.621372,5.39375,0.594331,3.205674,79.121378
SPHINCS+-SHA2-128f-simple_run29,active,24.634114,5.39625,0.595046,3.211019,79.162293
SPHINCS+-SHA2-128f-simple_run29,active,24.646854,5.39625,0.596834,3.220668,79.203323
SPHINCS+-SHA2-128f-simple_run29,active,24.659594,5.395,0.595225,3.21124,79.244234
SPHINCS+-SHA2-128f-simple_run29,active,24.672338,5.3975,0.593616,3.204042,79.285065
SPHINCS+-SHA2-128f-simple_run29,active,24.685086,5.39875,0.595225,3.213472,79.326031
SPHINCS+-SHA2-128f-simple_run29,active,24.69783,5.3975,0.596119,3.217553,79.367036
SPHINCS+-SHA2-128f-simple_run29,active,24.710571,5.39625,0.59004,3.184003,79.407604
SPHINCS+-SHA2-128f-simple_run29,active,24.723311,5.395,0.59451,3.207381,79.448467
SPHINCS+-SHA2-128f-simple_run29,active,24.736058,5.3975,0.595583,3.214658,79.489443
SPHINCS+-SHA2-128f-simple_run29,active,24.748811,5.39875,0.596119,3.218299,79.530486
SPHINCS+-SHA2-128f-simple_run29,active,24.761552,5.395,0.600947,3.242108,79.571795
SPHINCS+-SHA2-128f-simple_run29,active,24.774293,5.39625,0.594689,3.209089,79.61268
SPHINCS+-SHA2-128f-simple_run29,active,24.787041,5.3975,0.596119,3.217553,79.653698
SPHINCS+-SHA2-128f-simple_run29,active,24.799786,5.395,0.600589,3.240179,79.694995
SPHINCS+-SHA2-128f-simple_run29,active,24.812603,5.3925,0.592186,3.193361,79.735923
SPHINCS+-SHA2-128f-simple_run29,active,24.825486,5.39375,0.595583,3.212425,79.777309
SPHINCS+-SHA2-128f-simple_run29,active,24.838239,5.38625,0.59594,3.209884,79.818244
SPHINCS+-SHA2-128f-simple_run29,active,24.85099,5.395,0.594152,3.205452,79.859117
SPHINCS+-SHA2-128f-simple_run29,active,24.863734,5.39625,0.595404,3.212949,79.900064
SPHINCS+-SHA2-128f-simple_run29,active,24.876481,5.39875,0.594868,3.211541,79.941001
SPHINCS+-SHA2-128f-simple_run29,active,24.889233,5.39875,0.595583,3.215403,79.982002
SPHINCS+-SHA2-128f-simple_run29,active,24.90198,5.385,0.598444,3.222619,80.023083
SPHINCS+-SHA2-128f-simple_run29,active,24.914422,5.38875,0.595046,3.206556,80.062979
SPHINCS+-SHA2-128f-simple_run29,active,24.92686,5.38875,0.595225,3.20752,80.102873
SPHINCS+-SHA2-128f-simple_run29,active,24.939299,5.375,0.595404,3.200297,80.142681
SPHINCS+-SHA2-128f-simple_run29,active,24.951745,5.37625,0.589861,3.171241,80.18215
SPHINCS+-SHA2-128f-simple_run29,active,24.964183,5.375,0.595762,3.202219,80.221981
SPHINCS+-SHA2-128f-simple_run29,active,24.97662,5.375,0.595583,3.201258,80.261794
SPHINCS+-SHA2-128f-simple_run29,active,24.989054,5.37375,0.595762,3.201474,80.301603
SPHINCS+-SHA2-128f-simple_run29,active,25.001509,5.385,0.593258,3.194696,80.341391
SPHINCS+-SHA2-128f-simple_run29,active,25.014256,5.38375,0.59594,3.208394,80.382288
SPHINCS+-SHA2-128f-simple_run29,active,25.026998,5.385,0.596119,3.210102,80.423193
SPHINCS+-SHA2-128f-simple_run29,active,25.03974,5.3825,0.595583,3.205724,80.464038
SPHINCS+-SHA2-128f-simple_run29,active,25.052482,5.39625,0.592901,3.199441,80.504807
SPHINCS+-SHA2-128f-simple_run29,active,25.065221,5.40375,0.596834,3.225144,80.545893
SPHINCS+-SHA2-128f-simple_run29,active,25.077961,5.39625,0.595046,3.211019,80.5868
SPHINCS+-SHA2-128f-simple_run29,active,25.09071,5.3975,0.595046,3.211763,80.627746
SPHINCS+-SHA2-128f-simple_run29,active,25.103455,5.3975,0.59594,3.216588,80.668744
SPHINCS+-SHA2-128f-simple_run29,active,25.116199,5.3975,0.595762,3.215623,80.709721
SPHINCS+-SHA2-128f-simple_run29,active,25.128939,5.3975,0.595583,3.214658,80.750678
SPHINCS+-SHA2-128f-simple_run29,active,25.141679,5.385,0.595583,3.207213,80.791538
SPHINCS+-SHA2-128f-simple_run29,active,25.154421,5.39875,0.594868,3.211541,80.832459
SPHINCS+-SHA2-128f-simple_run29,active,25.16716,5.39625,0.597013,3.221632,80.8735
SPHINCS+-SHA2-128f-simple_run29,active,25.179902,5.39875,0.595762,3.216368,80.914481
SPHINCS+-SHA2-128f-simple_run29,active,25.192649,5.3975,0.595046,3.211763,80.955423
SPHINCS+-SHA2-128f-simple_run29,active,25.205394,5.3975,0.596656,3.220449,80.996466
SPHINCS+-SHA2-128f-simple_run29,active,25.218137,5.39875,0.594689,3.210576,81.037378
SPHINCS+-SHA2-128f-simple_run29,active,25.230877,5.39125,0.596298,3.214792,81.078335
SPHINCS+-SHA2-128f-simple_run29,active,25.243618,5.38125,0.595762,3.205942,81.119183
SPHINCS+-SHA2-128f-simple_run29,active,25.256363,5.39625,0.595225,3.211984,81.160118
SPHINCS+-SHA2-128f-simple_run29,active,25.269102,5.3975,0.595762,3.215623,81.201084
SPHINCS+-SHA2-128f-simple_run29,active,25.28184,5.40125,0.595583,3.216892,81.242058
SPHINCS+-SHA2-128f-simple_run29,active,25.294585,5.39625,0.595225,3.211984,81.282998
SPHINCS+-SHA2-128f-simple_run29,active,25.307331,5.3925,0.596834,3.21843,81.32402
SPHINCS+-SHA2-128f-simple_run29,active,25.320075,5.40125,0.59594,3.218823,81.36504
SPHINCS+-SHA2-128f-simple_run29,active,25.332817,5.3975,0.596477,3.219484,81.406061
SPHINCS+-SHA2-128f-simple_run29,active,25.345555,5.39625,0.595404,3.212949,81.446988
SPHINCS+-SHA2-128f-simple_run29,active,25.358294,5.39875,0.595404,3.214437,81.487938
SPHINCS+-SHA2-128f-simple_run29,active,25.371036,5.4025,0.596834,3.224398,81.529024
SPHINCS+-SHA2-128f-simple_run29,active,25.383784,5.39625,0.59594,3.215843,81.570018
SPHINCS+-SHA2-128f-simple_run29,active,25.396535,5.39625,0.595583,3.213914,81.610998
SPHINCS+-SHA2-128f-simple_run29,active,25.409278,5.39875,0.595583,3.215403,81.651972
SPHINCS+-SHA2-128f-simple_run29,active,25.422019,5.39875,0.597013,3.223125,81.69304
SPHINCS+-SHA2-128f-simple_run29,active,25.434761,5.3975,0.59594,3.216588,81.734024
SPHINCS+-SHA2-128f-simple_run29,active,25.447505,5.395,0.595404,3.212205,81.774961
SPHINCS+-SHA2-128f-simple_run29,active,25.460247,5.39375,0.596656,3.218211,81.815966
SPHINCS+-SHA2-128f-simple_run29,active,25.472987,5.395,0.595225,3.21124,81.856878
SPHINCS+-SHA2-128f-simple_run29,active,25.485725,5.39625,0.59594,3.215843,81.897843
SPHINCS+-SHA2-128f-simple_run29,active,25.498505,5.395,0.595762,3.214134,81.938917
SPHINCS+-SHA2-128f-simple_run29,active,25.51125,5.3975,0.592901,3.200182,81.979705
SPHINCS+-SHA2-128f-simple_run29,active,25.523993,5.3975,0.595225,3.212728,82.020645
SPHINCS+-SHA2-128f-simple_run29,active,25.539651,5.39625,0.596477,3.218738,82.071042
SPHINCS+-SHA2-128f-simple_run29,active,25.552412,5.38,0.595762,3.205197,82.111944
SPHINCS+-SHA2-128f-simple_run29,active,25.565189,5.3975,0.595762,3.215623,82.153032
SPHINCS+-SHA2-128f-simple_run29,active,25.577932,5.3975,0.59594,3.216588,82.194018
SPHINCS+-SHA2-128f-simple_run29,active,25.590672,5.3925,0.595583,3.21168,82.234938
SPHINCS+-SHA2-128f-simple_run29,active,25.603421,5.39625,0.595225,3.211984,82.275888
SPHINCS+-SHA2-128f-simple_run29,active,25.616169,5.3975,0.600947,3.24361,82.317235
SPHINCS+-SHA2-128f-simple_run29,active,25.628928,5.39,0.596119,3.213082,82.358232
SPHINCS+-SHA2-128f-simple_run29,active,25.641714,5.3975,0.595583,3.214658,82.399333
SPHINCS+-SHA2-128f-simple_run29,active,25.654498,5.38375,0.595583,3.206469,82.440324
SPHINCS+-SHA2-128f-simple_run29,active,25.667244,5.3975,0.595583,3.214658,82.481299
SPHINCS+-SHA2-128f-simple_run29,active,25.67999,5.39625,0.594689,3.209089,82.522201
SPHINCS+-SHA2-128f-simple_run29,active,25.692733,5.39625,0.595225,3.211984,82.563132
SPHINCS+-SHA2-128f-simple_run29,active,25.705482,5.39625,0.595225,3.211984,82.604081
SPHINCS+-SHA2-128f-simple_run29,active,25.718226,5.395,0.599516,3.234391,82.645303
SPHINCS+-SHA2-128f-simple_run29,active,25.730966,5.39375,0.593437,3.200852,82.68608
SPHINCS+-SHA2-128f-simple_run29,active,25.743728,5.39625,0.595225,3.211984,82.727073
SPHINCS+-SHA2-128f-simple_run29,active,25.756474,5.385,0.595762,3.208176,82.767964
SPHINCS+-SHA2-128f-simple_run29,active,25.769233,5.39625,0.595583,3.213914,82.808971
SPHINCS+-SHA2-128f-simple_run29,active,25.781976,5.395,0.592901,3.1987,82.849732
SPHINCS+-SHA2-128f-simple_run29,active,25.794718,5.3925,0.595583,3.21168,82.890653
SPHINCS+-SHA2-128f-simple_run29,active,25.807467,5.39875,0.595762,3.216368,82.93166
SPHINCS+-SHA2-128f-simple_run29,active,25.820216,5.4,0.600768,3.244147,82.97302
SPHINCS+-SHA2-128f-simple_run29,active,25.832957,5.39875,0.595404,3.214437,83.013974
SPHINCS+-SHA2-128f-simple_run29,active,25.8457,5.39875,0.597013,3.223125,83.055046
SPHINCS+-SHA2-128f-simple_run29,active,25.858473,5.38375,0.595046,3.203581,83.095967
SPHINCS+-SHA2-128f-simple_run29,active,25.871216,5.39625,0.595404,3.212949,83.136907
SPHINCS+-SHA2-128f-simple_run29,active,25.883959,5.39625,0.595583,3.213914,83.177864
SPHINCS+-SHA2-128f-simple_run29,active,25.896702,5.39625,0.595046,3.211019,83.218781
SPHINCS+-SHA2-128f-simple_run29,active,25.909447,5.3975,0.597013,3.222379,83.259852
SPHINCS+-SHA2-128f-simple_run29,active,25.922193,5.39875,0.595583,3.215403,83.300834
SPHINCS+-SHA2-128f-simple_run29,active,25.934934,5.39625,0.595225,3.211984,83.341758
SPHINCS+-SHA2-128f-simple_run29,active,25.947675,5.395,0.59755,3.22378,83.382832
SPHINCS+-SHA2-128f-simple_run29,active,25.960419,5.38125,0.593795,3.195358,83.423553
SPHINCS+-SHA2-128f-simple_run29,active,25.97319,5.3975,0.594689,3.209833,83.464547
SPHINCS+-SHA2-128f-simple_run29,active,25.985933,5.39625,0.597192,3.222597,83.505613
SPHINCS+-SHA2-128f-simple_run29,active,25.998675,5.3975,0.594152,3.206938,83.546474
SPHINCS+-SHA2-128f-simple_run29,active,26.011423,5.395,0.59594,3.215098,83.58746
SPHINCS+-SHA2-128f-simple_run29,active,26.02417,5.39875,0.597192,3.22409,83.628557
SPHINCS+-SHA2-128f-simple_run29,active,26.036913,5.395,0.595583,3.213169,83.669503
SPHINCS+-SHA2-128f-simple_run29,active,26.049653,5.395,0.592364,3.195806,83.710219
SPHINCS+-SHA2-128f-simple_run29,active,26.062395,5.39625,0.595583,3.213914,83.75117
SPHINCS+-SHA2-128f-simple_run29,active,26.075136,5.39625,0.596119,3.216808,83.792157
SPHINCS+-SHA2-128f-simple_run29,active,26.087879,5.3975,0.595225,3.212728,83.833095
SPHINCS+-SHA2-128f-simple_run29,active,26.100622,5.4025,0.595583,3.217636,83.874098
SPHINCS+-SHA2-128f-simple_run29,active,26.113369,5.3975,0.595762,3.215623,83.915086
SPHINCS+-SHA2-128f-simple_run29,active,26.126115,5.39625,0.597728,3.225492,83.956199
SPHINCS+-SHA2-128f-simple_run29,active,26.138857,5.3975,0.596119,3.217553,83.997197
SPHINCS+-SHA2-128f-simple_run29,active,26.151598,5.395,0.595762,3.214134,84.038149
SPHINCS+-SHA2-128f-simple_run29,active,26.164343,5.395,0.595583,3.213169,84.0791
SPHINCS+-SHA2-128f-simple_run29,active,26.177085,5.39875,0.595404,3.214437,84.120058
SPHINCS+-SHA2-128f-simple_run29,active,26.189825,5.39625,0.595762,3.214879,84.161017
SPHINCS+-SHA2-128f-simple_run29,active,26.202568,5.3975,0.595046,3.211763,84.201942
SPHINCS+-SHA2-128f-simple_run29,active,26.215317,5.395,0.596119,3.216063,84.242946
SPHINCS+-SHA2-128f-simple_run29,active,26.228066,5.39625,0.600768,3.241894,84.284277
SPHINCS+-SHA2-128f-simple_run29,active,26.240809,5.39125,0.59594,3.212864,84.325218
SPHINCS+-SHA2-128f-simple_run29,active,26.253551,5.39625,0.59594,3.215843,84.366193
SPHINCS+-SHA2-128f-simple_run29,active,26.266292,5.39875,0.596298,3.219264,84.40721
SPHINCS+-SHA2-128f-simple_run29,active,26.279033,5.39375,0.594689,3.207603,84.448079
SPHINCS+-SHA2-128f-simple_run29,active,26.291775,5.3975,0.595046,3.211763,84.489003
SPHINCS+-SHA2-128f-simple_run29,active,26.304518,5.395,0.595225,3.21124,84.529924
SPHINCS+-SHA2-128f-simple_run29,active,26.317266,5.39625,0.595046,3.211019,84.570857
SPHINCS+-SHA2-128f-simple_run29,active,26.330012,5.3975,0.601483,3.246506,84.612239
SPHINCS+-SHA2-128f-simple_run29,active,26.342752,5.3975,0.594331,3.207903,84.653108
SPHINCS+-SHA2-128f-simple_run29,active,26.355495,5.3975,0.595404,3.213693,84.69406
SPHINCS+-SHA2-128f-simple_run29,active,26.36824,5.395,0.596119,3.216063,84.735048
SPHINCS+-SHA2-128f-simple_run29,active,26.380982,5.39625,0.594868,3.210054,84.775949
SPHINCS+-SHA2-128f-simple_run29,active,26.393722,5.39625,0.595046,3.211019,84.816858
SPHINCS+-SHA2-128f-simple_run29,active,26.406495,5.39625,0.597728,3.225492,84.858057
SPHINCS+-SHA2-128f-simple_run29,active,26.419234,5.39625,0.595046,3.211019,84.898962
SPHINCS+-SHA2-128f-simple_run29,active,26.431983,5.3975,0.599516,3.23589,84.940219
SPHINCS+-SHA2-128f-simple_run29,active,26.444725,5.39625,0.594689,3.209089,84.981107
SPHINCS+-SHA2-128f-simple_run29,active,26.457465,5.3975,0.594331,3.207903,85.021978
SPHINCS+-SHA2-128f-simple_run29,active,26.470207,5.395,0.594331,3.206417,85.062833
SPHINCS+-SHA2-128f-simple_run29,active,26.48295,5.395,0.595583,3.213169,85.103777
SPHINCS+-SHA2-128f-simple_run29,active,26.495702,5.39,0.595046,3.2073,85.144678
SPHINCS+-SHA2-128f-simple_run29,active,26.508444,5.4,0.599695,3.238354,85.185941
SPHINCS+-SHA2-128f-simple_run29,active,26.521199,5.39875,0.595046,3.212507,85.226916
SPHINCS+-SHA2-128f-simple_run29,active,26.533947,5.3975,0.597013,3.222379,85.267994
SPHINCS+-SHA2-128f-simple_run29,active,26.546689,5.39625,0.597013,3.221632,85.309045
SPHINCS+-SHA2-128f-simple_run29,active,26.559429,5.39625,0.601841,3.247683,85.350421
SPHINCS+-SHA2-128f-simple_run29,active,26.572173,5.39625,0.594689,3.209089,85.391318
SPHINCS+-SHA2-128f-simple_run29,active,26.584915,5.39625,0.595225,3.211984,85.432244
SPHINCS+-SHA2-128f-simple_run29,active,26.597658,5.39875,0.59594,3.217333,85.473241
SPHINCS+-SHA2-128f-simple_run29,active,26.6104,5.39875,0.590398,3.187409,85.513855
SPHINCS+-SHA2-128f-simple_run29,active,26.623147,5.3975,0.596477,3.219484,85.554896
SPHINCS+-SHA2-128f-simple_run29,active,26.635895,5.3975,0.600589,3.24168,85.59622
SPHINCS+-SHA2-128f-simple_run29,active,26.648638,5.3975,0.592543,3.198252,85.636975
SPHINCS+-SHA2-128f-simple_run29,active,26.661378,5.39625,0.595046,3.211019,85.677883
SPHINCS+-SHA2-128f-simple_run29,active,26.67412,5.3975,0.595225,3.212728,85.71882
SPHINCS+-SHA2-128f-simple_run29,active,26.686862,5.3825,0.595046,3.202837,85.75963
SPHINCS+-SHA2-128f-simple_run29,active,26.699602,5.38875,0.594152,3.201739,85.800422
SPHINCS+-SHA2-128f-simple_run29,active,26.712346,5.38125,0.594331,3.198245,85.841179
SPHINCS+-SHA2-128f-simple_run29,active,26.725097,5.3825,0.594689,3.200912,85.881995
SPHINCS+-SHA2-128f-simple_run29,active,26.737849,5.38375,0.600053,3.230534,85.923189
SPHINCS+-SHA2-128f-simple_run29,active,26.750604,5.3825,0.595225,3.2038,85.964056
SPHINCS+-SHA2-128f-simple_run29,active,26.763345,5.38375,0.595046,3.203581,86.004873
SPHINCS+-SHA2-128f-simple_run29,active,26.77609,5.38375,0.595046,3.203581,86.045701
SPHINCS+-SHA2-128f-simple_run29,active,26.788835,5.3975,0.594868,3.210798,86.086622
SPHINCS+-SHA2-128f-simple_run29,active,26.801575,5.39875,0.594689,3.210576,86.127525
SPHINCS+-SHA2-128f-simple_run29,active,26.817277,5.3975,0.595225,3.212728,86.17797
SPHINCS+-SHA2-128f-simple_run29,active,26.83005,5.3975,0.591649,3.193427,86.21876
SPHINCS+-SHA2-128f-simple_run29,active,26.842797,5.39625,0.595762,3.214879,86.259741
SPHINCS+-SHA2-128f-simple_run29,active,26.855537,5.39875,0.595046,3.212507,86.300669
SPHINCS+-SHA2-128f-simple_run29,active,26.868281,5.39625,0.596477,3.218738,86.341687
SPHINCS+-SHA2-128f-simple_run29,active,26.881024,5.39625,0.596119,3.216808,86.38268
SPHINCS+-SHA2-128f-simple_run29,active,26.893763,5.3975,0.593258,3.202112,86.423473
SPHINCS+-SHA2-128f-simple_run29,active,26.906508,5.3975,0.592901,3.200182,86.464259
SPHINCS+-SHA2-128f-simple_run29,active,26.919248,5.39375,0.598265,3.226891,86.505368
SPHINCS+-SHA2-128f-simple_run29,active,26.931999,5.3975,0.592901,3.200182,86.546174
SPHINCS+-SHA2-128f-simple_run29,active,26.944745,5.39625,0.595046,3.211019,86.587101
SPHINCS+-SHA2-128f-simple_run29,active,26.957484,5.39625,0.596119,3.216808,86.628082
SPHINCS+-SHA2-128f-simple_run29,active,26.970224,5.40125,0.595762,3.217857,86.669076
SPHINCS+-SHA2-128f-simple_run29,active,26.982962,5.395,0.595583,3.213169,86.710007
SPHINCS+-SHA2-128f-simple_run29,active,26.995702,5.395,0.59594,3.215098,86.750967
SPHINCS+-SHA2-128f-simple_run29,active,27.008444,5.3925,0.595762,3.212644,86.791901
SPHINCS+-SHA2-128f-simple_run29,active,27.021185,5.39125,0.59451,3.205152,86.832738
SPHINCS+-SHA2-128f-simple_run29,active,27.033932,5.3975,0.595404,3.213693,86.873705
SPHINCS+-SHA2-128f-simple_run29,active,27.046675,5.39625,0.595583,3.213914,86.91466
SPHINCS+-SHA2-128f-simple_run29,active,27.059416,5.4,0.594868,3.212285,86.955585
SPHINCS+-SHA2-128f-simple_run29,active,27.072157,5.3975,0.595225,3.212728,86.99652
SPHINCS+-SHA2-128f-simple_run29,active,27.0849,5.39375,0.594689,3.207603,87.037393
SPHINCS+-SHA2-128f-simple_run29,active,27.097639,5.4,0.595404,3.215182,87.078353
SPHINCS+-SHA2-128f-simple_run29,active,27.110379,5.3975,0.596119,3.217553,87.119343
SPHINCS+-SHA2-128f-simple_run29,active,27.123118,5.3975,0.595762,3.215623,87.160308
SPHINCS+-SHA2-128f-simple_run29,active,27.135896,5.39625,0.59594,3.215843,87.201399
SPHINCS+-SHA2-128f-simple_run29,active,27.148647,5.39875,0.597013,3.223125,87.242496
SPHINCS+-SHA2-128f-simple_run29,active,27.161386,5.3975,0.595762,3.215623,87.28346
SPHINCS+-SHA2-128f-simple_run29,active,27.174126,5.3975,0.595046,3.211763,87.324378
SPHINCS+-SHA2-128f-simple_run29,active,27.186866,5.39625,0.597192,3.222597,87.365435
SPHINCS+-SHA2-128f-simple_run29,active,27.199606,5.3875,0.595404,3.207739,87.4063
SPHINCS+-SHA2-128f-simple_run29,active,27.212348,5.3975,0.59594,3.216588,87.447287
SPHINCS+-SHA2-128f-simple_run29,active,27.225089,5.395,0.595583,3.213169,87.488227
SPHINCS+-SHA2-128f-simple_run29,active,27.237836,5.39875,0.595583,3.215403,87.529213
SPHINCS+-SHA2-128f-simple_run29,active,27.25058,5.3975,0.595583,3.214658,87.570181
SPHINCS+-SHA2-128f-simple_run29,active,27.263321,5.39625,0.59594,3.215843,87.611153
SPHINCS+-SHA2-128f-simple_run29,active,27.276066,5.39625,0.595583,3.213914,87.652114
SPHINCS+-SHA2-128f-simple_run29,active,27.288807,5.3975,0.590755,3.188601,87.692742
SPHINCS+-SHA2-128f-simple_run29,active,27.301546,5.395,0.595762,3.214134,87.733687
SPHINCS+-SHA2-128f-simple_run29,active,27.314286,5.39875,0.595583,3.215403,87.774651
SPHINCS+-SHA2-128f-simple_run29,active,27.327027,5.3975,0.596834,3.221414,87.815693
SPHINCS+-SHA2-128f-simple_run29,active,27.339775,5.39625,0.597013,3.221632,87.856762
SPHINCS+-SHA2-128f-simple_run29,active,27.352523,5.39625,0.596477,3.218738,87.897795
SPHINCS+-SHA2-128f-simple_run29,active,27.365263,5.39625,0.597013,3.221632,87.938839
SPHINCS+-SHA2-128f-simple_run29,active,27.378002,5.395,0.597907,3.225709,87.979932
SPHINCS+-SHA2-128f-simple_run29,active,27.390742,5.3975,0.595046,3.211763,88.020849
SPHINCS+-SHA2-128f-simple_run29,active,27.403481,5.3975,0.595404,3.213693,88.061789
SPHINCS+-SHA2-128f-simple_run29,active,27.416223,5.395,0.59594,3.215098,88.102755
SPHINCS+-SHA2-128f-simple_run29,active,27.428963,5.39625,0.598622,3.230316,88.14391
SPHINCS+-SHA2-128f-simple_run29,active,27.441709,5.39625,0.59594,3.215843,88.184898
SPHINCS+-SHA2-128f-simple_run29,active,27.454506,5.3975,0.595583,3.214658,88.226037
SPHINCS+-SHA2-128f-simple_run29,active,27.467249,5.39625,0.596119,3.216808,88.267028
SPHINCS+-SHA2-128f-simple_run29,active,27.479991,5.3975,0.595583,3.214658,88.30799
SPHINCS+-SHA2-128f-simple_run29,active,27.492734,5.3975,0.595404,3.213693,88.348943
SPHINCS+-SHA2-128f-simple_run29,active,27.505474,5.39625,0.595225,3.211984,88.389862
SPHINCS+-SHA2-128f-simple_run29,active,27.518215,5.4,0.599516,3.237389,88.43111
SPHINCS+-SHA2-128f-simple_run29,active,27.530956,5.39625,0.595225,3.211984,88.472034
SPHINCS+-SHA2-128f-simple_run29,active,27.543702,5.39625,0.594689,3.209089,88.512938
SPHINCS+-SHA2-128f-simple_run29,active,27.55645,5.3975,0.595046,3.211763,88.553882
SPHINCS+-SHA2-128f-simple_run29,active,27.569189,5.40625,0.595225,3.217936,88.594876
SPHINCS+-SHA2-128f-simple_run29,active,27.581931,5.395,0.595225,3.21124,88.63579
SPHINCS+-SHA2-128f-simple_run29,active,27.59467,5.39625,0.594152,3.206195,88.676636
SPHINCS+-SHA2-128f-simple_run29,active,27.607409,5.3975,0.595583,3.214658,88.717587
SPHINCS+-SHA2-128f-simple_run29,active,27.620151,5.39875,0.595225,3.213472,88.758535
SPHINCS+-SHA2-128f-simple_run29,active,27.632892,5.39625,0.595583,3.213914,88.799482
SPHINCS+-SHA2-128f-simple_run29,active,27.645639,5.39625,0.596834,3.220668,88.840536
SPHINCS+-SHA2-128f-simple_run29,active,27.658386,5.3925,0.599695,3.233856,88.881757
SPHINCS+-SHA2-128f-simple_run29,active,27.671127,5.39625,0.59451,3.208125,88.922632
SPHINCS+-SHA2-128f-simple_run29,active,27.683871,5.39625,0.595225,3.211984,88.963566
SPHINCS+-SHA2-128f-simple_run29,active,27.696615,5.3975,0.594689,3.209833,89.004471
SPHINCS+-SHA2-128f-simple_run29,active,27.709352,5.395,0.595046,3.210275,89.04536
SPHINCS+-SHA2-128f-simple_run29,active,27.722092,5.39625,0.595404,3.212949,89.086295
SPHINCS+-SHA2-128f-simple_run29,active,27.734836,5.3975,0.595583,3.214658,89.127263
SPHINCS+-SHA2-128f-simple_run29,active,27.747609,5.4,0.59755,3.226768,89.168478
SPHINCS+-SHA2-128f-simple_run29,active,27.76036,5.39625,0.597013,3.221632,89.209556
SPHINCS+-SHA2-128f-simple_run29,active,27.773103,5.39125,0.594152,3.203224,89.250375
SPHINCS+-SHA2-128f-simple_run29,active,27.785847,5.39875,0.595225,3.213472,89.291328
SPHINCS+-SHA2-128f-simple_run29,active,27.798589,5.39875,0.597907,3.227951,89.332458
SPHINCS+-SHA2-128f-simple_run29,active,27.81133,5.39875,0.595046,3.212507,89.373387
SPHINCS+-SHA2-128f-simple_run29,active,27.824074,5.39875,0.595583,3.215403,89.414364
SPHINCS+-SHA2-128f-simple_run29,active,27.836816,5.39625,0.595046,3.211019,89.455281
SPHINCS+-SHA2-128f-simple_run29,active,27.849563,5.3975,0.593795,3.205007,89.496136
SPHINCS+-SHA2-128f-simple_run29,active,27.862309,5.39625,0.595225,3.211984,89.537075
SPHINCS+-SHA2-128f-simple_run29,active,27.87505,5.395,0.598444,3.228603,89.578212
SPHINCS+-SHA2-128f-simple_run29,active,27.887791,5.3975,0.597192,3.223344,89.619279
SPHINCS+-SHA2-128f-simple_run29,active,27.900532,5.3975,0.595046,3.211763,89.6602
SPHINCS+-SHA2-128f-simple_run29,active,27.913273,5.3975,0.594331,3.207903,89.701072
SPHINCS+-SHA2-128f-simple_run29,active,27.926014,5.39625,0.596119,3.216808,89.742056
SPHINCS+-SHA2-128f-simple_run29,active,27.938754,5.3975,0.591649,3.193427,89.782741
SPHINCS+-SHA2-128f-simple_run29,active,27.951501,5.395,0.595404,3.212205,89.823687
SPHINCS+-SHA2-128f-simple_run29,active,27.964248,5.395,0.594152,3.205452,89.864546
SPHINCS+-SHA2-128f-simple_run29,active,27.976991,5.3925,0.592901,3.197218,89.905289
SPHINCS+-SHA2-128f-simple_run29,active,27.989772,5.4025,0.595404,3.21667,89.946402
SPHINCS+-SHA2-128f-simple_run29,active,28.002523,5.39875,0.594868,3.211541,89.987353
SPHINCS+-SHA2-128f-simple_run29,active,28.015265,5.3975,0.595762,3.215623,90.028326
SPHINCS+-SHA2-128f-simple_run29,active,28.028007,5.395,0.601483,3.245002,90.069674
SPHINCS+-SHA2-128f-simple_run29,active,28.040747,5.3975,0.595404,3.213693,90.110615
SPHINCS+-SHA2-128f-simple_run29,active,28.053492,5.39625,0.595583,3.213914,90.151578
SPHINCS+-SHA2-128f-simple_run29,active,28.066236,5.39625,0.599695,3.236105,90.192818
SPHINCS+-SHA2-128f-simple_run29,active,28.078976,5.3975,0.594689,3.209833,90.233712
SPHINCS+-SHA2-128f-simple_run29,active,28.094571,5.39625,0.596477,3.218738,90.283908
SPHINCS+-SHA2-128f-simple_run29,active,28.107333,5.3975,0.593258,3.202112,90.324773
SPHINCS+-SHA2-128f-simple_run29,active,28.120079,5.3975,0.595583,3.214658,90.365746
SPHINCS+-SHA2-128f-simple_run29,active,28.132822,5.395,0.596477,3.217992,90.406753
SPHINCS+-SHA2-128f-simple_run29,active,28.145561,5.3975,0.59451,3.208868,90.447632
SPHINCS+-SHA2-128f-simple_run29,active,28.15831,5.3975,0.595046,3.211763,90.488577
SPHINCS+-SHA2-128f-simple_run29,active,28.171054,5.395,0.595762,3.214134,90.529538
SPHINCS+-SHA2-128f-simple_run29,active,28.183791,5.39625,0.595583,3.213914,90.570476
SPHINCS+-SHA2-128f-simple_run29,active,28.196534,5.39625,0.595583,3.213914,90.611431
SPHINCS+-SHA2-128f-simple_run29,active,28.209273,5.395,0.595225,3.21124,90.652338
SPHINCS+-SHA2-128f-simple_run29,active,28.222012,5.39,0.595225,3.208264,90.693207
SPHINCS+-SHA2-128f-simple_run29,active,28.234751,5.39625,0.595583,3.213914,90.734148
SPHINCS+-SHA2-128f-simple_run29,active,28.247489,5.3975,0.595404,3.213693,90.775085
SPHINCS+-SHA2-128f-simple_run29,active,28.260237,5.39875,0.595762,3.216368,90.816088
SPHINCS+-SHA2-128f-simple_run29,active,28.272982,5.39625,0.595583,3.213914,90.857049
SPHINCS+-SHA2-128f-simple_run29,active,28.285721,5.395,0.595583,3.213169,90.897981
SPHINCS+-SHA2-128f-simple_run29,active,28.298497,5.39625,0.595762,3.214879,90.939057
SPHINCS+-SHA2-128f-simple_run29,active,28.311238,5.39625,0.595583,3.213914,90.980004
SPHINCS+-SHA2-128f-simple_run29,active,28.323982,5.3975,0.595225,3.212728,91.020945
SPHINCS+-SHA2-128f-simple_run29,active,28.336722,5.3975,0.595225,3.212728,91.061878
SPHINCS+-SHA2-128f-simple_run29,active,28.349461,5.3975,0.595225,3.212728,91.102803
SPHINCS+-SHA2-128f-simple_run29,active,28.362206,5.3975,0.595225,3.212728,91.143751
SPHINCS+-SHA2-128f-simple_run29,active,28.374951,5.39625,0.595046,3.211019,91.184675
SPHINCS+-SHA2-128f-simple_run29,active,28.38769,5.39625,0.594152,3.206195,91.225517
SPHINCS+-SHA2-128f-simple_run29,active,28.400432,5.39875,0.59594,3.217333,91.266513
SPHINCS+-SHA2-128f-simple_run29,active,28.413198,5.39625,0.595046,3.211019,91.307506
SPHINCS+-SHA2-128f-simple_run29,active,28.42594,5.3975,0.59594,3.216588,91.348491
SPHINCS+-SHA2-128f-simple_run29,active,28.438681,5.395,0.595583,3.213169,91.389431
SPHINCS+-SHA2-128f-simple_run29,active,28.451421,5.39625,0.594868,3.210054,91.430327
SPHINCS+-SHA2-128f-simple_run29,active,28.46417,5.39375,0.59594,3.214354,91.471308
SPHINCS+-SHA2-128f-simple_run29,active,28.476916,5.40125,0.594689,3.212063,91.512246
SPHINCS+-SHA2-128f-simple_run29,active,28.489655,5.39625,0.595404,3.212949,91.553178
SPHINCS+-SHA2-128f-simple_run29,active,28.502397,5.39875,0.595762,3.216368,91.594159
SPHINCS+-SHA2-128f-simple_run29,active,28.515138,5.3975,0.594689,3.209833,91.635057
SPHINCS+-SHA2-128f-simple_run29,active,28.527881,5.39875,0.595225,3.213472,91.676005
SPHINCS+-SHA2-128f-simple_run29,active,28.540621,5.39625,0.595046,3.211019,91.716914
SPHINCS+-SHA2-128f-simple_run29,active,28.553362,5.39875,0.59451,3.209611,91.757806
SPHINCS+-SHA2-128f-simple_run29,active,28.566108,5.39625,0.595583,3.213914,91.798771
SPHINCS+-SHA2-128f-simple_run29,active,28.578852,5.39875,0.599695,3.237604,91.840031
SPHINCS+-SHA2-128f-simple_run29,active,28.591592,5.39625,0.595583,3.213914,91.880977
SPHINCS+-SHA2-128f-simple_run29,active,28.604335,5.39875,0.59594,3.217333,91.921974
SPHINCS+-SHA2-128f-simple_run29,active,28.617077,5.395,0.595762,3.214134,91.96293
SPHINCS+-SHA2-128f-simple_run29,active,28.629817,5.39625,0.595762,3.214879,92.003889
SPHINCS+-SHA2-128f-simple_run29,active,28.642557,5.39625,0.59594,3.215843,92.044859
SPHINCS+-SHA2-128f-simple_run29,active,28.655298,5.3975,0.596477,3.219484,92.085876
SPHINCS+-SHA2-128f-simple_run29,active,28.668046,5.4025,0.593795,3.207976,92.126773
SPHINCS+-SHA2-128f-simple_run29,active,28.68079,5.3975,0.595225,3.212728,92.167717
SPHINCS+-SHA2-128f-simple_run29,active,28.693529,5.39625,0.595046,3.211019,92.208622
SPHINCS+-SHA2-128f-simple_run29,active,28.70627,5.40125,0.595046,3.213994,92.24957
SPHINCS+-SHA2-128f-simple_run29,active,28.719009,5.39875,0.594868,3.211541,92.290483
SPHINCS+-SHA2-128f-simple_run29,active,28.731749,5.3925,0.595046,3.208788,92.331362
SPHINCS+-SHA2-128f-simple_run29,active,28.744505,5.3975,0.594689,3.209833,92.372305
SPHINCS+-SHA2-128f-simple_run29,active,28.757244,5.395,0.593795,3.203523,92.413117
SPHINCS+-SHA2-128f-simple_run29,active,28.769994,5.39625,0.594689,3.209089,92.454032
SPHINCS+-SHA2-128f-simple_run29,active,28.782738,5.3975,0.595225,3.212728,92.494976
SPHINCS+-SHA2-128f-simple_run29,active,28.795477,5.39625,0.594689,3.209089,92.535856
SPHINCS+-SHA2-128f-simple_run29,active,28.808228,5.39625,0.592901,3.199441,92.576652
SPHINCS+-SHA2-128f-simple_run29,active,28.820971,5.39625,0.59451,3.208125,92.617532
SPHINCS+-SHA2-128f-simple_run29,active,28.83371,5.3975,0.595225,3.212728,92.65846
SPHINCS+-SHA2-128f-simple_run29,active,28.846487,5.39625,0.592543,3.197511,92.699314
SPHINCS+-SHA2-128f-simple_run29,active,28.859228,5.39625,0.595762,3.214879,92.740276
SPHINCS+-SHA2-128f-simple_run29,active,28.871977,5.395,0.596119,3.216063,92.781276
SPHINCS+-SHA2-128f-simple_run29,active,28.884722,5.39625,0.595046,3.211019,92.822202
SPHINCS+-SHA2-128f-simple_run29,active,28.897462,5.395,0.592901,3.1987,92.862954
SPHINCS+-SHA2-128f-simple_run29,active,28.910204,5.39625,0.59594,3.215843,92.903929
SPHINCS+-SHA2-128f-simple_run29,active,28.922947,5.39625,0.596298,3.217773,92.944932
SPHINCS+-SHA2-128f-simple_run29,active,28.935687,5.39875,0.595583,3.215403,92.985898
SPHINCS+-SHA2-128f-simple_run29,active,28.94843,5.39625,0.59594,3.215843,93.026878
SPHINCS+-SHA2-128f-simple_run29,active,28.961192,5.3975,0.59594,3.216588,93.067928
SPHINCS+-SHA2-128f-simple_run29,active,28.973941,5.39625,0.594689,3.209089,93.108841
SPHINCS+-SHA2-128f-simple_run29,active,28.986686,5.395,0.593974,3.204488,93.14968
SPHINCS+-SHA2-128f-simple_run29,active,28.999427,5.39625,0.595583,3.213914,93.190628
SPHINCS+-SHA2-128f-simple_run29,active,29.012169,5.3975,0.595583,3.214658,93.23159
SPHINCS+-SHA2-128f-simple_run29,active,29.02491,5.3975,0.595762,3.215623,93.272562
SPHINCS+-SHA2-128f-simple_run29,active,29.037648,5.39875,0.598622,3.231813,93.313728
SPHINCS+-SHA2-128f-simple_run29,active,29.050389,5.39625,0.594689,3.209089,93.354615
SPHINCS+-SHA2-128f-simple_run29,active,29.063131,5.3975,0.59594,3.216588,93.3956
SPHINCS+-SHA2-128f-simple_run29,active,29.075881,5.3975,0.598801,3.232029,93.436809
SPHINCS+-SHA2-128f-simple_run29,active,29.088628,5.395,0.594689,3.208346,93.477707
SPHINCS+-SHA2-128f-simple_run29,active,29.101368,5.39625,0.595762,3.214879,93.518663
SPHINCS+-SHA2-128f-simple_run29,active,29.114106,5.3975,0.59594,3.216588,93.559637
SPHINCS+-SHA2-128f-simple_run29,active,29.126847,5.3975,0.594331,3.207903,93.600507
SPHINCS+-SHA2-128f-simple_run29,active,29.139587,5.395,0.595046,3.210275,93.641405
SPHINCS+-SHA2-128f-simple_run29,active,29.152329,5.395,0.595583,3.213169,93.68235
SPHINCS+-SHA2-128f-simple_run29,active,29.16507,5.3975,0.59594,3.216588,93.72333
SPHINCS+-SHA2-128f-simple_run29,active,29.177814,5.39875,0.596477,3.220229,93.764371
SPHINCS+-SHA2-128f-simple_run29,active,29.190559,5.39875,0.596834,3.22216,93.805436
SPHINCS+-SHA2-128f-simple_run29,active,29.203299,5.39625,0.596119,3.216808,93.846418
SPHINCS+-SHA2-128f-simple_run29,active,29.21604,5.40125,0.596477,3.22172,93.887467
SPHINCS+-SHA2-128f-simple_run29,active,29.228783,5.395,0.596119,3.216063,93.928449
SPHINCS+-SHA2-128f-simple_run29,active,29.241522,5.39625,0.595583,3.213914,93.969389
SPHINCS+-SHA2-128f-simple_run29,active,29.254262,5.39875,0.59594,3.217333,94.010378
SPHINCS+-SHA2-128f-simple_run29,active,29.267002,5.38625,0.596477,3.212773,94.051312
SPHINCS+-SHA2-128f-simple_run29,active,29.279751,5.39625,0.600589,3.240929,94.09263
SPHINCS+-SHA2-128f-simple_run29,active,29.292497,5.39875,0.595225,3.213472,94.133589
SPHINCS+-SHA2-128f-simple_run29,active,29.305235,5.39375,0.59594,3.214354,94.174532
SPHINCS+-SHA2-128f-simple_run29,active,29.317978,5.39625,0.595762,3.214879,94.2155
SPHINCS+-SHA2-128f-simple_run29,active,29.330718,5.3975,0.59594,3.216588,94.256479
SPHINCS+-SHA2-128f-simple_run29,active,29.343459,5.39875,0.594689,3.210576,94.297386
SPHINCS+-SHA2-128f-simple_run29,active,29.356202,5.39875,0.594331,3.208646,94.338273
SPHINCS+-SHA2-128f-simple_run29,active,29.371756,5.39625,0.595225,3.211984,94.388232
SPHINCS+-SHA2-128f-simple_run29,active,29.384524,5.39625,0.596477,3.218738,94.429327
SPHINCS+-SHA2-128f-simple_run29,active,29.39727,5.39625,0.595404,3.212949,94.470281
SPHINCS+-SHA2-128f-simple_run29,active,29.41001,5.395,0.595404,3.212205,94.511203
SPHINCS+-SHA2-128f-simple_run29,active,29.42275,5.395,0.59594,3.215098,94.552165
SPHINCS+-SHA2-128f-simple_run29,active,29.43549,5.39625,0.594868,3.210054,94.593062
SPHINCS+-SHA2-128f-simple_run29,active,29.448232,5.39625,0.595583,3.213914,94.634014
SPHINCS+-SHA2-128f-simple_run29,active,29.460973,5.39875,0.595404,3.214437,94.674969
SPHINCS+-SHA2-128f-simple_run29,active,29.473712,5.39875,0.595404,3.214437,94.715916
SPHINCS+-SHA2-128f-simple_run29,active,29.486499,5.40375,0.594689,3.21355,94.757007
SPHINCS+-SHA2-128f-simple_run29,active,29.499243,5.39625,0.595583,3.213914,94.797968
SPHINCS+-SHA2-128f-simple_run29,active,29.511985,5.39625,0.595762,3.214879,94.83893
SPHINCS+-SHA2-128f-simple_run29,active,29.524726,5.3975,0.595404,3.213693,94.879876
SPHINCS+-SHA2-128f-simple_run29,active,29.537464,5.39625,0.595583,3.213914,94.920816
SPHINCS+-SHA2-128f-simple_run29,active,29.550205,5.3975,0.59594,3.216588,94.961797
SPHINCS+-SHA2-128f-simple_run29,active,29.562943,5.3975,0.595046,3.211763,95.00271
SPHINCS+-SHA2-128f-simple_run29,active,29.575684,5.3925,0.595225,3.209752,95.043604
SPHINCS+-SHA2-128f-simple_run29,active,29.588432,5.395,0.595225,3.21124,95.084542
SPHINCS+-SHA2-128f-simple_run29,active,29.60121,5.39625,0.595225,3.211984,95.125585
SPHINCS+-SHA2-128f-simple_run29,active,29.613953,5.3975,0.595404,3.213693,95.166536
SPHINCS+-SHA2-128f-simple_run29,active,29.626695,5.395,0.595404,3.212205,95.207464
SPHINCS+-SHA2-128f-simple_run29,active,29.639435,5.3975,0.595225,3.212728,95.248396
SPHINCS+-SHA2-128f-simple_run29,active,29.652178,5.39625,0.595404,3.212949,95.289338
SPHINCS+-SHA2-128f-simple_run29,active,29.664918,5.39625,0.595225,3.211984,95.330259
SPHINCS+-SHA2-128f-simple_run29,active,29.67766,5.39625,0.594689,3.209089,95.371149
SPHINCS+-SHA2-128f-simple_run29,active,29.690408,5.39625,0.59594,3.215843,95.412144
SPHINCS+-SHA2-128f-simple_run29,active,29.703151,5.3975,0.595404,3.213693,95.453098
SPHINCS+-SHA2-128f-simple_run29,active,29.715894,5.4025,0.596477,3.222466,95.494161
SPHINCS+-SHA2-128f-simple_run29,active,29.728635,5.3975,0.594331,3.207903,95.535034
SPHINCS+-SHA2-128f-simple_run29,active,29.741376,5.3975,0.595046,3.211763,95.575954
SPHINCS+-SHA2-128f-simple_run29,active,29.754127,5.39625,0.595046,3.211019,95.616899
SPHINCS+-SHA2-128f-simple_run29,active,29.766866,5.3975,0.597013,3.222379,95.657949
SPHINCS+-SHA2-128f-simple_run29,active,29.779605,5.39875,0.595046,3.212507,95.69887
SPHINCS+-SHA2-128f-simple_run29,active,29.792356,5.3975,0.594331,3.207903,95.739777
SPHINCS+-SHA2-128f-simple_run29,active,29.805101,5.39625,0.595583,3.213914,95.780738
SPHINCS+-SHA2-128f-simple_run29,active,29.817842,5.3975,0.59594,3.216588,95.82172
SPHINCS+-SHA2-128f-simple_run29,active,29.830583,5.3975,0.595762,3.215623,95.862688
SPHINCS+-SHA2-128f-simple_run29,active,29.843322,5.395,0.596119,3.216063,95.903659
SPHINCS+-SHA2-128f-simple_run29,active,29.856063,5.395,0.595583,3.213169,95.944597
SPHINCS+-SHA2-128f-simple_run29,active,29.868803,5.39625,0.594689,3.209089,95.985481
SPHINCS+-SHA2-128f-simple_run29,active,29.88154,5.39625,0.59594,3.215843,96.026443
SPHINCS+-SHA2-128f-simple_run29,active,29.894287,5.39625,0.596119,3.216808,96.067447
SPHINCS+-SHA2-128f-simple_run29,active,29.907031,5.3975,0.602735,3.253261,96.108908
SPHINCS+-SHA2-128f-simple_run29,active,29.91977,5.3925,0.596119,3.214573,96.149858
SPHINCS+-SHA2-128f-simple_run29,active,29.932514,5.39625,0.595583,3.213914,96.190814
SPHINCS+-SHA2-128f-simple_run29,active,29.945251,5.3975,0.600053,3.238785,96.232068
SPHINCS+-SHA2-128f-simple_run29,active,29.957992,5.39625,0.596119,3.216808,96.273053
SPHINCS+-SHA2-128f-simple_run29,active,29.970735,5.39375,0.595404,3.21146,96.313976
SPHINCS+-SHA2-128f-simple_run29,active,29.983474,5.39625,0.601126,3.243824,96.3553
SPHINCS+-SHA2-128f-simple_run29,active,29.996225,5.39875,0.589146,3.180652,96.395856
SPHINCS+-SHA2-128f-simple_run29,active,30.00897,5.395,0.595762,3.214134,96.43682
SPHINCS+-SHA2-128f-simple_run29,active,30.021708,5.39625,0.59451,3.208125,96.477686
SPHINCS+-SHA2-128f-simple_run29,active,30.034489,5.395,0.596656,3.218957,96.518828
SPHINCS+-SHA2-128f-simple_run29,active,30.047231,5.39875,0.596119,3.218299,96.559834
SPHINCS+-SHA2-128f-simple_run29,active,30.059974,5.39625,0.59594,3.215843,96.600812
SPHINCS+-SHA2-128f-simple_run29,active,30.072713,5.3975,0.596119,3.217553,96.641803
SPHINCS+-SHA2-128f-simple_run29,active,30.085453,5.39125,0.594689,3.206116,96.682647
SPHINCS+-SHA2-128f-simple_run29,active,30.098199,5.39625,0.59594,3.215843,96.723637
SPHINCS+-SHA2-128f-simple_run29,active,30.110943,5.3975,0.595762,3.215623,96.764616
SPHINCS+-SHA2-128f-simple_run29,active,30.123683,5.39875,0.595225,3.213472,96.805557
SPHINCS+-SHA2-128f-simple_run29,active,30.136426,5.4025,0.595583,3.217636,96.84656
SPHINCS+-SHA2-128f-simple_run29,active,30.149189,5.39875,0.595225,3.213472,96.887573
SPHINCS+-SHA2-128f-simple_run29,active,30.16193,5.395,0.595583,3.213169,96.92851
SPHINCS+-SHA2-128f-simple_run29,active,30.17467,5.39875,0.595225,3.213472,96.969451
SPHINCS+-SHA2-128f-simple_run29,active,30.187411,5.3975,0.596298,3.218518,97.010459
SPHINCS+-SHA2-128f-simple_run29,active,30.20016,5.3975,0.596119,3.217553,97.051478
SPHINCS+-SHA2-128f-simple_run29,active,30.212905,5.39625,0.597192,3.222597,97.09255
SPHINCS+-SHA2-128f-simple_run29,active,30.225644,5.39125,0.595404,3.209972,97.133441
SPHINCS+-SHA2-128f-simple_run29,active,30.238383,5.39625,0.595583,3.213914,97.174385
SPHINCS+-SHA2-128f-simple_run29,active,30.251126,5.3975,0.596119,3.217553,97.215385
SPHINCS+-SHA2-128f-simple_run29,active,30.263868,5.3875,0.595225,3.206776,97.256247
SPHINCS+-SHA2-128f-simple_run29,active,30.27661,5.39625,0.595404,3.212949,97.297185
SPHINCS+-SHA2-128f-simple_run29,active,30.289349,5.3975,0.595225,3.212728,97.338113
SPHINCS+-SHA2-128f-simple_run29,active,30.302096,5.39625,0.595583,3.213914,97.37908
SPHINCS+-SHA2-128f-simple_run29,active,30.314839,5.395,0.595404,3.212205,97.420013
SPHINCS+-SHA2-128f-simple_run29,active,30.327577,5.3975,0.595225,3.212728,97.460936
SPHINCS+-SHA2-128f-simple_run29,active,30.340323,5.39625,0.594689,3.209089,97.50184
SPHINCS+-SHA2-128f-simple_run29,active,30.353064,5.39625,0.595225,3.211984,97.542764
SPHINCS+-SHA2-128f-simple_run29,active,30.365801,5.3825,0.597907,3.218236,97.583756
SPHINCS+-SHA2-128f-simple_run29,active,30.378542,5.39625,0.59451,3.208125,97.624629
SPHINCS+-SHA2-128f-simple_run29,active,30.391282,5.395,0.59451,3.207381,97.665493
SPHINCS+-SHA2-128f-simple_run29,active,30.404031,5.3975,0.592722,3.199217,97.70628
SPHINCS+-SHA2-128f-simple_run29,active,30.416776,5.3975,0.59594,3.216588,97.747275
SPHINCS+-SHA2-128f-simple_run29,active,30.429515,5.39625,0.59594,3.215843,97.788242
SPHINCS+-SHA2-128f-simple_run29,active,30.442255,5.39625,0.595583,3.213914,97.829186
SPHINCS+-SHA2-128f-simple_run29,active,30.454995,5.3975,0.594331,3.207903,97.870055
SPHINCS+-SHA2-128f-simple_run29,active,30.467735,5.3875,0.594689,3.203886,97.910874
SPHINCS+-SHA2-128f-simple_run29,active,30.480478,5.3975,0.596119,3.217553,97.951874
SPHINCS+-SHA2-128f-simple_run29,active,30.493216,5.39625,0.596834,3.220668,97.992898
SPHINCS+-SHA2-128f-simple_run29,active,30.505962,5.39625,0.598622,3.230316,98.034072
SPHINCS+-SHA2-128f-simple_run29,active,30.518707,5.39625,0.597013,3.221632,98.075131
SPHINCS+-SHA2-128f-simple_run29,active,30.531447,5.39625,0.59594,3.215843,98.116103
SPHINCS+-SHA2-128f-simple_run29,active,30.54419,5.3975,0.593974,3.205973,98.156956
SPHINCS+-SHA2-128f-simple_run29,active,30.556934,5.3975,0.59594,3.216588,98.197948
SPHINCS+-SHA2-128f-simple_run29,active,30.569675,5.38625,0.59594,3.209884,98.238845
SPHINCS+-SHA2-128f-simple_run29,active,30.582415,5.39625,0.595583,3.213914,98.27979
SPHINCS+-SHA2-128f-simple_run29,active,30.595155,5.39375,0.598265,3.226891,98.320901
SPHINCS+-SHA2-128f-simple_run29,active,30.607904,5.39875,0.595762,3.216368,98.361906
SPHINCS+-SHA2-128f-simple_run29,active,30.620648,5.395,0.595404,3.212205,98.402842
SPHINCS+-SHA2-128f-simple_run29,active,30.633389,5.3975,0.594868,3.210798,98.443751
SPHINCS+-SHA2-128f-simple_run29,active,30.64903,5.38875,0.595225,3.20752,98.49392
SPHINCS+-SHA2-128f-simple_run29,active,30.661807,5.3975,0.595762,3.215623,98.535005
SPHINCS+-SHA2-128f-simple_run29,active,30.674551,5.39875,0.595225,3.213472,98.575959
SPHINCS+-SHA2-128f-simple_run29,active,30.687292,5.3975,0.60202,3.249401,98.617359
SPHINCS+-SHA2-128f-simple_run29,active,30.700033,5.39625,0.595583,3.213914,98.658308
SPHINCS+-SHA2-128f-simple_run29,active,30.712774,5.395,0.596477,3.217992,98.699307
SPHINCS+-SHA2-128f-simple_run29,active,30.725513,5.3975,0.595583,3.214658,98.74026
SPHINCS+-SHA2-128f-simple_run29,active,30.738256,5.39875,0.595762,3.216368,98.781247
SPHINCS+-SHA2-128f-simple_run29,active,30.751009,5.3975,0.595583,3.214658,98.822241
SPHINCS+-SHA2-128f-simple_run29,active,30.763749,5.39875,0.596834,3.22216,98.863292
SPHINCS+-SHA2-128f-simple_run29,active,30.776492,5.39625,0.595225,3.211984,98.904221
SPHINCS+-SHA2-128f-simple_run29,active,30.789229,5.39625,0.595225,3.211984,98.945134
SPHINCS+-SHA2-128f-simple_run29,active,30.801969,5.3875,0.594868,3.204849,98.985963
SPHINCS+-SHA2-128f-simple_run29,active,30.815349,5.395,0.597371,3.222815,99.029085
SPHINCS+-SHA2-128f-simple_run29,active,30.8282,5.385,0.595046,3.204325,99.070263
SPHINCS+-SHA2-128f-simple_run29,active,30.840649,5.3875,0.594689,3.203886,99.110148
SPHINCS+-SHA2-128f-simple_run29,active,30.853091,5.3875,0.593437,3.197143,99.149927
SPHINCS+-SHA2-128f-simple_run29,active,30.865532,5.39,0.592364,3.192844,99.189651
SPHINCS+-SHA2-128f-simple_run29,active,30.87797,5.37625,0.594868,3.198157,99.229428
SPHINCS+-SHA2-128f-simple_run29,active,30.89041,5.3875,0.596119,3.211592,99.269381
SPHINCS+-SHA2-128f-simple_run29,active,30.902847,5.38625,0.595583,3.207958,99.309279
SPHINCS+-SHA2-128f-simple_run29,active,30.915285,5.38875,0.593795,3.199812,99.349077
SPHINCS+-SHA2-128f-simple_run29,active,30.927739,5.39875,0.594689,3.210576,99.389062
SPHINCS+-SHA2-128f-simple_run29,active,30.940489,5.3975,0.595583,3.214658,99.430048
SPHINCS+-SHA2-128f-simple_run29,active,30.953231,5.39625,0.595046,3.211019,99.470965
SPHINCS+-SHA2-128f-simple_run29,active,30.965974,5.3975,0.598265,3.229134,99.512113
SPHINCS+-SHA2-128f-simple_run29,active,30.978716,5.38625,0.596298,3.21181,99.553036
SPHINCS+-SHA2-128f-simple_run29,active,30.991456,5.39375,0.594331,3.205674,99.593878
SPHINCS+-SHA2-128f-simple_run29,active,31.0042,5.3975,0.590576,3.187636,99.634501
SPHINCS+-SHA2-128f-simple_run29,active,31.016949,5.39625,0.596119,3.216808,99.67551
SPHINCS+-SHA2-128f-simple_run29,active,31.029694,5.39625,0.59594,3.215843,99.716497
SPHINCS+-SHA2-128f-simple_run29,active,31.042442,5.3975,0.598801,3.232029,99.7577
SPHINCS+-SHA2-128f-simple_run29,active,31.055183,5.395,0.593795,3.203523,99.798516
SPHINCS+-SHA2-128f-simple_run29,active,31.067929,5.39625,0.595046,3.211019,99.839444
SPHINCS+-SHA2-128f-simple_run29,active,31.080671,5.3875,0.59451,3.202923,99.880256
SPHINCS+-SHA2-128f-simple_run29,active,31.09341,5.3975,0.600053,3.238785,99.921515
SPHINCS+-SHA2-128f-simple_run29,active,31.106151,5.39875,0.597907,3.227951,99.962641
SPHINCS+-SHA2-128f-simple_run29,active,31.118898,5.39875,0.59594,3.217333,100.003653
SPHINCS+-SHA2-128f-simple_run29,active,31.131642,5.3975,0.595583,3.214658,100.044621
SPHINCS+-SHA2-128f-simple_run29,active,31.144387,5.39375,0.595046,3.209532,100.085525
SPHINCS+-SHA2-128f-simple_run29,active,31.157153,5.39625,0.596298,3.217773,100.126602
SPHINCS+-SHA2-128f-simple_run29,active,31.169895,5.395,0.59594,3.215098,100.16757
SPHINCS+-SHA2-128f-simple_run29,active,31.182637,5.39625,0.595583,3.213914,100.208522
SPHINCS+-SHA2-128f-simple_run29,active,31.195377,5.40125,0.59594,3.218823,100.24953
SPHINCS+-SHA2-128f-simple_run29,active,31.208121,5.39625,0.59594,3.215843,100.290514
SPHINCS+-SHA2-128f-simple_run29,active,31.220868,5.3975,0.595046,3.211763,100.331454
SPHINCS+-SHA2-128f-simple_run29,active,31.233609,5.39875,0.59594,3.217333,100.372446
SPHINCS+-SHA2-128f-simple_run29,active,31.24635,5.39625,0.595583,3.213914,100.413394
SPHINCS+-SHA2-128f-simple_run29,active,31.259091,5.3975,0.596119,3.217553,100.45439
SPHINCS+-SHA2-128f-simple_run29,active,31.271867,5.3975,0.596298,3.218518,100.495508
SPHINCS+-SHA2-128f-simple_run29,active,31.284612,5.39875,0.594689,3.210576,100.536428
SPHINCS+-SHA2-128f-simple_run29,active,31.297351,5.3975,0.594689,3.209833,100.577318
SPHINCS+-SHA2-128f-simple_run29,active,31.310091,5.39625,0.59594,3.215843,100.618286
SPHINCS+-SHA2-128f-simple_run29,active,31.322841,5.39125,0.595583,3.210936,100.659225
SPHINCS+-SHA2-128f-simple_run29,active,31.335585,5.39375,0.595762,3.213389,100.700177
SPHINCS+-SHA2-128f-simple_run29,active,31.348327,5.39875,0.595583,3.215403,100.741147
SPHINCS+-SHA2-128f-simple_run29,active,31.361068,5.3975,0.594689,3.209833,100.782045
SPHINCS+-SHA2-128f-simple_run29,active,31.373809,5.39,0.593258,3.197663,100.822787
SPHINCS+-SHA2-128f-simple_run29,active,31.386551,5.39375,0.595225,3.210496,100.863695
SPHINCS+-SHA2-128f-simple_run29,active,31.399291,5.39625,0.595583,3.213914,100.904638
SPHINCS+-SHA2-128f-simple_run29,active,31.412033,5.3975,0.59594,3.216588,100.945625
SPHINCS+-SHA2-128f-simple_run29,active,31.424781,5.39625,0.594868,3.210054,100.986546
SPHINCS+-SHA2-128f-simple_run29,active,31.437525,5.3975,0.59451,3.208868,101.027441
SPHINCS+-SHA2-128f-simple_run29,active,31.450267,5.3975,0.595762,3.215623,101.068415
SPHINCS+-SHA2-128f-simple_run29,active,31.463007,5.39875,0.590755,3.18934,101.109048
SPHINCS+-SHA2-128f-simple_run29,active,31.475749,5.39875,0.595404,3.214437,101.150005
SPHINCS+-SHA2-128f-simple_run29,active,31.488492,5.39375,0.596119,3.215318,101.190978
SPHINCS+-SHA2-128f-simple_run29,active,31.501231,5.3975,0.596119,3.217553,101.231968
SPHINCS+-SHA2-128f-simple_run29,active,31.513972,5.39625,0.590755,3.187863,101.272582
SPHINCS+-SHA2-128f-simple_run29,active,31.526718,5.39625,0.596834,3.220668,101.313634
SPHINCS+-SHA2-128f-simple_run29,active,31.539463,5.3975,0.596119,3.217553,101.354642
SPHINCS+-SHA2-128f-simple_run29,active,31.552206,5.39625,0.597907,3.226457,101.395755
SPHINCS+-SHA2-128f-simple_run29,active,31.564947,5.3975,0.60041,3.240715,101.437046
SPHINCS+-SHA2-128f-simple_run29,active,31.577687,5.39625,0.59594,3.215843,101.478016
SPHINCS+-SHA2-128f-simple_run29,active,31.590429,5.39375,0.595046,3.209532,101.518911
SPHINCS+-SHA2-128f-simple_run29,active,31.603168,5.39625,0.590219,3.184968,101.559487
SPHINCS+-SHA2-128f-simple_run29,active,31.61591,5.3975,0.596119,3.217553,101.600483
SPHINCS+-SHA2-128f-simple_run29,active,31.628661,5.39625,0.59594,3.215843,101.64149
SPHINCS+-SHA2-128f-simple_run29,active,31.641406,5.3975,0.59594,3.216588,101.682485
SPHINCS+-SHA2-128f-simple_run29,active,31.654148,5.39875,0.595762,3.216368,101.723466
SPHINCS+-SHA2-128f-simple_run29,active,31.666889,5.3975,0.596656,3.220449,101.764497
SPHINCS+-SHA2-128f-simple_run29,active,31.679629,5.39875,0.595583,3.215403,101.805464
SPHINCS+-SHA2-128f-simple_run29,active,31.692374,5.39875,0.595225,3.213472,101.846419
SPHINCS+-SHA2-128f-simple_run29,active,31.705115,5.3975,0.595583,3.214658,101.887376
SPHINCS+-SHA2-128f-simple_run29,active,31.717858,5.3975,0.595762,3.215623,101.928352
SPHINCS+-SHA2-128f-simple_run29,active,31.730606,5.3975,0.595583,3.214658,101.969334
SPHINCS+-SHA2-128f-simple_run29,active,31.743368,5.3975,0.596298,3.218518,102.010408
SPHINCS+-SHA2-128f-simple_run29,active,31.756117,5.39625,0.595225,3.211984,102.051359
SPHINCS+-SHA2-128f-simple_run29,active,31.768856,5.3975,0.595046,3.211763,102.092272
SPHINCS+-SHA2-128f-simple_run29,active,31.7816,5.3975,0.595046,3.211763,102.133204
SPHINCS+-SHA2-128f-simple_run29,active,31.794343,5.395,0.596477,3.217992,102.17421
SPHINCS+-SHA2-128f-simple_run29,active,31.807085,5.3975,0.59594,3.216588,102.215196
SPHINCS+-SHA2-128f-simple_run29,active,31.81986,5.39625,0.595762,3.214879,102.256266
SPHINCS+-SHA2-128f-simple_run29,active,31.832618,5.385,0.596119,3.210102,102.29722
SPHINCS+-SHA2-128f-simple_run29,active,31.845362,5.39625,0.595225,3.211984,102.338153
SPHINCS+-SHA2-128f-simple_run29,active,31.858104,5.39625,0.595225,3.211984,102.37908
SPHINCS+-SHA2-128f-simple_run29,active,31.870844,5.39625,0.595762,3.214879,102.420039
SPHINCS+-SHA2-128f-simple_run29,active,31.883584,5.39625,0.594868,3.210054,102.460936
SPHINCS+-SHA2-128f-simple_run29,active,31.896331,5.3975,0.595225,3.212728,102.501886
SPHINCS+-SHA2-128f-simple_run29,active,31.909084,5.39875,0.592722,3.199958,102.542695
SPHINCS+-SHA2-128f-simple_run29,active,31.924823,5.3975,0.593616,3.204042,102.593125
SPHINCS+-SHA2-128f-simple_run29,active,31.937598,5.39625,0.593795,3.204265,102.63406
SPHINCS+-SHA2-128f-simple_run29,active,31.950347,5.3975,0.595762,3.215623,102.675057
SPHINCS+-SHA2-128f-simple_run29,active,31.963089,5.3975,0.591649,3.193427,102.715747
SPHINCS+-SHA2-128f-simple_run29,active,31.975856,5.3975,0.595762,3.215623,102.7568
SPHINCS+-SHA2-128f-simple_run29,active,31.9886,5.3975,0.595225,3.212728,102.797742
SPHINCS+-SHA2-128f-simple_run29,active,32.00134,5.395,0.596477,3.217992,102.83874
SPHINCS+-SHA2-128f-simple_run29,active,32.014081,5.39625,0.596298,3.217773,102.879737
SPHINCS+-SHA2-128f-simple_run29,active,32.026829,5.3875,0.596477,3.213519,102.920702
SPHINCS+-SHA2-128f-simple_run29,active,32.03961,5.39125,0.59594,3.212864,102.961768
SPHINCS+-SHA2-128f-simple_run29,active,32.052365,5.3975,0.595046,3.211763,103.002735
SPHINCS+-SHA2-128f-simple_run29,active,32.065109,5.395,0.595225,3.21124,103.043659
SPHINCS+-SHA2-128f-simple_run29,active,32.07785,5.40125,0.595046,3.213994,103.084607
SPHINCS+-SHA2-128f-simple_run29,active,32.09059,5.3975,0.595583,3.214658,103.125562
SPHINCS+-SHA2-128f-simple_run29,active,32.10333,5.39625,0.594689,3.209089,103.166445
SPHINCS+-SHA2-128f-simple_run29,active,32.116071,5.39,0.602735,3.248741,103.207837
SPHINCS+-SHA2-128f-simple_run29,active,32.128812,5.3975,0.592901,3.200182,103.248611
SPHINCS+-SHA2-128f-simple_run29,active,32.14156,5.3975,0.593437,3.203077,103.289443
SPHINCS+-SHA2-128f-simple_run29,active,32.154306,5.3975,0.593258,3.202112,103.330257
SPHINCS+-SHA2-128f-simple_run29,active,32.167046,5.39875,0.59594,3.217333,103.371248
SPHINCS+-SHA2-128f-simple_run29,active,32.179788,5.39625,0.594868,3.210054,103.412148
SPHINCS+-SHA2-128f-simple_run29,active,32.19253,5.39875,0.594331,3.208646,103.453035
SPHINCS+-SHA2-128f-simple_run29,active,32.20527,5.39375,0.595046,3.209532,103.493924
SPHINCS+-SHA2-128f-simple_run29,active,32.218013,5.39625,0.595046,3.211019,103.534842
SPHINCS+-SHA2-128f-simple_run29,active,32.230754,5.3975,0.595583,3.214658,103.575798
SPHINCS+-SHA2-128f-simple_run29,active,32.243505,5.40625,0.59594,3.221803,103.616881
SPHINCS+-SHA2-128f-simple_run29,active,32.256254,5.3975,0.595583,3.214658,103.657864
SPHINCS+-SHA2-128f-simple_run29,active,32.268996,5.39625,0.596119,3.216808,103.698853
SPHINCS+-SHA2-128f-simple_run29,active,32.281761,5.3975,0.595225,3.212728,103.739864
SPHINCS+-SHA2-128f-simple_run29,active,32.294506,5.39625,0.596477,3.218738,103.780885
SPHINCS+-SHA2-128f-simple_run29,active,32.307248,5.3925,0.597728,3.22325,103.821958
SPHINCS+-SHA2-128f-simple_run29,active,32.319992,5.3975,0.59594,3.216588,103.862947
SPHINCS+-SHA2-128f-simple_run29,active,32.332733,5.3975,0.595225,3.212728,103.903884
SPHINCS+-SHA2-128f-simple_run29,active,32.345482,5.39625,0.597192,3.222597,103.944966
SPHINCS+-SHA2-128f-simple_run29,active,32.358227,5.39625,0.59594,3.215843,103.985952
SPHINCS+-SHA2-128f-simple_run29,active,32.370967,5.3975,0.59594,3.216588,104.026932
SPHINCS+-SHA2-128f-simple_run29,active,32.383708,5.3975,0.595762,3.215623,104.067902
SPHINCS+-SHA2-128f-simple_run29,active,32.396453,5.39625,0.596298,3.217773,104.108912
SPHINCS+-SHA2-128f-simple_run29,active,32.409192,5.3975,0.595046,3.211763,104.149827
SPHINCS+-SHA2-128f-simple_run29,active,32.421934,5.3975,0.586285,3.164474,104.190149
SPHINCS+-SHA2-128f-simple_run29,active,32.434674,5.39625,0.595225,3.211984,104.231069
SPHINCS+-SHA2-128f-simple_run29,active,32.447422,5.39625,0.596834,3.220668,104.272128
SPHINCS+-SHA2-128f-simple_run29,active,32.460169,5.39625,0.595404,3.212949,104.313083
SPHINCS+-SHA2-128f-simple_run29,active,32.472911,5.3975,0.593437,3.203077,104.353895
SPHINCS+-SHA2-128f-simple_run29,active,32.48565,5.3975,0.594331,3.207903,104.394761
SPHINCS+-SHA2-128f-simple_run29,active,32.498391,5.3975,0.595583,3.214658,104.435721
SPHINCS+-SHA2-128f-simple_run29,active,32.511131,5.39625,0.593795,3.204265,104.476543
SPHINCS+-SHA2-128f-simple_run29,active,32.523875,5.39625,0.595583,3.213914,104.517499
SPHINCS+-SHA2-128f-simple_run29,active,32.536618,5.39375,0.594152,3.20471,104.558337
SPHINCS+-SHA2-128f-simple_run29,active,32.549362,5.39375,0.595225,3.210496,104.599254
SPHINCS+-SHA2-128f-simple_run29,active,32.562107,5.38375,0.60041,3.232459,104.640449
SPHINCS+-SHA2-128f-simple_run29,active,32.574848,5.39875,0.596119,3.218299,104.681453
SPHINCS+-SHA2-128f-simple_run29,active,32.587588,5.3975,0.59594,3.216588,104.722434
SPHINCS+-SHA2-128f-simple_run29,active,32.600333,5.39875,0.595404,3.214437,104.763401
SPHINCS+-SHA2-128f-simple_run29,active,32.613072,5.3975,0.591649,3.193427,104.804084
SPHINCS+-SHA2-128f-simple_run29,active,32.625811,5.395,0.595225,3.21124,104.844992
SPHINCS+-SHA2-128f-simple_run29,active,32.63855,5.3975,0.594331,3.207903,104.885857
SPHINCS+-SHA2-128f-simple_run29,active,32.651296,5.3975,0.594331,3.207903,104.926743
SPHINCS+-SHA2-128f-simple_run29,active,32.664042,5.39375,0.595583,3.212425,104.96769
SPHINCS+-SHA2-128f-simple_run29,active,32.676784,5.3975,0.595046,3.211763,105.008613
SPHINCS+-SHA2-128f-simple_run29,active,32.689522,5.3975,0.595404,3.213693,105.049551
SPHINCS+-SHA2-128f-simple_run29,active,32.702263,5.39875,0.596119,3.218299,105.090554
SPHINCS+-SHA2-128f-simple_run29,active,32.715001,5.395,0.594868,3.209311,105.131436
SPHINCS+-SHA2-128f-simple_run29,active,32.727742,5.39625,0.595583,3.213914,105.172384
SPHINCS+-SHA2-128f-simple_run29,active,32.74049,5.39625,0.595404,3.212949,105.213343
SPHINCS+-SHA2-128f-simple_run29,active,32.753252,5.3975,0.595225,3.212728,105.254343
SPHINCS+-SHA2-128f-simple_run29,active,32.765998,5.395,0.597192,3.221851,105.29541
SPHINCS+-SHA2-128f-simple_run29,active,32.778742,5.39625,0.595046,3.211019,105.336328
SPHINCS+-SHA2-128f-simple_run29,active,32.79148,5.39625,0.594152,3.206195,105.377171
SPHINCS+-SHA2-128f-simple_run29,active,32.804231,5.3925,0.59594,3.213609,105.418148
SPHINCS+-SHA2-128f-simple_run29,active,32.816974,5.39875,0.595046,3.212507,105.459084
SPHINCS+-SHA2-128f-simple_run29,active,32.829715,5.3975,0.595583,3.214658,105.500041
SPHINCS+-SHA2-128f-simple_run29,active,32.842489,5.395,0.59594,3.215098,105.541111
SPHINCS+-SHA2-128f-simple_run29,active,32.855237,5.3975,0.595583,3.214658,105.582091
SPHINCS+-SHA2-128f-simple_run29,active,32.867985,5.39625,0.59594,3.215843,105.623089
SPHINCS+-SHA2-128f-simple_run29,active,32.880727,5.3975,0.595225,3.212728,105.664026
SPHINCS+-SHA2-128f-simple_run29,active,32.893468,5.395,0.595225,3.21124,105.704939
SPHINCS+-SHA2-128f-simple_run29,active,32.906211,5.3975,0.597371,3.224309,105.746027
SPHINCS+-SHA2-128f-simple_run29,active,32.918951,5.39625,0.595046,3.211019,105.786933
SPHINCS+-SHA2-128f-simple_run29,active,32.93169,5.395,0.597371,3.222815,105.82799
SPHINCS+-SHA2-128f-simple_run29,active,32.944434,5.39625,0.595046,3.211019,105.868909
SPHINCS+-SHA2-128f-simple_run29,active,32.957212,5.395,0.595046,3.210275,105.909932
SPHINCS+-SHA2-128f-simple_run29,active,32.96996,5.39625,0.595225,3.211984,105.950879
SPHINCS+-SHA2-128f-simple_run29,active,32.982702,5.395,0.596834,3.219922,105.991906
SPHINCS+-SHA2-128f-simple_run29,active,32.995442,5.39625,0.596119,3.216808,106.032888
SPHINCS+-SHA2-128f-simple_run29,active,33.008186,5.3975,0.595583,3.214658,106.073855
SPHINCS+-SHA2-128f-simple_run29,active,33.020926,5.3975,0.595046,3.211763,106.114773
SPHINCS+-SHA2-128f-simple_run29,active,33.033664,5.39625,0.597371,3.223562,106.155837
SPHINCS+-SHA2-128f-simple_run29,active,33.046405,5.39625,0.595225,3.211984,106.196759
SPHINCS+-SHA2-128f-simple_run29,active,33.059151,5.39375,0.595225,3.210496,106.237682
SPHINCS+-SHA2-128f-simple_run29,active,33.071899,5.4,0.589682,3.184285,106.278274
SPHINCS+-SHA2-128f-simple_run29,active,33.084641,5.395,0.594152,3.205452,106.319118
SPHINCS+-SHA2-128f-simple_run29,active,33.097381,5.3975,0.596298,3.218518,106.360121
SPHINCS+-SHA2-128f-simple_run29,active,33.110127,5.3975,0.594152,3.206938,106.400997
SPHINCS+-SHA2-128f-simple_run29,active,33.122867,5.39625,0.590755,3.187863,106.44161
SPHINCS+-SHA2-128f-simple_run29,active,33.135607,5.39625,0.593437,3.202335,106.482409
SPHINCS+-SHA2-128f-simple_run29,active,33.14835,5.39625,0.602556,3.251543,106.523844
SPHINCS+-SHA2-128f-simple_run29,active,33.161096,5.39625,0.583782,3.150234,106.563996
SPHINCS+-SHA2-128f-simple_run29,active,33.173839,5.3975,0.596477,3.219484,106.60502
SPHINCS+-SHA2-128f-simple_run29,active,33.186581,5.3975,0.595583,3.214658,106.645981
SPHINCS+-SHA2-128f-simple_run29,active,33.202294,5.39625,0.593437,3.202335,106.696302
SPHINCS+-SHA2-128f-simple_run29,active,33.215061,5.395,0.59594,3.215098,106.737347
SPHINCS+-SHA2-128f-simple_run29,active,33.227805,5.3975,0.595762,3.215623,106.778327
SPHINCS+-SHA2-128f-simple_run29,active,33.24055,5.3975,0.594689,3.209833,106.819237
SPHINCS+-SHA2-128f-simple_run29,active,33.253289,5.39625,0.595583,3.213914,106.860181
SPHINCS+-SHA2-128f-simple_run29,active,33.266038,5.395,0.59594,3.215098,106.901168
SPHINCS+-SHA2-128f-simple_run29,active,33.278784,5.395,0.596119,3.216063,106.942159
SPHINCS+-SHA2-128f-simple_run29,active,33.291524,5.39625,0.595225,3.211984,106.98308
SPHINCS+-SHA2-128f-simple_run29,active,33.304264,5.39875,0.59594,3.217333,107.024069
SPHINCS+-SHA2-128f-simple_run29,active,33.317006,5.39875,0.595583,3.215403,107.065039
SPHINCS+-SHA2-128f-simple_run29,active,33.329764,5.39625,0.59594,3.215843,107.106068
SPHINCS+-SHA2-128f-simple_run29,active,33.342506,5.39625,0.59594,3.215843,107.147043
SPHINCS+-SHA2-128f-simple_run29,active,33.355246,5.39625,0.595583,3.213914,107.187991
SPHINCS+-SHA2-128f-simple_run29,active,33.367995,5.39625,0.595583,3.213914,107.228966
SPHINCS+-SHA2-128f-simple_run29,active,33.380739,5.3975,0.594689,3.209833,107.269872
SPHINCS+-SHA2-128f-simple_run29,active,33.393478,5.395,0.595225,3.21124,107.310779
SPHINCS+-SHA2-128f-simple_run29,active,33.406218,5.3975,0.595404,3.213693,107.35172
SPHINCS+-SHA2-128f-simple_run29,active,33.418961,5.39625,0.595225,3.211984,107.392651
SPHINCS+-SHA2-128f-simple_run29,active,33.431702,5.39625,0.592901,3.199441,107.433415
SPHINCS+-SHA2-128f-simple_run29,active,33.444444,5.39625,0.595225,3.211984,107.474343
SPHINCS+-SHA2-128f-simple_run29,active,33.457185,5.39625,0.595046,3.211019,107.515255
SPHINCS+-SHA2-128f-simple_run29,active,33.469932,5.39625,0.596477,3.218738,107.556284
SPHINCS+-SHA2-128f-simple_run29,active,33.482677,5.39625,0.595404,3.212949,107.597233
SPHINCS+-SHA2-128f-simple_run29,active,33.495418,5.3975,0.595404,3.213693,107.638177
SPHINCS+-SHA2-128f-simple_run29,active,33.50816,5.395,0.597728,3.224745,107.679267
SPHINCS+-SHA2-128f-simple_run29,active,33.520902,5.39375,0.594331,3.205674,107.720116
SPHINCS+-SHA2-128f-simple_run29,active,33.533641,5.395,0.59451,3.207381,107.760973
SPHINCS+-SHA2-128f-simple_run29,active,33.546383,5.3975,0.597907,3.227204,107.802094
SPHINCS+-SHA2-128f-simple_run29,active,33.559123,5.39875,0.596477,3.220229,107.84312
SPHINCS+-SHA2-128f-simple_run29,active,33.571872,5.39375,0.596119,3.215318,107.884111
SPHINCS+-SHA2-128f-simple_run29,active,33.584618,5.3975,0.595583,3.214658,107.925087
SPHINCS+-SHA2-128f-simple_run29,active,33.597359,5.39625,0.596477,3.218738,107.966095
SPHINCS+-SHA2-128f-simple_run29,active,33.6101,5.39625,0.594689,3.209089,108.006983
SPHINCS+-SHA2-128f-simple_run29,active,33.622838,5.39375,0.59594,3.214354,108.047927
SPHINCS+-SHA2-128f-simple_run29,active,33.635578,5.3975,0.59594,3.216588,108.088907
SPHINCS+-SHA2-128f-simple_run29,active,33.64832,5.3975,0.595762,3.215623,108.12988
SPHINCS+-SHA2-128f-simple_run29,active,33.661061,5.3975,0.595046,3.211763,108.170801
SPHINCS+-SHA2-128f-simple_run29,active,33.673807,5.3975,0.595046,3.211763,108.211739
SPHINCS+-SHA2-128f-simple_run29,active,33.686549,5.39625,0.596477,3.218738,108.252751
SPHINCS+-SHA2-128f-simple_run29,active,33.699291,5.39625,0.59594,3.215843,108.293728
SPHINCS+-SHA2-128f-simple_run29,active,33.712034,5.40125,0.595225,3.21496,108.334696
SPHINCS+-SHA2-128f-simple_run29,active,33.724776,5.3975,0.595583,3.214658,108.375657
SPHINCS+-SHA2-128f-simple_run29,active,33.737521,5.39625,0.595404,3.212949,108.416605
SPHINCS+-SHA2-128f-simple_run29,active,33.750274,5.39125,0.595046,3.208044,108.457519
SPHINCS+-SHA2-128f-simple_run29,active,33.763016,5.395,0.595046,3.210275,108.498423
SPHINCS+-SHA2-128f-simple_run29,active,33.775765,5.39375,0.59594,3.214354,108.539404
SPHINCS+-SHA2-128f-simple_run29,active,33.788514,5.39625,0.595762,3.214879,108.58039
SPHINCS+-SHA2-128f-simple_run29,active,33.801253,5.39625,0.595583,3.213914,108.621331
SPHINCS+-SHA2-128f-simple_run29,active,33.813995,5.39625,0.59594,3.215843,108.662308
SPHINCS+-SHA2-128f-simple_run29,active,33.826737,5.3975,0.595583,3.214658,108.703268
SPHINCS+-SHA2-128f-simple_run29,active,33.83948,5.40125,0.595583,3.216892,108.744262
SPHINCS+-SHA2-128f-simple_run29,active,33.852224,5.39625,0.596477,3.218738,108.78528
SPHINCS+-SHA2-128f-simple_run29,active,33.864965,5.4,0.596834,3.222906,108.826344
SPHINCS+-SHA2-128f-simple_run29,active,33.877713,5.39625,0.597728,3.225492,108.867462
SPHINCS+-SHA2-128f-simple_run29,active,33.890501,5.395,0.597907,3.225709,108.908713
SPHINCS+-SHA2-128f-simple_run29,active,33.903243,5.39625,0.595225,3.211984,108.949641
SPHINCS+-SHA2-128f-simple_run29,active,33.915988,5.39625,0.595583,3.213914,108.990603
SPHINCS+-SHA2-128f-simple_run29,active,33.928731,5.39875,0.595404,3.214437,109.031564
SPHINCS+-SHA2-128f-simple_run29,active,33.94147,5.39625,0.599695,3.236105,109.072789
SPHINCS+-SHA2-128f-simple_run29,active,33.954211,5.39625,0.595225,3.211984,109.113714
SPHINCS+-SHA2-128f-simple_run29,active,33.966952,5.39625,0.594689,3.209089,109.154599
SPHINCS+-SHA2-128f-simple_run29,active,33.979697,5.3975,0.597013,3.222379,109.19567
SPHINCS+-SHA2-128f-simple_run29,active,33.992444,5.3975,0.595225,3.212728,109.23662
SPHINCS+-SHA2-128f-simple_run29,active,34.005185,5.39375,0.595762,3.213389,109.277564
SPHINCS+-SHA2-128f-simple_run29,active,34.017927,5.39625,0.595583,3.213914,109.318516
SPHINCS+-SHA2-128f-simple_run29,active,34.030669,5.40125,0.597907,3.229446,109.359664
SPHINCS+-SHA2-128f-simple_run29,active,34.043408,5.3975,0.595225,3.212728,109.400591
SPHINCS+-SHA2-128f-simple_run29,active,34.056149,5.3975,0.595046,3.211763,109.441513
SPHINCS+-SHA2-128f-simple_run29,active,34.06889,5.3975,0.595583,3.214658,109.482471
SPHINCS+-SHA2-128f-simple_run29,active,34.081635,5.395,0.586106,3.162044,109.522772
SPHINCS+-SHA2-128f-simple_run29,active,34.094379,5.3975,0.595583,3.214658,109.563739
SPHINCS+-SHA2-128f-simple_run29,active,34.107118,5.3975,0.598086,3.228169,109.604861
SPHINCS+-SHA2-128f-simple_run29,active,34.119885,5.3975,0.595046,3.211763,109.645865
SPHINCS+-SHA2-128f-simple_run29,active,34.132627,5.3975,0.595046,3.211763,109.68679
SPHINCS+-SHA2-128f-simple_run29,active,34.145366,5.39625,0.596119,3.216808,109.72777
SPHINCS+-SHA2-128f-simple_run29,active,34.158108,5.39625,0.595225,3.211984,109.768696
SPHINCS+-SHA2-128f-simple_run29,active,34.170847,5.395,0.598622,3.229568,109.809839
SPHINCS+-SHA2-128f-simple_run29,active,34.183595,5.395,0.59594,3.215098,109.850825
SPHINCS+-SHA2-128f-simple_run29,active,34.196341,5.39625,0.595583,3.213914,109.89179
SPHINCS+-SHA2-128f-simple_run29,active,34.209082,5.39625,0.599695,3.236105,109.93302
SPHINCS+-SHA2-128f-simple_run29,active,34.221821,5.39875,0.596119,3.218299,109.974017
SPHINCS+-SHA2-128f-simple_run29,active,34.234562,5.3975,0.596119,3.217553,110.015012
SPHINCS+-SHA2-128f-simple_run29,active,34.247302,5.39625,0.59594,3.215843,110.055983
SPHINCS+-SHA2-128f-simple_run29,active,34.260043,5.39875,0.595404,3.214437,110.096938
SPHINCS+-SHA2-128f-simple_run29,active,34.272783,5.39,0.59594,3.212119,110.13786
SPHINCS+-SHA2-128f-simple_run29,active,34.285528,5.3975,0.594331,3.207903,110.178747
SPHINCS+-SHA2-128f-simple_run29,active,34.298272,5.3975,0.59594,3.216588,110.219738
SPHINCS+-SHA2-128f-simple_run29,active,34.311012,5.39625,0.59594,3.215843,110.260708
SPHINCS+-SHA2-128f-simple_run29,active,34.323752,5.39625,0.596119,3.216808,110.301689
SPHINCS+-SHA2-128f-simple_run29,active,34.336492,5.39625,0.595762,3.214879,110.342646
SPHINCS+-SHA2-128f-simple_run29,active,34.349233,5.3975,0.595762,3.215623,110.383618
SPHINCS+-SHA2-128f-simple_run29,active,34.361973,5.39625,0.595225,3.211984,110.424537
SPHINCS+-SHA2-128f-simple_run29,active,34.374713,5.39875,0.595225,3.213472,110.465476
SPHINCS+-SHA2-128f-simple_run29,active,34.387461,5.395,0.596477,3.217992,110.506499
SPHINCS+-SHA2-128f-simple_run29,active,34.400205,5.40625,0.593258,3.207303,110.547376
SPHINCS+-SHA2-128f-simple_run29,active,34.412946,5.39625,0.595225,3.211984,110.588298
SPHINCS+-SHA2-128f-simple_run29,active,34.425682,5.39625,0.596119,3.216808,110.629267
SPHINCS+-SHA2-128f-simple_run29,active,34.438422,5.39625,0.595583,3.213914,110.670214
SPHINCS+-SHA2-128f-simple_run29,active,34.451163,5.39125,0.595583,3.210936,110.711122
SPHINCS+-SHA2-128f-simple_run29,active,34.463904,5.39875,0.595046,3.212507,110.752054
SPHINCS+-SHA2-128f-simple_run29,active,34.4796,5.3925,0.595583,3.21168,110.802464
SPHINCS+-SHA2-128f-simple_run29,active,34.492366,5.39625,0.595225,3.211984,110.843469
SPHINCS+-SHA2-128f-simple_run29,active,34.505113,5.39625,0.595046,3.211019,110.8844
SPHINCS+-SHA2-128f-simple_run29,active,34.517853,5.39625,0.595762,3.214879,110.925358
SPHINCS+-SHA2-128f-simple_run29,active,34.530593,5.4,0.595583,3.216147,110.966331
SPHINCS+-SHA2-128f-simple_run29,active,34.543334,5.39625,0.595762,3.214879,111.00729
SPHINCS+-SHA2-128f-simple_run29,active,34.556076,5.3975,0.59594,3.216588,111.048276
SPHINCS+-SHA2-128f-simple_run29,active,34.568814,5.39625,0.595404,3.212949,111.089204
SPHINCS+-SHA2-128f-simple_run29,active,34.581552,5.39625,0.594689,3.209089,111.130082
SPHINCS+-SHA2-128f-simple_run29,active,34.594298,5.39625,0.59755,3.224527,111.171182
SPHINCS+-SHA2-128f-simple_run29,active,34.607042,5.39875,0.595225,3.213472,111.212135
SPHINCS+-SHA2-128f-simple_run29,active,34.619782,5.39875,0.595583,3.215403,111.253097
SPHINCS+-SHA2-128f-simple_run29,active,34.632523,5.39625,0.595583,3.213914,111.294046
SPHINCS+-SHA2-128f-simple_run29,active,34.64526,5.3975,0.595762,3.215623,111.335003
SPHINCS+-SHA2-128f-simple_run29,active,34.658,5.3975,0.594868,3.210798,111.375907
SPHINCS+-SHA2-128f-simple_run29,active,34.670738,5.38625,0.59594,3.209884,111.416797
SPHINCS+-SHA2-128f-simple_run29,active,34.683477,5.385,0.59594,3.209139,111.457678
SPHINCS+-SHA2-128f-simple_run29,active,34.696226,5.38375,0.599695,3.228609,111.498839
SPHINCS+-SHA2-128f-simple_run29,active,34.70897,5.38125,0.59594,3.206904,111.539709
SPHINCS+-SHA2-128f-simple_run29,active,34.721709,5.38,0.595583,3.204235,111.580526
SPHINCS+-SHA2-128f-simple_run29,active,34.734491,5.38,0.594689,3.199426,111.621422
SPHINCS+-SHA2-128f-simple_run29,active,34.747242,5.385,0.59594,3.209139,111.662342
SPHINCS+-SHA2-128f-simple_run29,active,34.759986,5.38625,0.597371,3.217588,111.703347
SPHINCS+-SHA2-128f-simple_run29,active,34.772727,5.39625,0.595762,3.214879,111.744307
SPHINCS+-SHA2-128f-simple_run29,active,34.785465,5.3975,0.596834,3.221414,111.785342
SPHINCS+-SHA2-128f-simple_run29,active,34.798215,5.39625,0.595046,3.211019,111.826284
SPHINCS+-SHA2-128f-simple_run29,active,34.810961,5.39625,0.595762,3.214879,111.867259
SPHINCS+-SHA2-128f-simple_run29,active,34.8237,5.3975,0.595225,3.212728,111.908186
SPHINCS+-SHA2-128f-simple_run29,active,34.836443,5.39875,0.595225,3.213472,111.949135
SPHINCS+-SHA2-128f-simple_run29,active,34.849196,5.39625,0.596119,3.216808,111.990158
SPHINCS+-SHA2-128f-simple_run29,active,34.861938,5.3975,0.596119,3.217553,112.031157
SPHINCS+-SHA2-128f-simple_run29,active,34.874679,5.39625,0.594152,3.206195,112.072007
SPHINCS+-SHA2-128f-simple_run29,active,34.887421,5.39625,0.598801,3.231281,112.113179
SPHINCS+-SHA2-128f-simple_run29,active,34.900172,5.39375,0.591113,3.188315,112.153833
SPHINCS+-SHA2-128f-simple_run29,active,34.912918,5.39625,0.600589,3.240929,112.195144
SPHINCS+-SHA2-128f-simple_run29,active,34.925658,5.39625,0.595404,3.212949,112.236076
SPHINCS+-SHA2-128f-simple_run29,active,34.938399,5.39875,0.594868,3.211541,112.276994
SPHINCS+-SHA2-128f-simple_run29,active,34.95114,5.3975,0.595225,3.212728,112.317926
SPHINCS+-SHA2-128f-simple_run29,active,34.963882,5.395,0.596119,3.216063,112.358908
SPHINCS+-SHA2-128f-simple_run29,active,34.976623,5.3975,0.596119,3.217553,112.399902
SPHINCS+-SHA2-128f-simple_run29,active,34.989363,5.3925,0.601483,3.243498,112.441224
SPHINCS+-SHA2-128f-simple_run29,active,35.002111,5.39625,0.596119,3.216808,112.482233
SPHINCS+-SHA2-128f-simple_run29,active,35.014857,5.3975,0.595583,3.214658,112.523205
SPHINCS+-SHA2-128f-simple_run29,active,35.027597,5.39625,0.595046,3.211019,112.564114
SPHINCS+-SHA2-128f-simple_run29,active,35.04034,5.3975,0.595225,3.212728,112.605054
SPHINCS+-SHA2-128f-simple_run29,active,35.05308,5.39625,0.595225,3.211984,112.645974
SPHINCS+-SHA2-128f-simple_run29,active,35.065818,5.39625,0.595583,3.213914,112.686913
SPHINCS+-SHA2-128f-simple_run29,active,35.078559,5.39625,0.592901,3.199441,112.727677
SPHINCS+-SHA2-128f-simple_run29,active,35.091298,5.39625,0.595225,3.211984,112.768596
SPHINCS+-SHA2-128f-simple_run29,active,35.104046,5.39625,0.596834,3.220668,112.809653
SPHINCS+-SHA2-128f-simple_run29,active,35.116792,5.39625,0.596119,3.216808,112.850653
SPHINCS+-SHA2-128f-simple_run29,active,35.129531,5.39,0.597192,3.218865,112.891657
SPHINCS+-SHA2-128f-simple_run29,active,35.142272,5.3975,0.595046,3.211763,112.932581
SPHINCS+-SHA2-128f-simple_run29,active,35.155015,5.39625,0.596119,3.216808,112.973572
SPHINCS+-SHA2-128f-simple_run29,active,35.167755,5.39625,0.594152,3.206195,113.014418
SPHINCS+-SHA2-128f-simple_run29,active,35.180497,5.39375,0.594689,3.207603,113.05529
SPHINCS+-SHA2-128f-simple_run29,active,35.193236,5.39875,0.595583,3.215403,113.09625
SPHINCS+-SHA2-128f-simple_run29,active,35.205982,5.39875,0.596477,3.220229,113.137297
SPHINCS+-SHA2-128f-simple_run29,active,35.218728,5.3975,0.595225,3.212728,113.178245
SPHINCS+-SHA2-128f-simple_run29,active,35.23147,5.39625,0.595583,3.213914,113.219198
SPHINCS+-SHA2-128f-simple_run29,active,35.244213,5.39625,0.595404,3.212949,113.260138
SPHINCS+-SHA2-128f-simple_run29,active,35.256953,5.3975,0.594689,3.209833,113.301034
SPHINCS+-SHA2-128f-simple_run29,active,35.269693,5.39625,0.595046,3.211019,113.341942
SPHINCS+-SHA2-128f-simple_run29,active,35.282436,5.3975,0.595404,3.213693,113.382893
SPHINCS+-SHA2-128f-simple_run29,active,35.295176,5.3975,0.595225,3.212728,113.423825
SPHINCS+-SHA2-128f-simple_run29,active,35.307926,5.39625,0.596119,3.216808,113.464836
SPHINCS+-SHA2-128f-simple_run29,active,35.32067,5.3975,0.59594,3.216588,113.505831
SPHINCS+-SHA2-128f-simple_run29,active,35.33341,5.3975,0.59451,3.208868,113.54671
SPHINCS+-SHA2-128f-simple_run29,active,35.34615,5.3975,0.597371,3.224309,113.58779
SPHINCS+-SHA2-128f-simple_run29,active,35.35889,5.4,0.596119,3.219044,113.6288
SPHINCS+-SHA2-128f-simple_run29,active,35.371631,5.3975,0.596477,3.219484,113.669818
SPHINCS+-SHA2-128f-simple_run29,active,35.384373,5.39625,0.595762,3.214879,113.710783
SPHINCS+-SHA2-128f-simple_run29,active,35.397115,5.39625,0.595762,3.214879,113.751746
SPHINCS+-SHA2-128f-simple_run29,active,35.409861,5.3975,0.59451,3.208868,113.792646
SPHINCS+-SHA2-128f-simple_run29,active,35.422604,5.3975,0.59594,3.216588,113.833637
SPHINCS+-SHA2-128f-simple_run29,active,35.435343,5.39625,0.595583,3.213914,113.874579
SPHINCS+-SHA2-128f-simple_run29,active,35.448083,5.39625,0.595404,3.212949,113.91551
SPHINCS+-SHA2-128f-simple_run29,active,35.460827,5.3975,0.595225,3.212728,113.956455
SPHINCS+-SHA2-128f-simple_run29,active,35.473566,5.39625,0.595046,3.211019,113.997359
SPHINCS+-SHA2-128f-simple_run29,active,35.486305,5.3825,0.596119,3.208612,114.038233
SPHINCS+-SHA2-128f-simple_run29,active,35.499046,5.38375,0.588252,3.167002,114.078584
SPHINCS+-SHA2-128f-simple_run29,active,35.511792,5.3825,0.595762,3.206687,114.119458
SPHINCS+-SHA2-128f-simple_run29,active,35.524544,5.3975,0.596119,3.217553,114.160487
SPHINCS+-SHA2-128f-simple_run29,active,35.537296,5.39625,0.597013,3.221632,114.201569
SPHINCS+-SHA2-128f-simple_run29,active,35.550036,5.39625,0.589146,3.179179,114.242073
SPHINCS+-SHA2-128f-simple_run29,active,35.562777,5.39625,0.595225,3.211984,114.282997
SPHINCS+-SHA2-128f-simple_run29,active,35.575518,5.39625,0.594331,3.20716,114.323858
SPHINCS+-SHA2-128f-simple_run29,active,35.58826,5.39,0.598265,3.224647,114.364947
SPHINCS+-SHA2-128f-simple_run29,active,35.601002,5.3975,0.595225,3.212728,114.405885
SPHINCS+-SHA2-128f-simple_run29,active,35.613748,5.3975,0.595046,3.211763,114.44682
SPHINCS+-SHA2-128f-simple_run29,active,35.626495,5.3975,0.595225,3.212728,114.487774
SPHINCS+-SHA2-128f-simple_run29,active,35.639238,5.39375,0.595583,3.212425,114.528709
SPHINCS+-SHA2-128f-simple_run29,active,35.651983,5.395,0.596119,3.216063,114.569699
SPHINCS+-SHA2-128f-simple_run29,active,35.664727,5.3975,0.595762,3.215623,114.610677
SPHINCS+-SHA2-128f-simple_run29,active,35.677466,5.39625,0.597013,3.221632,114.651717
SPHINCS+-SHA2-128f-simple_run29,active,35.690207,5.38375,0.595583,3.206469,114.692573
SPHINCS+-SHA2-128f-simple_run29,active,35.702946,5.395,0.594689,3.208346,114.733444
SPHINCS+-SHA2-128f-simple_run29,active,35.715693,5.39625,0.596656,3.219703,114.774484
SPHINCS+-SHA2-128f-simple_run29,active,35.728442,5.3975,0.595583,3.214658,114.815468
SPHINCS+-SHA2-128f-simple_run29,active,35.741189,5.39625,0.595404,3.212949,114.856425
SPHINCS+-SHA2-128f-simple_run29,active,35.756886,5.39625,0.594689,3.209089,114.906796
SPHINCS+-SHA2-128f-simple_run29,active,35.76965,5.39875,0.597907,3.227951,114.947997
SPHINCS+-SHA2-128f-simple_run29,active,35.782395,5.39625,0.59451,3.208125,114.988886
SPHINCS+-SHA2-128f-simple_run29,active,35.795137,5.39625,0.595404,3.212949,115.029826
SPHINCS+-SHA2-128f-simple_run29,active,35.807882,5.39625,0.59451,3.208125,115.070712
SPHINCS+-SHA2-128f-simple_run29,active,35.820633,5.39625,0.597013,3.221632,115.111792
SPHINCS+-SHA2-128f-simple_run29,active,35.83338,5.3975,0.595225,3.212728,115.152745
SPHINCS+-SHA2-128f-simple_run29,active,35.846123,5.3975,0.595046,3.211763,115.193672
SPHINCS+-SHA2-128f-simple_run29,active,35.858864,5.39875,0.585212,3.159415,115.233925
SPHINCS+-SHA2-128f-simple_run29,active,35.871606,5.39625,0.595583,3.213914,115.274878
SPHINCS+-SHA2-128f-simple_run29,active,35.884347,5.395,0.596298,3.217028,115.315867
SPHINCS+-SHA2-128f-simple_run29,active,35.897085,5.395,0.596834,3.219922,115.356881
SPHINCS+-SHA2-128f-simple_run29,active,35.909836,5.395,0.595583,3.213169,115.397851
SPHINCS+-SHA2-128f-simple_run29,active,35.922583,5.38875,0.600947,3.238352,115.439132
SPHINCS+-SHA2-128f-simple_run29,active,35.935329,5.39625,0.594868,3.210054,115.480047
SPHINCS+-SHA2-128f-simple_run29,active,35.948072,5.395,0.591113,3.189054,115.520685
SPHINCS+-SHA2-128f-simple_run29,active,35.96081,5.3975,0.594868,3.210798,115.561585
SPHINCS+-SHA2-128f-simple_run29,active,35.97355,5.3975,0.596477,3.219484,115.602602
SPHINCS+-SHA2-128f-simple_run29,active,35.986291,5.39875,0.596119,3.218299,115.643605
SPHINCS+-SHA2-128f-simple_run29,active,35.99903,5.3975,0.586106,3.163509,115.683906
SPHINCS+-SHA2-128f-simple_run29,active,36.011773,5.3975,0.595404,3.213693,115.724856
SPHINCS+-SHA2-128f-simple_run29,active,36.024522,5.3975,0.600232,3.23975,115.766161
SPHINCS+-SHA2-128f-simple_run29,active,36.037266,5.39875,0.595583,3.215403,115.807139
SPHINCS+-SHA2-128f-simple_run29,active,36.050009,5.39375,0.597907,3.224962,115.848233
SPHINCS+-SHA2-128f-simple_run29,active,36.06275,5.39625,0.59594,3.215843,115.889207
SPHINCS+-SHA2-128f-simple_run29,active,36.075492,5.39875,0.595404,3.214437,115.930163
SPHINCS+-SHA2-128f-simple_run29,active,36.088234,5.40125,0.597013,3.224618,115.971253
SPHINCS+-SHA2-128f-simple_run29,active,36.100975,5.39625,0.595762,3.214879,116.012212
SPHINCS+-SHA2-128f-simple_run29,active,36.113714,5.39625,0.595762,3.214879,116.053167
SPHINCS+-SHA2-128f-simple_run29,active,36.126498,5.3975,0.602377,3.251331,116.094734
SPHINCS+-SHA2-128f-simple_run29,active,36.139241,5.40125,0.59594,3.218823,116.135751
SPHINCS+-SHA2-128f-simple_run29,active,36.151984,5.39625,0.595225,3.211984,116.176681
SPHINCS+-SHA2-128f-simple_run29,active,36.164726,5.3975,0.595404,3.213693,116.217629
SPHINCS+-SHA2-128f-simple_run29,active,36.177467,5.3975,0.596477,3.219484,116.258649
SPHINCS+-SHA2-128f-simple_run29,active,36.190209,5.39625,0.595583,3.213914,116.2996
SPHINCS+-SHA2-128f-simple_run29,active,36.202949,5.38125,0.595583,3.20498,116.340431
SPHINCS+-SHA2-128f-simple_run29,active,36.215689,5.3975,0.595225,3.212728,116.381362
SPHINCS+-SHA2-128f-simple_run29,active,36.228437,5.3925,0.600589,3.238677,116.422649
SPHINCS+-SHA2-128f-simple_run29,active,36.241181,5.3975,0.595225,3.212728,116.463593
SPHINCS+-SHA2-128f-simple_run29,active,36.253922,5.39625,0.595225,3.211984,116.504515
SPHINCS+-SHA2-128f-simple_run29,active,36.266662,5.3975,0.596119,3.217553,116.545507
SPHINCS+-SHA2-128f-simple_run29,active,36.279403,5.3975,0.596834,3.221414,116.586551
SPHINCS+-SHA2-128f-simple_run29,active,36.292145,5.3975,0.595583,3.214658,116.627513
SPHINCS+-SHA2-128f-simple_run29,active,36.304883,5.3825,0.594331,3.198988,116.668262
SPHINCS+-SHA2-128f-simple_run29,active,36.317631,5.3975,0.595046,3.211763,116.709203
SPHINCS+-SHA2-128f-simple_run29,active,36.330382,5.395,0.600947,3.242108,116.750544
SPHINCS+-SHA2-128f-simple_run29,active,36.343128,5.3975,0.595583,3.214658,116.79152
SPHINCS+-SHA2-128f-simple_run29,active,36.355874,5.3975,0.59594,3.216588,116.832518
SPHINCS+-SHA2-128f-simple_run29,active,36.368619,5.395,0.597013,3.220886,116.873567
SPHINCS+-SHA2-128f-simple_run29,active,36.381358,5.3975,0.594689,3.209833,116.914457
SPHINCS+-SHA2-128f-simple_run29,active,36.394098,5.3975,0.59594,3.216588,116.955436
SPHINCS+-SHA2-128f-simple_run29,active,36.406837,5.39125,0.590219,3.182017,116.995973
SPHINCS+-SHA2-128f-simple_run29,active,36.41958,5.3975,0.59594,3.216588,117.036961
SPHINCS+-SHA2-128f-simple_run29,active,36.432332,5.3975,0.59594,3.216588,117.077981
SPHINCS+-SHA2-128f-simple_run29,active,36.445084,5.395,0.595583,3.213169,117.118955
SPHINCS+-SHA2-128f-simple_run29,active,36.457824,5.3975,0.589504,3.181846,117.15949
SPHINCS+-SHA2-128f-simple_run29,active,36.470562,5.39875,0.595404,3.214437,117.200438
SPHINCS+-SHA2-128f-simple_run29,active,36.483304,5.3975,0.595583,3.214658,117.241399
SPHINCS+-SHA2-128f-simple_run29,active,36.496048,5.3975,0.593616,3.204042,117.282231
SPHINCS+-SHA2-128f-simple_run29,active,36.50879,5.39,0.592186,3.19188,117.3229
SPHINCS+-SHA2-128f-simple_run29,active,36.521529,5.3975,0.595583,3.214658,117.363854
SPHINCS+-SHA2-128f-simple_run29,active,36.534276,5.39625,0.598265,3.228386,117.405005
SPHINCS+-SHA2-128f-simple_run29,active,36.547022,5.39625,0.597728,3.225492,117.446118
SPHINCS+-SHA2-128f-simple_run29,active,36.559763,5.3975,0.596119,3.217553,117.48711
SPHINCS+-SHA2-128f-simple_run29,active,36.572506,5.39625,0.595762,3.214879,117.528078
SPHINCS+-SHA2-128f-simple_run29,active,36.585246,5.39625,0.597371,3.223562,117.569145
SPHINCS+-SHA2-128f-simple_run29,active,36.597985,5.39375,0.594689,3.207603,117.61001
SPHINCS+-SHA2-128f-simple_run29,active,36.610725,5.38875,0.595583,3.209447,117.650898
SPHINCS+-SHA2-128f-simple_run29,active,36.623465,5.39625,0.595225,3.211984,117.691817
SPHINCS+-SHA2-128f-simple_run29,active,36.636214,5.3975,0.599695,3.236855,117.733083
SPHINCS+-SHA2-128f-simple_run29,active,36.64896,5.4025,0.595404,3.21667,117.774083
SPHINCS+-SHA2-128f-simple_run29,active,36.661699,5.39625,0.596834,3.220668,117.815113
SPHINCS+-SHA2-128f-simple_run29,active,36.674485,5.39875,0.595404,3.214437,117.856213
SPHINCS+-SHA2-128f-simple_run29,active,36.687226,5.4,0.597728,3.227733,117.897336
SPHINCS+-SHA2-128f-simple_run29,active,36.699966,5.39625,0.595404,3.212949,117.93827
SPHINCS+-SHA2-128f-simple_run29,active,36.712706,5.39625,0.596656,3.219703,117.979289
SPHINCS+-SHA2-128f-simple_run29,active,36.725444,5.39625,0.59594,3.215843,118.02025
SPHINCS+-SHA2-128f-simple_run29,active,36.73825,5.3975,0.600947,3.24361,118.061789
SPHINCS+-SHA2-128f-simple_run29,active,36.751115,5.3975,0.594152,3.206938,118.103048
SPHINCS+-SHA2-128f-simple_run29,active,36.763892,5.39625,0.59594,3.215843,118.144136
SPHINCS+-SHA2-128f-simple_run29,active,36.776647,5.39875,0.59594,3.217333,118.185173
SPHINCS+-SHA2-128f-simple_run29,active,36.78939,5.39375,0.595225,3.210496,118.226085
SPHINCS+-SHA2-128f-simple_run29,active,36.802136,5.38875,0.59594,3.211374,118.267015
SPHINCS+-SHA2-128f-simple_run29,active,36.814916,5.3925,0.595583,3.21168,118.308062
SPHINCS+-SHA2-128f-simple_run29,active,36.827665,5.395,0.593616,3.202558,118.348892
SPHINCS+-SHA2-128f-simple_run29,active,36.840422,5.395,0.600232,3.238249,118.390203
SPHINCS+-SHA2-128f-simple_run29,active,36.853218,5.39625,0.594868,3.210054,118.431276
SPHINCS+-SHA2-128f-simple_run29,active,36.865967,5.395,0.595046,3.210275,118.472206
SPHINCS+-SHA2-128f-simple_run29,active,36.878713,5.39625,0.598086,3.227422,118.513343
SPHINCS+-SHA2-128f-simple_run29,active,36.891458,5.40125,0.595046,3.213994,118.554303
SPHINCS+-SHA2-128f-simple_run29,active,36.904202,5.39875,0.59451,3.209611,118.595207
SPHINCS+-SHA2-128f-simple_run29,active,36.916946,5.39375,0.595046,3.209532,118.636109
SPHINCS+-SHA2-128f-simple_run29,active,36.929687,5.39625,0.595583,3.213914,118.677058
SPHINCS+-SHA2-128f-simple_run29,active,36.942442,5.3975,0.596477,3.219484,118.718122
SPHINCS+-SHA2-128f-simple_run29,active,36.955188,5.39625,0.595762,3.214879,118.759098
SPHINCS+-SHA2-128f-simple_run29,active,36.967931,5.39625,0.596119,3.216808,118.800091
SPHINCS+-SHA2-128f-simple_run29,active,36.980672,5.39625,0.595583,3.213914,118.84104
SPHINCS+-SHA2-128f-simple_run29,active,36.993412,5.3975,0.595046,3.211763,118.881958
SPHINCS+-SHA2-128f-simple_run29,active,37.006153,5.3975,0.599874,3.23782,118.923212
SPHINCS+-SHA2-128f-simple_run29,active,37.018895,5.3925,0.59594,3.213609,118.964158
SPHINCS+-SHA2-128f-simple_run29,active,37.034618,5.39125,0.59594,3.212864,119.014676
SPHINCS+-SHA2-128f-simple_run29,active,37.047412,5.39625,0.595225,3.211984,119.055768
SPHINCS+-SHA2-128f-simple_run29,active,37.060164,5.3975,0.595583,3.214658,119.096762
SPHINCS+-SHA2-128f-simple_run29,active,37.072906,5.395,0.595404,3.212205,119.137691
SPHINCS+-SHA2-128f-simple_run29,active,37.085646,5.40375,0.596119,3.221279,119.178731
SPHINCS+-SHA2-128f-simple_run29,active,37.098388,5.3975,0.595046,3.211763,119.219655
SPHINCS+-SHA2-128f-simple_run29,active,37.111129,5.39625,0.59594,3.215843,119.260627
SPHINCS+-SHA2-128f-simple_run29,active,37.12387,5.385,0.594689,3.202399,119.30143
SPHINCS+-SHA2-128f-simple_run29,active,37.136612,5.3925,0.592901,3.197218,119.34217
SPHINCS+-SHA2-128f-simple_run29,active,37.14936,5.39625,0.595046,3.211019,119.383103
SPHINCS+-SHA2-128f-simple_run29,active,37.162103,5.39625,0.595225,3.211984,119.424034
SPHINCS+-SHA2-128f-simple_run29,active,37.174843,5.39625,0.59594,3.215843,119.465003
SPHINCS+-SHA2-128f-simple_run29,active,37.187584,5.395,0.595583,3.213169,119.505942
SPHINCS+-SHA2-128f-simple_run29,active,37.200324,5.39625,0.595404,3.212949,119.546876
SPHINCS+-SHA2-128f-simple_run29,active,37.213063,5.39625,0.594689,3.209089,119.587756
SPHINCS+-SHA2-128f-simple_run29,active,37.225801,5.38375,0.589861,3.175665,119.628208
SPHINCS+-SHA2-128f-simple_run29,active,37.238542,5.39625,0.593616,3.2033,119.66902
SPHINCS+-SHA2-128f-simple_run29,active,37.251289,5.39625,0.597371,3.223562,119.710111
SPHINCS+-SHA2-128f-simple_run29,active,37.264035,5.3975,0.595583,3.214658,119.751085
SPHINCS+-SHA2-128f-simple_run29,active,37.276776,5.39625,0.596834,3.220668,119.792121
SPHINCS+-SHA2-128f-simple_run29,active,37.289515,5.39625,0.595225,3.211984,119.833038
SPHINCS+-SHA2-128f-simple_run29,active,37.302256,5.3975,0.595046,3.211763,119.873957
SPHINCS+-SHA2-128f-simple_run29,active,37.314995,5.39625,0.595225,3.211984,119.914874
SPHINCS+-SHA2-128f-simple_run29,active,37.327735,5.38875,0.598622,3.225826,119.955973
SPHINCS+-SHA2-128f-simple_run29,active,37.340479,5.39625,0.594689,3.209089,119.99687
SPHINCS+-SHA2-128f-simple_run29,active,37.353227,5.39625,0.594331,3.20716,120.037755
SPHINCS+-SHA2-128f-simple_run29,active,37.365972,5.39625,0.598622,3.230316,120.078925
SPHINCS+-SHA2-128f-simple_run29,active,37.378713,5.4,0.59594,3.218078,120.119926
SPHINCS+-SHA2-128f-simple_run29,active,37.391454,5.39875,0.595583,3.215403,120.160893
SPHINCS+-SHA2-128f-simple_run29,active,37.404198,5.3975,0.595583,3.214658,120.201862
SPHINCS+-SHA2-128f-simple_run29,active,37.416939,5.39625,0.595583,3.213914,120.242811
SPHINCS+-SHA2-128f-simple_run29,active,37.429678,5.3825,0.595046,3.202837,120.283612
SPHINCS+-SHA2-128f-simple_run29,active,37.44242,5.40125,0.597013,3.224618,120.324698
SPHINCS+-SHA2-128f-simple_run29,active,37.455167,5.3975,0.594689,3.209833,120.365615
SPHINCS+-SHA2-128f-simple_run29,active,37.467914,5.39875,0.595225,3.213472,120.406575
SPHINCS+-SHA2-128f-simple_run29,active,37.480656,5.39875,0.595762,3.216368,120.447561
SPHINCS+-SHA2-128f-simple_run29,active,37.493394,5.3975,0.595046,3.211763,120.48847
SPHINCS+-SHA2-128f-simple_run29,active,37.506138,5.39625,0.594689,3.209089,120.529369
SPHINCS+-SHA2-128f-simple_run29,active,37.518878,5.3975,0.59594,3.216588,120.570348
SPHINCS+-SHA2-128f-simple_run29,active,37.531618,5.39125,0.595583,3.210936,120.611254
SPHINCS+-SHA2-128f-simple_run29,active,37.544361,5.39625,0.595583,3.213914,120.652209
SPHINCS+-SHA2-128f-simple_run29,active,37.55711,5.4,0.59594,3.218078,120.693236
SPHINCS+-SHA2-128f-simple_run29,active,37.569854,5.39625,0.595583,3.213914,120.734196
SPHINCS+-SHA2-128f-simple_run29,active,37.582596,5.39625,0.595583,3.213914,120.775147
SPHINCS+-SHA2-128f-simple_run29,active,37.595337,5.3975,0.59594,3.216588,120.816129
SPHINCS+-SHA2-128f-simple_run29,active,37.60808,5.39125,0.596119,3.213828,120.857082
SPHINCS+-SHA2-128f-simple_run29,active,37.620819,5.39625,0.59594,3.215843,120.89805
SPHINCS+-SHA2-128f-simple_run29,active,37.633559,5.39375,0.594689,3.207603,120.938913
SPHINCS+-SHA2-128f-simple_run29,active,37.6463,5.39625,0.594331,3.20716,120.979776
SPHINCS+-SHA2-128f-simple_run29,active,37.659044,5.3975,0.598086,3.228169,121.020917
SPHINCS+-SHA2-128f-simple_run29,active,37.671788,5.39625,0.594868,3.210054,121.061827
SPHINCS+-SHA2-128f-simple_run29,active,37.68453,5.3975,0.59594,3.216588,121.102812
SPHINCS+-SHA2-128f-simple_run29,active,37.697271,5.395,0.595583,3.213169,121.14375
SPHINCS+-SHA2-128f-simple_run29,active,37.710014,5.3975,0.597013,3.222379,121.184812
SPHINCS+-SHA2-128f-simple_run29,active,37.722755,5.39875,0.595762,3.216368,121.225791
SPHINCS+-SHA2-128f-simple_run29,active,37.735505,5.3925,0.596477,3.216501,121.266804
SPHINCS+-SHA2-128f-simple_run29,active,37.748272,5.3975,0.59594,3.216588,121.307869
SPHINCS+-SHA2-128f-simple_run29,active,37.761017,5.39625,0.596477,3.218738,121.348893
SPHINCS+-SHA2-128f-simple_run29,active,37.773762,5.3975,0.59594,3.216588,121.389888
SPHINCS+-SHA2-128f-simple_run29,active,37.786503,5.40125,0.598801,3.234275,121.431094
SPHINCS+-SHA2-128f-simple_run29,active,37.799243,5.3975,0.595225,3.212728,121.472027
SPHINCS+-SHA2-128f-simple_run29,active,37.811986,5.3975,0.595583,3.214658,121.51299
SPHINCS+-SHA2-128f-simple_run29,active,37.824727,5.39625,0.595762,3.214879,121.553951
SPHINCS+-SHA2-128f-simple_run29,active,37.837466,5.39375,0.595583,3.212425,121.594872
SPHINCS+-SHA2-128f-simple_run29,active,37.850205,5.3975,0.595404,3.213693,121.635813
SPHINCS+-SHA2-128f-simple_run29,active,37.862953,5.3975,0.595583,3.214658,121.676792
SPHINCS+-SHA2-128f-simple_run29,active,37.875697,5.39625,0.592007,3.194617,121.717504
SPHINCS+-SHA2-128f-simple_run29,active,37.888445,5.3975,0.594868,3.210798,121.758435
SPHINCS+-SHA2-128f-simple_run29,active,37.901186,5.39625,0.595046,3.211019,121.799348
SPHINCS+-SHA2-128f-simple_run29,active,37.913928,5.3975,0.594689,3.209833,121.840249
SPHINCS+-SHA2-128f-simple_run29,active,37.92667,5.395,0.597907,3.225709,121.88135
SPHINCS+-SHA2-128f-simple_run29,active,37.939412,5.3975,0.595046,3.211763,121.922274
SPHINCS+-SHA2-128f-simple_run29,active,37.952156,5.3975,0.595046,3.211763,121.963206
SPHINCS+-SHA2-128f-simple_run29,active,37.964904,5.3975,0.59594,3.216588,122.004211
SPHINCS+-SHA2-128f-simple_run29,active,37.97765,5.39625,0.596119,3.216808,122.045211
SPHINCS+-SHA2-128f-simple_run29,active,37.990391,5.39625,0.595046,3.211019,122.086123
SPHINCS+-SHA2-128f-simple_run29,active,38.003132,5.3975,0.596477,3.219484,122.127143
SPHINCS+-SHA2-128f-simple_run29,active,38.015875,5.39625,0.590219,3.184968,122.167729
SPHINCS+-SHA2-128f-simple_run29,active,38.028619,5.3975,0.594868,3.210798,122.208647
SPHINCS+-SHA2-128f-simple_run29,active,38.041359,5.3975,0.595225,3.212728,122.249577
SPHINCS+-SHA2-128f-simple_run29,active,38.054099,5.3975,0.595046,3.211763,122.290496
SPHINCS+-SHA2-128f-simple_run29,active,38.066846,5.4,0.595225,3.214216,122.331466
SPHINCS+-SHA2-128f-simple_run29,active,38.079591,5.39625,0.595046,3.211019,122.37239
SPHINCS+-SHA2-128f-simple_run29,active,38.092334,5.395,0.595046,3.210275,122.413301
SPHINCS+-SHA2-128f-simple_run29,active,38.105077,5.3975,0.594331,3.207903,122.454178
SPHINCS+-SHA2-128f-simple_run29,active,38.117818,5.3925,0.595046,3.208788,122.495059
SPHINCS+-SHA2-128f-simple_run29,active,38.130559,5.3975,0.595583,3.214658,122.536018
SPHINCS+-SHA2-128f-simple_run29,active,38.143299,5.39875,0.595404,3.214437,122.576972
SPHINCS+-SHA2-128f-simple_run29,active,38.156042,5.39875,0.592543,3.198993,122.617736
SPHINCS+-SHA2-128f-simple_run29,active,38.168788,5.3975,0.59755,3.225274,122.658845
SPHINCS+-SHA2-128f-simple_run29,active,38.181538,5.39625,0.594689,3.209089,122.699761
SPHINCS+-SHA2-128f-simple_run29,active,38.194282,5.3975,0.595046,3.211763,122.740693
SPHINCS+-SHA2-128f-simple_run29,active,38.207024,5.40625,0.595046,3.21697,122.781683
SPHINCS+-SHA2-128f-simple_run29,active,38.219766,5.39625,0.595225,3.211984,122.82261
SPHINCS+-SHA2-128f-simple_run29,active,38.23251,5.3975,0.595762,3.215623,122.863588
SPHINCS+-SHA2-128f-simple_run29,active,38.245249,5.40125,0.595762,3.217857,122.904582
SPHINCS+-SHA2-128f-simple_run29,active,38.257991,5.39625,0.595404,3.212949,122.945521
SPHINCS+-SHA2-128f-simple_run29,active,38.270738,5.395,0.601483,3.245002,122.986886
SPHINCS+-SHA2-128f-simple_run29,active,38.283483,5.39625,0.59594,3.215843,123.02787
SPHINCS+-SHA2-128f-simple_run29,active,38.296227,5.40375,0.595225,3.216448,123.06886
SPHINCS+-SHA2-128f-simple_run29,active,38.311925,5.3975,0.595583,3.214658,123.119324
SPHINCS+-SHA2-128f-simple_run29,active,38.324687,5.39625,0.597728,3.225492,123.160488
SPHINCS+-SHA2-128f-simple_run29,active,38.337429,5.3925,0.595225,3.209752,123.201389
SPHINCS+-SHA2-128f-simple_run29,active,38.350172,5.39125,0.595225,3.209008,123.24228
SPHINCS+-SHA2-128f-simple_run29,active,38.362914,5.3975,0.595046,3.211763,123.283204
SPHINCS+-SHA2-128f-simple_run29,active,38.375662,5.39625,0.593795,3.204265,123.324052
SPHINCS+-SHA2-128f-simple_run29,active,38.388411,5.3975,0.595583,3.214658,123.365035
SPHINCS+-SHA2-128f-simple_run29,active,38.401176,5.3975,0.594331,3.207903,123.405986
SPHINCS+-SHA2-128f-simple_run29,active,38.413917,5.3975,0.595583,3.214658,123.446942
SPHINCS+-SHA2-128f-simple_run29,active,38.42667,5.38625,0.595225,3.206032,123.48783
SPHINCS+-SHA2-128f-simple_run29,active,38.439444,5.3925,0.596298,3.215537,123.528903
SPHINCS+-SHA2-128f-simple_run29,active,38.452196,5.39125,0.595225,3.209008,123.569825
SPHINCS+-SHA2-128f-simple_run29,active,38.464941,5.39875,0.595583,3.215403,123.610805
SPHINCS+-SHA2-128f-simple_run29,active,38.477689,5.39625,0.595404,3.212949,123.651764
SPHINCS+-SHA2-128f-simple_run29,active,38.490437,5.39875,0.595225,3.213472,123.692729
SPHINCS+-SHA2-128f-simple_run29,active,38.503181,5.3975,0.596298,3.218518,123.733745
SPHINCS+-SHA2-128f-simple_run29,active,38.515924,5.4025,0.59594,3.219568,123.774772
SPHINCS+-SHA2-128f-simple_run29,active,38.528667,5.39625,0.596119,3.216808,123.815766
SPHINCS+-SHA2-128f-simple_run29,active,38.541409,5.395,0.59594,3.215098,123.856733
SPHINCS+-SHA2-128f-simple_run29,active,38.55415,5.3925,0.594152,3.203967,123.897555
SPHINCS+-SHA2-128f-simple_run29,active,38.566891,5.39625,0.597013,3.221632,123.938601
SPHINCS+-SHA2-128f-simple_run29,active,38.579638,5.39625,0.595046,3.211019,123.979532
SPHINCS+-SHA2-128f-simple_run29,active,38.592387,5.395,0.595046,3.210275,124.020459
SPHINCS+-SHA2-128f-simple_run29,active,38.605165,5.40125,0.59308,3.203371,124.061392
SPHINCS+-SHA2-128f-simple_run29,active,38.617908,5.39875,0.594689,3.210576,124.102306
SPHINCS+-SHA2-128f-simple_run29,active,38.630648,5.39875,0.59451,3.209611,124.143196
SPHINCS+-SHA2-128f-simple_run29,active,38.643391,5.39625,0.595225,3.211984,124.184125
SPHINCS+-SHA2-128f-simple_run29,active,38.656135,5.4,0.596298,3.220009,124.22516
SPHINCS+-SHA2-128f-simple_run29,active,38.668876,5.39875,0.595046,3.212507,124.266093
SPHINCS+-SHA2-128f-simple_run29,active,38.681622,5.3975,0.595583,3.214658,124.307065
SPHINCS+-SHA2-128f-simple_run29,active,38.694367,5.3975,0.595404,3.213693,124.348023
SPHINCS+-SHA2-128f-simple_run29,active,38.707107,5.395,0.597371,3.222815,124.389083
SPHINCS+-SHA2-128f-simple_run29,active,38.719872,5.39625,0.59594,3.215843,124.430134
SPHINCS+-SHA2-128f-simple_run29,active,38.732619,5.3975,0.596834,3.221414,124.471197
SPHINCS+-SHA2-128f-simple_run29,active,38.745374,5.39,0.598622,3.226575,124.51235
SPHINCS+-SHA2-128f-simple_run29,active,38.758116,5.39625,0.595583,3.213914,124.553304
SPHINCS+-SHA2-128f-simple_run29,active,38.770858,5.39625,0.594868,3.210054,124.594207
SPHINCS+-SHA2-128f-simple_run29,active,38.783606,5.3975,0.595404,3.213693,124.635175
SPHINCS+-SHA2-128f-simple_run29,active,38.796352,5.39625,0.592901,3.199441,124.675954
SPHINCS+-SHA2-128f-simple_run29,active,38.809096,5.39625,0.595583,3.213914,124.716911
SPHINCS+-SHA2-128f-simple_run29,active,38.821836,5.3975,0.595225,3.212728,124.757841
SPHINCS+-SHA2-128f-simple_run29,active,38.834578,5.3975,0.599695,3.236855,124.799087
SPHINCS+-SHA2-128f-simple_run29,active,38.84732,5.39875,0.595046,3.212507,124.840019
SPHINCS+-SHA2-128f-simple_run29,active,38.860063,5.39625,0.595046,3.211019,124.880938
SPHINCS+-SHA2-128f-simple_run29,active,38.872805,5.3975,0.595225,3.212728,124.921875
SPHINCS+-SHA2-128f-simple_run29,active,38.885554,5.395,0.589325,3.179407,124.962408
SPHINCS+-SHA2-128f-simple_run29,active,38.898299,5.3975,0.595046,3.211763,125.003344
SPHINCS+-SHA2-128f-simple_run29,active,38.911041,5.39625,0.595225,3.211984,125.044271
SPHINCS+-SHA2-128f-simple_run29,active,38.923782,5.39625,0.594689,3.209089,125.085158
SPHINCS+-SHA2-128f-simple_run29,active,38.936526,5.39875,0.595046,3.212507,125.126098
SPHINCS+-SHA2-128f-simple_run29,active,38.949266,5.39625,0.594868,3.210054,125.166994
SPHINCS+-SHA2-128f-simple_run29,active,38.962008,5.39625,0.595225,3.211984,125.20792
SPHINCS+-SHA2-128f-simple_run29,active,38.97475,5.39375,0.593616,3.201816,125.248719
SPHINCS+-SHA2-128f-simple_run29,active,38.9875,5.3975,0.595225,3.212728,125.289679
SPHINCS+-SHA2-128f-simple_run29,active,39.000247,5.39625,0.595404,3.212949,125.330636
SPHINCS+-SHA2-128f-simple_run29,active,39.012991,5.39625,0.595404,3.212949,125.371582
SPHINCS+-SHA2-128f-simple_run29,active,39.025759,5.3975,0.597907,3.227204,125.412787
SPHINCS+-SHA2-128f-simple_run29,active,39.038506,5.3975,0.597013,3.222379,125.453862
SPHINCS+-SHA2-128f-simple_run29,active,39.05125,5.395,0.59594,3.215098,125.494834
SPHINCS+-SHA2-128f-simple_run29,active,39.063994,5.39375,0.596119,3.215318,125.53581
SPHINCS+-SHA2-128f-simple_run29,active,39.076737,5.39375,0.594689,3.207603,125.576685
SPHINCS+-SHA2-128f-simple_run29,active,39.089482,5.3975,0.595046,3.211763,125.61762
SPHINCS+-SHA2-128f-simple_run29,active,39.102227,5.39625,0.595225,3.211984,125.658556
SPHINCS+-SHA2-128f-simple_run29,active,39.114968,5.39625,0.594152,3.206195,125.699406
SPHINCS+-SHA2-128f-simple_run29,active,39.127709,5.39875,0.597728,3.226986,125.740523
SPHINCS+-SHA2-128f-simple_run29,active,39.140453,5.3975,0.59594,3.216588,125.781514
SPHINCS+-SHA2-128f-simple_run29,active,39.153193,5.395,0.594868,3.209311,125.8224
SPHINCS+-SHA2-128f-simple_run29,active,39.165933,5.39875,0.59594,3.217333,125.863389
SPHINCS+-SHA2-128f-simple_run29,active,39.178675,5.3975,0.595225,3.212728,125.904324
SPHINCS+-SHA2-128f-simple_run29,active,39.191421,5.39875,0.595225,3.213472,125.945283
SPHINCS+-SHA2-128f-simple_run29,active,39.204167,5.3975,0.594331,3.207903,125.986173
SPHINCS+-SHA2-128f-simple_run29,active,39.21691,5.39625,0.595225,3.211984,126.027102
SPHINCS+-SHA2-128f-simple_run29,active,39.229649,5.395,0.594868,3.209311,126.067988
SPHINCS+-SHA2-128f-simple_run29,active,39.24239,5.3975,0.595404,3.213693,126.108932
SPHINCS+-SHA2-128f-simple_run29,active,39.255132,5.40125,0.593258,3.204337,126.14976
SPHINCS+-SHA2-128f-simple_run29,active,39.267877,5.3975,0.596119,3.217553,126.190769
SPHINCS+-SHA2-128f-simple_run29,active,39.280621,5.3975,0.595046,3.211763,126.231699
SPHINCS+-SHA2-128f-simple_run29,active,39.293366,5.3975,0.596834,3.221414,126.272756
SPHINCS+-SHA2-128f-simple_run29,active,39.306114,5.395,0.593974,3.204488,126.313608
SPHINCS+-SHA2-128f-simple_run29,active,39.318855,5.39625,0.593437,3.202335,126.35441
SPHINCS+-SHA2-128f-simple_run29,active,39.331597,5.39625,0.594152,3.206195,126.395263
SPHINCS+-SHA2-128f-simple_run29,active,39.344342,5.3975,0.593437,3.203077,126.436086
SPHINCS+-SHA2-128f-simple_run29,active,39.357085,5.39125,0.59594,3.212864,126.477026
SPHINCS+-SHA2-128f-simple_run29,active,39.369824,5.39625,0.59594,3.215843,126.517995
SPHINCS+-SHA2-128f-simple_run29,active,39.382565,5.3975,0.595046,3.211763,126.558915
SPHINCS+-SHA2-128f-simple_run29,active,39.395314,5.39625,0.586106,3.162777,126.599236
SPHINCS+-SHA2-128f-simple_run29,active,39.40806,5.39625,0.595046,3.211019,126.640163
SPHINCS+-SHA2-128f-simple_run29,active,39.420803,5.3975,0.59594,3.216588,126.681154
SPHINCS+-SHA2-128f-simple_run29,active,39.433545,5.39625,0.594331,3.20716,126.72202
SPHINCS+-SHA2-128f-simple_run29,active,39.446284,5.39625,0.59594,3.215843,126.762986
SPHINCS+-SHA2-128f-simple_run29,active,39.459028,5.39625,0.595046,3.211019,126.803906
SPHINCS+-SHA2-128f-simple_run29,active,39.471768,5.395,0.59594,3.215098,126.844867
SPHINCS+-SHA2-128f-simple_run29,active,39.484511,5.395,0.589325,3.179407,126.885383
SPHINCS+-SHA2-128f-simple_run29,active,39.497259,5.39625,0.593974,3.20523,126.926244
SPHINCS+-SHA2-128f-simple_run29,active,39.510005,5.3975,0.596119,3.217553,126.967255
SPHINCS+-SHA2-128f-simple_run29,active,39.522747,5.39625,0.595225,3.211984,127.00818
SPHINCS+-SHA2-128f-simple_run29,active,39.535489,5.4,0.596298,3.220009,127.04921
SPHINCS+-SHA2-128f-simple_run29,active,39.548233,5.39625,0.595225,3.211984,127.090144
SPHINCS+-SHA2-128f-simple_run29,active,39.560978,5.39125,0.596298,3.214792,127.131115
SPHINCS+-SHA2-128f-simple_run29,active,39.573717,5.39875,0.594689,3.210576,127.172014
SPHINCS+-SHA2-128f-simple_run29,active,39.589416,5.395,0.595583,3.213169,127.222459
SPHINCS+-SHA2-128f-simple_run29,active,39.602186,5.395,0.594689,3.208346,127.263431
SPHINCS+-SHA2-128f-simple_run29,active,39.614936,5.4,0.595225,3.214216,127.304412
SPHINCS+-SHA2-128f-simple_run29,active,39.62768,5.3975,0.596119,3.217553,127.345417
SPHINCS+-SHA2-128f-simple_run29,active,39.640424,5.3975,0.595762,3.215623,127.386396
SPHINCS+-SHA2-128f-simple_run29,active,39.653202,5.395,0.598265,3.227639,127.427638
SPHINCS+-SHA2-128f-simple_run29,active,39.665945,5.3975,0.593258,3.202112,127.468442
SPHINCS+-SHA2-128f-simple_run29,active,39.678685,5.395,0.59451,3.207381,127.509305
SPHINCS+-SHA2-128f-simple_run29,active,39.691425,5.39625,0.595583,3.213914,127.550249
SPHINCS+-SHA2-128f-simple_run29,active,39.704175,5.3975,0.597013,3.222379,127.591336
SPHINCS+-SHA2-128f-simple_run29,active,39.716921,5.39625,0.595046,3.211019,127.632262
SPHINCS+-SHA2-128f-simple_run29,active,39.72966,5.39625,0.596477,3.218738,127.673267
SPHINCS+-SHA2-128f-simple_run29,active,39.74241,5.39625,0.598086,3.227422,127.714417
SPHINCS+-SHA2-128f-simple_run29,active,39.755168,5.395,0.594331,3.206417,127.755325
SPHINCS+-SHA2-128f-simple_run29,active,39.767915,5.39375,0.596656,3.218211,127.796345
SPHINCS+-SHA2-128f-simple_run29,active,39.780658,5.3975,0.596298,3.218518,127.83736
SPHINCS+-SHA2-128f-simple_run29,active,39.793399,5.39375,0.59594,3.214354,127.878313
SPHINCS+-SHA2-128f-simple_run29,active,39.806148,5.39625,0.597907,3.226457,127.919449
SPHINCS+-SHA2-128f-simple_run29,active,39.818893,5.3975,0.595225,3.212728,127.960392
SPHINCS+-SHA2-128f-simple_run29,active,39.831633,5.39875,0.595762,3.216368,128.001371
SPHINCS+-SHA2-128f-simple_run29,active,39.844376,5.4,0.596656,3.22194,128.042426
SPHINCS+-SHA2-128f-simple_run29,active,39.857116,5.3975,0.59594,3.216588,128.083408
SPHINCS+-SHA2-128f-simple_run29,active,39.869859,5.39625,0.595583,3.213914,128.124361
SPHINCS+-SHA2-128f-simple_run29,active,39.882599,5.39875,0.596119,3.218299,128.165365
SPHINCS+-SHA2-128f-simple_run29,active,39.89534,5.39625,0.595046,3.211019,128.206274
SPHINCS+-SHA2-128f-simple_run29,active,39.908092,5.39625,0.595583,3.213914,128.24726
SPHINCS+-SHA2-128f-simple_run29,active,39.920838,5.39625,0.59594,3.215843,128.288246
SPHINCS+-SHA2-128f-simple_run29,active,39.933577,5.39125,0.596477,3.215756,128.329214
SPHINCS+-SHA2-128f-simple_run29,active,39.946318,5.3975,0.597013,3.222379,128.370271
SPHINCS+-SHA2-128f-simple_run29,active,39.959057,5.3975,0.595583,3.214658,128.411221
SPHINCS+-SHA2-128f-simple_run29,active,39.971797,5.39625,0.594868,3.210054,128.452117
SPHINCS+-SHA2-128f-simple_run29,active,39.98454,5.39625,0.595583,3.213914,128.493071
SPHINCS+-SHA2-128f-simple_run29,active,39.997277,5.395,0.597013,3.220886,128.534096
SPHINCS+-SHA2-128f-simple_run29,active,40.010025,5.39625,0.595583,3.213914,128.575069
SPHINCS+-SHA2-128f-simple_run29,active,40.02277,5.39625,0.596119,3.216808,128.616067
SPHINCS+-SHA2-128f-simple_run29,active,40.035511,5.4075,0.596656,3.226415,128.657175
SPHINCS+-SHA2-128f-simple_run29,active,40.048255,5.39625,0.594152,3.206195,128.698034
SPHINCS+-SHA2-128f-simple_run29,active,40.060997,5.395,0.595046,3.210275,128.73894
SPHINCS+-SHA2-128f-simple_run29,active,40.073766,5.39875,0.594868,3.211541,128.779945
SPHINCS+-SHA2-128f-simple_run29,active,40.08651,5.39875,0.594689,3.210576,128.820862
SPHINCS+-SHA2-128f-simple_run29,active,40.099251,5.39625,0.595583,3.213914,128.86181
SPHINCS+-SHA2-128f-simple_run29,active,40.112001,5.3975,0.59594,3.216588,128.902822
SPHINCS+-SHA2-128f-simple_run29,active,40.124747,5.395,0.595225,3.21124,128.943752
SPHINCS+-SHA2-128f-simple_run29,active,40.137487,5.3975,0.595225,3.212728,128.984682
SPHINCS+-SHA2-128f-simple_run29,active,40.150228,5.3975,0.595583,3.214658,129.025642
SPHINCS+-SHA2-128f-simple_run29,active,40.162968,5.39875,0.597192,3.22409,129.066716
SPHINCS+-SHA2-128f-simple_run29,active,40.175709,5.39625,0.596477,3.218738,129.107725
SPHINCS+-SHA2-128f-simple_run29,active,40.188451,5.39625,0.595583,3.213914,129.148677
SPHINCS+-SHA2-128f-simple_run29,active,40.20119,5.3975,0.594689,3.209833,129.189569
SPHINCS+-SHA2-128f-simple_run29,active,40.213937,5.39125,0.594689,3.206116,129.230435
SPHINCS+-SHA2-128f-simple_run29,active,40.22668,5.39875,0.596119,3.218299,129.271448
SPHINCS+-SHA2-128f-simple_run29,active,40.23942,5.3975,0.595225,3.212728,129.312376
SPHINCS+-SHA2-128f-simple_run29,active,40.252163,5.3975,0.60041,3.240715,129.353674
SPHINCS+-SHA2-128f-simple_run29,active,40.264906,5.39625,0.596119,3.216808,129.394663
SPHINCS+-SHA2-128f-simple_run29,active,40.277645,5.395,0.595046,3.210275,129.43556
SPHINCS+-SHA2-128f-simple_run29,active,40.290385,5.39625,0.59594,3.215843,129.476532
SPHINCS+-SHA2-128f-simple_run29,active,40.303125,5.3975,0.597013,3.222379,129.517583
SPHINCS+-SHA2-128f-simple_run29,active,40.315873,5.39875,0.595583,3.215403,129.558574
SPHINCS+-SHA2-128f-simple_run29,active,40.32862,5.3975,0.595404,3.213693,129.599538
SPHINCS+-SHA2-128f-simple_run29,active,40.341359,5.3975,0.595404,3.213693,129.640477
SPHINCS+-SHA2-128f-simple_run29,active,40.3541,5.395,0.600053,3.237285,129.681723
SPHINCS+-SHA2-128f-simple_run29,active,40.36684,5.39625,0.596834,3.220668,129.722756
SPHINCS+-SHA2-128f-simple_run29,active,40.37958,5.39625,0.594331,3.20716,129.763614
SPHINCS+-SHA2-128f-simple_run29,active,40.392323,5.39625,0.595583,3.213914,129.804569
SPHINCS+-SHA2-128f-simple_run29,active,40.405064,5.3975,0.595225,3.212728,129.845502
SPHINCS+-SHA2-128f-simple_run29,active,40.41781,5.39875,0.595762,3.216368,129.886497
SPHINCS+-SHA2-128f-simple_run29,active,40.430554,5.395,0.595404,3.212205,129.927436
SPHINCS+-SHA2-128f-simple_run29,active,40.443295,5.4,0.594331,3.209388,129.968324
SPHINCS+-SHA2-128f-simple_run29,active,40.456037,5.3975,0.59594,3.216588,130.009311
SPHINCS+-SHA2-128f-simple_run29,active,40.468777,5.39625,0.595583,3.213914,130.050258
SPHINCS+-SHA2-128f-simple_run29,active,40.481516,5.39625,0.59594,3.215843,130.091223
SPHINCS+-SHA2-128f-simple_run29,active,40.494257,5.39125,0.595583,3.210936,130.132133
SPHINCS+-SHA2-128f-simple_run29,active,40.506996,5.39625,0.601304,3.244789,130.17347
SPHINCS+-SHA2-128f-simple_run29,active,40.519741,5.3975,0.59594,3.216588,130.214466
SPHINCS+-SHA2-128f-simple_run29,active,40.532488,5.39875,0.59594,3.217333,130.255475
SPHINCS+-SHA2-128f-simple_run29,active,40.545227,5.39875,0.600947,3.244362,130.296806
SPHINCS+-SHA2-128f-simple_run29,active,40.557968,5.39625,0.597371,3.223562,130.337879
SPHINCS+-SHA2-128f-simple_run29,active,40.57071,5.39875,0.595225,3.213472,130.378822
SPHINCS+-SHA2-128f-simple_run29,active,40.583453,5.4025,0.595404,3.21667,130.419813
SPHINCS+-SHA2-128f-simple_run29,active,40.596195,5.39875,0.596656,3.221194,130.460859
SPHINCS+-SHA2-128f-simple_run29,active,40.608936,5.39625,0.596119,3.216808,130.501843
SPHINCS+-SHA2-128f-simple_run29,active,40.62168,5.3975,0.595762,3.215623,130.542823
SPHINCS+-SHA2-128f-simple_run29,active,40.634427,5.395,0.595583,3.213169,130.583781
SPHINCS+-SHA2-128f-simple_run29,active,40.647169,5.3975,0.594689,3.209833,130.624681
SPHINCS+-SHA2-128f-simple_run29,active,40.659911,5.39625,0.596298,3.217773,130.665683
SPHINCS+-SHA2-128f-simple_run29,active,40.672654,5.4,0.596119,3.219044,130.706702
SPHINCS+-SHA2-128f-simple_run29,active,40.685392,5.39625,0.595583,3.213914,130.747641
SPHINCS+-SHA2-128f-simple_run29,active,40.698133,5.39625,0.59594,3.215843,130.788614
SPHINCS+-SHA2-128f-simple_run29,active,40.710873,5.39625,0.595404,3.212949,130.829548
SPHINCS+-SHA2-128f-simple_run29,active,40.723611,5.39125,0.593974,3.20226,130.870338
SPHINCS+-SHA2-128f-simple_run29,active,40.736358,5.395,0.596119,3.216063,130.911332
SPHINCS+-SHA2-128f-simple_run29,active,40.74911,5.3975,0.595583,3.214658,130.952325
SPHINCS+-SHA2-128f-simple_run29,active,40.761848,5.3975,0.59594,3.216588,130.993298
SPHINCS+-SHA2-128f-simple_run29,active,40.774589,5.3975,0.597371,3.224309,131.03438
SPHINCS+-SHA2-128f-simple_run29,active,40.787329,5.395,0.596119,3.216063,131.075354
SPHINCS+-SHA2-128f-simple_run29,active,40.800072,5.3975,0.594868,3.210798,131.116267
SPHINCS+-SHA2-128f-simple_run29,active,40.812814,5.39625,0.593795,3.204265,131.157095
SPHINCS+-SHA2-128f-simple_run29,active,40.825561,5.3975,0.599338,3.234925,131.198331
SPHINCS+-SHA2-128f-simple_run29,active,40.838306,5.3975,0.595762,3.215623,131.239315
SPHINCS+-SHA2-128f-simple_run29,active,40.851046,5.39625,0.597371,3.223562,131.280382
SPHINCS+-SHA2-128f-simple_run29,active,40.86672,5.39625,0.595046,3.211019,131.330713
SPHINCS+-SHA2-128f-simple_run29,active,40.87948,5.39625,0.595225,3.211984,131.371698
SPHINCS+-SHA2-128f-simple_run29,active,40.892227,5.39875,0.595225,3.213472,131.412659
SPHINCS+-SHA2-128f-simple_run29,active,40.904968,5.39625,0.595762,3.214879,131.45362
SPHINCS+-SHA2-128f-simple_run29,active,40.917709,5.39625,0.595583,3.213914,131.494569
SPHINCS+-SHA2-128f-simple_run29,active,40.930485,5.39625,0.595225,3.211984,131.535607
SPHINCS+-SHA2-128f-simple_run29,active,40.943232,5.4075,0.594331,3.213846,131.576573
SPHINCS+-SHA2-128f-simple_run29,active,40.955976,5.39625,0.595583,3.213914,131.617531
SPHINCS+-SHA2-128f-simple_run29,active,40.968717,5.39625,0.595225,3.211984,131.658453
SPHINCS+-SHA2-128f-simple_run29,active,40.981457,5.3925,0.595583,3.21168,131.69937
SPHINCS+-SHA2-128f-simple_run29,active,40.994197,5.39625,0.59594,3.215843,131.740341
SPHINCS+-SHA2-128f-simple_run29,active,41.006937,5.395,0.596477,3.217992,131.781337
SPHINCS+-SHA2-128f-simple_run29,active,41.019676,5.39625,0.59451,3.208125,131.822205
SPHINCS+-SHA2-128f-simple_run29,active,41.032423,5.39875,0.593974,3.206715,131.863084
SPHINCS+-SHA2-128f-simple_run29,active,41.045195,5.3975,0.595583,3.214658,131.904139
SPHINCS+-SHA2-128f-simple_run29,active,41.057936,5.37375,0.597013,3.2082,131.945017
SPHINCS+-SHA2-128f-simple_run29,active,41.070674,5.3975,0.59594,3.216588,131.98599
SPHINCS+-SHA2-128f-simple_run29,active,41.083415,5.39,0.591292,3.187062,132.026595
SPHINCS+-SHA2-128f-simple_run29,active,41.096157,5.3975,0.595046,3.211763,132.06752
SPHINCS+-SHA2-128f-simple_run29,active,41.108897,5.39875,0.595046,3.212507,132.108445
SPHINCS+-SHA2-128f-simple_run29,active,41.121635,5.39625,0.592901,3.199441,132.149202
SPHINCS+-SHA2-128f-simple_run29,active,41.134382,5.39875,0.595046,3.212507,132.190152
SPHINCS+-SHA2-128f-simple_run29,active,41.147127,5.39625,0.596834,3.220668,132.2312
SPHINCS+-SHA2-128f-simple_run29,active,41.159871,5.39625,0.595225,3.211984,132.272132
SPHINCS+-SHA2-128f-simple_run29,active,41.172614,5.395,0.592543,3.196771,132.312868
SPHINCS+-SHA2-128f-simple_run29,active,41.185354,5.3975,0.59594,3.216588,132.353848
SPHINCS+-SHA2-128f-simple_run29,active,41.198094,5.3975,0.595762,3.215623,132.394816
SPHINCS+-SHA2-128f-simple_run29,active,41.210834,5.39625,0.595583,3.213914,132.43576
SPHINCS+-SHA2-128f-simple_run29,active,41.223573,5.395,0.592901,3.1987,132.476509
SPHINCS+-SHA2-128f-simple_run29,active,41.236323,5.39375,0.595762,3.213389,132.517479
SPHINCS+-SHA2-128f-simple_run29,active,41.249068,5.3975,0.599874,3.23782,132.558746
SPHINCS+-SHA2-128f-simple_run29,active,41.261807,5.39625,0.596834,3.220668,132.599773
SPHINCS+-SHA2-128f-simple_run29,active,41.274546,5.38875,0.59594,3.211374,132.640682
SPHINCS+-SHA2-128f-simple_run29,active,41.287287,5.39625,0.596834,3.220668,132.681716
SPHINCS+-SHA2-128f-simple_run29,active,41.300028,5.39625,0.59594,3.215843,132.72269
SPHINCS+-SHA2-128f-simple_run29,active,41.312768,5.39625,0.600232,3.239,132.763954
SPHINCS+-SHA2-128f-simple_run29,active,41.325506,5.39625,0.59594,3.215843,132.804918
SPHINCS+-SHA2-128f-simple_run29,active,41.338252,5.39625,0.59594,3.215843,132.845907
SPHINCS+-SHA2-128f-simple_run29,active,41.350994,5.3975,0.595583,3.214658,132.88687
SPHINCS+-SHA2-128f-simple_run29,active,41.363734,5.39625,0.595762,3.214879,132.927826
SPHINCS+-SHA2-128f-simple_run29,active,41.376476,5.395,0.59594,3.215098,132.968794
SPHINCS+-SHA2-128f-simple_run29,active,41.389216,5.39625,0.595046,3.211019,133.009702
SPHINCS+-SHA2-128f-simple_run29,active,41.401957,5.39375,0.594152,3.20471,133.050532
SPHINCS+-SHA2-128f-simple_run29,active,41.414697,5.3975,0.595225,3.212728,133.091463
SPHINCS+-SHA2-128f-simple_run29,active,41.427438,5.3975,0.595404,3.213693,133.132409
SPHINCS+-SHA2-128f-simple_run29,active,41.440187,5.39625,0.595046,3.211019,133.173346
SPHINCS+-SHA2-128f-simple_run29,active,41.452932,5.395,0.595225,3.21124,133.214273
SPHINCS+-SHA2-128f-simple_run29,active,41.465672,5.3975,0.595225,3.212728,133.255204
SPHINCS+-SHA2-128f-simple_run29,active,41.478414,5.39625,0.595046,3.211019,133.296117
SPHINCS+-SHA2-128f-simple_run29,active,41.491154,5.395,0.595046,3.210275,133.337016
SPHINCS+-SHA2-128f-simple_run29,active,41.503895,5.40125,0.595404,3.215926,133.37799
SPHINCS+-SHA2-128f-simple_run29,active,41.516637,5.3975,0.595046,3.211763,133.418917
SPHINCS+-SHA2-128f-simple_run29,active,41.529377,5.39625,0.594868,3.210054,133.459811
SPHINCS+-SHA2-128f-simple_run29,active,41.542125,5.3975,0.59594,3.216588,133.500818
SPHINCS+-SHA2-128f-simple_run29,active,41.554868,5.39625,0.595583,3.213914,133.541773
SPHINCS+-SHA2-128f-simple_run29,active,41.567608,5.39625,0.596298,3.217773,133.582766
SPHINCS+-SHA2-128f-simple_run29,active,41.580351,5.4,0.596119,3.219044,133.623787
SPHINCS+-SHA2-128f-simple_run29,active,41.59309,5.39375,0.596834,3.219176,133.664796
SPHINCS+-SHA2-128f-simple_run29,active,41.60583,5.3975,0.597907,3.227204,133.705911
SPHINCS+-SHA2-128f-simple_run29,active,41.618571,5.3975,0.594689,3.209833,133.746806
SPHINCS+-SHA2-128f-simple_run29,active,41.63131,5.39625,0.594868,3.210054,133.7877
SPHINCS+-SHA2-128f-simple_run29,active,41.644057,5.39625,0.595404,3.212949,133.828656
SPHINCS+-SHA2-128f-simple_run29,active,41.656802,5.3975,0.595225,3.212728,133.869601
SPHINCS+-SHA2-128f-simple_run29,active,41.669541,5.395,0.595046,3.210275,133.910497
SPHINCS+-SHA2-128f-simple_run29,active,41.68228,5.3975,0.596656,3.220449,133.951523
SPHINCS+-SHA2-128f-simple_run29,active,41.695022,5.3975,0.594868,3.210798,133.992433
SPHINCS+-SHA2-128f-simple_run29,active,41.707761,5.395,0.594868,3.209311,134.033318
SPHINCS+-SHA2-128f-simple_run29,active,41.720502,5.3975,0.595404,3.213693,134.074264
SPHINCS+-SHA2-128f-simple_run29,active,41.733241,5.39625,0.598801,3.231281,134.115425
SPHINCS+-SHA2-128f-simple_run29,active,41.746,5.395,0.595404,3.212205,134.15641
SPHINCS+-SHA2-128f-simple_run29,active,41.758741,5.39625,0.595404,3.212949,134.197347
SPHINCS+-SHA2-128f-simple_run29,active,41.771488,5.395,0.603629,3.256577,134.238858
SPHINCS+-SHA2-128f-simple_run29,active,41.784232,5.3975,0.596477,3.219484,134.279887
SPHINCS+-SHA2-128f-simple_run29,active,41.796974,5.39875,0.595583,3.215403,134.320857
SPHINCS+-SHA2-128f-simple_run29,active,41.809713,5.39625,0.59594,3.215843,134.361824
SPHINCS+-SHA2-128f-simple_run29,active,41.822491,5.39625,0.596119,3.216808,134.402928
SPHINCS+-SHA2-128f-simple_run29,active,41.835232,5.39125,0.595583,3.210936,134.44384
SPHINCS+-SHA2-128f-simple_run29,active,41.847984,5.3975,0.596298,3.218518,134.484882
SPHINCS+-SHA2-128f-simple_run29,active,41.860729,5.3975,0.595583,3.214658,134.525853
SPHINCS+-SHA2-128f-simple_run29,active,41.873468,5.3975,0.596119,3.217553,134.566842
SPHINCS+-SHA2-128f-simple_run29,active,41.886208,5.39625,0.596834,3.220668,134.607872
SPHINCS+-SHA2-128f-simple_run29,active,41.898947,5.3975,0.595583,3.214658,134.648825
SPHINCS+-SHA2-128f-simple_run29,active,41.911689,5.4,0.597728,3.227733,134.689953
SPHINCS+-SHA2-128f-simple_run29,active,41.924437,5.395,0.596119,3.216063,134.73095
SPHINCS+-SHA2-128f-simple_run29,active,41.937179,5.38375,0.595583,3.206469,134.771808
SPHINCS+-SHA2-128f-simple_run29,active,41.949927,5.39,0.59594,3.212119,134.812755
SPHINCS+-SHA2-128f-simple_run29,active,41.962673,5.395,0.595583,3.213169,134.85371
SPHINCS+-SHA2-128f-simple_run29,active,41.975414,5.3975,0.595762,3.215623,134.894681
SPHINCS+-SHA2-128f-simple_run29,active,41.988158,5.39625,0.594689,3.209089,134.935577
SPHINCS+-SHA2-128f-simple_run29,active,42.0009,5.395,0.592722,3.197735,134.976324
SPHINCS+-SHA2-128f-simple_run29,active,42.01364,5.395,0.595225,3.21124,135.017236
SPHINCS+-SHA2-128f-simple_run29,active,42.026381,5.3975,0.59755,3.225274,135.058329
SPHINCS+-SHA2-128f-simple_run29,active,42.039122,5.39375,0.595225,3.210496,135.099231
SPHINCS+-SHA2-128f-simple_run29,active,42.051874,5.40125,0.595046,3.213994,135.140216
SPHINCS+-SHA2-128f-simple_run29,active,42.064621,5.39625,0.595404,3.212949,135.181173
SPHINCS+-SHA2-128f-simple_run29,active,42.077361,5.3975,0.595225,3.212728,135.222104
SPHINCS+-SHA2-128f-simple_run29,active,42.090103,5.3975,0.595046,3.211763,135.263028
SPHINCS+-SHA2-128f-simple_run29,active,42.102842,5.4025,0.595046,3.214738,135.30398
SPHINCS+-SHA2-128f-simple_run29,active,42.115583,5.39625,0.595762,3.214879,135.34494
SPHINCS+-SHA2-128f-simple_run29,active,42.128325,5.3975,0.594689,3.209833,135.385841
SPHINCS+-SHA2-128f-simple_run29,active,42.143957,5.39625,0.593974,3.20523,135.435944
SPHINCS+-SHA2-128f-simple_run29,active,42.156725,5.39625,0.59594,3.215843,135.477003
SPHINCS+-SHA2-128f-simple_run29,active,42.169472,5.3975,0.595583,3.214658,135.51798
SPHINCS+-SHA2-128f-simple_run29,active,42.182214,5.39625,0.599159,3.233211,135.559178
SPHINCS+-SHA2-128f-simple_run29,active,42.194954,5.39625,0.598801,3.231281,135.600346
SPHINCS+-SHA2-128f-simple_run29,active,42.207693,5.3925,0.596656,3.217465,135.641333
SPHINCS+-SHA2-128f-simple_run29,active,42.220436,5.3975,0.594331,3.207903,135.68221
SPHINCS+-SHA2-128f-simple_run29,active,42.233199,5.39625,0.595046,3.211019,135.723194
SPHINCS+-SHA2-128f-simple_run29,active,42.245941,5.39875,0.597371,3.225056,135.764287
SPHINCS+-SHA2-128f-simple_run29,active,42.258688,5.3975,0.59594,3.216588,135.805289
SPHINCS+-SHA2-128f-simple_run29,active,42.271434,5.3975,0.600589,3.24168,135.846607
SPHINCS+-SHA2-128f-simple_run29,active,42.284176,5.39625,0.595404,3.212949,135.887547
SPHINCS+-SHA2-128f-simple_run29,active,42.296915,5.39875,0.595225,3.213472,135.928484
SPHINCS+-SHA2-128f-simple_run29,active,42.309655,5.3975,0.595762,3.215623,135.969449
SPHINCS+-SHA2-128f-simple_run29,active,42.322395,5.40125,0.596834,3.223652,136.01052
SPHINCS+-SHA2-128f-simple_run29,active,42.335134,5.39625,0.596477,3.218738,136.051524
SPHINCS+-SHA2-128f-simple_run29,active,42.347877,5.395,0.597013,3.220886,136.092567
SPHINCS+-SHA2-128f-simple_run29,active,42.360624,5.385,0.59594,3.209139,136.133475
SPHINCS+-SHA2-128f-simple_run29,active,42.373368,5.39875,0.595225,3.213472,136.174427
SPHINCS+-SHA2-128f-simple_run29,active,42.386108,5.3975,0.597371,3.224309,136.215505
SPHINCS+-SHA2-128f-simple_run29,active,42.398849,5.39625,0.595404,3.212949,136.25644
SPHINCS+-SHA2-128f-simple_run29,active,42.411589,5.40375,0.596119,3.221279,136.297478
SPHINCS+-SHA2-128f-simple_run29,active,42.424332,5.39875,0.595583,3.215403,136.338453
SPHINCS+-SHA2-128f-simple_run29,active,42.437075,5.39625,0.595583,3.213914,136.379407
SPHINCS+-SHA2-128f-simple_run29,active,42.449814,5.3925,0.595404,3.210716,136.42031
SPHINCS+-SHA2-128f-simple_run29,active,42.462562,5.3925,0.595225,3.209752,136.461227
SPHINCS+-SHA2-128f-simple_run29,active,42.475307,5.3975,0.595225,3.212728,136.502173
SPHINCS+-SHA2-128f-simple_run29,active,42.488051,5.39625,0.59594,3.215843,136.543157
SPHINCS+-SHA2-128f-simple_run29,active,42.500794,5.39625,0.595583,3.213914,136.584111
SPHINCS+-SHA2-128f-simple_run29,active,42.513535,5.39625,0.595404,3.212949,136.625047
SPHINCS+-SHA2-128f-simple_run29,active,42.526276,5.39625,0.595225,3.211984,136.66597
SPHINCS+-SHA2-128f-simple_run29,active,42.539017,5.3975,0.595404,3.213693,136.706917
SPHINCS+-SHA2-128f-simple_run29,active,42.551758,5.4,0.595225,3.214216,136.747868
SPHINCS+-SHA2-128f-simple_run29,active,42.564507,5.39625,0.595583,3.213914,136.788845
SPHINCS+-SHA2-128f-simple_run29,active,42.577253,5.39625,0.595583,3.213914,136.829808
SPHINCS+-SHA2-128f-simple_run29,active,42.589994,5.3975,0.594868,3.210798,136.870715
SPHINCS+-SHA2-128f-simple_run29,active,42.602736,5.39625,0.593258,3.201371,136.911508
SPHINCS+-SHA2-128f-simple_run29,active,42.615474,5.39625,0.596119,3.216808,136.952484
SPHINCS+-SHA2-128f-simple_run29,active,42.628219,5.39625,0.595225,3.211984,136.993421
SPHINCS+-SHA2-128f-simple_run29,active,42.640961,5.3925,0.598265,3.226143,137.034529
SPHINCS+-SHA2-128f-simple_run29,active,42.653701,5.3925,0.60041,3.237713,137.075776
SPHINCS+-SHA2-128f-simple_run29,active,42.666481,5.39625,0.59594,3.215843,137.116877
SPHINCS+-SHA2-128f-simple_run29,active,42.679227,5.3975,0.596119,3.217553,137.157886
SPHINCS+-SHA2-128f-simple_run29,active,42.69197,5.39625,0.596834,3.220668,137.198928
SPHINCS+-SHA2-128f-simple_run29,active,42.704712,5.39875,0.59594,3.217333,137.239922
SPHINCS+-SHA2-128f-simple_run29,active,42.717451,5.3975,0.595404,3.213693,137.280861
SPHINCS+-SHA2-128f-simple_run29,active,42.730192,5.3975,0.592007,3.195357,137.321575
SPHINCS+-SHA2-128f-simple_run29,active,42.74295,5.3775,0.594331,3.196016,137.362348
SPHINCS+-SHA2-128f-simple_run29,active,42.755692,5.395,0.595225,3.21124,137.403267
SPHINCS+-SHA2-128f-simple_run29,active,42.768445,5.39625,0.595046,3.211019,137.444215
SPHINCS+-SHA2-128f-simple_run29,active,42.781192,5.395,0.597907,3.225709,137.485335
SPHINCS+-SHA2-128f-simple_run29,active,42.793935,5.3975,0.594689,3.209833,137.526238
SPHINCS+-SHA2-128f-simple_run29,active,42.806692,5.395,0.598444,3.228603,137.567424
SPHINCS+-SHA2-128f-simple_run29,active,42.819456,5.3975,0.59594,3.216588,137.608481
SPHINCS+-SHA2-128f-simple_run29,active,42.832204,5.39625,0.595225,3.211984,137.649428
SPHINCS+-SHA2-128f-simple_run29,active,42.844946,5.39625,0.595404,3.212949,137.690366
SPHINCS+-SHA2-128f-simple_run29,active,42.857686,5.38875,0.595404,3.208483,137.731244
SPHINCS+-SHA2-128f-simple_run29,active,42.87044,5.39375,0.594331,3.205674,137.772128
SPHINCS+-SHA2-128f-simple_run29,active,42.883189,5.39625,0.596656,3.219703,137.813175
SPHINCS+-SHA2-128f-simple_run29,active,42.895933,5.39625,0.595404,3.212949,137.854123
SPHINCS+-SHA2-128f-simple_run29,active,42.908676,5.395,0.59594,3.215098,137.895093
SPHINCS+-SHA2-128f-simple_run29,active,42.921417,5.39625,0.595762,3.214879,137.936052
SPHINCS+-SHA2-128f-simple_run29,active,42.934159,5.39625,0.595583,3.213914,137.977004
SPHINCS+-SHA2-128f-simple_run29,active,42.9469,5.39125,0.597728,3.222503,138.018061
SPHINCS+-SHA2-128f-simple_run29,active,42.95964,5.385,0.595404,3.206251,138.058909
SPHINCS+-SHA2-128f-simple_run29,active,42.972392,5.4025,0.595225,3.215704,138.099918
SPHINCS+-SHA2-128f-simple_run29,active,42.985172,5.39625,0.595583,3.213914,138.14099
SPHINCS+-SHA2-128f-simple_run29,active,42.997916,5.3975,0.59594,3.216588,138.181984
SPHINCS+-SHA2-128f-simple_run29,active,43.010658,5.4025,0.596298,3.2215,138.223031
SPHINCS+-SHA2-128f-simple_run29,active,43.023399,5.3975,0.595583,3.214658,138.263988
SPHINCS+-SHA2-128f-simple_run29,active,43.036142,5.39625,0.595225,3.211984,138.304919
SPHINCS+-SHA2-128f-simple_run29,active,43.048884,5.395,0.595225,3.21124,138.345837
SPHINCS+-SHA2-128f-simple_run29,active,43.061623,5.38875,0.595404,3.208483,138.386711
SPHINCS+-SHA2-128f-simple_run29,active,43.074371,5.3975,0.595225,3.212728,138.427664
SPHINCS+-SHA2-128f-simple_run29,active,43.087115,5.3975,0.594868,3.210798,138.468584
SPHINCS+-SHA2-128f-simple_run29,active,43.099883,5.3975,0.595404,3.213693,138.509616
SPHINCS+-SHA2-128f-simple_run29,active,43.112629,5.395,0.594689,3.208346,138.550508
SPHINCS+-SHA2-128f-simple_run29,active,43.125371,5.39625,0.594868,3.210054,138.591413
SPHINCS+-SHA2-128f-simple_run29,active,43.138114,5.395,0.59594,3.215098,138.632383
SPHINCS+-SHA2-128f-simple_run29,active,43.150854,5.3925,0.594331,3.204931,138.673214
SPHINCS+-SHA2-128f-simple_run29,active,43.163597,5.39125,0.594689,3.206116,138.714068
SPHINCS+-SHA2-128f-simple_run29,active,43.176348,5.395,0.595225,3.21124,138.755015
SPHINCS+-SHA2-128f-simple_run29,active,43.189094,5.39875,0.595225,3.213472,138.795974
SPHINCS+-SHA2-128f-simple_run29,active,43.201835,5.39875,0.598265,3.229882,138.837125
SPHINCS+-SHA2-128f-simple_run29,active,43.214577,5.3975,0.595583,3.214658,138.878088
SPHINCS+-SHA2-128f-simple_run29,active,43.227319,5.3975,0.595225,3.212728,138.919023
SPHINCS+-SHA2-128f-simple_run29,active,43.240062,5.4025,0.590934,3.192521,138.959706
SPHINCS+-SHA2-128f-simple_run29,active,43.252803,5.3975,0.595046,3.211763,139.000628
SPHINCS+-SHA2-128f-simple_run29,active,43.265543,5.38875,0.596119,3.212337,139.041553
SPHINCS+-SHA2-128f-simple_run29,active,43.278292,5.395,0.595225,3.21124,139.082493
SPHINCS+-SHA2-128f-simple_run29,active,43.291039,5.39625,0.599338,3.234176,139.123719
SPHINCS+-SHA2-128f-simple_run29,active,43.30378,5.39875,0.595404,3.214437,139.164673
SPHINCS+-SHA2-128f-simple_run29,active,43.316525,5.3975,0.595046,3.211763,139.205607
SPHINCS+-SHA2-128f-simple_run29,active,43.329267,5.3975,0.600232,3.23975,139.246889
SPHINCS+-SHA2-128f-simple_run29,active,43.342008,5.3975,0.594689,3.209833,139.287785
SPHINCS+-SHA2-128f-simple_run29,active,43.35475,5.39625,0.595225,3.211984,139.328711
SPHINCS+-SHA2-128f-simple_run29,active,43.367491,5.38875,0.597728,3.221009,139.36975
SPHINCS+-SHA2-128f-simple_run29,active,43.38024,5.39875,0.597371,3.225056,139.410867
SPHINCS+-SHA2-128f-simple_run29,active,43.392986,5.3975,0.59594,3.216588,139.451866
SPHINCS+-SHA2-128f-simple_run29,active,43.405727,5.39625,0.598444,3.229351,139.49301
SPHINCS+-SHA2-128f-simple_run29,active,43.421439,5.3925,0.59594,3.213609,139.543505
SPHINCS+-SHA2-128f-simple_run29,active,43.434215,5.3975,0.595046,3.211763,139.584535
SPHINCS+-SHA2-128f-simple_run29,active,43.44696,5.3975,0.595404,3.213693,139.625496
SPHINCS+-SHA2-128f-simple_run29,active,43.459703,5.39875,0.595225,3.213472,139.666446
SPHINCS+-SHA2-128f-simple_run29,active,43.472447,5.395,0.595583,3.213169,139.707393
SPHINCS+-SHA2-128f-simple_run29,active,43.485197,5.39625,0.595225,3.211984,139.748346
SPHINCS+-SHA2-128f-simple_run29,active,43.497943,5.39625,0.595404,3.212949,139.789297
SPHINCS+-SHA2-128f-simple_run29,active,43.510683,5.39375,0.595583,3.212425,139.830225
SPHINCS+-SHA2-128f-simple_run29,active,43.523423,5.39625,0.59594,3.215843,139.871194
SPHINCS+-SHA2-128f-simple_run29,active,43.536166,5.39625,0.59594,3.215843,139.912172
SPHINCS+-SHA2-128f-simple_run29,active,43.548906,5.39625,0.593616,3.2033,139.952983
SPHINCS+-SHA2-128f-simple_run29,active,43.561645,5.39875,0.595225,3.213472,139.993919
SPHINCS+-SHA2-128f-simple_run29,active,43.574386,5.39375,0.595225,3.210496,140.034824
SPHINCS+-SHA2-128f-simple_run29,active,43.587131,5.39375,0.598086,3.225926,140.075939
SPHINCS+-SHA2-128f-simple_run29,active,43.599877,5.39625,0.597371,3.223562,140.117027
SPHINCS+-SHA2-128f-simple_run29,active,43.612621,5.39625,0.597013,3.221632,140.158082
SPHINCS+-SHA2-128f-simple_run29,active,43.625361,5.39375,0.597907,3.224962,140.199168
SPHINCS+-SHA2-128f-simple_run29,active,43.6381,5.39625,0.591649,3.192687,140.239843
SPHINCS+-SHA2-128f-simple_run29,active,43.650844,5.39875,0.596119,3.218299,140.280855
SPHINCS+-SHA2-128f-simple_run29,active,43.663584,5.39625,0.596119,3.216808,140.321836
SPHINCS+-SHA2-128f-simple_run29,active,43.676328,5.38875,0.595046,3.206556,140.362703
SPHINCS+-SHA2-128f-simple_run29,active,43.689075,5.39875,0.593258,3.202854,140.403528
SPHINCS+-SHA2-128f-simple_run29,active,43.701818,5.39625,0.595225,3.211984,140.444458
SPHINCS+-SHA2-128f-simple_run29,active,43.714559,5.3975,0.594689,3.209833,140.485355
SPHINCS+-SHA2-128f-simple_run29,active,43.727298,5.39625,0.597013,3.221632,140.526395
SPHINCS+-SHA2-128f-simple_run29,active,43.740048,5.3975,0.59308,3.201147,140.567209
SPHINCS+-SHA2-128f-simple_run29,active,43.752807,5.39625,0.595583,3.213914,140.608218
SPHINCS+-SHA2-128f-simple_run29,active,43.765547,5.39625,0.595404,3.212949,140.649148
SPHINCS+-SHA2-128f-simple_run29,active,43.778288,5.39,0.596298,3.214046,140.6901
SPHINCS+-SHA2-128f-simple_run29,active,43.791037,5.39625,0.594868,3.210054,140.731024
SPHINCS+-SHA2-128f-simple_run29,active,43.803783,5.3975,0.595225,3.212728,140.771976
SPHINCS+-SHA2-128f-simple_run29,active,43.816528,5.39625,0.595404,3.212949,140.812922
SPHINCS+-SHA2-128f-simple_run29,active,43.829268,5.4025,0.59594,3.219568,140.853941
SPHINCS+-SHA2-128f-simple_run29,active,43.842012,5.395,0.595583,3.213169,140.894888
SPHINCS+-SHA2-128f-simple_run29,active,43.854754,5.3975,0.595583,3.214658,140.935849
SPHINCS+-SHA2-128f-simple_run29,active,43.867495,5.39625,0.595225,3.211984,140.976775
SPHINCS+-SHA2-128f-simple_run29,active,43.880238,5.385,0.599338,3.227433,141.017902
SPHINCS+-SHA2-128f-simple_run29,active,43.892987,5.3975,0.59594,3.216588,141.05891
SPHINCS+-SHA2-128f-simple_run29,active,43.905775,5.38125,0.596834,3.211715,141.099981
SPHINCS+-SHA2-128f-simple_run29,active,43.918524,5.39625,0.59594,3.215843,141.14098
SPHINCS+-SHA2-128f-simple_run29,active,43.931265,5.4,0.595762,3.217113,141.18197
SPHINCS+-SHA2-128f-simple_run29,active,43.94401,5.3975,0.59594,3.216588,141.222965
SPHINCS+-SHA2-128f-simple_run29,active,43.956752,5.39625,0.595762,3.214879,141.263929
SPHINCS+-SHA2-128f-simple_run29,active,43.969491,5.39625,0.595762,3.214879,141.304883
SPHINCS+-SHA2-128f-simple_run29,active,43.982231,5.39,0.595762,3.211155,141.345792
SPHINCS+-SHA2-128f-simple_run29,active,43.994977,5.395,0.595583,3.213169,141.386749
SPHINCS+-SHA2-128f-simple_run29,active,44.007721,5.395,0.594689,3.208346,141.427637
SPHINCS+-SHA2-128f-simple_run29,active,44.020465,5.38875,0.59594,3.211374,141.468562
SPHINCS+-SHA2-128f-simple_run29,active,44.033205,5.3975,0.595583,3.214658,141.509516
SPHINCS+-SHA2-128f-simple_run29,active,44.045945,5.39625,0.597371,3.223562,141.550584
SPHINCS+-SHA2-128f-simple_run29,active,44.058686,5.3975,0.595046,3.211763,141.591506
SPHINCS+-SHA2-128f-simple_run29,active,44.071427,5.39625,0.598265,3.228386,141.632637
SPHINCS+-SHA2-128f-simple_run29,active,44.08417,5.3875,0.59594,3.210629,141.67355
SPHINCS+-SHA2-128f-simple_run29,active,44.096917,5.39625,0.595583,3.213914,141.71452
SPHINCS+-SHA2-128f-simple_run29,active,44.109662,5.39625,0.592364,3.196546,141.755258
SPHINCS+-SHA2-128f-simple_run29,active,44.122402,5.395,0.595225,3.21124,141.79617
SPHINCS+-SHA2-128f-simple_run29,active,44.135142,5.395,0.595225,3.21124,141.837081
SPHINCS+-SHA2-128f-simple_run29,active,44.147884,5.3975,0.59755,3.225274,141.878178
SPHINCS+-SHA2-128f-simple_run29,active,44.160623,5.3975,0.59004,3.184741,141.918748
SPHINCS+-SHA2-128f-simple_run29,active,44.173363,5.3975,0.596298,3.218518,141.959753
SPHINCS+-SHA2-128f-simple_run29,active,44.186102,5.39625,0.597013,3.221632,142.000793
SPHINCS+-SHA2-128f-simple_run29,active,44.198848,5.3975,0.591649,3.193427,142.041495
SPHINCS+-SHA2-128f-simple_run29,active,44.21159,5.39625,0.595583,3.213914,142.082448
SPHINCS+-SHA2-128f-simple_run29,active,44.224333,5.39875,0.595583,3.215403,142.123422
SPHINCS+-SHA2-128f-simple_run29,active,44.237074,5.3975,0.59451,3.208868,142.164306
SPHINCS+-SHA2-128f-simple_run29,active,44.249814,5.39375,0.596298,3.216282,142.205281
SPHINCS+-SHA2-128f-simple_run29,active,44.262553,5.3975,0.595225,3.212728,142.246206
SPHINCS+-SHA2-128f-simple_run29,active,44.275291,5.3975,0.595225,3.212728,142.287133
SPHINCS+-SHA2-128f-simple_run29,active,44.288033,5.3975,0.590576,3.187636,142.327748
SPHINCS+-SHA2-128f-simple_run29,active,44.300778,5.3975,0.595046,3.211763,142.368681
SPHINCS+-SHA2-128f-simple_run29,active,44.313521,5.39625,0.595046,3.211019,142.409599
SPHINCS+-SHA2-128f-simple_run29,active,44.326262,5.39625,0.595583,3.213914,142.450548
SPHINCS+-SHA2-128f-simple_run29,active,44.339002,5.38625,0.592901,3.193512,142.491233
SPHINCS+-SHA2-128f-simple_run29,active,44.351741,5.39625,0.595404,3.212949,142.532165
SPHINCS+-SHA2-128f-simple_run29,active,44.364483,5.39625,0.595046,3.211019,142.573078
SPHINCS+-SHA2-128f-simple_run29,active,44.377221,5.3975,0.594868,3.210798,142.613978
SPHINCS+-SHA2-128f-simple_run29,active,44.389959,5.38875,0.595046,3.206556,142.654824
SPHINCS+-SHA2-128f-simple_run29,active,44.402707,5.39625,0.595225,3.211984,142.695769
SPHINCS+-SHA2-128f-simple_run29,active,44.41545,5.39625,0.595762,3.214879,142.736737
SPHINCS+-SHA2-128f-simple_run29,active,44.428192,5.405,0.596119,3.222024,142.777791
SPHINCS+-SHA2-128f-simple_run29,active,44.440932,5.395,0.596834,3.219922,142.818813
SPHINCS+-SHA2-128f-simple_run29,active,44.45367,5.395,0.596119,3.216063,142.859781
SPHINCS+-SHA2-128f-simple_run29,active,44.466411,5.3975,0.595583,3.214658,142.900738
SPHINCS+-SHA2-128f-simple_run29,active,44.47915,5.3925,0.595583,3.21168,142.941652
SPHINCS+-SHA2-128f-simple_run29,active,44.491892,5.3975,0.595046,3.211763,142.982576
SPHINCS+-SHA2-128f-simple_run29,active,44.504639,5.3975,0.595046,3.211763,143.023515
SPHINCS+-SHA2-128f-simple_run29,active,44.517382,5.3975,0.594689,3.209833,143.064419
SPHINCS+-SHA2-128f-simple_run29,active,44.530122,5.4,0.595225,3.214216,143.105369
SPHINCS+-SHA2-128f-simple_run29,active,44.542863,5.3975,0.595583,3.214658,143.146326
SPHINCS+-SHA2-128f-simple_run29,active,44.555603,5.3975,0.595583,3.214658,143.187281
SPHINCS+-SHA2-128f-simple_run29,active,44.568343,5.39625,0.595225,3.211984,143.2282
SPHINCS+-SHA2-128f-simple_run29,active,44.581088,5.395,0.595225,3.21124,143.269129
SPHINCS+-SHA2-128f-simple_run29,active,44.593828,5.39625,0.595225,3.211984,143.310049
SPHINCS+-SHA2-128f-simple_run29,active,44.606579,5.39625,0.597192,3.222597,143.351142
SPHINCS+-SHA2-128f-simple_run29,active,44.619325,5.39375,0.595046,3.209532,143.39205
SPHINCS+-SHA2-128f-simple_run29,active,44.632069,5.39625,0.595762,3.214879,143.43302
SPHINCS+-SHA2-128f-simple_run29,active,44.644811,5.39875,0.59594,3.217333,143.474015
SPHINCS+-SHA2-128f-simple_run29,active,44.657551,5.3975,0.595225,3.212728,143.514943
SPHINCS+-SHA2-128f-simple_run29,active,44.670292,5.395,0.596477,3.217992,143.555945
SPHINCS+-SHA2-128f-simple_run29,active,44.683035,5.3975,0.595046,3.211763,143.596872
SPHINCS+-SHA2-128f-simple_run29,active,44.69868,5.3875,0.601126,3.238564,143.64754
SPHINCS+-SHA2-128f-simple_run29,active,44.711448,5.39625,0.595046,3.211019,143.68854
SPHINCS+-SHA2-128f-simple_run29,active,44.724198,5.3975,0.595225,3.212728,143.729501
SPHINCS+-SHA2-128f-simple_run29,active,44.736943,5.3975,0.595583,3.214658,143.770471
SPHINCS+-SHA2-128f-simple_run29,active,44.749693,5.39875,0.595225,3.213472,143.811444
SPHINCS+-SHA2-128f-simple_run29,active,44.762442,5.3975,0.595762,3.215623,143.852439
SPHINCS+-SHA2-128f-simple_run29,active,44.775185,5.39625,0.595583,3.213914,143.893393
SPHINCS+-SHA2-128f-simple_run29,active,44.787927,5.3975,0.595583,3.214658,143.934354
SPHINCS+-SHA2-128f-simple_run29,active,44.800667,5.4025,0.60041,3.243717,143.975679
SPHINCS+-SHA2-128f-simple_run29,active,44.813419,5.39375,0.595225,3.210496,144.016619
SPHINCS+-SHA2-128f-simple_run29,active,44.826188,5.385,0.597013,3.214916,144.057671
SPHINCS+-SHA2-128f-simple_run29,active,44.838967,5.3975,0.595583,3.214658,144.098753
SPHINCS+-SHA2-128f-simple_run29,active,44.851721,5.40375,0.594331,3.211617,144.139714
SPHINCS+-SHA2-128f-simple_run29,active,44.864467,5.3975,0.595225,3.212728,144.180661
SPHINCS+-SHA2-128f-simple_run29,active,44.877207,5.3975,0.594689,3.209833,144.221555
SPHINCS+-SHA2-128f-simple_run29,active,44.889948,5.39875,0.594152,3.20768,144.262425
SPHINCS+-SHA2-128f-simple_run29,active,44.902689,5.39625,0.600768,3.241894,144.303731
SPHINCS+-SHA2-128f-simple_run29,active,44.91544,5.39625,0.59594,3.215843,144.344734
SPHINCS+-SHA2-128f-simple_run29,active,44.928188,5.4,0.595762,3.217113,144.385745
SPHINCS+-SHA2-128f-simple_run29,active,44.940928,5.3975,0.596656,3.220449,144.426777
SPHINCS+-SHA2-128f-simple_run29,active,44.953669,5.3975,0.595404,3.213693,144.467722
SPHINCS+-SHA2-128f-simple_run29,active,44.966411,5.39625,0.597371,3.223562,144.508794
SPHINCS+-SHA2-128f-simple_run29,active,44.979152,5.39625,0.595583,3.213914,144.549743
SPHINCS+-SHA2-128f-simple_run29,active,44.991895,5.3975,0.594689,3.209833,144.590646
SPHINCS+-SHA2-128f-simple_run29,active,45.004636,5.3975,0.597728,3.226239,144.631751
SPHINCS+-SHA2-128f-simple_run29,active,45.017383,5.39625,0.594689,3.209089,144.67266
SPHINCS+-SHA2-128f-simple_run29,active,45.030129,5.3975,0.599695,3.236855,144.713916
SPHINCS+-SHA2-128f-simple_run29,active,45.042874,5.39625,0.595225,3.211984,144.754851
SPHINCS+-SHA2-128f-simple_run29,active,45.055615,5.395,0.595225,3.21124,144.795768
SPHINCS+-SHA2-128f-simple_run29,active,45.068359,5.39875,0.597371,3.225056,144.836867
SPHINCS+-SHA2-128f-simple_run29,active,45.081102,5.39625,0.596119,3.216808,144.877859
SPHINCS+-SHA2-128f-simple_run29,active,45.093841,5.39625,0.59594,3.215843,144.918826
SPHINCS+-SHA2-128f-simple_run29,active,45.106583,5.39625,0.599338,3.234176,144.960034
SPHINCS+-SHA2-128f-simple_run29,active,45.119331,5.39625,0.588431,3.17532,145.000515
SPHINCS+-SHA2-128f-simple_run29,active,45.132083,5.3925,0.595225,3.209752,145.041446
SPHINCS+-SHA2-128f-simple_run29,active,45.144824,5.39875,0.595046,3.212507,145.082374
SPHINCS+-SHA2-128f-simple_run29,active,45.157565,5.3975,0.593974,3.205973,145.123222
SPHINCS+-SHA2-128f-simple_run29,active,45.170307,5.39875,0.59594,3.217333,145.164218
SPHINCS+-SHA2-128f-simple_run29,active,45.183048,5.39625,0.595046,3.211019,145.20513
SPHINCS+-SHA2-128f-simple_run29,active,45.195789,5.39875,0.595225,3.213472,145.246071
SPHINCS+-SHA2-128f-simple_run29,active,45.208531,5.395,0.604702,3.262365,145.287641
SPHINCS+-SHA2-128f-simple_run29,active,45.221277,5.39375,0.595404,3.21146,145.328575
SPHINCS+-SHA2-128f-simple_run29,active,45.234023,5.3975,0.595225,3.212728,145.369526
SPHINCS+-SHA2-128f-simple_run29,active,45.246766,5.395,0.59594,3.215098,145.410493
SPHINCS+-SHA2-128f-simple_run29,active,45.259506,5.39875,0.595225,3.213472,145.451433
SPHINCS+-SHA2-128f-simple_run29,active,45.272247,5.39625,0.595762,3.214879,145.492396
SPHINCS+-SHA2-128f-simple_run29,active,45.28499,5.39375,0.595046,3.209532,145.533295
SPHINCS+-SHA2-128f-simple_run29,active,45.297763,5.39,0.596477,3.21501,145.574358
SPHINCS+-SHA2-128f-simple_run29,active,45.31051,5.395,0.600768,3.241143,145.615674
SPHINCS+-SHA2-128f-simple_run29,active,45.32326,5.395,0.59594,3.215098,145.656667
SPHINCS+-SHA2-128f-simple_run29,active,45.336008,5.39875,0.595762,3.216368,145.69767
SPHINCS+-SHA2-128f-simple_run29,active,45.348749,5.40125,0.595583,3.216892,145.738655
SPHINCS+-SHA2-128f-simple_run29,active,45.361491,5.39625,0.59451,3.208125,145.779532
SPHINCS+-SHA2-128f-simple_run29,active,45.374234,5.39625,0.595225,3.211984,145.820463
SPHINCS+-SHA2-128f-simple_run29,active,45.386975,5.39625,0.597371,3.223562,145.861534
SPHINCS+-SHA2-128f-simple_run29,active,45.399714,5.39625,0.595225,3.211984,145.902452
SPHINCS+-SHA2-128f-simple_run29,active,45.412456,5.3975,0.60041,3.240715,145.943747
SPHINCS+-SHA2-128f-simple_run29,active,45.425203,5.39625,0.59594,3.215843,145.984736
SPHINCS+-SHA2-128f-simple_run29,active,45.437947,5.40125,0.59594,3.218823,146.025757
SPHINCS+-SHA2-128f-simple_run29,active,45.450688,5.39625,0.595046,3.211019,146.06667
SPHINCS+-SHA2-128f-simple_run29,active,45.463429,5.39625,0.596119,3.216808,146.107656
SPHINCS+-SHA2-128f-simple_run29,active,45.476172,5.39625,0.596119,3.216808,146.148646
SPHINCS+-SHA2-128f-simple_run29,active,45.488913,5.405,0.594331,3.21236,146.189576
SPHINCS+-SHA2-128f-simple_run29,active,45.501659,5.3975,0.593258,3.202112,146.230389
SPHINCS+-SHA2-128f-simple_run29,active,45.5144,5.3975,0.597728,3.226239,146.271497
SPHINCS+-SHA2-128f-simple_run29,active,45.52715,5.3975,0.595225,3.212728,146.312457
SPHINCS+-SHA2-128f-simple_run29,active,45.539899,5.39625,0.594331,3.20716,146.353346
SPHINCS+-SHA2-128f-simple_run29,active,45.552641,5.39625,0.595583,3.213914,146.394298
SPHINCS+-SHA2-128f-simple_run29,active,45.565381,5.39625,0.595046,3.211019,146.435206
SPHINCS+-SHA2-128f-simple_run29,active,45.578123,5.3825,0.592543,3.189364,146.475844
SPHINCS+-SHA2-128f-simple_run29,active,45.590862,5.39625,0.594689,3.209089,146.516726
SPHINCS+-SHA2-128f-simple_run29,active,45.603603,5.3975,0.594868,3.210798,146.557635
SPHINCS+-SHA2-128f-simple_run29,active,45.616347,5.3975,0.594689,3.209833,146.59854
SPHINCS+-SHA2-128f-simple_run29,active,45.629095,5.40125,0.594152,3.209166,146.639449
SPHINCS+-SHA2-128f-simple_run29,active,45.641839,5.39625,0.595225,3.211984,146.680383
SPHINCS+-SHA2-128f-simple_run29,active,45.65458,5.3975,0.595225,3.212728,146.721319
SPHINCS+-SHA2-128f-simple_run29,active,45.66732,5.39625,0.592901,3.199441,146.762079
SPHINCS+-SHA2-128f-simple_run29,active,45.680066,5.39625,0.595404,3.212949,146.803031
SPHINCS+-SHA2-128f-simple_run29,active,45.692808,5.3975,0.595225,3.212728,146.843968
SPHINCS+-SHA2-128f-simple_run29,active,45.705555,5.39625,0.595046,3.211019,146.884899
SPHINCS+-SHA2-128f-simple_run29,active,45.718298,5.39625,0.596119,3.216808,146.92589
SPHINCS+-SHA2-128f-simple_run29,active,45.731047,5.395,0.596834,3.219922,146.966942
SPHINCS+-SHA2-128f-simple_run29,active,45.743855,5.39625,0.595404,3.212949,147.00809
SPHINCS+-SHA2-128f-simple_run29,active,45.756606,5.3975,0.595583,3.214658,147.049082
SPHINCS+-SHA2-128f-simple_run29,active,45.769348,5.39625,0.595046,3.211019,147.089998
SPHINCS+-SHA2-128f-simple_run29,active,45.782097,5.3975,0.595762,3.215623,147.130994
SPHINCS+-SHA2-128f-simple_run29,active,45.794843,5.395,0.595404,3.212205,147.171937
SPHINCS+-SHA2-128f-simple_run29,active,45.807585,5.3975,0.599695,3.236855,147.21318
SPHINCS+-SHA2-128f-simple_run29,active,45.820329,5.39625,0.599516,3.23514,147.254408
SPHINCS+-SHA2-128f-simple_run29,active,45.833078,5.39125,0.594689,3.206116,147.295283
SPHINCS+-SHA2-128f-simple_run29,active,45.845833,5.39625,0.596834,3.220668,147.336363
SPHINCS+-SHA2-128f-simple_run29,active,45.858579,5.39375,0.595225,3.210496,147.377283
SPHINCS+-SHA2-128f-simple_run29,active,45.871321,5.3975,0.598801,3.232029,147.418467
SPHINCS+-SHA2-128f-simple_run29,active,45.88407,5.39625,0.595762,3.214879,147.459454
SPHINCS+-SHA2-128f-simple_run29,active,45.896812,5.4,0.594868,3.212285,147.500385
SPHINCS+-SHA2-128f-simple_run29,active,45.909553,5.3975,0.595404,3.213693,147.541329
SPHINCS+-SHA2-128f-simple_run29,active,45.922296,5.39625,0.600589,3.240929,147.582628
SPHINCS+-SHA2-128f-simple_run29,active,45.935043,5.3975,0.59594,3.216588,147.62363
SPHINCS+-SHA2-128f-simple_run29,active,45.947789,5.39875,0.595404,3.214437,147.664603
SPHINCS+-SHA2-128f-simple_run29,active,45.960533,5.39625,0.594689,3.209089,147.705499
SPHINCS+-SHA2-128f-simple_run29,active,45.976248,5.39625,0.598801,3.231281,147.756277
SPHINCS+-SHA2-128f-simple_run29,active,45.989015,5.395,0.595046,3.210275,147.797262
SPHINCS+-SHA2-128f-simple_run29,active,46.001759,5.395,0.595046,3.210275,147.838175
SPHINCS+-SHA2-128f-simple_run29,active,46.014503,5.395,0.59594,3.215098,147.879148
SPHINCS+-SHA2-128f-simple_run29,active,46.027244,5.3975,0.590934,3.189566,147.919786
SPHINCS+-SHA2-128f-simple_run29,active,46.039996,5.3975,0.595046,3.211763,147.960744
SPHINCS+-SHA2-128f-simple_run29,active,46.052746,5.39125,0.595046,3.208044,148.001647
SPHINCS+-SHA2-128f-simple_run29,active,46.065489,5.39875,0.596834,3.22216,148.042706
SPHINCS+-SHA2-128f-simple_run29,active,46.078235,5.39875,0.592186,3.197062,148.083456
SPHINCS+-SHA2-128f-simple_run29,active,46.090986,5.3975,0.595225,3.212728,148.124419
SPHINCS+-SHA2-128f-simple_run29,active,46.103727,5.39625,0.59594,3.215843,148.165394
SPHINCS+-SHA2-128f-simple_run29,active,46.116471,5.39125,0.593616,3.200332,148.206177
SPHINCS+-SHA2-128f-simple_run29,active,46.12921,5.3975,0.595046,3.211763,148.247094
SPHINCS+-SHA2-128f-simple_run29,active,46.141959,5.39625,0.595046,3.211019,148.28803
SPHINCS+-SHA2-128f-simple_run29,active,46.154704,5.3975,0.595225,3.212728,148.328975
SPHINCS+-SHA2-128f-simple_run29,active,46.167447,5.3925,0.600768,3.239641,148.370259
SPHINCS+-SHA2-128f-simple_run29,active,46.18019,5.3975,0.596477,3.219484,148.411287
SPHINCS+-SHA2-128f-simple_run29,active,46.192934,5.39875,0.595583,3.215403,148.452262
SPHINCS+-SHA2-128f-simple_run29,active,46.205675,5.39875,0.597013,3.223125,148.493329
SPHINCS+-SHA2-128f-simple_run29,active,46.218416,5.40125,0.595404,3.215926,148.534302
SPHINCS+-SHA2-128f-simple_run29,active,46.231156,5.39625,0.595404,3.212949,148.575235
SPHINCS+-SHA2-128f-simple_run29,active,46.243906,5.3975,0.595583,3.214658,148.616222
SPHINCS+-SHA2-128f-simple_run29,active,46.256652,5.3925,0.594868,3.207824,148.657109
SPHINCS+-SHA2-128f-simple_run29,active,46.269393,5.39625,0.595225,3.211984,148.698033
SPHINCS+-SHA2-128f-simple_run29,active,46.282136,5.395,0.595046,3.210275,148.73894
SPHINCS+-SHA2-128f-simple_run29,active,46.29488,5.39625,0.59594,3.215843,148.779923
SPHINCS+-SHA2-128f-simple_run29,active,46.307622,5.3975,0.594689,3.209833,148.820824
SPHINCS+-SHA2-128f-simple_run29,active,46.320366,5.3975,0.595583,3.214658,148.861792
SPHINCS+-SHA2-128f-simple_run29,active,46.333106,5.39875,0.595583,3.215403,148.902757
SPHINCS+-SHA2-128f-simple_run29,active,46.345856,5.395,0.595046,3.210275,148.943687
SPHINCS+-SHA2-128f-simple_run29,active,46.358604,5.3975,0.595583,3.214658,148.984666
SPHINCS+-SHA2-128f-simple_run29,active,46.371346,5.3975,0.595762,3.215623,149.025641
SPHINCS+-SHA2-128f-simple_run29,active,46.384089,5.39625,0.595583,3.213914,149.066597
SPHINCS+-SHA2-128f-simple_run29,active,46.396831,5.39375,0.59898,3.230748,149.107763
SPHINCS+-SHA2-128f-simple_run29,active,46.409573,5.39875,0.594689,3.210576,149.14867
SPHINCS+-SHA2-128f-simple_run29,active,46.422315,5.395,0.594689,3.208346,149.189553
SPHINCS+-SHA2-128f-simple_run29,active,46.435059,5.3975,0.597728,3.226239,149.230666
SPHINCS+-SHA2-128f-simple_run29,active,46.447806,5.3925,0.591292,3.18854,149.271311
SPHINCS+-SHA2-128f-simple_run29,active,46.460562,5.39625,0.597013,3.221632,149.312406
SPHINCS+-SHA2-128f-simple_run29,active,46.473304,5.39625,0.596119,3.216808,149.353394
SPHINCS+-SHA2-128f-simple_run29,active,46.486046,5.39625,0.596834,3.220668,149.394434
SPHINCS+-SHA2-128f-simple_run29,active,46.498789,5.39625,0.59451,3.208125,149.435313
SPHINCS+-SHA2-128f-simple_run29,active,46.51153,5.39625,0.59594,3.215843,149.476288
SPHINCS+-SHA2-128f-simple_run29,active,46.524274,5.395,0.596834,3.219922,149.517321
SPHINCS+-SHA2-128f-simple_run29,active,46.537017,5.39875,0.595762,3.216368,149.558307
SPHINCS+-SHA2-128f-simple_run29,active,46.549765,5.39625,0.59594,3.215843,149.599303
SPHINCS+-SHA2-128f-simple_run29,active,46.56251,5.39875,0.594689,3.210576,149.640223
SPHINCS+-SHA2-128f-simple_run29,active,46.575253,5.3975,0.591113,3.190531,149.680879
SPHINCS+-SHA2-128f-simple_run29,active,46.587997,5.39875,0.586822,3.168103,149.721255
SPHINCS+-SHA2-128f-simple_run29,active,46.60074,5.39625,0.59594,3.215843,149.762234
SPHINCS+-SHA2-128f-simple_run29,active,46.613481,5.39625,0.59594,3.215843,149.803208
SPHINCS+-SHA2-128f-simple_run29,active,46.626223,5.39625,0.594331,3.20716,149.844072
SPHINCS+-SHA2-128f-simple_run29,active,46.638965,5.39625,0.595046,3.211019,149.884987
SPHINCS+-SHA2-128f-simple_run29,active,46.651714,5.39625,0.596119,3.216808,149.925997
SPHINCS+-SHA2-128f-simple_run29,active,46.664462,5.3975,0.59594,3.216588,149.967004
SPHINCS+-SHA2-128f-simple_run29,active,46.677203,5.4,0.593974,3.207457,150.007869
SPHINCS+-SHA2-128f-simple_run29,active,46.689944,5.3975,0.595762,3.215623,150.048841
SPHINCS+-SHA2-128f-simple_run29,active,46.702685,5.3975,0.595583,3.214658,150.089796
SPHINCS+-SHA2-128f-simple_run29,active,46.715426,5.395,0.594689,3.208346,150.130675
SPHINCS+-SHA2-128f-simple_run29,active,46.728173,5.395,0.596119,3.216063,150.171668
SPHINCS+-SHA2-128f-simple_run29,active,46.74092,5.39625,0.595225,3.211984,150.212614
SPHINCS+-SHA2-128f-simple_run29,active,46.753674,5.38625,0.59594,3.209884,150.253552
SPHINCS+-SHA2-128f-simple_run29,active,46.766435,5.3975,0.598444,3.230099,150.29477
SPHINCS+-SHA2-128f-simple_run29,active,46.779177,5.39375,0.595225,3.210496,150.335681
SPHINCS+-SHA2-128f-simple_run29,active,46.791923,5.3975,0.595046,3.211763,150.376616
SPHINCS+-SHA2-128f-simple_run29,active,46.804664,5.39625,0.595404,3.212949,150.417554
SPHINCS+-SHA2-128f-simple_run29,active,46.817406,5.39375,0.595762,3.213389,150.458498
SPHINCS+-SHA2-128f-simple_run29,active,46.830149,5.3975,0.596119,3.217553,150.499497
SPHINCS+-SHA2-128f-simple_run29,active,46.842889,5.395,0.599874,3.23632,150.540731
SPHINCS+-SHA2-128f-simple_run29,active,46.855637,5.4025,0.59594,3.219568,150.581774
SPHINCS+-SHA2-128f-simple_run29,active,46.868385,5.3975,0.595583,3.214658,150.622753
SPHINCS+-SHA2-128f-simple_run29,active,46.881159,5.3975,0.600232,3.23975,150.664136
SPHINCS+-SHA2-128f-simple_run29,active,46.893902,5.3975,0.595046,3.211763,150.705064
SPHINCS+-SHA2-128f-simple_run29,active,46.906643,5.39875,0.597371,3.225056,150.746155
SPHINCS+-SHA2-128f-simple_run29,active,46.919384,5.39625,0.595762,3.214879,150.787115
SPHINCS+-SHA2-128f-simple_run29,active,46.932127,5.3975,0.595046,3.211763,150.828043
SPHINCS+-SHA2-128f-simple_run29,active,46.944869,5.39875,0.597371,3.225056,150.869136
SPHINCS+-SHA2-128f-simple_run29,active,46.957618,5.4025,0.595404,3.21667,150.910146
SPHINCS+-SHA2-128f-simple_run29,active,46.970363,5.39625,0.595762,3.214879,150.951119
SPHINCS+-SHA2-128f-simple_run29,active,46.983104,5.39625,0.595762,3.214879,150.992083
SPHINCS+-SHA2-128f-simple_run29,active,46.995872,5.39625,0.593974,3.20523,151.033005
SPHINCS+-SHA2-128f-simple_run29,active,47.008616,5.3975,0.594868,3.210798,151.073923
SPHINCS+-SHA2-128f-simple_run29,active,47.021357,5.39625,0.596477,3.218738,151.114932
SPHINCS+-SHA2-128f-simple_run29,active,47.034098,5.39,0.595583,3.210191,151.155834
SPHINCS+-SHA2-128f-simple_run29,active,47.046838,5.37625,0.592364,3.184699,151.196409
SPHINCS+-SHA2-128f-simple_run29,active,47.059586,5.3975,0.59594,3.216588,151.237412
SPHINCS+-SHA2-128f-simple_run29,active,47.072333,5.3975,0.595404,3.213693,151.278378
SPHINCS+-SHA2-128f-simple_run29,active,47.085076,5.39875,0.586285,3.165207,151.318712
SPHINCS+-SHA2-128f-simple_run29,active,47.097815,5.395,0.590576,3.18616,151.359301
SPHINCS+-SHA2-128f-simple_run29,active,47.110556,5.39625,0.595583,3.213914,151.400248
SPHINCS+-SHA2-128f-simple_run29,active,47.123296,5.3975,0.59594,3.216588,151.441229
SPHINCS+-SHA2-128f-simple_run29,active,47.136038,5.39625,0.595583,3.213914,151.482181
SPHINCS+-SHA2-128f-simple_run29,active,47.148781,5.39625,0.595225,3.211984,151.523109
SPHINCS+-SHA2-128f-simple_run29,active,47.161529,5.3975,0.595046,3.211763,151.564054
SPHINCS+-SHA2-128f-simple_run29,active,47.174272,5.3975,0.595225,3.212728,151.604995
SPHINCS+-SHA2-128f-simple_run29,active,47.187014,5.39625,0.589504,3.181109,151.645527
SPHINCS+-SHA2-128f-simple_run29,active,47.199753,5.39625,0.595225,3.211984,151.686446
SPHINCS+-SHA2-128f-simple_run29,active,47.212496,5.3975,0.595225,3.212728,151.727386
SPHINCS+-SHA2-128f-simple_run29,active,47.225233,5.3975,0.595404,3.213693,151.768317
SPHINCS+-SHA2-128f-simple_run29,active,47.237973,5.3975,0.59594,3.216588,151.809296
SPHINCS+-SHA2-128f-simple_run29,active,47.253634,5.3975,0.596119,3.217553,151.859686
SPHINCS+-SHA2-128f-simple_run29,active,47.266409,5.39,0.594152,3.202481,151.900599
SPHINCS+-SHA2-128f-simple_run29,active,47.279158,5.39875,0.59594,3.217333,151.941618
SPHINCS+-SHA2-128f-simple_run29,active,47.291902,5.3975,0.59594,3.216588,151.98261
SPHINCS+-SHA2-128f-simple_run29,active,47.304644,5.395,0.59451,3.207381,152.023477
SPHINCS+-SHA2-128f-simple_run29,active,47.317383,5.39875,0.596834,3.22216,152.064525
SPHINCS+-SHA2-128f-simple_run29,active,47.330124,5.3975,0.595583,3.214658,152.105482
SPHINCS+-SHA2-128f-simple_run29,active,47.342864,5.3975,0.595583,3.214658,152.146436
SPHINCS+-SHA2-128f-simple_run29,active,47.355603,5.39875,0.59451,3.209611,152.187324
SPHINCS+-SHA2-128f-simple_run29,active,47.368353,5.3975,0.595583,3.214658,152.228312
SPHINCS+-SHA2-128f-simple_run29,active,47.381097,5.39625,0.595046,3.211019,152.269233
SPHINCS+-SHA2-128f-simple_run29,active,47.393834,5.3975,0.595404,3.213693,152.310166
SPHINCS+-SHA2-128f-simple_run29,active,47.406574,5.39625,0.596477,3.218738,152.351173
SPHINCS+-SHA2-128f-simple_run29,active,47.419313,5.39625,0.59594,3.215843,152.392138
SPHINCS+-SHA2-128f-simple_run29,active,47.432054,5.3975,0.59594,3.216588,152.433122
SPHINCS+-SHA2-128f-simple_run29,active,47.444796,5.3975,0.590755,3.188601,152.473749
SPHINCS+-SHA2-128f-simple_run29,active,47.457535,5.39625,0.596834,3.220668,152.514778
SPHINCS+-SHA2-128f-simple_run29,active,47.470282,5.39375,0.595404,3.21146,152.555715
SPHINCS+-SHA2-128f-simple_run29,active,47.483025,5.39875,0.59594,3.217333,152.596715
SPHINCS+-SHA2-128f-simple_run29,active,47.495764,5.3975,0.596119,3.217553,152.637703
SPHINCS+-SHA2-128f-simple_run29,active,47.508506,5.39875,0.595762,3.216368,152.678684
SPHINCS+-SHA2-128f-simple_run29,active,47.521245,5.39625,0.596119,3.216808,152.719663
SPHINCS+-SHA2-128f-simple_run29,active,47.533985,5.3975,0.594689,3.209833,152.760558
SPHINCS+-SHA2-128f-simple_run29,active,47.546726,5.39625,0.595046,3.211019,152.801468
SPHINCS+-SHA2-128f-simple_run29,active,47.559466,5.39625,0.596119,3.216808,152.842452
SPHINCS+-SHA2-128f-simple_run29,active,47.572207,5.39625,0.595583,3.213914,152.883398
SPHINCS+-SHA2-128f-simple_run29,active,47.584951,5.395,0.601483,3.245002,152.924754
SPHINCS+-SHA2-128f-simple_run29,active,47.59769,5.395,0.594689,3.208346,152.965624
SPHINCS+-SHA2-128f-simple_run29,active,47.610435,5.39625,0.594689,3.209089,153.006524
SPHINCS+-SHA2-128f-simple_run29,active,47.623177,5.3975,0.595046,3.211763,153.047448
SPHINCS+-SHA2-128f-simple_run29,active,47.63592,5.3925,0.594331,3.204931,153.088289
SPHINCS+-SHA2-128f-simple_run29,active,47.648659,5.395,0.595225,3.21124,153.129197
SPHINCS+-SHA2-128f-simple_run29,active,47.6614,5.395,0.595225,3.21124,153.170111
SPHINCS+-SHA2-128f-simple_run29,active,47.674148,5.3975,0.595225,3.212728,153.211068
SPHINCS+-SHA2-128f-simple_run29,active,47.686893,5.40125,0.595046,3.213994,153.252028
SPHINCS+-SHA2-128f-simple_run29,active,47.699634,5.39625,0.59594,3.215843,153.293002
SPHINCS+-SHA2-128f-simple_run29,active,47.712378,5.39875,0.59594,3.217333,153.334003
SPHINCS+-SHA2-128f-simple_run29,active,47.725119,5.39125,0.595762,3.2119,153.374927
SPHINCS+-SHA2-128f-simple_run29,active,47.737866,5.39625,0.595583,3.213914,153.415895
SPHINCS+-SHA2-128f-simple_run29,active,47.750629,5.3975,0.595583,3.214658,153.456925
SPHINCS+-SHA2-128f-simple_run29,active,47.76337,5.39125,0.596477,3.215756,153.497896
SPHINCS+-SHA2-128f-simple_run29,active,47.776123,5.385,0.595046,3.204325,153.538759
SPHINCS+-SHA2-128f-simple_run29,active,47.788881,5.39625,0.595046,3.211019,153.579727
SPHINCS+-SHA2-128f-simple_run29,active,47.801621,5.395,0.595404,3.212205,153.620651
SPHINCS+-SHA2-128f-simple_run29,active,47.814363,5.39875,0.595225,3.213472,153.661596
SPHINCS+-SHA2-128f-simple_run29,active,47.827105,5.39625,0.596477,3.218738,153.702609
SPHINCS+-SHA2-128f-simple_run29,active,47.839877,5.39625,0.595225,3.211984,153.743633
SPHINCS+-SHA2-128f-simple_run29,active,47.852624,5.3975,0.595225,3.212728,153.784585
SPHINCS+-SHA2-128f-simple_run29,active,47.865364,5.39875,0.597728,3.226986,153.825697
SPHINCS+-SHA2-128f-simple_run29,active,47.878113,5.39625,0.595046,3.211019,153.866635
SPHINCS+-SHA2-128f-simple_run29,active,47.890859,5.3975,0.595225,3.212728,153.907583
SPHINCS+-SHA2-128f-simple_run29,active,47.9036,5.39625,0.595046,3.211019,153.948495
SPHINCS+-SHA2-128f-simple_run29,active,47.916343,5.39625,0.592722,3.198476,153.989254
SPHINCS+-SHA2-128f-simple_run29,active,47.929086,5.3975,0.595583,3.214658,154.030219
SPHINCS+-SHA2-128f-simple_run29,active,47.941826,5.39625,0.596477,3.218738,154.071225
SPHINCS+-SHA2-128f-simple_run29,active,47.954567,5.39875,0.601483,3.247257,154.112597
SPHINCS+-SHA2-128f-simple_run29,active,47.967307,5.39625,0.598444,3.229351,154.153742
SPHINCS+-SHA2-128f-simple_run29,active,47.980057,5.39625,0.595583,3.213914,154.194717
SPHINCS+-SHA2-128f-simple_run29,active,47.992802,5.395,0.59594,3.215098,154.235694
SPHINCS+-SHA2-128f-simple_run29,active,48.005542,5.4,0.596834,3.222906,154.276752
SPHINCS+-SHA2-128f-simple_run29,active,48.018283,5.3975,0.596656,3.220449,154.317787
SPHINCS+-SHA2-128f-simple_run29,active,48.031025,5.3975,0.596477,3.219484,154.358807
SPHINCS+-SHA2-128f-simple_run29,active,48.043764,5.39625,0.593795,3.204265,154.399626
SPHINCS+-SHA2-128f-simple_run29,active,48.056506,5.39625,0.594689,3.209089,154.440517
SPHINCS+-SHA2-128f-simple_run29,active,48.069245,5.39625,0.595225,3.211984,154.481436
SPHINCS+-SHA2-128f-simple_run29,active,48.081993,5.39625,0.595762,3.214879,154.522418
SPHINCS+-SHA2-128f-simple_run29,active,48.094737,5.3975,0.592901,3.200182,154.563201
SPHINCS+-SHA2-128f-simple_run29,active,48.107478,5.39625,0.595225,3.211984,154.604127
SPHINCS+-SHA2-128f-simple_run29,active,48.120222,5.3975,0.595046,3.211763,154.645055
SPHINCS+-SHA2-128f-simple_run29,active,48.132962,5.3975,0.594689,3.209833,154.68595
SPHINCS+-SHA2-128f-simple_run29,active,48.145703,5.39375,0.594689,3.207603,154.726817
SPHINCS+-SHA2-128f-simple_run29,active,48.158476,5.39625,0.595225,3.211984,154.767843
SPHINCS+-SHA2-128f-simple_run29,active,48.171217,5.39625,0.595225,3.211984,154.808768
SPHINCS+-SHA2-128f-simple_run29,active,48.183967,5.38125,0.596298,3.208829,154.84968
SPHINCS+-SHA2-128f-simple_run29,active,48.196713,5.3975,0.595225,3.212728,154.89063
SPHINCS+-SHA2-128f-simple_run29,active,48.209454,5.39625,0.594331,3.20716,154.931491
SPHINCS+-SHA2-128f-simple_run29,active,48.222195,5.39875,0.595404,3.214437,154.972447
SPHINCS+-SHA2-128f-simple_run29,active,48.234937,5.4025,0.596298,3.2215,155.013496
SPHINCS+-SHA2-128f-simple_run29,active,48.247675,5.39875,0.595404,3.214437,155.054442
SPHINCS+-SHA2-128f-simple_run29,active,48.260418,5.3975,0.595404,3.213693,155.095395
SPHINCS+-SHA2-128f-simple_run29,active,48.273185,5.39625,0.594689,3.209089,155.136364
SPHINCS+-SHA2-128f-simple_run29,active,48.285926,5.3925,0.597728,3.22325,155.177431
SPHINCS+-SHA2-128f-simple_run29,active,48.298671,5.395,0.595225,3.21124,155.21836
SPHINCS+-SHA2-128f-simple_run29,active,48.311412,5.39625,0.595583,3.213914,155.259308
SPHINCS+-SHA2-128f-simple_run29,active,48.324156,5.39875,0.596119,3.218299,155.300322
SPHINCS+-SHA2-128f-simple_run29,active,48.3369,5.395,0.595046,3.210275,155.341233
SPHINCS+-SHA2-128f-simple_run29,active,48.34964,5.3975,0.59594,3.216588,155.382211
SPHINCS+-SHA2-128f-simple_run29,active,48.36238,5.39875,0.595583,3.215403,155.423178
SPHINCS+-SHA2-128f-simple_run29,active,48.375121,5.405,0.593258,3.206562,155.464031
SPHINCS+-SHA2-128f-simple_run29,active,48.387871,5.3975,0.596834,3.221414,155.505104
SPHINCS+-SHA2-128f-simple_run29,active,48.400621,5.39625,0.595046,3.211019,155.546043
SPHINCS+-SHA2-128f-simple_run29,active,48.413361,5.4025,0.595583,3.217636,155.587038
SPHINCS+-SHA2-128f-simple_run29,active,48.426104,5.40125,0.597013,3.224618,155.628128
SPHINCS+-SHA2-128f-simple_run29,active,48.438847,5.39625,0.595583,3.213914,155.669084
SPHINCS+-SHA2-128f-simple_run29,active,48.451588,5.39875,0.595225,3.213472,155.710027
SPHINCS+-SHA2-128f-simple_run29,active,48.464331,5.39625,0.588073,3.17339,155.750464
SPHINCS+-SHA2-128f-simple_run29,active,48.477072,5.3975,0.595225,3.212728,155.791399
SPHINCS+-SHA2-128f-simple_run29,active,48.489817,5.4,0.595046,3.213251,155.83235
SPHINCS+-SHA2-128f-simple_run29,active,48.502562,5.39625,0.595583,3.213914,155.873313
SPHINCS+-SHA2-128f-simple_run29,active,48.515305,5.40125,0.596298,3.220755,155.914354
SPHINCS+-SHA2-128f-simple_run29,active,48.53093,5.39625,0.596834,3.220668,155.964677
SPHINCS+-SHA2-128f-simple_run29,active,48.543687,5.3975,0.595225,3.212728,156.005662
SPHINCS+-SHA2-128f-simple_run29,active,48.556435,5.3975,0.595046,3.211763,156.046604
SPHINCS+-SHA2-128f-simple_run29,active,48.569211,5.39625,0.595762,3.214879,156.087679
SPHINCS+-SHA2-128f-simple_run29,active,48.581954,5.39625,0.594689,3.209089,156.128572
SPHINCS+-SHA2-128f-simple_run29,active,48.594703,5.39875,0.59451,3.209611,156.169491
SPHINCS+-SHA2-128f-simple_run29,active,48.607447,5.39625,0.596298,3.217773,156.2105
SPHINCS+-SHA2-128f-simple_run29,active,48.620193,5.39875,0.595225,3.213472,156.251457
SPHINCS+-SHA2-128f-simple_run29,active,48.632934,5.39875,0.59594,3.217333,156.292451
SPHINCS+-SHA2-128f-simple_run29,active,48.645675,5.3975,0.597371,3.224309,156.333532
SPHINCS+-SHA2-128f-simple_run29,active,48.658418,5.39875,0.59451,3.209611,156.374431
SPHINCS+-SHA2-128f-simple_run29,active,48.671159,5.3975,0.595225,3.212728,156.415364
SPHINCS+-SHA2-128f-simple_run29,active,48.683902,5.40125,0.59594,3.218823,156.456382
SPHINCS+-SHA2-128f-simple_run29,active,48.696651,5.395,0.595046,3.210275,156.497309
SPHINCS+-SHA2-128f-simple_run29,active,48.709395,5.3975,0.595583,3.214658,156.538276
SPHINCS+-SHA2-128f-simple_run29,active,48.722137,5.39625,0.595583,3.213914,156.579229
SPHINCS+-SHA2-128f-simple_run29,active,48.73488,5.3975,0.594152,3.206938,156.620095
SPHINCS+-SHA2-128f-simple_run29,active,48.747635,5.39625,0.595225,3.211984,156.661065
SPHINCS+-SHA2-128f-simple_run29,active,48.76038,5.3975,0.595046,3.211763,156.701998
SPHINCS+-SHA2-128f-simple_run29,active,48.773129,5.39625,0.59451,3.208125,156.7429
SPHINCS+-SHA2-128f-simple_run29,active,48.785875,5.395,0.59594,3.215098,156.783878
SPHINCS+-SHA2-128f-simple_run29,active,48.798616,5.38125,0.594689,3.200169,156.824652
SPHINCS+-SHA2-128f-simple_run29,active,48.811416,5.395,0.595046,3.210275,156.865744
SPHINCS+-SHA2-128f-simple_run29,active,48.824258,5.39,0.59451,3.204409,156.906893
SPHINCS+-SHA2-128f-simple_run29,active,48.837,5.3975,0.59594,3.216588,156.94788
SPHINCS+-SHA2-128f-simple_run29,active,48.849769,5.39875,0.596119,3.218299,156.988972
SPHINCS+-SHA2-128f-simple_run29,active,48.862513,5.39625,0.59594,3.215843,157.029957
SPHINCS+-SHA2-128f-simple_run29,active,48.875253,5.3975,0.594689,3.209833,157.07085
SPHINCS+-SHA2-128f-simple_run29,active,48.887996,5.3975,0.595583,3.214658,157.111815
SPHINCS+-SHA2-128f-simple_run29,active,48.90075,5.39625,0.596477,3.218738,157.152867
SPHINCS+-SHA2-128f-simple_run29,active,48.913497,5.38875,0.594331,3.202702,157.193691
SPHINCS+-SHA2-128f-simple_run29,active,48.925939,5.3875,0.594152,3.200996,157.233517
SPHINCS+-SHA2-128f-simple_run29,active,48.938377,5.3875,0.595583,3.208702,157.273429
SPHINCS+-SHA2-128f-simple_run29,active,48.950815,5.38875,0.595225,3.20752,157.313323
SPHINCS+-SHA2-128f-simple_run29,active,48.963251,5.39,0.595404,3.209228,157.353233
SPHINCS+-SHA2-128f-simple_run29,active,48.975688,5.3875,0.598086,3.222188,157.393308
SPHINCS+-SHA2-128f-simple_run29,active,48.988127,5.39125,0.595225,3.209008,157.433225
SPHINCS+-SHA2-128f-simple_run29,active,49.000563,5.37875,0.595583,3.203491,157.473063
SPHINCS+-SHA2-128f-simple_run29,active,49.013058,5.3975,0.595404,3.213693,157.513217
SPHINCS+-SHA2-128f-simple_run29,active,49.025811,5.39625,0.59594,3.215843,157.554228
SPHINCS+-SHA2-128f-simple_run29,active,49.038553,5.39625,0.595404,3.212949,157.595168
SPHINCS+-SHA2-128f-simple_run29,active,49.051298,5.39625,0.595583,3.213914,157.636129
SPHINCS+-SHA2-128f-simple_run29,active,49.064042,5.39625,0.59755,3.224527,157.677223
SPHINCS+-SHA2-128f-simple_run29,active,49.076781,5.39625,0.596477,3.218738,157.718228
SPHINCS+-SHA2-128f-simple_run29,active,49.08952,5.39625,0.595225,3.211984,157.759145
SPHINCS+-SHA2-128f-simple_run29,active,49.102267,5.3875,0.595225,3.206776,157.800023
SPHINCS+-SHA2-128f-simple_run29,active,49.115012,5.39625,0.595583,3.213914,157.840984
SPHINCS+-SHA2-128f-simple_run29,active,49.127755,5.395,0.59594,3.215098,157.881951
SPHINCS+-SHA2-128f-simple_run29,active,49.140498,5.3975,0.596119,3.217553,157.922953
SPHINCS+-SHA2-128f-simple_run29,active,49.153236,5.39625,0.594331,3.20716,157.963806
SPHINCS+-SHA2-128f-simple_run29,active,49.165978,5.39875,0.596477,3.220229,158.004838
SPHINCS+-SHA2-128f-simple_run29,active,49.178718,5.39625,0.595225,3.211984,158.04576
SPHINCS+-SHA2-128f-simple_run29,active,49.191459,5.39625,0.595583,3.213914,158.086709
SPHINCS+-SHA2-128f-simple_run29,active,49.204209,5.3925,0.600053,3.235785,158.127964
SPHINCS+-SHA2-128f-simple_run29,active,49.216955,5.39875,0.59594,3.217333,158.168971
SPHINCS+-SHA2-128f-simple_run29,active,49.229695,5.3975,0.59594,3.216588,158.209951
SPHINCS+-SHA2-128f-simple_run29,active,49.242469,5.3975,0.596119,3.217553,158.251054
SPHINCS+-SHA2-128f-simple_run29,active,49.255209,5.39625,0.595046,3.211019,158.29196
SPHINCS+-SHA2-128f-simple_run29,active,49.267952,5.39625,0.596119,3.216808,158.332952
SPHINCS+-SHA2-128f-simple_run29,active,49.280692,5.3975,0.596298,3.218518,158.373955
SPHINCS+-SHA2-128f-simple_run29,active,49.293433,5.39625,0.593437,3.202335,158.414757
SPHINCS+-SHA2-128f-simple_run29,active,49.306182,5.3975,0.597192,3.223344,158.455853
SPHINCS+-SHA2-128f-simple_run29,active,49.318935,5.39625,0.59594,3.215843,158.496862
SPHINCS+-SHA2-128f-simple_run29,active,49.33168,5.39625,0.594868,3.210054,158.537775
SPHINCS+-SHA2-128f-simple_run29,active,49.344423,5.39375,0.592901,3.197959,158.578528
SPHINCS+-SHA2-128f-simple_run29,active,49.357196,5.3975,0.595225,3.212728,158.619562
SPHINCS+-SHA2-128f-simple_run29,active,49.369936,5.3975,0.596119,3.217553,158.660556
SPHINCS+-SHA2-128f-simple_run29,active,49.382676,5.3975,0.596298,3.218518,158.70156
SPHINCS+-SHA2-128f-simple_run29,active,49.395417,5.39625,0.595225,3.211984,158.742483
SPHINCS+-SHA2-128f-simple_run29,active,49.408167,5.39625,0.595046,3.211019,158.783424
SPHINCS+-SHA2-128f-simple_run29,active,49.420913,5.39625,0.595225,3.211984,158.824362
SPHINCS+-SHA2-128f-simple_run29,active,49.433653,5.405,0.595046,3.216226,158.865337
SPHINCS+-SHA2-128f-simple_run29,active,49.446394,5.39625,0.595225,3.211984,158.906262
SPHINCS+-SHA2-128f-simple_run29,active,49.459135,5.395,0.595583,3.213169,158.9472
SPHINCS+-SHA2-128f-simple_run29,active,49.471876,5.39625,0.595583,3.213914,158.988151
SPHINCS+-SHA2-128f-simple_run29,active,49.484617,5.38875,0.594689,3.204629,159.02898
SPHINCS+-SHA2-128f-simple_run29,active,49.497357,5.39875,0.595046,3.212507,159.069906
SPHINCS+-SHA2-128f-simple_run29,active,49.510106,5.3975,0.595404,3.213693,159.110877
SPHINCS+-SHA2-128f-simple_run29,active,49.522851,5.39125,0.59594,3.212864,159.151825
SPHINCS+-SHA2-128f-simple_run29,active,49.535591,5.39625,0.596119,3.216808,159.192809
SPHINCS+-SHA2-128f-simple_run29,active,49.548334,5.3975,0.595762,3.215623,159.233784
SPHINCS+-SHA2-128f-simple_run29,active,49.561074,5.3975,0.595583,3.214658,159.274741
SPHINCS+-SHA2-128f-simple_run29,active,49.573815,5.39625,0.595583,3.213914,159.315688
SPHINCS+-SHA2-128f-simple_run29,active,49.586555,5.39625,0.59594,3.215843,159.356659
SPHINCS+-SHA2-128f-simple_run29,active,49.599295,5.3975,0.596119,3.217553,159.397651
SPHINCS+-SHA2-128f-simple_run29,active,49.612045,5.395,0.59594,3.215098,159.438642
SPHINCS+-SHA2-128f-simple_run29,active,49.624787,5.39625,0.594868,3.210054,159.479545
SPHINCS+-SHA2-128f-simple_run29,active,49.637527,5.395,0.596477,3.217992,159.520542
SPHINCS+-SHA2-128f-simple_run29,active,49.650268,5.3975,0.595583,3.214658,159.561499
SPHINCS+-SHA2-128f-simple_run29,active,49.663009,5.395,0.591113,3.189054,159.602131
SPHINCS+-SHA2-128f-simple_run29,active,49.675749,5.3975,0.595583,3.214658,159.643087
SPHINCS+-SHA2-128f-simple_run29,active,49.688489,5.4,0.59594,3.218078,159.684084
SPHINCS+-SHA2-128f-simple_run29,active,49.701229,5.39625,0.595046,3.211019,159.724993
SPHINCS+-SHA2-128f-simple_run29,active,49.713977,5.395,0.599874,3.23632,159.76625
SPHINCS+-SHA2-128f-simple_run29,active,49.726722,5.39625,0.596477,3.218738,159.807271
SPHINCS+-SHA2-128f-simple_run29,active,49.739468,5.39625,0.595046,3.211019,159.848199
SPHINCS+-SHA2-128f-simple_run29,active,49.752229,5.39625,0.600053,3.238035,159.88952
SPHINCS+-SHA2-128f-simple_run29,active,49.764971,5.3975,0.597013,3.222379,159.93058
SPHINCS+-SHA2-128f-simple_run29,active,49.777711,5.39625,0.595225,3.211984,159.9715
SPHINCS+-SHA2-128f-simple_run29,active,49.790495,5.39625,0.595225,3.211984,160.012564
SPHINCS+-SHA2-128f-simple_run29,active,49.806209,5.38875,0.595583,3.209447,160.062995
SPHINCS+-SHA2-128f-simple_run29,active,49.819008,5.385,0.595762,3.208176,160.104059
SPHINCS+-SHA2-128f-simple_run29,active,49.83177,5.3925,0.595225,3.209752,160.14502
SPHINCS+-SHA2-128f-simple_run29,active,49.844527,5.40375,0.596477,3.223212,160.18614
SPHINCS+-SHA2-128f-simple_run29,active,49.857265,5.3975,0.594868,3.210798,160.227038
SPHINCS+-SHA2-128f-simple_run29,active,49.87001,5.39625,0.596656,3.219703,160.268074
SPHINCS+-SHA2-128f-simple_run29,active,49.882751,5.3925,0.593258,3.199146,160.308833
SPHINCS+-SHA2-128f-simple_run29,active,49.895491,5.39625,0.595404,3.212949,160.349768
SPHINCS+-SHA2-128f-simple_run29,active,49.908233,5.39625,0.595225,3.211984,160.390693
SPHINCS+-SHA2-128f-simple_run29,active,49.920981,5.38375,0.595225,3.204544,160.431547
SPHINCS+-SHA2-128f-simple_run29,active,49.933724,5.39625,0.594152,3.206195,160.472403
SPHINCS+-SHA2-128f-simple_run29,active,49.946506,5.38875,0.59594,3.211374,160.513451
SPHINCS+-SHA2-128f-simple_run29,active,49.959255,5.39125,0.595046,3.208044,160.55435
SPHINCS+-SHA2-128f-simple_run29,active,49.972002,5.3975,0.597728,3.226239,160.595473
SPHINCS+-SHA2-128f-simple_run29,active,49.98474,5.39625,0.595583,3.213914,160.636412
SPHINCS+-SHA2-128f-simple_run29,active,49.99748,5.39625,0.595583,3.213914,160.677356
SPHINCS+-SHA2-128f-simple_run29,active,50.010221,5.3975,0.595404,3.213693,160.718304
SPHINCS+-SHA2-128f-simple_run29,active,50.022972,5.39625,0.589325,3.180144,160.758852
SPHINCS+-SHA2-128f-simple_run29,active,50.035718,5.39875,0.595046,3.212507,160.799799
SPHINCS+-SHA2-128f-simple_run29,active,50.048462,5.39625,0.595046,3.211019,160.840722
SPHINCS+-SHA2-128f-simple_run29,active,50.061202,5.39875,0.595583,3.215403,160.881686
SPHINCS+-SHA2-128f-simple_run29,active,50.073944,5.395,0.593258,3.200629,160.922467
SPHINCS+-SHA2-128f-simple_run29,active,50.086685,5.3975,0.597013,3.222379,160.963524
SPHINCS+-SHA2-128f-simple_run29,active,50.099425,5.39625,0.59594,3.215843,161.004495
SPHINCS+-SHA2-128f-simple_run29,active,50.11217,5.39625,0.596119,3.216808,161.045493
SPHINCS+-SHA2-128f-simple_run29,active,50.124918,5.3975,0.594868,3.210798,161.086424
SPHINCS+-SHA2-128f-simple_run29,active,50.137664,5.395,0.595583,3.213169,161.127378
SPHINCS+-SHA2-128f-simple_run29,active,50.150408,5.395,0.595583,3.213169,161.168326
SPHINCS+-SHA2-128f-simple_run29,active,50.163147,5.39375,0.595762,3.213389,161.209263
SPHINCS+-SHA2-128f-simple_run29,active,50.175892,5.39625,0.595046,3.211019,161.250187
SPHINCS+-SHA2-128f-simple_run29,active,50.188632,5.3975,0.595225,3.212728,161.291118
SPHINCS+-SHA2-128f-simple_run29,active,50.201371,5.3975,0.595225,3.212728,161.332045
SPHINCS+-SHA2-128f-simple_run29,active,50.214113,5.38625,0.594689,3.203143,161.37286
SPHINCS+-SHA2-128f-simple_run29,active,50.226863,5.39625,0.595762,3.214879,161.413847
SPHINCS+-SHA2-128f-simple_run29,active,50.239608,5.39625,0.595583,3.213914,161.45481
SPHINCS+-SHA2-128f-simple_run29,active,50.252351,5.39625,0.595404,3.212949,161.495753
SPHINCS+-SHA2-128f-simple_run29,active,50.265091,5.395,0.595404,3.212205,161.536677
SPHINCS+-SHA2-128f-simple_run29,active,50.277831,5.39625,0.595046,3.211019,161.577584
SPHINCS+-SHA2-128f-simple_run29,active,50.290572,5.39625,0.595046,3.211019,161.618497
SPHINCS+-SHA2-128f-simple_run29,active,50.303313,5.4025,0.594331,3.210874,161.659407
SPHINCS+-SHA2-128f-simple_run29,active,50.316057,5.39625,0.595404,3.212949,161.700352
SPHINCS+-SHA2-128f-simple_run29,active,50.328806,5.395,0.595225,3.21124,161.74129
SPHINCS+-SHA2-128f-simple_run29,active,50.341552,5.4025,0.595404,3.21667,161.782292
SPHINCS+-SHA2-128f-simple_run29,active,50.354294,5.39375,0.595404,3.21146,161.823211
SPHINCS+-SHA2-128f-simple_run29,active,50.367035,5.39625,0.594689,3.209089,161.864098
SPHINCS+-SHA2-128f-simple_run29,active,50.379774,5.395,0.595762,3.214134,161.905044
SPHINCS+-SHA2-128f-simple_run29,active,50.392515,5.39625,0.600053,3.238035,161.946301
SPHINCS+-SHA2-128f-simple_run29,active,50.405257,5.39625,0.596656,3.219703,161.987323
SPHINCS+-SHA2-128f-simple_run29,active,50.417997,5.39625,0.59594,3.215843,162.028293
SPHINCS+-SHA2-128f-simple_run29,active,50.430742,5.40125,0.595583,3.216892,162.069295
SPHINCS+-SHA2-128f-simple_run29,active,50.443487,5.395,0.595046,3.210275,162.110208
SPHINCS+-SHA2-128f-simple_run29,active,50.456231,5.3975,0.594689,3.209833,162.151115
SPHINCS+-SHA2-128f-simple_run29,active,50.468973,5.3975,0.595225,3.212728,162.192051
SPHINCS+-SHA2-128f-simple_run29,active,50.481714,5.40125,0.595046,3.213994,162.233002
SPHINCS+-SHA2-128f-simple_run29,active,50.494495,5.39875,0.595225,3.213472,162.274073
SPHINCS+-SHA2-128f-simple_run29,active,50.507236,5.39625,0.597192,3.222597,162.315133
SPHINCS+-SHA2-128f-simple_run29,active,50.51998,5.3975,0.595583,3.214658,162.356098
SPHINCS+-SHA2-128f-simple_run29,active,50.532726,5.39875,0.591113,3.19127,162.396774
SPHINCS+-SHA2-128f-simple_run29,active,50.54547,5.3975,0.598801,3.232029,162.437963
SPHINCS+-SHA2-128f-simple_run29,active,50.558211,5.39625,0.59594,3.215843,162.478938
SPHINCS+-SHA2-128f-simple_run29,active,50.570951,5.39625,0.595583,3.213914,162.519884
SPHINCS+-SHA2-128f-simple_run29,active,50.583693,5.39625,0.59594,3.215843,162.560857
SPHINCS+-SHA2-128f-simple_run29,active,50.596435,5.39625,0.595762,3.214879,162.601822
SPHINCS+-SHA2-128f-simple_run29,active,50.609199,5.395,0.595404,3.212205,162.642824
SPHINCS+-SHA2-128f-simple_run29,active,50.62194,5.39625,0.590755,3.187863,162.683439
SPHINCS+-SHA2-128f-simple_run29,active,50.63469,5.3975,0.596119,3.217553,162.724462
SPHINCS+-SHA2-128f-simple_run29,active,50.647434,5.395,0.596834,3.219922,162.765497
SPHINCS+-SHA2-128f-simple_run29,active,50.660175,5.3875,0.595404,3.207739,162.806369
SPHINCS+-SHA2-128f-simple_run29,active,50.672918,5.39875,0.59755,3.226021,162.847478
SPHINCS+-SHA2-128f-simple_run29,active,50.685658,5.39625,0.595404,3.212949,162.888409
SPHINCS+-SHA2-128f-simple_run29,active,50.698398,5.395,0.59594,3.215098,162.929369
SPHINCS+-SHA2-128f-simple_run29,active,50.711136,5.3975,0.599159,3.23396,162.970564
SPHINCS+-SHA2-128f-simple_run29,active,50.723878,5.3975,0.595583,3.214658,163.011527
SPHINCS+-SHA2-128f-simple_run29,active,50.736632,5.39875,0.595046,3.212507,163.052497
SPHINCS+-SHA2-128f-simple_run29,active,50.749392,5.39625,0.595225,3.211984,163.093484
SPHINCS+-SHA2-128f-simple_run29,active,50.762135,5.4,0.596477,3.220975,163.134527
SPHINCS+-SHA2-128f-simple_run29,active,50.774876,5.39625,0.595583,3.213914,163.175477
SPHINCS+-SHA2-128f-simple_run29,active,50.787618,5.3975,0.59594,3.216588,163.216463
SPHINCS+-SHA2-128f-simple_run29,active,50.800362,5.3975,0.59594,3.216588,163.257456
SPHINCS+-SHA2-128f-simple_run29,active,50.813107,5.395,0.596298,3.217028,163.298456
SPHINCS+-SHA2-128f-simple_run29,active,50.825855,5.395,0.595225,3.21124,163.339391
SPHINCS+-SHA2-128f-simple_run29,active,50.838604,5.395,0.595046,3.210275,163.38032
SPHINCS+-SHA2-128f-simple_run29,active,50.851351,5.39125,0.596119,3.213828,163.421288
SPHINCS+-SHA2-128f-simple_run29,active,50.864097,5.395,0.59594,3.215098,163.462267
SPHINCS+-SHA2-128f-simple_run29,active,50.876839,5.39375,0.595762,3.213389,163.503212
SPHINCS+-SHA2-128f-simple_run29,active,50.889579,5.3975,0.595762,3.215623,163.54418
SPHINCS+-SHA2-128f-simple_run29,active,50.902322,5.39625,0.595404,3.212949,163.58512
SPHINCS+-SHA2-128f-simple_run29,active,50.915064,5.3925,0.595583,3.21168,163.626045
SPHINCS+-SHA2-128f-simple_run29,active,50.927809,5.3975,0.596477,3.219484,163.667077
SPHINCS+-SHA2-128f-simple_run29,active,50.940564,5.39625,0.596834,3.220668,163.708157
SPHINCS+-SHA2-128f-simple_run29,active,50.95331,5.395,0.59594,3.215098,163.749137
SPHINCS+-SHA2-128f-simple_run29,active,50.966051,5.39875,0.598086,3.228917,163.790275
SPHINCS+-SHA2-128f-simple_run29,active,50.978797,5.39625,0.594689,3.209089,163.831179
SPHINCS+-SHA2-128f-simple_run29,active,50.991543,5.39875,0.595583,3.215403,163.872162
SPHINCS+-SHA2-128f-simple_run29,active,51.004287,5.3975,0.596119,3.217553,163.913167
SPHINCS+-SHA2-128f-simple_run29,active,51.017028,5.3975,0.59594,3.216588,163.95415
SPHINCS+-SHA2-128f-simple_run29,active,51.029769,5.3975,0.594689,3.209833,163.995044
SPHINCS+-SHA2-128f-simple_run29,active,51.042515,5.40375,0.592543,3.201955,164.035857
SPHINCS+-SHA2-128f-simple_run29,active,51.055259,5.3975,0.595046,3.211763,164.07679
SPHINCS+-SHA2-128f-simple_run29,active,51.068005,5.3975,0.595583,3.214658,164.117763
SPHINCS+-SHA2-128f-simple_run29,active,51.083662,5.39625,0.595762,3.214879,164.168097
SPHINCS+-SHA2-128f-simple_run29,active,51.096423,5.3975,0.595762,3.215623,164.209133
SPHINCS+-SHA2-128f-simple_run29,active,51.109207,5.395,0.59594,3.215098,164.250233
SPHINCS+-SHA2-128f-simple_run29,active,51.12195,5.4075,0.592722,3.205144,164.291077
SPHINCS+-SHA2-128f-simple_run29,active,51.134691,5.39375,0.596298,3.216282,164.332057
SPHINCS+-SHA2-128f-simple_run29,active,51.14744,5.39875,0.59594,3.217333,164.373073
SPHINCS+-SHA2-128f-simple_run29,active,51.160185,5.39625,0.595225,3.211984,164.414011
SPHINCS+-SHA2-128f-simple_run29,active,51.172925,5.3975,0.595583,3.214658,164.454965
SPHINCS+-SHA2-128f-simple_run29,active,51.185664,5.39625,0.595046,3.211019,164.495869
SPHINCS+-SHA2-128f-simple_run29,active,51.198406,5.39875,0.593437,3.203819,164.536694
SPHINCS+-SHA2-128f-simple_run29,active,51.211148,5.40125,0.592722,3.20144,164.577486
SPHINCS+-SHA2-128f-simple_run29,active,51.22389,5.3925,0.595404,3.210716,164.618397
SPHINCS+-SHA2-128f-simple_run29,active,51.236631,5.3975,0.595225,3.212728,164.65933
SPHINCS+-SHA2-128f-simple_run29,active,51.249376,5.39625,0.59451,3.208125,164.700218
SPHINCS+-SHA2-128f-simple_run29,active,51.262121,5.39625,0.595762,3.214879,164.741192
SPHINCS+-SHA2-128f-simple_run29,active,51.274862,5.3975,0.595225,3.212728,164.782124
SPHINCS+-SHA2-128f-simple_run29,active,51.287603,5.395,0.596656,3.218957,164.823138
SPHINCS+-SHA2-128f-simple_run29,active,51.300348,5.4,0.595046,3.213251,164.864092
SPHINCS+-SHA2-128f-simple_run29,active,51.313091,5.4,0.595046,3.213251,164.905037
SPHINCS+-SHA2-128f-simple_run29,active,51.325831,5.39625,0.596834,3.220668,164.946068
SPHINCS+-SHA2-128f-simple_run29,active,51.338572,5.39625,0.595046,3.211019,164.986981
SPHINCS+-SHA2-128f-simple_run29,active,51.35132,5.40125,0.593437,3.205303,165.02784
SPHINCS+-SHA2-128f-simple_run29,active,51.364067,5.4,0.594152,3.208423,165.068741
SPHINCS+-SHA2-128f-simple_run29,active,51.37681,5.395,0.595225,3.21124,165.109659
SPHINCS+-SHA2-128f-simple_run29,active,51.38955,5.39625,0.595225,3.211984,165.150579
SPHINCS+-SHA2-128f-simple_run29,active,51.402292,5.4025,0.59594,3.219568,165.191606
SPHINCS+-SHA2-128f-simple_run29,active,51.415032,5.3975,0.595225,3.212728,165.232535
SPHINCS+-SHA2-128f-simple_run29,active,51.427774,5.39875,0.594689,3.210576,165.273444
SPHINCS+-SHA2-128f-simple_run29,active,51.440518,5.39875,0.596834,3.22216,165.314507
SPHINCS+-SHA2-128f-simple_run29,active,51.453264,5.39625,0.593616,3.2033,165.355338
SPHINCS+-SHA2-128f-simple_run29,active,51.46601,5.39625,0.595225,3.211984,165.396276
SPHINCS+-SHA2-128f-simple_run29,active,51.478751,5.3975,0.59594,3.216588,165.437258
SPHINCS+-SHA2-128f-simple_run29,active,51.491491,5.39625,0.595762,3.214879,165.478215
SPHINCS+-SHA2-128f-simple_run29,active,51.504234,5.3975,0.595046,3.211763,165.519143
SPHINCS+-SHA2-128f-simple_run29,active,51.516976,5.3975,0.595583,3.214658,165.560104
SPHINCS+-SHA2-128f-simple_run29,active,51.529716,5.3975,0.595404,3.213693,165.601048
SPHINCS+-SHA2-128f-simple_run29,active,51.542494,5.3975,0.59594,3.216588,165.642149
SPHINCS+-SHA2-128f-simple_run29,active,51.555243,5.39625,0.595225,3.211984,165.683098
SPHINCS+-SHA2-128f-simple_run29,active,51.56799,5.3975,0.595225,3.212728,165.72405
SPHINCS+-SHA2-128f-simple_run29,active,51.580732,5.39625,0.596119,3.216808,165.76504
SPHINCS+-SHA2-128f-simple_run29,active,51.593472,5.3975,0.595046,3.211763,165.805956
SPHINCS+-SHA2-128f-simple_run29,active,51.60621,5.39375,0.595583,3.212425,165.846877
SPHINCS+-SHA2-128f-simple_run29,active,51.61895,5.39375,0.595404,3.21146,165.887791
SPHINCS+-SHA2-128f-simple_run29,active,51.63169,5.395,0.593795,3.203523,165.928603
SPHINCS+-SHA2-128f-simple_run29,active,51.644433,5.395,0.595046,3.210275,165.969514
SPHINCS+-SHA2-128f-simple_run29,active,51.657216,5.3975,0.595225,3.212728,166.01058
SPHINCS+-SHA2-128f-simple_run29,active,51.669962,5.3975,0.596298,3.218518,166.051603
SPHINCS+-SHA2-128f-simple_run29,active,51.682703,5.3975,0.595225,3.212728,166.092538
SPHINCS+-SHA2-128f-simple_run29,active,51.695443,5.395,0.595225,3.21124,166.13345
SPHINCS+-SHA2-128f-simple_run29,active,51.70819,5.3975,0.593974,3.205973,166.174316
SPHINCS+-SHA2-128f-simple_run29,active,51.720931,5.39625,0.594331,3.20716,166.215178
SPHINCS+-SHA2-128f-simple_run29,active,51.733672,5.39625,0.593258,3.201371,166.255968
SPHINCS+-SHA2-128f-simple_run29,active,51.746429,5.3975,0.597371,3.224309,166.297098
SPHINCS+-SHA2-128f-simple_run29,active,51.759193,5.3975,0.595404,3.213693,166.338118
SPHINCS+-SHA2-128f-simple_run29,active,51.771943,5.39375,0.595225,3.210496,166.379054
SPHINCS+-SHA2-128f-simple_run29,active,51.784687,5.39625,0.595225,3.211984,166.419985
SPHINCS+-SHA2-128f-simple_run29,active,51.797426,5.3975,0.595046,3.211763,166.460902
SPHINCS+-SHA2-128f-simple_run29,active,51.810169,5.39375,0.60041,3.238464,166.502167
SPHINCS+-SHA2-128f-simple_run29,active,51.822908,5.39625,0.595404,3.212949,166.543099
SPHINCS+-SHA2-128f-simple_run29,active,51.83565,5.395,0.59594,3.215098,166.584065
SPHINCS+-SHA2-128f-simple_run29,active,51.848397,5.39625,0.595225,3.211984,166.625009
SPHINCS+-SHA2-128f-simple_run29,active,51.861185,5.3925,0.593258,3.199146,166.665919
SPHINCS+-SHA2-128f-simple_run29,active,51.873932,5.3975,0.595225,3.212728,166.70687
SPHINCS+-SHA2-128f-simple_run29,active,51.886671,5.3975,0.597192,3.223344,166.747935
SPHINCS+-SHA2-128f-simple_run29,active,51.899411,5.3975,0.596119,3.217553,166.788925
SPHINCS+-SHA2-128f-simple_run29,active,51.912155,5.39875,0.59594,3.217333,166.829927
SPHINCS+-SHA2-128f-simple_run29,active,51.924896,5.3975,0.596119,3.217553,166.870922
SPHINCS+-SHA2-128f-simple_run29,active,51.937634,5.39625,0.596834,3.220668,166.911948
SPHINCS+-SHA2-128f-simple_run29,active,51.950374,5.39875,0.597371,3.225056,166.953033
SPHINCS+-SHA2-128f-simple_run29,active,51.96312,5.39625,0.596477,3.218738,166.994058
SPHINCS+-SHA2-128f-simple_run29,active,51.975864,5.395,0.596119,3.216063,167.035047
SPHINCS+-SHA2-128f-simple_run29,active,51.988612,5.395,0.595583,3.213169,167.076007
SPHINCS+-SHA2-128f-simple_run29,active,52.001352,5.3975,0.593437,3.203077,167.116814
SPHINCS+-SHA2-128f-simple_run29,active,52.014094,5.39625,0.59594,3.215843,167.157789
SPHINCS+-SHA2-128f-simple_run29,active,52.026835,5.3975,0.594868,3.210798,167.1987
SPHINCS+-SHA2-128f-simple_run29,active,52.039573,5.39625,0.595762,3.214879,167.239651
SPHINCS+-SHA2-128f-simple_run29,active,52.052316,5.395,0.592543,3.196771,167.280387
SPHINCS+-SHA2-128f-simple_run29,active,52.065064,5.395,0.595046,3.210275,167.321311
SPHINCS+-SHA2-128f-simple_run29,active,52.077807,5.39625,0.595404,3.212949,167.362253
SPHINCS+-SHA2-128f-simple_run29,active,52.090546,5.39625,0.593795,3.204265,167.403075
SPHINCS+-SHA2-128f-simple_run29,active,52.103288,5.39625,0.595046,3.211019,167.443988
SPHINCS+-SHA2-128f-simple_run29,active,52.116029,5.39625,0.594689,3.209089,167.484876
SPHINCS+-SHA2-128f-simple_run29,active,52.128771,5.39625,0.595046,3.211019,167.525789
SPHINCS+-SHA2-128f-simple_run29,active,52.14151,5.395,0.593974,3.204488,167.566612
SPHINCS+-SHA2-128f-simple_run29,active,52.154251,5.3975,0.595404,3.213693,167.607556
SPHINCS+-SHA2-128f-simple_run29,active,52.166997,5.3975,0.593437,3.203077,167.648384
SPHINCS+-SHA2-128f-simple_run29,active,52.179742,5.3975,0.590934,3.189566,167.689033
SPHINCS+-SHA2-128f-simple_run29,active,52.192485,5.3975,0.594689,3.209833,167.729937
SPHINCS+-SHA2-128f-simple_run29,active,52.205226,5.3975,0.593795,3.205007,167.770772
SPHINCS+-SHA2-128f-simple_run29,active,52.217968,5.39625,0.596119,3.216808,167.811761
SPHINCS+-SHA2-128f-simple_run29,active,52.230709,5.395,0.596298,3.217028,167.852749
SPHINCS+-SHA2-128f-simple_run29,active,52.243452,5.39625,0.59594,3.215843,167.893727
SPHINCS+-SHA2-128f-simple_run29,active,52.256195,5.3975,0.595046,3.211763,167.934655
SPHINCS+-SHA2-128f-simple_run29,active,52.268945,5.39625,0.594868,3.210054,167.975585
SPHINCS+-SHA2-128f-simple_run29,active,52.281688,5.39875,0.594689,3.210576,168.016496
SPHINCS+-SHA2-128f-simple_run29,active,52.294431,5.39625,0.595046,3.211019,168.057416
SPHINCS+-SHA2-128f-simple_run29,active,52.307172,5.39625,0.59755,3.224527,168.098497
SPHINCS+-SHA2-128f-simple_run29,active,52.319913,5.39375,0.59451,3.206638,168.139356
SPHINCS+-SHA2-128f-simple_run29,active,52.332655,5.395,0.595762,3.214134,168.180308
SPHINCS+-SHA2-128f-simple_run29,active,52.345391,5.3975,0.596119,3.217553,168.221288
SPHINCS+-SHA2-128f-simple_run29,active,52.361053,5.39625,0.59594,3.215843,168.271655
SPHINCS+-SHA2-128f-simple_run29,active,52.373823,5.39625,0.595225,3.211984,168.31267
SPHINCS+-SHA2-128f-simple_run29,active,52.386572,5.39875,0.595583,3.215403,168.353665
SPHINCS+-SHA2-128f-simple_run29,active,52.399315,5.39875,0.599516,3.236639,168.394908
SPHINCS+-SHA2-128f-simple_run29,active,52.412058,5.39625,0.596834,3.220668,168.43595
SPHINCS+-SHA2-128f-simple_run29,active,52.4248,5.39625,0.595404,3.212949,168.476889
SPHINCS+-SHA2-128f-simple_run29,active,52.43754,5.39625,0.597013,3.221632,168.517933
SPHINCS+-SHA2-128f-simple_run29,active,52.450279,5.3975,0.592364,3.197287,168.558663
SPHINCS+-SHA2-128f-simple_run29,active,52.463019,5.39875,0.59594,3.217333,168.599652
SPHINCS+-SHA2-128f-simple_run29,active,52.475766,5.39625,0.594689,3.209089,168.640557
SPHINCS+-SHA2-128f-simple_run29,active,52.488513,5.3975,0.595225,3.212728,168.68151
SPHINCS+-SHA2-128f-simple_run29,active,52.501252,5.3975,0.592364,3.197287,168.722242
SPHINCS+-SHA2-128f-simple_run29,active,52.513993,5.39625,0.60041,3.239965,168.763521
SPHINCS+-SHA2-128f-simple_run29,active,52.526731,5.39625,0.597907,3.226457,168.804618
SPHINCS+-SHA2-128f-simple_run29,active,52.539471,5.3975,0.596119,3.217553,168.845611
SPHINCS+-SHA2-128f-simple_run29,active,52.552213,5.3975,0.595046,3.211763,168.886536
SPHINCS+-SHA2-128f-simple_run29,active,52.564954,5.3975,0.596119,3.217553,168.927529
SPHINCS+-SHA2-128f-simple_run29,active,52.5777,5.39625,0.594689,3.209089,168.968433
SPHINCS+-SHA2-128f-simple_run29,active,52.590478,5.3975,0.595225,3.212728,169.009485
SPHINCS+-SHA2-128f-simple_run29,active,52.603218,5.39375,0.59594,3.214354,169.050438
SPHINCS+-SHA2-128f-simple_run29,active,52.615961,5.3975,0.59594,3.216588,169.091426
SPHINCS+-SHA2-128f-simple_run29,active,52.628702,5.39875,0.595225,3.213472,169.132368
SPHINCS+-SHA2-128f-simple_run29,active,52.641442,5.4025,0.595583,3.217636,169.173362
SPHINCS+-SHA2-128f-simple_run29,active,52.654183,5.39875,0.59594,3.217333,169.214352
SPHINCS+-SHA2-128f-simple_run29,active,52.666923,5.395,0.597371,3.222815,169.255414
SPHINCS+-SHA2-128f-simple_run29,active,52.679671,5.39625,0.595583,3.213914,169.296382
SPHINCS+-SHA2-128f-simple_run29,active,52.692416,5.39375,0.596656,3.218211,169.337398
SPHINCS+-SHA2-128f-simple_run29,active,52.705187,5.395,0.596119,3.216063,169.378472
SPHINCS+-SHA2-128f-simple_run29,active,52.717931,5.395,0.59594,3.215098,169.419444
SPHINCS+-SHA2-128f-simple_run29,active,52.730674,5.39125,0.595583,3.210936,169.46036
SPHINCS+-SHA2-128f-simple_run29,active,52.743432,5.39625,0.595583,3.213914,169.501364
SPHINCS+-SHA2-128f-simple_run29,active,52.756178,5.39625,0.596119,3.216808,169.542368
SPHINCS+-SHA2-128f-simple_run29,active,52.768918,5.39875,0.59594,3.217333,169.583356
SPHINCS+-SHA2-128f-simple_run29,active,52.781669,5.4,0.595762,3.217113,169.624378
SPHINCS+-SHA2-128f-simple_run29,active,52.794415,5.3975,0.59451,3.208868,169.665276
SPHINCS+-SHA2-128f-simple_run29,active,52.807158,5.39875,0.595404,3.214437,169.706239
SPHINCS+-SHA2-128f-simple_run29,active,52.819902,5.39625,0.594331,3.20716,169.747112
SPHINCS+-SHA2-128f-simple_run29,active,52.832644,5.39625,0.595046,3.211019,169.788026
SPHINCS+-SHA2-128f-simple_run29,active,52.845384,5.3925,0.595225,3.209752,169.828918
SPHINCS+-SHA2-128f-simple_run29,active,52.858126,5.39875,0.595225,3.213472,169.869863
SPHINCS+-SHA2-128f-simple_run29,active,52.870869,5.39375,0.595404,3.21146,169.910786
SPHINCS+-SHA2-128f-simple_run29,active,52.883617,5.3975,0.595762,3.215623,169.951779
SPHINCS+-SHA2-128f-simple_run29,active,52.896366,5.3975,0.595225,3.212728,169.992738
SPHINCS+-SHA2-128f-simple_run29,active,52.909108,5.39625,0.592543,3.197511,170.033481
SPHINCS+-SHA2-128f-simple_run29,active,52.921848,5.39625,0.596834,3.220668,170.074513
SPHINCS+-SHA2-128f-simple_run29,active,52.934589,5.39875,0.595404,3.214437,170.115469
SPHINCS+-SHA2-128f-simple_run29,active,52.94733,5.39625,0.596119,3.216808,170.156453
SPHINCS+-SHA2-128f-simple_run29,active,52.960074,5.39625,0.592186,3.195582,170.197179
SPHINCS+-SHA2-128f-simple_run29,active,52.972816,5.39625,0.59594,3.215843,170.238154
SPHINCS+-SHA2-128f-simple_run29,active,52.985562,5.3975,0.59755,3.225274,170.279265
SPHINCS+-SHA2-128f-simple_run29,active,52.998308,5.3975,0.59594,3.216588,170.320261
SPHINCS+-SHA2-128f-simple_run29,active,53.01105,5.39625,0.591113,3.189792,170.360907
SPHINCS+-SHA2-128f-simple_run29,active,53.023789,5.39625,0.595762,3.214879,170.401862
SPHINCS+-SHA2-128f-simple_run29,active,53.036534,5.39625,0.595404,3.212949,170.442808
SPHINCS+-SHA2-128f-simple_run29,active,53.049274,5.39625,0.590219,3.184968,170.483385
SPHINCS+-SHA2-128f-simple_run29,active,53.062016,5.3975,0.595225,3.212728,170.524321
SPHINCS+-SHA2-128f-simple_run29,active,53.074756,5.3975,0.594689,3.209833,170.565218
SPHINCS+-SHA2-128f-simple_run29,active,53.087504,5.39625,0.597907,3.226457,170.606346
SPHINCS+-SHA2-128f-simple_run29,active,53.10025,5.39375,0.593974,3.203745,170.647182
SPHINCS+-SHA2-128f-simple_run29,active,53.112992,5.395,0.594868,3.209311,170.688076
SPHINCS+-SHA2-128f-simple_run29,active,53.125761,5.395,0.596834,3.219922,170.729189
SPHINCS+-SHA2-128f-simple_run29,active,53.138505,5.39875,0.596119,3.218299,170.770203
SPHINCS+-SHA2-128f-simple_run29,active,53.151246,5.3975,0.595046,3.211763,170.811126
SPHINCS+-SHA2-128f-simple_run29,active,53.16399,5.39625,0.59451,3.208125,170.852008
SPHINCS+-SHA2-128f-simple_run29,active,53.176732,5.39625,0.595404,3.212949,170.892949
SPHINCS+-SHA2-128f-simple_run29,active,53.189479,5.395,0.594331,3.206417,170.933822
SPHINCS+-SHA2-128f-simple_run29,active,53.202225,5.3825,0.595583,3.205724,170.97468
SPHINCS+-SHA2-128f-simple_run29,active,53.214967,5.39625,0.597192,3.222597,171.015744
SPHINCS+-SHA2-128f-simple_run29,active,53.227709,5.3975,0.595583,3.214658,171.056704
SPHINCS+-SHA2-128f-simple_run29,active,53.240453,5.39875,0.595404,3.214437,171.097669
SPHINCS+-SHA2-128f-simple_run29,active,53.253193,5.39875,0.596477,3.220229,171.138696
SPHINCS+-SHA2-128f-simple_run29,active,53.265933,5.39625,0.596119,3.216808,171.179678
SPHINCS+-SHA2-128f-simple_run29,active,53.278674,5.39625,0.595225,3.211984,171.2206
SPHINCS+-SHA2-128f-simple_run29,active,53.29142,5.39875,0.595046,3.212507,171.261547
SPHINCS+-SHA2-128f-simple_run29,active,53.304166,5.395,0.594689,3.208346,171.302443
SPHINCS+-SHA2-128f-simple_run29,active,53.316909,5.39875,0.595404,3.214437,171.343402
SPHINCS+-SHA2-128f-simple_run29,active,53.329648,5.39125,0.59594,3.212864,171.384333
SPHINCS+-SHA2-128f-simple_run29,active,53.342388,5.39875,0.595404,3.214437,171.425284
SPHINCS+-SHA2-128f-simple_run29,active,53.355129,5.39625,0.595404,3.212949,171.466219
SPHINCS+-SHA2-128f-simple_run29,active,53.367869,5.39875,0.595583,3.215403,171.507185
SPHINCS+-SHA2-128f-simple_run29,active,53.380614,5.39625,0.596119,3.216808,171.548181
SPHINCS+-SHA2-128f-simple_run29,active,53.393359,5.39875,0.595225,3.213472,171.589139
SPHINCS+-SHA2-128f-simple_run29,active,53.406104,5.395,0.595225,3.21124,171.630066
SPHINCS+-SHA2-128f-simple_run29,active,53.418846,5.4,0.596119,3.219044,171.671081
SPHINCS+-SHA2-128f-simple_run29,active,53.431587,5.3975,0.596477,3.219484,171.712103
SPHINCS+-SHA2-128f-simple_run29,active,53.444331,5.3975,0.595583,3.214658,171.753068
SPHINCS+-SHA2-128f-simple_run29,active,53.457073,5.3975,0.595404,3.213693,171.794017
SPHINCS+-SHA2-128f-simple_run29,active,53.469811,5.3925,0.593258,3.199146,171.83477
SPHINCS+-SHA2-128f-simple_run29,active,53.482553,5.395,0.59594,3.215098,171.875735
SPHINCS+-SHA2-128f-simple_run29,active,53.495298,5.39625,0.597013,3.221632,171.916794
SPHINCS+-SHA2-128f-simple_run29,active,53.508043,5.39375,0.59594,3.214354,171.957763
SPHINCS+-SHA2-128f-simple_run29,active,53.520789,5.39375,0.597907,3.224962,171.998869
SPHINCS+-SHA2-128f-simple_run29,active,53.533529,5.395,0.593437,3.201594,172.039655
SPHINCS+-SHA2-128f-simple_run29,active,53.546275,5.395,0.594868,3.209311,172.080563
SPHINCS+-SHA2-128f-simple_run29,active,53.559018,5.39875,0.586643,3.167138,172.120922
SPHINCS+-SHA2-128f-simple_run29,active,53.571759,5.3975,0.596119,3.217553,172.161915
SPHINCS+-SHA2-128f-simple_run29,active,53.584503,5.3975,0.59594,3.216588,172.202908
SPHINCS+-SHA2-128f-simple_run29,active,53.59725,5.3975,0.595046,3.211763,172.243849
SPHINCS+-SHA2-128f-simple_run29,active,53.609996,5.39625,0.592364,3.196546,172.284591
SPHINCS+-SHA2-128f-simple_run29,active,53.622735,5.3975,0.59594,3.216588,172.325568
SPHINCS+-SHA2-128f-simple_run29,active,53.638411,5.395,0.595762,3.214134,172.375951
SPHINCS+-SHA2-128f-simple_run29,active,53.651175,5.3975,0.596119,3.217553,172.417021
SPHINCS+-SHA2-128f-simple_run29,active,53.663923,5.39875,0.595583,3.215403,172.458012
SPHINCS+-SHA2-128f-simple_run29,active,53.676666,5.3975,0.594331,3.207903,172.49889
SPHINCS+-SHA2-128f-simple_run29,active,53.689406,5.4,0.59451,3.210354,172.539789
SPHINCS+-SHA2-128f-simple_run29,active,53.702155,5.395,0.596834,3.219922,172.580839
SPHINCS+-SHA2-128f-simple_run29,active,53.7149,5.39625,0.59594,3.215843,172.621825
SPHINCS+-SHA2-128f-simple_run29,active,53.727639,5.395,0.596834,3.219922,172.662846
SPHINCS+-SHA2-128f-simple_run29,active,53.740387,5.40125,0.598265,3.231378,172.704039
SPHINCS+-SHA2-128f-simple_run29,active,53.753181,5.39625,0.593974,3.20523,172.745047
SPHINCS+-SHA2-128f-simple_run29,active,53.765926,5.39625,0.597728,3.225492,172.786155
SPHINCS+-SHA2-128f-simple_run29,active,53.77867,5.4,0.605774,3.271182,172.827844
SPHINCS+-SHA2-128f-simple_run29,active,53.791411,5.39625,0.59594,3.215843,172.868817
SPHINCS+-SHA2-128f-simple_run29,active,53.804161,5.3975,0.595762,3.215623,172.909817
SPHINCS+-SHA2-128f-simple_run29,active,53.816908,5.38875,0.59594,3.211374,172.95075
SPHINCS+-SHA2-128f-simple_run29,active,53.829647,5.39875,0.593258,3.202854,172.991551
SPHINCS+-SHA2-128f-simple_run29,active,53.842387,5.39875,0.595404,3.214437,173.032505
SPHINCS+-SHA2-128f-simple_run29,active,53.85513,5.3975,0.595762,3.215623,173.073481
SPHINCS+-SHA2-128f-simple_run29,active,53.867875,5.3975,0.598801,3.232029,173.114673
SPHINCS+-SHA2-128f-simple_run29,active,53.880616,5.39625,0.59594,3.215843,173.155645
SPHINCS+-SHA2-128f-simple_run29,active,53.893359,5.39625,0.595762,3.214879,173.196614
SPHINCS+-SHA2-128f-simple_run29,active,53.906107,5.395,0.596477,3.217992,173.237635
SPHINCS+-SHA2-128f-simple_run29,active,53.918855,5.3975,0.595225,3.212728,173.278592
SPHINCS+-SHA2-128f-simple_run29,active,53.931597,5.3975,0.595225,3.212728,173.319529
SPHINCS+-SHA2-128f-simple_run29,active,53.944342,5.3975,0.595225,3.212728,173.360473
SPHINCS+-SHA2-128f-simple_run29,active,53.957085,5.395,0.596656,3.218957,173.401493
SPHINCS+-SHA2-128f-simple_run29,active,53.969826,5.39625,0.593258,3.201371,173.442283
SPHINCS+-SHA2-128f-simple_run29,active,53.982568,5.39625,0.596119,3.216808,173.483271
SPHINCS+-SHA2-128f-simple_run29,active,53.99531,5.39875,0.596298,3.219264,173.52429
SPHINCS+-SHA2-128f-simple_run29,active,54.008061,5.3975,0.596477,3.219484,173.565342
SPHINCS+-SHA2-128f-simple_run29,active,54.020806,5.395,0.59594,3.215098,173.606318
SPHINCS+-SHA2-128f-simple_run29,active,54.033547,5.395,0.596119,3.216063,173.647295
SPHINCS+-SHA2-128f-simple_run29,active,54.04629,5.3975,0.595583,3.214658,173.688257
SPHINCS+-SHA2-128f-simple_run29,active,54.059031,5.4025,0.596477,3.222466,173.729317
SPHINCS+-SHA2-128f-simple_run29,active,54.071773,5.39625,0.596298,3.217773,173.770317
SPHINCS+-SHA2-128f-simple_run29,active,54.084517,5.38,0.595225,3.202312,173.811128
SPHINCS+-SHA2-128f-simple_run29,active,54.097257,5.39875,0.595583,3.215403,173.852092
SPHINCS+-SHA2-128f-simple_run29,active,54.110004,5.4025,0.59594,3.219568,173.893132
SPHINCS+-SHA2-128f-simple_run29,active,54.12275,5.38375,0.594689,3.201656,173.933941
SPHINCS+-SHA2-128f-simple_run29,active,54.135492,5.3825,0.595583,3.205724,173.974786
SPHINCS+-SHA2-128f-simple_run29,active,54.148235,5.3825,0.596119,3.208612,174.015674
SPHINCS+-SHA2-128f-simple_run29,active,54.160979,5.3825,0.596119,3.208612,174.056566
SPHINCS+-SHA2-128f-simple_run29,active,54.173721,5.3825,0.596477,3.210536,174.097472
SPHINCS+-SHA2-128f-simple_run29,active,54.186504,5.3825,0.596834,3.212461,174.138539
SPHINCS+-SHA2-128f-simple_run29,active,54.199247,5.385,0.595225,3.205288,174.179383
SPHINCS+-SHA2-128f-simple_run29,active,54.211995,5.3825,0.595404,3.204762,174.220239
SPHINCS+-SHA2-128f-simple_run29,active,54.224742,5.3825,0.595404,3.204762,174.261089
SPHINCS+-SHA2-128f-simple_run29,active,54.237484,5.39875,0.595225,3.213472,174.302036
SPHINCS+-SHA2-128f-simple_run29,active,54.250226,5.39,0.596477,3.21501,174.343001
SPHINCS+-SHA2-128f-simple_run29,active,54.262968,5.39625,0.59594,3.215843,174.383976
SPHINCS+-SHA2-128f-simple_run29,active,54.275709,5.39625,0.595046,3.211019,174.424889
SPHINCS+-SHA2-128f-simple_run29,active,54.288453,5.39625,0.593795,3.204265,174.465722
SPHINCS+-SHA2-128f-simple_run29,active,54.301192,5.3975,0.595583,3.214658,174.506676
SPHINCS+-SHA2-128f-simple_run29,active,54.313942,5.3975,0.595404,3.213693,174.547649
SPHINCS+-SHA2-128f-simple_run29,active,54.326687,5.39625,0.597013,3.221632,174.588709
SPHINCS+-SHA2-128f-simple_run29,active,54.339429,5.39375,0.594331,3.205674,174.629557
SPHINCS+-SHA2-128f-simple_run29,active,54.352174,5.39625,0.595046,3.211019,174.670481
SPHINCS+-SHA2-128f-simple_run29,active,54.364918,5.39625,0.595225,3.211984,174.711414
SPHINCS+-SHA2-128f-simple_run29,active,54.377658,5.39625,0.598801,3.231281,174.752582
SPHINCS+-SHA2-128f-simple_run29,active,54.390398,5.39625,0.598086,3.227422,174.793696
SPHINCS+-SHA2-128f-simple_run29,active,54.403139,5.3975,0.595583,3.214658,174.834657
SPHINCS+-SHA2-128f-simple_run29,active,54.41589,5.39625,0.596119,3.216808,174.875674
SPHINCS+-SHA2-128f-simple_run29,active,54.428637,5.38625,0.597728,3.219515,174.916712
SPHINCS+-SHA2-128f-simple_run29,active,54.441377,5.3975,0.59594,3.216588,174.957693
SPHINCS+-SHA2-128f-simple_run29,active,54.45412,5.39625,0.595583,3.213914,174.998648
SPHINCS+-SHA2-128f-simple_run29,active,54.466863,5.3975,0.596119,3.217553,175.039647
SPHINCS+-SHA2-128f-simple_run29,active,54.479602,5.39625,0.596119,3.216808,175.080628
SPHINCS+-SHA2-128f-simple_run29,active,54.492346,5.39625,0.595404,3.212949,175.121572
SPHINCS+-SHA2-128f-simple_run29,active,54.505087,5.39625,0.595762,3.214879,175.162535
SPHINCS+-SHA2-128f-simple_run29,active,54.517835,5.39625,0.595225,3.211984,175.20348
SPHINCS+-SHA2-128f-simple_run29,active,54.53058,5.38625,0.595583,3.207958,175.244366
SPHINCS+-SHA2-128f-simple_run29,active,54.543323,5.395,0.595583,3.213169,175.285311
SPHINCS+-SHA2-128f-simple_run29,active,54.55607,5.395,0.596834,3.219922,175.326357
SPHINCS+-SHA2-128f-simple_run29,active,54.568809,5.395,0.593437,3.201594,175.367142
SPHINCS+-SHA2-128f-simple_run29,active,54.581549,5.3975,0.595404,3.213693,175.408084
SPHINCS+-SHA2-128f-simple_run29,active,54.594291,5.3975,0.595225,3.212728,175.449018
SPHINCS+-SHA2-128f-simple_run29,active,54.607032,5.39875,0.595583,3.215403,175.489987
SPHINCS+-SHA2-128f-simple_run29,active,54.619781,5.39625,0.59594,3.215843,175.530985
SPHINCS+-SHA2-128f-simple_run29,active,54.632529,5.385,0.595583,3.207213,175.57187
SPHINCS+-SHA2-128f-simple_run29,active,54.645269,5.39625,0.595046,3.211019,175.61278
SPHINCS+-SHA2-128f-simple_run29,active,54.658011,5.38875,0.594868,3.205593,175.653624
SPHINCS+-SHA2-128f-simple_run29,active,54.670751,5.39875,0.595404,3.214437,175.694577
SPHINCS+-SHA2-128f-simple_run29,active,54.683492,5.39625,0.595404,3.212949,175.735513
SPHINCS+-SHA2-128f-simple_run29,active,54.696235,5.39625,0.59451,3.208125,175.776393
SPHINCS+-SHA2-128f-simple_run29,active,54.708976,5.39875,0.59594,3.217333,175.817386
SPHINCS+-SHA2-128f-simple_run29,active,54.721723,5.39875,0.595225,3.213472,175.858348
SPHINCS+-SHA2-128f-simple_run29,active,54.734507,5.3825,0.595046,3.202837,175.899295
SPHINCS+-SHA2-128f-simple_run29,active,54.74726,5.395,0.596298,3.217028,175.940321
SPHINCS+-SHA2-128f-simple_run29,active,54.760008,5.405,0.595046,3.216226,175.98132
SPHINCS+-SHA2-128f-simple_run29,active,54.77275,5.39875,0.595225,3.213472,176.022268
SPHINCS+-SHA2-128f-simple_run29,active,54.78549,5.3975,0.598801,3.232029,176.063442
SPHINCS+-SHA2-128f-simple_run29,active,54.798234,5.395,0.598622,3.229568,176.104601
SPHINCS+-SHA2-128f-simple_run29,active,54.811007,5.39625,0.596834,3.220668,176.145737
SPHINCS+-SHA2-128f-simple_run29,active,54.823767,5.395,0.596119,3.216063,176.186774
SPHINCS+-SHA2-128f-simple_run29,active,54.836515,5.38375,0.59594,3.208394,176.227675
SPHINCS+-SHA2-128f-simple_run29,active,54.849259,5.40125,0.591113,3.192748,176.268364
SPHINCS+-SHA2-128f-simple_run29,active,54.862002,5.39375,0.595762,3.213389,176.309312
SPHINCS+-SHA2-128f-simple_run29,active,54.874744,5.395,0.595225,3.21124,176.350232
SPHINCS+-SHA2-128f-simple_run29,active,54.887487,5.39625,0.596119,3.216808,176.391221
SPHINCS+-SHA2-128f-simple_run29,active,54.900229,5.39625,0.594331,3.20716,176.432089
SPHINCS+-SHA2-128f-simple_run29,active,54.915924,5.39625,0.595762,3.214879,176.482544
SPHINCS+-SHA2-128f-simple_run29,active,54.928698,5.39375,0.594152,3.20471,176.523483
SPHINCS+-SHA2-128f-simple_run29,active,54.941447,5.39625,0.595225,3.211984,176.564432
SPHINCS+-SHA2-128f-simple_run29,active,54.954188,5.39625,0.595225,3.211984,176.605357
SPHINCS+-SHA2-128f-simple_run29,active,54.966929,5.3975,0.596477,3.219484,176.646373
SPHINCS+-SHA2-128f-simple_run29,active,54.97967,5.395,0.595225,3.21124,176.68729
SPHINCS+-SHA2-128f-simple_run29,active,54.992412,5.395,0.596298,3.217028,176.728281
SPHINCS+-SHA2-128f-simple_run29,active,55.005177,5.395,0.599159,3.232462,176.769543
SPHINCS+-SHA2-128f-simple_run29,active,55.017917,5.40125,0.59594,3.218823,176.810549
SPHINCS+-SHA2-128f-simple_run29,active,55.030667,5.395,0.595404,3.212205,176.851505
SPHINCS+-SHA2-128f-simple_run29,active,55.043412,5.3925,0.595583,3.21168,176.892438
SPHINCS+-SHA2-128f-simple_run29,active,55.056155,5.39875,0.595404,3.214437,176.9334
SPHINCS+-SHA2-128f-simple_run29,active,55.068896,5.39875,0.595225,3.213472,176.974344
SPHINCS+-SHA2-128f-simple_run29,active,55.081635,5.39625,0.59594,3.215843,177.01531
SPHINCS+-SHA2-128f-simple_run29,active,55.094376,5.39875,0.595583,3.215403,177.056276
SPHINCS+-SHA2-128f-simple_run29,active,55.107115,5.395,0.602377,3.249825,177.097676
SPHINCS+-SHA2-128f-simple_run29,active,55.119882,5.39625,0.59594,3.215843,177.138734
SPHINCS+-SHA2-128f-simple_run29,active,55.132633,5.39625,0.59594,3.215843,177.17974
SPHINCS+-SHA2-128f-simple_run29,active,55.145378,5.38375,0.59594,3.208394,177.220629
SPHINCS+-SHA2-128f-simple_run29,active,55.15812,5.395,0.590934,3.188089,177.261252
SPHINCS+-SHA2-128f-simple_run29,active,55.170859,5.3975,0.593795,3.205007,177.302081
SPHINCS+-SHA2-128f-simple_run29,active,55.183599,5.3975,0.59594,3.216588,177.343061
SPHINCS+-SHA2-128f-simple_run29,active,55.196342,5.395,0.59594,3.215098,177.384032
SPHINCS+-SHA2-128f-simple_run29,active,55.209083,5.39625,0.599516,3.23514,177.425249
SPHINCS+-SHA2-128f-simple_run29,active,55.221821,5.3975,0.596119,3.217553,177.466236
SPHINCS+-SHA2-128f-simple_run29,active,55.234568,5.39625,0.595762,3.214879,177.507214
SPHINCS+-SHA2-128f-simple_run29,active,55.247313,5.385,0.593795,3.197585,177.547967
SPHINCS+-SHA2-128f-simple_run29,active,55.260059,5.39625,0.596119,3.216808,177.588971
SPHINCS+-SHA2-128f-simple_run29,active,55.272804,5.39625,0.595046,3.211019,177.629893
SPHINCS+-SHA2-128f-simple_run29,active,55.285541,5.39625,0.595225,3.211984,177.670805
SPHINCS+-SHA2-128f-simple_run29,active,55.298285,5.39625,0.594868,3.210054,177.711713
SPHINCS+-SHA2-128f-simple_run29,active,55.311025,5.39625,0.60041,3.239965,177.752992
SPHINCS+-SHA2-128f-simple_run29,active,55.323766,5.3975,0.594331,3.207903,177.793861
SPHINCS+-SHA2-128f-simple_run29,active,55.336515,5.39625,0.598622,3.230316,177.835046
SPHINCS+-SHA2-128f-simple_run29,active,55.349258,5.385,0.592901,3.192771,177.875732
SPHINCS+-SHA2-128f-simple_run29,active,55.361999,5.39625,0.595762,3.214879,177.916692
SPHINCS+-SHA2-128f-simple_run29,active,55.374739,5.3975,0.595404,3.213693,177.957635
SPHINCS+-SHA2-128f-simple_run29,active,55.38748,5.3975,0.593974,3.205973,177.998483
SPHINCS+-SHA2-128f-simple_run29,active,55.400222,5.39625,0.595583,3.213914,178.039434
SPHINCS+-SHA2-128f-simple_run29,active,55.412963,5.3975,0.598086,3.228169,178.080563
SPHINCS+-SHA2-128f-simple_run29,active,55.425701,5.39625,0.597371,3.223562,178.121626
SPHINCS+-SHA2-128f-simple_run29,active,55.438483,5.39875,0.595225,3.213472,178.162701
SPHINCS+-SHA2-128f-simple_run29,active,55.451228,5.3825,0.595046,3.202837,178.20352
SPHINCS+-SHA2-128f-simple_run29,active,55.463971,5.395,0.595225,3.21124,178.244442
SPHINCS+-SHA2-128f-simple_run29,active,55.476712,5.39875,0.595762,3.216368,178.285421
SPHINCS+-SHA2-128f-simple_run29,active,55.48945,5.39625,0.595762,3.214879,178.326373
SPHINCS+-SHA2-128f-simple_run29,active,55.50219,5.3975,0.59594,3.216588,178.367352
SPHINCS+-SHA2-128f-simple_run29,active,55.514929,5.39875,0.59755,3.226021,178.408448
SPHINCS+-SHA2-128f-simple_run29,active,55.527668,5.39625,0.596656,3.219703,178.449464
SPHINCS+-SHA2-128f-simple_run29,active,55.540417,5.3975,0.594331,3.207903,178.49036
SPHINCS+-SHA2-128f-simple_run29,active,55.553188,5.39625,0.597013,3.221632,178.531504
SPHINCS+-SHA2-128f-simple_run29,active,55.565928,5.39625,0.597728,3.225492,178.572598
SPHINCS+-SHA2-128f-simple_run29,active,55.578671,5.385,0.595225,3.205288,178.613441
SPHINCS+-SHA2-128f-simple_run29,active,55.59142,5.395,0.595583,3.213169,178.654408
SPHINCS+-SHA2-128f-simple_run29,active,55.604168,5.39875,0.59594,3.217333,178.695423
SPHINCS+-SHA2-128f-simple_run29,active,55.616908,5.39375,0.595404,3.21146,178.736335
SPHINCS+-SHA2-128f-simple_run29,active,55.629648,5.3975,0.596119,3.217553,178.777327
SPHINCS+-SHA2-128f-simple_run29,active,55.642395,5.3975,0.596477,3.219484,178.818366
SPHINCS+-SHA2-128f-simple_run29,active,55.655142,5.3975,0.596298,3.218518,178.859391
SPHINCS+-SHA2-128f-simple_run29,active,55.667883,5.38625,0.598444,3.223367,178.900463
SPHINCS+-SHA2-128f-simple_run29,active,55.680624,5.39625,0.595762,3.214879,178.941422
SPHINCS+-SHA2-128f-simple_run29,active,55.693363,5.3975,0.594689,3.209833,178.982314
SPHINCS+-SHA2-128f-simple_run29,active,55.706105,5.39625,0.595225,3.211984,179.023238
SPHINCS+-SHA2-128f-simple_run29,active,55.718844,5.395,0.597728,3.224745,179.064318
SPHINCS+-SHA2-128f-simple_run29,active,55.731582,5.39875,0.595404,3.214437,179.105266
SPHINCS+-SHA2-128f-simple_run29,active,55.744351,5.3975,0.595225,3.212728,179.146287
SPHINCS+-SHA2-128f-simple_run29,active,55.757098,5.395,0.588788,3.176513,179.186778
SPHINCS+-SHA2-128f-simple_run29,active,55.769836,5.3975,0.594152,3.206938,179.22763
SPHINCS+-SHA2-128f-simple_run29,active,55.782577,5.39625,0.595583,3.213914,179.268579
SPHINCS+-SHA2-128f-simple_run29,active,55.795318,5.3975,0.595583,3.214658,179.309537
SPHINCS+-SHA2-128f-simple_run29,active,55.808061,5.39625,0.597371,3.223562,179.350613
SPHINCS+-SHA2-128f-simple_run29,active,55.820801,5.3975,0.601304,3.24554,179.391962
SPHINCS+-SHA2-128f-simple_run29,active,55.833537,5.39875,0.594689,3.210576,179.432851
SPHINCS+-SHA2-128f-simple_run29,active,55.846284,5.3975,0.592007,3.195357,179.473582
SPHINCS+-SHA2-128f-simple_run29,active,55.859027,5.39625,0.595583,3.213914,179.514539
SPHINCS+-SHA2-128f-simple_run29,active,55.871767,5.39625,0.596298,3.217773,179.555532
SPHINCS+-SHA2-128f-simple_run29,active,55.88451,5.3975,0.59594,3.216588,179.596521
SPHINCS+-SHA2-128f-simple_run29,active,55.897249,5.3975,0.596834,3.221414,179.63756
SPHINCS+-SHA2-128f-simple_run29,active,55.90999,5.3975,0.595046,3.211763,179.678479
SPHINCS+-SHA2-128f-simple_run29,active,55.92273,5.3975,0.600589,3.24168,179.719778
SPHINCS+-SHA2-128f-simple_run29,active,55.935471,5.39625,0.593437,3.202335,179.760578
SPHINCS+-SHA2-128f-simple_run29,active,55.948231,5.3975,0.593437,3.203077,179.80145
SPHINCS+-SHA2-128f-simple_run29,active,55.960979,5.39375,0.595583,3.212425,179.842404
SPHINCS+-SHA2-128f-simple_run29,active,55.973721,5.395,0.595225,3.21124,179.883322
SPHINCS+-SHA2-128f-simple_run29,active,55.986501,5.39625,0.59898,3.232246,179.924627
SPHINCS+-SHA2-128f-simple_run29,active,55.999242,5.39625,0.596119,3.216808,179.965614
SPHINCS+-SHA2-128f-simple_run29,active,56.011985,5.39875,0.596119,3.218299,180.006626
SPHINCS+-SHA2-128f-simple_run29,active,56.024726,5.3975,0.595583,3.214658,180.047584
SPHINCS+-SHA2-128f-simple_run29,active,56.037467,5.395,0.59594,3.215098,180.088547
SPHINCS+-SHA2-128f-simple_run29,active,56.050215,5.395,0.59594,3.215098,180.129533
SPHINCS+-SHA2-128f-simple_run29,active,56.06296,5.3975,0.595583,3.214658,180.170504
SPHINCS+-SHA2-128f-simple_run29,active,56.075703,5.39375,0.596656,3.218211,180.211512
SPHINCS+-SHA2-128f-simple_run29,active,56.088459,5.39125,0.59594,3.212864,180.252496
SPHINCS+-SHA2-128f-simple_run29,active,56.101234,5.39,0.595583,3.210191,180.293508
SPHINCS+-SHA2-128f-simple_run29,active,56.113989,5.3975,0.597013,3.222379,180.334609
SPHINCS+-SHA2-128f-simple_run29,active,56.126734,5.395,0.598801,3.230532,180.375782
SPHINCS+-SHA2-128f-simple_run29,active,56.139477,5.3975,0.594689,3.209833,180.416683
SPHINCS+-SHA2-128f-simple_run29,active,56.152232,5.395,0.594331,3.206417,180.45758
SPHINCS+-SHA2-128f-simple_run29,active,56.164979,5.39625,0.595762,3.214879,180.498562
SPHINCS+-SHA2-128f-simple_run29,active,56.17772,5.4,0.595583,3.216147,180.53954
SPHINCS+-SHA2-128f-simple_run29,active,56.193411,5.39625,0.595583,3.213914,180.589969
SPHINCS+-SHA2-128f-simple_run29,active,56.206174,5.3975,0.595046,3.211763,180.630961
SPHINCS+-SHA2-128f-simple_run29,active,56.218921,5.3975,0.595046,3.211763,180.671901
SPHINCS+-SHA2-128f-simple_run29,active,56.231665,5.3975,0.59594,3.216588,180.712892
SPHINCS+-SHA2-128f-simple_run29,active,56.244409,5.39625,0.595225,3.211984,180.753825
SPHINCS+-SHA2-128f-simple_run29,active,56.257188,5.39625,0.601304,3.244789,180.79529
SPHINCS+-SHA2-128f-simple_run29,active,56.269936,5.39625,0.595583,3.213914,180.836261
SPHINCS+-SHA2-128f-simple_run29,active,56.282676,5.3975,0.596119,3.217553,180.877253
SPHINCS+-SHA2-128f-simple_run29,active,56.295415,5.3975,0.595225,3.212728,180.918182
SPHINCS+-SHA2-128f-simple_run29,active,56.308161,5.39375,0.59594,3.214354,180.959151
SPHINCS+-SHA2-128f-simple_run29,active,56.320901,5.39625,0.596656,3.219703,181.000171
SPHINCS+-SHA2-128f-simple_run29,active,56.333641,5.39625,0.59594,3.215843,181.04114
SPHINCS+-SHA2-128f-simple_run29,active,56.346383,5.405,0.597371,3.228789,181.08228
SPHINCS+-SHA2-128f-simple_run29,active,56.359129,5.4,0.595583,3.216147,181.123272
SPHINCS+-SHA2-128f-simple_run29,active,56.371875,5.39625,0.595404,3.212949,181.164227
SPHINCS+-SHA2-128f-simple_run29,active,56.384618,5.39625,0.595583,3.213914,181.205182
SPHINCS+-SHA2-128f-simple_run29,active,56.397358,5.39625,0.595225,3.211984,181.246102
SPHINCS+-SHA2-128f-simple_run29,active,56.410101,5.39625,0.595583,3.213914,181.287055
SPHINCS+-SHA2-128f-simple_run29,active,56.422842,5.395,0.595225,3.21124,181.32797
SPHINCS+-SHA2-128f-simple_run29,active,56.435581,5.39625,0.596119,3.216808,181.36895
SPHINCS+-SHA2-128f-simple_run29,active,56.448322,5.39625,0.595583,3.213914,181.4099
SPHINCS+-SHA2-128f-simple_run29,active,56.46108,5.39875,0.594689,3.210576,181.450858
SPHINCS+-SHA2-128f-simple_run29,active,56.473824,5.39625,0.595583,3.213914,181.491817
SPHINCS+-SHA2-128f-simple_run29,active,56.486568,5.3925,0.595583,3.21168,181.532746
SPHINCS+-SHA2-128f-simple_run29,active,56.499311,5.4,0.594331,3.209388,181.573644
SPHINCS+-SHA2-128f-simple_run29,active,56.512054,5.39625,0.595225,3.211984,181.614575
SPHINCS+-SHA2-128f-simple_run29,active,56.524796,5.3975,0.595404,3.213693,181.655524
SPHINCS+-SHA2-128f-simple_run29,active,56.537536,5.395,0.595762,3.214134,181.696471
SPHINCS+-SHA2-128f-simple_run29,active,56.550277,5.39625,0.596477,3.218738,181.737482
SPHINCS+-SHA2-128f-simple_run29,active,56.563024,5.3975,0.595046,3.211763,181.77842
SPHINCS+-SHA2-128f-simple_run29,active,56.575769,5.3975,0.596477,3.219484,181.819454
SPHINCS+-SHA2-128f-simple_run29,active,56.588513,5.39625,0.59594,3.215843,181.860436
SPHINCS+-SHA2-128f-simple_run29,active,56.601252,5.39625,0.595404,3.212949,181.901367
SPHINCS+-SHA2-128f-simple_run29,active,56.613996,5.39625,0.595046,3.211019,181.942287
SPHINCS+-SHA2-128f-simple_run29,active,56.626737,5.39375,0.593974,3.203745,181.983107
SPHINCS+-SHA2-128f-simple_run29,active,56.639478,5.3975,0.595225,3.212728,182.024041
SPHINCS+-SHA2-128f-simple_run29,active,56.652222,5.3975,0.595225,3.212728,182.064982
SPHINCS+-SHA2-128f-simple_run29,active,56.664969,5.39625,0.595046,3.211019,182.105915
SPHINCS+-SHA2-128f-simple_run29,active,56.677712,5.395,0.598086,3.226674,182.147032
SPHINCS+-SHA2-128f-simple_run29,active,56.690491,5.3975,0.594152,3.206938,182.188014
SPHINCS+-SHA2-128f-simple_run29,active,56.703245,5.3975,0.593974,3.205973,182.228901
SPHINCS+-SHA2-128f-simple_run29,active,56.715992,5.39625,0.592901,3.199441,182.269685
SPHINCS+-SHA2-128f-simple_run29,active,56.728733,5.39625,0.595762,3.214879,182.310644
SPHINCS+-SHA2-128f-simple_run29,active,56.741471,5.39625,0.59898,3.232246,182.351818
SPHINCS+-SHA2-128f-simple_run29,active,56.754228,5.39625,0.595225,3.211984,182.392794
SPHINCS+-SHA2-128f-simple_run29,active,56.766978,5.39875,0.60041,3.241466,182.434122
SPHINCS+-SHA2-128f-simple_run29,active,56.779725,5.3975,0.595404,3.213693,182.475087
SPHINCS+-SHA2-128f-simple_run29,active,56.79247,5.39625,0.594331,3.20716,182.515962
SPHINCS+-SHA2-128f-simple_run29,active,56.805212,5.39875,0.598801,3.232778,182.557153
SPHINCS+-SHA2-128f-simple_run29,active,56.817954,5.39625,0.596119,3.216808,182.598143
SPHINCS+-SHA2-128f-simple_run29,active,56.830696,5.3975,0.595225,3.212728,182.639079
SPHINCS+-SHA2-128f-simple_run29,active,56.843437,5.39625,0.599159,3.233211,182.680275
SPHINCS+-SHA2-128f-simple_run29,active,56.85618,5.395,0.600768,3.241143,182.721576
SPHINCS+-SHA2-128f-simple_run29,active,56.868942,5.3975,0.595225,3.212728,182.762576
SPHINCS+-SHA2-128f-simple_run29,active,56.881687,5.3975,0.594868,3.210798,182.803497
SPHINCS+-SHA2-128f-simple_run29,active,56.894431,5.39625,0.594868,3.210054,182.844407
SPHINCS+-SHA2-128f-simple_run29,active,56.907173,5.39875,0.597907,3.227951,182.885538
SPHINCS+-SHA2-128f-simple_run29,active,56.919916,5.395,0.595225,3.21124,182.926458
SPHINCS+-SHA2-128f-simple_run29,active,56.932658,5.39125,0.595225,3.209008,182.967347
SPHINCS+-SHA2-128f-simple_run29,active,56.945399,5.39625,0.595404,3.212949,183.008283
SPHINCS+-SHA2-128f-simple_run29,active,56.95814,5.4,0.595046,3.213251,183.049225
SPHINCS+-SHA2-128f-simple_run29,active,56.970891,5.39625,0.595583,3.213914,183.090206
SPHINCS+-SHA2-128f-simple_run29,active,56.983638,5.3975,0.594689,3.209833,183.131122
SPHINCS+-SHA2-128f-simple_run29,active,56.996382,5.39875,0.59308,3.201888,183.171926
SPHINCS+-SHA2-128f-simple_run29,active,57.009128,5.395,0.595762,3.214134,183.212891
SPHINCS+-SHA2-128f-simple_run29,active,57.021871,5.3975,0.595404,3.213693,183.253846
SPHINCS+-SHA2-128f-simple_run29,active,57.034612,5.39625,0.594689,3.209089,183.294733
SPHINCS+-SHA2-128f-simple_run29,active,57.047353,5.3975,0.595404,3.213693,183.335678
SPHINCS+-SHA2-128f-simple_run29,active,57.060097,5.39625,0.59594,3.215843,183.37666
SPHINCS+-SHA2-128f-simple_run29,active,57.072845,5.39625,0.596656,3.219703,183.417704
SPHINCS+-SHA2-128f-simple_run29,active,57.085588,5.3925,0.595762,3.212644,183.458644
SPHINCS+-SHA2-128f-simple_run29,active,57.09833,5.39375,0.595583,3.212425,183.499576
SPHINCS+-SHA2-128f-simple_run29,active,57.111071,5.39625,0.597013,3.221632,183.540622
SPHINCS+-SHA2-128f-simple_run29,active,57.123845,5.39625,0.595404,3.212949,183.581666
SPHINCS+-SHA2-128f-simple_run29,active,57.136591,5.39,0.595046,3.2073,183.622545
SPHINCS+-SHA2-128f-simple_run29,active,57.149332,5.39875,0.595762,3.216368,183.663526
SPHINCS+-SHA2-128f-simple_run29,active,57.162074,5.39875,0.595583,3.215403,183.704496
SPHINCS+-SHA2-128f-simple_run29,active,57.174823,5.39625,0.59594,3.215843,183.745494
SPHINCS+-SHA2-128f-simple_run29,active,57.187568,5.395,0.594689,3.208346,183.786386
SPHINCS+-SHA2-128f-simple_run29,active,57.200314,5.39625,0.595046,3.211019,183.827312
SPHINCS+-SHA2-128f-simple_run29,active,57.213055,5.395,0.596119,3.216063,183.868287
SPHINCS+-SHA2-128f-simple_run29,active,57.225792,5.395,0.599516,3.234391,183.909485
SPHINCS+-SHA2-128f-simple_run29,active,57.238535,5.3975,0.59594,3.216588,183.950475
SPHINCS+-SHA2-128f-simple_run29,active,57.251277,5.39875,0.600053,3.239535,183.991752
SPHINCS+-SHA2-128f-simple_run29,active,57.264021,5.39625,0.595225,3.211984,184.032687
SPHINCS+-SHA2-128f-simple_run29,active,57.27677,5.39625,0.594331,3.20716,184.073575
SPHINCS+-SHA2-128f-simple_run29,active,57.289514,5.39625,0.595225,3.211984,184.114507
SPHINCS+-SHA2-128f-simple_run29,active,57.302257,5.3975,0.595583,3.214658,184.155471
SPHINCS+-SHA2-128f-simple_run29,active,57.314999,5.39625,0.592543,3.197511,184.196213
SPHINCS+-SHA2-128f-simple_run29,active,57.327739,5.3975,0.594152,3.206938,184.237071
SPHINCS+-SHA2-128f-simple_run29,active,57.340482,5.39625,0.594689,3.209089,184.277964
SPHINCS+-SHA2-128f-simple_run29,active,57.353222,5.3975,0.597371,3.224309,184.319043
SPHINCS+-SHA2-128f-simple_run29,active,57.365964,5.39625,0.59755,3.224527,184.360128
SPHINCS+-SHA2-128f-simple_run29,active,57.378715,5.39625,0.596477,3.218738,184.401169
SPHINCS+-SHA2-128f-simple_run29,active,57.391459,5.39375,0.595583,3.212425,184.44211
SPHINCS+-SHA2-128f-simple_run29,active,57.404203,5.3975,0.595762,3.215623,184.48309
SPHINCS+-SHA2-128f-simple_run29,active,57.416944,5.39875,0.583782,3.151693,184.523246
SPHINCS+-SHA2-128f-simple_run29,active,57.429684,5.39625,0.595225,3.211984,184.564166
SPHINCS+-SHA2-128f-simple_run29,active,57.442425,5.3975,0.599516,3.23589,184.605394
SPHINCS+-SHA2-128f-simple_run29,active,57.455166,5.37625,0.594331,3.195273,184.646106
SPHINCS+-SHA2-128f-simple_run29,active,57.4708,5.39625,0.595404,3.212949,184.696335
SPHINCS+-SHA2-128f-simple_run29,active,57.483567,5.3975,0.595404,3.213693,184.737366
SPHINCS+-SHA2-128f-simple_run29,active,57.496316,5.395,0.593258,3.200629,184.778172
SPHINCS+-SHA2-128f-simple_run29,active,57.509059,5.395,0.595404,3.212205,184.819105
SPHINCS+-SHA2-128f-simple_run29,active,57.5218,5.39625,0.595762,3.214879,184.860065
SPHINCS+-SHA2-128f-simple_run29,active,57.53454,5.39625,0.595583,3.213914,184.901011
SPHINCS+-SHA2-128f-simple_run29,active,57.547282,5.3975,0.602198,3.250366,184.942426
SPHINCS+-SHA2-128f-simple_run29,active,57.560024,5.39625,0.595225,3.211984,184.983353
SPHINCS+-SHA2-128f-simple_run29,active,57.572766,5.39875,0.596119,3.218299,185.02436
SPHINCS+-SHA2-128f-simple_run29,active,57.585513,5.39875,0.597013,3.223125,185.065445
SPHINCS+-SHA2-128f-simple_run29,active,57.598257,5.3975,0.594868,3.210798,185.106364
SPHINCS+-SHA2-128f-simple_run29,active,57.610997,5.3975,0.595046,3.211763,185.147284
SPHINCS+-SHA2-128f-simple_run29,active,57.623736,5.39625,0.594331,3.20716,185.188137
SPHINCS+-SHA2-128f-simple_run29,active,57.636476,5.395,0.592722,3.197735,185.228879
SPHINCS+-SHA2-128f-simple_run29,active,57.649214,5.39625,0.595762,3.214879,185.269829
SPHINCS+-SHA2-128f-simple_run29,active,57.661954,5.395,0.595046,3.210275,185.310728
SPHINCS+-SHA2-128f-simple_run29,active,57.674696,5.40125,0.595583,3.216892,185.351716
SPHINCS+-SHA2-128f-simple_run29,active,57.687445,5.395,0.595225,3.21124,185.392656
SPHINCS+-SHA2-128f-simple_run29,active,57.700192,5.39625,0.595583,3.213914,185.433625
SPHINCS+-SHA2-128f-simple_run29,active,57.712935,5.39625,0.595404,3.212949,185.474567
SPHINCS+-SHA2-128f-simple_run29,active,57.725675,5.395,0.595046,3.210275,185.515465
SPHINCS+-SHA2-128f-simple_run29,active,57.738422,5.39625,0.595225,3.211984,185.556409
SPHINCS+-SHA2-128f-simple_run29,active,57.751177,5.39625,0.595225,3.211984,185.597379
SPHINCS+-SHA2-128f-simple_run29,active,57.763922,5.3975,0.594152,3.206938,185.638252
SPHINCS+-SHA2-128f-simple_run29,active,57.776664,5.39875,0.595404,3.214437,185.67921
SPHINCS+-SHA2-128f-simple_run29,active,57.789413,5.3975,0.595046,3.211763,185.720156
SPHINCS+-SHA2-128f-simple_run29,active,57.80216,5.39625,0.595046,3.211019,185.761085
SPHINCS+-SHA2-128f-simple_run29,active,57.814901,5.39625,0.592901,3.199441,185.801851
SPHINCS+-SHA2-128f-simple_run29,active,57.827642,5.3975,0.595583,3.214658,185.842809
SPHINCS+-SHA2-128f-simple_run29,active,57.840385,5.39625,0.596834,3.220668,185.883851
SPHINCS+-SHA2-128f-simple_run29,active,57.853171,5.39625,0.595583,3.213914,185.924943
SPHINCS+-SHA2-128f-simple_run29,active,57.865915,5.3925,0.597013,3.219394,185.965972
SPHINCS+-SHA2-128f-simple_run29,active,57.878655,5.39375,0.597907,3.224962,186.007058
SPHINCS+-SHA2-128f-simple_run29,active,57.891403,5.3925,0.60041,3.237713,186.048331
SPHINCS+-SHA2-128f-simple_run29,active,57.904155,5.39625,0.59594,3.215843,186.08934
SPHINCS+-SHA2-128f-simple_run29,active,57.916894,5.39125,0.592901,3.196476,186.130059
SPHINCS+-SHA2-128f-simple_run29,active,57.929632,5.39375,0.593437,3.200852,186.170833
SPHINCS+-SHA2-128f-simple_run29,active,57.94237,5.395,0.592722,3.197735,186.211566
SPHINCS+-SHA2-128f-simple_run29,active,57.955112,5.40375,0.595762,3.219347,186.252585
SPHINCS+-SHA2-128f-simple_run29,active,57.967877,5.39625,0.596298,3.217773,186.29366
SPHINCS+-SHA2-128f-simple_run29,active,57.980623,5.3975,0.596119,3.217553,186.334671
SPHINCS+-SHA2-128f-simple_run29,active,57.993373,5.3975,0.59594,3.216588,186.375684
SPHINCS+-SHA2-128f-simple_run29,active,58.006119,5.39125,0.596834,3.217683,186.416697
SPHINCS+-SHA2-128f-simple_run29,active,58.018861,5.3975,0.595404,3.213693,186.457644
SPHINCS+-SHA2-128f-simple_run29,active,58.031602,5.39625,0.595225,3.211984,186.498568
SPHINCS+-SHA2-128f-simple_run29,active,58.044345,5.39875,0.595583,3.215403,186.539542
SPHINCS+-SHA2-128f-simple_run29,active,58.057085,5.39625,0.595225,3.211984,186.580464
SPHINCS+-SHA2-128f-simple_run29,active,58.069826,5.395,0.59594,3.215098,186.621427
SPHINCS+-SHA2-128f-simple_run29,active,58.082567,5.3975,0.59594,3.216588,186.66241
SPHINCS+-SHA2-128f-simple_run29,active,58.095315,5.4,0.59147,3.19394,186.703127
SPHINCS+-SHA2-128f-simple_run29,active,58.108064,5.395,0.596119,3.216063,186.744126
SPHINCS+-SHA2-128f-simple_run29,active,58.120803,5.39375,0.596119,3.215318,186.785087
SPHINCS+-SHA2-128f-simple_run29,active,58.133552,5.39625,0.59594,3.215843,186.826085
SPHINCS+-SHA2-128f-simple_run29,active,58.146295,5.39375,0.603092,3.25293,186.867539
SPHINCS+-SHA2-128f-simple_run29,active,58.159036,5.3975,0.595225,3.212728,186.90847
SPHINCS+-SHA2-128f-simple_run29,active,58.171777,5.3975,0.595404,3.213693,186.949418
SPHINCS+-SHA2-128f-simple_run29,active,58.184521,5.3975,0.59451,3.208868,186.99031
SPHINCS+-SHA2-128f-simple_run29,active,58.197266,5.39625,0.595046,3.211019,187.031236
SPHINCS+-SHA2-128f-simple_run29,active,58.210009,5.3975,0.595583,3.214658,187.072201
SPHINCS+-SHA2-128f-simple_run29,active,58.222748,5.39375,0.595583,3.212425,187.113121
SPHINCS+-SHA2-128f-simple_run29,active,58.23549,5.39375,0.593795,3.202781,187.153932
SPHINCS+-SHA2-128f-simple_run29,active,58.248235,5.39375,0.595583,3.212425,187.194875
SPHINCS+-SHA2-128f-simple_run29,active,58.260976,5.3975,0.595046,3.211763,187.235795
SPHINCS+-SHA2-128f-simple_run29,active,58.273717,5.39625,0.594152,3.206195,187.276645
SPHINCS+-SHA2-128f-simple_run29,active,58.286493,5.3975,0.595404,3.213693,187.317703
SPHINCS+-SHA2-128f-simple_run29,active,58.299243,5.39625,0.596298,3.217773,187.35873
SPHINCS+-SHA2-128f-simple_run29,active,58.311989,5.39625,0.594689,3.209089,187.399634
SPHINCS+-SHA2-128f-simple_run29,active,58.324729,5.39875,0.594689,3.210576,187.440535
SPHINCS+-SHA2-128f-simple_run29,active,58.337468,5.39875,0.59594,3.217333,187.481521
SPHINCS+-SHA2-128f-simple_run29,active,58.350207,5.39875,0.596119,3.218299,187.52252
SPHINCS+-SHA2-128f-simple_run29,active,58.362947,5.39875,0.596477,3.220229,187.563547
SPHINCS+-SHA2-128f-simple_run29,active,58.375687,5.40125,0.594689,3.212063,187.604468
SPHINCS+-SHA2-128f-simple_run29,active,58.38843,5.39625,0.594868,3.210054,187.645372
SPHINCS+-SHA2-128f-simple_run29,active,58.401198,5.39625,0.596119,3.216808,187.686445
SPHINCS+-SHA2-128f-simple_run29,active,58.413943,5.39875,0.595225,3.213472,187.727402
SPHINCS+-SHA2-128f-simple_run29,active,58.426684,5.40125,0.596477,3.22172,187.768448
SPHINCS+-SHA2-128f-simple_run29,active,58.439423,5.39625,0.595583,3.213914,187.809391
SPHINCS+-SHA2-128f-simple_run29,active,58.452167,5.39625,0.595583,3.213914,187.85035
SPHINCS+-SHA2-128f-simple_run29,active,58.464908,5.39875,0.594689,3.210576,187.891255
SPHINCS+-SHA2-128f-simple_run29,active,58.477646,5.3975,0.595046,3.211763,187.932168
SPHINCS+-SHA2-128f-simple_run29,active,58.490387,5.39625,0.595225,3.211984,187.973089
SPHINCS+-SHA2-128f-simple_run29,active,58.503133,5.3975,0.595225,3.212728,188.014039
SPHINCS+-SHA2-128f-simple_run29,active,58.515879,5.39625,0.595225,3.211984,188.05498
SPHINCS+-SHA2-128f-simple_run29,active,58.528621,5.3975,0.594868,3.210798,188.095891
SPHINCS+-SHA2-128f-simple_run29,active,58.541361,5.39625,0.595225,3.211984,188.136811
SPHINCS+-SHA2-128f-simple_run29,active,58.5541,5.39125,0.595583,3.210936,188.177718
SPHINCS+-SHA2-128f-simple_run29,active,58.566841,5.395,0.597371,3.222815,188.218777
SPHINCS+-SHA2-128f-simple_run29,active,58.579581,5.3975,0.595583,3.214658,188.259732
SPHINCS+-SHA2-128f-simple_run29,active,58.592324,5.39625,0.596119,3.216808,188.300725
SPHINCS+-SHA2-128f-simple_run29,active,58.605071,5.39875,0.59451,3.209611,188.341637
SPHINCS+-SHA2-128f-simple_run29,active,58.617815,5.39875,0.594689,3.210576,188.382553
SPHINCS+-SHA2-128f-simple_run29,active,58.630556,5.39625,0.595225,3.211984,188.423479
SPHINCS+-SHA2-128f-simple_run29,active,58.643299,5.395,0.595583,3.213169,188.464423
SPHINCS+-SHA2-128f-simple_run29,active,58.656044,5.395,0.592901,3.1987,188.505189
SPHINCS+-SHA2-128f-simple_run29,active,58.668786,5.3975,0.596298,3.218518,188.5462
SPHINCS+-SHA2-128f-simple_run29,active,58.681526,5.3975,0.595583,3.214658,188.587154
SPHINCS+-SHA2-128f-simple_run29,active,58.694266,5.39625,0.593258,3.201371,188.62794
SPHINCS+-SHA2-128f-simple_run29,active,58.707013,5.3975,0.595583,3.214658,188.668917
SPHINCS+-SHA2-128f-simple_run29,active,58.719757,5.39625,0.595404,3.212949,188.709864
SPHINCS+-SHA2-128f-simple_run29,active,58.7325,5.3925,0.595583,3.21168,188.750792
SPHINCS+-SHA2-128f-simple_run29,active,58.748314,5.3975,0.595762,3.215623,188.801642
SPHINCS+-SHA2-128f-simple_run29,active,58.761082,5.3975,0.595583,3.214658,188.842686
SPHINCS+-SHA2-128f-simple_run29,active,58.773825,5.4025,0.595046,3.214738,188.883651
SPHINCS+-SHA2-128f-simple_run29,active,58.786565,5.40125,0.597728,3.228481,188.924784
SPHINCS+-SHA2-128f-simple_run29,active,58.799307,5.3975,0.595046,3.211763,188.965708
SPHINCS+-SHA2-128f-simple_run29,active,58.81206,5.395,0.596119,3.216063,189.006721
SPHINCS+-SHA2-128f-simple_run29,active,58.824806,5.40375,0.594689,3.21355,189.047682
SPHINCS+-SHA2-128f-simple_run29,active,58.837547,5.395,0.594868,3.209311,189.088571
SPHINCS+-SHA2-128f-simple_run29,active,58.850287,5.39,0.601126,3.240067,189.12985
SPHINCS+-SHA2-128f-simple_run29,active,58.863029,5.40125,0.59594,3.218823,189.170864
SPHINCS+-SHA2-128f-simple_run29,active,58.875769,5.4,0.596477,3.220975,189.211899
SPHINCS+-SHA2-128f-simple_run29,active,58.88851,5.3975,0.595762,3.215623,189.252871
SPHINCS+-SHA2-128f-simple_run29,active,58.901249,5.3975,0.595583,3.214658,189.293821
SPHINCS+-SHA2-128f-simple_run29,active,58.913996,5.39625,0.591113,3.189792,189.334481
SPHINCS+-SHA2-128f-simple_run29,active,58.926739,5.39875,0.596477,3.220229,189.375516
SPHINCS+-SHA2-128f-simple_run29,active,58.93948,5.395,0.595225,3.21124,189.416431
SPHINCS+-SHA2-128f-simple_run29,active,58.952222,5.3975,0.595046,3.211763,189.457355
SPHINCS+-SHA2-128f-simple_run29,active,58.964962,5.39375,0.595225,3.210496,189.498258
SPHINCS+-SHA2-128f-simple_run29,active,58.977702,5.39625,0.595046,3.211019,189.539166
SPHINCS+-SHA2-128f-simple_run29,active,58.990477,5.3975,0.595046,3.211763,189.580195
SPHINCS+-SHA2-128f-simple_run29,active,59.003218,5.3975,0.595404,3.213693,189.621142
SPHINCS+-SHA2-128f-simple_run29,active,59.015973,5.39625,0.595225,3.211984,189.662109
SPHINCS+-SHA2-128f-simple_run29,active,59.028718,5.3975,0.595583,3.214658,189.70308
SPHINCS+-SHA2-128f-simple_run29,active,59.041456,5.3975,0.595225,3.212728,189.744007
SPHINCS+-SHA2-128f-simple_run29,active,59.054196,5.3975,0.602377,3.251331,189.785426
SPHINCS+-SHA2-128f-simple_run29,active,59.066936,5.3975,0.595046,3.211763,189.826345
SPHINCS+-SHA2-128f-simple_run29,active,59.079677,5.39625,0.595225,3.211984,189.86727
SPHINCS+-SHA2-128f-simple_run29,active,59.092422,5.39625,0.595404,3.212949,189.908219
SPHINCS+-SHA2-128f-simple_run29,active,59.105188,5.39875,0.589325,3.181617,189.948836
SPHINCS+-SHA2-128f-simple_run29,active,59.117937,5.39625,0.594689,3.209089,189.989746
SPHINCS+-SHA2-128f-simple_run29,active,59.130681,5.3975,0.596298,3.218518,190.030763
SPHINCS+-SHA2-128f-simple_run29,active,59.14342,5.3975,0.597013,3.222379,190.071814
SPHINCS+-SHA2-128f-simple_run29,active,59.156163,5.3975,0.595583,3.214658,190.112777
SPHINCS+-SHA2-128f-simple_run29,active,59.168904,5.3975,0.595583,3.214658,190.153735
SPHINCS+-SHA2-128f-simple_run29,active,59.181642,5.39625,0.595404,3.212949,190.194664
SPHINCS+-SHA2-128f-simple_run29,active,59.194382,5.3975,0.598265,3.229134,190.235801
SPHINCS+-SHA2-128f-simple_run29,active,59.207121,5.39625,0.595583,3.213914,190.276744
SPHINCS+-SHA2-128f-simple_run29,active,59.219871,5.3975,0.595404,3.213693,190.317718
SPHINCS+-SHA2-128f-simple_run29,active,59.232618,5.39625,0.595046,3.211019,190.358649
SPHINCS+-SHA2-128f-simple_run29,active,59.245362,5.3975,0.59755,3.225274,190.399752
SPHINCS+-SHA2-128f-simple_run29,active,59.258103,5.39625,0.595225,3.211984,190.440676
SPHINCS+-SHA2-128f-simple_run29,active,59.270845,5.39875,0.595225,3.213472,190.481621
SPHINCS+-SHA2-128f-simple_run29,active,59.283585,5.395,0.595225,3.21124,190.522533
SPHINCS+-SHA2-128f-simple_run29,active,59.296327,5.3975,0.595225,3.212728,190.56347
SPHINCS+-SHA2-128f-simple_run29,active,59.309067,5.39625,0.595225,3.211984,190.604392
SPHINCS+-SHA2-128f-simple_run29,active,59.321812,5.3975,0.595583,3.214658,190.645361
SPHINCS+-SHA2-128f-simple_run29,active,59.334558,5.395,0.595225,3.21124,190.686292
SPHINCS+-SHA2-128f-simple_run29,active,59.347299,5.3975,0.597371,3.224309,190.727374
SPHINCS+-SHA2-128f-simple_run29,active,59.360041,5.39625,0.595046,3.211019,190.768289
SPHINCS+-SHA2-128f-simple_run29,active,59.372783,5.4,0.595583,3.216147,190.809267
SPHINCS+-SHA2-128f-simple_run29,active,59.385522,5.3975,0.595583,3.214658,190.85022
SPHINCS+-SHA2-128f-simple_run29,active,59.398263,5.39875,0.596834,3.22216,190.891272
SPHINCS+-SHA2-128f-simple_run29,active,59.411002,5.3975,0.59594,3.216588,190.932248
SPHINCS+-SHA2-128f-simple_run29,active,59.423749,5.395,0.596477,3.217992,190.973269
SPHINCS+-SHA2-128f-simple_run29,active,59.436495,5.39625,0.595583,3.213914,191.014233
SPHINCS+-SHA2-128f-simple_run29,active,59.449235,5.3975,0.595583,3.214658,191.055187
SPHINCS+-SHA2-128f-simple_run29,active,59.461974,5.3975,0.594689,3.209833,191.096079
SPHINCS+-SHA2-128f-simple_run29,active,59.474714,5.39,0.594689,3.205373,191.136916
SPHINCS+-SHA2-128f-simple_run29,active,59.487454,5.3975,0.595225,3.212728,191.177845
SPHINCS+-SHA2-128f-simple_run29,active,59.500195,5.39625,0.594331,3.20716,191.218707
SPHINCS+-SHA2-128f-simple_run29,active,59.512933,5.40125,0.59451,3.211097,191.259611
SPHINCS+-SHA2-128f-simple_run29,active,59.525677,5.39625,0.596298,3.217773,191.300619
SPHINCS+-SHA2-128f-simple_run29,active,59.538423,5.39625,0.59451,3.208125,191.341509
SPHINCS+-SHA2-128f-simple_run29,active,59.551164,5.39375,0.598265,3.226891,191.382622
SPHINCS+-SHA2-128f-simple_run29,active,59.563908,5.39375,0.602377,3.249072,191.424027
SPHINCS+-SHA2-128f-simple_run29,active,59.57665,5.395,0.595762,3.214134,191.464983
SPHINCS+-SHA2-128f-simple_run29,active,59.589388,5.4,0.594868,3.212285,191.5059
SPHINCS+-SHA2-128f-simple_run29,active,59.602129,5.395,0.595225,3.21124,191.546816
SPHINCS+-SHA2-128f-simple_run29,active,59.61487,5.39875,0.595225,3.213472,191.587759
SPHINCS+-SHA2-128f-simple_run29,active,59.627616,5.39875,0.595583,3.215403,191.62874
SPHINCS+-SHA2-128f-simple_run29,active,59.640363,5.39625,0.59594,3.215843,191.669733
SPHINCS+-SHA2-128f-simple_run29,active,59.653104,5.39375,0.592364,3.195065,191.710443
SPHINCS+-SHA2-128f-simple_run29,active,59.665842,5.39625,0.59755,3.224527,191.751517
SPHINCS+-SHA2-128f-simple_run29,active,59.678581,5.3975,0.595046,3.211763,191.792432
SPHINCS+-SHA2-128f-simple_run29,active,59.69132,5.3975,0.596119,3.217553,191.83342
SPHINCS+-SHA2-128f-simple_run29,active,59.704063,5.39375,0.594689,3.207603,191.874294
SPHINCS+-SHA2-128f-simple_run29,active,59.716804,5.3975,0.594689,3.209833,191.915192
SPHINCS+-SHA2-128f-simple_run29,active,59.729551,5.3975,0.594689,3.209833,191.956105
SPHINCS+-SHA2-128f-simple_run29,active,59.742328,5.395,0.596656,3.218957,191.997236
SPHINCS+-SHA2-128f-simple_run29,active,59.755083,5.39625,0.594689,3.209089,192.038167
SPHINCS+-SHA2-128f-simple_run29,active,59.767873,5.395,0.59594,3.215098,192.079287
SPHINCS+-SHA2-128f-simple_run29,active,59.780622,5.39375,0.59451,3.206638,192.120168
SPHINCS+-SHA2-128f-simple_run29,active,59.793365,5.40125,0.599695,3.239104,192.161444
SPHINCS+-SHA2-128f-simple_run29,active,59.806109,5.39,0.597907,3.22272,192.202515
SPHINCS+-SHA2-128f-simple_run29,active,59.818851,5.39875,0.595762,3.216368,192.243499
SPHINCS+-SHA2-128f-simple_run29,active,59.831602,5.3975,0.595225,3.212728,192.284465
SPHINCS+-SHA2-128f-simple_run29,active,59.844352,5.3975,0.595404,3.213693,192.325438
SPHINCS+-SHA2-128f-simple_run29,active,59.857095,5.395,0.595404,3.212205,192.366371
SPHINCS+-SHA2-128f-simple_run29,active,59.869836,5.395,0.594868,3.209311,192.407262
SPHINCS+-SHA2-128f-simple_run29,active,59.882577,5.3975,0.595225,3.212728,192.448195
SPHINCS+-SHA2-128f-simple_run29,active,59.895316,5.4,0.595583,3.216147,192.489165
SPHINCS+-SHA2-128f-simple_run29,active,59.90806,5.395,0.59594,3.215098,192.530139
SPHINCS+-SHA2-128f-simple_run29,active,59.920803,5.39875,0.596834,3.22216,192.571198
SPHINCS+-SHA2-128f-simple_run29,active,59.933552,5.39875,0.596656,3.221194,192.612266
SPHINCS+-SHA2-128f-simple_run29,active,59.946299,5.39625,0.596119,3.216808,192.65327
SPHINCS+-SHA2-128f-simple_run29,active,59.95904,5.39625,0.596119,3.216808,192.694255
SPHINCS+-SHA2-128f-simple_run29,active,59.971781,5.39625,0.596119,3.216808,192.735242
SPHINCS+-SHA2-128f-simple_run29,active,59.984525,5.40125,0.59594,3.218823,192.776261
SPHINCS+-SHA2-128f-simple_run29,active,59.997264,5.3975,0.595762,3.215623,192.817226
SPHINCS+-SHA2-128f-simple_run29,active,60.010007,5.3975,0.596119,3.217553,192.858226
SPHINCS+-SHA2-128f-simple_run29,active,60.025687,5.39625,0.597728,3.225492,192.908804
SPHINCS+-SHA2-128f-simple_run29,active,60.038497,5.3975,0.594868,3.210798,192.949933
SPHINCS+-SHA2-128f-simple_run29,active,60.051248,5.395,0.595225,3.21124,192.99088
SPHINCS+-SHA2-128f-simple_run29,active,60.063994,5.39375,0.592364,3.195065,193.031602
SPHINCS+-SHA2-128f-simple_run29,active,60.076735,5.3975,0.595583,3.214658,193.072562
SPHINCS+-SHA2-128f-simple_run29,active,60.089478,5.39875,0.594152,3.20768,193.113436
SPHINCS+-SHA2-128f-simple_run29,active,60.102218,5.39875,0.595046,3.212507,193.154365
SPHINCS+-SHA2-128f-simple_run29,active,60.114958,5.4,0.594868,3.212285,193.195288
SPHINCS+-SHA2-128f-simple_run29,active,60.127699,5.39875,0.596477,3.220229,193.236316
SPHINCS+-SHA2-128f-simple_run29,active,60.140448,5.3975,0.59594,3.216588,193.277326
SPHINCS+-SHA2-128f-simple_run29,active,60.153195,5.3975,0.595225,3.212728,193.318279
SPHINCS+-SHA2-128f-simple_run29,active,60.165937,5.39625,0.596656,3.219703,193.359302
SPHINCS+-SHA2-128f-simple_run29,active,60.178677,5.3975,0.59594,3.216588,193.400285
SPHINCS+-SHA2-128f-simple_run29,active,60.191419,5.3975,0.595225,3.212728,193.441219
SPHINCS+-SHA2-128f-simple_run29,active,60.204162,5.39875,0.595762,3.216368,193.482206
SPHINCS+-SHA2-128f-simple_run29,active,60.216904,5.39625,0.596477,3.218738,193.523219
SPHINCS+-SHA2-128f-simple_run29,active,60.229644,5.3975,0.595762,3.215623,193.564186
SPHINCS+-SHA2-128f-simple_run29,active,60.242391,5.4025,0.59594,3.219568,193.605228
SPHINCS+-SHA2-128f-simple_run29,active,60.255136,5.395,0.596656,3.218957,193.646251
SPHINCS+-SHA2-128f-simple_run29,active,60.267879,5.395,0.59594,3.215098,193.687221
SPHINCS+-SHA2-128f-simple_run29,active,60.280621,5.39625,0.596119,3.216808,193.728211
SPHINCS+-SHA2-128f-simple_run29,active,60.29336,5.4025,0.595225,3.215704,193.769175
SPHINCS+-SHA2-128f-simple_run29,active,60.306101,5.39625,0.595762,3.214879,193.810137
SPHINCS+-SHA2-128f-simple_run29,active,60.318842,5.39875,0.59594,3.217333,193.851128
SPHINCS+-SHA2-128f-simple_run29,active,60.331583,5.395,0.595046,3.210275,193.892029
SPHINCS+-SHA2-128f-simple_run29,active,60.344334,5.3975,0.59594,3.216588,193.933044
SPHINCS+-SHA2-128f-simple_run29,active,60.357081,5.37625,0.594331,3.195273,193.973775
SPHINCS+-SHA2-128f-simple_run29,active,60.369822,5.3925,0.595583,3.21168,194.014694
SPHINCS+-SHA2-128f-simple_run29,active,60.382564,5.40125,0.593795,3.207234,194.055561
SPHINCS+-SHA2-128f-simple_run29,active,60.395305,5.39625,0.59594,3.215843,194.096533
SPHINCS+-SHA2-128f-simple_run29,active,60.408049,5.39625,0.595583,3.213914,194.137492
SPHINCS+-SHA2-128f-simple_run29,active,60.420792,5.39625,0.595046,3.211019,194.178411
SPHINCS+-SHA2-128f-simple_run29,active,60.433533,5.4,0.597371,3.225802,194.219509
SPHINCS+-SHA2-128f-simple_run29,active,60.446281,5.3975,0.597907,3.227204,194.260652
SPHINCS+-SHA2-128f-simple_run29,active,60.459027,5.395,0.59594,3.215098,194.30163
SPHINCS+-SHA2-128f-simple_run29,active,60.471766,5.385,0.595762,3.208176,194.342499
SPHINCS+-SHA2-128f-simple_run29,active,60.484511,5.39375,0.595225,3.210496,194.383417
SPHINCS+-SHA2-128f-simple_run29,active,60.497252,5.39375,0.595404,3.21146,194.424334
SPHINCS+-SHA2-128f-simple_run29,active,60.509995,5.395,0.595583,3.213169,194.46528
SPHINCS+-SHA2-128f-simple_run29,active,60.522736,5.39625,0.595225,3.211984,194.506204
SPHINCS+-SHA2-128f-simple_run29,active,60.535475,5.39625,0.595583,3.213914,194.547145
SPHINCS+-SHA2-128f-simple_run29,active,60.548227,5.3975,0.595404,3.213693,194.588128
SPHINCS+-SHA2-128f-simple_run29,active,60.560973,5.39625,0.594689,3.209089,194.629029
SPHINCS+-SHA2-128f-simple_run29,active,60.573715,5.39375,0.600768,3.240392,194.670318
SPHINCS+-SHA2-128f-simple_run29,active,60.586492,5.3975,0.596834,3.221414,194.711479
SPHINCS+-SHA2-128f-simple_run29,active,60.599234,5.3975,0.595583,3.214658,194.752441
SPHINCS+-SHA2-128f-simple_run29,active,60.611978,5.39625,0.596834,3.220668,194.793485
SPHINCS+-SHA2-128f-simple_run29,active,60.624721,5.39625,0.595225,3.211984,194.834415
SPHINCS+-SHA2-128f-simple_run29,active,60.63746,5.39625,0.595046,3.211019,194.875319
SPHINCS+-SHA2-128f-simple_run29,active,60.650207,5.39625,0.595225,3.211984,194.916264
SPHINCS+-SHA2-128f-simple_run29,active,60.662954,5.3975,0.598801,3.232029,194.95746
SPHINCS+-SHA2-128f-simple_run29,active,60.675696,5.395,0.596298,3.217028,194.998453
SPHINCS+-SHA2-128f-simple_run29,active,60.68844,5.39875,0.593974,3.206715,195.039319
SPHINCS+-SHA2-128f-simple_run29,active,60.701183,5.39625,0.593437,3.202335,195.080127
SPHINCS+-SHA2-128f-simple_run29,active,60.713924,5.395,0.592186,3.194841,195.120833
SPHINCS+-SHA2-128f-simple_run29,active,60.726665,5.39875,0.596298,3.219264,195.16185
SPHINCS+-SHA2-128f-simple_run29,active,60.739411,5.39625,0.595404,3.212949,195.202802
SPHINCS+-SHA2-128f-simple_run29,active,60.752189,5.39375,0.594331,3.205674,195.243764
SPHINCS+-SHA2-128f-simple_run29,active,60.764938,5.4,0.595404,3.215182,195.284755
SPHINCS+-SHA2-128f-simple_run29,active,60.777681,5.38375,0.596298,3.210319,195.325662
SPHINCS+-SHA2-128f-simple_run29,active,60.790424,5.3975,0.595583,3.214658,195.366627
SPHINCS+-SHA2-128f-simple_run29,active,60.803184,5.38875,0.595046,3.206556,195.407543
SPHINCS+-SHA2-128f-simple_run29,active,60.816047,5.395,0.595404,3.212205,195.448862
SPHINCS+-SHA2-128f-simple_run29,active,60.828791,5.395,0.595583,3.213169,195.489811
SPHINCS+-SHA2-128f-simple_run29,active,60.841533,5.39625,0.595225,3.211984,195.530738
SPHINCS+-SHA2-128f-simple_run29,active,60.854291,5.4025,0.595583,3.217636,195.571788
SPHINCS+-SHA2-128f-simple_run29,active,60.867037,5.3975,0.737729,3.981891,195.622539
SPHINCS+-SHA2-128f-simple_run29,active,60.879778,5.385,0.596477,3.212028,195.663466
SPHINCS+-SHA2-128f-simple_run29,active,60.892526,5.4,0.592364,3.198768,195.704244
SPHINCS+-SHA2-128f-simple_run29,active,60.90527,5.395,0.596477,3.217992,195.745254
SPHINCS+-SHA2-128f-simple_run29,active,60.918013,5.3975,0.59594,3.216588,195.786242
SPHINCS+-SHA2-128f-simple_run29,active,60.930755,5.39875,0.597371,3.225056,195.827335
SPHINCS+-SHA2-128f-simple_run29,active,60.943497,5.38875,0.594152,3.201739,195.868132
SPHINCS+-SHA2-128f-simple_run29,active,60.956248,5.3975,0.596119,3.217553,195.90916
SPHINCS+-SHA2-128f-simple_run29,active,60.968996,5.39625,0.59594,3.215843,195.950156
SPHINCS+-SHA2-128f-simple_run29,active,60.981779,5.38125,0.595404,3.204018,195.991112
SPHINCS+-SHA2-128f-simple_run29,active,60.994529,5.39625,0.596477,3.218738,196.032149
SPHINCS+-SHA2-128f-simple_run29,active,61.007273,5.395,0.597192,3.221851,196.07321
SPHINCS+-SHA2-128f-simple_run29,active,61.020016,5.3975,0.595583,3.214658,196.114175
SPHINCS+-SHA2-128f-simple_run29,active,61.032757,5.39375,0.598622,3.22882,196.155314
SPHINCS+-SHA2-128f-simple_run29,active,61.045498,5.3975,0.596834,3.221414,196.196355
SPHINCS+-SHA2-128f-simple_run29,active,61.058246,5.39875,0.595046,3.212507,196.237311
SPHINCS+-SHA2-128f-simple_run29,active,61.070992,5.39625,0.597013,3.221632,196.278371
SPHINCS+-SHA2-128f-simple_run29,active,61.083732,5.3825,0.597907,3.218236,196.319372
SPHINCS+-SHA2-128f-simple_run29,active,61.096478,5.39625,0.595404,3.212949,196.360326
SPHINCS+-SHA2-128f-simple_run29,active,61.109218,5.3975,0.595404,3.213693,196.401268
SPHINCS+-SHA2-128f-simple_run29,active,61.121959,5.3975,0.593437,3.203077,196.442078
SPHINCS+-SHA2-128f-simple_run29,active,61.134701,5.3975,0.59594,3.216588,196.483063
SPHINCS+-SHA2-128f-simple_run29,active,61.147441,5.39625,0.595583,3.213914,196.524009
SPHINCS+-SHA2-128f-simple_run29,active,61.160191,5.3975,0.595404,3.213693,196.564984
SPHINCS+-SHA2-128f-simple_run29,active,61.172938,5.4,0.595404,3.215182,196.605968
SPHINCS+-SHA2-128f-simple_run29,active,61.185678,5.38125,0.595404,3.204018,196.646787
SPHINCS+-SHA2-128f-simple_run29,active,61.19842,5.39875,0.595583,3.215403,196.687756
SPHINCS+-SHA2-128f-simple_run29,active,61.211163,5.39625,0.595046,3.211019,196.728676
SPHINCS+-SHA2-128f-simple_run29,active,61.223912,5.39625,0.597013,3.221632,196.769748
SPHINCS+-SHA2-128f-simple_run29,active,61.236653,5.39625,0.598622,3.230316,196.810906
SPHINCS+-SHA2-128f-simple_run29,active,61.249395,5.39625,0.596477,3.218738,196.851918
SPHINCS+-SHA2-128f-simple_run29,active,61.262144,5.40125,0.592364,3.199508,196.892708
SPHINCS+-SHA2-128f-simple_run29,active,61.274889,5.3975,0.595225,3.212728,196.933655
SPHINCS+-SHA2-128f-simple_run29,active,61.287631,5.39625,0.595583,3.213914,196.974606
SPHINCS+-SHA2-128f-simple_run29,active,61.303384,5.385,0.595583,3.207213,197.025131
SPHINCS+-SHA2-128f-simple_run29,active,61.316197,5.395,0.595583,3.213169,197.066301
SPHINCS+-SHA2-128f-simple_run29,active,61.328955,5.39875,0.595583,3.215403,197.107322
SPHINCS+-SHA2-128f-simple_run29,active,61.341701,5.3975,0.597728,3.226239,197.148446
SPHINCS+-SHA2-128f-simple_run29,active,61.354478,5.39625,0.595225,3.211984,197.189485
SPHINCS+-SHA2-128f-simple_run29,active,61.367233,5.3975,0.597013,3.222379,197.230586
SPHINCS+-SHA2-128f-simple_run29,active,61.379982,5.39875,0.595583,3.215403,197.271579
SPHINCS+-SHA2-128f-simple_run29,active,61.392724,5.395,0.59755,3.22378,197.312657
SPHINCS+-SHA2-128f-simple_run29,active,61.405465,5.395,0.596119,3.216063,197.353633
SPHINCS+-SHA2-128f-simple_run29,active,61.418208,5.3975,0.596298,3.218518,197.394645
SPHINCS+-SHA2-128f-simple_run29,active,61.430947,5.3975,0.598622,3.231064,197.435805
SPHINCS+-SHA2-128f-simple_run29,active,61.443688,5.395,0.595762,3.214134,197.476757
SPHINCS+-SHA2-128f-simple_run29,active,61.45643,5.39625,0.596656,3.219703,197.517783
SPHINCS+-SHA2-128f-simple_run29,active,61.469205,5.395,0.595583,3.213169,197.558832
SPHINCS+-SHA2-128f-simple_run29,active,61.48195,5.40125,0.596834,3.223652,197.599917
SPHINCS+-SHA2-128f-simple_run29,active,61.49469,5.385,0.595225,3.205288,197.640751
SPHINCS+-SHA2-128f-simple_run29,active,61.507429,5.3975,0.595225,3.212728,197.681679
SPHINCS+-SHA2-128f-simple_run29,active,61.520173,5.39875,0.594868,3.211541,197.722607
SPHINCS+-SHA2-128f-simple_run29,active,61.532913,5.39875,0.595046,3.212507,197.763532
SPHINCS+-SHA2-128f-simple_run29,active,61.54565,5.39625,0.594689,3.209089,197.804407
SPHINCS+-SHA2-128f-simple_run29,active,61.558389,5.395,0.595404,3.212205,197.845328
SPHINCS+-SHA2-128f-simple_run29,active,61.571137,5.39625,0.595583,3.213914,197.886298
SPHINCS+-SHA2-128f-simple_run29,active,61.583882,5.39625,0.595225,3.211984,197.927236
SPHINCS+-SHA2-128f-simple_run29,active,61.596623,5.38375,0.594331,3.199731,197.968003
SPHINCS+-SHA2-128f-simple_run29,active,61.609362,5.3975,0.594331,3.207903,198.008871
SPHINCS+-SHA2-128f-simple_run29,active,61.622102,5.38375,0.596834,3.213207,198.049804
SPHINCS+-SHA2-128f-simple_run29,active,61.634841,5.3975,0.596298,3.218518,198.090806
SPHINCS+-SHA2-128f-simple_run29,active,61.647581,5.39625,0.596298,3.217773,198.131802
SPHINCS+-SHA2-128f-simple_run29,active,61.660325,5.3975,0.59594,3.216588,198.172791
SPHINCS+-SHA2-128f-simple_run29,active,61.67307,5.40875,0.596119,3.22426,198.213888
SPHINCS+-SHA2-128f-simple_run29,active,61.685813,5.3975,0.597907,3.227204,198.25501
SPHINCS+-SHA2-128f-simple_run29,active,61.698554,5.38375,0.596656,3.212245,198.295938
SPHINCS+-SHA2-128f-simple_run29,active,61.711294,5.39375,0.59594,3.214354,198.336887
SPHINCS+-SHA2-128f-simple_run29,active,61.724038,5.39625,0.597192,3.222597,198.377957
SPHINCS+-SHA2-128f-simple_run29,active,61.736783,5.39625,0.59594,3.215843,198.418943
SPHINCS+-SHA2-128f-simple_run29,active,61.749538,5.3875,0.595762,3.209666,198.459881
SPHINCS+-SHA2-128f-simple_run29,active,61.762283,5.39625,0.593795,3.204265,198.50072
SPHINCS+-SHA2-128f-simple_run29,active,61.775029,5.39625,0.596119,3.216808,198.541722
SPHINCS+-SHA2-128f-simple_run29,active,61.787773,5.3975,0.597907,3.227204,198.582849
SPHINCS+-SHA2-128f-simple_run29,active,61.800517,5.38125,0.59594,3.206904,198.623718
SPHINCS+-SHA2-128f-simple_run29,active,61.813257,5.39625,0.596477,3.218738,198.664724
SPHINCS+-SHA2-128f-simple_run29,active,61.825999,5.39625,0.598265,3.228386,198.705862
SPHINCS+-SHA2-128f-simple_run29,active,61.83874,5.39625,0.595046,3.211019,198.746774
SPHINCS+-SHA2-128f-simple_run29,active,61.851481,5.39625,0.600947,3.242859,198.788089
SPHINCS+-SHA2-128f-simple_run29,active,61.864223,5.39625,0.595225,3.211984,198.829017
SPHINCS+-SHA2-128f-simple_run29,active,61.87697,5.39625,0.595762,3.214879,198.869996
SPHINCS+-SHA2-128f-simple_run29,active,61.889714,5.395,0.595583,3.213169,198.910945
SPHINCS+-SHA2-128f-simple_run29,active,61.902494,5.3825,0.59594,3.207649,198.951939
SPHINCS+-SHA2-128f-simple_run29,active,61.915235,5.3975,0.595404,3.213693,198.992885
SPHINCS+-SHA2-128f-simple_run29,active,61.927979,5.3975,0.595046,3.211763,199.033816
SPHINCS+-SHA2-128f-simple_run29,active,61.94072,5.3975,0.596834,3.221414,199.074861
SPHINCS+-SHA2-128f-simple_run29,active,61.95346,5.39875,0.596477,3.220229,199.115885
SPHINCS+-SHA2-128f-simple_run29,active,61.9662,5.39625,0.595762,3.214879,199.156843
SPHINCS+-SHA2-128f-simple_run29,active,61.978949,5.395,0.59594,3.215098,199.197832
SPHINCS+-SHA2-128f-simple_run29,active,61.991692,5.39625,0.594689,3.209089,199.238727
SPHINCS+-SHA2-128f-simple_run29,active,62.004434,5.39625,0.59594,3.215843,199.279702
SPHINCS+-SHA2-128f-simple_run29,active,62.017199,5.3975,0.59594,3.216588,199.320761
SPHINCS+-SHA2-128f-simple_run29,active,62.029938,5.3975,0.597728,3.226239,199.36186
SPHINCS+-SHA2-128f-simple_run29,active,62.042676,5.3975,0.59594,3.216588,199.402836
SPHINCS+-SHA2-128f-simple_run29,active,62.055416,5.3975,0.595583,3.214658,199.443788
SPHINCS+-SHA2-128f-simple_run29,active,62.068157,5.39625,0.595583,3.213914,199.484738
SPHINCS+-SHA2-128f-simple_run29,active,62.080904,5.3975,0.593437,3.203077,199.525566
SPHINCS+-SHA2-128f-simple_run29,active,62.093651,5.3975,0.595225,3.212728,199.566521
SPHINCS+-SHA2-128f-simple_run29,active,62.106394,5.39625,0.596119,3.216808,199.607511
SPHINCS+-SHA2-128f-simple_run29,active,62.119133,5.39625,0.595762,3.214879,199.648467
SPHINCS+-SHA2-128f-simple_run29,active,62.131878,5.39875,0.598622,3.231813,199.689654
SPHINCS+-SHA2-128f-simple_run29,active,62.14462,5.39625,0.595225,3.211984,199.730584
SPHINCS+-SHA2-128f-simple_run29,active,62.157359,5.39625,0.595225,3.211984,199.771499
SPHINCS+-SHA2-128f-simple_run29,active,62.1701,5.39625,0.595046,3.211019,199.81241
SPHINCS+-SHA2-128f-simple_run29,active,62.182847,5.4,0.595583,3.216147,199.853407
SPHINCS+-SHA2-128f-simple_run29,active,62.195591,5.3975,0.594868,3.210798,199.894326
SPHINCS+-SHA2-128f-simple_run29,active,62.208334,5.395,0.595225,3.21124,199.935248
SPHINCS+-SHA2-128f-simple_run29,active,62.221076,5.3925,0.595583,3.21168,199.976168
SPHINCS+-SHA2-128f-simple_run29,active,62.233816,5.39625,0.59594,3.215843,200.01714
SPHINCS+-SHA2-128f-simple_run29,active,62.246557,5.39875,0.59755,3.226021,200.058243
SPHINCS+-SHA2-128f-simple_run29,active,62.259297,5.39875,0.596119,3.218299,200.099243
SPHINCS+-SHA2-128f-simple_run29,active,62.272038,5.405,0.59594,3.221058,200.140284
SPHINCS+-SHA2-128f-simple_run29,active,62.284786,5.39875,0.595046,3.212507,200.181235
SPHINCS+-SHA2-128f-simple_run29,active,62.297529,5.39625,0.595583,3.213914,200.222191
SPHINCS+-SHA2-128f-simple_run29,active,62.31027,5.39625,0.595762,3.214879,200.263152
SPHINCS+-SHA2-128f-simple_run29,active,62.32301,5.3975,0.596477,3.219484,200.304167
SPHINCS+-SHA2-128f-simple_run29,active,62.335748,5.3975,0.59594,3.216588,200.345142
SPHINCS+-SHA2-128f-simple_run29,active,62.348491,5.3975,0.595583,3.214658,200.386105
SPHINCS+-SHA2-128f-simple_run29,active,62.36123,5.39125,0.592007,3.191657,200.426764
SPHINCS+-SHA2-128f-simple_run29,active,62.37397,5.3975,0.595583,3.214658,200.467718
SPHINCS+-SHA2-128f-simple_run29,active,62.386718,5.39625,0.598265,3.228386,200.508873
SPHINCS+-SHA2-128f-simple_run29,active,62.399462,5.39625,0.595583,3.213914,200.549833
SPHINCS+-SHA2-128f-simple_run29,active,62.412205,5.395,0.593795,3.203523,200.590654
SPHINCS+-SHA2-128f-simple_run29,active,62.424946,5.3975,0.595046,3.211763,200.631576
SPHINCS+-SHA2-128f-simple_run29,active,62.437685,5.39375,0.595583,3.212425,200.672499
SPHINCS+-SHA2-128f-simple_run29,active,62.450425,5.395,0.595046,3.210275,200.713396
SPHINCS+-SHA2-128f-simple_run29,active,62.463165,5.3975,0.593795,3.205007,200.754229
SPHINCS+-SHA2-128f-simple_run29,active,62.475907,5.3975,0.596119,3.217553,200.795227
SPHINCS+-SHA2-128f-simple_run29,active,62.488656,5.39625,0.59594,3.215843,200.836226
SPHINCS+-SHA2-128f-simple_run29,active,62.5014,5.39625,0.595762,3.214879,200.877196
SPHINCS+-SHA2-128f-simple_run29,active,62.51414,5.39625,0.596119,3.216808,200.918177
SPHINCS+-SHA2-128f-simple_run29,active,62.526881,5.39625,0.595583,3.213914,200.959126
SPHINCS+-SHA2-128f-simple_run29,active,62.539621,5.3975,0.593795,3.205007,200.999961
SPHINCS+-SHA2-128f-simple_run29,active,62.552364,5.39625,0.59594,3.215843,201.040938
SPHINCS+-SHA2-128f-simple_run29,active,62.565104,5.3975,0.595404,3.213693,201.081881
SPHINCS+-SHA2-128f-simple_run29,active,62.580776,5.39375,0.595583,3.212425,201.132226
SPHINCS+-SHA2-128f-simple_run29,active,62.593549,5.39625,0.595583,3.213914,201.173279
SPHINCS+-SHA2-128f-simple_run29,active,62.606298,5.3975,0.597371,3.224309,201.214384
SPHINCS+-SHA2-128f-simple_run29,active,62.61904,5.395,0.595225,3.21124,201.255303
SPHINCS+-SHA2-128f-simple_run29,active,62.631782,5.39875,0.594689,3.210576,201.29621
SPHINCS+-SHA2-128f-simple_run29,active,62.644525,5.39625,0.595583,3.213914,201.337167
SPHINCS+-SHA2-128f-simple_run29,active,62.657266,5.39625,0.599695,3.236105,201.378397
SPHINCS+-SHA2-128f-simple_run29,active,62.670006,5.3975,0.595404,3.213693,201.41934
SPHINCS+-SHA2-128f-simple_run29,active,62.682746,5.3975,0.59594,3.216588,201.460319
SPHINCS+-SHA2-128f-simple_run29,active,62.695493,5.395,0.59594,3.215098,201.501303
SPHINCS+-SHA2-128f-simple_run29,active,62.70824,5.3975,0.596119,3.217553,201.542317
SPHINCS+-SHA2-128f-simple_run29,active,62.720982,5.4025,0.592901,3.203147,201.583131
SPHINCS+-SHA2-128f-simple_run29,active,62.733719,5.39875,0.595046,3.212507,201.624049
SPHINCS+-SHA2-128f-simple_run29,active,62.746508,5.3975,0.596477,3.219484,201.665224
SPHINCS+-SHA2-128f-simple_run29,active,62.759251,5.3975,0.595583,3.214658,201.706188
SPHINCS+-SHA2-128f-simple_run29,active,62.771995,5.3975,0.595046,3.211763,201.747117
SPHINCS+-SHA2-128f-simple_run29,active,62.784737,5.3975,0.595225,3.212728,201.788054
SPHINCS+-SHA2-128f-simple_run29,active,62.797484,5.3975,0.594689,3.209833,201.828971
SPHINCS+-SHA2-128f-simple_run29,active,62.810231,5.39875,0.593437,3.203819,201.86981
SPHINCS+-SHA2-128f-simple_run29,active,62.822974,5.39625,0.595404,3.212949,201.910751
SPHINCS+-SHA2-128f-simple_run29,active,62.835715,5.3975,0.595225,3.212728,201.951686
SPHINCS+-SHA2-128f-simple_run29,active,62.848458,5.39625,0.596298,3.217773,201.992689
SPHINCS+-SHA2-128f-simple_run29,active,62.861198,5.39625,0.596298,3.217773,202.033685
SPHINCS+-SHA2-128f-simple_run29,active,62.87394,5.39625,0.596298,3.217773,202.074683
SPHINCS+-SHA2-128f-simple_run29,active,62.88668,5.3975,0.595762,3.215623,202.11565
SPHINCS+-SHA2-128f-simple_run29,active,62.899429,5.39625,0.596119,3.216808,202.156662
SPHINCS+-SHA2-128f-simple_run29,active,62.912175,5.39625,0.596119,3.216808,202.197665
SPHINCS+-SHA2-128f-simple_run29,active,62.924917,5.39625,0.59594,3.215843,202.238639
SPHINCS+-SHA2-128f-simple_run29,active,62.937672,5.39375,0.595762,3.213389,202.279627
SPHINCS+-SHA2-128f-simple_run29,active,62.950465,5.4075,0.592543,3.204177,202.320619
SPHINCS+-SHA2-128f-simple_run29,active,62.963218,5.395,0.596477,3.217992,202.361656
SPHINCS+-SHA2-128f-simple_run29,active,62.975966,5.3975,0.596119,3.217553,202.402675
SPHINCS+-SHA2-128f-simple_run29,active,62.98871,5.39625,0.597192,3.222597,202.443742
SPHINCS+-SHA2-128f-simple_run29,active,63.001459,5.39625,0.59594,3.215843,202.484741
SPHINCS+-SHA2-128f-simple_run29,active,63.014207,5.395,0.597192,3.221851,202.525815
SPHINCS+-SHA2-128f-simple_run29,active,63.02695,5.395,0.598086,3.226674,202.566932
SPHINCS+-SHA2-128f-simple_run29,active,63.039703,5.3975,0.596656,3.220449,202.608002
SPHINCS+-SHA2-128f-simple_run29,active,63.052476,5.39375,0.595583,3.212425,202.649035
SPHINCS+-SHA2-128f-simple_run29,active,63.065224,5.39875,0.599159,3.234709,202.690269
SPHINCS+-SHA2-128f-simple_run29,active,63.07797,5.395,0.59594,3.215098,202.731249
SPHINCS+-SHA2-128f-simple_run29,active,63.090714,5.39125,0.59594,3.212864,202.772196
SPHINCS+-SHA2-128f-simple_run29,active,63.103467,5.39625,0.595404,3.212949,202.813169
SPHINCS+-SHA2-128f-simple_run29,active,63.116221,5.395,0.595404,3.212205,202.854137
SPHINCS+-SHA2-128f-simple_run29,active,63.128965,5.39625,0.594152,3.206195,202.894998
SPHINCS+-SHA2-128f-simple_run29,active,63.141707,5.40375,0.595225,3.216448,202.93598
SPHINCS+-SHA2-128f-simple_run29,active,63.154491,5.395,0.595046,3.210275,202.97702
SPHINCS+-SHA2-128f-simple_run29,active,63.167233,5.39625,0.60041,3.239965,203.018307
SPHINCS+-SHA2-128f-simple_run29,active,63.17998,5.40125,0.594868,3.213029,203.059262
SPHINCS+-SHA2-128f-simple_run29,active,63.192723,5.39625,0.596119,3.216808,203.100255
SPHINCS+-SHA2-128f-simple_run29,active,63.205473,5.39625,0.595583,3.213914,203.141229
SPHINCS+-SHA2-128f-simple_run29,active,63.21822,5.39875,0.595762,3.216368,203.18223
SPHINCS+-SHA2-128f-simple_run29,active,63.230964,5.39875,0.598086,3.228917,203.223378
SPHINCS+-SHA2-128f-simple_run29,active,63.243707,5.39625,0.59755,3.224527,203.264469
SPHINCS+-SHA2-128f-simple_run29,active,63.256454,5.39625,0.595583,3.213914,203.305438
SPHINCS+-SHA2-128f-simple_run29,active,63.269195,5.3975,0.596119,3.217553,203.346431
SPHINCS+-SHA2-128f-simple_run29,active,63.281936,5.395,0.597728,3.224745,203.38752
SPHINCS+-SHA2-128f-simple_run29,active,63.294679,5.39625,0.596119,3.216808,203.428509
SPHINCS+-SHA2-128f-simple_run29,active,63.307427,5.39625,0.596119,3.216808,203.469517
SPHINCS+-SHA2-128f-simple_run29,active,63.320175,5.39875,0.596834,3.22216,203.510595
SPHINCS+-SHA2-128f-simple_run29,active,63.332918,5.39625,0.594868,3.210054,203.551499
SPHINCS+-SHA2-128f-simple_run29,active,63.345658,5.3975,0.595225,3.212728,203.592429
SPHINCS+-SHA2-128f-simple_run29,active,63.358398,5.39625,0.595583,3.213914,203.633376
SPHINCS+-SHA2-128f-simple_run29,active,63.371141,5.395,0.598622,3.229568,203.674529
SPHINCS+-SHA2-128f-simple_run29,active,63.383883,5.39875,0.595046,3.212507,203.715462
SPHINCS+-SHA2-128f-simple_run29,active,63.396621,5.39625,0.595046,3.211019,203.756367
SPHINCS+-SHA2-128f-simple_run29,active,63.409368,5.3975,0.594331,3.207903,203.797257
SPHINCS+-SHA2-128f-simple_run29,active,63.422112,5.39,0.594689,3.205373,203.838107
SPHINCS+-SHA2-128f-simple_run29,active,63.434854,5.39875,0.595404,3.214437,203.879064
SPHINCS+-SHA2-128f-simple_run29,active,63.447594,5.3975,0.595583,3.214658,203.920018
SPHINCS+-SHA2-128f-simple_run29,active,63.460336,5.39625,0.591292,3.190757,203.960675
SPHINCS+-SHA2-128f-simple_run29,active,63.473074,5.39875,0.596477,3.220229,204.001696
SPHINCS+-SHA2-128f-simple_run29,active,63.485813,5.39625,0.597192,3.222597,204.042749
SPHINCS+-SHA2-128f-simple_run29,active,63.498554,5.3975,0.595225,3.212728,204.08368
SPHINCS+-SHA2-128f-simple_run29,active,63.511301,5.39875,0.596834,3.22216,204.124754
SPHINCS+-SHA2-128f-simple_run29,active,63.524048,5.39625,0.595762,3.214879,204.165734
SPHINCS+-SHA2-128f-simple_run29,active,63.536789,5.39625,0.596834,3.220668,204.206769
SPHINCS+-SHA2-128f-simple_run29,active,63.549528,5.3975,0.596119,3.217553,204.247757
SPHINCS+-SHA2-128f-simple_run29,active,63.562271,5.3975,0.595404,3.213693,204.288708
SPHINCS+-SHA2-128f-simple_run29,active,63.57501,5.3975,0.598801,3.232029,204.329881
SPHINCS+-SHA2-128f-simple_run29,active,63.58775,5.39625,0.595762,3.214879,204.370839
SPHINCS+-SHA2-128f-simple_run29,active,63.600492,5.40375,0.595583,3.218381,204.411848
SPHINCS+-SHA2-128f-simple_run29,active,63.613237,5.395,0.595046,3.210275,204.452762
SPHINCS+-SHA2-128f-simple_run29,active,63.625982,5.3975,0.59594,3.216588,204.493759
SPHINCS+-SHA2-128f-simple_run29,active,63.638723,5.39625,0.595583,3.213914,204.534706
SPHINCS+-SHA2-128f-simple_run29,active,63.651463,5.4,0.595404,3.215182,204.575668
SPHINCS+-SHA2-128f-simple_run29,active,63.664205,5.395,0.595046,3.210275,204.616574
SPHINCS+-SHA2-128f-simple_run29,active,63.676946,5.3975,0.600589,3.24168,204.657876
SPHINCS+-SHA2-128f-simple_run29,active,63.689684,5.39875,0.595404,3.214437,204.69882
SPHINCS+-SHA2-128f-simple_run29,active,63.702425,5.39625,0.595225,3.211984,204.739744
SPHINCS+-SHA2-128f-simple_run29,active,63.715171,5.39875,0.596119,3.218299,204.780766
SPHINCS+-SHA2-128f-simple_run29,active,63.727919,5.39875,0.59594,3.217333,204.821782
SPHINCS+-SHA2-128f-simple_run29,active,63.740665,5.40625,0.59594,3.221803,204.862844
SPHINCS+-SHA2-128f-simple_run29,active,63.753415,5.3975,0.595583,3.214658,204.903833
SPHINCS+-SHA2-128f-simple_run29,active,63.766162,5.39625,0.59594,3.215843,204.944824
SPHINCS+-SHA2-128f-simple_run29,active,63.778904,5.39875,0.599695,3.237604,204.986079
SPHINCS+-SHA2-128f-simple_run29,active,63.791646,5.39625,0.595225,3.211984,205.027004
SPHINCS+-SHA2-128f-simple_run29,active,63.804389,5.39875,0.596298,3.219264,205.068027
SPHINCS+-SHA2-128f-simple_run29,active,63.817187,5.39625,0.595583,3.213914,205.109158
SPHINCS+-SHA2-128f-simple_run29,active,63.829933,5.4,0.598265,3.23063,205.150338
SPHINCS+-SHA2-128f-simple_run29,active,63.842675,5.39625,0.595225,3.211984,205.191263
SPHINCS+-SHA2-128f-simple_run29,active,63.858361,5.3975,0.596119,3.217553,205.241734
SPHINCS+-SHA2-128f-simple_run29,active,63.87112,5.39875,0.596298,3.219264,205.282809
SPHINCS+-SHA2-128f-simple_run29,active,63.883883,5.39625,0.596477,3.218738,205.323891
SPHINCS+-SHA2-128f-simple_run29,active,63.896628,5.39625,0.596119,3.216808,205.364889
SPHINCS+-SHA2-128f-simple_run29,active,63.909368,5.38375,0.596656,3.212245,205.405813
SPHINCS+-SHA2-128f-simple_run29,active,63.922116,5.39625,0.596477,3.218738,205.446845
SPHINCS+-SHA2-128f-simple_run29,active,63.934861,5.395,0.595583,3.213169,205.487797
SPHINCS+-SHA2-128f-simple_run29,active,63.947601,5.40125,0.59594,3.218823,205.528806
SPHINCS+-SHA2-128f-simple_run29,active,63.960344,5.395,0.595583,3.213169,205.569749
SPHINCS+-SHA2-128f-simple_run29,active,63.973085,5.4,0.595583,3.216147,205.610727
SPHINCS+-SHA2-128f-simple_run29,active,63.985822,5.39625,0.600589,3.240929,205.652007
SPHINCS+-SHA2-128f-simple_run29,active,63.998561,5.39625,0.595762,3.214879,205.692961
SPHINCS+-SHA2-128f-simple_run29,active,64.0113,5.4025,0.595583,3.217636,205.73395
SPHINCS+-SHA2-128f-simple_run29,active,64.024046,5.39875,0.595225,3.213472,205.77491
SPHINCS+-SHA2-128f-simple_run29,active,64.036791,5.39625,0.595046,3.211019,205.815834
SPHINCS+-SHA2-128f-simple_run29,active,64.049529,5.4,0.595583,3.216147,205.856802
SPHINCS+-SHA2-128f-simple_run29,active,64.062269,5.39625,0.595583,3.213914,205.897745
SPHINCS+-SHA2-128f-simple_run29,active,64.075007,5.39625,0.595404,3.212949,205.938673
SPHINCS+-SHA2-128f-simple_run29,active,64.087748,5.39625,0.60041,3.239965,205.979953
SPHINCS+-SHA2-128f-simple_run29,active,64.100493,5.39875,0.594331,3.208646,206.020847
SPHINCS+-SHA2-128f-simple_run29,active,64.113242,5.3975,0.593258,3.202112,206.061671
SPHINCS+-SHA2-128f-simple_run29,active,64.125991,5.39625,0.594331,3.20716,206.102559
SPHINCS+-SHA2-128f-simple_run29,active,64.138739,5.4,0.593258,3.203595,206.1434
SPHINCS+-SHA2-128f-simple_run29,active,64.151481,5.395,0.596119,3.216063,206.184378
SPHINCS+-SHA2-128f-simple_run29,active,64.164225,5.39875,0.595046,3.212507,206.225318
SPHINCS+-SHA2-128f-simple_run29,active,64.176966,5.3925,0.595225,3.209752,206.266215
SPHINCS+-SHA2-128f-simple_run29,active,64.189705,5.39875,0.601304,3.246292,206.307567
SPHINCS+-SHA2-128f-simple_run29,active,64.202485,5.39625,0.595583,3.213914,206.348642
SPHINCS+-SHA2-128f-simple_run29,active,64.215225,5.39875,0.59594,3.217333,206.389631
SPHINCS+-SHA2-128f-simple_run29,active,64.227975,5.3975,0.595583,3.214658,206.430617
SPHINCS+-SHA2-128f-simple_run29,active,64.24072,5.39875,0.600947,3.244362,206.471967
SPHINCS+-SHA2-128f-simple_run29,active,64.253458,5.39375,0.59594,3.214354,206.512912
SPHINCS+-SHA2-128f-simple_run29,active,64.266198,5.39625,0.597371,3.223562,206.553978
SPHINCS+-SHA2-128f-simple_run29,active,64.278939,5.39625,0.601662,3.246719,206.595348
SPHINCS+-SHA2-128f-simple_run29,active,64.291679,5.3975,0.596298,3.218518,206.636349
SPHINCS+-SHA2-128f-simple_run29,active,64.304421,5.39875,0.593974,3.206715,206.677209
SPHINCS+-SHA2-128f-simple_run29,active,64.317187,5.39625,0.596119,3.216808,206.718277
SPHINCS+-SHA2-128f-simple_run29,active,64.329935,5.395,0.602198,3.24886,206.759691
SPHINCS+-SHA2-128f-simple_run29,active,64.34268,5.39625,0.595762,3.214879,206.800665
SPHINCS+-SHA2-128f-simple_run29,active,64.355421,5.39625,0.595762,3.214879,206.841626
SPHINCS+-SHA2-128f-simple_run29,active,64.368165,5.39375,0.60041,3.238464,206.882897
SPHINCS+-SHA2-128f-simple_run29,active,64.380937,5.395,0.594868,3.209311,206.923886
SPHINCS+-SHA2-128f-simple_run29,active,64.393762,5.395,0.596298,3.217028,206.965145
SPHINCS+-SHA2-128f-simple_run29,active,64.406529,5.39625,0.596119,3.216808,207.006214
SPHINCS+-SHA2-128f-simple_run29,active,64.419291,5.39875,0.595404,3.214437,207.047238
SPHINCS+-SHA2-128f-simple_run29,active,64.432049,5.39625,0.59594,3.215843,207.088266
SPHINCS+-SHA2-128f-simple_run29,active,64.444797,5.395,0.59594,3.215098,207.129251
SPHINCS+-SHA2-128f-simple_run29,active,64.457538,5.39875,0.595046,3.212507,207.170182
SPHINCS+-SHA2-128f-simple_run29,active,64.47028,5.395,0.595404,3.212205,207.21111
SPHINCS+-SHA2-128f-simple_run29,active,64.483022,5.395,0.595046,3.210275,207.252015
SPHINCS+-SHA2-128f-simple_run29,active,64.495763,5.39625,0.60041,3.239965,207.293297
SPHINCS+-SHA2-128f-simple_run29,active,64.508506,5.41125,0.59594,3.224782,207.33439
SPHINCS+-SHA2-128f-simple_run29,active,64.521245,5.39875,0.59594,3.217333,207.375375
SPHINCS+-SHA2-128f-simple_run29,active,64.533994,5.3975,0.595583,3.214658,207.416361
SPHINCS+-SHA2-128f-simple_run29,active,64.54674,5.39625,0.596477,3.218738,207.457384
SPHINCS+-SHA2-128f-simple_run29,active,64.559481,5.395,0.594331,3.206417,207.498237
SPHINCS+-SHA2-128f-simple_run29,active,64.572224,5.39625,0.596119,3.216808,207.539231
SPHINCS+-SHA2-128f-simple_run29,active,64.584965,5.39625,0.594868,3.210054,207.580131
SPHINCS+-SHA2-128f-simple_run29,active,64.597705,5.3925,0.599695,3.233856,207.62133
SPHINCS+-SHA2-128f-simple_run29,active,64.610496,5.39125,0.595583,3.210936,207.662399
SPHINCS+-SHA2-128f-simple_run29,active,64.623238,5.39625,0.595225,3.211984,207.703326
SPHINCS+-SHA2-128f-simple_run29,active,64.635987,5.395,0.595225,3.21124,207.744268
SPHINCS+-SHA2-128f-simple_run29,active,64.648735,5.405,0.591649,3.197864,207.785032
SPHINCS+-SHA2-128f-simple_run29,active,64.661475,5.39625,0.595762,3.214879,207.825991
SPHINCS+-SHA2-128f-simple_run29,active,64.674216,5.39625,0.595404,3.212949,207.866926
SPHINCS+-SHA2-128f-simple_run29,active,64.686957,5.3975,0.596477,3.219484,207.907947
SPHINCS+-SHA2-128f-simple_run29,active,64.699697,5.4025,0.596477,3.222466,207.949002
SPHINCS+-SHA2-128f-simple_run29,active,64.71244,5.3975,0.596298,3.218518,207.990014
SPHINCS+-SHA2-128f-simple_run29,active,64.72518,5.39875,0.598265,3.229882,208.031165
SPHINCS+-SHA2-128f-simple_run29,active,64.73793,5.39875,0.595762,3.216368,208.072173
SPHINCS+-SHA2-128f-simple_run29,active,64.750685,5.3975,0.595404,3.213693,208.113163
SPHINCS+-SHA2-128f-simple_run29,active,64.763426,5.3975,0.595583,3.214658,208.15412
SPHINCS+-SHA2-128f-simple_run29,active,64.776172,5.39875,0.595225,3.213472,208.195078
SPHINCS+-SHA2-128f-simple_run29,active,64.788912,5.395,0.593795,3.203523,208.235892
SPHINCS+-SHA2-128f-simple_run29,active,64.801652,5.3975,0.600947,3.24361,208.277216
SPHINCS+-SHA2-128f-simple_run29,active,64.814395,5.39625,0.596298,3.217773,208.318219
SPHINCS+-SHA2-128f-simple_run29,active,64.827135,5.39625,0.596656,3.219703,208.359239
SPHINCS+-SHA2-128f-simple_run29,active,64.839886,5.39625,0.599159,3.233211,208.400467
SPHINCS+-SHA2-128f-simple_run29,active,64.852632,5.395,0.595583,3.213169,208.44142
SPHINCS+-SHA2-128f-simple_run29,active,64.865371,5.39625,0.595583,3.213914,208.482364
SPHINCS+-SHA2-128f-simple_run29,active,64.878112,5.39,0.596119,3.213082,208.523302
SPHINCS+-SHA2-128f-simple_run29,active,64.890852,5.39875,0.59594,3.217333,208.564291
SPHINCS+-SHA2-128f-simple_run29,active,64.903592,5.39875,0.597371,3.225056,208.605377
SPHINCS+-SHA2-128f-simple_run29,active,64.916335,5.39625,0.595225,3.211984,208.646306
SPHINCS+-SHA2-128f-simple_run29,active,64.929076,5.395,0.596834,3.219922,208.687333
SPHINCS+-SHA2-128f-simple_run29,active,64.941821,5.3975,0.595225,3.212728,208.728279
SPHINCS+-SHA2-128f-simple_run29,active,64.954566,5.39875,0.595225,3.213472,208.769234
SPHINCS+-SHA2-128f-simple_run29,active,64.967306,5.3975,0.596119,3.217553,208.810227
SPHINCS+-SHA2-128f-simple_run29,active,64.980051,5.3975,0.594868,3.210798,208.851147
SPHINCS+-SHA2-128f-simple_run29,active,64.992793,5.39625,0.594689,3.209089,208.892037
SPHINCS+-SHA2-128f-simple_run29,active,65.005533,5.3975,0.599159,3.23396,208.933238
SPHINCS+-SHA2-128f-simple_run29,active,65.018273,5.39625,0.594689,3.209089,208.974121
SPHINCS+-SHA2-128f-simple_run29,active,65.031015,5.4,0.595225,3.214216,209.015078
SPHINCS+-SHA2-128f-simple_run29,active,65.043764,5.39625,0.595404,3.212949,209.056039
SPHINCS+-SHA2-128f-simple_run29,active,65.05651,5.39625,0.595225,3.211984,209.096978
SPHINCS+-SHA2-128f-simple_run29,active,65.069252,5.3975,0.596834,3.221414,209.138027
SPHINCS+-SHA2-128f-simple_run29,active,65.081992,5.3975,0.59594,3.216588,209.179005
SPHINCS+-SHA2-128f-simple_run29,active,65.09473,5.3975,0.596477,3.219484,209.220016
SPHINCS+-SHA2-128f-simple_run29,active,65.107469,5.39875,0.601841,3.249188,209.261409
SPHINCS+-SHA2-128f-simple_run29,active,65.120211,5.39625,0.596477,3.218738,209.302421
SPHINCS+-SHA2-128f-simple_run29,active,65.135897,5.3975,0.595225,3.212728,209.352815
SPHINCS+-SHA2-128f-simple_run29,active,65.14867,5.39625,0.587716,3.17146,209.393323
SPHINCS+-SHA2-128f-simple_run29,active,65.16142,5.3975,0.595583,3.214658,209.434312
SPHINCS+-SHA2-128f-simple_run29,active,65.174162,5.39875,0.596119,3.218299,209.475319
SPHINCS+-SHA2-128f-simple_run29,active,65.186903,5.39875,0.592364,3.198027,209.516064
SPHINCS+-SHA2-128f-simple_run29,active,65.199645,5.39625,0.589325,3.180144,209.556588
SPHINCS+-SHA2-128f-simple_run29,active,65.212389,5.3975,0.595583,3.214658,209.597553
SPHINCS+-SHA2-128f-simple_run29,active,65.225154,5.39625,0.595404,3.212949,209.638567
SPHINCS+-SHA2-128f-simple_run29,active,65.237895,5.39625,0.597192,3.222597,209.679627
SPHINCS+-SHA2-128f-simple_run29,active,65.250643,5.39875,0.596477,3.220229,209.720679
SPHINCS+-SHA2-128f-simple_run29,active,65.263388,5.39625,0.596119,3.216808,209.761676
SPHINCS+-SHA2-128f-simple_run29,active,65.276132,5.3975,0.595046,3.211763,209.802606
SPHINCS+-SHA2-128f-simple_run29,active,65.288872,5.395,0.593616,3.202558,209.843407
SPHINCS+-SHA2-128f-simple_run29,active,65.301612,5.395,0.596119,3.216063,209.884379
SPHINCS+-SHA2-128f-simple_run29,active,65.314352,5.39625,0.59594,3.215843,209.925349
SPHINCS+-SHA2-128f-simple_run29,active,65.327092,5.395,0.595225,3.21124,209.966261
SPHINCS+-SHA2-128f-simple_run29,active,65.339864,5.39875,0.595762,3.216368,210.007341
SPHINCS+-SHA2-128f-simple_run29,active,65.352615,5.39625,0.595046,3.211019,210.048286
SPHINCS+-SHA2-128f-simple_run29,active,65.365359,5.3975,0.595583,3.214658,210.089252
SPHINCS+-SHA2-128f-simple_run29,active,65.378099,5.39375,0.59451,3.206638,210.130105
SPHINCS+-SHA2-128f-simple_run29,active,65.390841,5.3975,0.596119,3.217553,210.171102
SPHINCS+-SHA2-128f-simple_run29,active,65.403583,5.3975,0.59594,3.216588,210.212088
SPHINCS+-SHA2-128f-simple_run29,active,65.416326,5.3975,0.596119,3.217553,210.25309
SPHINCS+-SHA2-128f-simple_run29,active,65.429068,5.39625,0.595046,3.211019,210.294005
SPHINCS+-SHA2-128f-simple_run29,active,65.441808,5.39625,0.595762,3.214879,210.334963
SPHINCS+-SHA2-128f-simple_run29,active,65.454557,5.39625,0.59594,3.215843,210.375959
SPHINCS+-SHA2-128f-simple_run29,active,65.4673,5.395,0.596656,3.218957,210.41698
SPHINCS+-SHA2-128f-simple_run29,active,65.480044,5.39625,0.596119,3.216808,210.457976
SPHINCS+-SHA2-128f-simple_run29,active,65.492785,5.39625,0.595762,3.214879,210.498936
SPHINCS+-SHA2-128f-simple_run29,active,65.505525,5.39875,0.597013,3.223125,210.539997
SPHINCS+-SHA2-128f-simple_run29,active,65.518266,5.3975,0.598622,3.231064,210.581164
SPHINCS+-SHA2-128f-simple_run29,active,65.531005,5.3975,0.595583,3.214658,210.622118
SPHINCS+-SHA2-128f-simple_run29,active,65.543745,5.39625,0.594868,3.210054,210.663014
SPHINCS+-SHA2-128f-simple_run29,active,65.556496,5.39625,0.595225,3.211984,210.703969
SPHINCS+-SHA2-128f-simple_run29,active,65.569239,5.40375,0.597728,3.229975,210.745129
SPHINCS+-SHA2-128f-simple_run29,active,65.58198,5.39875,0.595583,3.215403,210.786096
SPHINCS+-SHA2-128f-simple_run29,active,65.594721,5.39625,0.595583,3.213914,210.827043
SPHINCS+-SHA2-128f-simple_run29,active,65.607461,5.3975,0.590755,3.188601,210.867667
SPHINCS+-SHA2-128f-simple_run29,active,65.620203,5.39625,0.595583,3.213914,210.90862
SPHINCS+-SHA2-128f-simple_run29,active,65.632942,5.395,0.595762,3.214134,210.949565
SPHINCS+-SHA2-128f-simple_run29,active,65.645683,5.39625,0.595225,3.211984,210.990488
SPHINCS+-SHA2-128f-simple_run29,active,65.658431,5.3975,0.599159,3.23396,211.031715
SPHINCS+-SHA2-128f-simple_run29,active,65.671176,5.3975,0.595404,3.213693,211.072672
SPHINCS+-SHA2-128f-simple_run29,active,65.683918,5.3975,0.595225,3.212728,211.113609
SPHINCS+-SHA2-128f-simple_run29,active,65.696657,5.3975,0.595404,3.213693,211.154549
SPHINCS+-SHA2-128f-simple_run29,active,65.709397,5.39875,0.594331,3.208646,211.195425
SPHINCS+-SHA2-128f-simple_run29,active,65.722137,5.39625,0.595046,3.211019,211.236335
SPHINCS+-SHA2-128f-simple_run29,active,65.734878,5.39875,0.595583,3.215403,211.277301
SPHINCS+-SHA2-128f-simple_run29,active,65.747628,5.3975,0.597192,3.223344,211.3184
SPHINCS+-SHA2-128f-simple_run29,active,65.760379,5.3975,0.595404,3.213693,211.359377
SPHINCS+-SHA2-128f-simple_run29,active,65.773129,5.39625,0.595225,3.211984,211.400331
SPHINCS+-SHA2-128f-simple_run29,active,65.785873,5.39625,0.595583,3.213914,211.441289
SPHINCS+-SHA2-128f-simple_run29,active,65.798615,5.3975,0.592901,3.200182,211.482064
SPHINCS+-SHA2-128f-simple_run29,active,65.811358,5.3975,0.595404,3.213693,211.523018
SPHINCS+-SHA2-128f-simple_run29,active,65.824102,5.39625,0.595404,3.212949,211.563964
SPHINCS+-SHA2-128f-simple_run29,active,65.836844,5.39625,0.59755,3.224527,211.605051
SPHINCS+-SHA2-128f-simple_run29,active,65.849585,5.39875,0.595583,3.215403,211.646018
SPHINCS+-SHA2-128f-simple_run29,active,65.862332,5.395,0.594868,3.209311,211.686927
SPHINCS+-SHA2-128f-simple_run29,active,65.875078,5.3975,0.594152,3.206938,211.727802
SPHINCS+-SHA2-128f-simple_run29,active,65.887845,5.4025,0.598801,3.235023,211.769104
SPHINCS+-SHA2-128f-simple_run29,active,65.900589,5.39625,0.595583,3.213914,211.810062
SPHINCS+-SHA2-128f-simple_run29,active,65.913329,5.39625,0.596298,3.217773,211.851057
SPHINCS+-SHA2-128f-simple_run29,active,65.926069,5.39875,0.598086,3.228917,211.892194
SPHINCS+-SHA2-128f-simple_run29,active,65.93881,5.39125,0.595762,3.2119,211.933114
SPHINCS+-SHA2-128f-simple_run29,active,65.951551,5.3975,0.595583,3.214658,211.974074
SPHINCS+-SHA2-128f-simple_run29,active,65.964302,5.3975,0.595762,3.215623,212.015077
SPHINCS+-SHA2-128f-simple_run29,active,65.977047,5.39625,0.595583,3.213914,212.056037
SPHINCS+-SHA2-128f-simple_run29,active,65.989786,5.4025,0.595404,3.21667,212.097015
SPHINCS+-SHA2-128f-simple_run29,active,66.002524,5.385,0.595225,3.205288,212.137842
SPHINCS+-SHA2-128f-simple_run29,active,66.015283,5.39625,0.595225,3.211984,212.178825
SPHINCS+-SHA2-128f-simple_run29,active,66.028039,5.3925,0.594868,3.207824,212.219743
SPHINCS+-SHA2-128f-simple_run29,active,66.040785,5.39625,0.595046,3.211019,212.260673
SPHINCS+-SHA2-128f-simple_run29,active,66.053528,5.39625,0.596119,3.216808,212.301662
SPHINCS+-SHA2-128f-simple_run29,active,66.066277,5.395,0.597728,3.224745,212.342777
SPHINCS+-SHA2-128f-simple_run29,active,66.079025,5.40125,0.595404,3.215926,212.383771
SPHINCS+-SHA2-128f-simple_run29,active,66.091766,5.39875,0.596477,3.220229,212.424803
SPHINCS+-SHA2-128f-simple_run29,active,66.10451,5.3975,0.596477,3.219484,212.465831
SPHINCS+-SHA2-128f-simple_run29,active,66.117253,5.40375,0.595046,3.215482,212.506804
SPHINCS+-SHA2-128f-simple_run29,active,66.129996,5.3975,0.597907,3.227204,212.547928
SPHINCS+-SHA2-128f-simple_run29,active,66.142737,5.3975,0.595404,3.213693,212.588876
SPHINCS+-SHA2-128f-simple_run29,active,66.155478,5.39625,0.595225,3.211984,212.629799
SPHINCS+-SHA2-128f-simple_run29,active,66.168226,5.39625,0.597907,3.226457,212.67093
SPHINCS+-SHA2-128f-simple_run29,active,66.180977,5.39625,0.595225,3.211984,212.711885
SPHINCS+-SHA2-128f-simple_run29,active,66.193716,5.3975,0.595583,3.214658,212.752838
SPHINCS+-SHA2-128f-simple_run29,active,66.206492,5.38375,0.595046,3.203581,212.793767
SPHINCS+-SHA2-128f-simple_run29,active,66.219234,5.395,0.59755,3.22378,212.834843
SPHINCS+-SHA2-128f-simple_run29,active,66.231977,5.3975,0.596119,3.217553,212.875844
SPHINCS+-SHA2-128f-simple_run29,active,66.244718,5.39625,0.595404,3.212949,212.91678
SPHINCS+-SHA2-128f-simple_run29,active,66.257457,5.395,0.602377,3.249825,212.958181
SPHINCS+-SHA2-128f-simple_run29,active,66.270204,5.3975,0.595762,3.215623,212.99917
SPHINCS+-SHA2-128f-simple_run29,active,66.282949,5.39625,0.595762,3.214879,213.040145
SPHINCS+-SHA2-128f-simple_run29,active,66.29569,5.39625,0.595762,3.214879,213.081106
SPHINCS+-SHA2-128f-simple_run29,active,66.308435,5.39625,0.597192,3.222597,213.122177
SPHINCS+-SHA2-128f-simple_run29,active,66.321201,5.395,0.595225,3.21124,213.163171
SPHINCS+-SHA2-128f-simple_run29,active,66.333941,5.395,0.595404,3.212205,213.204095
SPHINCS+-SHA2-128f-simple_run29,active,66.3467,5.39875,0.598801,3.232778,213.245342
SPHINCS+-SHA2-128f-simple_run29,active,66.359468,5.39625,0.597371,3.223562,213.286501
SPHINCS+-SHA2-128f-simple_run29,active,66.372224,5.3975,0.596298,3.218518,213.327555
SPHINCS+-SHA2-128f-simple_run29,active,66.384971,5.39875,0.59594,3.217333,213.368566
SPHINCS+-SHA2-128f-simple_run29,active,66.397711,5.3975,0.601483,3.246506,213.409928
SPHINCS+-SHA2-128f-simple_run29,active,66.41339,5.39625,0.59594,3.215843,213.460348
SPHINCS+-SHA2-128f-simple_run29,active,66.42615,5.39875,0.595583,3.215403,213.501376
SPHINCS+-SHA2-128f-simple_run29,active,66.438894,5.395,0.595225,3.21124,213.542302
SPHINCS+-SHA2-128f-simple_run29,active,66.451636,5.39875,0.59594,3.217333,213.583296
SPHINCS+-SHA2-128f-simple_run29,active,66.464381,5.39625,0.59594,3.215843,213.624281
SPHINCS+-SHA2-128f-simple_run29,active,66.477137,5.39125,0.594331,3.204188,213.665155
SPHINCS+-SHA2-128f-simple_run29,active,66.489885,5.3975,0.595583,3.214658,213.706137
SPHINCS+-SHA2-128f-simple_run29,active,66.502626,5.39625,0.59594,3.215843,213.747108
SPHINCS+-SHA2-128f-simple_run29,active,66.515366,5.39625,0.59594,3.215843,213.788078
SPHINCS+-SHA2-128f-simple_run29,active,66.528111,5.3975,0.591649,3.193427,213.828779
SPHINCS+-SHA2-128f-simple_run29,active,66.540852,5.3975,0.595583,3.214658,213.869736
SPHINCS+-SHA2-128f-simple_run29,active,66.553589,5.3975,0.595404,3.213693,213.910671
SPHINCS+-SHA2-128f-simple_run29,active,66.566329,5.39875,0.596119,3.218299,213.95167
SPHINCS+-SHA2-128f-simple_run29,active,66.579075,5.39875,0.594689,3.210576,213.992592
SPHINCS+-SHA2-128f-simple_run29,active,66.591844,5.3925,0.597192,3.220358,214.033714
SPHINCS+-SHA2-128f-simple_run29,active,66.60459,5.3975,0.596834,3.221414,214.074772
SPHINCS+-SHA2-128f-simple_run29,active,66.617329,5.39625,0.597907,3.226457,214.115875
SPHINCS+-SHA2-128f-simple_run29,active,66.630071,5.395,0.595583,3.213169,214.156817
SPHINCS+-SHA2-128f-simple_run29,active,66.642809,5.39875,0.59594,3.217333,214.1978
SPHINCS+-SHA2-128f-simple_run29,active,66.655548,5.3975,0.597728,3.226239,214.2389
SPHINCS+-SHA2-128f-simple_run29,active,66.668293,5.3975,0.587716,3.172195,214.279328
SPHINCS+-SHA2-128f-simple_run29,active,66.681038,5.39625,0.596119,3.216808,214.320328
SPHINCS+-SHA2-128f-simple_run29,active,66.693781,5.39625,0.594868,3.210054,214.361232
SPHINCS+-SHA2-128f-simple_run29,active,66.706521,5.3975,0.59451,3.208868,214.402115
SPHINCS+-SHA2-128f-simple_run29,active,66.719261,5.39625,0.595762,3.214879,214.443072
SPHINCS+-SHA2-128f-simple_run29,active,66.732005,5.3975,0.59594,3.216588,214.484065
SPHINCS+-SHA2-128f-simple_run29,active,66.744757,5.3975,0.597192,3.223344,214.525167
SPHINCS+-SHA2-128f-simple_run29,active,66.757496,5.39625,0.594689,3.209089,214.566047
SPHINCS+-SHA2-128f-simple_run29,active,66.770238,5.39625,0.600947,3.242859,214.607367
SPHINCS+-SHA2-128f-simple_run29,active,66.782986,5.39875,0.595225,3.213472,214.648335
SPHINCS+-SHA2-128f-simple_run29,active,66.795729,5.39625,0.595762,3.214879,214.6893
SPHINCS+-SHA2-128f-simple_run29,active,66.808507,5.39625,0.59594,3.215843,214.730393
SPHINCS+-SHA2-128f-simple_run29,active,66.821287,5.385,0.59594,3.209139,214.771407
SPHINCS+-SHA2-128f-simple_run29,active,66.834056,5.395,0.596834,3.219922,214.812522
SPHINCS+-SHA2-128f-simple_run29,active,66.846805,5.38875,0.596298,3.213301,214.853487
SPHINCS+-SHA2-128f-simple_run29,active,66.859541,5.3975,0.596119,3.217553,214.894467
SPHINCS+-SHA2-128f-simple_run29,active,66.872289,5.39625,0.595404,3.212949,214.935425
SPHINCS+-SHA2-128f-simple_run29,active,66.88504,5.3975,0.595225,3.212728,214.976392
SPHINCS+-SHA2-128f-simple_run29,active,66.897785,5.4,0.595225,3.214216,215.017356
SPHINCS+-SHA2-128f-simple_run29,active,66.910527,5.39875,0.595046,3.212507,215.05829
SPHINCS+-SHA2-128f-simple_run29,active,66.923268,5.39625,0.595225,3.211984,215.099215
SPHINCS+-SHA2-128f-simple_run29,active,66.936014,5.3925,0.595404,3.210716,215.140138
SPHINCS+-SHA2-128f-simple_run29,active,66.948756,5.39625,0.595404,3.212949,215.181075
SPHINCS+-SHA2-128f-simple_run29,active,66.961495,5.39625,0.595225,3.211984,215.221992
SPHINCS+-SHA2-128f-simple_run29,active,66.974236,5.39625,0.595583,3.213914,215.262943
SPHINCS+-SHA2-128f-simple_run29,active,66.986984,5.39625,0.597907,3.226457,215.304073
SPHINCS+-SHA2-128f-simple_run29,active,66.999727,5.3975,0.594689,3.209833,215.344976
SPHINCS+-SHA2-128f-simple_run29,active,67.01247,5.39625,0.596119,3.216808,215.385968
SPHINCS+-SHA2-128f-simple_run29,active,67.02521,5.39375,0.59594,3.214354,215.426918
SPHINCS+-SHA2-128f-simple_run29,active,67.037952,5.39625,0.593437,3.202335,215.467722
SPHINCS+-SHA2-128f-simple_run29,active,67.050692,5.3975,0.595404,3.213693,215.508666
SPHINCS+-SHA2-128f-simple_run29,active,67.063433,5.39875,0.595762,3.216368,215.549644
SPHINCS+-SHA2-128f-simple_run29,active,67.076176,5.39625,0.59004,3.184003,215.59022
SPHINCS+-SHA2-128f-simple_run29,active,67.088926,5.3975,0.594689,3.209833,215.631145
SPHINCS+-SHA2-128f-simple_run29,active,67.10167,5.39625,0.595583,3.213914,215.672103
SPHINCS+-SHA2-128f-simple_run29,active,67.114411,5.39625,0.596298,3.217773,215.713099
SPHINCS+-SHA2-128f-simple_run29,active,67.127152,5.38125,0.595404,3.204018,215.753922
SPHINCS+-SHA2-128f-simple_run29,active,67.139896,5.39625,0.596119,3.216808,215.794917
SPHINCS+-SHA2-128f-simple_run29,active,67.152636,5.3975,0.595404,3.213693,215.835859
SPHINCS+-SHA2-128f-simple_run29,active,67.165375,5.39625,0.60202,3.248648,215.877244
SPHINCS+-SHA2-128f-simple_run29,active,67.178114,5.39625,0.593795,3.204265,215.918065
SPHINCS+-SHA2-128f-simple_run29,active,67.190852,5.39625,0.595225,3.211984,215.958979
SPHINCS+-SHA2-128f-simple_run29,active,67.203595,5.39625,0.595225,3.211984,215.999909
SPHINCS+-SHA2-128f-simple_run29,active,67.216338,5.3975,0.597728,3.226239,216.041019
SPHINCS+-SHA2-128f-simple_run29,active,67.229078,5.38125,0.595225,3.203056,216.081827
SPHINCS+-SHA2-128f-simple_run29,active,67.241819,5.39625,0.595225,3.211984,216.122751
SPHINCS+-SHA2-128f-simple_run29,active,67.254559,5.3975,0.595225,3.212728,216.163682
SPHINCS+-SHA2-128f-simple_run29,active,67.2673,5.3975,0.600589,3.24168,216.204982
SPHINCS+-SHA2-128f-simple_run29,active,67.280041,5.39625,0.595583,3.213914,216.245933
SPHINCS+-SHA2-128f-simple_run29,active,67.29279,5.3975,0.595225,3.212728,216.286892
SPHINCS+-SHA2-128f-simple_run29,active,67.305534,5.40125,0.596477,3.22172,216.327949
SPHINCS+-SHA2-128f-simple_run29,active,67.318275,5.39625,0.596119,3.216808,216.368935
SPHINCS+-SHA2-128f-simple_run29,active,67.331016,5.38375,0.59594,3.208394,216.409812
SPHINCS+-SHA2-128f-simple_run29,active,67.343756,5.3975,0.595762,3.215623,216.450778
SPHINCS+-SHA2-128f-simple_run29,active,67.356498,5.39625,0.59594,3.215843,216.491754
SPHINCS+-SHA2-128f-simple_run29,active,67.369236,5.3975,0.595583,3.214658,216.532704
SPHINCS+-SHA2-128f-simple_run29,active,67.381977,5.39625,0.596477,3.218738,216.573712
SPHINCS+-SHA2-128f-simple_run29,active,67.394724,5.4,0.596834,3.222906,216.614797
SPHINCS+-SHA2-128f-simple_run29,active,67.40747,5.39875,0.596477,3.220229,216.65584
SPHINCS+-SHA2-128f-simple_run29,active,67.420213,5.3975,0.596119,3.217553,216.696841
SPHINCS+-SHA2-128f-simple_run29,active,67.432953,5.3825,0.59594,3.207649,216.737709
SPHINCS+-SHA2-128f-simple_run29,active,67.445705,5.3975,0.594868,3.210798,216.778652
SPHINCS+-SHA2-128f-simple_run29,active,67.4585,5.39375,0.595225,3.210496,216.81973
SPHINCS+-SHA2-128f-simple_run29,active,67.471246,5.3975,0.595583,3.214658,216.860704
SPHINCS+-SHA2-128f-simple_run29,active,67.483993,5.39625,0.595583,3.213914,216.901671
SPHINCS+-SHA2-128f-simple_run29,active,67.496743,5.3975,0.59594,3.216588,216.942683
SPHINCS+-SHA2-128f-simple_run29,active,67.509489,5.39625,0.595583,3.213914,216.983649
SPHINCS+-SHA2-128f-simple_run29,active,67.52223,5.39625,0.594689,3.209089,217.024536
SPHINCS+-SHA2-128f-simple_run29,active,67.534974,5.3825,0.595762,3.206687,217.0654
SPHINCS+-SHA2-128f-simple_run29,active,67.547715,5.3975,0.595225,3.212728,217.106335
SPHINCS+-SHA2-128f-simple_run29,active,67.560458,5.3975,0.595225,3.212728,217.147276
SPHINCS+-SHA2-128f-simple_run29,active,67.573199,5.39875,0.595225,3.213472,217.188216
SPHINCS+-SHA2-128f-simple_run29,active,67.58594,5.39875,0.591113,3.19127,217.228876
SPHINCS+-SHA2-128f-simple_run29,active,67.59869,5.3975,0.594331,3.207903,217.269777
SPHINCS+-SHA2-128f-simple_run29,active,67.611436,5.39125,0.59594,3.212864,217.310728
SPHINCS+-SHA2-128f-simple_run29,active,67.624189,5.39,0.595583,3.210191,217.351669
SPHINCS+-SHA2-128f-simple_run29,active,67.636932,5.39625,0.595046,3.211019,217.392588
SPHINCS+-SHA2-128f-simple_run29,active,67.649671,5.3975,0.59594,3.216588,217.433563
SPHINCS+-SHA2-128f-simple_run29,active,67.662411,5.4,0.59594,3.218078,217.47456
SPHINCS+-SHA2-128f-simple_run29,active,67.675149,5.3975,0.594152,3.206938,217.515411
SPHINCS+-SHA2-128f-simple_run29,active,67.690809,5.39625,0.595225,3.211984,217.565711
SPHINCS+-SHA2-128f-simple_run29,active,67.703564,5.395,0.595404,3.212205,217.606683
SPHINCS+-SHA2-128f-simple_run29,active,67.716309,5.39875,0.595046,3.212507,217.647626
SPHINCS+-SHA2-128f-simple_run29,active,67.729049,5.39625,0.595583,3.213914,217.68857
SPHINCS+-SHA2-128f-simple_run29,active,67.741791,5.3925,0.595225,3.209752,217.72947
SPHINCS+-SHA2-128f-simple_run29,active,67.754544,5.39625,0.595225,3.211984,217.770432
SPHINCS+-SHA2-128f-simple_run29,active,67.767285,5.40375,0.595225,3.216448,217.811412
SPHINCS+-SHA2-128f-simple_run29,active,67.780028,5.3975,0.595404,3.213693,217.852365
SPHINCS+-SHA2-128f-simple_run29,active,67.792769,5.3975,0.598801,3.232029,217.893544
SPHINCS+-SHA2-128f-simple_run29,active,67.805516,5.39875,0.595762,3.216368,217.934544
SPHINCS+-SHA2-128f-simple_run29,active,67.818261,5.39625,0.595225,3.211984,217.975481
SPHINCS+-SHA2-128f-simple_run29,active,67.831001,5.3875,0.595583,3.208702,218.01636
SPHINCS+-SHA2-128f-simple_run29,active,67.84374,5.38625,0.595583,3.207958,218.057224
SPHINCS+-SHA2-128f-simple_run29,active,67.85648,5.39625,0.596477,3.218738,218.098231
SPHINCS+-SHA2-128f-simple_run29,active,67.869216,5.39625,0.595762,3.214879,218.139176
SPHINCS+-SHA2-128f-simple_run29,active,67.881954,5.3975,0.595404,3.213693,218.180113
SPHINCS+-SHA2-128f-simple_run29,active,67.894692,5.39625,0.59594,3.215843,218.221076
SPHINCS+-SHA2-128f-simple_run29,active,67.907438,5.3975,0.59594,3.216588,218.262074
SPHINCS+-SHA2-128f-simple_run29,active,67.920185,5.3975,0.595762,3.215623,218.303065
SPHINCS+-SHA2-128f-simple_run29,active,67.932924,5.39625,0.595046,3.211019,218.343968
SPHINCS+-SHA2-128f-simple_run29,active,67.945661,5.38125,0.600589,3.231921,218.385134
SPHINCS+-SHA2-128f-simple_run29,active,67.958398,5.3975,0.59594,3.216588,218.426105
SPHINCS+-SHA2-128f-simple_run29,active,67.971138,5.3975,0.595046,3.211763,218.467021
SPHINCS+-SHA2-128f-simple_run29,active,67.98388,5.395,0.595225,3.21124,218.50794
SPHINCS+-SHA2-128f-simple_run29,active,67.99662,5.39625,0.597907,3.226457,218.549044
SPHINCS+-SHA2-128f-simple_run29,active,68.009364,5.39375,0.595404,3.21146,218.589971
SPHINCS+-SHA2-128f-simple_run29,active,68.022107,5.3975,0.595404,3.213693,218.630923
SPHINCS+-SHA2-128f-simple_run29,active,68.034848,5.39625,0.593795,3.204265,218.671747
SPHINCS+-SHA2-128f-simple_run29,active,68.047587,5.385,0.596477,3.212028,218.712668
SPHINCS+-SHA2-128f-simple_run29,active,68.060327,5.3975,0.595583,3.214658,218.753622
SPHINCS+-SHA2-128f-simple_run29,active,68.073067,5.3975,0.595046,3.211763,218.79454
SPHINCS+-SHA2-128f-simple_run29,active,68.085804,5.3975,0.602377,3.251331,218.835952
SPHINCS+-SHA2-128f-simple_run29,active,68.098543,5.3975,0.596119,3.217553,218.87694
SPHINCS+-SHA2-128f-simple_run29,active,68.111289,5.39625,0.59594,3.215843,218.91793
SPHINCS+-SHA2-128f-simple_run29,active,68.124036,5.39625,0.597371,3.223562,218.959018
SPHINCS+-SHA2-128f-simple_run29,active,68.136776,5.39625,0.596119,3.216808,219.000001
SPHINCS+-SHA2-128f-simple_run29,active,68.149514,5.3825,0.595583,3.205724,219.040837
SPHINCS+-SHA2-128f-simple_run29,active,68.162256,5.39375,0.59594,3.214354,219.081793
SPHINCS+-SHA2-128f-simple_run29,active,68.174994,5.39625,0.59594,3.215843,219.122758
SPHINCS+-SHA2-128f-simple_run29,active,68.187732,5.39625,0.595583,3.213914,219.163696
SPHINCS+-SHA2-128f-simple_run29,active,68.200475,5.3975,0.595583,3.214658,219.20466
SPHINCS+-SHA2-128f-simple_run29,active,68.213219,5.3975,0.595762,3.215623,219.245641
SPHINCS+-SHA2-128f-simple_run29,active,68.225967,5.39,0.597192,3.218865,219.286675
SPHINCS+-SHA2-128f-simple_run29,active,68.238709,5.3975,0.59594,3.216588,219.32766
SPHINCS+-SHA2-128f-simple_run29,active,68.25145,5.3925,0.596119,3.214573,219.368618
SPHINCS+-SHA2-128f-simple_run29,active,68.264192,5.3875,0.595762,3.209666,219.409515
SPHINCS+-SHA2-128f-simple_run29,active,68.276931,5.3975,0.595404,3.213693,219.450454
SPHINCS+-SHA2-128f-simple_run29,active,68.28967,5.39625,0.596119,3.216808,219.491433
SPHINCS+-SHA2-128f-simple_run29,active,68.30241,5.3975,0.59594,3.216588,219.532412
SPHINCS+-SHA2-128f-simple_run29,active,68.315172,5.39,0.596298,3.214046,219.573428
SPHINCS+-SHA2-128f-simple_run29,active,68.327949,5.3825,0.595404,3.204762,219.614376
SPHINCS+-SHA2-128f-simple_run29,active,68.340698,5.3975,0.595225,3.212728,219.655336
SPHINCS+-SHA2-128f-simple_run29,active,68.353443,5.39625,0.595762,3.214879,219.696308
SPHINCS+-SHA2-128f-simple_run29,active,68.366188,5.4,0.595404,3.215182,219.737286
SPHINCS+-SHA2-128f-simple_run29,active,68.37893,5.3975,0.595225,3.212728,219.778224
SPHINCS+-SHA2-128f-simple_run29,active,68.391674,5.3975,0.595404,3.213693,219.819178
SPHINCS+-SHA2-128f-simple_run29,active,68.404417,5.39625,0.595762,3.214879,219.860145
SPHINCS+-SHA2-128f-simple_run29,active,68.417207,5.39875,0.596119,3.218299,219.901307
SPHINCS+-SHA2-128f-simple_run29,active,68.429955,5.39625,0.595762,3.214879,219.942291
SPHINCS+-SHA2-128f-simple_run29,active,68.442697,5.395,0.595046,3.210275,219.983196
SPHINCS+-SHA2-128f-simple_run29,active,68.455438,5.39125,0.594331,3.204188,220.024021
SPHINCS+-SHA2-128f-simple_run29,active,68.468182,5.395,0.595583,3.213169,220.064971
SPHINCS+-SHA2-128f-simple_run29,active,68.480925,5.39625,0.595225,3.211984,220.105899
SPHINCS+-SHA2-128f-simple_run29,active,68.493665,5.395,0.594868,3.209311,220.146786
SPHINCS+-SHA2-128f-simple_run29,active,68.506406,5.3975,0.597907,3.227204,220.187906
SPHINCS+-SHA2-128f-simple_run29,active,68.519156,5.39625,0.59594,3.215843,220.228906
SPHINCS+-SHA2-128f-simple_run29,active,68.531904,5.3975,0.595583,3.214658,220.269886
SPHINCS+-SHA2-128f-simple_run29,active,68.544646,5.4025,0.593795,3.207976,220.310762
SPHINCS+-SHA2-128f-simple_run29,active,68.557385,5.37125,0.593795,3.18942,220.351393
SPHINCS+-SHA2-128f-simple_run29,active,68.570126,5.39375,0.594331,3.205674,220.392237
SPHINCS+-SHA2-128f-simple_run29,active,68.582897,5.39625,0.595583,3.213914,220.433282
SPHINCS+-SHA2-128f-simple_run29,active,68.595642,5.395,0.587894,3.17169,220.473706
SPHINCS+-SHA2-128f-simple_run29,active,68.608393,5.3975,0.596298,3.218518,220.514745
SPHINCS+-SHA2-128f-simple_run29,active,68.621175,5.3975,0.596298,3.218518,220.555884
SPHINCS+-SHA2-128f-simple_run29,active,68.633924,5.3975,0.596656,3.220449,220.596942
SPHINCS+-SHA2-128f-simple_run29,active,68.646667,5.3975,0.593795,3.205007,220.637783
SPHINCS+-SHA2-128f-simple_run29,active,68.659407,5.395,0.595583,3.213169,220.678719
SPHINCS+-SHA2-128f-simple_run29,active,68.672152,5.39625,0.596119,3.216808,220.719717
SPHINCS+-SHA2-128f-simple_run29,active,68.684894,5.39625,0.600053,3.238035,220.760975
SPHINCS+-SHA2-128f-simple_run29,active,68.697635,5.39625,0.59594,3.215843,220.801947
SPHINCS+-SHA2-128f-simple_run29,active,68.710376,5.3975,0.59594,3.216588,220.842932
SPHINCS+-SHA2-128f-simple_run29,active,68.723124,5.39625,0.595225,3.211984,220.883877
SPHINCS+-SHA2-128f-simple_run29,active,68.735874,5.395,0.598086,3.226674,220.925018
SPHINCS+-SHA2-128f-simple_run29,active,68.748631,5.39625,0.595225,3.211984,220.965992
SPHINCS+-SHA2-128f-simple_run29,active,68.761369,5.39625,0.595046,3.211019,221.006894
SPHINCS+-SHA2-128f-simple_run29,active,68.774108,5.3975,0.59451,3.208868,221.047774
SPHINCS+-SHA2-128f-simple_run29,active,68.786849,5.3925,0.595583,3.21168,221.088694
SPHINCS+-SHA2-128f-simple_run29,active,68.799591,5.39625,0.595046,3.211019,221.129608
SPHINCS+-SHA2-128f-simple_run29,active,68.812337,5.395,0.595046,3.210275,221.170526
SPHINCS+-SHA2-128f-simple_run29,active,68.825088,5.39375,0.59451,3.206638,221.211413
SPHINCS+-SHA2-128f-simple_run29,active,68.837833,5.3975,0.595762,3.215623,221.252395
SPHINCS+-SHA2-128f-simple_run29,active,68.850572,5.3975,0.595762,3.215623,221.29336
SPHINCS+-SHA2-128f-simple_run29,active,68.863312,5.3975,0.595225,3.212728,221.334292
SPHINCS+-SHA2-128f-simple_run29,active,68.876059,5.395,0.595046,3.210275,221.375212
SPHINCS+-SHA2-128f-simple_run29,active,68.8888,5.3975,0.595225,3.212728,221.416146
SPHINCS+-SHA2-128f-simple_run29,active,68.901538,5.395,0.595225,3.21124,221.45705
SPHINCS+-SHA2-128f-simple_run29,active,68.914279,5.3975,0.595583,3.214658,221.498007
SPHINCS+-SHA2-128f-simple_run29,active,68.927024,5.39625,0.596298,3.217773,221.539019
SPHINCS+-SHA2-128f-simple_run29,active,68.939768,5.39625,0.595583,3.213914,221.579978
SPHINCS+-SHA2-128f-simple_run29,active,68.952511,5.3975,0.596477,3.219484,221.621002
SPHINCS+-SHA2-128f-simple_run29,active,68.968215,5.395,0.59594,3.215098,221.671493
SPHINCS+-SHA2-128f-simple_run29,active,68.980983,5.39375,0.596477,3.217247,221.712569
SPHINCS+-SHA2-128f-simple_run29,active,68.993725,5.3975,0.593795,3.205007,221.753409
SPHINCS+-SHA2-128f-simple_run29,active,69.006488,5.3975,0.595762,3.215623,221.79445
SPHINCS+-SHA2-128f-simple_run29,active,69.019231,5.3975,0.595583,3.214658,221.835413
SPHINCS+-SHA2-128f-simple_run29,active,69.03198,5.39625,0.595583,3.213914,221.876388
SPHINCS+-SHA2-128f-simple_run29,active,69.044725,5.39625,0.59594,3.215843,221.917374
SPHINCS+-SHA2-128f-simple_run29,active,69.057465,5.3975,0.595762,3.215623,221.95834
SPHINCS+-SHA2-128f-simple_run29,active,69.070205,5.3975,0.596298,3.218518,221.999345
SPHINCS+-SHA2-128f-simple_run29,active,69.082946,5.39625,0.596119,3.216808,222.040329
SPHINCS+-SHA2-128f-simple_run29,active,69.095685,5.4,0.594868,3.212285,222.081251
SPHINCS+-SHA2-128f-simple_run29,active,69.108426,5.3975,0.59594,3.216588,222.122233
SPHINCS+-SHA2-128f-simple_run29,active,69.121196,5.39625,0.59594,3.215843,222.1633
SPHINCS+-SHA2-128f-simple_run29,active,69.133942,5.39625,0.596477,3.218738,222.204325
SPHINCS+-SHA2-128f-simple_run29,active,69.146681,5.39625,0.596119,3.216808,222.245304
SPHINCS+-SHA2-128f-simple_run29,active,69.159421,5.39625,0.596834,3.220668,222.286335
SPHINCS+-SHA2-128f-simple_run29,active,69.172162,5.39625,0.595404,3.212949,222.327271
SPHINCS+-SHA2-128f-simple_run29,active,69.184901,5.395,0.597013,3.220886,222.368304
SPHINCS+-SHA2-128f-simple_run29,active,69.197639,5.395,0.595583,3.213169,222.409232
SPHINCS+-SHA2-128f-simple_run29,active,69.210377,5.39375,0.595404,3.21146,222.45014
SPHINCS+-SHA2-128f-simple_run29,active,69.223116,5.39625,0.595225,3.211984,222.491059
SPHINCS+-SHA2-128f-simple_run29,active,69.235884,5.395,0.595583,3.213169,222.532085
SPHINCS+-SHA2-128f-simple_run29,active,69.248634,5.39875,0.595404,3.214437,222.573068
SPHINCS+-SHA2-128f-simple_run29,active,69.261374,5.3975,0.596656,3.220449,222.614097
SPHINCS+-SHA2-128f-simple_run29,active,69.274115,5.39875,0.596119,3.218299,222.6551
SPHINCS+-SHA2-128f-simple_run29,active,69.286855,5.39625,0.597371,3.223562,222.696167
SPHINCS+-SHA2-128f-simple_run29,active,69.299592,5.3975,0.59594,3.216588,222.737139
SPHINCS+-SHA2-128f-simple_run29,active,69.312334,5.39625,0.595583,3.213914,222.77809
SPHINCS+-SHA2-128f-simple_run29,active,69.325075,5.3925,0.593437,3.20011,222.818862
SPHINCS+-SHA2-128f-simple_run29,active,69.337818,5.3975,0.59594,3.216588,222.859852
SPHINCS+-SHA2-128f-simple_run29,active,69.350562,5.3975,0.595762,3.215623,222.900833
SPHINCS+-SHA2-128f-simple_run29,active,69.363302,5.3975,0.595583,3.214658,222.941785
SPHINCS+-SHA2-128f-simple_run29,active,69.376043,5.39375,0.59147,3.190243,222.982432
SPHINCS+-SHA2-128f-simple_run29,active,69.38879,5.3975,0.595046,3.211763,223.023372
SPHINCS+-SHA2-128f-simple_run29,active,69.401529,5.39625,0.59594,3.215843,223.064341
SPHINCS+-SHA2-128f-simple_run29,active,69.414269,5.39375,0.600053,3.236535,223.105573
SPHINCS+-SHA2-128f-simple_run29,active,69.427008,5.39625,0.596834,3.220668,223.146601
SPHINCS+-SHA2-128f-simple_run29,active,69.439753,5.39375,0.59594,3.214354,223.18757
SPHINCS+-SHA2-128f-simple_run29,active,69.4525,5.39375,0.597013,3.22014,223.228616
SPHINCS+-SHA2-128f-simple_run29,active,69.465238,5.3975,0.595583,3.214658,223.269566
SPHINCS+-SHA2-128f-simple_run29,active,69.477978,5.395,0.595404,3.212205,223.310487
SPHINCS+-SHA2-128f-simple_run29,active,69.490718,5.3975,0.595404,3.213693,223.35143
SPHINCS+-SHA2-128f-simple_run29,active,69.503457,5.39625,0.592901,3.199441,223.392189
SPHINCS+-SHA2-128f-simple_run29,active,69.516199,5.395,0.595404,3.212205,223.433117
SPHINCS+-SHA2-128f-simple_run29,active,69.528939,5.39625,0.595225,3.211984,223.474037
SPHINCS+-SHA2-128f-simple_run29,active,69.541683,5.39625,0.594331,3.20716,223.514911
SPHINCS+-SHA2-128f-simple_run29,active,69.554428,5.39875,0.587537,3.171964,223.555337
SPHINCS+-SHA2-128f-simple_run29,active,69.567169,5.39625,0.595583,3.213914,223.596284
SPHINCS+-SHA2-128f-simple_run29,active,69.57991,5.39875,0.595046,3.212507,223.637218
SPHINCS+-SHA2-128f-simple_run29,active,69.59265,5.3975,0.59594,3.216588,223.678197
SPHINCS+-SHA2-128f-simple_run29,active,69.605388,5.39875,0.592901,3.200923,223.71897
SPHINCS+-SHA2-128f-simple_run29,active,69.618128,5.3975,0.594689,3.209833,223.759862
SPHINCS+-SHA2-128f-simple_run29,active,69.630868,5.39625,0.595762,3.214879,223.80082
SPHINCS+-SHA2-128f-simple_run29,active,69.643615,5.3975,0.596477,3.219484,223.841857
SPHINCS+-SHA2-128f-simple_run29,active,69.656359,5.39625,0.595583,3.213914,223.882817
SPHINCS+-SHA2-128f-simple_run29,active,69.669099,5.3975,0.595225,3.212728,223.923748
SPHINCS+-SHA2-128f-simple_run29,active,69.681838,5.39625,0.596477,3.218738,223.964749
SPHINCS+-SHA2-128f-simple_run29,active,69.694577,5.3975,0.598622,3.231064,224.00591
SPHINCS+-SHA2-128f-simple_run29,active,69.707316,5.395,0.596834,3.219922,224.046929
SPHINCS+-SHA2-128f-simple_run29,active,69.720057,5.3975,0.596834,3.221414,224.087974
SPHINCS+-SHA2-128f-simple_run29,active,69.732826,5.3975,0.596119,3.217553,224.129057
SPHINCS+-SHA2-128f-simple_run29,active,69.745673,5.4,0.598086,3.229664,224.170548
SPHINCS+-SHA2-128f-simple_run29,active,69.758436,5.395,0.595225,3.21124,224.211534
SPHINCS+-SHA2-128f-simple_run29,active,69.771186,5.4,0.595225,3.214216,224.252516
SPHINCS+-SHA2-128f-simple_run29,active,69.783932,5.39375,0.594868,3.208567,224.293413
SPHINCS+-SHA2-128f-simple_run29,active,69.796682,5.3975,0.595046,3.211763,224.334363
SPHINCS+-SHA2-128f-simple_run29,active,69.809423,5.39625,0.59594,3.215843,224.375334
SPHINCS+-SHA2-128f-simple_run29,active,69.822164,5.3975,0.596477,3.219484,224.416355
SPHINCS+-SHA2-128f-simple_run29,active,69.834906,5.39375,0.59594,3.214354,224.457313
SPHINCS+-SHA2-128f-simple_run29,active,69.847652,5.39625,0.595404,3.212949,224.498265
SPHINCS+-SHA2-128f-simple_run29,active,69.8604,5.3975,0.595583,3.214658,224.539244
SPHINCS+-SHA2-128f-simple_run29,active,69.87318,5.3925,0.595225,3.209752,224.580266
SPHINCS+-SHA2-128f-simple_run29,active,69.885921,5.39625,0.595583,3.213914,224.621214
SPHINCS+-SHA2-128f-simple_run29,active,69.89866,5.39875,0.595762,3.216368,224.662189
SPHINCS+-SHA2-128f-simple_run29,active,69.911401,5.3975,0.595583,3.214658,224.703145
SPHINCS+-SHA2-128f-simple_run29,active,69.924143,5.395,0.591292,3.190018,224.743792
SPHINCS+-SHA2-128f-simple_run29,active,69.936885,5.39625,0.596119,3.216808,224.78478
SPHINCS+-SHA2-128f-simple_run29,active,69.949632,5.39625,0.596298,3.217773,224.825798
SPHINCS+-SHA2-128f-simple_run29,active,69.962376,5.39625,0.596477,3.218738,224.866819
SPHINCS+-SHA2-128f-simple_run29,active,69.975115,5.39625,0.593795,3.204265,224.907637
SPHINCS+-SHA2-128f-simple_run29,active,69.987884,5.39875,0.595583,3.215403,224.948696
SPHINCS+-SHA2-128f-simple_run29,active,70.000627,5.39625,0.595404,3.212949,224.989636
SPHINCS+-SHA2-128f-simple_run29,active,70.013365,5.39625,0.596119,3.216808,225.030614
SPHINCS+-SHA2-128f-simple_run29,active,70.026107,5.39625,0.596119,3.216808,225.071601
SPHINCS+-SHA2-128f-simple_run29,active,70.038847,5.39625,0.596119,3.216808,225.112583
SPHINCS+-SHA2-128f-simple_run29,active,70.051593,5.39625,0.59594,3.215843,225.153574
SPHINCS+-SHA2-128f-simple_run29,active,70.064341,5.39625,0.60041,3.239965,225.194877
SPHINCS+-SHA2-128f-simple_run29,active,70.077082,5.3975,0.595046,3.211763,225.235796
SPHINCS+-SHA2-128f-simple_run29,active,70.089821,5.39625,0.595225,3.211984,225.276713
SPHINCS+-SHA2-128f-simple_run29,active,70.102561,5.39625,0.593795,3.204265,225.317536
SPHINCS+-SHA2-128f-simple_run29,active,70.115301,5.3975,0.605774,3.269667,225.359192
SPHINCS+-SHA2-128f-simple_run29,active,70.128044,5.39625,0.595225,3.211984,225.400122
SPHINCS+-SHA2-128f-simple_run29,active,70.140785,5.39625,0.595225,3.211984,225.441047
SPHINCS+-SHA2-128f-simple_run29,active,70.153531,5.3975,0.595225,3.212728,225.481996
SPHINCS+-SHA2-128f-simple_run29,active,70.166272,5.3975,0.597192,3.223344,225.523064
SPHINCS+-SHA2-128f-simple_run29,active,70.179014,5.39625,0.595225,3.211984,225.56399
SPHINCS+-SHA2-128f-simple_run29,active,70.191752,5.39375,0.595225,3.210496,225.604886
SPHINCS+-SHA2-128f-simple_run29,active,70.204494,5.3825,0.594152,3.198025,225.645635
SPHINCS+-SHA2-128f-simple_run29,active,70.217231,5.39375,0.594689,3.207603,225.686492
SPHINCS+-SHA2-128f-simple_run29,active,70.22997,5.3975,0.595583,3.214658,225.727443
SPHINCS+-SHA2-128f-simple_run29,active,70.245674,5.39625,0.595583,3.213914,225.777915
SPHINCS+-SHA2-128f-simple_run29,active,70.258444,5.39625,0.595404,3.212949,225.818942
SPHINCS+-SHA2-128f-simple_run29,active,70.271191,5.39625,0.595583,3.213914,225.85991
SPHINCS+-SHA2-128f-simple_run29,active,70.283939,5.3975,0.591828,3.194392,225.900632
SPHINCS+-SHA2-128f-simple_run29,active,70.296678,5.39625,0.595225,3.211984,225.941549
SPHINCS+-SHA2-128f-simple_run29,active,70.309414,5.395,0.601304,3.244037,225.982867
SPHINCS+-SHA2-128f-simple_run29,active,70.322156,5.3975,0.595404,3.213693,226.023815
SPHINCS+-SHA2-128f-simple_run29,active,70.334895,5.39625,0.59308,3.200406,226.064585
SPHINCS+-SHA2-128f-simple_run29,active,70.347634,5.39625,0.592543,3.197511,226.10532
SPHINCS+-SHA2-128f-simple_run29,active,70.360384,5.39625,0.593437,3.202335,226.14615
SPHINCS+-SHA2-128f-simple_run29,active,70.373159,5.39625,0.595404,3.212949,226.187195
SPHINCS+-SHA2-128f-simple_run29,active,70.385898,5.3975,0.59755,3.225274,226.228282
SPHINCS+-SHA2-128f-simple_run29,active,70.398637,5.3975,0.595583,3.214658,226.269231
SPHINCS+-SHA2-128f-simple_run29,active,70.411373,5.395,0.595583,3.213169,226.310155
SPHINCS+-SHA2-128f-simple_run29,active,70.424112,5.395,0.596119,3.216063,226.351125
SPHINCS+-SHA2-128f-simple_run29,active,70.436852,5.3975,0.595583,3.214658,226.392079
SPHINCS+-SHA2-128f-simple_run29,active,70.44959,5.39625,0.596477,3.218738,226.433078
SPHINCS+-SHA2-128f-simple_run29,active,70.462335,5.39625,0.594152,3.206195,226.473943
SPHINCS+-SHA2-128f-simple_run29,active,70.475078,5.39625,0.595225,3.211984,226.514874
SPHINCS+-SHA2-128f-simple_run29,active,70.487842,5.3975,0.596119,3.217553,226.555943
SPHINCS+-SHA2-128f-simple_run29,active,70.500586,5.39625,0.595225,3.211984,226.596874
SPHINCS+-SHA2-128f-simple_run29,active,70.513324,5.4025,0.597192,3.22633,226.637973
SPHINCS+-SHA2-128f-simple_run29,active,70.526065,5.3975,0.597728,3.226239,226.679076
SPHINCS+-SHA2-128f-simple_run29,active,70.538804,5.39625,0.595762,3.214879,226.720031
SPHINCS+-SHA2-128f-simple_run29,active,70.551542,5.3975,0.595225,3.212728,226.760957
SPHINCS+-SHA2-128f-simple_run29,active,70.56429,5.395,0.595404,3.212205,226.801906
SPHINCS+-SHA2-128f-simple_run29,active,70.577034,5.39875,0.595583,3.215403,226.842882
SPHINCS+-SHA2-128f-simple_run29,active,70.589772,5.39625,0.595404,3.212949,226.883809
SPHINCS+-SHA2-128f-simple_run29,active,70.602511,5.4025,0.595583,3.217636,226.924797
SPHINCS+-SHA2-128f-simple_run29,active,70.61525,5.39375,0.59594,3.214354,226.965745
SPHINCS+-SHA2-128f-simple_run29,active,70.627991,5.3975,0.595225,3.212728,227.00668
SPHINCS+-SHA2-128f-simple_run29,active,70.64073,5.39375,0.594689,3.207603,227.04754
SPHINCS+-SHA2-128f-simple_run29,active,70.653466,5.39875,0.595046,3.212507,227.088456
SPHINCS+-SHA2-128f-simple_run29,active,70.666212,5.3975,0.594331,3.207903,227.129343
SPHINCS+-SHA2-128f-simple_run29,active,70.678955,5.39625,0.595046,3.211019,227.170262
SPHINCS+-SHA2-128f-simple_run29,active,70.691693,5.3975,0.595225,3.212728,227.211185
SPHINCS+-SHA2-128f-simple_run29,active,70.704434,5.4,0.596477,3.220975,227.252225
SPHINCS+-SHA2-128f-simple_run29,active,70.717201,5.39625,0.596119,3.216808,227.293292
SPHINCS+-SHA2-128f-simple_run29,active,70.72994,5.3975,0.595225,3.212728,227.33422
SPHINCS+-SHA2-128f-simple_run29,active,70.742694,5.4025,0.595583,3.217636,227.375256
SPHINCS+-SHA2-128f-simple_run29,active,70.755436,5.39625,0.59594,3.215843,227.416234
SPHINCS+-SHA2-128f-simple_run29,active,70.768201,5.39625,0.595583,3.213914,227.45726
SPHINCS+-SHA2-128f-simple_run29,active,70.780946,5.3975,0.595404,3.213693,227.498216
SPHINCS+-SHA2-128f-simple_run29,active,70.793684,5.39625,0.593437,3.202335,227.53901
SPHINCS+-SHA2-128f-simple_run29,active,70.80643,5.39875,0.595762,3.216368,227.580005
SPHINCS+-SHA2-128f-simple_run29,active,70.819171,5.3975,0.596119,3.217553,227.620999
SPHINCS+-SHA2-128f-simple_run29,active,70.831913,5.39625,0.595762,3.214879,227.661963
SPHINCS+-SHA2-128f-simple_run29,active,70.844653,5.3975,0.592901,3.200182,227.702732
SPHINCS+-SHA2-128f-simple_run29,active,70.85739,5.3975,0.59594,3.216588,227.743704
SPHINCS+-SHA2-128f-simple_run29,active,70.870136,5.39625,0.59594,3.215843,227.784692
SPHINCS+-SHA2-128f-simple_run29,active,70.882879,5.39625,0.593437,3.202335,227.825499
SPHINCS+-SHA2-128f-simple_run29,active,70.895617,5.39625,0.594868,3.210054,227.866389
SPHINCS+-SHA2-128f-simple_run29,active,70.908358,5.39625,0.595583,3.213914,227.907339
SPHINCS+-SHA2-128f-simple_run29,active,70.9211,5.3975,0.596119,3.217553,227.948335
SPHINCS+-SHA2-128f-simple_run29,active,70.933838,5.3975,0.596834,3.221414,227.98937
SPHINCS+-SHA2-128f-simple_run29,active,70.946578,5.39625,0.59755,3.224527,228.030451
SPHINCS+-SHA2-128f-simple_run29,active,70.959317,5.39625,0.595046,3.211019,228.071355
SPHINCS+-SHA2-128f-simple_run29,active,70.972071,5.395,0.597371,3.222815,228.112461
SPHINCS+-SHA2-128f-simple_run29,active,70.984848,5.3975,0.59755,3.225274,228.153668
SPHINCS+-SHA2-128f-simple_run29,active,70.997593,5.39625,0.595583,3.213914,228.194629
SPHINCS+-SHA2-128f-simple_run29,active,71.010337,5.3975,0.596298,3.218518,228.235646
SPHINCS+-SHA2-128f-simple_run29,active,71.023078,5.3975,0.597728,3.226239,228.276752
SPHINCS+-SHA2-128f-simple_run29,active,71.035856,5.3975,0.596119,3.217553,228.317867
SPHINCS+-SHA2-128f-simple_run29,active,71.048602,5.39625,0.595404,3.212949,228.358818
SPHINCS+-SHA2-128f-simple_run29,active,71.061343,5.395,0.595225,3.21124,228.399732
SPHINCS+-SHA2-128f-simple_run29,active,71.074094,5.3975,0.595762,3.215623,228.440735
SPHINCS+-SHA2-128f-simple_run29,active,71.086838,5.395,0.597371,3.222815,228.481807
SPHINCS+-SHA2-128f-simple_run29,active,71.099579,5.3975,0.595404,3.213693,228.522753
SPHINCS+-SHA2-128f-simple_run29,active,71.112323,5.39625,0.595225,3.211984,228.563686
SPHINCS+-SHA2-128f-simple_run29,active,71.125063,5.3975,0.595583,3.214658,228.604643
SPHINCS+-SHA2-128f-simple_run29,active,71.137802,5.3975,0.595225,3.212728,228.645567
SPHINCS+-SHA2-128f-simple_run29,active,71.150541,5.39625,0.595583,3.213914,228.686511
SPHINCS+-SHA2-128f-simple_run29,active,71.163282,5.3925,0.595046,3.208788,228.727392
SPHINCS+-SHA2-128f-simple_run29,active,71.176031,5.3975,0.595046,3.211763,228.768339
SPHINCS+-SHA2-128f-simple_run29,active,71.188778,5.3975,0.595225,3.212728,228.809294
SPHINCS+-SHA2-128f-simple_run29,active,71.201517,5.39625,0.595404,3.212949,228.850223
SPHINCS+-SHA2-128f-simple_run29,active,71.214259,5.3975,0.595225,3.212728,228.891158
SPHINCS+-SHA2-128f-simple_run29,active,71.227002,5.3975,0.595225,3.212728,228.932098
SPHINCS+-SHA2-128f-simple_run29,active,71.239741,5.3975,0.596119,3.217553,228.973087
SPHINCS+-SHA2-128f-simple_run29,active,71.252483,5.39625,0.595225,3.211984,229.014014
SPHINCS+-SHA2-128f-simple_run29,active,71.265222,5.395,0.595583,3.213169,229.054949
SPHINCS+-SHA2-128f-simple_run29,active,71.277969,5.39625,0.596298,3.217773,229.095965
SPHINCS+-SHA2-128f-simple_run29,active,71.290717,5.3975,0.596477,3.219484,229.137006
SPHINCS+-SHA2-128f-simple_run29,active,71.303461,5.40125,0.598622,3.233309,229.17821
SPHINCS+-SHA2-128f-simple_run29,active,71.316204,5.3975,0.596119,3.217553,229.219214
SPHINCS+-SHA2-128f-simple_run29,active,71.328945,5.3975,0.595404,3.213693,229.260159
SPHINCS+-SHA2-128f-simple_run29,active,71.341684,5.395,0.594689,3.208346,229.301028
SPHINCS+-SHA2-128f-simple_run29,active,71.354424,5.39625,0.597371,3.223562,229.342097
SPHINCS+-SHA2-128f-simple_run29,active,71.367165,5.39625,0.596119,3.216808,229.383083
SPHINCS+-SHA2-128f-simple_run29,active,71.379914,5.3975,0.596119,3.217553,229.424104
SPHINCS+-SHA2-128f-simple_run29,active,71.39266,5.39375,0.594868,3.208567,229.465
SPHINCS+-SHA2-128f-simple_run29,active,71.405401,5.39375,0.597371,3.222069,229.506052
SPHINCS+-SHA2-128f-simple_run29,active,71.418142,5.39875,0.59451,3.209611,229.546946
SPHINCS+-SHA2-128f-simple_run29,active,71.430885,5.39625,0.595583,3.213914,229.5879
SPHINCS+-SHA2-128f-simple_run29,active,71.443625,5.39625,0.593437,3.202335,229.6287
SPHINCS+-SHA2-128f-simple_run29,active,71.456365,5.3975,0.595225,3.212728,229.669629
SPHINCS+-SHA2-128f-simple_run29,active,71.469112,5.39875,0.595404,3.214437,229.710603
SPHINCS+-SHA2-128f-simple_run29,active,71.481859,5.3975,0.591649,3.193427,229.751309
SPHINCS+-SHA2-128f-simple_run29,active,71.494605,5.39625,0.594868,3.210054,229.792224
SPHINCS+-SHA2-128f-simple_run29,active,71.507346,5.39625,0.597728,3.225492,229.833322
SPHINCS+-SHA2-128f-simple_run29,active,71.522981,5.3975,0.596656,3.220449,229.883674
SPHINCS+-SHA2-128f-simple_run29,active,71.535741,5.39875,0.597728,3.226986,229.924848
SPHINCS+-SHA2-128f-simple_run29,active,71.548488,5.39625,0.59594,3.215843,229.965842
SPHINCS+-SHA2-128f-simple_run29,active,71.56123,5.39875,0.595046,3.212507,230.006775
SPHINCS+-SHA2-128f-simple_run29,active,71.573973,5.38875,0.59594,3.211374,230.047697
SPHINCS+-SHA2-128f-simple_run29,active,71.586722,5.39625,0.595404,3.212949,230.088661
SPHINCS+-SHA2-128f-simple_run29,active,71.599468,5.39625,0.595583,3.213914,230.129625
SPHINCS+-SHA2-128f-simple_run29,active,71.612211,5.3925,0.595583,3.21168,230.170551
SPHINCS+-SHA2-128f-simple_run29,active,71.624953,5.3975,0.595225,3.212728,230.211487
SPHINCS+-SHA2-128f-simple_run29,active,71.637694,5.395,0.598801,3.230532,230.252646
SPHINCS+-SHA2-128f-simple_run29,active,71.650442,5.3975,0.595225,3.212728,230.293604
SPHINCS+-SHA2-128f-simple_run29,active,71.663183,5.39125,0.596477,3.215756,230.334575
SPHINCS+-SHA2-128f-simple_run29,active,71.675926,5.3975,0.596119,3.217553,230.375577
SPHINCS+-SHA2-128f-simple_run29,active,71.688674,5.39125,0.595404,3.209972,230.416496
SPHINCS+-SHA2-128f-simple_run29,active,71.701417,5.3975,0.59594,3.216588,230.457487
SPHINCS+-SHA2-128f-simple_run29,active,71.714157,5.39625,0.594868,3.210054,230.498384
SPHINCS+-SHA2-128f-simple_run29,active,71.726897,5.39625,0.598086,3.227422,230.539499
SPHINCS+-SHA2-128f-simple_run29,active,71.739642,5.39625,0.601304,3.244789,230.580855
SPHINCS+-SHA2-128f-simple_run29,active,71.752396,5.39625,0.593616,3.2033,230.621711
SPHINCS+-SHA2-128f-simple_run29,active,71.765172,5.3975,0.597013,3.222379,230.662879
SPHINCS+-SHA2-128f-simple_run29,active,71.777915,5.3975,0.595225,3.212728,230.703819
SPHINCS+-SHA2-128f-simple_run29,active,71.790664,5.39625,0.595046,3.211019,230.744754
SPHINCS+-SHA2-128f-simple_run29,active,71.80341,5.3975,0.595583,3.214658,230.78573
SPHINCS+-SHA2-128f-simple_run29,active,71.816155,5.3975,0.595583,3.214658,230.826702
SPHINCS+-SHA2-128f-simple_run29,active,71.828897,5.3975,0.595225,3.212728,230.867636
SPHINCS+-SHA2-128f-simple_run29,active,71.841636,5.3975,0.599695,3.236855,230.90887
SPHINCS+-SHA2-128f-simple_run29,active,71.854376,5.39625,0.595046,3.211019,230.949781
SPHINCS+-SHA2-128f-simple_run29,active,71.867115,5.39625,0.596834,3.220668,230.990808
SPHINCS+-SHA2-128f-simple_run29,active,71.879882,5.395,0.595404,3.212205,231.031819
SPHINCS+-SHA2-128f-simple_run29,active,71.892633,5.395,0.59594,3.215098,231.072812
SPHINCS+-SHA2-128f-simple_run29,active,71.905377,5.38125,0.595046,3.202093,231.113622
SPHINCS+-SHA2-128f-simple_run29,active,71.918118,5.3975,0.595404,3.213693,231.154567
SPHINCS+-SHA2-128f-simple_run29,active,71.930857,5.39625,0.595046,3.211019,231.195471
SPHINCS+-SHA2-128f-simple_run29,active,71.943596,5.4,0.60041,3.242216,231.236775
SPHINCS+-SHA2-128f-simple_run29,active,71.956338,5.3975,0.596119,3.217553,231.277771
SPHINCS+-SHA2-128f-simple_run29,active,71.969077,5.3975,0.596298,3.218518,231.318774
SPHINCS+-SHA2-128f-simple_run29,active,71.981814,5.40125,0.59594,3.218823,231.359773
SPHINCS+-SHA2-128f-simple_run29,active,71.99456,5.39625,0.59594,3.215843,231.400761
SPHINCS+-SHA2-128f-simple_run29,active,72.007304,5.39875,0.596834,3.22216,231.441823
SPHINCS+-SHA2-128f-simple_run29,active,72.020046,5.39875,0.595583,3.215403,231.482793
SPHINCS+-SHA2-128f-simple_run29,active,72.032786,5.39125,0.595583,3.210936,231.523702
SPHINCS+-SHA2-128f-simple_run29,active,72.045524,5.39625,0.596119,3.216808,231.564678
SPHINCS+-SHA2-128f-simple_run29,active,72.058262,5.395,0.596119,3.216063,231.605644
SPHINCS+-SHA2-128f-simple_run29,active,72.071002,5.3975,0.596298,3.218518,231.646646
SPHINCS+-SHA2-128f-simple_run29,active,72.08374,5.39375,0.59594,3.214354,231.687592
SPHINCS+-SHA2-128f-simple_run29,active,72.096487,5.3975,0.595225,3.212728,231.728545
SPHINCS+-SHA2-128f-simple_run29,active,72.10923,5.395,0.595225,3.21124,231.769465
SPHINCS+-SHA2-128f-simple_run29,active,72.12197,5.39625,0.595583,3.213914,231.810409
SPHINCS+-SHA2-128f-simple_run29,active,72.13471,5.39625,0.596119,3.216808,231.851392
SPHINCS+-SHA2-128f-simple_run29,active,72.147451,5.3925,0.595583,3.21168,231.892312
SPHINCS+-SHA2-128f-simple_run29,active,72.160192,5.3975,0.59594,3.216588,231.933296
SPHINCS+-SHA2-128f-simple_run29,active,72.172933,5.40375,0.595583,3.218381,231.974301
SPHINCS+-SHA2-128f-simple_run29,active,72.185672,5.39625,0.598086,3.227422,232.015416
SPHINCS+-SHA2-128f-simple_run29,active,72.198419,5.39625,0.596119,3.216808,232.05642
SPHINCS+-SHA2-128f-simple_run29,active,72.211162,5.385,0.595583,3.207213,232.09729
SPHINCS+-SHA2-128f-simple_run29,active,72.223904,5.3975,0.598444,3.230099,232.138446
SPHINCS+-SHA2-128f-simple_run29,active,72.236646,5.39625,0.595583,3.213914,232.179399
SPHINCS+-SHA2-128f-simple_run29,active,72.249392,5.39875,0.597192,3.22409,232.220493
SPHINCS+-SHA2-128f-simple_run29,active,72.262131,5.39625,0.598265,3.228386,232.26162
SPHINCS+-SHA2-128f-simple_run29,active,72.274871,5.39875,0.597192,3.22409,232.302694
SPHINCS+-SHA2-128f-simple_run29,active,72.28761,5.39625,0.597371,3.223562,232.343759
SPHINCS+-SHA2-128f-simple_run29,active,72.300357,5.39375,0.597013,3.22014,232.384808
SPHINCS+-SHA2-128f-simple_run29,active,72.313101,5.3975,0.591828,3.194392,232.425516
SPHINCS+-SHA2-128f-simple_run29,active,72.325842,5.39625,0.597371,3.223562,232.466588
SPHINCS+-SHA2-128f-simple_run29,active,72.338583,5.39875,0.595583,3.215403,232.507554
SPHINCS+-SHA2-128f-simple_run29,active,72.351323,5.39625,0.600947,3.242859,232.548869
SPHINCS+-SHA2-128f-simple_run29,active,72.364064,5.3975,0.595583,3.214658,232.589826
SPHINCS+-SHA2-128f-simple_run29,active,72.376804,5.39625,0.595583,3.213914,232.630772
SPHINCS+-SHA2-128f-simple_run29,active,72.389541,5.395,0.595583,3.213169,232.671699
SPHINCS+-SHA2-128f-simple_run29,active,72.402286,5.39875,0.595404,3.214437,232.712667
SPHINCS+-SHA2-128f-simple_run29,active,72.415031,5.3975,0.596119,3.217553,232.753674
SPHINCS+-SHA2-128f-simple_run29,active,72.42777,5.39375,0.596119,3.215318,232.794633
SPHINCS+-SHA2-128f-simple_run29,active,72.440511,5.3975,0.593437,3.203077,232.835444
SPHINCS+-SHA2-128f-simple_run29,active,72.453248,5.39625,0.596119,3.216808,232.876418
SPHINCS+-SHA2-128f-simple_run29,active,72.465988,5.395,0.594689,3.208346,232.917291
SPHINCS+-SHA2-128f-simple_run29,active,72.478727,5.3975,0.595046,3.211763,232.958207
SPHINCS+-SHA2-128f-simple_run29,active,72.491465,5.3975,0.596298,3.218518,232.999204
SPHINCS+-SHA2-128f-simple_run29,active,72.504213,5.3975,0.595762,3.215623,233.040195
SPHINCS+-SHA2-128f-simple_run29,active,72.516957,5.3975,0.596119,3.217553,233.081201
SPHINCS+-SHA2-128f-simple_run29,active,72.529695,5.3975,0.596477,3.219484,233.122212
SPHINCS+-SHA2-128f-simple_run29,active,72.542465,5.39375,0.595046,3.209532,233.163196
SPHINCS+-SHA2-128f-simple_run29,active,72.555204,5.39625,0.596119,3.216808,233.204174
SPHINCS+-SHA2-128f-simple_run29,active,72.567947,5.39625,0.596834,3.220668,233.245214
SPHINCS+-SHA2-128f-simple_run29,active,72.580686,5.3975,0.595583,3.214658,233.286167
SPHINCS+-SHA2-128f-simple_run29,active,72.593424,5.395,0.59594,3.215098,233.32712
SPHINCS+-SHA2-128f-simple_run29,active,72.606171,5.395,0.596119,3.216063,233.368117
SPHINCS+-SHA2-128f-simple_run29,active,72.618917,5.39875,0.594868,3.211541,233.409051
SPHINCS+-SHA2-128f-simple_run29,active,72.631658,5.39625,0.596298,3.217773,233.450047
SPHINCS+-SHA2-128f-simple_run29,active,72.644401,5.39625,0.596477,3.218738,233.491064
SPHINCS+-SHA2-128f-simple_run29,active,72.657183,5.39625,0.596298,3.217773,233.532195
SPHINCS+-SHA2-128f-simple_run29,active,72.669924,5.39875,0.596119,3.218299,233.573199
SPHINCS+-SHA2-128f-simple_run29,active,72.682663,5.3925,0.59594,3.213609,233.614137
SPHINCS+-SHA2-128f-simple_run29,active,72.695402,5.39875,0.595404,3.214437,233.655085
SPHINCS+-SHA2-128f-simple_run29,active,72.708152,5.3975,0.595583,3.214658,233.696074
SPHINCS+-SHA2-128f-simple_run29,active,72.720895,5.4,0.595583,3.216147,233.737055
SPHINCS+-SHA2-128f-simple_run29,active,72.733631,5.3975,0.595404,3.213693,233.777985
SPHINCS+-SHA2-128f-simple_run29,active,72.746379,5.39625,0.597728,3.225492,233.819103
SPHINCS+-SHA2-128f-simple_run29,active,72.759119,5.385,0.597728,3.218767,233.860111
SPHINCS+-SHA2-128f-simple_run29,active,72.771889,5.39625,0.597907,3.226457,233.901314
SPHINCS+-SHA2-128f-simple_run29,active,72.784633,5.3975,0.596119,3.217553,233.942318
SPHINCS+-SHA2-128f-simple_run29,active,72.800337,5.3825,0.595583,3.205724,233.992661
SPHINCS+-SHA2-128f-simple_run29,active,72.813452,5.39125,0.59594,3.212864,234.034798
SPHINCS+-SHA2-128f-simple_run29,active,72.826268,5.38625,0.596477,3.212773,234.075973
SPHINCS+-SHA2-128f-simple_run29,active,72.838712,5.38375,0.595046,3.203581,234.115838
SPHINCS+-SHA2-128f-simple_run29,active,72.851157,5.39125,0.594152,3.203224,234.1557
SPHINCS+-SHA2-128f-simple_run29,active,72.863595,5.38625,0.595583,3.207958,234.195602
SPHINCS+-SHA2-128f-simple_run29,active,72.876042,5.385,0.595046,3.204325,234.235484
SPHINCS+-SHA2-128f-simple_run29,active,72.888478,5.3875,0.596119,3.211592,234.275425
SPHINCS+-SHA2-128f-simple_run29,active,72.900918,5.38875,0.596119,3.212337,234.315386
SPHINCS+-SHA2-128f-simple_run29,active,72.913361,5.38875,0.598444,3.224863,234.355514
SPHINCS+-SHA2-128f-simple_run29,active,72.925832,5.3975,0.595404,3.213693,234.39559
SPHINCS+-SHA2-128f-simple_run29,active,72.938609,5.39625,0.595404,3.212949,234.436645
SPHINCS+-SHA2-128f-simple_run29,active,72.951355,5.39625,0.597907,3.226457,234.477769
SPHINCS+-SHA2-128f-simple_run29,active,72.964101,5.3825,0.597371,3.215348,234.518749
SPHINCS+-SHA2-128f-simple_run29,active,72.976846,5.39625,0.595404,3.212949,234.559699
SPHINCS+-SHA2-128f-simple_run29,active,72.989585,5.39875,0.595046,3.212507,234.600625
SPHINCS+-SHA2-128f-simple_run29,active,73.002325,5.39625,0.596119,3.216808,234.641606
SPHINCS+-SHA2-128f-simple_run29,active,73.015076,5.39625,0.596119,3.216808,234.682623
SPHINCS+-SHA2-128f-simple_run29,active,73.027865,5.39625,0.596119,3.216808,234.723762
SPHINCS+-SHA2-128f-simple_run29,active,73.04061,5.395,0.596834,3.219922,234.764802
SPHINCS+-SHA2-128f-simple_run29,active,73.05335,5.395,0.59594,3.215098,234.805761
SPHINCS+-SHA2-128f-simple_run29,active,73.066093,5.3825,0.601662,3.238446,234.847029
SPHINCS+-SHA2-128f-simple_run29,active,73.078833,5.39625,0.596298,3.217773,234.888024
SPHINCS+-SHA2-128f-simple_run29,active,73.091574,5.39125,0.598622,3.227323,234.929144
SPHINCS+-SHA2-128f-simple_run29,active,73.104317,5.3975,0.596834,3.221414,234.970195
SPHINCS+-SHA2-128f-simple_run29,active,73.117067,5.39625,0.595404,3.212949,235.011159
SPHINCS+-SHA2-128f-simple_run29,active,73.129812,5.39625,0.595583,3.213914,235.052119
SPHINCS+-SHA2-128f-simple_run29,active,73.142552,5.39125,0.594689,3.206116,235.092965
SPHINCS+-SHA2-128f-simple_run29,active,73.155292,5.395,0.596477,3.217992,235.133964
SPHINCS+-SHA2-128f-simple_run29,active,73.168035,5.38375,0.600589,3.233422,235.175166
SPHINCS+-SHA2-128f-simple_run29,active,73.180775,5.40375,0.596298,3.222245,235.216218
SPHINCS+-SHA2-128f-simple_run29,active,73.193515,5.39625,0.596119,3.216808,235.2572
SPHINCS+-SHA2-128f-simple_run29,active,73.206255,5.39625,0.597907,3.226457,235.298306
SPHINCS+-SHA2-128f-simple_run29,active,73.219002,5.39625,0.595225,3.211984,235.33925
SPHINCS+-SHA2-128f-simple_run29,active,73.231747,5.39125,0.595046,3.208044,235.380135
SPHINCS+-SHA2-128f-simple_run29,active,73.244489,5.39625,0.595225,3.211984,235.421062
SPHINCS+-SHA2-128f-simple_run29,active,73.257228,5.39625,0.595762,3.214879,235.462015
SPHINCS+-SHA2-128f-simple_run29,active,73.269967,5.3825,0.59594,3.207649,235.502877
SPHINCS+-SHA2-128f-simple_run29,active,73.282705,5.39625,0.593616,3.2033,235.543682
SPHINCS+-SHA2-128f-simple_run29,active,73.295444,5.3975,0.595762,3.215623,235.584645
SPHINCS+-SHA2-128f-simple_run29,active,73.308184,5.39625,0.596119,3.216808,235.625628
SPHINCS+-SHA2-128f-simple_run29,active,73.320931,5.3975,0.594152,3.206938,235.666508
SPHINCS+-SHA2-128f-simple_run29,active,73.333673,5.39625,0.597013,3.221632,235.707557
SPHINCS+-SHA2-128f-simple_run29,active,73.346414,5.39625,0.59594,3.215843,235.748532
SPHINCS+-SHA2-128f-simple_run29,active,73.359156,5.39625,0.596477,3.218738,235.789543
SPHINCS+-SHA2-128f-simple_run29,active,73.371899,5.3825,0.594331,3.198988,235.830307
SPHINCS+-SHA2-128f-simple_run29,active,73.384639,5.3925,0.595225,3.209752,235.8712
SPHINCS+-SHA2-128f-simple_run29,active,73.397377,5.3975,0.595404,3.213693,235.912137
SPHINCS+-SHA2-128f-simple_run29,active,73.410116,5.395,0.591292,3.190018,235.952775
SPHINCS+-SHA2-128f-simple_run29,active,73.422861,5.39875,0.595225,3.213472,235.993729
SPHINCS+-SHA2-128f-simple_run29,active,73.435603,5.3975,0.59594,3.216588,236.034716
SPHINCS+-SHA2-128f-simple_run29,active,73.448346,5.39625,0.595404,3.212949,236.075657
SPHINCS+-SHA2-128f-simple_run29,active,73.461087,5.39625,0.592364,3.196546,236.116384
SPHINCS+-SHA2-128f-simple_run29,active,73.473828,5.395,0.59755,3.22378,236.157458
SPHINCS+-SHA2-128f-simple_run29,active,73.486567,5.39625,0.595046,3.211019,236.198365
SPHINCS+-SHA2-128f-simple_run29,active,73.499307,5.3975,0.596119,3.217553,236.239355
SPHINCS+-SHA2-128f-simple_run29,active,73.512048,5.3975,0.592007,3.195357,236.280069
SPHINCS+-SHA2-128f-simple_run29,active,73.524794,5.39625,0.596298,3.217773,236.321082
SPHINCS+-SHA2-128f-simple_run29,active,73.537537,5.39625,0.59594,3.215843,236.362061
SPHINCS+-SHA2-128f-simple_run29,active,73.550277,5.39625,0.596656,3.219703,236.403079
SPHINCS+-SHA2-128f-simple_run29,active,73.563015,5.3975,0.596119,3.217553,236.444066
SPHINCS+-SHA2-128f-simple_run29,active,73.575755,5.395,0.600947,3.242108,236.48537
SPHINCS+-SHA2-128f-simple_run29,active,73.588497,5.3975,0.596119,3.217553,236.526368
SPHINCS+-SHA2-128f-simple_run29,active,73.601235,5.39375,0.594689,3.207603,236.567228
SPHINCS+-SHA2-128f-simple_run29,active,73.613974,5.39625,0.595583,3.213914,236.608169
SPHINCS+-SHA2-128f-simple_run29,active,73.626722,5.3975,0.599516,3.23589,236.649419
SPHINCS+-SHA2-128f-simple_run29,active,73.639464,5.39625,0.595762,3.214879,236.690383
SPHINCS+-SHA2-128f-simple_run29,active,73.652206,5.3925,0.595583,3.21168,236.731306
SPHINCS+-SHA2-128f-simple_run29,active,73.664946,5.39875,0.596477,3.220229,236.772332
SPHINCS+-SHA2-128f-simple_run29,active,73.677684,5.39625,0.595225,3.211984,236.813248
SPHINCS+-SHA2-128f-simple_run29,active,73.690426,5.38875,0.595583,3.209447,236.854143
SPHINCS+-SHA2-128f-simple_run29,active,73.703166,5.39625,0.595404,3.212949,236.895074
SPHINCS+-SHA2-128f-simple_run29,active,73.715908,5.3975,0.59594,3.216588,236.936062
SPHINCS+-SHA2-128f-simple_run29,active,73.728654,5.3975,0.59594,3.216588,236.977058
SPHINCS+-SHA2-128f-simple_run29,active,73.741402,5.3975,0.595046,3.211763,237.018003
SPHINCS+-SHA2-128f-simple_run29,active,73.754157,5.39625,0.595762,3.214879,237.059007
SPHINCS+-SHA2-128f-simple_run29,active,73.766901,5.39875,0.598086,3.228917,237.100156
SPHINCS+-SHA2-128f-simple_run29,active,73.779644,5.39125,0.595225,3.209008,237.141049
SPHINCS+-SHA2-128f-simple_run29,active,73.792388,5.395,0.595762,3.214134,237.18201
SPHINCS+-SHA2-128f-simple_run29,active,73.805157,5.39625,0.595583,3.213914,237.223048
SPHINCS+-SHA2-128f-simple_run29,active,73.817897,5.39625,0.595583,3.213914,237.263995
SPHINCS+-SHA2-128f-simple_run29,active,73.830645,5.385,0.596477,3.212028,237.304941
SPHINCS+-SHA2-128f-simple_run29,active,73.84339,5.39625,0.595225,3.211984,237.345878
SPHINCS+-SHA2-128f-simple_run29,active,73.856133,5.39625,0.595046,3.211019,237.386795
SPHINCS+-SHA2-128f-simple_run29,active,73.868875,5.39625,0.595225,3.211984,237.427722
SPHINCS+-SHA2-128f-simple_run29,active,73.881611,5.40375,0.598265,3.232873,237.468898
SPHINCS+-SHA2-128f-simple_run29,active,73.894352,5.39625,0.597192,3.222597,237.509957
SPHINCS+-SHA2-128f-simple_run29,active,73.907091,5.39875,0.596119,3.218299,237.550955
SPHINCS+-SHA2-128f-simple_run29,active,73.919869,5.39625,0.593437,3.202335,237.591872
SPHINCS+-SHA2-128f-simple_run29,active,73.932619,5.39625,0.596298,3.217773,237.632901
SPHINCS+-SHA2-128f-simple_run29,active,73.945362,5.39625,0.59594,3.215843,237.67388
SPHINCS+-SHA2-128f-simple_run29,active,73.958101,5.39625,0.595225,3.211984,237.714799
SPHINCS+-SHA2-128f-simple_run29,active,73.970839,5.3975,0.59147,3.192461,237.755464
SPHINCS+-SHA2-128f-simple_run29,active,73.98358,5.3975,0.596119,3.217553,237.796459
SPHINCS+-SHA2-128f-simple_run29,active,73.996321,5.39625,0.596119,3.216808,237.837442
SPHINCS+-SHA2-128f-simple_run29,active,74.009056,5.39375,0.598801,3.229784,237.878576
SPHINCS+-SHA2-128f-simple_run29,active,74.021792,5.40125,0.59594,3.218823,237.91957
SPHINCS+-SHA2-128f-simple_run29,active,74.034537,5.3975,0.595583,3.214658,237.96054
SPHINCS+-SHA2-128f-simple_run29,active,74.047278,5.39625,0.596119,3.216808,238.001525
SPHINCS+-SHA2-128f-simple_run29,active,74.060018,5.3975,0.596656,3.220449,238.042554
SPHINCS+-SHA2-128f-simple_run29,active,74.075709,5.39625,0.59594,3.215843,238.093012
SPHINCS+-SHA2-128f-simple_run29,active,74.088469,5.395,0.60041,3.239214,238.134346
SPHINCS+-SHA2-128f-simple_run29,active,74.101211,5.40375,0.597013,3.22611,238.175453
SPHINCS+-SHA2-128f-simple_run29,active,74.113949,5.39625,0.594868,3.210054,238.216344
SPHINCS+-SHA2-128f-simple_run29,active,74.126689,5.3975,0.595225,3.212728,238.257272
SPHINCS+-SHA2-128f-simple_run29,active,74.139436,5.39625,0.595583,3.213914,238.29824
SPHINCS+-SHA2-128f-simple_run29,active,74.152182,5.39625,0.595225,3.211984,238.33918
SPHINCS+-SHA2-128f-simple_run29,active,74.164919,5.39625,0.595225,3.211984,238.380092
SPHINCS+-SHA2-128f-simple_run29,active,74.177656,5.3975,0.595046,3.211763,238.421
SPHINCS+-SHA2-128f-simple_run29,active,74.190395,5.39875,0.599874,3.23857,238.462255
SPHINCS+-SHA2-128f-simple_run29,active,74.203131,5.3975,0.596119,3.217553,238.503236
SPHINCS+-SHA2-128f-simple_run29,active,74.215875,5.39625,0.596119,3.216808,238.544231
SPHINCS+-SHA2-128f-simple_run29,active,74.228618,5.395,0.59594,3.215098,238.585199
SPHINCS+-SHA2-128f-simple_run29,active,74.241361,5.39875,0.590398,3.187409,238.625818
SPHINCS+-SHA2-128f-simple_run29,active,74.254104,5.395,0.595762,3.214134,238.666776
SPHINCS+-SHA2-128f-simple_run29,active,74.266846,5.395,0.595583,3.213169,238.707715
SPHINCS+-SHA2-128f-simple_run29,active,74.279584,5.3975,0.595762,3.215623,238.748678
SPHINCS+-SHA2-128f-simple_run29,active,74.292326,5.395,0.595046,3.210275,238.789583
SPHINCS+-SHA2-128f-simple_run29,active,74.305065,5.39125,0.595583,3.210936,238.830485
SPHINCS+-SHA2-128f-simple_run29,active,74.317801,5.39625,0.595404,3.212949,238.871408
SPHINCS+-SHA2-128f-simple_run29,active,74.33054,5.39375,0.599874,3.23557,238.912625
SPHINCS+-SHA2-128f-simple_run29,active,74.343285,5.3975,0.595583,3.214658,238.953595
SPHINCS+-SHA2-128f-simple_run29,active,74.356031,5.3975,0.596477,3.219484,238.99463
SPHINCS+-SHA2-128f-simple_run29,active,74.36877,5.39875,0.596119,3.218299,239.035629
SPHINCS+-SHA2-128f-simple_run29,active,74.38151,5.39625,0.592901,3.199441,239.076391
SPHINCS+-SHA2-128f-simple_run29,active,74.394249,5.39625,0.601126,3.243824,239.117713
SPHINCS+-SHA2-128f-simple_run29,active,74.406987,5.3975,0.597013,3.222379,239.15876
SPHINCS+-SHA2-128f-simple_run29,active,74.419726,5.39875,0.59451,3.209611,239.199647
SPHINCS+-SHA2-128f-simple_run29,active,74.432466,5.3975,0.595583,3.214658,239.240602
SPHINCS+-SHA2-128f-simple_run29,active,74.44521,5.39625,0.596656,3.219703,239.281635
SPHINCS+-SHA2-128f-simple_run29,active,74.457953,5.39625,0.59594,3.215843,239.322612
SPHINCS+-SHA2-128f-simple_run29,active,74.470692,5.39875,0.593437,3.203819,239.363426
SPHINCS+-SHA2-128f-simple_run29,active,74.483431,5.39625,0.595225,3.211984,239.404344
SPHINCS+-SHA2-128f-simple_run29,active,74.496173,5.395,0.600947,3.242108,239.445655
SPHINCS+-SHA2-128f-simple_run29,active,74.508912,5.3975,0.59594,3.216588,239.486632
SPHINCS+-SHA2-128f-simple_run29,active,74.521649,5.39875,0.59594,3.217333,239.52761
SPHINCS+-SHA2-128f-simple_run29,active,74.534389,5.39625,0.59594,3.215843,239.568579
SPHINCS+-SHA2-128f-simple_run29,active,74.547133,5.3975,0.59594,3.216588,239.609572
SPHINCS+-SHA2-128f-simple_run29,active,74.559877,5.395,0.593795,3.203523,239.6504
SPHINCS+-SHA2-128f-simple_run29,active,74.572616,5.39,0.595583,3.210191,239.691294
SPHINCS+-SHA2-128f-simple_run29,active,74.585354,5.39875,0.595583,3.215403,239.73225
SPHINCS+-SHA2-128f-simple_run29,active,74.598094,5.3975,0.598622,3.231064,239.773413
SPHINCS+-SHA2-128f-simple_run29,active,74.610831,5.395,0.59594,3.215098,239.814364
SPHINCS+-SHA2-128f-simple_run29,active,74.623568,5.3975,0.596834,3.221414,239.855398
SPHINCS+-SHA2-128f-simple_run29,active,74.63631,5.3975,0.594689,3.209833,239.896294
SPHINCS+-SHA2-128f-simple_run29,active,74.649054,5.3975,0.597192,3.223344,239.937374
SPHINCS+-SHA2-128f-simple_run29,active,74.661796,5.39625,0.595404,3.212949,239.978313
SPHINCS+-SHA2-128f-simple_run29,active,74.674535,5.39625,0.595762,3.214879,240.019268
SPHINCS+-SHA2-128f-simple_run29,active,74.687274,5.39625,0.59594,3.215843,240.060235
SPHINCS+-SHA2-128f-simple_run29,active,74.700016,5.3975,0.596119,3.217553,240.101233
SPHINCS+-SHA2-128f-simple_run29,active,74.712755,5.39625,0.594868,3.210054,240.142126
SPHINCS+-SHA2-128f-simple_run29,active,74.725492,5.395,0.595583,3.213169,240.183052
SPHINCS+-SHA2-128f-simple_run29,active,74.738235,5.3975,0.595046,3.211763,240.223979
SPHINCS+-SHA2-128f-simple_run29,active,74.750995,5.39125,0.596656,3.21672,240.265025
SPHINCS+-SHA2-128f-simple_run29,active,74.763739,5.39625,0.595583,3.213914,240.305983
SPHINCS+-SHA2-128f-simple_run29,active,74.776484,5.39625,0.595225,3.211984,240.346919
SPHINCS+-SHA2-128f-simple_run29,active,74.78922,5.39625,0.590755,3.187863,240.38752
SPHINCS+-SHA2-128f-simple_run29,active,74.80196,5.3975,0.600053,3.238785,240.428781
SPHINCS+-SHA2-128f-simple_run29,active,74.8147,5.3975,0.59594,3.216588,240.46976
SPHINCS+-SHA2-128f-simple_run29,active,74.827438,5.39,0.595762,3.211155,240.510664
SPHINCS+-SHA2-128f-simple_run29,active,74.840179,5.39875,0.593616,3.204784,240.551497
SPHINCS+-SHA2-128f-simple_run29,active,74.852924,5.39625,0.59594,3.215843,240.592484
SPHINCS+-SHA2-128f-simple_run29,idle_post,74.865827,5.39875,0.444676,2.400692,240.59255
SPHINCS+-SHA2-128f-simple_run29,idle_post,74.878594,5.39875,0.438596,2.367872,240.62278
SPHINCS+-SHA2-128f-simple_run29,idle_post,74.891334,5.3975,0.443424,2.393381,240.653272
SPHINCS+-SHA2-128f-simple_run29,idle_post,74.904075,5.3975,0.443066,2.391451,240.683742
SPHINCS+-SHA2-128f-simple_run29,idle_post,74.916812,5.39625,0.439133,2.36967,240.713924
SPHINCS+-SHA2-128f-simple_run29,idle_post,74.929548,5.39625,0.440384,2.376424,240.74419
SPHINCS+-SHA2-128f-simple_run29,idle_post,74.942286,5.39625,0.440742,2.378354,240.774484
SPHINCS+-SHA2-128f-simple_run29,idle_post,74.955028,5.395,0.43949,2.371051,240.804697
SPHINCS+-SHA2-128f-simple_run29,idle_post,74.96778,5.3975,0.440921,2.37987,240.835046
SPHINCS+-SHA2-128f-simple_run29,idle_post,74.980551,5.3975,0.437524,2.361534,240.865205
SPHINCS+-SHA2-128f-simple_run29,idle_post,74.993291,5.39625,0.440027,2.374495,240.895456
SPHINCS+-SHA2-128f-simple_run29,idle_post,75.006031,5.39625,0.445927,2.406335,240.926112
SPHINCS+-SHA2-128f-simple_run29,idle_post,75.018767,5.39625,0.441278,2.381249,240.95644
SPHINCS+-SHA2-128f-simple_run29,idle_post,75.031503,5.3975,0.43949,2.372149,240.986651
SPHINCS+-SHA2-128f-simple_run29,idle_post,75.04424,5.39875,0.440206,2.37656,241.016921
SPHINCS+-SHA2-128f-simple_run29,idle_post,75.056987,5.39625,0.440384,2.376424,241.047213
SPHINCS+-SHA2-128f-simple_run29,idle_post,75.069728,5.39875,0.440206,2.37656,241.077492
SPHINCS+-SHA2-128f-simple_run29,idle_post,75.082499,5.3975,0.439848,2.37408,241.107814
SPHINCS+-SHA2-128f-simple_run29,idle_post,75.095235,5.3975,0.440384,2.376975,241.138086
SPHINCS+-SHA2-128f-simple_run29,idle_post,75.10797,5.39625,0.444854,2.400546,241.168657
SPHINCS+-SHA2-128f-simple_run29,idle_post,75.120708,5.395,0.440384,2.375874,241.198921
SPHINCS+-SHA2-128f-simple_run29,idle_post,75.133443,5.39625,0.440027,2.374495,241.22916
SPHINCS+-SHA2-128f-simple_run29,idle_post,75.146177,5.39625,0.440027,2.374495,241.259397
SPHINCS+-SHA2-128f-simple_run29,idle_post,75.158918,5.3975,0.440027,2.375045,241.289658
SPHINCS+-SHA2-128f-simple_run29,idle_post,75.171657,5.39625,0.440384,2.376424,241.31993
SPHINCS+-SHA2-128f-simple_run29,idle_post,75.184396,5.3975,0.440921,2.37987,241.350249
SPHINCS+-SHA2-128f-simple_run29,idle_post,75.197163,5.3975,0.440206,2.37601,241.380581
SPHINCS+-SHA2-128f-simple_run29,idle_post,75.209899,5.3975,0.444139,2.397241,241.411114
SPHINCS+-SHA2-128f-simple_run29,idle_post,75.222635,5.395,0.440027,2.373945,241.441349
SPHINCS+-SHA2-128f-simple_run29,idle_post,75.235372,5.39625,0.440027,2.374495,241.471592
SPHINCS+-SHA2-128f-simple_run29,idle_post,75.248109,5.395,0.440027,2.373945,241.501828
SPHINCS+-SHA2-128f-simple_run29,idle_post,75.260853,5.3975,0.440921,2.37987,241.532158
SPHINCS+-SHA2-128f-simple_run29,idle_post,75.273591,5.39875,0.439312,2.371734,241.56237
SPHINCS+-SHA2-128f-simple_run29,idle_post,75.286326,5.39625,0.440027,2.374495,241.592608
SPHINCS+-SHA2-128f-simple_run29,idle_post,75.299063,5.4025,0.439669,2.375313,241.622862
SPHINCS+-SHA2-128f-simple_run29,idle_post,75.311796,5.3975,0.4411,2.380835,241.653177
SPHINCS+-SHA2-128f-simple_run29,idle_post,75.324534,5.39625,0.440027,2.374495,241.683424
SPHINCS+-SHA2-128f-simple_run29,idle_post,75.337267,5.3975,0.439848,2.37408,241.713654
SPHINCS+-SHA2-128f-simple_run29,idle_post,75.35295,5.3975,0.440027,2.375045,241.750902
SPHINCS+-SHA2-128f-simple_run29,idle_post,75.365715,5.3975,0.439848,2.37408,241.781207
SPHINCS+-SHA2-128f-simple_run29,idle_post,75.37848,5.39625,0.440027,2.374495,241.811516
SPHINCS+-SHA2-128f-simple_run29,idle_post,75.391216,5.39875,0.440921,2.380421,241.841833
SPHINCS+-SHA2-128f-simple_run29,idle_post,75.403958,5.3975,0.439848,2.37408,241.872083
SPHINCS+-SHA2-128f-simple_run29,idle_post,75.416695,5.3975,0.440027,2.375045,241.902335
SPHINCS+-SHA2-128f-simple_run29,idle_post,75.429429,5.39875,0.439669,2.373664,241.932562
SPHINCS+-SHA2-128f-simple_run29,idle_post,75.442165,5.3975,0.439669,2.373115,241.962785
SPHINCS+-SHA2-128f-simple_run29,idle_post,75.4549,5.3975,0.439848,2.37408,241.993019
SPHINCS+-SHA2-128f-simple_run29,idle_post,75.467641,5.39625,0.440027,2.374495,242.023274
SPHINCS+-SHA2-128f-simple_run29,idle_post,75.480382,5.395,0.440027,2.373945,242.05352
SPHINCS+-SHA2-128f-simple_run29,idle_post,75.493122,5.3975,0.440206,2.37601,242.08379
