run_id,phase,time_s,voltage_v,current_a,power_w,energy_j
SPHINCS+-SHA2-128f-simple_run19,active,0.000512,5.395,0.586464,3.163973,3.4e-05
SPHINCS+-SHA2-128f-simple_run19,active,0.013372,5.39625,0.595046,3.211019,0.041328
SPHINCS+-SHA2-128f-simple_run19,active,0.026135,5.3975,0.592901,3.200182,0.08217
SPHINCS+-SHA2-128f-simple_run19,active,0.038883,5.39625,0.592722,3.198476,0.122946
SPHINCS+-SHA2-128f-simple_run19,active,0.051626,5.39625,0.592722,3.198476,0.163704
SPHINCS+-SHA2-128f-simple_run19,active,0.064377,5.39375,0.599159,3.231713,0.204912
SPHINCS+-SHA2-128f-simple_run19,active,0.077122,5.39625,0.601304,3.244789,0.246265
SPHINCS+-SHA2-128f-simple_run19,active,0.089864,5.395,0.59594,3.215098,0.287233
SPHINCS+-SHA2-128f-simple_run19,active,0.102625,5.39875,0.595583,3.215403,0.328266
SPHINCS+-SHA2-128f-simple_run19,active,0.115373,5.3975,0.595225,3.212728,0.36922
SPHINCS+-SHA2-128f-simple_run19,active,0.128114,5.39625,0.595046,3.211019,0.410131
SPHINCS+-SHA2-128f-simple_run19,active,0.140857,5.3975,0.595404,3.213693,0.451085
SPHINCS+-SHA2-128f-simple_run19,active,0.153596,5.4,0.595225,3.214216,0.492031
SPHINCS+-SHA2-128f-simple_run19,active,0.166336,5.3975,0.595225,3.212728,0.532962
SPHINCS+-SHA2-128f-simple_run19,active,0.179078,5.3975,0.594331,3.207903,0.573835
SPHINCS+-SHA2-128f-simple_run19,active,0.191819,5.3975,0.597013,3.222379,0.614891
SPHINCS+-SHA2-128f-simple_run19,active,0.204579,5.39625,0.595583,3.213914,0.6559
SPHINCS+-SHA2-128f-simple_run19,active,0.217324,5.39625,0.595225,3.211984,0.696839
SPHINCS+-SHA2-128f-simple_run19,active,0.230064,5.39625,0.595046,3.211019,0.737747
SPHINCS+-SHA2-128f-simple_run19,active,0.242802,5.3975,0.600589,3.24168,0.779038
SPHINCS+-SHA2-128f-simple_run19,active,0.255543,5.39625,0.595404,3.212949,0.819974
SPHINCS+-SHA2-128f-simple_run19,active,0.268285,5.4,0.594868,3.212285,0.860906
SPHINCS+-SHA2-128f-simple_run19,active,0.281027,5.3975,0.596119,3.217553,0.901904
SPHINCS+-SHA2-128f-simple_run19,active,0.293767,5.3975,0.603092,3.255191,0.943375
SPHINCS+-SHA2-128f-simple_run19,active,0.306513,5.39625,0.596119,3.216808,0.984377
SPHINCS+-SHA2-128f-simple_run19,active,0.319261,5.395,0.59594,3.215098,1.025363
SPHINCS+-SHA2-128f-simple_run19,active,0.332002,5.38,0.593437,3.192692,1.066041
SPHINCS+-SHA2-128f-simple_run19,active,0.344746,5.3975,0.59755,3.225274,1.107143
SPHINCS+-SHA2-128f-simple_run19,active,0.35749,5.39625,0.594868,3.210054,1.148052
SPHINCS+-SHA2-128f-simple_run19,active,0.370229,5.39875,0.595046,3.212507,1.188977
SPHINCS+-SHA2-128f-simple_run19,active,0.382972,5.39375,0.596119,3.215318,1.229949
SPHINCS+-SHA2-128f-simple_run19,active,0.395713,5.39625,0.595583,3.213914,1.270898
SPHINCS+-SHA2-128f-simple_run19,active,0.408463,5.3975,0.595225,3.212728,1.31186
SPHINCS+-SHA2-128f-simple_run19,active,0.42121,5.39875,0.595583,3.215403,1.352848
SPHINCS+-SHA2-128f-simple_run19,active,0.433953,5.4,0.595583,3.216147,1.39383
SPHINCS+-SHA2-128f-simple_run19,active,0.446694,5.39875,0.595225,3.213472,1.434773
SPHINCS+-SHA2-128f-simple_run19,active,0.459435,5.39625,0.598265,3.228386,1.475907
SPHINCS+-SHA2-128f-simple_run19,active,0.472179,5.39875,0.595225,3.213472,1.516858
SPHINCS+-SHA2-128f-simple_run19,active,0.484921,5.39625,0.595046,3.211019,1.557774
SPHINCS+-SHA2-128f-simple_run19,active,0.497659,5.3975,0.595225,3.212728,1.598697
SPHINCS+-SHA2-128f-simple_run19,active,0.510406,5.3975,0.59594,3.216588,1.6397
SPHINCS+-SHA2-128f-simple_run19,active,0.523154,5.3975,0.595046,3.211763,1.680642
SPHINCS+-SHA2-128f-simple_run19,active,0.535894,5.39625,0.599695,3.236105,1.721872
SPHINCS+-SHA2-128f-simple_run19,active,0.548638,5.39625,0.59451,3.208125,1.762755
SPHINCS+-SHA2-128f-simple_run19,active,0.561378,5.39625,0.596119,3.216808,1.803736
SPHINCS+-SHA2-128f-simple_run19,active,0.574115,5.3975,0.595762,3.215623,1.844696
SPHINCS+-SHA2-128f-simple_run19,active,0.586854,5.39875,0.595046,3.212507,1.88562
SPHINCS+-SHA2-128f-simple_run19,active,0.599594,5.3975,0.595762,3.215623,1.926585
SPHINCS+-SHA2-128f-simple_run19,active,0.612343,5.39875,0.595225,3.213472,1.967554
SPHINCS+-SHA2-128f-simple_run19,active,0.625087,5.395,0.595046,3.210275,2.008467
SPHINCS+-SHA2-128f-simple_run19,active,0.637826,5.39625,0.595225,3.211984,2.049382
SPHINCS+-SHA2-128f-simple_run19,active,0.650567,5.395,0.595225,3.21124,2.090297
SPHINCS+-SHA2-128f-simple_run19,active,0.663308,5.3975,0.594331,3.207903,2.131169
SPHINCS+-SHA2-128f-simple_run19,active,0.676049,5.3975,0.604165,3.260982,2.172718
SPHINCS+-SHA2-128f-simple_run19,active,0.688793,5.39625,0.595583,3.213914,2.213675
SPHINCS+-SHA2-128f-simple_run19,active,0.701531,5.39875,0.595046,3.212507,2.254595
SPHINCS+-SHA2-128f-simple_run19,active,0.714518,5.39625,0.596477,3.218738,2.296398
SPHINCS+-SHA2-128f-simple_run19,active,0.727287,5.39625,0.595583,3.213914,2.337436
SPHINCS+-SHA2-128f-simple_run19,active,0.740031,5.3975,0.595046,3.211763,2.378368
SPHINCS+-SHA2-128f-simple_run19,active,0.752774,5.4,0.607384,3.279871,2.420163
SPHINCS+-SHA2-128f-simple_run19,active,0.765513,5.39875,0.598086,3.228917,2.461296
SPHINCS+-SHA2-128f-simple_run19,active,0.778252,5.39625,0.596656,3.219703,2.502313
SPHINCS+-SHA2-128f-simple_run19,active,0.79099,5.3975,0.592007,3.195357,2.543016
SPHINCS+-SHA2-128f-simple_run19,active,0.803729,5.39625,0.590576,3.186898,2.583612
SPHINCS+-SHA2-128f-simple_run19,active,0.816477,5.3975,0.595046,3.211763,2.624556
SPHINCS+-SHA2-128f-simple_run19,active,0.829224,5.39625,0.604523,3.262156,2.66614
SPHINCS+-SHA2-128f-simple_run19,active,0.841963,5.3975,0.593616,3.204042,2.706955
SPHINCS+-SHA2-128f-simple_run19,active,0.854703,5.39625,0.595583,3.213914,2.747901
SPHINCS+-SHA2-128f-simple_run19,active,0.867442,5.39625,0.595762,3.214879,2.788855
SPHINCS+-SHA2-128f-simple_run19,active,0.880185,5.39625,0.595225,3.211984,2.829784
SPHINCS+-SHA2-128f-simple_run19,active,0.892926,5.39625,0.592901,3.199441,2.870548
SPHINCS+-SHA2-128f-simple_run19,active,0.905663,5.3975,0.605059,3.265807,2.912145
SPHINCS+-SHA2-128f-simple_run19,active,0.918408,5.39875,0.595046,3.212507,2.953088
SPHINCS+-SHA2-128f-simple_run19,active,0.93115,5.39625,0.594689,3.209089,2.993979
SPHINCS+-SHA2-128f-simple_run19,active,0.94389,5.39625,0.595583,3.213914,3.034924
SPHINCS+-SHA2-128f-simple_run19,active,0.956631,5.39625,0.594868,3.210054,3.075823
SPHINCS+-SHA2-128f-simple_run19,active,0.96937,5.39625,0.595583,3.213914,3.116765
SPHINCS+-SHA2-128f-simple_run19,active,0.982109,5.39375,0.596477,3.217247,3.15775
SPHINCS+-SHA2-128f-simple_run19,active,0.994848,5.39625,0.59594,3.215843,3.198718
SPHINCS+-SHA2-128f-simple_run19,active,1.007589,5.3975,0.595225,3.212728,3.239651
SPHINCS+-SHA2-128f-simple_run19,active,1.020338,5.3975,0.595225,3.212728,3.280609
SPHINCS+-SHA2-128f-simple_run19,active,1.033083,5.40375,0.596656,3.224178,3.321701
SPHINCS+-SHA2-128f-simple_run19,active,1.045822,5.39875,0.595583,3.215403,3.362663
SPHINCS+-SHA2-128f-simple_run19,active,1.058564,5.395,0.59594,3.215098,3.403628
SPHINCS+-SHA2-128f-simple_run19,active,1.071304,5.39375,0.596656,3.218211,3.444629
SPHINCS+-SHA2-128f-simple_run19,active,1.084042,5.38375,0.595404,3.205506,3.485461
SPHINCS+-SHA2-128f-simple_run19,active,1.096782,5.3975,0.595583,3.214658,3.526416
SPHINCS+-SHA2-128f-simple_run19,active,1.109521,5.3975,0.596119,3.217553,3.567403
SPHINCS+-SHA2-128f-simple_run19,active,1.122265,5.38875,0.595225,3.20752,3.608282
SPHINCS+-SHA2-128f-simple_run19,active,1.135007,5.3975,0.596298,3.218518,3.64929
SPHINCS+-SHA2-128f-simple_run19,active,1.147746,5.39625,0.59594,3.215843,3.690259
SPHINCS+-SHA2-128f-simple_run19,active,1.160488,5.39625,0.59451,3.208125,3.731134
SPHINCS+-SHA2-128f-simple_run19,active,1.173226,5.39375,0.59594,3.214354,3.772082
SPHINCS+-SHA2-128f-simple_run19,active,1.185967,5.38125,0.595225,3.203056,3.812891
SPHINCS+-SHA2-128f-simple_run19,active,1.198707,5.39625,0.595225,3.211984,3.853812
SPHINCS+-SHA2-128f-simple_run19,active,1.211445,5.39875,0.59308,3.201888,3.894597
SPHINCS+-SHA2-128f-simple_run19,active,1.224192,5.395,0.595404,3.212205,3.935544
SPHINCS+-SHA2-128f-simple_run19,active,1.236935,5.395,0.59594,3.215098,3.976513
SPHINCS+-SHA2-128f-simple_run19,active,1.249675,5.39875,0.595583,3.215403,4.017476
SPHINCS+-SHA2-128f-simple_run19,active,1.262417,5.40375,0.595762,3.219347,4.058497
SPHINCS+-SHA2-128f-simple_run19,active,1.278037,5.39625,0.597907,3.226457,4.108894
SPHINCS+-SHA2-128f-simple_run19,active,1.29083,5.395,0.598265,3.227639,4.150188
SPHINCS+-SHA2-128f-simple_run19,active,1.303586,5.395,0.595583,3.213169,4.191175
SPHINCS+-SHA2-128f-simple_run19,active,1.316331,5.39625,0.596119,3.216808,4.23217
SPHINCS+-SHA2-128f-simple_run19,active,1.329083,5.39875,0.595583,3.215403,4.273173
SPHINCS+-SHA2-128f-simple_run19,active,1.34183,5.3975,0.595046,3.211763,4.314115
SPHINCS+-SHA2-128f-simple_run19,active,1.354571,5.3975,0.603986,3.260017,4.35565
SPHINCS+-SHA2-128f-simple_run19,active,1.367312,5.39625,0.59594,3.215843,4.396623
SPHINCS+-SHA2-128f-simple_run19,active,1.380052,5.3975,0.595762,3.215623,4.437589
SPHINCS+-SHA2-128f-simple_run19,active,1.392795,5.3975,0.595762,3.215623,4.478569
SPHINCS+-SHA2-128f-simple_run19,active,1.405534,5.39625,0.595583,3.213914,4.51951
SPHINCS+-SHA2-128f-simple_run19,active,1.418274,5.39625,0.595583,3.213914,4.560454
SPHINCS+-SHA2-128f-simple_run19,active,1.43102,5.3975,0.603808,3.259052,4.601993
SPHINCS+-SHA2-128f-simple_run19,active,1.443764,5.3975,0.59594,3.216588,4.642988
SPHINCS+-SHA2-128f-simple_run19,active,1.456505,5.395,0.595583,3.213169,4.683924
SPHINCS+-SHA2-128f-simple_run19,active,1.469244,5.39875,0.595225,3.213472,4.724864
SPHINCS+-SHA2-128f-simple_run19,active,1.481982,5.40625,0.597013,3.227603,4.765975
SPHINCS+-SHA2-128f-simple_run19,active,1.494724,5.39625,0.595225,3.211984,4.806904
SPHINCS+-SHA2-128f-simple_run19,active,1.507462,5.39875,0.604344,3.262702,4.848464
SPHINCS+-SHA2-128f-simple_run19,active,1.520204,5.39375,0.596119,3.215318,4.889432
SPHINCS+-SHA2-128f-simple_run19,active,1.53295,5.39625,0.596298,3.217773,4.930446
SPHINCS+-SHA2-128f-simple_run19,active,1.545693,5.39625,0.597728,3.225492,4.971548
SPHINCS+-SHA2-128f-simple_run19,active,1.558433,5.3975,0.595762,3.215623,5.012517
SPHINCS+-SHA2-128f-simple_run19,active,1.571174,5.39625,0.59594,3.215843,5.053487
SPHINCS+-SHA2-128f-simple_run19,active,1.583912,5.3975,0.604523,3.262912,5.095052
SPHINCS+-SHA2-128f-simple_run19,active,1.596656,5.39625,0.595583,3.213914,5.13601
SPHINCS+-SHA2-128f-simple_run19,active,1.609395,5.39625,0.59594,3.215843,5.176977
SPHINCS+-SHA2-128f-simple_run19,active,1.622133,5.39125,0.59147,3.188765,5.217596
SPHINCS+-SHA2-128f-simple_run19,active,1.634879,5.39625,0.596119,3.216808,5.258596
SPHINCS+-SHA2-128f-simple_run19,active,1.647624,5.3975,0.59594,3.216588,5.299592
SPHINCS+-SHA2-128f-simple_run19,active,1.660365,5.39625,0.59755,3.224527,5.340675
SPHINCS+-SHA2-128f-simple_run19,active,1.673106,5.3975,0.594689,3.209833,5.381572
SPHINCS+-SHA2-128f-simple_run19,active,1.685843,5.39625,0.597371,3.223562,5.42263
SPHINCS+-SHA2-128f-simple_run19,active,1.698583,5.39625,0.595583,3.213914,5.463576
SPHINCS+-SHA2-128f-simple_run19,active,1.711343,5.39625,0.596119,3.216808,5.504623
SPHINCS+-SHA2-128f-simple_run19,active,1.724175,5.39625,0.59451,3.208125,5.545789
SPHINCS+-SHA2-128f-simple_run19,active,1.736934,5.39625,0.598801,3.231281,5.587018
SPHINCS+-SHA2-128f-simple_run19,active,1.74968,5.395,0.591828,3.192912,5.627714
SPHINCS+-SHA2-128f-simple_run19,active,1.762421,5.3975,0.588431,3.176055,5.66818
SPHINCS+-SHA2-128f-simple_run19,active,1.775163,5.39625,0.59594,3.215843,5.709155
SPHINCS+-SHA2-128f-simple_run19,active,1.787904,5.39625,0.595583,3.213914,5.750105
SPHINCS+-SHA2-128f-simple_run19,active,1.800647,5.385,0.597371,3.216842,5.791097
SPHINCS+-SHA2-128f-simple_run19,active,1.813389,5.3975,0.597907,3.227204,5.832218
SPHINCS+-SHA2-128f-simple_run19,active,1.826126,5.39625,0.595583,3.213914,5.873155
SPHINCS+-SHA2-128f-simple_run19,active,1.838874,5.3975,0.596477,3.219484,5.914194
SPHINCS+-SHA2-128f-simple_run19,active,1.851619,5.39625,0.596656,3.219703,5.955229
SPHINCS+-SHA2-128f-simple_run19,active,1.864362,5.39625,0.595583,3.213914,5.996184
SPHINCS+-SHA2-128f-simple_run19,active,1.877101,5.3975,0.595225,3.212728,6.037112
SPHINCS+-SHA2-128f-simple_run19,active,1.88984,5.39625,0.600053,3.238035,6.078362
SPHINCS+-SHA2-128f-simple_run19,active,1.902581,5.38125,0.595404,3.204018,6.119183
SPHINCS+-SHA2-128f-simple_run19,active,1.91532,5.39625,0.595404,3.212949,6.160114
SPHINCS+-SHA2-128f-simple_run19,active,1.92806,5.39625,0.595583,3.213914,6.201059
SPHINCS+-SHA2-128f-simple_run19,active,1.940811,5.4,0.595046,3.213251,6.242032
SPHINCS+-SHA2-128f-simple_run19,active,1.953557,5.39375,0.595404,3.21146,6.282964
SPHINCS+-SHA2-128f-simple_run19,active,1.9663,5.3975,0.598444,3.230099,6.324127
SPHINCS+-SHA2-128f-simple_run19,active,1.979042,5.39875,0.595762,3.216368,6.365107
SPHINCS+-SHA2-128f-simple_run19,active,1.991781,5.39625,0.595583,3.213914,6.406051
SPHINCS+-SHA2-128f-simple_run19,active,2.004524,5.385,0.597371,3.216842,6.447044
SPHINCS+-SHA2-128f-simple_run19,active,2.017265,5.395,0.595583,3.213169,6.487982
SPHINCS+-SHA2-128f-simple_run19,active,2.030003,5.39375,0.595404,3.21146,6.528891
SPHINCS+-SHA2-128f-simple_run19,active,2.042753,5.39625,0.596477,3.218738,6.569927
SPHINCS+-SHA2-128f-simple_run19,active,2.055497,5.39875,0.595583,3.215403,6.610904
SPHINCS+-SHA2-128f-simple_run19,active,2.06824,5.3975,0.596477,3.219484,6.651931
SPHINCS+-SHA2-128f-simple_run19,active,2.080982,5.39,0.593974,3.201518,6.692724
SPHINCS+-SHA2-128f-simple_run19,active,2.09372,5.39625,0.596477,3.218738,6.733726
SPHINCS+-SHA2-128f-simple_run19,active,2.106462,5.38125,0.597371,3.214602,6.774686
SPHINCS+-SHA2-128f-simple_run19,active,2.119209,5.39875,0.593258,3.202854,6.815513
SPHINCS+-SHA2-128f-simple_run19,active,2.13196,5.3925,0.593616,3.201074,6.856329
SPHINCS+-SHA2-128f-simple_run19,active,2.144709,5.39625,0.596477,3.218738,6.897365
SPHINCS+-SHA2-128f-simple_run19,active,2.157488,5.39875,0.595583,3.215403,6.938456
SPHINCS+-SHA2-128f-simple_run19,active,2.170231,5.395,0.598801,3.230532,6.979623
SPHINCS+-SHA2-128f-simple_run19,active,2.182973,5.3925,0.598622,3.228071,7.020753
SPHINCS+-SHA2-128f-simple_run19,active,2.195714,5.39625,0.596119,3.216808,7.061737
SPHINCS+-SHA2-128f-simple_run19,active,2.208456,5.38375,0.596119,3.209357,7.102632
SPHINCS+-SHA2-128f-simple_run19,active,2.221195,5.39625,0.591292,3.190757,7.14328
SPHINCS+-SHA2-128f-simple_run19,active,2.233933,5.3975,0.595762,3.215623,7.184241
SPHINCS+-SHA2-128f-simple_run19,active,2.24668,5.39875,0.595225,3.213472,7.225202
SPHINCS+-SHA2-128f-simple_run19,active,2.259426,5.39625,0.602377,3.250578,7.266633
SPHINCS+-SHA2-128f-simple_run19,active,2.272196,5.39625,0.596119,3.216808,7.307714
SPHINCS+-SHA2-128f-simple_run19,active,2.284941,5.395,0.595404,3.212205,7.348652
SPHINCS+-SHA2-128f-simple_run19,active,2.29768,5.39625,0.595225,3.211984,7.38957
SPHINCS+-SHA2-128f-simple_run19,active,2.310421,5.39125,0.594331,3.204188,7.430395
SPHINCS+-SHA2-128f-simple_run19,active,2.323162,5.39625,0.59594,3.215843,7.471367
SPHINCS+-SHA2-128f-simple_run19,active,2.335902,5.39625,0.596656,3.219703,7.512387
SPHINCS+-SHA2-128f-simple_run19,active,2.348651,5.39625,0.595583,3.213914,7.55336
SPHINCS+-SHA2-128f-simple_run19,active,2.361395,5.39625,0.599516,3.23514,7.594588
SPHINCS+-SHA2-128f-simple_run19,active,2.374134,5.39625,0.595583,3.213914,7.63553
SPHINCS+-SHA2-128f-simple_run19,active,2.386872,5.39625,0.595404,3.212949,7.676457
SPHINCS+-SHA2-128f-simple_run19,active,2.399613,5.395,0.592186,3.194841,7.717162
SPHINCS+-SHA2-128f-simple_run19,active,2.412356,5.39625,0.595583,3.213914,7.758119
SPHINCS+-SHA2-128f-simple_run19,active,2.425096,5.39625,0.597013,3.221632,7.799162
SPHINCS+-SHA2-128f-simple_run19,active,2.437833,5.395,0.596119,3.216063,7.840126
SPHINCS+-SHA2-128f-simple_run19,active,2.45058,5.39375,0.595225,3.210496,7.881049
SPHINCS+-SHA2-128f-simple_run19,active,2.463327,5.39625,0.59594,3.215843,7.922042
SPHINCS+-SHA2-128f-simple_run19,active,2.476068,5.3925,0.595762,3.212644,7.962972
SPHINCS+-SHA2-128f-simple_run19,active,2.488811,5.3975,0.595762,3.215623,8.003949
SPHINCS+-SHA2-128f-simple_run19,active,2.501548,5.3975,0.595583,3.214658,8.044895
SPHINCS+-SHA2-128f-simple_run19,active,2.514288,5.39625,0.595583,3.213914,8.085841
SPHINCS+-SHA2-128f-simple_run19,active,2.527028,5.39625,0.595583,3.213914,8.126785
SPHINCS+-SHA2-128f-simple_run19,active,2.539769,5.39375,0.596656,3.218211,8.167789
SPHINCS+-SHA2-128f-simple_run19,active,2.555282,5.39625,0.59594,3.215843,8.217677
SPHINCS+-SHA2-128f-simple_run19,active,2.568042,5.3975,0.599695,3.236855,8.258978
SPHINCS+-SHA2-128f-simple_run19,active,2.580786,5.395,0.600589,3.240179,8.30027
SPHINCS+-SHA2-128f-simple_run19,active,2.593524,5.39625,0.595583,3.213914,8.341209
SPHINCS+-SHA2-128f-simple_run19,active,2.606264,5.39625,0.595046,3.211019,8.38212
SPHINCS+-SHA2-128f-simple_run19,active,2.619005,5.38375,0.592007,3.187217,8.422726
SPHINCS+-SHA2-128f-simple_run19,active,2.631744,5.395,0.589325,3.179407,8.463231
SPHINCS+-SHA2-128f-simple_run19,active,2.644485,5.3975,0.597907,3.227204,8.504348
SPHINCS+-SHA2-128f-simple_run19,active,2.657233,5.39625,0.595583,3.213914,8.545317
SPHINCS+-SHA2-128f-simple_run19,active,2.669976,5.39625,0.596477,3.218738,8.586335
SPHINCS+-SHA2-128f-simple_run19,active,2.682716,5.3975,0.594868,3.210798,8.627241
SPHINCS+-SHA2-128f-simple_run19,active,2.695455,5.3925,0.595225,3.209752,8.66813
SPHINCS+-SHA2-128f-simple_run19,active,2.708216,5.39625,0.595404,3.212949,8.70913
SPHINCS+-SHA2-128f-simple_run19,active,2.721002,5.3825,0.59594,3.207649,8.750142
SPHINCS+-SHA2-128f-simple_run19,active,2.733745,5.395,0.595762,3.214134,8.7911
SPHINCS+-SHA2-128f-simple_run19,active,2.746487,5.39625,0.595762,3.214879,8.832065
SPHINCS+-SHA2-128f-simple_run19,active,2.759235,5.39625,0.595583,3.213914,8.873036
SPHINCS+-SHA2-128f-simple_run19,active,2.77198,5.395,0.595583,3.213169,8.913988
SPHINCS+-SHA2-128f-simple_run19,active,2.784722,5.3975,0.606132,3.271597,8.955675
SPHINCS+-SHA2-128f-simple_run19,active,2.797506,5.39875,0.59594,3.217333,8.996804
SPHINCS+-SHA2-128f-simple_run19,active,2.810247,5.39,0.597013,3.217901,9.037803
SPHINCS+-SHA2-128f-simple_run19,active,2.82299,5.38375,0.595583,3.206469,9.078663
SPHINCS+-SHA2-128f-simple_run19,active,2.83573,5.39875,0.596834,3.22216,9.119713
SPHINCS+-SHA2-128f-simple_run19,active,2.848471,5.3975,0.595225,3.212728,9.160648
SPHINCS+-SHA2-128f-simple_run19,active,2.861219,5.395,0.605059,3.264294,9.202261
SPHINCS+-SHA2-128f-simple_run19,active,2.873964,5.39875,0.595583,3.215403,9.243241
SPHINCS+-SHA2-128f-simple_run19,active,2.886705,5.395,0.598086,3.226674,9.284351
SPHINCS+-SHA2-128f-simple_run19,active,2.899446,5.39125,0.590934,3.185873,9.324944
SPHINCS+-SHA2-128f-simple_run19,active,2.91219,5.39125,0.593616,3.200332,9.365729
SPHINCS+-SHA2-128f-simple_run19,active,2.924929,5.39625,0.594689,3.209089,9.40661
SPHINCS+-SHA2-128f-simple_run19,active,2.937667,5.3975,0.604523,3.262912,9.448172
SPHINCS+-SHA2-128f-simple_run19,active,2.950407,5.39375,0.59594,3.214354,9.489124
SPHINCS+-SHA2-128f-simple_run19,active,2.963154,5.3975,0.595583,3.214658,9.5301
SPHINCS+-SHA2-128f-simple_run19,active,2.975901,5.3975,0.595583,3.214658,9.571077
SPHINCS+-SHA2-128f-simple_run19,active,2.988643,5.3975,0.595225,3.212728,9.612013
SPHINCS+-SHA2-128f-simple_run19,active,3.001383,5.4,0.595404,3.215182,9.652976
SPHINCS+-SHA2-128f-simple_run19,active,3.014122,5.39625,0.597728,3.225492,9.694065
SPHINCS+-SHA2-128f-simple_run19,active,3.026863,5.3975,0.595583,3.214658,9.735021
SPHINCS+-SHA2-128f-simple_run19,active,3.039602,5.38875,0.59308,3.195958,9.775737
SPHINCS+-SHA2-128f-simple_run19,active,3.052345,5.3975,0.595583,3.214658,9.816699
SPHINCS+-SHA2-128f-simple_run19,active,3.065092,5.395,0.595583,3.213169,9.857659
SPHINCS+-SHA2-128f-simple_run19,active,3.077835,5.3975,0.595583,3.214658,9.898624
SPHINCS+-SHA2-128f-simple_run19,active,3.090576,5.40125,0.598622,3.233309,9.93982
SPHINCS+-SHA2-128f-simple_run19,active,3.103316,5.39625,0.59594,3.215843,9.980788
SPHINCS+-SHA2-128f-simple_run19,active,3.116056,5.3975,0.596119,3.217553,10.021781
SPHINCS+-SHA2-128f-simple_run19,active,3.128798,5.3825,0.59594,3.207649,10.062651
SPHINCS+-SHA2-128f-simple_run19,active,3.141537,5.3975,0.595404,3.213693,10.10359
SPHINCS+-SHA2-128f-simple_run19,active,3.154277,5.39875,0.595762,3.216368,10.144567
SPHINCS+-SHA2-128f-simple_run19,active,3.167022,5.39625,0.59594,3.215843,10.185553
SPHINCS+-SHA2-128f-simple_run19,active,3.179766,5.39875,0.593616,3.204784,10.226396
SPHINCS+-SHA2-128f-simple_run19,active,3.19251,5.3975,0.595404,3.213693,10.26735
SPHINCS+-SHA2-128f-simple_run19,active,3.205251,5.39875,0.595762,3.216368,10.308331
SPHINCS+-SHA2-128f-simple_run19,active,3.217991,5.395,0.595583,3.213169,10.349265
SPHINCS+-SHA2-128f-simple_run19,active,3.230732,5.39375,0.594152,3.20471,10.390098
SPHINCS+-SHA2-128f-simple_run19,active,3.243473,5.39625,0.597907,3.226457,10.431207
SPHINCS+-SHA2-128f-simple_run19,active,3.256215,5.3975,0.595225,3.212728,10.472143
SPHINCS+-SHA2-128f-simple_run19,active,3.268961,5.3975,0.588967,3.17895,10.512662
SPHINCS+-SHA2-128f-simple_run19,active,3.281705,5.39625,0.595225,3.211984,10.553595
SPHINCS+-SHA2-128f-simple_run19,active,3.294447,5.3975,0.595762,3.215623,10.594567
SPHINCS+-SHA2-128f-simple_run19,active,3.307187,5.3975,0.596119,3.217553,10.635559
SPHINCS+-SHA2-128f-simple_run19,active,3.319927,5.395,0.595583,3.213169,10.676497
SPHINCS+-SHA2-128f-simple_run19,active,3.332671,5.39625,0.595583,3.213914,10.717454
SPHINCS+-SHA2-128f-simple_run19,active,3.345412,5.3975,0.597728,3.226239,10.758559
SPHINCS+-SHA2-128f-simple_run19,active,3.358151,5.39625,0.596298,3.217773,10.799549
SPHINCS+-SHA2-128f-simple_run19,active,3.370899,5.39625,0.595583,3.213914,10.840521
SPHINCS+-SHA2-128f-simple_run19,active,3.383644,5.39125,0.597371,3.220575,10.881567
SPHINCS+-SHA2-128f-simple_run19,active,3.396387,5.3975,0.59898,3.232995,10.922765
SPHINCS+-SHA2-128f-simple_run19,active,3.409128,5.395,0.597371,3.222815,10.963827
SPHINCS+-SHA2-128f-simple_run19,active,3.421869,5.39875,0.595583,3.215403,11.004794
SPHINCS+-SHA2-128f-simple_run19,active,3.434611,5.39625,0.59594,3.215843,11.04577
SPHINCS+-SHA2-128f-simple_run19,active,3.44735,5.39625,0.595046,3.211019,11.086677
SPHINCS+-SHA2-128f-simple_run19,active,3.46009,5.4,0.596656,3.22194,11.127724
SPHINCS+-SHA2-128f-simple_run19,active,3.472839,5.39625,0.598622,3.230316,11.168908
SPHINCS+-SHA2-128f-simple_run19,active,3.485582,5.39625,0.597192,3.222597,11.209972
SPHINCS+-SHA2-128f-simple_run19,active,3.498323,5.4,0.594689,3.21132,11.250888
SPHINCS+-SHA2-128f-simple_run19,active,3.511062,5.4,0.59594,3.218078,11.291884
SPHINCS+-SHA2-128f-simple_run19,active,3.523803,5.3975,0.595404,3.213693,11.332828
SPHINCS+-SHA2-128f-simple_run19,active,3.536547,5.3975,0.604523,3.262912,11.37441
SPHINCS+-SHA2-128f-simple_run19,active,3.549288,5.40125,0.59594,3.218823,11.415422
SPHINCS+-SHA2-128f-simple_run19,active,3.562027,5.39625,0.595404,3.212949,11.456353
SPHINCS+-SHA2-128f-simple_run19,active,3.57481,5.395,0.595762,3.214134,11.497437
SPHINCS+-SHA2-128f-simple_run19,active,3.587554,5.39625,0.594689,3.209089,11.538334
SPHINCS+-SHA2-128f-simple_run19,active,3.600296,5.39625,0.59594,3.215843,11.579312
SPHINCS+-SHA2-128f-simple_run19,active,3.613036,5.3975,0.605596,3.268702,11.620955
SPHINCS+-SHA2-128f-simple_run19,active,3.625775,5.39625,0.597013,3.221632,11.661995
SPHINCS+-SHA2-128f-simple_run19,active,3.638515,5.395,0.596119,3.216063,11.702968
SPHINCS+-SHA2-128f-simple_run19,active,3.651256,5.39625,0.596656,3.219703,11.743991
SPHINCS+-SHA2-128f-simple_run19,active,3.663998,5.39625,0.595046,3.211019,11.784904
SPHINCS+-SHA2-128f-simple_run19,active,3.676747,5.3975,0.595583,3.214658,11.82589
SPHINCS+-SHA2-128f-simple_run19,active,3.689494,5.4025,0.604344,3.264968,11.867505
SPHINCS+-SHA2-128f-simple_run19,active,3.702235,5.3975,0.59594,3.216588,11.90849
SPHINCS+-SHA2-128f-simple_run19,active,3.715019,5.39625,0.596119,3.216808,11.949614
SPHINCS+-SHA2-128f-simple_run19,active,3.727779,5.39625,0.596119,3.216808,11.99066
SPHINCS+-SHA2-128f-simple_run19,active,3.74053,5.3975,0.596119,3.217553,12.031687
SPHINCS+-SHA2-128f-simple_run19,active,3.753273,5.395,0.595583,3.213169,12.072632
SPHINCS+-SHA2-128f-simple_run19,active,3.766012,5.39625,0.603271,3.255402,12.114104
SPHINCS+-SHA2-128f-simple_run19,active,3.778806,5.39875,0.59594,3.217333,12.155267
SPHINCS+-SHA2-128f-simple_run19,active,3.791553,5.39625,0.595583,3.213914,12.196233
SPHINCS+-SHA2-128f-simple_run19,active,3.804295,5.39625,0.59755,3.224527,12.237321
SPHINCS+-SHA2-128f-simple_run19,active,3.817038,5.3975,0.595404,3.213693,12.278273
SPHINCS+-SHA2-128f-simple_run19,active,3.832584,5.39625,0.600232,3.239,12.328625
SPHINCS+-SHA2-128f-simple_run19,active,3.845346,5.39625,0.596656,3.219703,12.369715
SPHINCS+-SHA2-128f-simple_run19,active,3.858089,5.40375,0.597907,3.230941,12.410886
SPHINCS+-SHA2-128f-simple_run19,active,3.87083,5.395,0.595583,3.213169,12.451825
SPHINCS+-SHA2-128f-simple_run19,active,3.883578,5.385,0.595583,3.207213,12.492713
SPHINCS+-SHA2-128f-simple_run19,active,3.896329,5.3975,0.59594,3.216588,12.533725
SPHINCS+-SHA2-128f-simple_run19,active,3.90907,5.39375,0.595404,3.21146,12.574642
SPHINCS+-SHA2-128f-simple_run19,active,3.921808,5.3975,0.598265,3.229134,12.615778
SPHINCS+-SHA2-128f-simple_run19,active,3.934549,5.39625,0.59594,3.215843,12.656748
SPHINCS+-SHA2-128f-simple_run19,active,3.947289,5.39875,0.595583,3.215403,12.697715
SPHINCS+-SHA2-128f-simple_run19,active,3.960028,5.40625,0.59594,3.221803,12.738758
SPHINCS+-SHA2-128f-simple_run19,active,3.97277,5.3975,0.596477,3.219484,12.779779
SPHINCS+-SHA2-128f-simple_run19,active,3.985513,5.39625,0.595404,3.212949,12.820721
SPHINCS+-SHA2-128f-simple_run19,active,3.998257,5.39375,0.599874,3.23557,12.861956
SPHINCS+-SHA2-128f-simple_run19,active,4.010998,5.39625,0.596298,3.217773,12.902952
SPHINCS+-SHA2-128f-simple_run19,active,4.023736,5.39625,0.595583,3.213914,12.943891
SPHINCS+-SHA2-128f-simple_run19,active,4.036478,5.395,0.59594,3.215098,12.984857
SPHINCS+-SHA2-128f-simple_run19,active,4.049218,5.39375,0.597728,3.223998,13.025934
SPHINCS+-SHA2-128f-simple_run19,active,4.061957,5.39625,0.595583,3.213914,13.066876
SPHINCS+-SHA2-128f-simple_run19,active,4.074697,5.39625,0.595762,3.214879,13.107834
SPHINCS+-SHA2-128f-simple_run19,active,4.087444,5.4,0.596477,3.220975,13.14889
SPHINCS+-SHA2-128f-simple_run19,active,4.100191,5.39375,0.596119,3.215318,13.189876
SPHINCS+-SHA2-128f-simple_run19,active,4.112933,5.3925,0.59594,3.213609,13.230825
SPHINCS+-SHA2-128f-simple_run19,active,4.125672,5.3975,0.598265,3.229134,13.271959
SPHINCS+-SHA2-128f-simple_run19,active,4.138413,5.4,0.60041,3.242216,13.313268
SPHINCS+-SHA2-128f-simple_run19,active,4.151154,5.3975,0.596119,3.217553,13.354263
SPHINCS+-SHA2-128f-simple_run19,active,4.163893,5.3975,0.596298,3.218518,13.395264
SPHINCS+-SHA2-128f-simple_run19,active,4.176636,5.39625,0.595225,3.211984,13.436196
SPHINCS+-SHA2-128f-simple_run19,active,4.189384,5.3975,0.594152,3.206938,13.477077
SPHINCS+-SHA2-128f-simple_run19,active,4.202127,5.39625,0.595404,3.212949,13.51802
SPHINCS+-SHA2-128f-simple_run19,active,4.214868,5.3975,0.604165,3.260982,13.559566
SPHINCS+-SHA2-128f-simple_run19,active,4.227607,5.39875,0.596656,3.221194,13.600602
SPHINCS+-SHA2-128f-simple_run19,active,4.24035,5.39625,0.600232,3.239,13.641877
SPHINCS+-SHA2-128f-simple_run19,active,4.253091,5.39875,0.595762,3.216368,13.682855
SPHINCS+-SHA2-128f-simple_run19,active,4.265832,5.39625,0.597728,3.225492,13.723951
SPHINCS+-SHA2-128f-simple_run19,active,4.278572,5.395,0.596119,3.216063,13.764925
SPHINCS+-SHA2-128f-simple_run19,active,4.291319,5.3975,0.605059,3.265807,13.806555
SPHINCS+-SHA2-128f-simple_run19,active,4.304063,5.39625,0.59594,3.215843,13.847538
SPHINCS+-SHA2-128f-simple_run19,active,4.316806,5.395,0.596119,3.216063,13.88852
SPHINCS+-SHA2-128f-simple_run19,active,4.329545,5.39625,0.59594,3.215843,13.929485
SPHINCS+-SHA2-128f-simple_run19,active,4.342285,5.39625,0.59594,3.215843,13.970457
SPHINCS+-SHA2-128f-simple_run19,active,4.355026,5.39375,0.595762,3.213389,14.011398
SPHINCS+-SHA2-128f-simple_run19,active,4.367768,5.3975,0.605059,3.265807,14.05301
SPHINCS+-SHA2-128f-simple_run19,active,4.380511,5.39625,0.596119,3.216808,14.094001
SPHINCS+-SHA2-128f-simple_run19,active,4.393257,5.3975,0.596656,3.220449,14.13505
SPHINCS+-SHA2-128f-simple_run19,active,4.406,5.3975,0.595762,3.215623,14.176027
SPHINCS+-SHA2-128f-simple_run19,active,4.418742,5.4,0.595404,3.215182,14.216996
SPHINCS+-SHA2-128f-simple_run19,active,4.431482,5.39625,0.595762,3.214879,14.257952
SPHINCS+-SHA2-128f-simple_run19,active,4.444227,5.39625,0.603092,3.254437,14.299431
SPHINCS+-SHA2-128f-simple_run19,active,4.456969,5.3975,0.596477,3.219484,14.340453
SPHINCS+-SHA2-128f-simple_run19,active,4.469708,5.3975,0.595046,3.211763,14.381367
SPHINCS+-SHA2-128f-simple_run19,active,4.482449,5.3975,0.59594,3.216588,14.422351
SPHINCS+-SHA2-128f-simple_run19,active,4.495197,5.3975,0.595583,3.214658,14.463329
SPHINCS+-SHA2-128f-simple_run19,active,4.507943,5.38875,0.594331,3.202702,14.504151
SPHINCS+-SHA2-128f-simple_run19,active,4.520686,5.3975,0.59594,3.216588,14.545141
SPHINCS+-SHA2-128f-simple_run19,active,4.533428,5.39625,0.598622,3.230316,14.586301
SPHINCS+-SHA2-128f-simple_run19,active,4.54617,5.39625,0.59594,3.215843,14.627277
SPHINCS+-SHA2-128f-simple_run19,active,4.558912,5.4025,0.59594,3.219568,14.6683
SPHINCS+-SHA2-128f-simple_run19,active,4.571651,5.3975,0.595762,3.215623,14.709266
SPHINCS+-SHA2-128f-simple_run19,active,4.584395,5.3925,0.597013,3.219394,14.750292
SPHINCS+-SHA2-128f-simple_run19,active,4.59714,5.39625,0.59594,3.215843,14.791278
SPHINCS+-SHA2-128f-simple_run19,active,4.609884,5.39625,0.596119,3.216808,14.832275
SPHINCS+-SHA2-128f-simple_run19,active,4.622624,5.39625,0.59594,3.215843,14.873245
SPHINCS+-SHA2-128f-simple_run19,active,4.635364,5.3975,0.59594,3.216588,14.914225
SPHINCS+-SHA2-128f-simple_run19,active,4.648104,5.3925,0.600232,3.236749,14.955459
SPHINCS+-SHA2-128f-simple_run19,active,4.660846,5.3975,0.59594,3.216588,14.996446
SPHINCS+-SHA2-128f-simple_run19,active,4.673586,5.39875,0.596477,3.220229,15.03747
SPHINCS+-SHA2-128f-simple_run19,active,4.686326,5.39625,0.598801,3.231281,15.078637
SPHINCS+-SHA2-128f-simple_run19,active,4.699074,5.39625,0.596656,3.219703,15.119681
SPHINCS+-SHA2-128f-simple_run19,active,4.711836,5.39875,0.59594,3.217333,15.160743
SPHINCS+-SHA2-128f-simple_run19,active,4.724633,5.39625,0.595762,3.214879,15.201882
SPHINCS+-SHA2-128f-simple_run19,active,4.737381,5.39625,0.590755,3.187863,15.242521
SPHINCS+-SHA2-128f-simple_run19,active,4.750125,5.3975,0.603986,3.260017,15.284068
SPHINCS+-SHA2-128f-simple_run19,active,4.762869,5.39625,0.596477,3.218738,15.325086
SPHINCS+-SHA2-128f-simple_run19,active,4.77561,5.3975,0.595762,3.215623,15.366058
SPHINCS+-SHA2-128f-simple_run19,active,4.788354,5.39625,0.593795,3.204265,15.406894
SPHINCS+-SHA2-128f-simple_run19,active,4.801107,5.39625,0.595583,3.213914,15.447878
SPHINCS+-SHA2-128f-simple_run19,active,4.813855,5.39875,0.595225,3.213472,15.488845
SPHINCS+-SHA2-128f-simple_run19,active,4.826598,5.39625,0.603986,3.259262,15.530376
SPHINCS+-SHA2-128f-simple_run19,active,4.83934,5.395,0.595762,3.214134,15.571332
SPHINCS+-SHA2-128f-simple_run19,active,4.852079,5.3975,0.596119,3.217553,15.61232
SPHINCS+-SHA2-128f-simple_run19,active,4.864823,5.39625,0.775813,4.186482,15.665672
SPHINCS+-SHA2-128f-simple_run19,active,4.877564,5.395,0.599338,3.233426,15.70687
SPHINCS+-SHA2-128f-simple_run19,active,4.890306,5.37,0.595225,3.196359,15.747599
SPHINCS+-SHA2-128f-simple_run19,active,4.903055,5.39625,0.59594,3.215843,15.788596
SPHINCS+-SHA2-128f-simple_run19,active,4.9158,5.3975,0.593258,3.202112,15.829409
SPHINCS+-SHA2-128f-simple_run19,active,4.928544,5.395,0.595583,3.213169,15.870357
SPHINCS+-SHA2-128f-simple_run19,active,4.941288,5.39625,0.596298,3.217773,15.911364
SPHINCS+-SHA2-128f-simple_run19,active,4.954029,5.39625,0.596298,3.217773,15.952362
SPHINCS+-SHA2-128f-simple_run19,active,4.966829,5.39875,0.598801,3.232778,15.993742
SPHINCS+-SHA2-128f-simple_run19,active,4.979574,5.3975,0.596477,3.219484,16.034774
SPHINCS+-SHA2-128f-simple_run19,active,4.992318,5.3975,0.601126,3.244575,16.076121
SPHINCS+-SHA2-128f-simple_run19,active,5.005067,5.3975,0.597728,3.226239,16.117252
SPHINCS+-SHA2-128f-simple_run19,active,5.017816,5.3925,0.597728,3.22325,16.158346
SPHINCS+-SHA2-128f-simple_run19,active,5.030557,5.39625,0.59594,3.215843,16.199321
SPHINCS+-SHA2-128f-simple_run19,active,5.043299,5.3975,0.604523,3.262912,16.240895
SPHINCS+-SHA2-128f-simple_run19,active,5.056042,5.395,0.596119,3.216063,16.281877
SPHINCS+-SHA2-128f-simple_run19,active,5.068786,5.39625,0.596119,3.216808,16.322871
SPHINCS+-SHA2-128f-simple_run19,active,5.081525,5.3975,0.595046,3.211763,16.363788
SPHINCS+-SHA2-128f-simple_run19,active,5.094267,5.39625,0.595583,3.213914,16.404739
SPHINCS+-SHA2-128f-simple_run19,active,5.109864,5.3925,0.59594,3.213609,16.454863
SPHINCS+-SHA2-128f-simple_run19,active,5.12265,5.39875,0.597371,3.225056,16.496096
SPHINCS+-SHA2-128f-simple_run19,active,5.135393,5.3975,0.595225,3.212728,16.537039
SPHINCS+-SHA2-128f-simple_run19,active,5.148164,5.395,0.597371,3.222815,16.578195
SPHINCS+-SHA2-128f-simple_run19,active,5.16091,5.3975,0.601126,3.244575,16.619551
SPHINCS+-SHA2-128f-simple_run19,active,5.173651,5.39875,0.595583,3.215403,16.660517
SPHINCS+-SHA2-128f-simple_run19,active,5.186391,5.3975,0.598622,3.231064,16.701683
SPHINCS+-SHA2-128f-simple_run19,active,5.199132,5.4,0.597907,3.228699,16.74282
SPHINCS+-SHA2-128f-simple_run19,active,5.21188,5.39625,0.595762,3.214879,16.783801
SPHINCS+-SHA2-128f-simple_run19,active,5.224629,5.3975,0.59594,3.216588,16.824811
SPHINCS+-SHA2-128f-simple_run19,active,5.237371,5.395,0.593258,3.200629,16.865593
SPHINCS+-SHA2-128f-simple_run19,active,5.250109,5.39375,0.596119,3.215318,16.906551
SPHINCS+-SHA2-128f-simple_run19,active,5.262849,5.39625,0.598444,3.229351,16.947691
SPHINCS+-SHA2-128f-simple_run19,active,5.275589,5.3975,0.597192,3.223344,16.988759
SPHINCS+-SHA2-128f-simple_run19,active,5.28833,5.39625,0.59594,3.215843,17.029732
SPHINCS+-SHA2-128f-simple_run19,active,5.301073,5.395,0.595583,3.213169,17.070674
SPHINCS+-SHA2-128f-simple_run19,active,5.313818,5.3975,0.596477,3.219484,17.111708
SPHINCS+-SHA2-128f-simple_run19,active,5.326563,5.39,0.59594,3.212119,17.152647
SPHINCS+-SHA2-128f-simple_run19,active,5.339304,5.39375,0.595583,3.212425,17.193576
SPHINCS+-SHA2-128f-simple_run19,active,5.352044,5.39625,0.597907,3.226457,17.23468
SPHINCS+-SHA2-128f-simple_run19,active,5.364783,5.39625,0.598801,3.231281,17.275843
SPHINCS+-SHA2-128f-simple_run19,active,5.377522,5.40375,0.595762,3.219347,17.316855
SPHINCS+-SHA2-128f-simple_run19,active,5.390262,5.3975,0.595762,3.215623,17.357824
SPHINCS+-SHA2-128f-simple_run19,active,5.403002,5.395,0.595225,3.21124,17.398733
SPHINCS+-SHA2-128f-simple_run19,active,5.415749,5.39125,0.597728,3.222503,17.43981
SPHINCS+-SHA2-128f-simple_run19,active,5.428495,5.4,0.597728,3.227733,17.480953
SPHINCS+-SHA2-128f-simple_run19,active,5.441236,5.39625,0.595762,3.214879,17.521912
SPHINCS+-SHA2-128f-simple_run19,active,5.453973,5.3975,0.59594,3.216588,17.562881
SPHINCS+-SHA2-128f-simple_run19,active,5.466713,5.40375,0.59594,3.220313,17.60391
SPHINCS+-SHA2-128f-simple_run19,active,5.479457,5.39625,0.59594,3.215843,17.644892
SPHINCS+-SHA2-128f-simple_run19,active,5.492199,5.39625,0.595583,3.213914,17.685842
SPHINCS+-SHA2-128f-simple_run19,active,5.50494,5.39625,0.598444,3.229351,17.726989
SPHINCS+-SHA2-128f-simple_run19,active,5.517686,5.4,0.59594,3.218078,17.768005
SPHINCS+-SHA2-128f-simple_run19,active,5.53043,5.3975,0.59594,3.216588,17.809
SPHINCS+-SHA2-128f-simple_run19,active,5.543172,5.3975,0.595762,3.215623,17.84997
SPHINCS+-SHA2-128f-simple_run19,active,5.555913,5.39125,0.595225,3.209008,17.890856
SPHINCS+-SHA2-128f-simple_run19,active,5.568656,5.3975,0.600589,3.24168,17.932165
SPHINCS+-SHA2-128f-simple_run19,active,5.581397,5.39625,0.59594,3.215843,17.973139
SPHINCS+-SHA2-128f-simple_run19,active,5.594135,5.3975,0.59594,3.216588,18.014113
SPHINCS+-SHA2-128f-simple_run19,active,5.606875,5.39125,0.596119,3.213828,18.055057
SPHINCS+-SHA2-128f-simple_run19,active,5.619613,5.39375,0.595583,3.212425,18.095976
SPHINCS+-SHA2-128f-simple_run19,active,5.632359,5.3975,0.595762,3.215623,18.136964
SPHINCS+-SHA2-128f-simple_run19,active,5.645101,5.39625,0.598444,3.229351,18.17811
SPHINCS+-SHA2-128f-simple_run19,active,5.65784,5.39625,0.598622,3.230316,18.219262
SPHINCS+-SHA2-128f-simple_run19,active,5.670579,5.39625,0.599695,3.236105,18.260487
SPHINCS+-SHA2-128f-simple_run19,active,5.683318,5.39625,0.596298,3.217773,18.301479
SPHINCS+-SHA2-128f-simple_run19,active,5.696057,5.39625,0.601126,3.243824,18.3428
SPHINCS+-SHA2-128f-simple_run19,active,5.708833,5.395,0.596477,3.217992,18.383916
SPHINCS+-SHA2-128f-simple_run19,active,5.721633,5.39625,0.603808,3.258297,18.425619
SPHINCS+-SHA2-128f-simple_run19,active,5.734385,5.39625,0.596119,3.216808,18.466641
SPHINCS+-SHA2-128f-simple_run19,active,5.74713,5.39625,0.59594,3.215843,18.507629
SPHINCS+-SHA2-128f-simple_run19,active,5.759872,5.395,0.596834,3.219922,18.548655
SPHINCS+-SHA2-128f-simple_run19,active,5.772618,5.39125,0.598801,3.228287,18.589804
SPHINCS+-SHA2-128f-simple_run19,active,5.785397,5.39625,0.599338,3.234176,18.631132
SPHINCS+-SHA2-128f-simple_run19,active,5.798137,5.39375,0.596834,3.219176,18.672145
SPHINCS+-SHA2-128f-simple_run19,active,5.810883,5.39625,0.59594,3.215843,18.713135
SPHINCS+-SHA2-128f-simple_run19,active,5.823635,5.395,0.59594,3.215098,18.754134
SPHINCS+-SHA2-128f-simple_run19,active,5.836383,5.4,0.598444,3.231595,18.79533
SPHINCS+-SHA2-128f-simple_run19,active,5.849124,5.39875,0.59594,3.217333,18.836322
SPHINCS+-SHA2-128f-simple_run19,active,5.861864,5.39875,0.595583,3.215403,18.877286
SPHINCS+-SHA2-128f-simple_run19,active,5.874604,5.3975,0.595762,3.215623,18.918252
SPHINCS+-SHA2-128f-simple_run19,active,5.887345,5.39625,0.596119,3.216808,18.959239
SPHINCS+-SHA2-128f-simple_run19,active,5.900087,5.3975,0.59594,3.216588,19.000222
SPHINCS+-SHA2-128f-simple_run19,active,5.912829,5.39625,0.59594,3.215843,19.041201
SPHINCS+-SHA2-128f-simple_run19,active,5.925575,5.39,0.596119,3.213082,19.082154
SPHINCS+-SHA2-128f-simple_run19,active,5.938323,5.3975,0.596477,3.219484,19.123195
SPHINCS+-SHA2-128f-simple_run19,active,5.951064,5.39625,0.597013,3.221632,19.164244
SPHINCS+-SHA2-128f-simple_run19,active,5.963806,5.39875,0.594689,3.210576,19.205153
SPHINCS+-SHA2-128f-simple_run19,active,5.976549,5.3975,0.598801,3.232029,19.246338
SPHINCS+-SHA2-128f-simple_run19,active,5.989291,5.39625,0.596119,3.216808,19.287325
SPHINCS+-SHA2-128f-simple_run19,active,6.00203,5.395,0.596298,3.217028,19.328309
SPHINCS+-SHA2-128f-simple_run19,active,6.014811,5.3975,0.596119,3.217553,19.369432
SPHINCS+-SHA2-128f-simple_run19,active,6.027557,5.4,0.598265,3.23063,19.410609
SPHINCS+-SHA2-128f-simple_run19,active,6.040305,5.395,0.595404,3.212205,19.451559
SPHINCS+-SHA2-128f-simple_run19,active,6.053046,5.39875,0.595762,3.216368,19.492539
SPHINCS+-SHA2-128f-simple_run19,active,6.065786,5.3975,0.595404,3.213693,19.533479
SPHINCS+-SHA2-128f-simple_run19,active,6.078527,5.3975,0.598622,3.231064,19.574646
SPHINCS+-SHA2-128f-simple_run19,active,6.091268,5.3975,0.595046,3.211763,19.615569
SPHINCS+-SHA2-128f-simple_run19,active,6.104007,5.3975,0.599159,3.23396,19.656767
SPHINCS+-SHA2-128f-simple_run19,active,6.116749,5.39875,0.59594,3.217333,19.69776
SPHINCS+-SHA2-128f-simple_run19,active,6.129496,5.3975,0.596119,3.217553,19.738774
SPHINCS+-SHA2-128f-simple_run19,active,6.14224,5.39625,0.596119,3.216808,19.779772
SPHINCS+-SHA2-128f-simple_run19,active,6.154983,5.395,0.596119,3.216063,19.820754
SPHINCS+-SHA2-128f-simple_run19,active,6.167723,5.395,0.59594,3.215098,19.861714
SPHINCS+-SHA2-128f-simple_run19,active,6.180466,5.3975,0.603629,3.258086,19.903229
SPHINCS+-SHA2-128f-simple_run19,active,6.193208,5.39625,0.59594,3.215843,19.944207
SPHINCS+-SHA2-128f-simple_run19,active,6.205946,5.39125,0.597728,3.222503,19.985254
SPHINCS+-SHA2-128f-simple_run19,active,6.218686,5.3975,0.595583,3.214658,20.02621
SPHINCS+-SHA2-128f-simple_run19,active,6.231432,5.39625,0.596119,3.216808,20.06721
SPHINCS+-SHA2-128f-simple_run19,active,6.244178,5.395,0.596477,3.217992,20.108229
SPHINCS+-SHA2-128f-simple_run19,active,6.256923,5.395,0.597013,3.220886,20.149278
SPHINCS+-SHA2-128f-simple_run19,active,6.269662,5.39625,0.595583,3.213914,20.190219
SPHINCS+-SHA2-128f-simple_run19,active,6.282401,5.39625,0.600947,3.242859,20.231531
SPHINCS+-SHA2-128f-simple_run19,active,6.295144,5.3975,0.592007,3.195357,20.272248
SPHINCS+-SHA2-128f-simple_run19,active,6.307884,5.39625,0.595583,3.213914,20.313196
SPHINCS+-SHA2-128f-simple_run19,active,6.320626,5.39875,0.595583,3.215403,20.354164
SPHINCS+-SHA2-128f-simple_run19,active,6.333372,5.3975,0.595583,3.214658,20.395138
SPHINCS+-SHA2-128f-simple_run19,active,6.346114,5.395,0.59594,3.215098,20.436107
SPHINCS+-SHA2-128f-simple_run19,active,6.358855,5.3975,0.596119,3.217553,20.477101
SPHINCS+-SHA2-128f-simple_run19,active,6.371595,5.39625,0.595762,3.214879,20.518058
SPHINCS+-SHA2-128f-simple_run19,active,6.387149,5.39625,0.595583,3.213914,20.568048
SPHINCS+-SHA2-128f-simple_run19,active,6.39991,5.3975,0.603986,3.260017,20.609648
SPHINCS+-SHA2-128f-simple_run19,active,6.412656,5.39625,0.597013,3.221632,20.650711
SPHINCS+-SHA2-128f-simple_run19,active,6.425398,5.39125,0.595404,3.209972,20.691613
SPHINCS+-SHA2-128f-simple_run19,active,6.438142,5.39625,0.596298,3.217773,20.732621
SPHINCS+-SHA2-128f-simple_run19,active,6.450888,5.395,0.596656,3.218957,20.773649
SPHINCS+-SHA2-128f-simple_run19,active,6.463628,5.39875,0.595583,3.215403,20.814614
SPHINCS+-SHA2-128f-simple_run19,active,6.47637,5.39125,0.59594,3.212864,20.855551
SPHINCS+-SHA2-128f-simple_run19,active,6.489109,5.39625,0.595762,3.214879,20.896507
SPHINCS+-SHA2-128f-simple_run19,active,6.501849,5.39625,0.595225,3.211984,20.937427
SPHINCS+-SHA2-128f-simple_run19,active,6.514589,5.40125,0.595583,3.216892,20.978409
SPHINCS+-SHA2-128f-simple_run19,active,6.527328,5.39625,0.595583,3.213914,21.019354
SPHINCS+-SHA2-128f-simple_run19,active,6.540073,5.39625,0.595225,3.211984,21.060288
SPHINCS+-SHA2-128f-simple_run19,active,6.552819,5.39625,0.594868,3.210054,21.101203
SPHINCS+-SHA2-128f-simple_run19,active,6.565557,5.40375,0.598265,3.232873,21.142384
SPHINCS+-SHA2-128f-simple_run19,active,6.578294,5.375,0.595225,3.199335,21.183134
SPHINCS+-SHA2-128f-simple_run19,active,6.591034,5.39625,0.59594,3.215843,21.224103
SPHINCS+-SHA2-128f-simple_run19,active,6.603774,5.39875,0.595762,3.216368,21.26508
SPHINCS+-SHA2-128f-simple_run19,active,6.616515,5.3975,0.595225,3.212728,21.306013
SPHINCS+-SHA2-128f-simple_run19,active,6.629254,5.39875,0.598086,3.228917,21.347146
SPHINCS+-SHA2-128f-simple_run19,active,6.641998,5.3975,0.595583,3.214658,21.388115
SPHINCS+-SHA2-128f-simple_run19,active,6.654746,5.39375,0.597907,3.224962,21.429226
SPHINCS+-SHA2-128f-simple_run19,active,6.667486,5.3975,0.59594,3.216588,21.470208
SPHINCS+-SHA2-128f-simple_run19,active,6.68023,5.39625,0.596477,3.218738,21.511225
SPHINCS+-SHA2-128f-simple_run19,active,6.692971,5.3975,0.595762,3.215623,21.552197
SPHINCS+-SHA2-128f-simple_run19,active,6.705727,5.39625,0.596834,3.220668,21.593281
SPHINCS+-SHA2-128f-simple_run19,active,6.718512,5.39625,0.597013,3.221632,21.634468
SPHINCS+-SHA2-128f-simple_run19,active,6.731258,5.3975,0.596656,3.220449,21.675515
SPHINCS+-SHA2-128f-simple_run19,active,6.744007,5.39625,0.592186,3.195582,21.716257
SPHINCS+-SHA2-128f-simple_run19,active,6.756756,5.395,0.59594,3.215098,21.757246
SPHINCS+-SHA2-128f-simple_run19,active,6.769499,5.3975,0.59594,3.216588,21.798233
SPHINCS+-SHA2-128f-simple_run19,active,6.782239,5.3975,0.598265,3.229134,21.839373
SPHINCS+-SHA2-128f-simple_run19,active,6.79498,5.395,0.59308,3.199664,21.880141
SPHINCS+-SHA2-128f-simple_run19,active,6.807722,5.39875,0.59594,3.217333,21.921136
SPHINCS+-SHA2-128f-simple_run19,active,6.820463,5.39625,0.59594,3.215843,21.962109
SPHINCS+-SHA2-128f-simple_run19,active,6.833204,5.39625,0.595762,3.214879,22.003068
SPHINCS+-SHA2-128f-simple_run19,active,6.84595,5.3975,0.595046,3.211763,22.044005
SPHINCS+-SHA2-128f-simple_run19,active,6.858695,5.39625,0.598444,3.229351,22.085164
SPHINCS+-SHA2-128f-simple_run19,active,6.871435,5.39625,0.59594,3.215843,22.126133
SPHINCS+-SHA2-128f-simple_run19,active,6.884176,5.39625,0.597371,3.223562,22.167207
SPHINCS+-SHA2-128f-simple_run19,active,6.896919,5.39875,0.595583,3.215403,22.20818
SPHINCS+-SHA2-128f-simple_run19,active,6.90966,5.39625,0.596119,3.216808,22.249164
SPHINCS+-SHA2-128f-simple_run19,active,6.9224,5.39625,0.602198,3.249613,22.290564
SPHINCS+-SHA2-128f-simple_run19,active,6.935139,5.39625,0.596119,3.216808,22.331543
SPHINCS+-SHA2-128f-simple_run19,active,6.947886,5.39625,0.596119,3.216808,22.372549
SPHINCS+-SHA2-128f-simple_run19,active,6.960631,5.39625,0.595225,3.211984,22.413487
SPHINCS+-SHA2-128f-simple_run19,active,6.973373,5.3975,0.597013,3.222379,22.454544
SPHINCS+-SHA2-128f-simple_run19,active,6.986111,5.3975,0.595762,3.215623,22.495506
SPHINCS+-SHA2-128f-simple_run19,active,6.998853,5.39375,0.604523,3.260645,22.537052
SPHINCS+-SHA2-128f-simple_run19,active,7.011592,5.3975,0.596656,3.220449,22.578079
SPHINCS+-SHA2-128f-simple_run19,active,7.024333,5.3925,0.595225,3.209752,22.618973
SPHINCS+-SHA2-128f-simple_run19,active,7.037073,5.39625,0.595583,3.213914,22.65992
SPHINCS+-SHA2-128f-simple_run19,active,7.049818,5.3975,0.595762,3.215623,22.700902
SPHINCS+-SHA2-128f-simple_run19,active,7.062562,5.37875,0.595225,3.201568,22.741704
SPHINCS+-SHA2-128f-simple_run19,active,7.075302,5.39375,0.605059,3.263538,22.78328
SPHINCS+-SHA2-128f-simple_run19,active,7.088041,5.39625,0.595583,3.213914,22.824222
SPHINCS+-SHA2-128f-simple_run19,active,7.100782,5.3975,0.60041,3.240715,22.865512
SPHINCS+-SHA2-128f-simple_run19,active,7.11352,5.39625,0.595583,3.213914,22.906452
SPHINCS+-SHA2-128f-simple_run19,active,7.126259,5.39625,0.597013,3.221632,22.947492
SPHINCS+-SHA2-128f-simple_run19,active,7.138999,5.3975,0.596119,3.217553,22.988481
SPHINCS+-SHA2-128f-simple_run19,active,7.151744,5.3975,0.604702,3.263877,23.030082
SPHINCS+-SHA2-128f-simple_run19,active,7.16449,5.40125,0.596298,3.220755,23.071132
SPHINCS+-SHA2-128f-simple_run19,active,7.17723,5.39625,0.595583,3.213914,23.112079
SPHINCS+-SHA2-128f-simple_run19,active,7.189968,5.39625,0.595583,3.213914,23.153017
SPHINCS+-SHA2-128f-simple_run19,active,7.202708,5.3975,0.597907,3.227204,23.19413
SPHINCS+-SHA2-128f-simple_run19,active,7.215447,5.39625,0.592186,3.195582,23.234841
SPHINCS+-SHA2-128f-simple_run19,active,7.228188,5.3825,0.597192,3.214386,23.275796
SPHINCS+-SHA2-128f-simple_run19,active,7.240927,5.39625,0.597013,3.221632,23.316836
SPHINCS+-SHA2-128f-simple_run19,active,7.25367,5.395,0.599338,3.233426,23.35804
SPHINCS+-SHA2-128f-simple_run19,active,7.266413,5.3975,0.596119,3.217553,23.39904
SPHINCS+-SHA2-128f-simple_run19,active,7.279152,5.3925,0.596834,3.21843,23.440041
SPHINCS+-SHA2-128f-simple_run19,active,7.291893,5.3975,0.595225,3.212728,23.480973
SPHINCS+-SHA2-128f-simple_run19,active,7.304635,5.39875,0.594152,3.20768,23.521844
SPHINCS+-SHA2-128f-simple_run19,active,7.317376,5.39625,0.59594,3.215843,23.562819
SPHINCS+-SHA2-128f-simple_run19,active,7.330114,5.38375,0.595583,3.206469,23.603662
SPHINCS+-SHA2-128f-simple_run19,active,7.342853,5.3975,0.596119,3.217553,23.644651
SPHINCS+-SHA2-128f-simple_run19,active,7.355599,5.3975,0.595046,3.211763,23.685587
SPHINCS+-SHA2-128f-simple_run19,active,7.368346,5.39625,0.59594,3.215843,23.72658
SPHINCS+-SHA2-128f-simple_run19,active,7.381086,5.39625,0.596119,3.216808,23.767561
SPHINCS+-SHA2-128f-simple_run19,active,7.393823,5.39875,0.594331,3.208646,23.808432
SPHINCS+-SHA2-128f-simple_run19,active,7.406565,5.39625,0.59594,3.215843,23.849406
SPHINCS+-SHA2-128f-simple_run19,active,7.419304,5.39625,0.595762,3.214879,23.890362
SPHINCS+-SHA2-128f-simple_run19,active,7.432044,5.38375,0.596656,3.212245,23.931285
SPHINCS+-SHA2-128f-simple_run19,active,7.444786,5.39625,0.596477,3.218738,23.972299
SPHINCS+-SHA2-128f-simple_run19,active,7.457532,5.39625,0.598622,3.230316,24.013473
SPHINCS+-SHA2-128f-simple_run19,active,7.470275,5.395,0.596298,3.217028,24.054467
SPHINCS+-SHA2-128f-simple_run19,active,7.483015,5.39625,0.596656,3.219703,24.095486
SPHINCS+-SHA2-128f-simple_run19,active,7.495755,5.3975,0.596298,3.218518,24.136489
SPHINCS+-SHA2-128f-simple_run19,active,7.508494,5.4,0.595225,3.214216,24.177436
SPHINCS+-SHA2-128f-simple_run19,active,7.521236,5.39875,0.595583,3.215403,24.218407
SPHINCS+-SHA2-128f-simple_run19,active,7.533975,5.3825,0.59898,3.22401,24.259477
SPHINCS+-SHA2-128f-simple_run19,active,7.546714,5.39625,0.596119,3.216808,24.300455
SPHINCS+-SHA2-128f-simple_run19,active,7.55946,5.3975,0.595583,3.214658,24.341428
SPHINCS+-SHA2-128f-simple_run19,active,7.572209,5.39625,0.596477,3.218738,24.382464
SPHINCS+-SHA2-128f-simple_run19,active,7.584952,5.395,0.597013,3.220886,24.423508
SPHINCS+-SHA2-128f-simple_run19,active,7.59769,5.3975,0.596656,3.220449,24.464532
SPHINCS+-SHA2-128f-simple_run19,active,7.610431,5.3975,0.60202,3.249401,24.505931
SPHINCS+-SHA2-128f-simple_run19,active,7.623169,5.39375,0.596119,3.215318,24.546889
SPHINCS+-SHA2-128f-simple_run19,active,7.635909,5.38125,0.595583,3.20498,24.58772
SPHINCS+-SHA2-128f-simple_run19,active,7.64865,5.39625,0.596119,3.216808,24.628706
SPHINCS+-SHA2-128f-simple_run19,active,7.664212,5.395,0.597013,3.220886,24.67883
SPHINCS+-SHA2-128f-simple_run19,active,7.676977,5.39625,0.605059,3.265051,24.720506
SPHINCS+-SHA2-128f-simple_run19,active,7.689718,5.39625,0.596298,3.217773,24.761503
SPHINCS+-SHA2-128f-simple_run19,active,7.702457,5.39625,0.595762,3.214879,24.802459
SPHINCS+-SHA2-128f-simple_run19,active,7.71524,5.3975,0.59594,3.216588,24.843575
SPHINCS+-SHA2-128f-simple_run19,active,7.728001,5.395,0.595225,3.21124,24.884556
SPHINCS+-SHA2-128f-simple_run19,active,7.740745,5.39625,0.596477,3.218738,24.925576
SPHINCS+-SHA2-128f-simple_run19,active,7.753513,5.3975,0.60488,3.264842,24.96726
SPHINCS+-SHA2-128f-simple_run19,active,7.766253,5.39875,0.59594,3.217333,25.00825
SPHINCS+-SHA2-128f-simple_run19,active,7.778997,5.39625,0.595583,3.213914,25.049208
SPHINCS+-SHA2-128f-simple_run19,active,7.791738,5.39625,0.596298,3.217773,25.090204
SPHINCS+-SHA2-128f-simple_run19,active,7.804479,5.39625,0.597907,3.226457,25.131315
SPHINCS+-SHA2-128f-simple_run19,active,7.817219,5.3975,0.596298,3.218518,25.172317
SPHINCS+-SHA2-128f-simple_run19,active,7.829956,5.39625,0.598086,3.227422,25.213425
SPHINCS+-SHA2-128f-simple_run19,active,7.842695,5.3825,0.595583,3.205724,25.254263
SPHINCS+-SHA2-128f-simple_run19,active,7.855434,5.3975,0.595583,3.214658,25.295213
SPHINCS+-SHA2-128f-simple_run19,active,7.868183,5.39625,0.596119,3.216808,25.336226
SPHINCS+-SHA2-128f-simple_run19,active,7.88093,5.395,0.596119,3.216063,25.37722
SPHINCS+-SHA2-128f-simple_run19,active,7.893669,5.395,0.599695,3.235356,25.418436
SPHINCS+-SHA2-128f-simple_run19,active,7.906408,5.395,0.596834,3.219922,25.459455
SPHINCS+-SHA2-128f-simple_run19,active,7.919147,5.39625,0.59594,3.215843,25.50042
SPHINCS+-SHA2-128f-simple_run19,active,7.931888,5.3975,0.595583,3.214658,25.541379
SPHINCS+-SHA2-128f-simple_run19,active,7.94464,5.38,0.597728,3.215779,25.582387
SPHINCS+-SHA2-128f-simple_run19,active,7.95738,5.39875,0.595583,3.215403,25.623352
SPHINCS+-SHA2-128f-simple_run19,active,7.970128,5.39375,0.595583,3.212425,25.664303
SPHINCS+-SHA2-128f-simple_run19,active,7.982876,5.39875,0.59594,3.217333,25.705317
SPHINCS+-SHA2-128f-simple_run19,active,7.995616,5.3975,0.596477,3.219484,25.746334
SPHINCS+-SHA2-128f-simple_run19,active,8.008358,5.3975,0.596656,3.220449,25.787368
SPHINCS+-SHA2-128f-simple_run19,active,8.021095,5.39875,0.59594,3.217333,25.828348
SPHINCS+-SHA2-128f-simple_run19,active,8.033835,5.4125,0.595583,3.223592,25.869415
SPHINCS+-SHA2-128f-simple_run19,active,8.046575,5.3825,0.595762,3.206687,25.910268
SPHINCS+-SHA2-128f-simple_run19,active,8.059315,5.395,0.597728,3.224745,25.951352
SPHINCS+-SHA2-128f-simple_run19,active,8.07206,5.40375,0.596298,3.222245,25.99242
SPHINCS+-SHA2-128f-simple_run19,active,8.084808,5.39625,0.595583,3.213914,26.03339
SPHINCS+-SHA2-128f-simple_run19,active,8.097547,5.3975,0.595225,3.212728,26.074317
SPHINCS+-SHA2-128f-simple_run19,active,8.110287,5.39625,0.595583,3.213914,26.115262
SPHINCS+-SHA2-128f-simple_run19,active,8.123027,5.40125,0.597371,3.226549,26.156369
SPHINCS+-SHA2-128f-simple_run19,active,8.135766,5.3975,0.599338,3.234925,26.19758
SPHINCS+-SHA2-128f-simple_run19,active,8.148508,5.38125,0.596298,3.208829,26.238467
SPHINCS+-SHA2-128f-simple_run19,active,8.161249,5.3975,0.595404,3.213693,26.279413
SPHINCS+-SHA2-128f-simple_run19,active,8.173995,5.3975,0.59308,3.201147,26.320212
SPHINCS+-SHA2-128f-simple_run19,active,8.186744,5.39625,0.59594,3.215843,26.361211
SPHINCS+-SHA2-128f-simple_run19,active,8.199484,5.39625,0.59594,3.215843,26.402182
SPHINCS+-SHA2-128f-simple_run19,active,8.212226,5.4,0.599695,3.238354,26.443446
SPHINCS+-SHA2-128f-simple_run19,active,8.224967,5.3975,0.596834,3.221414,26.484491
SPHINCS+-SHA2-128f-simple_run19,active,8.237706,5.39625,0.596119,3.216808,26.525469
SPHINCS+-SHA2-128f-simple_run19,active,8.250445,5.3825,0.59594,3.207649,26.566331
SPHINCS+-SHA2-128f-simple_run19,active,8.263184,5.39625,0.599159,3.233211,26.607518
SPHINCS+-SHA2-128f-simple_run19,active,8.275921,5.3925,0.595225,3.209752,26.648399
SPHINCS+-SHA2-128f-simple_run19,active,8.288663,5.3975,0.59594,3.216588,26.689385
SPHINCS+-SHA2-128f-simple_run19,active,8.301402,5.3975,0.597371,3.224309,26.730462
SPHINCS+-SHA2-128f-simple_run19,active,8.314141,5.3975,0.592901,3.200182,26.771227
SPHINCS+-SHA2-128f-simple_run19,active,8.326878,5.39625,0.59594,3.215843,26.812187
SPHINCS+-SHA2-128f-simple_run19,active,8.339618,5.39625,0.595404,3.212949,26.853121
SPHINCS+-SHA2-128f-simple_run19,active,8.352358,5.395,0.594152,3.205452,26.89396
SPHINCS+-SHA2-128f-simple_run19,active,8.365098,5.39875,0.59755,3.226021,26.935059
SPHINCS+-SHA2-128f-simple_run19,active,8.377844,5.39625,0.596119,3.216808,26.976059
SPHINCS+-SHA2-128f-simple_run19,active,8.390588,5.39625,0.595583,3.213914,27.017017
SPHINCS+-SHA2-128f-simple_run19,active,8.403326,5.3975,0.593258,3.202112,27.057808
SPHINCS+-SHA2-128f-simple_run19,active,8.416065,5.39625,0.594689,3.209089,27.098688
SPHINCS+-SHA2-128f-simple_run19,active,8.428806,5.39625,0.604344,3.261191,27.140238
SPHINCS+-SHA2-128f-simple_run19,active,8.441545,5.39625,0.595404,3.212949,27.181167
SPHINCS+-SHA2-128f-simple_run19,active,8.454284,5.39625,0.595583,3.213914,27.222111
SPHINCS+-SHA2-128f-simple_run19,active,8.467023,5.3975,0.595046,3.211763,27.263026
SPHINCS+-SHA2-128f-simple_run19,active,8.47977,5.39375,0.595583,3.212425,27.303972
SPHINCS+-SHA2-128f-simple_run19,active,8.492517,5.40125,0.595225,3.21496,27.344955
SPHINCS+-SHA2-128f-simple_run19,active,8.505257,5.39625,0.606311,3.271805,27.386637
SPHINCS+-SHA2-128f-simple_run19,active,8.517996,5.39875,0.595583,3.215403,27.427597
SPHINCS+-SHA2-128f-simple_run19,active,8.530734,5.39625,0.596298,3.217773,27.468587
SPHINCS+-SHA2-128f-simple_run19,active,8.543477,5.4,0.595404,3.215182,27.509556
SPHINCS+-SHA2-128f-simple_run19,active,8.556221,5.395,0.596477,3.217992,27.550566
SPHINCS+-SHA2-128f-simple_run19,active,8.568962,5.39625,0.596119,3.216808,27.591551
SPHINCS+-SHA2-128f-simple_run19,active,8.581708,5.3925,0.604165,3.257961,27.633077
SPHINCS+-SHA2-128f-simple_run19,active,8.594448,5.4025,0.595583,3.217636,27.67407
SPHINCS+-SHA2-128f-simple_run19,active,8.607188,5.39625,0.59594,3.215843,27.71504
SPHINCS+-SHA2-128f-simple_run19,active,8.619928,5.3975,0.596119,3.217553,27.756032
SPHINCS+-SHA2-128f-simple_run19,active,8.63267,5.39625,0.596477,3.218738,27.797044
SPHINCS+-SHA2-128f-simple_run19,active,8.645412,5.39625,0.596119,3.216808,27.838033
SPHINCS+-SHA2-128f-simple_run19,active,8.658149,5.39375,0.603271,3.253894,27.879479
SPHINCS+-SHA2-128f-simple_run19,active,8.670889,5.38875,0.59594,3.211374,27.920391
SPHINCS+-SHA2-128f-simple_run19,active,8.683635,5.3925,0.596298,3.215537,27.961378
SPHINCS+-SHA2-128f-simple_run19,active,8.696381,5.39625,0.596477,3.218738,28.002403
SPHINCS+-SHA2-128f-simple_run19,active,8.709146,5.39625,0.595225,3.211984,28.043403
SPHINCS+-SHA2-128f-simple_run19,active,8.721967,5.4025,0.590219,3.188657,28.084285
SPHINCS+-SHA2-128f-simple_run19,active,8.734715,5.3975,0.596477,3.219484,28.125327
SPHINCS+-SHA2-128f-simple_run19,active,8.747458,5.39625,0.595762,3.214879,28.166295
SPHINCS+-SHA2-128f-simple_run19,active,8.760202,5.395,0.596119,3.216063,28.20728
SPHINCS+-SHA2-128f-simple_run19,active,8.772943,5.395,0.595583,3.213169,28.24822
SPHINCS+-SHA2-128f-simple_run19,active,8.785694,5.3975,0.59594,3.216588,28.289233
SPHINCS+-SHA2-128f-simple_run19,active,8.798438,5.3975,0.596477,3.219484,28.330265
SPHINCS+-SHA2-128f-simple_run19,active,8.81118,5.3975,0.596119,3.217553,28.371262
SPHINCS+-SHA2-128f-simple_run19,active,8.823921,5.39625,0.595404,3.212949,28.412196
SPHINCS+-SHA2-128f-simple_run19,active,8.836664,5.39625,0.595762,3.214879,28.453165
SPHINCS+-SHA2-128f-simple_run19,active,8.849407,5.39625,0.598622,3.230316,28.49433
SPHINCS+-SHA2-128f-simple_run19,active,8.862146,5.39625,0.594331,3.20716,28.535185
SPHINCS+-SHA2-128f-simple_run19,active,8.874886,5.3975,0.59594,3.216588,28.576165
SPHINCS+-SHA2-128f-simple_run19,active,8.887632,5.39875,0.599516,3.236639,28.617418
SPHINCS+-SHA2-128f-simple_run19,active,8.900378,5.39625,0.59594,3.215843,28.658408
SPHINCS+-SHA2-128f-simple_run19,active,8.91312,5.395,0.59594,3.215098,28.699373
SPHINCS+-SHA2-128f-simple_run19,active,8.925859,5.39625,0.598265,3.228386,28.740502
SPHINCS+-SHA2-128f-simple_run19,active,8.941489,5.40125,0.595583,3.216892,28.790781
SPHINCS+-SHA2-128f-simple_run19,active,8.954254,5.3975,0.595583,3.214658,28.831815
SPHINCS+-SHA2-128f-simple_run19,active,8.966999,5.39625,0.595583,3.213914,28.872776
SPHINCS+-SHA2-128f-simple_run19,active,8.97974,5.3975,0.595046,3.211763,28.913698
SPHINCS+-SHA2-128f-simple_run19,active,8.99249,5.3925,0.596477,3.216501,28.954708
SPHINCS+-SHA2-128f-simple_run19,active,9.005238,5.39625,0.597013,3.221632,28.995777
SPHINCS+-SHA2-128f-simple_run19,active,9.017978,5.39875,0.596298,3.219264,29.036792
SPHINCS+-SHA2-128f-simple_run19,active,9.03072,5.3975,0.600947,3.24361,29.078123
SPHINCS+-SHA2-128f-simple_run19,active,9.043458,5.395,0.595583,3.213169,29.11905
SPHINCS+-SHA2-128f-simple_run19,active,9.056203,5.3975,0.595404,3.213693,29.160009
SPHINCS+-SHA2-128f-simple_run19,active,9.068943,5.39625,0.596298,3.217773,29.201003
SPHINCS+-SHA2-128f-simple_run19,active,9.081682,5.3975,0.59451,3.208868,29.241881
SPHINCS+-SHA2-128f-simple_run19,active,9.094428,5.39625,0.595583,3.213914,29.282845
SPHINCS+-SHA2-128f-simple_run19,active,9.107171,5.395,0.604523,3.261401,29.324405
SPHINCS+-SHA2-128f-simple_run19,active,9.11991,5.3975,0.59451,3.208868,29.365284
SPHINCS+-SHA2-128f-simple_run19,active,9.132657,5.3925,0.589682,3.179862,29.405816
SPHINCS+-SHA2-128f-simple_run19,active,9.145396,5.39625,0.596119,3.216808,29.446797
SPHINCS+-SHA2-128f-simple_run19,active,9.158136,5.3975,0.593795,3.205007,29.487629
SPHINCS+-SHA2-128f-simple_run19,active,9.170876,5.39125,0.589325,3.177197,29.528105
SPHINCS+-SHA2-128f-simple_run19,active,9.183615,5.3975,0.60488,3.264842,29.569696
SPHINCS+-SHA2-128f-simple_run19,active,9.196364,5.3975,0.595583,3.214658,29.610681
SPHINCS+-SHA2-128f-simple_run19,active,9.209111,5.39625,0.59594,3.215843,29.651673
SPHINCS+-SHA2-128f-simple_run19,active,9.22185,5.3975,0.592543,3.198252,29.692416
SPHINCS+-SHA2-128f-simple_run19,active,9.23459,5.3975,0.59594,3.216588,29.733396
SPHINCS+-SHA2-128f-simple_run19,active,9.24733,5.3975,0.59594,3.216588,29.774375
SPHINCS+-SHA2-128f-simple_run19,active,9.260071,5.3975,0.605059,3.265807,29.815983
SPHINCS+-SHA2-128f-simple_run19,active,9.272814,5.3975,0.596656,3.220449,29.857022
SPHINCS+-SHA2-128f-simple_run19,active,9.285552,5.3975,0.597728,3.226239,29.898118
SPHINCS+-SHA2-128f-simple_run19,active,9.298298,5.3975,0.596119,3.217553,29.939128
SPHINCS+-SHA2-128f-simple_run19,active,9.311044,5.39625,0.592007,3.194617,29.979846
SPHINCS+-SHA2-128f-simple_run19,active,9.323785,5.39625,0.595583,3.213914,30.020796
SPHINCS+-SHA2-128f-simple_run19,active,9.336528,5.3975,0.59594,3.216588,30.061784
SPHINCS+-SHA2-128f-simple_run19,active,9.349268,5.3975,0.59594,3.216588,30.102765
SPHINCS+-SHA2-128f-simple_run19,active,9.362008,5.4,0.598622,3.232561,30.143947
SPHINCS+-SHA2-128f-simple_run19,active,9.374782,5.395,0.595583,3.213169,30.184991
SPHINCS+-SHA2-128f-simple_run19,active,9.387522,5.3975,0.595225,3.212728,30.225923
SPHINCS+-SHA2-128f-simple_run19,active,9.400272,5.395,0.593616,3.202558,30.266755
SPHINCS+-SHA2-128f-simple_run19,active,9.413018,5.39625,0.597907,3.226457,30.307878
SPHINCS+-SHA2-128f-simple_run19,active,9.42576,5.3975,0.59594,3.216588,30.348864
SPHINCS+-SHA2-128f-simple_run19,active,9.4385,5.39875,0.596477,3.220229,30.389892
SPHINCS+-SHA2-128f-simple_run19,active,9.45124,5.4,0.593437,3.204561,30.430718
SPHINCS+-SHA2-128f-simple_run19,active,9.463981,5.39625,0.595583,3.213914,30.471665
SPHINCS+-SHA2-128f-simple_run19,active,9.476724,5.3975,0.595583,3.214658,30.512629
SPHINCS+-SHA2-128f-simple_run19,active,9.489494,5.39625,0.59898,3.232246,30.553905
SPHINCS+-SHA2-128f-simple_run19,active,9.502243,5.39625,0.596477,3.218738,30.594942
SPHINCS+-SHA2-128f-simple_run19,active,9.514988,5.39625,0.595583,3.213914,30.635904
SPHINCS+-SHA2-128f-simple_run19,active,9.527728,5.39625,0.596477,3.218738,30.67691
SPHINCS+-SHA2-128f-simple_run19,active,9.540471,5.4025,0.59594,3.219568,30.717937
SPHINCS+-SHA2-128f-simple_run19,active,9.553213,5.39625,0.596298,3.217773,30.758936
SPHINCS+-SHA2-128f-simple_run19,active,9.565954,5.3975,0.600053,3.238785,30.800204
SPHINCS+-SHA2-128f-simple_run19,active,9.578698,5.39875,0.596477,3.220229,30.84124
SPHINCS+-SHA2-128f-simple_run19,active,9.591438,5.3975,0.595046,3.211763,30.882158
SPHINCS+-SHA2-128f-simple_run19,active,9.604187,5.395,0.596656,3.218957,30.923196
SPHINCS+-SHA2-128f-simple_run19,active,9.616937,5.395,0.59594,3.215098,30.964188
SPHINCS+-SHA2-128f-simple_run19,active,9.629675,5.39875,0.595762,3.216368,31.00516
SPHINCS+-SHA2-128f-simple_run19,active,9.642417,5.39875,0.598801,3.232778,31.046353
SPHINCS+-SHA2-128f-simple_run19,active,9.655158,5.395,0.596119,3.216063,31.087328
SPHINCS+-SHA2-128f-simple_run19,active,9.667899,5.39875,0.596298,3.219264,31.128343
SPHINCS+-SHA2-128f-simple_run19,active,9.680642,5.395,0.598622,3.229568,31.169497
SPHINCS+-SHA2-128f-simple_run19,active,9.693382,5.3975,0.595583,3.214658,31.210452
SPHINCS+-SHA2-128f-simple_run19,active,9.706135,5.39625,0.596834,3.220668,31.251528
SPHINCS+-SHA2-128f-simple_run19,active,9.718923,5.3975,0.596477,3.219484,31.292696
SPHINCS+-SHA2-128f-simple_run19,active,9.731668,5.39375,0.597907,3.224962,31.333798
SPHINCS+-SHA2-128f-simple_run19,active,9.744414,5.39875,0.597013,3.223125,31.374882
SPHINCS+-SHA2-128f-simple_run19,active,9.757157,5.3975,0.596656,3.220449,31.415921
SPHINCS+-SHA2-128f-simple_run19,active,9.769897,5.39625,0.596477,3.218738,31.456927
SPHINCS+-SHA2-128f-simple_run19,active,9.782637,5.39625,0.59755,3.224527,31.498006
SPHINCS+-SHA2-128f-simple_run19,active,9.795377,5.39625,0.596477,3.218738,31.539014
SPHINCS+-SHA2-128f-simple_run19,active,9.808129,5.3975,0.595762,3.215623,31.58002
SPHINCS+-SHA2-128f-simple_run19,active,9.82088,5.395,0.59451,3.207381,31.620915
SPHINCS+-SHA2-128f-simple_run19,active,9.833618,5.39625,0.596298,3.217773,31.661905
SPHINCS+-SHA2-128f-simple_run19,active,9.846358,5.3975,0.595404,3.213693,31.702846
SPHINCS+-SHA2-128f-simple_run19,active,9.859097,5.3975,0.604165,3.260982,31.744389
SPHINCS+-SHA2-128f-simple_run19,active,9.871838,5.395,0.596477,3.217992,31.785388
SPHINCS+-SHA2-128f-simple_run19,active,9.884579,5.3975,0.59594,3.216588,31.826371
SPHINCS+-SHA2-128f-simple_run19,active,9.89732,5.3975,0.59594,3.216588,31.867354
SPHINCS+-SHA2-128f-simple_run19,active,9.910066,5.3975,0.597192,3.223344,31.908437
SPHINCS+-SHA2-128f-simple_run19,active,9.922811,5.39625,0.595762,3.214879,31.949412
SPHINCS+-SHA2-128f-simple_run19,active,9.935551,5.39625,0.603986,3.259262,31.990937
SPHINCS+-SHA2-128f-simple_run19,active,9.948292,5.395,0.59594,3.215098,32.0319
SPHINCS+-SHA2-128f-simple_run19,active,9.961032,5.39875,0.597907,3.227951,32.073024
SPHINCS+-SHA2-128f-simple_run19,active,9.973771,5.3975,0.595583,3.214658,32.113974
SPHINCS+-SHA2-128f-simple_run19,active,9.986511,5.3975,0.59594,3.216588,32.154954
SPHINCS+-SHA2-128f-simple_run19,active,9.99925,5.3975,0.595046,3.211763,32.19587
SPHINCS+-SHA2-128f-simple_run19,active,10.011996,5.3975,0.596834,3.221414,32.236928
SPHINCS+-SHA2-128f-simple_run19,active,10.024742,5.3975,0.59594,3.216588,32.277927
SPHINCS+-SHA2-128f-simple_run19,active,10.037524,5.39625,0.595225,3.211984,32.318982
SPHINCS+-SHA2-128f-simple_run19,active,10.050266,5.39625,0.596298,3.217773,32.359985
SPHINCS+-SHA2-128f-simple_run19,active,10.063005,5.39625,0.59594,3.215843,32.400951
SPHINCS+-SHA2-128f-simple_run19,active,10.075747,5.39625,0.59594,3.215843,32.441926
SPHINCS+-SHA2-128f-simple_run19,active,10.088489,5.3975,0.596477,3.219484,32.482949
SPHINCS+-SHA2-128f-simple_run19,active,10.101229,5.39625,0.596834,3.220668,32.523981
SPHINCS+-SHA2-128f-simple_run19,active,10.113974,5.39625,0.596298,3.217773,32.56499
SPHINCS+-SHA2-128f-simple_run19,active,10.126721,5.395,0.596298,3.217028,32.606
SPHINCS+-SHA2-128f-simple_run19,active,10.13946,5.40375,0.595762,3.219347,32.647011
SPHINCS+-SHA2-128f-simple_run19,active,10.152203,5.39875,0.595583,3.215403,32.687984
SPHINCS+-SHA2-128f-simple_run19,active,10.164945,5.39875,0.60041,3.241466,32.729285
SPHINCS+-SHA2-128f-simple_run19,active,10.177683,5.3975,0.596834,3.221414,32.77032
SPHINCS+-SHA2-128f-simple_run19,active,10.190422,5.39,0.593974,3.201518,32.811105
SPHINCS+-SHA2-128f-simple_run19,active,10.203161,5.3975,0.596119,3.217553,32.852095
SPHINCS+-SHA2-128f-simple_run19,active,10.218742,5.39875,0.596119,3.218299,32.902237
SPHINCS+-SHA2-128f-simple_run19,active,10.231505,5.3975,0.597192,3.223344,32.943377
SPHINCS+-SHA2-128f-simple_run19,active,10.24425,5.395,0.598801,3.230532,32.984551
SPHINCS+-SHA2-128f-simple_run19,active,10.256993,5.39625,0.595583,3.213914,33.025506
SPHINCS+-SHA2-128f-simple_run19,active,10.269731,5.3975,0.593795,3.205007,33.066332
SPHINCS+-SHA2-128f-simple_run19,active,10.282472,5.3975,0.59594,3.216588,33.107315
SPHINCS+-SHA2-128f-simple_run19,active,10.295212,5.39625,0.596656,3.219703,33.148333
SPHINCS+-SHA2-128f-simple_run19,active,10.307952,5.3975,0.596119,3.217553,33.189324
SPHINCS+-SHA2-128f-simple_run19,active,10.3207,5.39625,0.599159,3.233211,33.23054
SPHINCS+-SHA2-128f-simple_run19,active,10.333473,5.39625,0.596119,3.216808,33.271631
SPHINCS+-SHA2-128f-simple_run19,active,10.346215,5.3975,0.596477,3.219484,33.312651
SPHINCS+-SHA2-128f-simple_run19,active,10.358953,5.39875,0.596119,3.218299,33.353648
SPHINCS+-SHA2-128f-simple_run19,active,10.371691,5.39625,0.59594,3.215843,33.394609
SPHINCS+-SHA2-128f-simple_run19,active,10.384431,5.39625,0.606668,3.273734,33.436318
SPHINCS+-SHA2-128f-simple_run19,active,10.397169,5.39625,0.596119,3.216808,33.477294
SPHINCS+-SHA2-128f-simple_run19,active,10.409907,5.39,0.591649,3.188989,33.517915
SPHINCS+-SHA2-128f-simple_run19,active,10.422653,5.39875,0.596298,3.219264,33.558948
SPHINCS+-SHA2-128f-simple_run19,active,10.435401,5.3975,0.595583,3.214658,33.599926
SPHINCS+-SHA2-128f-simple_run19,active,10.448175,5.36875,0.595583,3.197535,33.640774
SPHINCS+-SHA2-128f-simple_run19,active,10.46092,5.3975,0.605059,3.265807,33.682395
SPHINCS+-SHA2-128f-simple_run19,active,10.47366,5.39625,0.59594,3.215843,33.723364
SPHINCS+-SHA2-128f-simple_run19,active,10.4864,5.39625,0.59755,3.224527,33.764446
SPHINCS+-SHA2-128f-simple_run19,active,10.49914,5.39625,0.595583,3.213914,33.805391
SPHINCS+-SHA2-128f-simple_run19,active,10.511881,5.38875,0.595762,3.21041,33.846295
SPHINCS+-SHA2-128f-simple_run19,active,10.52463,5.395,0.597013,3.220886,33.887359
SPHINCS+-SHA2-128f-simple_run19,active,10.537377,5.39625,0.60488,3.264086,33.928964
SPHINCS+-SHA2-128f-simple_run19,active,10.550117,5.40375,0.596477,3.223212,33.970029
SPHINCS+-SHA2-128f-simple_run19,active,10.562859,5.39625,0.596298,3.217773,34.011029
SPHINCS+-SHA2-128f-simple_run19,active,10.575599,5.395,0.596119,3.216063,34.052001
SPHINCS+-SHA2-128f-simple_run19,active,10.588341,5.4,0.596119,3.219044,34.09302
SPHINCS+-SHA2-128f-simple_run19,active,10.601086,5.40375,0.596298,3.222245,34.134086
SPHINCS+-SHA2-128f-simple_run19,active,10.613825,5.39625,0.597371,3.223562,34.175153
SPHINCS+-SHA2-128f-simple_run19,active,10.626574,5.3975,0.596477,3.219484,34.216196
SPHINCS+-SHA2-128f-simple_run19,active,10.639321,5.4,0.593795,3.206492,34.257069
SPHINCS+-SHA2-128f-simple_run19,active,10.652061,5.39375,0.59594,3.214354,34.298022
SPHINCS+-SHA2-128f-simple_run19,active,10.664805,5.395,0.59594,3.215098,34.338994
SPHINCS+-SHA2-128f-simple_run19,active,10.677545,5.40125,0.59898,3.235241,34.380212
SPHINCS+-SHA2-128f-simple_run19,active,10.690288,5.39,0.594331,3.203445,34.421033
SPHINCS+-SHA2-128f-simple_run19,active,10.703029,5.3975,0.59594,3.216588,34.462015
SPHINCS+-SHA2-128f-simple_run19,active,10.716204,5.3975,0.595583,3.214658,34.504367
SPHINCS+-SHA2-128f-simple_run19,active,10.728966,5.395,0.594331,3.206417,34.545288
SPHINCS+-SHA2-128f-simple_run19,active,10.741711,5.39875,0.59594,3.217333,34.586295
SPHINCS+-SHA2-128f-simple_run19,active,10.754456,5.39625,0.595583,3.213914,34.627257
SPHINCS+-SHA2-128f-simple_run19,active,10.767198,5.39375,0.596834,3.219176,34.668273
SPHINCS+-SHA2-128f-simple_run19,active,10.779941,5.39625,0.597728,3.225492,34.709376
SPHINCS+-SHA2-128f-simple_run19,active,10.792684,5.3975,0.596477,3.219484,34.750403
SPHINCS+-SHA2-128f-simple_run19,active,10.805425,5.3975,0.596834,3.221414,34.791448
SPHINCS+-SHA2-128f-simple_run19,active,10.818168,5.39625,0.59308,3.200406,34.832228
SPHINCS+-SHA2-128f-simple_run19,active,10.830915,5.39625,0.596656,3.219703,34.873271
SPHINCS+-SHA2-128f-simple_run19,active,10.84366,5.39625,0.605953,3.269875,34.914947
SPHINCS+-SHA2-128f-simple_run19,active,10.856403,5.395,0.596477,3.217992,34.955954
SPHINCS+-SHA2-128f-simple_run19,active,10.869146,5.39625,0.596656,3.219703,34.996982
SPHINCS+-SHA2-128f-simple_run19,active,10.881886,5.39625,0.595046,3.211019,35.037888
SPHINCS+-SHA2-128f-simple_run19,active,10.894629,5.3975,0.595583,3.214658,35.078852
SPHINCS+-SHA2-128f-simple_run19,active,10.907369,5.3975,0.592364,3.197287,35.119587
SPHINCS+-SHA2-128f-simple_run19,active,10.92011,5.39875,0.597907,3.227951,35.160714
SPHINCS+-SHA2-128f-simple_run19,active,10.932861,5.39625,0.596298,3.217773,35.201744
SPHINCS+-SHA2-128f-simple_run19,active,10.945605,5.3975,0.59755,3.225274,35.242847
SPHINCS+-SHA2-128f-simple_run19,active,10.958347,5.39625,0.596477,3.218738,35.283861
SPHINCS+-SHA2-128f-simple_run19,active,10.971088,5.3975,0.59594,3.216588,35.324841
SPHINCS+-SHA2-128f-simple_run19,active,10.983829,5.3975,0.595583,3.214658,35.3658
SPHINCS+-SHA2-128f-simple_run19,active,10.99657,5.3975,0.598622,3.231064,35.406969
SPHINCS+-SHA2-128f-simple_run19,active,11.009312,5.395,0.592364,3.195806,35.447688
SPHINCS+-SHA2-128f-simple_run19,active,11.022073,5.39625,0.59594,3.215843,35.488727
SPHINCS+-SHA2-128f-simple_run19,active,11.034822,5.39625,0.596477,3.218738,35.529762
SPHINCS+-SHA2-128f-simple_run19,active,11.047569,5.3975,0.595762,3.215623,35.570752
SPHINCS+-SHA2-128f-simple_run19,active,11.060313,5.39625,0.59594,3.215843,35.611733
SPHINCS+-SHA2-128f-simple_run19,active,11.073054,5.39625,0.59594,3.215843,35.652708
SPHINCS+-SHA2-128f-simple_run19,active,11.085795,5.39875,0.596834,3.22216,35.693759
SPHINCS+-SHA2-128f-simple_run19,active,11.098536,5.395,0.59594,3.215098,35.734723
SPHINCS+-SHA2-128f-simple_run19,active,11.111275,5.39875,0.597013,3.223125,35.775784
SPHINCS+-SHA2-128f-simple_run19,active,11.124014,5.39875,0.596477,3.220229,35.816807
SPHINCS+-SHA2-128f-simple_run19,active,11.136763,5.39875,0.603092,3.255945,35.858316
SPHINCS+-SHA2-128f-simple_run19,active,11.149506,5.39625,0.595046,3.211019,35.899235
SPHINCS+-SHA2-128f-simple_run19,active,11.162247,5.39625,0.596119,3.216808,35.940218
SPHINCS+-SHA2-128f-simple_run19,active,11.174987,5.39625,0.595583,3.213914,35.981164
SPHINCS+-SHA2-128f-simple_run19,active,11.187727,5.3925,0.595583,3.21168,36.022081
SPHINCS+-SHA2-128f-simple_run19,active,11.200471,5.39875,0.595583,3.215403,36.063059
SPHINCS+-SHA2-128f-simple_run19,active,11.213211,5.3975,0.603629,3.258086,36.104568
SPHINCS+-SHA2-128f-simple_run19,active,11.225951,5.39625,0.59594,3.215843,36.145537
SPHINCS+-SHA2-128f-simple_run19,active,11.238699,5.3975,0.60041,3.240715,36.186849
SPHINCS+-SHA2-128f-simple_run19,active,11.251444,5.3975,0.596477,3.219484,36.22788
SPHINCS+-SHA2-128f-simple_run19,active,11.264188,5.39625,0.596298,3.217773,36.268887
SPHINCS+-SHA2-128f-simple_run19,active,11.276929,5.39625,0.595762,3.214879,36.309851
SPHINCS+-SHA2-128f-simple_run19,active,11.289669,5.4,0.605953,3.272147,36.351536
SPHINCS+-SHA2-128f-simple_run19,active,11.302409,5.3975,0.596477,3.219484,36.392552
SPHINCS+-SHA2-128f-simple_run19,active,11.315149,5.39625,0.596119,3.216808,36.433536
SPHINCS+-SHA2-128f-simple_run19,active,11.327889,5.3975,0.597728,3.226239,36.474636
SPHINCS+-SHA2-128f-simple_run19,active,11.340636,5.39375,0.592186,3.194101,36.515354
SPHINCS+-SHA2-128f-simple_run19,active,11.353383,5.39625,0.596298,3.217773,36.556371
SPHINCS+-SHA2-128f-simple_run19,active,11.366121,5.3975,0.600589,3.24168,36.597662
SPHINCS+-SHA2-128f-simple_run19,active,11.378863,5.3975,0.598444,3.230099,36.63882
SPHINCS+-SHA2-128f-simple_run19,active,11.391603,5.39625,0.596834,3.220668,36.679853
SPHINCS+-SHA2-128f-simple_run19,active,11.40435,5.3975,0.598622,3.231064,36.721037
SPHINCS+-SHA2-128f-simple_run19,active,11.417092,5.3975,0.597371,3.224309,36.762121
SPHINCS+-SHA2-128f-simple_run19,active,11.429831,5.39625,0.593795,3.204265,36.80294
SPHINCS+-SHA2-128f-simple_run19,active,11.442578,5.395,0.59594,3.215098,36.843923
SPHINCS+-SHA2-128f-simple_run19,active,11.455322,5.39625,0.594689,3.209089,36.88482
SPHINCS+-SHA2-128f-simple_run19,active,11.468064,5.39625,0.598265,3.228386,36.925955
SPHINCS+-SHA2-128f-simple_run19,active,11.480806,5.39625,0.59594,3.215843,36.966934
SPHINCS+-SHA2-128f-simple_run19,active,11.496449,5.3925,0.595762,3.212644,37.017188
SPHINCS+-SHA2-128f-simple_run19,active,11.509226,5.40125,0.595583,3.216892,37.058289
SPHINCS+-SHA2-128f-simple_run19,active,11.52197,5.3975,0.599159,3.23396,37.099503
SPHINCS+-SHA2-128f-simple_run19,active,11.534714,5.39625,0.596119,3.216808,37.1405
SPHINCS+-SHA2-128f-simple_run19,active,11.547464,5.39125,0.596298,3.214792,37.181486
SPHINCS+-SHA2-128f-simple_run19,active,11.560214,5.395,0.596119,3.216063,37.222493
SPHINCS+-SHA2-128f-simple_run19,active,11.572956,5.39625,0.596834,3.220668,37.26353
SPHINCS+-SHA2-128f-simple_run19,active,11.585696,5.39625,0.597371,3.223562,37.3046
SPHINCS+-SHA2-128f-simple_run19,active,11.598438,5.40375,0.594331,3.211617,37.345519
SPHINCS+-SHA2-128f-simple_run19,active,11.611179,5.3975,0.595762,3.215623,37.386491
SPHINCS+-SHA2-128f-simple_run19,active,11.623923,5.395,0.597013,3.220886,37.427539
SPHINCS+-SHA2-128f-simple_run19,active,11.636666,5.3975,0.59594,3.216588,37.468528
SPHINCS+-SHA2-128f-simple_run19,active,11.649412,5.3925,0.592364,3.194325,37.509242
SPHINCS+-SHA2-128f-simple_run19,active,11.662155,5.39375,0.59755,3.223033,37.550313
SPHINCS+-SHA2-128f-simple_run19,active,11.674896,5.4,0.59594,3.218078,37.591314
SPHINCS+-SHA2-128f-simple_run19,active,11.687635,5.4,0.59451,3.210354,37.632212
SPHINCS+-SHA2-128f-simple_run19,active,11.700377,5.39625,0.596477,3.218738,37.673224
SPHINCS+-SHA2-128f-simple_run19,active,11.713142,5.3975,0.595404,3.213693,37.714246
SPHINCS+-SHA2-128f-simple_run19,active,11.725925,5.395,0.597013,3.220886,37.755419
SPHINCS+-SHA2-128f-simple_run19,active,11.738671,5.39375,0.611138,3.296328,37.797436
SPHINCS+-SHA2-128f-simple_run19,active,11.751417,5.395,0.596298,3.217028,37.838439
SPHINCS+-SHA2-128f-simple_run19,active,11.764211,5.39625,0.595046,3.211019,37.879521
SPHINCS+-SHA2-128f-simple_run19,active,11.777009,5.38875,0.594689,3.204629,37.920533
SPHINCS+-SHA2-128f-simple_run19,active,11.789875,5.395,0.59594,3.215098,37.9619
SPHINCS+-SHA2-128f-simple_run19,active,11.80262,5.39375,0.595583,3.212425,38.002842
SPHINCS+-SHA2-128f-simple_run19,active,11.815368,5.39625,0.605238,3.266016,38.044478
SPHINCS+-SHA2-128f-simple_run19,active,11.82811,5.39625,0.593437,3.202335,38.085282
SPHINCS+-SHA2-128f-simple_run19,active,11.840856,5.39625,0.595762,3.214879,38.126257
SPHINCS+-SHA2-128f-simple_run19,active,11.853608,5.3975,0.596656,3.220449,38.167324
SPHINCS+-SHA2-128f-simple_run19,active,11.866355,5.39875,0.596298,3.219264,38.20836
SPHINCS+-SHA2-128f-simple_run19,active,11.879097,5.3925,0.595762,3.212644,38.249295
SPHINCS+-SHA2-128f-simple_run19,active,11.891838,5.39625,0.605059,3.265051,38.290895
SPHINCS+-SHA2-128f-simple_run19,active,11.904579,5.395,0.595762,3.214134,38.331849
SPHINCS+-SHA2-128f-simple_run19,active,11.917322,5.39625,0.596834,3.220668,38.37289
SPHINCS+-SHA2-128f-simple_run19,active,11.930063,5.3975,0.59594,3.216588,38.413871
SPHINCS+-SHA2-128f-simple_run19,active,11.942803,5.3975,0.59594,3.216588,38.454849
SPHINCS+-SHA2-128f-simple_run19,active,11.95555,5.39625,0.595583,3.213914,38.495817
SPHINCS+-SHA2-128f-simple_run19,active,11.968298,5.40375,0.606847,3.279251,38.537623
SPHINCS+-SHA2-128f-simple_run19,active,11.98104,5.39625,0.596119,3.216808,38.578611
SPHINCS+-SHA2-128f-simple_run19,active,11.99378,5.395,0.596656,3.218957,38.619619
SPHINCS+-SHA2-128f-simple_run19,active,12.006519,5.39625,0.596119,3.216808,38.6606
SPHINCS+-SHA2-128f-simple_run19,active,12.019261,5.39375,0.595583,3.212425,38.701531
SPHINCS+-SHA2-128f-simple_run19,active,12.032001,5.3975,0.600947,3.24361,38.742854
SPHINCS+-SHA2-128f-simple_run19,active,12.044745,5.395,0.59755,3.22378,38.783938
SPHINCS+-SHA2-128f-simple_run19,active,12.057527,5.4,0.59594,3.218078,38.825072
SPHINCS+-SHA2-128f-simple_run19,active,12.070272,5.39625,0.595583,3.213914,38.866033
SPHINCS+-SHA2-128f-simple_run19,active,12.083013,5.395,0.59594,3.215098,38.906997
SPHINCS+-SHA2-128f-simple_run19,active,12.095753,5.395,0.594868,3.209311,38.947885
SPHINCS+-SHA2-128f-simple_run19,active,12.108497,5.4025,0.596119,3.220534,38.988927
SPHINCS+-SHA2-128f-simple_run19,active,12.121238,5.395,0.59898,3.231497,39.030101
SPHINCS+-SHA2-128f-simple_run19,active,12.133979,5.39625,0.596119,3.216808,39.071086
SPHINCS+-SHA2-128f-simple_run19,active,12.146718,5.39625,0.597371,3.223562,39.112149
SPHINCS+-SHA2-128f-simple_run19,active,12.159464,5.3975,0.596119,3.217553,39.153159
SPHINCS+-SHA2-128f-simple_run19,active,12.172212,5.3975,0.596119,3.217553,39.194178
SPHINCS+-SHA2-128f-simple_run19,active,12.184953,5.3975,0.597907,3.227204,39.235296
SPHINCS+-SHA2-128f-simple_run19,active,12.197692,5.39625,0.598622,3.230316,39.276448
SPHINCS+-SHA2-128f-simple_run19,active,12.210434,5.3975,0.59594,3.216588,39.317432
SPHINCS+-SHA2-128f-simple_run19,active,12.223174,5.39875,0.59594,3.217333,39.358422
SPHINCS+-SHA2-128f-simple_run19,active,12.235915,5.39375,0.59594,3.214354,39.399375
SPHINCS+-SHA2-128f-simple_run19,active,12.248656,5.39625,0.599516,3.23514,39.440596
SPHINCS+-SHA2-128f-simple_run19,active,12.261403,5.39625,0.595762,3.214879,39.481576
SPHINCS+-SHA2-128f-simple_run19,active,12.274145,5.3975,0.598801,3.232029,39.522758
SPHINCS+-SHA2-128f-simple_run19,active,12.286886,5.395,0.592007,3.193877,39.563449
SPHINCS+-SHA2-128f-simple_run19,active,12.299626,5.3975,0.59594,3.216588,39.604429
SPHINCS+-SHA2-128f-simple_run19,active,12.312368,5.39625,0.59594,3.215843,39.645406
SPHINCS+-SHA2-128f-simple_run19,active,12.325112,5.3975,0.595404,3.213693,39.68636
SPHINCS+-SHA2-128f-simple_run19,active,12.337851,5.3925,0.592007,3.192397,39.727029
SPHINCS+-SHA2-128f-simple_run19,active,12.350593,5.395,0.598444,3.228603,39.768168
SPHINCS+-SHA2-128f-simple_run19,active,12.363341,5.39625,0.595583,3.213914,39.809139
SPHINCS+-SHA2-128f-simple_run19,active,12.376086,5.39875,0.59451,3.209611,39.850045
SPHINCS+-SHA2-128f-simple_run19,active,12.38883,5.39625,0.59308,3.200406,39.890831
SPHINCS+-SHA2-128f-simple_run19,active,12.401568,5.39625,0.59594,3.215843,39.931794
SPHINCS+-SHA2-128f-simple_run19,active,12.414308,5.39625,0.597013,3.221632,39.972838
SPHINCS+-SHA2-128f-simple_run19,active,12.427047,5.39625,0.599159,3.233211,40.014027
SPHINCS+-SHA2-128f-simple_run19,active,12.439786,5.39875,0.59594,3.217333,40.055011
SPHINCS+-SHA2-128f-simple_run19,active,12.452527,5.39625,0.595762,3.214879,40.095973
SPHINCS+-SHA2-128f-simple_run19,active,12.465274,5.3975,0.59594,3.216588,40.136973
SPHINCS+-SHA2-128f-simple_run19,active,12.478019,5.39625,0.592901,3.199441,40.17775
SPHINCS+-SHA2-128f-simple_run19,active,12.4908,5.395,0.595583,3.213169,40.218818
SPHINCS+-SHA2-128f-simple_run19,active,12.503541,5.395,0.597013,3.220886,40.259857
SPHINCS+-SHA2-128f-simple_run19,active,12.516282,5.39625,0.594331,3.20716,40.30072
SPHINCS+-SHA2-128f-simple_run19,active,12.529024,5.3975,0.595762,3.215623,40.341691
SPHINCS+-SHA2-128f-simple_run19,active,12.541762,5.39625,0.596477,3.218738,40.382693
SPHINCS+-SHA2-128f-simple_run19,active,12.554504,5.38375,0.595762,3.207432,40.423563
SPHINCS+-SHA2-128f-simple_run19,active,12.567252,5.38875,0.595046,3.206556,40.464438
SPHINCS+-SHA2-128f-simple_run19,active,12.579996,5.3975,0.596477,3.219484,40.505468
SPHINCS+-SHA2-128f-simple_run19,active,12.592738,5.39875,0.595762,3.216368,40.54645
SPHINCS+-SHA2-128f-simple_run19,active,12.6055,5.3975,0.598444,3.230099,40.587673
SPHINCS+-SHA2-128f-simple_run19,active,12.618239,5.39875,0.596119,3.218299,40.628671
SPHINCS+-SHA2-128f-simple_run19,active,12.630978,5.39625,0.595225,3.211984,40.669589
SPHINCS+-SHA2-128f-simple_run19,active,12.643719,5.3975,0.603092,3.255191,40.711064
SPHINCS+-SHA2-128f-simple_run19,active,12.656461,5.4025,0.596477,3.222466,40.752124
SPHINCS+-SHA2-128f-simple_run19,active,12.669206,5.39625,0.596834,3.220668,40.793172
SPHINCS+-SHA2-128f-simple_run19,active,12.681951,5.39625,0.597013,3.221632,40.83423
SPHINCS+-SHA2-128f-simple_run19,active,12.694691,5.39625,0.59594,3.215843,40.875201
SPHINCS+-SHA2-128f-simple_run19,active,12.70745,5.405,0.597013,3.226856,40.916371
SPHINCS+-SHA2-128f-simple_run19,active,12.720241,5.39625,0.603986,3.259262,40.958061
SPHINCS+-SHA2-128f-simple_run19,active,12.732989,5.3975,0.596119,3.217553,40.999077
SPHINCS+-SHA2-128f-simple_run19,active,12.745729,5.4,0.597728,3.227733,41.040199
SPHINCS+-SHA2-128f-simple_run19,active,12.75847,5.39625,0.596298,3.217773,41.081198
SPHINCS+-SHA2-128f-simple_run19,active,12.774184,5.39375,0.595762,3.213389,41.131693
SPHINCS+-SHA2-128f-simple_run19,active,12.78695,5.38875,0.596298,3.213301,41.172713
SPHINCS+-SHA2-128f-simple_run19,active,12.799393,5.3875,0.59755,3.219298,41.212771
SPHINCS+-SHA2-128f-simple_run19,active,12.811832,5.38875,0.595762,3.21041,41.252704
SPHINCS+-SHA2-128f-simple_run19,active,12.824269,5.3875,0.596477,3.213519,41.292671
SPHINCS+-SHA2-128f-simple_run19,active,12.836705,5.38875,0.594689,3.204629,41.332525
SPHINCS+-SHA2-128f-simple_run19,active,12.84914,5.3875,0.596656,3.214482,41.372498
SPHINCS+-SHA2-128f-simple_run19,active,12.861572,5.38875,0.59594,3.211374,41.412421
SPHINCS+-SHA2-128f-simple_run19,active,12.874007,5.38875,0.59594,3.211374,41.452354
SPHINCS+-SHA2-128f-simple_run19,active,12.88646,5.4,0.595583,3.216147,41.492406
SPHINCS+-SHA2-128f-simple_run19,active,12.899205,5.3975,0.596298,3.218518,41.533426
SPHINCS+-SHA2-128f-simple_run19,active,12.911946,5.39625,0.597192,3.222597,41.574485
SPHINCS+-SHA2-128f-simple_run19,active,12.924687,5.39625,0.595583,3.213914,41.615434
SPHINCS+-SHA2-128f-simple_run19,active,12.937427,5.39625,0.596834,3.220668,41.656464
SPHINCS+-SHA2-128f-simple_run19,active,12.950169,5.39625,0.597728,3.225492,41.697562
SPHINCS+-SHA2-128f-simple_run19,active,12.962908,5.385,0.596119,3.210102,41.738458
SPHINCS+-SHA2-128f-simple_run19,active,12.975655,5.39625,0.597907,3.226457,41.779583
SPHINCS+-SHA2-128f-simple_run19,active,12.988403,5.39625,0.595762,3.214879,41.820568
SPHINCS+-SHA2-128f-simple_run19,active,13.001145,5.39625,0.595583,3.213914,41.861518
SPHINCS+-SHA2-128f-simple_run19,active,13.013884,5.39625,0.596119,3.216808,41.902497
SPHINCS+-SHA2-128f-simple_run19,active,13.026624,5.39625,0.594152,3.206195,41.943343
SPHINCS+-SHA2-128f-simple_run19,active,13.039365,5.39625,0.595404,3.212949,41.98428
SPHINCS+-SHA2-128f-simple_run19,active,13.052105,5.39625,0.595762,3.214879,42.025238
SPHINCS+-SHA2-128f-simple_run19,active,13.064849,5.3825,0.597371,3.215348,42.066215
SPHINCS+-SHA2-128f-simple_run19,active,13.077594,5.3975,0.596119,3.217553,42.107224
SPHINCS+-SHA2-128f-simple_run19,active,13.09034,5.37625,0.595046,3.199118,42.147998
SPHINCS+-SHA2-128f-simple_run19,active,13.103081,5.39375,0.598444,3.227855,42.189124
SPHINCS+-SHA2-128f-simple_run19,active,13.11582,5.4025,0.595583,3.217636,42.230115
SPHINCS+-SHA2-128f-simple_run19,active,13.128562,5.39875,0.595762,3.216368,42.271098
SPHINCS+-SHA2-128f-simple_run19,active,13.1413,5.39875,0.596477,3.220229,42.312117
SPHINCS+-SHA2-128f-simple_run19,active,13.154063,5.3975,0.59594,3.216588,42.35317
SPHINCS+-SHA2-128f-simple_run19,active,13.166813,5.39125,0.59594,3.212864,42.394135
SPHINCS+-SHA2-128f-simple_run19,active,13.17956,5.39625,0.598801,3.231281,42.435323
SPHINCS+-SHA2-128f-simple_run19,active,13.192309,5.395,0.595762,3.214134,42.4763
SPHINCS+-SHA2-128f-simple_run19,active,13.205051,5.39625,0.598265,3.228386,42.517437
SPHINCS+-SHA2-128f-simple_run19,active,13.21779,5.3975,0.59594,3.216588,42.558412
SPHINCS+-SHA2-128f-simple_run19,active,13.230532,5.3975,0.596119,3.217553,42.59941
SPHINCS+-SHA2-128f-simple_run19,active,13.243271,5.395,0.598444,3.228603,42.640538
SPHINCS+-SHA2-128f-simple_run19,active,13.25601,5.39625,0.597907,3.226457,42.681642
SPHINCS+-SHA2-128f-simple_run19,active,13.268754,5.38375,0.595762,3.207432,42.722516
SPHINCS+-SHA2-128f-simple_run19,active,13.281501,5.39625,0.59594,3.215843,42.763509
SPHINCS+-SHA2-128f-simple_run19,active,13.294247,5.3975,0.595046,3.211763,42.804447
SPHINCS+-SHA2-128f-simple_run19,active,13.306987,5.4025,0.596119,3.220534,42.845477
SPHINCS+-SHA2-128f-simple_run19,active,13.319729,5.3975,0.60488,3.264842,42.887076
SPHINCS+-SHA2-128f-simple_run19,active,13.332472,5.39625,0.595225,3.211984,42.928007
SPHINCS+-SHA2-128f-simple_run19,active,13.345213,5.39875,0.59594,3.217333,42.968998
SPHINCS+-SHA2-128f-simple_run19,active,13.357952,5.39625,0.596298,3.217773,43.009989
SPHINCS+-SHA2-128f-simple_run19,active,13.370693,5.3825,0.595046,3.202837,43.050796
SPHINCS+-SHA2-128f-simple_run19,active,13.38344,5.39625,0.596119,3.216808,43.091804
SPHINCS+-SHA2-128f-simple_run19,active,13.396187,5.3975,0.605953,3.270632,43.133492
SPHINCS+-SHA2-128f-simple_run19,active,13.408929,5.39875,0.59594,3.217333,43.174487
SPHINCS+-SHA2-128f-simple_run19,active,13.421669,5.3975,0.596477,3.219484,43.215503
SPHINCS+-SHA2-128f-simple_run19,active,13.434408,5.39625,0.59594,3.215843,43.256472
SPHINCS+-SHA2-128f-simple_run19,active,13.447149,5.39625,0.592543,3.197511,43.297212
SPHINCS+-SHA2-128f-simple_run19,active,13.459892,5.39625,0.59594,3.215843,43.33819
SPHINCS+-SHA2-128f-simple_run19,active,13.472634,5.395,0.605774,3.268153,43.379832
SPHINCS+-SHA2-128f-simple_run19,active,13.485381,5.3975,0.591828,3.194392,43.420551
SPHINCS+-SHA2-128f-simple_run19,active,13.498123,5.39625,0.59594,3.215843,43.461527
SPHINCS+-SHA2-128f-simple_run19,active,13.510862,5.3925,0.596119,3.214573,43.502477
SPHINCS+-SHA2-128f-simple_run19,active,13.523602,5.3975,0.596119,3.217553,43.543469
SPHINCS+-SHA2-128f-simple_run19,active,13.536345,5.39625,0.599516,3.23514,43.584696
SPHINCS+-SHA2-128f-simple_run19,active,13.549086,5.3975,0.604165,3.260982,43.626243
SPHINCS+-SHA2-128f-simple_run19,active,13.561826,5.39625,0.59594,3.215843,43.667213
SPHINCS+-SHA2-128f-simple_run19,active,13.574566,5.39625,0.597013,3.221632,43.708257
SPHINCS+-SHA2-128f-simple_run19,active,13.587312,5.3975,0.595225,3.212728,43.749206
SPHINCS+-SHA2-128f-simple_run19,active,13.600059,5.3975,0.596119,3.217553,43.79022
SPHINCS+-SHA2-128f-simple_run19,active,13.612802,5.395,0.595404,3.212205,43.831153
SPHINCS+-SHA2-128f-simple_run19,active,13.625541,5.39625,0.596477,3.218738,43.872157
SPHINCS+-SHA2-128f-simple_run19,active,13.638283,5.3975,0.59594,3.216588,43.913143
SPHINCS+-SHA2-128f-simple_run19,active,13.651022,5.395,0.596119,3.216063,43.954111
SPHINCS+-SHA2-128f-simple_run19,active,13.663769,5.39625,0.595404,3.212949,43.995067
SPHINCS+-SHA2-128f-simple_run19,active,13.676513,5.39875,0.595046,3.212507,44.036008
SPHINCS+-SHA2-128f-simple_run19,active,13.68926,5.395,0.59594,3.215098,44.076992
SPHINCS+-SHA2-128f-simple_run19,active,13.702003,5.3975,0.596119,3.217553,44.117991
SPHINCS+-SHA2-128f-simple_run19,active,13.714809,5.39625,0.595583,3.213914,44.159148
SPHINCS+-SHA2-128f-simple_run19,active,13.727586,5.39625,0.596834,3.220668,44.2003
SPHINCS+-SHA2-128f-simple_run19,active,13.740342,5.3975,0.597013,3.222379,44.241405
SPHINCS+-SHA2-128f-simple_run19,active,13.753091,5.39625,0.59594,3.215843,44.282404
SPHINCS+-SHA2-128f-simple_run19,active,13.76583,5.3975,0.597013,3.222379,44.323454
SPHINCS+-SHA2-128f-simple_run19,active,13.778571,5.395,0.596834,3.219922,44.36448
SPHINCS+-SHA2-128f-simple_run19,active,13.79132,5.39625,0.596119,3.216808,44.405489
SPHINCS+-SHA2-128f-simple_run19,active,13.804065,5.3975,0.595404,3.213693,44.446448
SPHINCS+-SHA2-128f-simple_run19,active,13.816808,5.39375,0.595762,3.213389,44.487396
SPHINCS+-SHA2-128f-simple_run19,active,13.829545,5.3975,0.59594,3.216588,44.528367
SPHINCS+-SHA2-128f-simple_run19,active,13.842282,5.39625,0.595762,3.214879,44.569314
SPHINCS+-SHA2-128f-simple_run19,active,13.855017,5.39375,0.599159,3.231713,44.610468
SPHINCS+-SHA2-128f-simple_run19,active,13.867753,5.3975,0.596119,3.217553,44.651448
SPHINCS+-SHA2-128f-simple_run19,active,13.880492,5.39875,0.596477,3.220229,44.69247
SPHINCS+-SHA2-128f-simple_run19,active,13.893235,5.39625,0.596477,3.218738,44.733487
SPHINCS+-SHA2-128f-simple_run19,active,13.905976,5.40375,0.595046,3.215482,44.774456
SPHINCS+-SHA2-128f-simple_run19,active,13.918713,5.39625,0.595404,3.212949,44.81538
SPHINCS+-SHA2-128f-simple_run19,active,13.931449,5.39875,0.599516,3.236639,44.856601
SPHINCS+-SHA2-128f-simple_run19,active,13.944187,5.39875,0.596298,3.219264,44.897607
SPHINCS+-SHA2-128f-simple_run19,active,13.956924,5.39625,0.595404,3.212949,44.93853
SPHINCS+-SHA2-128f-simple_run19,active,13.969656,5.3975,0.596119,3.217553,44.979498
SPHINCS+-SHA2-128f-simple_run19,active,13.98239,5.3975,0.595762,3.215623,45.020444
SPHINCS+-SHA2-128f-simple_run19,active,13.995132,5.39625,0.597371,3.223562,45.06152
SPHINCS+-SHA2-128f-simple_run19,active,14.00787,5.39625,0.596119,3.216808,45.102494
SPHINCS+-SHA2-128f-simple_run19,active,14.020607,5.3975,0.595583,3.214658,45.143439
SPHINCS+-SHA2-128f-simple_run19,active,14.033342,5.3975,0.596656,3.220449,45.184452
SPHINCS+-SHA2-128f-simple_run19,active,14.049003,5.3975,0.595583,3.214658,45.234796
SPHINCS+-SHA2-128f-simple_run19,active,14.061763,5.3975,0.59594,3.216588,45.275842
SPHINCS+-SHA2-128f-simple_run19,active,14.074503,5.3875,0.605417,3.261683,45.317395
SPHINCS+-SHA2-128f-simple_run19,active,14.087242,5.39625,0.59594,3.215843,45.35836
SPHINCS+-SHA2-128f-simple_run19,active,14.099986,5.3975,0.59594,3.216588,45.399354
SPHINCS+-SHA2-128f-simple_run19,active,14.11273,5.39625,0.596298,3.217773,45.440362
SPHINCS+-SHA2-128f-simple_run19,active,14.125489,5.40625,0.596119,3.222769,45.481482
SPHINCS+-SHA2-128f-simple_run19,active,14.138226,5.39625,0.595583,3.213914,45.522415
SPHINCS+-SHA2-128f-simple_run19,active,14.15096,5.39625,0.604702,3.263121,45.563967
SPHINCS+-SHA2-128f-simple_run19,active,14.163693,5.39625,0.596119,3.216808,45.604927
SPHINCS+-SHA2-128f-simple_run19,active,14.176429,5.39625,0.595583,3.213914,45.645862
SPHINCS+-SHA2-128f-simple_run19,active,14.189164,5.39375,0.596119,3.215318,45.686806
SPHINCS+-SHA2-128f-simple_run19,active,14.201903,5.3975,0.596656,3.220449,45.727832
SPHINCS+-SHA2-128f-simple_run19,active,14.214641,5.395,0.596119,3.216063,45.768799
SPHINCS+-SHA2-128f-simple_run19,active,14.227375,5.39375,0.602914,3.251965,45.810208
SPHINCS+-SHA2-128f-simple_run19,active,14.240108,5.39625,0.597371,3.223562,45.851254
SPHINCS+-SHA2-128f-simple_run19,active,14.252845,5.39625,0.595583,3.213914,45.89219
SPHINCS+-SHA2-128f-simple_run19,active,14.265579,5.39625,0.597728,3.225492,45.933265
SPHINCS+-SHA2-128f-simple_run19,active,14.278316,5.3975,0.596656,3.220449,45.974282
SPHINCS+-SHA2-128f-simple_run19,active,14.29105,5.395,0.59594,3.215098,46.015225
SPHINCS+-SHA2-128f-simple_run19,active,14.303791,5.39375,0.59594,3.214354,46.056177
SPHINCS+-SHA2-128f-simple_run19,active,14.316533,5.39625,0.596119,3.216808,46.097166
SPHINCS+-SHA2-128f-simple_run19,active,14.32927,5.3975,0.59594,3.216588,46.138137
SPHINCS+-SHA2-128f-simple_run19,active,14.342006,5.39875,0.59594,3.217333,46.179113
SPHINCS+-SHA2-128f-simple_run19,active,14.354769,5.3925,0.592901,3.197218,46.21992
SPHINCS+-SHA2-128f-simple_run19,active,14.367498,5.39625,0.596119,3.216808,46.260864
SPHINCS+-SHA2-128f-simple_run19,active,14.380237,5.39625,0.59594,3.215843,46.301833
SPHINCS+-SHA2-128f-simple_run19,active,14.392972,5.39375,0.59594,3.214354,46.342767
SPHINCS+-SHA2-128f-simple_run19,active,14.405712,5.3975,0.592722,3.199217,46.383526
SPHINCS+-SHA2-128f-simple_run19,active,14.418451,5.3975,0.596119,3.217553,46.424514
SPHINCS+-SHA2-128f-simple_run19,active,14.431185,5.39625,0.596834,3.220668,46.465527
SPHINCS+-SHA2-128f-simple_run19,active,14.44392,5.39625,0.598265,3.228386,46.506637
SPHINCS+-SHA2-128f-simple_run19,active,14.456657,5.39625,0.595404,3.212949,46.547563
SPHINCS+-SHA2-128f-simple_run19,active,14.469394,5.3975,0.59594,3.216588,46.588531
SPHINCS+-SHA2-128f-simple_run19,active,14.482127,5.3925,0.596477,3.216501,46.629486
SPHINCS+-SHA2-128f-simple_run19,active,14.494861,5.39375,0.591649,3.191208,46.670125
SPHINCS+-SHA2-128f-simple_run19,active,14.507603,5.39875,0.596119,3.218299,46.71113
SPHINCS+-SHA2-128f-simple_run19,active,14.520344,5.39875,0.595762,3.216368,46.752112
SPHINCS+-SHA2-128f-simple_run19,active,14.53308,5.395,0.598265,3.227639,46.793218
SPHINCS+-SHA2-128f-simple_run19,active,14.545814,5.39875,0.59451,3.209611,46.834088
SPHINCS+-SHA2-128f-simple_run19,active,14.558548,5.39625,0.596119,3.216808,46.875053
SPHINCS+-SHA2-128f-simple_run19,active,14.571284,5.39625,0.596119,3.216808,46.916023
SPHINCS+-SHA2-128f-simple_run19,active,14.58402,5.39625,0.598444,3.229351,46.957151
SPHINCS+-SHA2-128f-simple_run19,active,14.596758,5.39625,0.595762,3.214879,46.998103
SPHINCS+-SHA2-128f-simple_run19,active,14.609501,5.3975,0.59594,3.216588,47.039091
SPHINCS+-SHA2-128f-simple_run19,active,14.622241,5.39625,0.596119,3.216808,47.080072
SPHINCS+-SHA2-128f-simple_run19,active,14.634975,5.4025,0.596298,3.2215,47.121095
SPHINCS+-SHA2-128f-simple_run19,active,14.647709,5.39625,0.596119,3.216808,47.16206
SPHINCS+-SHA2-128f-simple_run19,active,14.660445,5.39625,0.596298,3.217773,47.203042
SPHINCS+-SHA2-128f-simple_run19,active,14.673181,5.39625,0.596119,3.216808,47.244011
SPHINCS+-SHA2-128f-simple_run19,active,14.685925,5.39625,0.596477,3.218738,47.285029
SPHINCS+-SHA2-128f-simple_run19,active,14.698662,5.39625,0.596477,3.218738,47.326026
SPHINCS+-SHA2-128f-simple_run19,active,14.711408,5.3975,0.596119,3.217553,47.367036
SPHINCS+-SHA2-128f-simple_run19,active,14.724205,5.395,0.593795,3.203523,47.408032
SPHINCS+-SHA2-128f-simple_run19,active,14.736979,5.3975,0.59594,3.216588,47.449122
SPHINCS+-SHA2-128f-simple_run19,active,14.749722,5.39875,0.603092,3.255945,47.490611
SPHINCS+-SHA2-128f-simple_run19,active,14.762461,5.39625,0.597371,3.223562,47.531678
SPHINCS+-SHA2-128f-simple_run19,active,14.775199,5.39875,0.596477,3.220229,47.572695
SPHINCS+-SHA2-128f-simple_run19,active,14.787937,5.39875,0.595225,3.213472,47.613629
SPHINCS+-SHA2-128f-simple_run19,active,14.800676,5.3975,0.597013,3.222379,47.65468
SPHINCS+-SHA2-128f-simple_run19,active,14.813423,5.3975,0.596119,3.217553,47.695693
SPHINCS+-SHA2-128f-simple_run19,active,14.826165,5.39625,0.605417,3.26698,47.73732
SPHINCS+-SHA2-128f-simple_run19,active,14.838903,5.39625,0.595583,3.213914,47.778259
SPHINCS+-SHA2-128f-simple_run19,active,14.851639,5.3975,0.595225,3.212728,47.819177
SPHINCS+-SHA2-128f-simple_run19,active,14.86438,5.40375,0.597371,3.228042,47.860304
SPHINCS+-SHA2-128f-simple_run19,active,14.877118,5.3975,0.596119,3.217553,47.90129
SPHINCS+-SHA2-128f-simple_run19,active,14.889852,5.3975,0.596119,3.217553,47.942264
SPHINCS+-SHA2-128f-simple_run19,active,14.902589,5.39375,0.604165,3.258716,47.983768
SPHINCS+-SHA2-128f-simple_run19,active,14.915331,5.39375,0.59594,3.214354,48.024727
SPHINCS+-SHA2-128f-simple_run19,active,14.928071,5.3975,0.595583,3.214658,48.065683
SPHINCS+-SHA2-128f-simple_run19,active,14.94081,5.39625,0.59594,3.215843,48.106648
SPHINCS+-SHA2-128f-simple_run19,active,14.953543,5.3925,0.598086,3.225179,48.147713
SPHINCS+-SHA2-128f-simple_run19,active,14.966276,5.3975,0.597728,3.226239,48.188795
SPHINCS+-SHA2-128f-simple_run19,active,14.979011,5.39625,0.603986,3.259262,48.230301
SPHINCS+-SHA2-128f-simple_run19,active,14.991746,5.395,0.59594,3.215098,48.271246
SPHINCS+-SHA2-128f-simple_run19,active,15.004485,5.40375,0.591649,3.197124,48.311974
SPHINCS+-SHA2-128f-simple_run19,active,15.017227,5.3975,0.59594,3.216588,48.35296
SPHINCS+-SHA2-128f-simple_run19,active,15.029967,5.39625,0.596477,3.218738,48.393967
SPHINCS+-SHA2-128f-simple_run19,active,15.042703,5.39875,0.595762,3.216368,48.434931
SPHINCS+-SHA2-128f-simple_run19,active,15.055439,5.39625,0.596119,3.216808,48.475899
SPHINCS+-SHA2-128f-simple_run19,active,15.068177,5.39625,0.59594,3.215843,48.516861
SPHINCS+-SHA2-128f-simple_run19,active,15.080914,5.39875,0.595583,3.215403,48.557815
SPHINCS+-SHA2-128f-simple_run19,active,15.093649,5.39375,0.592007,3.193137,48.598481
SPHINCS+-SHA2-128f-simple_run19,active,15.106384,5.3975,0.595583,3.214658,48.63942
SPHINCS+-SHA2-128f-simple_run19,active,15.119126,5.39875,0.595583,3.215403,48.680392
SPHINCS+-SHA2-128f-simple_run19,active,15.131867,5.3975,0.596119,3.217553,48.721386
SPHINCS+-SHA2-128f-simple_run19,active,15.144606,5.39625,0.600589,3.240929,48.762672
SPHINCS+-SHA2-128f-simple_run19,active,15.157342,5.3975,0.595225,3.212728,48.803589
SPHINCS+-SHA2-128f-simple_run19,active,15.170077,5.395,0.59594,3.215098,48.844533
SPHINCS+-SHA2-128f-simple_run19,active,15.182812,5.3975,0.596119,3.217553,48.88551
SPHINCS+-SHA2-128f-simple_run19,active,15.195547,5.39625,0.595046,3.211019,48.926401
SPHINCS+-SHA2-128f-simple_run19,active,15.208286,5.39625,0.596119,3.216808,48.96738
SPHINCS+-SHA2-128f-simple_run19,active,15.221028,5.395,0.596119,3.216063,49.008359
SPHINCS+-SHA2-128f-simple_run19,active,15.23377,5.39625,0.592007,3.194617,49.049064
SPHINCS+-SHA2-128f-simple_run19,active,15.246507,5.39625,0.596119,3.216808,49.090037
SPHINCS+-SHA2-128f-simple_run19,active,15.259242,5.39625,0.59594,3.215843,49.130991
SPHINCS+-SHA2-128f-simple_run19,active,15.271977,5.39625,0.596477,3.218738,49.171983
SPHINCS+-SHA2-128f-simple_run19,active,15.284715,5.4,0.601841,3.24994,49.213379
SPHINCS+-SHA2-128f-simple_run19,active,15.297488,5.3975,0.596119,3.217553,49.254477
SPHINCS+-SHA2-128f-simple_run19,active,15.310225,5.39625,0.59594,3.215843,49.295439
SPHINCS+-SHA2-128f-simple_run19,active,15.32585,5.39875,0.597013,3.223125,49.345798
SPHINCS+-SHA2-128f-simple_run19,active,15.338611,5.39625,0.595762,3.214879,49.386824
SPHINCS+-SHA2-128f-simple_run19,active,15.351357,5.39625,0.595225,3.211984,49.427764
SPHINCS+-SHA2-128f-simple_run19,active,15.364105,5.40375,0.59594,3.220313,49.468816
SPHINCS+-SHA2-128f-simple_run19,active,15.376845,5.39625,0.59308,3.200406,49.50959
SPHINCS+-SHA2-128f-simple_run19,active,15.389586,5.3975,0.59594,3.216588,49.550571
SPHINCS+-SHA2-128f-simple_run19,active,15.402322,5.3975,0.593437,3.203077,49.591367
SPHINCS+-SHA2-128f-simple_run19,active,15.415059,5.39625,0.594689,3.209089,49.632239
SPHINCS+-SHA2-128f-simple_run19,active,15.427801,5.39625,0.60488,3.264086,49.673831
SPHINCS+-SHA2-128f-simple_run19,active,15.440545,5.39625,0.59594,3.215843,49.714816
SPHINCS+-SHA2-128f-simple_run19,active,15.453282,5.39625,0.597728,3.225492,49.755897
SPHINCS+-SHA2-128f-simple_run19,active,15.466015,5.3925,0.601483,3.243498,49.797196
SPHINCS+-SHA2-128f-simple_run19,active,15.478781,5.3975,0.595762,3.215623,49.838247
SPHINCS+-SHA2-128f-simple_run19,active,15.491518,5.395,0.595046,3.210275,49.879136
SPHINCS+-SHA2-128f-simple_run19,active,15.504255,5.395,0.607741,3.278764,49.920898
SPHINCS+-SHA2-128f-simple_run19,active,15.51699,5.3975,0.596119,3.217553,49.961875
SPHINCS+-SHA2-128f-simple_run19,active,15.529733,5.39625,0.597013,3.221632,50.002926
SPHINCS+-SHA2-128f-simple_run19,active,15.542474,5.39625,0.595404,3.212949,50.043862
SPHINCS+-SHA2-128f-simple_run19,active,15.555208,5.39625,0.595762,3.214879,50.084802
SPHINCS+-SHA2-128f-simple_run19,active,15.567944,5.39625,0.600589,3.240929,50.126077
SPHINCS+-SHA2-128f-simple_run19,active,15.58068,5.395,0.60488,3.26333,50.167641
SPHINCS+-SHA2-128f-simple_run19,active,15.593416,5.39875,0.596119,3.218299,50.208627
SPHINCS+-SHA2-128f-simple_run19,active,15.606148,5.39625,0.596834,3.220668,50.249634
SPHINCS+-SHA2-128f-simple_run19,active,15.618884,5.3975,0.595762,3.215623,50.290588
SPHINCS+-SHA2-128f-simple_run19,active,15.631626,5.39625,0.595225,3.211984,50.331514
SPHINCS+-SHA2-128f-simple_run19,active,15.64437,5.40125,0.598086,3.230412,50.372682
SPHINCS+-SHA2-128f-simple_run19,active,15.657105,5.395,0.604523,3.261401,50.414219
SPHINCS+-SHA2-128f-simple_run19,active,15.66984,5.39625,0.597013,3.221632,50.455244
SPHINCS+-SHA2-128f-simple_run19,active,15.682575,5.3925,0.596834,3.21843,50.496233
SPHINCS+-SHA2-128f-simple_run19,active,15.695311,5.39625,0.596477,3.218738,50.537224
SPHINCS+-SHA2-128f-simple_run19,active,15.708044,5.4,0.596477,3.220975,50.578239
SPHINCS+-SHA2-128f-simple_run19,active,15.720803,5.3975,0.596119,3.217553,50.61929
SPHINCS+-SHA2-128f-simple_run19,active,15.733545,5.39625,0.596477,3.218738,50.660304
SPHINCS+-SHA2-128f-simple_run19,active,15.746287,5.3975,0.597371,3.224309,50.701389
SPHINCS+-SHA2-128f-simple_run19,active,15.759024,5.395,0.59594,3.215098,50.742338
SPHINCS+-SHA2-128f-simple_run19,active,15.771761,5.39625,0.599338,3.234176,50.783533
SPHINCS+-SHA2-128f-simple_run19,active,15.7845,5.40125,0.595404,3.215926,50.8245
SPHINCS+-SHA2-128f-simple_run19,active,15.797235,5.39625,0.59755,3.224527,50.865564
SPHINCS+-SHA2-128f-simple_run19,active,15.809969,5.3975,0.598622,3.231064,50.906709
SPHINCS+-SHA2-128f-simple_run19,active,15.822705,5.39875,0.596834,3.22216,50.947747
SPHINCS+-SHA2-128f-simple_run19,active,15.835446,5.39625,0.596119,3.216808,50.98873
SPHINCS+-SHA2-128f-simple_run19,active,15.848188,5.39625,0.59594,3.215843,51.029708
SPHINCS+-SHA2-128f-simple_run19,active,15.860921,5.39625,0.596119,3.216808,51.070669
SPHINCS+-SHA2-128f-simple_run19,active,15.873665,5.395,0.601304,3.244037,51.112009
SPHINCS+-SHA2-128f-simple_run19,active,15.886402,5.39625,0.599338,3.234176,51.153203
SPHINCS+-SHA2-128f-simple_run19,active,15.899138,5.39625,0.596656,3.219703,51.194208
SPHINCS+-SHA2-128f-simple_run19,active,15.911872,5.3925,0.59594,3.213609,51.235132
SPHINCS+-SHA2-128f-simple_run19,active,15.92461,5.39625,0.59594,3.215843,51.276095
SPHINCS+-SHA2-128f-simple_run19,active,15.937353,5.39625,0.595762,3.214879,51.317061
SPHINCS+-SHA2-128f-simple_run19,active,15.95009,5.39875,0.596298,3.219264,51.358066
SPHINCS+-SHA2-128f-simple_run19,active,15.962827,5.39875,0.59755,3.226021,51.399155
SPHINCS+-SHA2-128f-simple_run19,active,15.975561,5.395,0.600768,3.241143,51.44043
SPHINCS+-SHA2-128f-simple_run19,active,15.988299,5.39625,0.596119,3.216808,51.481404
SPHINCS+-SHA2-128f-simple_run19,active,16.001037,5.395,0.59594,3.215098,51.522359
SPHINCS+-SHA2-128f-simple_run19,active,16.013771,5.39625,0.599516,3.23514,51.563554
SPHINCS+-SHA2-128f-simple_run19,active,16.026505,5.3975,0.595583,3.214658,51.604488
SPHINCS+-SHA2-128f-simple_run19,active,16.039246,5.39625,0.598265,3.228386,51.645621
SPHINCS+-SHA2-128f-simple_run19,active,16.051986,5.395,0.595225,3.21124,51.686533
SPHINCS+-SHA2-128f-simple_run19,active,16.064724,5.39875,0.597728,3.226986,51.727638
SPHINCS+-SHA2-128f-simple_run19,active,16.077496,5.39625,0.596298,3.217773,51.768737
SPHINCS+-SHA2-128f-simple_run19,active,16.090233,5.39625,0.596834,3.220668,51.809759
SPHINCS+-SHA2-128f-simple_run19,active,16.102968,5.395,0.592186,3.194841,51.850444
SPHINCS+-SHA2-128f-simple_run19,active,16.115703,5.3975,0.595046,3.211763,51.891345
SPHINCS+-SHA2-128f-simple_run19,active,16.12844,5.39625,0.59594,3.215843,51.932307
SPHINCS+-SHA2-128f-simple_run19,active,16.141183,5.39625,0.592364,3.196546,51.97304
SPHINCS+-SHA2-128f-simple_run19,active,16.15392,5.3975,0.593974,3.205973,52.013875
SPHINCS+-SHA2-128f-simple_run19,active,16.166656,5.395,0.596298,3.217028,52.054848
SPHINCS+-SHA2-128f-simple_run19,active,16.179392,5.3975,0.595583,3.214658,52.095787
SPHINCS+-SHA2-128f-simple_run19,active,16.192153,5.39875,0.595225,3.213472,52.136795
SPHINCS+-SHA2-128f-simple_run19,active,16.204892,5.3975,0.598622,3.231064,52.177958
SPHINCS+-SHA2-128f-simple_run19,active,16.217627,5.3975,0.596119,3.217553,52.21893
SPHINCS+-SHA2-128f-simple_run19,active,16.23036,5.3975,0.596119,3.217553,52.259902
SPHINCS+-SHA2-128f-simple_run19,active,16.243101,5.39625,0.592186,3.195582,52.300617
SPHINCS+-SHA2-128f-simple_run19,active,16.255842,5.39625,0.609529,3.289172,52.342522
SPHINCS+-SHA2-128f-simple_run19,active,16.26858,5.39625,0.595583,3.213914,52.383463
SPHINCS+-SHA2-128f-simple_run19,active,16.281316,5.39625,0.595225,3.211984,52.42437
SPHINCS+-SHA2-128f-simple_run19,active,16.294074,5.3975,0.596119,3.217553,52.465419
SPHINCS+-SHA2-128f-simple_run19,active,16.306813,5.39625,0.595762,3.214879,52.506373
SPHINCS+-SHA2-128f-simple_run19,active,16.319546,5.39875,0.59594,3.217333,52.54734
SPHINCS+-SHA2-128f-simple_run19,active,16.332284,5.39625,0.608456,3.283383,52.589165
SPHINCS+-SHA2-128f-simple_run19,active,16.345026,5.39625,0.597371,3.223562,52.630239
SPHINCS+-SHA2-128f-simple_run19,active,16.357766,5.39625,0.595583,3.213914,52.671185
SPHINCS+-SHA2-128f-simple_run19,active,16.370503,5.3975,0.596298,3.218518,52.712179
SPHINCS+-SHA2-128f-simple_run19,active,16.383232,5.39375,0.597013,3.22014,52.753167
SPHINCS+-SHA2-128f-simple_run19,active,16.395968,5.39625,0.59594,3.215843,52.794125
SPHINCS+-SHA2-128f-simple_run19,active,16.408706,5.39625,0.60488,3.264086,52.835702
SPHINCS+-SHA2-128f-simple_run19,active,16.421471,5.39375,0.596119,3.215318,52.876745
SPHINCS+-SHA2-128f-simple_run19,active,16.434209,5.395,0.596119,3.216063,52.917711
SPHINCS+-SHA2-128f-simple_run19,active,16.446951,5.39625,0.59594,3.215843,52.958687
SPHINCS+-SHA2-128f-simple_run19,active,16.459689,5.3975,0.59594,3.216588,52.999662
SPHINCS+-SHA2-128f-simple_run19,active,16.472426,5.3975,0.59755,3.225274,53.040743
SPHINCS+-SHA2-128f-simple_run19,active,16.485163,5.39625,0.601662,3.246719,53.082094
SPHINCS+-SHA2-128f-simple_run19,active,16.497896,5.395,0.596477,3.217992,53.12307
SPHINCS+-SHA2-128f-simple_run19,active,16.510633,5.4,0.596119,3.219044,53.164071
SPHINCS+-SHA2-128f-simple_run19,active,16.523369,5.39875,0.596119,3.218299,53.205059
SPHINCS+-SHA2-128f-simple_run19,active,16.536105,5.3975,0.596477,3.219484,53.246061
SPHINCS+-SHA2-128f-simple_run19,active,16.54885,5.3975,0.59594,3.216588,53.287056
SPHINCS+-SHA2-128f-simple_run19,active,16.561588,5.395,0.596119,3.216063,53.328023
SPHINCS+-SHA2-128f-simple_run19,active,16.574323,5.39625,0.596119,3.216808,53.368988
SPHINCS+-SHA2-128f-simple_run19,active,16.587059,5.395,0.596119,3.216063,53.409948
SPHINCS+-SHA2-128f-simple_run19,active,16.602685,5.40125,0.590576,3.189851,53.459795
SPHINCS+-SHA2-128f-simple_run19,active,16.615442,5.39625,0.596656,3.219703,53.500869
SPHINCS+-SHA2-128f-simple_run19,active,16.628181,5.39625,0.595225,3.211984,53.541784
SPHINCS+-SHA2-128f-simple_run19,active,16.640921,5.3975,0.596834,3.221414,53.582826
SPHINCS+-SHA2-128f-simple_run19,active,16.653661,5.39875,0.596119,3.218299,53.623827
SPHINCS+-SHA2-128f-simple_run19,active,16.666403,5.39625,0.59451,3.208125,53.664704
SPHINCS+-SHA2-128f-simple_run19,active,16.679138,5.39625,0.595583,3.213914,53.705635
SPHINCS+-SHA2-128f-simple_run19,active,16.691873,5.39875,0.599516,3.236639,53.746851
SPHINCS+-SHA2-128f-simple_run19,active,16.704608,5.39625,0.594868,3.210054,53.787734
SPHINCS+-SHA2-128f-simple_run19,active,16.71735,5.3975,0.598265,3.229134,53.828879
SPHINCS+-SHA2-128f-simple_run19,active,16.730082,5.39875,0.59594,3.217333,53.86984
SPHINCS+-SHA2-128f-simple_run19,active,16.742824,5.38875,0.596119,3.212337,53.910773
SPHINCS+-SHA2-128f-simple_run19,active,16.755568,5.3975,0.59594,3.216588,53.951765
SPHINCS+-SHA2-128f-simple_run19,active,16.76831,5.3975,0.59594,3.216588,53.99275
SPHINCS+-SHA2-128f-simple_run19,active,16.781044,5.3925,0.595583,3.21168,54.033649
SPHINCS+-SHA2-128f-simple_run19,active,16.793777,5.39625,0.60041,3.239965,54.074903
SPHINCS+-SHA2-128f-simple_run19,active,16.806512,5.39625,0.596656,3.219703,54.115907
SPHINCS+-SHA2-128f-simple_run19,active,16.819248,5.39625,0.597013,3.221632,54.156938
SPHINCS+-SHA2-128f-simple_run19,active,16.831983,5.39125,0.594689,3.206116,54.197766
SPHINCS+-SHA2-128f-simple_run19,active,16.84472,5.39625,0.602198,3.249613,54.239159
SPHINCS+-SHA2-128f-simple_run19,active,16.857498,5.395,0.601304,3.244037,54.28061
SPHINCS+-SHA2-128f-simple_run19,active,16.870239,5.39375,0.596656,3.218211,54.321611
SPHINCS+-SHA2-128f-simple_run19,active,16.882973,5.3875,0.596656,3.214482,54.362546
SPHINCS+-SHA2-128f-simple_run19,active,16.895708,5.39625,0.597907,3.226457,54.403635
SPHINCS+-SHA2-128f-simple_run19,active,16.908446,5.39625,0.59594,3.215843,54.444597
SPHINCS+-SHA2-128f-simple_run19,active,16.921182,5.39875,0.596477,3.220229,54.485611
SPHINCS+-SHA2-128f-simple_run19,active,16.933916,5.3975,0.605059,3.265807,54.527197
SPHINCS+-SHA2-128f-simple_run19,active,16.946651,5.39625,0.596477,3.218738,54.568188
SPHINCS+-SHA2-128f-simple_run19,active,16.959393,5.3975,0.601483,3.246506,54.609555
SPHINCS+-SHA2-128f-simple_run19,active,16.97216,5.40125,0.593795,3.207234,54.650502
SPHINCS+-SHA2-128f-simple_run19,active,16.9849,5.3975,0.598265,3.229134,54.691642
SPHINCS+-SHA2-128f-simple_run19,active,16.997634,5.39625,0.596119,3.216808,54.732605
SPHINCS+-SHA2-128f-simple_run19,active,17.010371,5.3975,0.60041,3.240715,54.77388
SPHINCS+-SHA2-128f-simple_run19,active,17.023107,5.39625,0.594331,3.20716,54.814727
SPHINCS+-SHA2-128f-simple_run19,active,17.03584,5.39625,0.596119,3.216808,54.855688
SPHINCS+-SHA2-128f-simple_run19,active,17.048579,5.39625,0.595762,3.214879,54.89664
SPHINCS+-SHA2-128f-simple_run19,active,17.06132,5.3975,0.592364,3.197287,54.937379
SPHINCS+-SHA2-128f-simple_run19,active,17.074059,5.39625,0.59594,3.215843,54.978343
SPHINCS+-SHA2-128f-simple_run19,active,17.086794,5.39625,0.596834,3.220668,55.019359
SPHINCS+-SHA2-128f-simple_run19,active,17.099528,5.395,0.600947,3.242108,55.060644
SPHINCS+-SHA2-128f-simple_run19,active,17.112265,5.39625,0.591649,3.192687,55.101311
SPHINCS+-SHA2-128f-simple_run19,active,17.125003,5.39625,0.595583,3.213914,55.142249
SPHINCS+-SHA2-128f-simple_run19,active,17.137737,5.39875,0.595762,3.216368,55.183205
SPHINCS+-SHA2-128f-simple_run19,active,17.150472,5.39875,0.594152,3.20768,55.224054
SPHINCS+-SHA2-128f-simple_run19,active,17.163212,5.39375,0.595583,3.212425,55.264981
SPHINCS+-SHA2-128f-simple_run19,active,17.175952,5.39625,0.595762,3.214879,55.305941
SPHINCS+-SHA2-128f-simple_run19,active,17.18869,5.3975,0.59594,3.216588,55.346914
SPHINCS+-SHA2-128f-simple_run19,active,17.201428,5.39375,0.595225,3.210496,55.387807
SPHINCS+-SHA2-128f-simple_run19,active,17.214165,5.39625,0.59594,3.215843,55.428768
SPHINCS+-SHA2-128f-simple_run19,active,17.2269,5.3975,0.595583,3.214658,55.469707
SPHINCS+-SHA2-128f-simple_run19,active,17.239635,5.3975,0.598444,3.230099,55.510843
SPHINCS+-SHA2-128f-simple_run19,active,17.252374,5.39625,0.596119,3.216808,55.551821
SPHINCS+-SHA2-128f-simple_run19,active,17.265114,5.39625,0.595762,3.214879,55.59278
SPHINCS+-SHA2-128f-simple_run19,active,17.277854,5.39625,0.597192,3.222597,55.633835
SPHINCS+-SHA2-128f-simple_run19,active,17.290589,5.39875,0.596834,3.22216,55.67487
SPHINCS+-SHA2-128f-simple_run19,active,17.303326,5.39625,0.601304,3.244789,55.716196
SPHINCS+-SHA2-128f-simple_run19,active,17.316061,5.39625,0.598801,3.231281,55.757347
SPHINCS+-SHA2-128f-simple_run19,active,17.328799,5.39625,0.59594,3.215843,55.798311
SPHINCS+-SHA2-128f-simple_run19,active,17.341534,5.39875,0.597192,3.22409,55.839369
SPHINCS+-SHA2-128f-simple_run19,active,17.35427,5.39625,0.595583,3.213914,55.880302
SPHINCS+-SHA2-128f-simple_run19,active,17.367011,5.3975,0.595583,3.214658,55.921261
SPHINCS+-SHA2-128f-simple_run19,active,17.379752,5.3975,0.596834,3.221414,55.962304
SPHINCS+-SHA2-128f-simple_run19,active,17.392487,5.395,0.598622,3.229568,56.003432
SPHINCS+-SHA2-128f-simple_run19,active,17.405225,5.3875,0.603629,3.25205,56.044857
SPHINCS+-SHA2-128f-simple_run19,active,17.417958,5.3975,0.59594,3.216588,56.085814
SPHINCS+-SHA2-128f-simple_run19,active,17.430694,5.395,0.596834,3.219922,56.126822
SPHINCS+-SHA2-128f-simple_run19,active,17.443429,5.3975,0.595583,3.214658,56.167761
SPHINCS+-SHA2-128f-simple_run19,active,17.456187,5.39625,0.59594,3.215843,56.20879
SPHINCS+-SHA2-128f-simple_run19,active,17.468933,5.385,0.598444,3.222619,56.249864
SPHINCS+-SHA2-128f-simple_run19,active,17.481671,5.39,0.59594,3.212119,56.290782
SPHINCS+-SHA2-128f-simple_run19,active,17.494407,5.39625,0.596834,3.220668,56.331799
SPHINCS+-SHA2-128f-simple_run19,active,17.507141,5.39875,0.600768,3.243396,56.3731
SPHINCS+-SHA2-128f-simple_run19,active,17.519875,5.395,0.59594,3.215098,56.414043
SPHINCS+-SHA2-128f-simple_run19,active,17.532613,5.39625,0.596119,3.216808,56.455018
SPHINCS+-SHA2-128f-simple_run19,active,17.545347,5.3975,0.600053,3.238785,56.496262
SPHINCS+-SHA2-128f-simple_run19,active,17.55808,5.3975,0.595583,3.214658,56.537193
SPHINCS+-SHA2-128f-simple_run19,active,17.570822,5.38125,0.597371,3.214602,56.578153
SPHINCS+-SHA2-128f-simple_run19,active,17.583561,5.3975,0.596477,3.219484,56.619167
SPHINCS+-SHA2-128f-simple_run19,active,17.596299,5.39625,0.59594,3.215843,56.66013
SPHINCS+-SHA2-128f-simple_run19,active,17.609034,5.395,0.597728,3.224745,56.701197
SPHINCS+-SHA2-128f-simple_run19,active,17.621767,5.395,0.595225,3.21124,56.742086
SPHINCS+-SHA2-128f-simple_run19,active,17.634502,5.39375,0.596477,3.217247,56.783056
SPHINCS+-SHA2-128f-simple_run19,active,17.647236,5.39625,0.59594,3.215843,56.824007
SPHINCS+-SHA2-128f-simple_run19,active,17.659965,5.3975,0.592186,3.196322,56.864695
SPHINCS+-SHA2-128f-simple_run19,active,17.672716,5.38375,0.596477,3.211282,56.90564
SPHINCS+-SHA2-128f-simple_run19,active,17.685483,5.3975,0.598801,3.232029,56.946905
SPHINCS+-SHA2-128f-simple_run19,active,17.698221,5.3975,0.596119,3.217553,56.98789
SPHINCS+-SHA2-128f-simple_run19,active,17.710959,5.395,0.602198,3.24886,57.029274
SPHINCS+-SHA2-128f-simple_run19,active,17.723699,5.39875,0.595762,3.216368,57.07025
SPHINCS+-SHA2-128f-simple_run19,active,17.736437,5.39625,0.596477,3.218738,57.111249
SPHINCS+-SHA2-128f-simple_run19,active,17.749172,5.39625,0.596119,3.216808,57.152216
SPHINCS+-SHA2-128f-simple_run19,active,17.761914,5.39625,0.604702,3.263121,57.193796
SPHINCS+-SHA2-128f-simple_run19,active,17.774678,5.375,0.596119,3.204141,57.234692
SPHINCS+-SHA2-128f-simple_run19,active,17.787676,5.3925,0.59594,3.213609,57.276462
SPHINCS+-SHA2-128f-simple_run19,active,17.800492,5.3975,0.590398,3.186671,57.317304
SPHINCS+-SHA2-128f-simple_run19,active,17.813253,5.39625,0.600947,3.242859,57.358685
SPHINCS+-SHA2-128f-simple_run19,active,17.826002,5.395,0.59594,3.215098,57.399673
SPHINCS+-SHA2-128f-simple_run19,active,17.83875,5.385,0.59898,3.225507,57.440794
SPHINCS+-SHA2-128f-simple_run19,active,17.851498,5.39625,0.596656,3.219703,57.481837
SPHINCS+-SHA2-128f-simple_run19,active,17.864254,5.39875,0.59594,3.217333,57.52288
SPHINCS+-SHA2-128f-simple_run19,active,17.879958,5.38375,0.592007,3.187217,57.572931
SPHINCS+-SHA2-128f-simple_run19,active,17.892445,5.3875,0.59594,3.210629,57.613023
SPHINCS+-SHA2-128f-simple_run19,active,17.904889,5.38875,0.59594,3.211374,57.652985
SPHINCS+-SHA2-128f-simple_run19,active,17.917366,5.3875,0.598622,3.225078,57.693224
SPHINCS+-SHA2-128f-simple_run19,active,17.929806,5.395,0.595762,3.214134,57.733206
SPHINCS+-SHA2-128f-simple_run19,active,17.942243,5.3875,0.595762,3.209666,57.773127
SPHINCS+-SHA2-128f-simple_run19,active,17.954681,5.38875,0.595762,3.21041,57.813058
SPHINCS+-SHA2-128f-simple_run19,active,17.967118,5.38875,0.596119,3.212337,57.853009
SPHINCS+-SHA2-128f-simple_run19,active,17.979564,5.375,0.595404,3.200297,57.892839
SPHINCS+-SHA2-128f-simple_run19,active,17.992019,5.39625,0.596119,3.216808,57.932905
SPHINCS+-SHA2-128f-simple_run19,active,18.004767,5.3975,0.597907,3.227204,57.974044
SPHINCS+-SHA2-128f-simple_run19,active,18.017505,5.39625,0.600053,3.238035,58.015291
SPHINCS+-SHA2-128f-simple_run19,active,18.030246,5.4025,0.595583,3.217636,58.056286
SPHINCS+-SHA2-128f-simple_run19,active,18.042985,5.39625,0.596119,3.216808,58.097265
SPHINCS+-SHA2-128f-simple_run19,active,18.055722,5.3975,0.596119,3.217553,58.138249
SPHINCS+-SHA2-128f-simple_run19,active,18.068464,5.395,0.598265,3.227639,58.179373
SPHINCS+-SHA2-128f-simple_run19,active,18.081211,5.39375,0.597728,3.223998,58.220472
SPHINCS+-SHA2-128f-simple_run19,active,18.093957,5.39625,0.59594,3.215843,58.261459
SPHINCS+-SHA2-128f-simple_run19,active,18.106698,5.3975,0.59594,3.216588,58.302442
SPHINCS+-SHA2-128f-simple_run19,active,18.119439,5.39,0.597013,3.217901,58.343441
SPHINCS+-SHA2-128f-simple_run19,active,18.132182,5.3975,0.595583,3.214658,58.384408
SPHINCS+-SHA2-128f-simple_run19,active,18.144926,5.39625,0.598622,3.230316,58.425574
SPHINCS+-SHA2-128f-simple_run19,active,18.157665,5.395,0.596119,3.216063,58.466543
SPHINCS+-SHA2-128f-simple_run19,active,18.170405,5.39625,0.599159,3.233211,58.507734
SPHINCS+-SHA2-128f-simple_run19,active,18.183151,5.39625,0.595583,3.213914,58.548699
SPHINCS+-SHA2-128f-simple_run19,active,18.195906,5.39875,0.595225,3.213472,58.589688
SPHINCS+-SHA2-128f-simple_run19,active,18.208664,5.3975,0.603629,3.258086,58.631253
SPHINCS+-SHA2-128f-simple_run19,active,18.221409,5.39625,0.596119,3.216808,58.67225
SPHINCS+-SHA2-128f-simple_run19,active,18.23415,5.39625,0.596477,3.218738,58.713261
SPHINCS+-SHA2-128f-simple_run19,active,18.246891,5.3975,0.59594,3.216588,58.754243
SPHINCS+-SHA2-128f-simple_run19,active,18.259631,5.39875,0.597013,3.223125,58.795306
SPHINCS+-SHA2-128f-simple_run19,active,18.272379,5.39625,0.595404,3.212949,58.836264
SPHINCS+-SHA2-128f-simple_run19,active,18.285128,5.39625,0.596119,3.216808,58.877278
SPHINCS+-SHA2-128f-simple_run19,active,18.297877,5.395,0.598444,3.228603,58.918438
SPHINCS+-SHA2-128f-simple_run19,active,18.31062,5.39625,0.595762,3.214879,58.959406
SPHINCS+-SHA2-128f-simple_run19,active,18.323362,5.39625,0.598086,3.227422,59.000529
SPHINCS+-SHA2-128f-simple_run19,active,18.336102,5.39625,0.59594,3.215843,59.041498
SPHINCS+-SHA2-128f-simple_run19,active,18.348845,5.395,0.593258,3.200629,59.082285
SPHINCS+-SHA2-128f-simple_run19,active,18.361583,5.40125,0.60202,3.251658,59.123704
SPHINCS+-SHA2-128f-simple_run19,active,18.374324,5.39625,0.595762,3.214879,59.164665
SPHINCS+-SHA2-128f-simple_run19,active,18.387071,5.395,0.596119,3.216063,59.20566
SPHINCS+-SHA2-128f-simple_run19,active,18.399818,5.40125,0.59594,3.218823,59.246691
SPHINCS+-SHA2-128f-simple_run19,active,18.412563,5.39625,0.59594,3.215843,59.287675
SPHINCS+-SHA2-128f-simple_run19,active,18.425306,5.39625,0.602377,3.250578,59.329097
SPHINCS+-SHA2-128f-simple_run19,active,18.438076,5.3975,0.605774,3.269667,59.370853
SPHINCS+-SHA2-128f-simple_run19,active,18.450823,5.40125,0.59594,3.218823,59.411882
SPHINCS+-SHA2-128f-simple_run19,active,18.463563,5.39625,0.596834,3.220668,59.452914
SPHINCS+-SHA2-128f-simple_run19,active,18.476303,5.39625,0.59594,3.215843,59.493885
SPHINCS+-SHA2-128f-simple_run19,active,18.48905,5.38875,0.595225,3.20752,59.53477
SPHINCS+-SHA2-128f-simple_run19,active,18.501794,5.3975,0.596477,3.219484,59.575798
SPHINCS+-SHA2-128f-simple_run19,active,18.514535,5.39875,0.60488,3.265598,59.617405
SPHINCS+-SHA2-128f-simple_run19,active,18.527274,5.3975,0.601126,3.244575,59.658737
SPHINCS+-SHA2-128f-simple_run19,active,18.540014,5.4,0.595583,3.216147,59.699711
SPHINCS+-SHA2-128f-simple_run19,active,18.552758,5.39625,0.596298,3.217773,59.74072
SPHINCS+-SHA2-128f-simple_run19,active,18.565499,5.39625,0.59755,3.224527,59.781803
SPHINCS+-SHA2-128f-simple_run19,active,18.578239,5.39375,0.595583,3.212425,59.822729
SPHINCS+-SHA2-128f-simple_run19,active,18.590988,5.3925,0.60488,3.261818,59.864314
SPHINCS+-SHA2-128f-simple_run19,active,18.603733,5.39625,0.596477,3.218738,59.905337
SPHINCS+-SHA2-128f-simple_run19,active,18.616476,5.4,0.59594,3.218078,59.946346
SPHINCS+-SHA2-128f-simple_run19,active,18.629217,5.395,0.601304,3.244037,59.987678
SPHINCS+-SHA2-128f-simple_run19,active,18.641956,5.395,0.595583,3.213169,60.028609
SPHINCS+-SHA2-128f-simple_run19,active,18.654696,5.39875,0.595583,3.215403,60.069575
SPHINCS+-SHA2-128f-simple_run19,active,18.667435,5.3975,0.602377,3.251331,60.110993
SPHINCS+-SHA2-128f-simple_run19,active,18.680178,5.39875,0.598622,3.231813,60.152174
SPHINCS+-SHA2-128f-simple_run19,active,18.69293,5.3975,0.596298,3.218518,60.193218
SPHINCS+-SHA2-128f-simple_run19,active,18.705677,5.3975,0.596834,3.221414,60.234283
SPHINCS+-SHA2-128f-simple_run19,active,18.718434,5.39625,0.596477,3.218738,60.275342
SPHINCS+-SHA2-128f-simple_run19,active,18.731175,5.39625,0.597728,3.225492,60.316439
SPHINCS+-SHA2-128f-simple_run19,active,18.743916,5.39625,0.59594,3.215843,60.357412
SPHINCS+-SHA2-128f-simple_run19,active,18.756662,5.3975,0.596834,3.221414,60.398473
SPHINCS+-SHA2-128f-simple_run19,active,18.769402,5.3975,0.597907,3.227204,60.439588
SPHINCS+-SHA2-128f-simple_run19,active,18.782148,5.3975,0.596119,3.217553,60.480597
SPHINCS+-SHA2-128f-simple_run19,active,18.794897,5.3975,0.596119,3.217553,60.521617
SPHINCS+-SHA2-128f-simple_run19,active,18.80764,5.395,0.596119,3.216063,60.562601
SPHINCS+-SHA2-128f-simple_run19,active,18.820382,5.39625,0.59308,3.200406,60.60338
SPHINCS+-SHA2-128f-simple_run19,active,18.833123,5.39625,0.598444,3.229351,60.644524
SPHINCS+-SHA2-128f-simple_run19,active,18.84586,5.39375,0.596477,3.217247,60.685504
SPHINCS+-SHA2-128f-simple_run19,active,18.858602,5.39625,0.605596,3.267945,60.727142
SPHINCS+-SHA2-128f-simple_run19,active,18.871351,5.39875,0.596656,3.221194,60.768212
SPHINCS+-SHA2-128f-simple_run19,active,18.884107,5.39625,0.597728,3.225492,60.809355
SPHINCS+-SHA2-128f-simple_run19,active,18.896859,5.395,0.59755,3.22378,60.850464
SPHINCS+-SHA2-128f-simple_run19,active,18.909604,5.3975,0.593437,3.203077,60.891287
SPHINCS+-SHA2-128f-simple_run19,active,18.922347,5.39625,0.595225,3.211984,60.932218
SPHINCS+-SHA2-128f-simple_run19,active,18.935087,5.39625,0.601126,3.243824,60.973546
SPHINCS+-SHA2-128f-simple_run19,active,18.947828,5.39875,0.595046,3.212507,61.014475
SPHINCS+-SHA2-128f-simple_run19,active,18.960571,5.3975,0.596834,3.221414,61.055527
SPHINCS+-SHA2-128f-simple_run19,active,18.973312,5.3975,0.598801,3.232029,61.096706
SPHINCS+-SHA2-128f-simple_run19,active,18.986075,5.395,0.598265,3.227639,61.1379
SPHINCS+-SHA2-128f-simple_run19,active,18.998824,5.39875,0.598622,3.231813,61.179103
SPHINCS+-SHA2-128f-simple_run19,active,19.011568,5.39625,0.596298,3.217773,61.220109
SPHINCS+-SHA2-128f-simple_run19,active,19.024311,5.3975,0.59594,3.216588,61.261099
SPHINCS+-SHA2-128f-simple_run19,active,19.037051,5.3975,0.600589,3.24168,61.302398
SPHINCS+-SHA2-128f-simple_run19,active,19.04979,5.3925,0.597371,3.221322,61.343434
SPHINCS+-SHA2-128f-simple_run19,active,19.062532,5.39625,0.596298,3.217773,61.384435
SPHINCS+-SHA2-128f-simple_run19,active,19.075272,5.395,0.595583,3.213169,61.425369
SPHINCS+-SHA2-128f-simple_run19,active,19.088012,5.3875,0.596834,3.215445,61.466335
SPHINCS+-SHA2-128f-simple_run19,active,19.100762,5.39875,0.596119,3.218299,61.507368
SPHINCS+-SHA2-128f-simple_run19,active,19.113506,5.3975,0.596119,3.217553,61.548374
SPHINCS+-SHA2-128f-simple_run19,active,19.126248,5.37,0.596119,3.20116,61.589161
SPHINCS+-SHA2-128f-simple_run19,active,19.138988,5.39625,0.595225,3.211984,61.630084
SPHINCS+-SHA2-128f-simple_run19,active,19.154644,5.3975,0.595404,3.213693,61.680397
SPHINCS+-SHA2-128f-simple_run19,active,19.167406,5.3975,0.59594,3.216588,61.721446
SPHINCS+-SHA2-128f-simple_run19,active,19.180175,5.3975,0.593258,3.202112,61.762333
SPHINCS+-SHA2-128f-simple_run19,active,19.192921,5.39625,0.605417,3.26698,61.803973
SPHINCS+-SHA2-128f-simple_run19,active,19.205667,5.39375,0.599159,3.231713,61.845166
SPHINCS+-SHA2-128f-simple_run19,active,19.218415,5.39625,0.594331,3.20716,61.88605
SPHINCS+-SHA2-128f-simple_run19,active,19.231156,5.3975,0.596119,3.217553,61.927045
SPHINCS+-SHA2-128f-simple_run19,active,19.243896,5.3975,0.595762,3.215623,61.968012
SPHINCS+-SHA2-128f-simple_run19,active,19.256638,5.3975,0.595404,3.213693,62.008963
SPHINCS+-SHA2-128f-simple_run19,active,19.269379,5.39875,0.60345,3.257876,62.050471
SPHINCS+-SHA2-128f-simple_run19,active,19.282104,5.39375,0.596298,3.216282,62.091396
SPHINCS+-SHA2-128f-simple_run19,active,19.294886,5.3975,0.59594,3.216588,62.132513
SPHINCS+-SHA2-128f-simple_run19,active,19.307646,5.39625,0.595404,3.212949,62.173508
SPHINCS+-SHA2-128f-simple_run19,active,19.320397,5.39625,0.595762,3.214879,62.214502
SPHINCS+-SHA2-128f-simple_run19,active,19.333141,5.39375,0.59594,3.214354,62.255466
SPHINCS+-SHA2-128f-simple_run19,active,19.345881,5.39875,0.604165,3.261737,62.297021
SPHINCS+-SHA2-128f-simple_run19,active,19.358622,5.40125,0.594689,3.212063,62.337946
SPHINCS+-SHA2-128f-simple_run19,active,19.371364,5.39875,0.59594,3.217333,62.378941
SPHINCS+-SHA2-128f-simple_run19,active,19.384103,5.39625,0.595583,3.213914,62.419884
SPHINCS+-SHA2-128f-simple_run19,active,19.396847,5.3975,0.595225,3.212728,62.460825
SPHINCS+-SHA2-128f-simple_run19,active,19.409596,5.4,0.59594,3.218078,62.501854
SPHINCS+-SHA2-128f-simple_run19,active,19.422343,5.39625,0.598265,3.228386,62.543004
SPHINCS+-SHA2-128f-simple_run19,active,19.435084,5.3975,0.596477,3.219484,62.584023
SPHINCS+-SHA2-128f-simple_run19,active,19.447825,5.40375,0.59898,3.236738,62.625263
SPHINCS+-SHA2-128f-simple_run19,active,19.460566,5.39625,0.596834,3.220668,62.666299
SPHINCS+-SHA2-128f-simple_run19,active,19.473309,5.3975,0.59594,3.216588,62.707287
SPHINCS+-SHA2-128f-simple_run19,active,19.486079,5.3975,0.595583,3.214658,62.748339
SPHINCS+-SHA2-128f-simple_run19,active,19.498826,5.39375,0.598622,3.22882,62.789498
SPHINCS+-SHA2-128f-simple_run19,active,19.511577,5.39625,0.595404,3.212949,62.830465
SPHINCS+-SHA2-128f-simple_run19,active,19.524331,5.39625,0.595762,3.214879,62.871468
SPHINCS+-SHA2-128f-simple_run19,active,19.537072,5.39,0.595762,3.211155,62.91238
SPHINCS+-SHA2-128f-simple_run19,active,19.54981,5.4025,0.597728,3.229228,62.953515
SPHINCS+-SHA2-128f-simple_run19,active,19.562552,5.39625,0.596298,3.217773,62.994516
SPHINCS+-SHA2-128f-simple_run19,active,19.575296,5.395,0.599159,3.232462,63.035709
SPHINCS+-SHA2-128f-simple_run19,active,19.588037,5.39625,0.597728,3.225492,63.076805
SPHINCS+-SHA2-128f-simple_run19,active,19.60078,5.3975,0.59594,3.216588,63.117794
SPHINCS+-SHA2-128f-simple_run19,active,19.613525,5.39625,0.596298,3.217773,63.158807
SPHINCS+-SHA2-128f-simple_run19,active,19.626272,5.39875,0.596119,3.218299,63.199828
SPHINCS+-SHA2-128f-simple_run19,active,19.639013,5.39625,0.596298,3.217773,63.240826
SPHINCS+-SHA2-128f-simple_run19,active,19.651753,5.3975,0.599159,3.23396,63.282028
SPHINCS+-SHA2-128f-simple_run19,active,19.664496,5.3975,0.597728,3.226239,63.323139
SPHINCS+-SHA2-128f-simple_run19,active,19.677239,5.395,0.590755,3.187124,63.363752
SPHINCS+-SHA2-128f-simple_run19,active,19.689977,5.3975,0.596119,3.217553,63.404738
SPHINCS+-SHA2-128f-simple_run19,active,19.702717,5.3975,0.596656,3.220449,63.445768
SPHINCS+-SHA2-128f-simple_run19,active,19.715478,5.39625,0.595762,3.214879,63.486792
SPHINCS+-SHA2-128f-simple_run19,active,19.728229,5.40125,0.597192,3.225583,63.527921
SPHINCS+-SHA2-128f-simple_run19,active,19.740971,5.39875,0.595762,3.216368,63.568905
SPHINCS+-SHA2-128f-simple_run19,active,19.75371,5.3975,0.59594,3.216588,63.609881
SPHINCS+-SHA2-128f-simple_run19,active,19.766449,5.3975,0.597907,3.227204,63.65099
SPHINCS+-SHA2-128f-simple_run19,active,19.779193,5.39375,0.594689,3.207603,63.691868
SPHINCS+-SHA2-128f-simple_run19,active,19.791933,5.395,0.595583,3.213169,63.732805
SPHINCS+-SHA2-128f-simple_run19,active,19.80468,5.39625,0.595583,3.213914,63.773772
SPHINCS+-SHA2-128f-simple_run19,active,19.817435,5.3975,0.594689,3.209833,63.814712
SPHINCS+-SHA2-128f-simple_run19,active,19.830182,5.39875,0.596119,3.218299,63.855739
SPHINCS+-SHA2-128f-simple_run19,active,19.842924,5.3975,0.595583,3.214658,63.896698
SPHINCS+-SHA2-128f-simple_run19,active,19.855666,5.39625,0.600589,3.240929,63.937994
SPHINCS+-SHA2-128f-simple_run19,active,19.868421,5.3975,0.603271,3.256156,63.979526
SPHINCS+-SHA2-128f-simple_run19,active,19.88119,5.3975,0.596119,3.217553,64.020612
SPHINCS+-SHA2-128f-simple_run19,active,19.893936,5.3975,0.595762,3.215623,64.061599
SPHINCS+-SHA2-128f-simple_run19,active,19.906681,5.39875,0.594152,3.20768,64.10248
SPHINCS+-SHA2-128f-simple_run19,active,19.919432,5.3975,0.595583,3.214658,64.14347
SPHINCS+-SHA2-128f-simple_run19,active,19.932181,5.3975,0.596119,3.217553,64.184492
SPHINCS+-SHA2-128f-simple_run19,active,19.944926,5.395,0.604523,3.261401,64.226057
SPHINCS+-SHA2-128f-simple_run19,active,19.957666,5.3975,0.595583,3.214658,64.267012
SPHINCS+-SHA2-128f-simple_run19,active,19.970408,5.39625,0.595762,3.214879,64.307977
SPHINCS+-SHA2-128f-simple_run19,active,19.983149,5.3975,0.595762,3.215623,64.348947
SPHINCS+-SHA2-128f-simple_run19,active,19.99589,5.3975,0.597371,3.224309,64.390027
SPHINCS+-SHA2-128f-simple_run19,active,20.008634,5.39625,0.595583,3.213914,64.430985
SPHINCS+-SHA2-128f-simple_run19,active,20.021381,5.39625,0.605774,3.26891,64.472656
SPHINCS+-SHA2-128f-simple_run19,active,20.034125,5.395,0.597013,3.220886,64.513702
SPHINCS+-SHA2-128f-simple_run19,active,20.046868,5.39,0.596119,3.213082,64.554645
SPHINCS+-SHA2-128f-simple_run19,active,20.059609,5.39625,0.596477,3.218738,64.595656
SPHINCS+-SHA2-128f-simple_run19,active,20.072355,5.39375,0.596119,3.215318,64.636638
SPHINCS+-SHA2-128f-simple_run19,active,20.085097,5.39875,0.597371,3.225056,64.677732
SPHINCS+-SHA2-128f-simple_run19,active,20.097836,5.40125,0.594689,3.212063,64.718649
SPHINCS+-SHA2-128f-simple_run19,active,20.110576,5.39875,0.595225,3.213472,64.75959
SPHINCS+-SHA2-128f-simple_run19,active,20.123323,5.3975,0.595762,3.215623,64.80058
SPHINCS+-SHA2-128f-simple_run19,active,20.136071,5.3975,0.595583,3.214658,64.841559
SPHINCS+-SHA2-128f-simple_run19,active,20.148815,5.38875,0.59594,3.211374,64.882484
SPHINCS+-SHA2-128f-simple_run19,active,20.161554,5.3975,0.596119,3.217553,64.923472
SPHINCS+-SHA2-128f-simple_run19,active,20.174294,5.39625,0.596119,3.216808,64.964455
SPHINCS+-SHA2-128f-simple_run19,active,20.187033,5.40125,0.597907,3.229446,65.005596
SPHINCS+-SHA2-128f-simple_run19,active,20.199775,5.39625,0.59594,3.215843,65.046572
SPHINCS+-SHA2-128f-simple_run19,active,20.212517,5.39375,0.596477,3.217247,65.087567
SPHINCS+-SHA2-128f-simple_run19,active,20.225266,5.39625,0.597728,3.225492,65.128687
SPHINCS+-SHA2-128f-simple_run19,active,20.238007,5.39875,0.595762,3.216368,65.169669
SPHINCS+-SHA2-128f-simple_run19,active,20.250782,5.39625,0.59898,3.232246,65.21096
SPHINCS+-SHA2-128f-simple_run19,active,20.263523,5.3975,0.597728,3.226239,65.252065
SPHINCS+-SHA2-128f-simple_run19,active,20.276267,5.395,0.595762,3.214134,65.293027
SPHINCS+-SHA2-128f-simple_run19,active,20.289011,5.395,0.597013,3.220886,65.334073
SPHINCS+-SHA2-128f-simple_run19,active,20.301748,5.395,0.596119,3.216063,65.375037
SPHINCS+-SHA2-128f-simple_run19,active,20.314487,5.39625,0.595762,3.214879,65.415991
SPHINCS+-SHA2-128f-simple_run19,active,20.327237,5.3975,0.597907,3.227204,65.457138
SPHINCS+-SHA2-128f-simple_run19,active,20.339983,5.39625,0.596656,3.219703,65.498176
SPHINCS+-SHA2-128f-simple_run19,active,20.352725,5.39875,0.595762,3.216368,65.539159
SPHINCS+-SHA2-128f-simple_run19,active,20.365496,5.39875,0.600768,3.243396,65.580581
SPHINCS+-SHA2-128f-simple_run19,active,20.37824,5.3975,0.596119,3.217553,65.621584
SPHINCS+-SHA2-128f-simple_run19,active,20.390981,5.395,0.596119,3.216063,65.662561
SPHINCS+-SHA2-128f-simple_run19,active,20.403719,5.39625,0.599159,3.233211,65.703746
SPHINCS+-SHA2-128f-simple_run19,active,20.416459,5.39875,0.592901,3.200923,65.744526
SPHINCS+-SHA2-128f-simple_run19,active,20.43207,5.3975,0.595583,3.214658,65.794709
SPHINCS+-SHA2-128f-simple_run19,active,20.44484,5.39625,0.597728,3.225492,65.835898
SPHINCS+-SHA2-128f-simple_run19,active,20.457595,5.4025,0.59755,3.228262,65.877074
SPHINCS+-SHA2-128f-simple_run19,active,20.470339,5.3975,0.605774,3.269667,65.918743
SPHINCS+-SHA2-128f-simple_run19,active,20.483081,5.3975,0.598444,3.230099,65.959901
SPHINCS+-SHA2-128f-simple_run19,active,20.495823,5.39875,0.597013,3.223125,66.000969
SPHINCS+-SHA2-128f-simple_run19,active,20.508565,5.395,0.596119,3.216063,66.04195
SPHINCS+-SHA2-128f-simple_run19,active,20.521307,5.39625,0.596119,3.216808,66.082937
SPHINCS+-SHA2-128f-simple_run19,active,20.534082,5.39625,0.595583,3.213914,66.123995
SPHINCS+-SHA2-128f-simple_run19,active,20.546833,5.40125,0.605596,3.270973,66.165705
SPHINCS+-SHA2-128f-simple_run19,active,20.559575,5.3975,0.59594,3.216588,66.206691
SPHINCS+-SHA2-128f-simple_run19,active,20.572317,5.39625,0.596656,3.219703,66.247715
SPHINCS+-SHA2-128f-simple_run19,active,20.585058,5.39625,0.595762,3.214879,66.288676
SPHINCS+-SHA2-128f-simple_run19,active,20.597794,5.395,0.595046,3.210275,66.329562
SPHINCS+-SHA2-128f-simple_run19,active,20.610537,5.39875,0.596477,3.220229,66.370596
SPHINCS+-SHA2-128f-simple_run19,active,20.623276,5.3975,0.605059,3.265807,66.412199
SPHINCS+-SHA2-128f-simple_run19,active,20.636023,5.39625,0.596119,3.216808,66.453204
SPHINCS+-SHA2-128f-simple_run19,active,20.64877,5.3975,0.594689,3.209833,66.494122
SPHINCS+-SHA2-128f-simple_run19,active,20.661509,5.3975,0.596119,3.217553,66.53511
SPHINCS+-SHA2-128f-simple_run19,active,20.674249,5.395,0.596298,3.217028,66.576094
SPHINCS+-SHA2-128f-simple_run19,active,20.686988,5.39625,0.595046,3.211019,66.617001
SPHINCS+-SHA2-128f-simple_run19,active,20.699729,5.3975,0.599338,3.234925,66.658217
SPHINCS+-SHA2-128f-simple_run19,active,20.712475,5.3975,0.596477,3.219484,66.699251
SPHINCS+-SHA2-128f-simple_run19,active,20.72522,5.3975,0.596834,3.221414,66.740308
SPHINCS+-SHA2-128f-simple_run19,active,20.737973,5.395,0.594152,3.205452,66.781187
SPHINCS+-SHA2-128f-simple_run19,active,20.750721,5.39625,0.596656,3.219703,66.822231
SPHINCS+-SHA2-128f-simple_run19,active,20.763463,5.39375,0.597013,3.22014,66.863262
SPHINCS+-SHA2-128f-simple_run19,active,20.776207,5.40125,0.592722,3.20144,66.904061
SPHINCS+-SHA2-128f-simple_run19,active,20.788949,5.3975,0.596119,3.217553,66.94506
SPHINCS+-SHA2-128f-simple_run19,active,20.801688,5.39625,0.595583,3.213914,66.986003
SPHINCS+-SHA2-128f-simple_run19,active,20.814431,5.39875,0.59594,3.217333,67.026999
SPHINCS+-SHA2-128f-simple_run19,active,20.827163,5.3975,0.596656,3.220449,67.068004
SPHINCS+-SHA2-128f-simple_run19,active,20.839916,5.39625,0.595583,3.213914,67.108991
SPHINCS+-SHA2-128f-simple_run19,active,20.852665,5.3975,0.596298,3.218518,67.150024
SPHINCS+-SHA2-128f-simple_run19,active,20.865406,5.3975,0.595404,3.213693,67.190969
SPHINCS+-SHA2-128f-simple_run19,active,20.878169,5.39875,0.59594,3.217333,67.232032
SPHINCS+-SHA2-128f-simple_run19,active,20.890927,5.39625,0.59594,3.215843,67.273058
SPHINCS+-SHA2-128f-simple_run19,active,20.90367,5.39625,0.596656,3.219703,67.314089
SPHINCS+-SHA2-128f-simple_run19,active,20.916413,5.39625,0.599695,3.236105,67.355327
SPHINCS+-SHA2-128f-simple_run19,active,20.929155,5.395,0.596834,3.219922,67.396353
SPHINCS+-SHA2-128f-simple_run19,active,20.9419,5.3975,0.59594,3.216588,67.43735
SPHINCS+-SHA2-128f-simple_run19,active,20.95465,5.39875,0.595583,3.215403,67.478345
SPHINCS+-SHA2-128f-simple_run19,active,20.967392,5.39625,0.59594,3.215843,67.519323
SPHINCS+-SHA2-128f-simple_run19,active,20.98017,5.39625,0.595225,3.211984,67.560365
SPHINCS+-SHA2-128f-simple_run19,active,20.992918,5.3975,0.595762,3.215623,67.601357
SPHINCS+-SHA2-128f-simple_run19,active,21.005658,5.3925,0.601304,3.242534,67.642667
SPHINCS+-SHA2-128f-simple_run19,active,21.018398,5.39375,0.596477,3.217247,67.683656
SPHINCS+-SHA2-128f-simple_run19,active,21.031139,5.3975,0.597013,3.222379,67.724711
SPHINCS+-SHA2-128f-simple_run19,active,21.043886,5.39875,0.596477,3.220229,67.765759
SPHINCS+-SHA2-128f-simple_run19,active,21.056632,5.38625,0.595225,3.206032,67.806625
SPHINCS+-SHA2-128f-simple_run19,active,21.069374,5.3975,0.595762,3.215623,67.847597
SPHINCS+-SHA2-128f-simple_run19,active,21.082113,5.39875,0.598622,3.231813,67.888766
SPHINCS+-SHA2-128f-simple_run19,active,21.094852,5.3925,0.596119,3.214573,67.929717
SPHINCS+-SHA2-128f-simple_run19,active,21.107592,5.4025,0.595762,3.218602,67.970725
SPHINCS+-SHA2-128f-simple_run19,active,21.120335,5.3975,0.59594,3.216588,68.011712
SPHINCS+-SHA2-128f-simple_run19,active,21.133074,5.395,0.595583,3.213169,68.052644
SPHINCS+-SHA2-128f-simple_run19,active,21.145817,5.39625,0.593437,3.202335,68.093452
SPHINCS+-SHA2-128f-simple_run19,active,21.15856,5.3975,0.598265,3.229134,68.134602
SPHINCS+-SHA2-128f-simple_run19,active,21.171299,5.395,0.59594,3.215098,68.175559
SPHINCS+-SHA2-128f-simple_run19,active,21.18404,5.39625,0.601126,3.243824,68.216887
SPHINCS+-SHA2-128f-simple_run19,active,21.196783,5.3975,0.594689,3.209833,68.257792
SPHINCS+-SHA2-128f-simple_run19,active,21.209523,5.39625,0.596119,3.216808,68.298773
SPHINCS+-SHA2-128f-simple_run19,active,21.222263,5.3975,0.600053,3.238785,68.340036
SPHINCS+-SHA2-128f-simple_run19,active,21.235004,5.39625,0.598265,3.228386,68.381167
SPHINCS+-SHA2-128f-simple_run19,active,21.24775,5.39625,0.596477,3.218738,68.422194
SPHINCS+-SHA2-128f-simple_run19,active,21.260498,5.39625,0.595583,3.213914,68.463163
SPHINCS+-SHA2-128f-simple_run19,active,21.273239,5.3975,0.59594,3.216588,68.504146
SPHINCS+-SHA2-128f-simple_run19,active,21.285977,5.3975,0.59755,3.225274,68.545232
SPHINCS+-SHA2-128f-simple_run19,active,21.298717,5.3975,0.60488,3.264842,68.586824
SPHINCS+-SHA2-128f-simple_run19,active,21.311457,5.39875,0.595225,3.213472,68.627763
SPHINCS+-SHA2-128f-simple_run19,active,21.324198,5.395,0.596656,3.218957,68.668777
SPHINCS+-SHA2-128f-simple_run19,active,21.33694,5.3975,0.595225,3.212728,68.709713
SPHINCS+-SHA2-128f-simple_run19,active,21.34969,5.395,0.596119,3.216063,68.750717
SPHINCS+-SHA2-128f-simple_run19,active,21.362435,5.39625,0.595046,3.211019,68.791642
SPHINCS+-SHA2-128f-simple_run19,active,21.375175,5.3975,0.599338,3.234925,68.832856
SPHINCS+-SHA2-128f-simple_run19,active,21.387915,5.3975,0.596656,3.220449,68.873885
SPHINCS+-SHA2-128f-simple_run19,active,21.400658,5.3975,0.596477,3.219484,68.91491
SPHINCS+-SHA2-128f-simple_run19,active,21.413401,5.3975,0.595583,3.214658,68.955874
SPHINCS+-SHA2-128f-simple_run19,active,21.426141,5.39375,0.596834,3.219176,68.996886
SPHINCS+-SHA2-128f-simple_run19,active,21.438884,5.39625,0.59594,3.215843,69.037865
SPHINCS+-SHA2-128f-simple_run19,active,21.451627,5.39625,0.60488,3.264086,69.07946
SPHINCS+-SHA2-128f-simple_run19,active,21.464377,5.39875,0.596834,3.22216,69.120544
SPHINCS+-SHA2-128f-simple_run19,active,21.477122,5.3975,0.59594,3.216588,69.161538
SPHINCS+-SHA2-128f-simple_run19,active,21.48986,5.40125,0.595225,3.21496,69.202492
SPHINCS+-SHA2-128f-simple_run19,active,21.5026,5.39625,0.596656,3.219703,69.24351
SPHINCS+-SHA2-128f-simple_run19,active,21.51534,5.4025,0.593795,3.207976,69.284379
SPHINCS+-SHA2-128f-simple_run19,active,21.528078,5.39625,0.601841,3.247683,69.32575
SPHINCS+-SHA2-128f-simple_run19,active,21.540821,5.39875,0.596834,3.22216,69.366808
SPHINCS+-SHA2-128f-simple_run19,active,21.553566,5.39625,0.596477,3.218738,69.40783
SPHINCS+-SHA2-128f-simple_run19,active,21.566309,5.39875,0.59594,3.217333,69.448829
SPHINCS+-SHA2-128f-simple_run19,active,21.579048,5.395,0.594868,3.209311,69.489714
SPHINCS+-SHA2-128f-simple_run19,active,21.591791,5.3975,0.59451,3.208868,69.530604
SPHINCS+-SHA2-128f-simple_run19,active,21.604533,5.39875,0.594152,3.20768,69.571476
SPHINCS+-SHA2-128f-simple_run19,active,21.617275,5.3975,0.596656,3.220449,69.612511
SPHINCS+-SHA2-128f-simple_run19,active,21.630014,5.39625,0.596477,3.218738,69.653514
SPHINCS+-SHA2-128f-simple_run19,active,21.642791,5.39625,0.59594,3.215843,69.694604
SPHINCS+-SHA2-128f-simple_run19,active,21.655539,5.395,0.595583,3.213169,69.735565
SPHINCS+-SHA2-128f-simple_run19,active,21.668287,5.39625,0.595762,3.214879,69.776549
SPHINCS+-SHA2-128f-simple_run19,active,21.681029,5.39625,0.595762,3.214879,69.817513
SPHINCS+-SHA2-128f-simple_run19,active,21.693768,5.39625,0.596477,3.218738,69.858517
SPHINCS+-SHA2-128f-simple_run19,active,21.709432,5.39625,0.596119,3.216808,69.908904
SPHINCS+-SHA2-128f-simple_run19,active,21.722205,5.39625,0.596119,3.216808,69.949991
SPHINCS+-SHA2-128f-simple_run19,active,21.734952,5.39875,0.594152,3.20768,69.99088
SPHINCS+-SHA2-128f-simple_run19,active,21.747691,5.39625,0.59594,3.215843,70.031846
SPHINCS+-SHA2-128f-simple_run19,active,21.760443,5.3975,0.59755,3.225274,70.072974
SPHINCS+-SHA2-128f-simple_run19,active,21.773202,5.39625,0.595762,3.214879,70.113996
SPHINCS+-SHA2-128f-simple_run19,active,21.78597,5.39625,0.59594,3.215843,70.155053
SPHINCS+-SHA2-128f-simple_run19,active,21.798715,5.395,0.596119,3.216063,70.196042
SPHINCS+-SHA2-128f-simple_run19,active,21.811457,5.3975,0.59594,3.216588,70.237029
SPHINCS+-SHA2-128f-simple_run19,active,21.824202,5.39625,0.595404,3.212949,70.277977
SPHINCS+-SHA2-128f-simple_run19,active,21.836942,5.39625,0.595762,3.214879,70.318936
SPHINCS+-SHA2-128f-simple_run19,active,21.849682,5.39875,0.595583,3.215403,70.359898
SPHINCS+-SHA2-128f-simple_run19,active,21.862442,5.39625,0.59594,3.215843,70.400932
SPHINCS+-SHA2-128f-simple_run19,active,21.875197,5.39625,0.595583,3.213914,70.441926
SPHINCS+-SHA2-128f-simple_run19,active,21.887965,5.39625,0.600947,3.242859,70.483333
SPHINCS+-SHA2-128f-simple_run19,active,21.900713,5.3975,0.601304,3.24554,70.524706
SPHINCS+-SHA2-128f-simple_run19,active,21.913493,5.3975,0.59594,3.216588,70.565815
SPHINCS+-SHA2-128f-simple_run19,active,21.926238,5.39625,0.59594,3.215843,70.606801
SPHINCS+-SHA2-128f-simple_run19,active,21.938979,5.3975,0.59594,3.216588,70.647783
SPHINCS+-SHA2-128f-simple_run19,active,21.951719,5.3975,0.596119,3.217553,70.688774
SPHINCS+-SHA2-128f-simple_run19,active,21.96447,5.40125,0.59594,3.218823,70.729817
SPHINCS+-SHA2-128f-simple_run19,active,21.977218,5.3975,0.605238,3.266772,70.771462
SPHINCS+-SHA2-128f-simple_run19,active,21.989958,5.395,0.59594,3.215098,70.812423
SPHINCS+-SHA2-128f-simple_run19,active,22.002699,5.3975,0.59594,3.216588,70.853405
SPHINCS+-SHA2-128f-simple_run19,active,22.015438,5.4,0.594152,3.208423,70.894277
SPHINCS+-SHA2-128f-simple_run19,active,22.028182,5.39875,0.596298,3.219264,70.935304
SPHINCS+-SHA2-128f-simple_run19,active,22.040924,5.3975,0.59594,3.216588,70.976289
SPHINCS+-SHA2-128f-simple_run19,active,22.053662,5.3975,0.605417,3.267737,71.017913
SPHINCS+-SHA2-128f-simple_run19,active,22.066408,5.39,0.595762,3.211155,71.058842
SPHINCS+-SHA2-128f-simple_run19,active,22.079154,5.395,0.596119,3.216063,71.099836
SPHINCS+-SHA2-128f-simple_run19,active,22.091901,5.39625,0.59594,3.215843,71.140826
SPHINCS+-SHA2-128f-simple_run19,active,22.104643,5.4025,0.595225,3.215704,71.181801
SPHINCS+-SHA2-128f-simple_run19,active,22.117385,5.39625,0.595583,3.213914,71.222753
SPHINCS+-SHA2-128f-simple_run19,active,22.130125,5.39625,0.605417,3.26698,71.264375
SPHINCS+-SHA2-128f-simple_run19,active,22.142866,5.39625,0.595583,3.213914,71.305322
SPHINCS+-SHA2-128f-simple_run19,active,22.155604,5.39125,0.595046,3.208044,71.346188
SPHINCS+-SHA2-128f-simple_run19,active,22.168353,5.3975,0.595762,3.215623,71.387183
SPHINCS+-SHA2-128f-simple_run19,active,22.181099,5.39625,0.596119,3.216808,71.428184
SPHINCS+-SHA2-128f-simple_run19,active,22.193838,5.39625,0.595225,3.211984,71.469102
SPHINCS+-SHA2-128f-simple_run19,active,22.206577,5.3975,0.607205,3.277388,71.510855
SPHINCS+-SHA2-128f-simple_run19,active,22.219316,5.39,0.595583,3.210191,71.551748
SPHINCS+-SHA2-128f-simple_run19,active,22.232057,5.39875,0.596119,3.218299,71.592752
SPHINCS+-SHA2-128f-simple_run19,active,22.2448,5.4,0.596477,3.220975,71.633798
SPHINCS+-SHA2-128f-simple_run19,active,22.257541,5.39875,0.596119,3.218299,71.6748
SPHINCS+-SHA2-128f-simple_run19,active,22.270287,5.39125,0.596119,3.213828,71.715765
SPHINCS+-SHA2-128f-simple_run19,active,22.283031,5.39625,0.596119,3.216808,71.756761
SPHINCS+-SHA2-128f-simple_run19,active,22.295772,5.39625,0.597728,3.225492,71.797855
SPHINCS+-SHA2-128f-simple_run19,active,22.308512,5.39875,0.596834,3.22216,71.838906
SPHINCS+-SHA2-128f-simple_run19,active,22.321252,5.3975,0.597013,3.222379,71.879958
SPHINCS+-SHA2-128f-simple_run19,active,22.333991,5.3975,0.593258,3.202112,71.920751
SPHINCS+-SHA2-128f-simple_run19,active,22.34673,5.39625,0.59594,3.215843,71.961719
SPHINCS+-SHA2-128f-simple_run19,active,22.359469,5.39625,0.598622,3.230316,72.002869
SPHINCS+-SHA2-128f-simple_run19,active,22.372222,5.3975,0.596119,3.217553,72.0439
SPHINCS+-SHA2-128f-simple_run19,active,22.384968,5.3975,0.59594,3.216588,72.084899
SPHINCS+-SHA2-128f-simple_run19,active,22.397708,5.39375,0.596298,3.216282,72.125877
SPHINCS+-SHA2-128f-simple_run19,active,22.410448,5.3975,0.596477,3.219484,72.166893
SPHINCS+-SHA2-128f-simple_run19,active,22.423189,5.3975,0.595583,3.214658,72.20785
SPHINCS+-SHA2-128f-simple_run19,active,22.435929,5.395,0.598622,3.229568,72.248996
SPHINCS+-SHA2-128f-simple_run19,active,22.448671,5.39625,0.596656,3.219703,72.290021
SPHINCS+-SHA2-128f-simple_run19,active,22.461413,5.39625,0.596656,3.219703,72.331046
SPHINCS+-SHA2-128f-simple_run19,active,22.474159,5.39625,0.597907,3.226457,72.37217
SPHINCS+-SHA2-128f-simple_run19,active,22.486903,5.37625,0.596119,3.204886,72.413013
SPHINCS+-SHA2-128f-simple_run19,active,22.499644,5.39625,0.595762,3.214879,72.453975
SPHINCS+-SHA2-128f-simple_run19,active,22.512386,5.39875,0.598622,3.231813,72.495154
SPHINCS+-SHA2-128f-simple_run19,active,22.525129,5.39625,0.596298,3.217773,72.536157
SPHINCS+-SHA2-128f-simple_run19,active,22.537869,5.3975,0.595583,3.214658,72.577112
SPHINCS+-SHA2-128f-simple_run19,active,22.550609,5.395,0.595225,3.21124,72.618023
SPHINCS+-SHA2-128f-simple_run19,active,22.563348,5.39875,0.59594,3.217333,72.65901
SPHINCS+-SHA2-128f-simple_run19,active,22.576094,5.4025,0.597371,3.227296,72.700145
SPHINCS+-SHA2-128f-simple_run19,active,22.588834,5.38625,0.597728,3.219515,72.741161
SPHINCS+-SHA2-128f-simple_run19,active,22.601576,5.3975,0.596119,3.217553,72.78216
SPHINCS+-SHA2-128f-simple_run19,active,22.614316,5.4025,0.59755,3.228262,72.823288
SPHINCS+-SHA2-128f-simple_run19,active,22.627056,5.39625,0.59594,3.215843,72.864258
SPHINCS+-SHA2-128f-simple_run19,active,22.639795,5.395,0.595762,3.214134,72.905203
SPHINCS+-SHA2-128f-simple_run19,active,22.652538,5.39625,0.596119,3.216808,72.946193
SPHINCS+-SHA2-128f-simple_run19,active,22.665279,5.40125,0.598086,3.230412,72.987353
SPHINCS+-SHA2-128f-simple_run19,active,22.678025,5.39625,0.596298,3.217773,73.028366
SPHINCS+-SHA2-128f-simple_run19,active,22.6908,5.38625,0.59594,3.209884,73.069374
SPHINCS+-SHA2-128f-simple_run19,active,22.70354,5.3975,0.595583,3.214658,73.110327
SPHINCS+-SHA2-128f-simple_run19,active,22.716292,5.39625,0.59594,3.215843,73.151335
SPHINCS+-SHA2-128f-simple_run19,active,22.729033,5.39625,0.601483,3.245754,73.192691
SPHINCS+-SHA2-128f-simple_run19,active,22.741772,5.3975,0.596656,3.220449,73.233715
SPHINCS+-SHA2-128f-simple_run19,active,22.754513,5.39875,0.596656,3.221194,73.274755
SPHINCS+-SHA2-128f-simple_run19,active,22.767252,5.3975,0.59594,3.216588,73.315733
SPHINCS+-SHA2-128f-simple_run19,active,22.77999,5.39625,0.595404,3.212949,73.35666
SPHINCS+-SHA2-128f-simple_run19,active,22.792739,5.38625,0.596298,3.21181,73.397607
SPHINCS+-SHA2-128f-simple_run19,active,22.805504,5.395,0.608278,3.281658,73.439498
SPHINCS+-SHA2-128f-simple_run19,active,22.818246,5.3975,0.596477,3.219484,73.48052
SPHINCS+-SHA2-128f-simple_run19,active,22.830986,5.3975,0.595583,3.214658,73.521475
SPHINCS+-SHA2-128f-simple_run19,active,22.843727,5.395,0.593616,3.202558,73.562279
SPHINCS+-SHA2-128f-simple_run19,active,22.856469,5.3975,0.59594,3.216588,73.603263
SPHINCS+-SHA2-128f-simple_run19,active,22.869217,5.3975,0.59594,3.216588,73.64427
SPHINCS+-SHA2-128f-simple_run19,active,22.881991,5.39625,0.605417,3.26698,73.686002
SPHINCS+-SHA2-128f-simple_run19,active,22.894744,5.38125,0.595046,3.202093,73.726838
SPHINCS+-SHA2-128f-simple_run19,active,22.907487,5.39375,0.596477,3.217247,73.767834
SPHINCS+-SHA2-128f-simple_run19,active,22.920232,5.39625,0.59594,3.215843,73.80882
SPHINCS+-SHA2-128f-simple_run19,active,22.93297,5.39625,0.603092,3.254437,73.850275
SPHINCS+-SHA2-128f-simple_run19,active,22.945707,5.39625,0.595583,3.213914,73.89121
SPHINCS+-SHA2-128f-simple_run19,active,22.958445,5.40125,0.604165,3.263247,73.932779
SPHINCS+-SHA2-128f-simple_run19,active,22.971184,5.39625,0.596834,3.220668,73.973807
SPHINCS+-SHA2-128f-simple_run19,active,22.986841,5.39875,0.59594,3.217333,74.024179
SPHINCS+-SHA2-128f-simple_run19,active,22.999604,5.3975,0.595762,3.215623,74.065223
SPHINCS+-SHA2-128f-simple_run19,active,23.012349,5.39875,0.596298,3.219264,74.10625
SPHINCS+-SHA2-128f-simple_run19,active,23.025089,5.4025,0.59898,3.235989,74.147478
SPHINCS+-SHA2-128f-simple_run19,active,23.037825,5.39625,0.598622,3.230316,74.188618
SPHINCS+-SHA2-128f-simple_run19,active,23.050564,5.3975,0.596834,3.221414,74.229656
SPHINCS+-SHA2-128f-simple_run19,active,23.063302,5.39875,0.594868,3.211541,74.270565
SPHINCS+-SHA2-128f-simple_run19,active,23.07604,5.39625,0.596477,3.218738,74.311567
SPHINCS+-SHA2-128f-simple_run19,active,23.088788,5.39625,0.596656,3.219703,74.35261
SPHINCS+-SHA2-128f-simple_run19,active,23.101528,5.39625,0.59594,3.215843,74.393581
SPHINCS+-SHA2-128f-simple_run19,active,23.114268,5.3925,0.597013,3.219394,74.434594
SPHINCS+-SHA2-128f-simple_run19,active,23.127007,5.39625,0.596119,3.216808,74.475573
SPHINCS+-SHA2-128f-simple_run19,active,23.139742,5.3975,0.596119,3.217553,74.51655
SPHINCS+-SHA2-128f-simple_run19,active,23.152481,5.3975,0.593258,3.202112,74.55734
SPHINCS+-SHA2-128f-simple_run19,active,23.165218,5.395,0.594331,3.206417,74.598182
SPHINCS+-SHA2-128f-simple_run19,active,23.177952,5.39625,0.595762,3.214879,74.639121
SPHINCS+-SHA2-128f-simple_run19,active,23.190705,5.3975,0.59898,3.232995,74.680349
SPHINCS+-SHA2-128f-simple_run19,active,23.203482,5.38375,0.597013,3.21417,74.721416
SPHINCS+-SHA2-128f-simple_run19,active,23.216233,5.3975,0.596477,3.219484,74.762469
SPHINCS+-SHA2-128f-simple_run19,active,23.228975,5.3975,0.595583,3.214658,74.803431
SPHINCS+-SHA2-128f-simple_run19,active,23.241715,5.3975,0.59594,3.216588,74.84441
SPHINCS+-SHA2-128f-simple_run19,active,23.254458,5.3975,0.595404,3.213693,74.885361
SPHINCS+-SHA2-128f-simple_run19,active,23.267197,5.39625,0.597192,3.222597,74.926415
SPHINCS+-SHA2-128f-simple_run19,active,23.279939,5.3975,0.59594,3.216588,74.9674
SPHINCS+-SHA2-128f-simple_run19,active,23.292688,5.3975,0.597371,3.224309,75.008507
SPHINCS+-SHA2-128f-simple_run19,active,23.305438,5.385,0.596477,3.212028,75.049461
SPHINCS+-SHA2-128f-simple_run19,active,23.318181,5.3975,0.596656,3.220449,75.090498
SPHINCS+-SHA2-128f-simple_run19,active,23.330921,5.3975,0.596477,3.219484,75.131516
SPHINCS+-SHA2-128f-simple_run19,active,23.343661,5.395,0.595225,3.21124,75.172427
SPHINCS+-SHA2-128f-simple_run19,active,23.356405,5.39625,0.59594,3.215843,75.213407
SPHINCS+-SHA2-128f-simple_run19,active,23.369146,5.39625,0.595225,3.211984,75.254332
SPHINCS+-SHA2-128f-simple_run19,active,23.381883,5.3975,0.59594,3.216588,75.295301
SPHINCS+-SHA2-128f-simple_run19,active,23.394634,5.4,0.595225,3.214216,75.336286
SPHINCS+-SHA2-128f-simple_run19,active,23.407382,5.3875,0.604344,3.255903,75.377792
SPHINCS+-SHA2-128f-simple_run19,active,23.420144,5.39625,0.595583,3.213914,75.418808
SPHINCS+-SHA2-128f-simple_run19,active,23.432889,5.395,0.595583,3.213169,75.459759
SPHINCS+-SHA2-128f-simple_run19,active,23.445628,5.3975,0.598622,3.231064,75.500922
SPHINCS+-SHA2-128f-simple_run19,active,23.458367,5.3975,0.595404,3.213693,75.541862
SPHINCS+-SHA2-128f-simple_run19,active,23.471105,5.39625,0.595762,3.214879,75.582811
SPHINCS+-SHA2-128f-simple_run19,active,23.483843,5.40125,0.605059,3.268076,75.62444
SPHINCS+-SHA2-128f-simple_run19,active,23.496591,5.3975,0.59594,3.216588,75.665445
SPHINCS+-SHA2-128f-simple_run19,active,23.509336,5.3875,0.59594,3.210629,75.706366
SPHINCS+-SHA2-128f-simple_run19,active,23.522076,5.3975,0.596119,3.217553,75.747356
SPHINCS+-SHA2-128f-simple_run19,active,23.534816,5.39375,0.59594,3.214354,75.788307
SPHINCS+-SHA2-128f-simple_run19,active,23.547558,5.39625,0.59594,3.215843,75.829283
SPHINCS+-SHA2-128f-simple_run19,active,23.560299,5.3975,0.600589,3.24168,75.870587
SPHINCS+-SHA2-128f-simple_run19,active,23.57304,5.4025,0.592543,3.201215,75.911373
SPHINCS+-SHA2-128f-simple_run19,active,23.585779,5.39625,0.597728,3.225492,75.952461
SPHINCS+-SHA2-128f-simple_run19,active,23.598524,5.395,0.595762,3.214134,75.993425
SPHINCS+-SHA2-128f-simple_run19,active,23.611268,5.3825,0.597728,3.217273,76.034428
SPHINCS+-SHA2-128f-simple_run19,active,23.624011,5.405,0.597728,3.230722,76.075595
SPHINCS+-SHA2-128f-simple_run19,active,23.636755,5.395,0.596834,3.219922,76.11663
SPHINCS+-SHA2-128f-simple_run19,active,23.649495,5.3975,0.59594,3.216588,76.157611
SPHINCS+-SHA2-128f-simple_run19,active,23.662238,5.3975,0.596477,3.219484,76.198637
SPHINCS+-SHA2-128f-simple_run19,active,23.674979,5.395,0.59755,3.22378,76.239712
SPHINCS+-SHA2-128f-simple_run19,active,23.68772,5.395,0.596298,3.217028,76.280699
SPHINCS+-SHA2-128f-simple_run19,active,23.700469,5.39875,0.595583,3.215403,76.32169
SPHINCS+-SHA2-128f-simple_run19,active,23.713217,5.3925,0.595583,3.21168,76.362634
SPHINCS+-SHA2-128f-simple_run19,active,23.725965,5.39625,0.595762,3.214879,76.403617
SPHINCS+-SHA2-128f-simple_run19,active,23.738709,5.395,0.596477,3.217992,76.444628
SPHINCS+-SHA2-128f-simple_run19,active,23.75145,5.39875,0.596834,3.22216,76.485681
SPHINCS+-SHA2-128f-simple_run19,active,23.764193,5.39625,0.594331,3.20716,76.526551
SPHINCS+-SHA2-128f-simple_run19,active,23.776951,5.39375,0.59594,3.214354,76.567558
SPHINCS+-SHA2-128f-simple_run19,active,23.789718,5.39375,0.59755,3.223033,76.608706
SPHINCS+-SHA2-128f-simple_run19,active,23.802455,5.39625,0.593616,3.2033,76.649506
SPHINCS+-SHA2-128f-simple_run19,active,23.815204,5.39375,0.596298,3.216282,76.690511
SPHINCS+-SHA2-128f-simple_run19,active,23.827945,5.3975,0.595583,3.214658,76.731469
SPHINCS+-SHA2-128f-simple_run19,active,23.840687,5.39625,0.596119,3.216808,76.772458
SPHINCS+-SHA2-128f-simple_run19,active,23.853429,5.3975,0.59755,3.225274,76.813554
SPHINCS+-SHA2-128f-simple_run19,active,23.86617,5.39625,0.599516,3.23514,76.854774
SPHINCS+-SHA2-128f-simple_run19,active,23.878923,5.39625,0.597192,3.222597,76.895872
SPHINCS+-SHA2-128f-simple_run19,active,23.89169,5.39375,0.596298,3.216282,76.936934
SPHINCS+-SHA2-128f-simple_run19,active,23.904457,5.3975,0.597371,3.224309,76.978099
SPHINCS+-SHA2-128f-simple_run19,active,23.917207,5.395,0.595762,3.214134,77.019077
SPHINCS+-SHA2-128f-simple_run19,active,23.929949,5.3975,0.596119,3.217553,77.060077
SPHINCS+-SHA2-128f-simple_run19,active,23.942691,5.395,0.597728,3.224745,77.101165
SPHINCS+-SHA2-128f-simple_run19,active,23.955432,5.3975,0.596656,3.220449,77.142199
SPHINCS+-SHA2-128f-simple_run19,active,23.968179,5.39875,0.595762,3.216368,77.183196
SPHINCS+-SHA2-128f-simple_run19,active,23.980921,5.3975,0.597371,3.224309,77.224281
SPHINCS+-SHA2-128f-simple_run19,active,23.993661,5.3975,0.596477,3.219484,77.265296
SPHINCS+-SHA2-128f-simple_run19,active,24.006408,5.395,0.59755,3.22378,77.306391
SPHINCS+-SHA2-128f-simple_run19,active,24.019154,5.39625,0.598086,3.227422,77.347527
SPHINCS+-SHA2-128f-simple_run19,active,24.031897,5.39625,0.596298,3.217773,77.388533
SPHINCS+-SHA2-128f-simple_run19,active,24.044642,5.39875,0.595762,3.216368,77.429526
SPHINCS+-SHA2-128f-simple_run19,active,24.057384,5.39625,0.595583,3.213914,77.470477
SPHINCS+-SHA2-128f-simple_run19,active,24.070126,5.39875,0.596119,3.218299,77.511482
SPHINCS+-SHA2-128f-simple_run19,active,24.082867,5.39625,0.603629,3.257332,77.552986
SPHINCS+-SHA2-128f-simple_run19,active,24.095607,5.39625,0.59755,3.224527,77.594067
SPHINCS+-SHA2-128f-simple_run19,active,24.108356,5.395,0.596834,3.219922,77.635118
SPHINCS+-SHA2-128f-simple_run19,active,24.121101,5.39,0.596119,3.213082,77.676068
SPHINCS+-SHA2-128f-simple_run19,active,24.133842,5.3975,0.596834,3.221414,77.71711
SPHINCS+-SHA2-128f-simple_run19,active,24.146582,5.4025,0.596119,3.220534,77.758141
SPHINCS+-SHA2-128f-simple_run19,active,24.159324,5.3975,0.605059,3.265807,77.799752
SPHINCS+-SHA2-128f-simple_run19,active,24.172066,5.3975,0.597371,3.224309,77.840838
SPHINCS+-SHA2-128f-simple_run19,active,24.184808,5.395,0.596477,3.217992,77.881843
SPHINCS+-SHA2-128f-simple_run19,active,24.197548,5.3975,0.59594,3.216588,77.922821
SPHINCS+-SHA2-128f-simple_run19,active,24.210296,5.39625,0.59594,3.215843,77.963817
SPHINCS+-SHA2-128f-simple_run19,active,24.223041,5.4,0.592543,3.199733,78.004598
SPHINCS+-SHA2-128f-simple_run19,active,24.235784,5.3975,0.60488,3.264842,78.046201
SPHINCS+-SHA2-128f-simple_run19,active,24.248527,5.3975,0.596656,3.220449,78.087239
SPHINCS+-SHA2-128f-simple_run19,active,24.264212,5.39375,0.596656,3.218211,78.137717
SPHINCS+-SHA2-128f-simple_run19,active,24.276993,5.39625,0.595225,3.211984,78.178769
SPHINCS+-SHA2-128f-simple_run19,active,24.289736,5.39875,0.59594,3.217333,78.219768
SPHINCS+-SHA2-128f-simple_run19,active,24.302479,5.39375,0.595046,3.209532,78.260665
SPHINCS+-SHA2-128f-simple_run19,active,24.31523,5.3975,0.595404,3.213693,78.301643
SPHINCS+-SHA2-128f-simple_run19,active,24.327977,5.395,0.595583,3.213169,78.342602
SPHINCS+-SHA2-128f-simple_run19,active,24.340723,5.39625,0.596834,3.220668,78.383653
SPHINCS+-SHA2-128f-simple_run19,active,24.353488,5.39875,0.595404,3.214437,78.424687
SPHINCS+-SHA2-128f-simple_run19,active,24.366231,5.3975,0.595583,3.214658,78.465649
SPHINCS+-SHA2-128f-simple_run19,active,24.378974,5.395,0.597013,3.220886,78.506693
SPHINCS+-SHA2-128f-simple_run19,active,24.391715,5.39625,0.596119,3.216808,78.547679
SPHINCS+-SHA2-128f-simple_run19,active,24.404458,5.3975,0.59594,3.216588,78.588667
SPHINCS+-SHA2-128f-simple_run19,active,24.417214,5.39625,0.596477,3.218738,78.629728
SPHINCS+-SHA2-128f-simple_run19,active,24.429959,5.39625,0.595583,3.213914,78.670689
SPHINCS+-SHA2-128f-simple_run19,active,24.4427,5.3975,0.59594,3.216588,78.711669
SPHINCS+-SHA2-128f-simple_run19,active,24.455441,5.39875,0.595762,3.216368,78.75265
SPHINCS+-SHA2-128f-simple_run19,active,24.468185,5.3975,0.598622,3.231064,78.793828
SPHINCS+-SHA2-128f-simple_run19,active,24.480929,5.395,0.59594,3.215098,78.8348
SPHINCS+-SHA2-128f-simple_run19,active,24.493668,5.39375,0.59594,3.214354,78.875746
SPHINCS+-SHA2-128f-simple_run19,active,24.506409,5.3975,0.596477,3.219484,78.916768
SPHINCS+-SHA2-128f-simple_run19,active,24.519156,5.39625,0.595583,3.213914,78.957734
SPHINCS+-SHA2-128f-simple_run19,active,24.531903,5.39,0.597192,3.218865,78.998765
SPHINCS+-SHA2-128f-simple_run19,active,24.544647,5.3975,0.598622,3.231064,79.039942
SPHINCS+-SHA2-128f-simple_run19,active,24.557389,5.39625,0.595762,3.214879,79.080908
SPHINCS+-SHA2-128f-simple_run19,active,24.570131,5.39625,0.595762,3.214879,79.12187
SPHINCS+-SHA2-128f-simple_run19,active,24.582873,5.40125,0.59594,3.218823,79.162884
SPHINCS+-SHA2-128f-simple_run19,active,24.595611,5.395,0.595583,3.213169,79.203813
SPHINCS+-SHA2-128f-simple_run19,active,24.608358,5.39625,0.59594,3.215843,79.244807
SPHINCS+-SHA2-128f-simple_run19,active,24.621107,5.39875,0.589146,3.180652,79.285355
SPHINCS+-SHA2-128f-simple_run19,active,24.633848,5.395,0.594689,3.208346,79.326235
SPHINCS+-SHA2-128f-simple_run19,active,24.646589,5.40125,0.596477,3.22172,79.36728
SPHINCS+-SHA2-128f-simple_run19,active,24.659328,5.39375,0.595762,3.213389,79.408218
SPHINCS+-SHA2-128f-simple_run19,active,24.672068,5.39875,0.593974,3.206715,79.449071
SPHINCS+-SHA2-128f-simple_run19,active,24.684813,5.39625,0.597907,3.226457,79.49019
SPHINCS+-SHA2-128f-simple_run19,active,24.697551,5.3975,0.596119,3.217553,79.531176
SPHINCS+-SHA2-128f-simple_run19,active,24.710295,5.3975,0.594689,3.209833,79.572082
SPHINCS+-SHA2-128f-simple_run19,active,24.723051,5.39625,0.597013,3.221632,79.613178
SPHINCS+-SHA2-128f-simple_run19,active,24.735799,5.39625,0.59594,3.215843,79.654174
SPHINCS+-SHA2-128f-simple_run19,active,24.748549,5.395,0.59594,3.215098,79.695166
SPHINCS+-SHA2-128f-simple_run19,active,24.761289,5.3975,0.602198,3.250366,79.736575
SPHINCS+-SHA2-128f-simple_run19,active,24.774027,5.3975,0.59594,3.216588,79.777549
SPHINCS+-SHA2-128f-simple_run19,active,24.786809,5.3975,0.59594,3.216588,79.818663
SPHINCS+-SHA2-128f-simple_run19,active,24.79955,5.3975,0.596119,3.217553,79.859658
SPHINCS+-SHA2-128f-simple_run19,active,24.812293,5.39625,0.593974,3.20523,79.900501
SPHINCS+-SHA2-128f-simple_run19,active,24.82504,5.39625,0.596477,3.218738,79.941532
SPHINCS+-SHA2-128f-simple_run19,active,24.837786,5.39625,0.604702,3.263121,79.983125
SPHINCS+-SHA2-128f-simple_run19,active,24.850526,5.39875,0.596834,3.22216,80.024174
SPHINCS+-SHA2-128f-simple_run19,active,24.863265,5.395,0.596834,3.219922,80.065191
SPHINCS+-SHA2-128f-simple_run19,active,24.876014,5.40125,0.597013,3.224618,80.106303
SPHINCS+-SHA2-128f-simple_run19,active,24.88877,5.39625,0.596119,3.216808,80.147335
SPHINCS+-SHA2-128f-simple_run19,active,24.901509,5.39875,0.596834,3.22216,80.188384
SPHINCS+-SHA2-128f-simple_run19,active,24.914248,5.39375,0.604702,3.261609,80.229932
SPHINCS+-SHA2-128f-simple_run19,active,24.927001,5.3975,0.596834,3.221414,80.271016
SPHINCS+-SHA2-128f-simple_run19,active,24.939749,5.3975,0.595762,3.215623,80.312008
SPHINCS+-SHA2-128f-simple_run19,active,24.952494,5.4,0.595762,3.217113,80.35301
SPHINCS+-SHA2-128f-simple_run19,active,24.965235,5.39625,0.596119,3.216808,80.393997
SPHINCS+-SHA2-128f-simple_run19,active,24.977975,5.39625,0.595583,3.213914,80.434942
SPHINCS+-SHA2-128f-simple_run19,active,24.990716,5.40375,0.604165,3.264758,80.47654
SPHINCS+-SHA2-128f-simple_run19,active,25.003456,5.4,0.596119,3.219044,80.51755
SPHINCS+-SHA2-128f-simple_run19,active,25.016199,5.3975,0.596119,3.217553,80.55855
SPHINCS+-SHA2-128f-simple_run19,active,25.028948,5.39625,0.596477,3.218738,80.599586
SPHINCS+-SHA2-128f-simple_run19,active,25.041692,5.40125,0.598622,3.233309,80.640791
SPHINCS+-SHA2-128f-simple_run19,active,25.054433,5.39625,0.596477,3.218738,80.681802
SPHINCS+-SHA2-128f-simple_run19,active,25.067173,5.395,0.596656,3.218957,80.722809
SPHINCS+-SHA2-128f-simple_run19,active,25.079914,5.39625,0.596119,3.216808,80.763795
SPHINCS+-SHA2-128f-simple_run19,active,25.092659,5.39625,0.595583,3.213914,80.804756
SPHINCS+-SHA2-128f-simple_run19,active,25.1054,5.395,0.597013,3.220886,80.845795
SPHINCS+-SHA2-128f-simple_run19,active,25.118138,5.3975,0.596119,3.217553,80.88678
SPHINCS+-SHA2-128f-simple_run19,active,25.130887,5.395,0.597728,3.224745,80.927891
SPHINCS+-SHA2-128f-simple_run19,active,25.143634,5.39625,0.59594,3.215843,80.968883
SPHINCS+-SHA2-128f-simple_run19,active,25.156377,5.39875,0.596119,3.218299,81.009895
SPHINCS+-SHA2-128f-simple_run19,active,25.169119,5.39625,0.597013,3.221632,81.050946
SPHINCS+-SHA2-128f-simple_run19,active,25.181858,5.3975,0.599338,3.234925,81.092153
SPHINCS+-SHA2-128f-simple_run19,active,25.194598,5.39875,0.596298,3.219264,81.133168
SPHINCS+-SHA2-128f-simple_run19,active,25.207338,5.39625,0.596119,3.216808,81.174151
SPHINCS+-SHA2-128f-simple_run19,active,25.220078,5.3975,0.596834,3.221414,81.215191
SPHINCS+-SHA2-128f-simple_run19,active,25.232826,5.3975,0.597907,3.227204,81.25633
SPHINCS+-SHA2-128f-simple_run19,active,25.24557,5.39625,0.597371,3.223562,81.297412
SPHINCS+-SHA2-128f-simple_run19,active,25.258312,5.39875,0.595583,3.215403,81.338382
SPHINCS+-SHA2-128f-simple_run19,active,25.271055,5.3975,0.588967,3.17895,81.378891
SPHINCS+-SHA2-128f-simple_run19,active,25.283796,5.3975,0.59594,3.216588,81.419875
SPHINCS+-SHA2-128f-simple_run19,active,25.296538,5.39625,0.599338,3.234176,81.461086
SPHINCS+-SHA2-128f-simple_run19,active,25.309279,5.39375,0.596298,3.216282,81.502064
SPHINCS+-SHA2-128f-simple_run19,active,25.322019,5.39375,0.595583,3.212425,81.542989
SPHINCS+-SHA2-128f-simple_run19,active,25.334804,5.39375,0.595583,3.212425,81.58406
SPHINCS+-SHA2-128f-simple_run19,active,25.347548,5.39375,0.595762,3.213389,81.625013
SPHINCS+-SHA2-128f-simple_run19,active,25.360293,5.3925,0.601483,3.243498,81.666351
SPHINCS+-SHA2-128f-simple_run19,active,25.373033,5.3975,0.59898,3.232995,81.70754
SPHINCS+-SHA2-128f-simple_run19,active,25.385772,5.3975,0.59594,3.216588,81.748516
SPHINCS+-SHA2-128f-simple_run19,active,25.398514,5.39625,0.59594,3.215843,81.789491
SPHINCS+-SHA2-128f-simple_run19,active,25.411254,5.39875,0.597907,3.227951,81.830615
SPHINCS+-SHA2-128f-simple_run19,active,25.423994,5.3975,0.596834,3.221414,81.871657
SPHINCS+-SHA2-128f-simple_run19,active,25.436741,5.39875,0.596119,3.218299,81.912679
SPHINCS+-SHA2-128f-simple_run19,active,25.449513,5.3975,0.597013,3.222379,81.953835
SPHINCS+-SHA2-128f-simple_run19,active,25.462255,5.3975,0.59594,3.216588,81.994821
SPHINCS+-SHA2-128f-simple_run19,active,25.474995,5.3975,0.59594,3.216588,82.035801
SPHINCS+-SHA2-128f-simple_run19,active,25.487735,5.39625,0.596298,3.217773,82.076796
SPHINCS+-SHA2-128f-simple_run19,active,25.500476,5.3975,0.593437,3.203077,82.117607
SPHINCS+-SHA2-128f-simple_run19,active,25.513216,5.3975,0.595583,3.214658,82.158562
SPHINCS+-SHA2-128f-simple_run19,active,25.525953,5.39875,0.596477,3.220229,82.199576
SPHINCS+-SHA2-128f-simple_run19,active,25.541592,5.39625,0.596834,3.220668,82.249944
SPHINCS+-SHA2-128f-simple_run19,active,25.554356,5.39625,0.596119,3.216808,82.291004
SPHINCS+-SHA2-128f-simple_run19,active,25.567098,5.3975,0.596656,3.220449,82.332041
SPHINCS+-SHA2-128f-simple_run19,active,25.57984,5.39625,0.59594,3.215843,82.373014
SPHINCS+-SHA2-128f-simple_run19,active,25.592581,5.4,0.604523,3.264423,82.414609
SPHINCS+-SHA2-128f-simple_run19,active,25.605322,5.39625,0.596834,3.220668,82.455642
SPHINCS+-SHA2-128f-simple_run19,active,25.618061,5.39625,0.59594,3.215843,82.496608
SPHINCS+-SHA2-128f-simple_run19,active,25.6308,5.39375,0.598801,3.229784,82.537753
SPHINCS+-SHA2-128f-simple_run19,active,25.643546,5.3975,0.596477,3.219484,82.578789
SPHINCS+-SHA2-128f-simple_run19,active,25.656293,5.3975,0.595762,3.215623,82.619778
SPHINCS+-SHA2-128f-simple_run19,active,25.669035,5.3975,0.595046,3.211763,82.660702
SPHINCS+-SHA2-128f-simple_run19,active,25.681773,5.39625,0.592007,3.194617,82.701396
SPHINCS+-SHA2-128f-simple_run19,active,25.694513,5.39625,0.595583,3.213914,82.74234
SPHINCS+-SHA2-128f-simple_run19,active,25.707255,5.3975,0.596119,3.217553,82.783337
SPHINCS+-SHA2-128f-simple_run19,active,25.720001,5.3975,0.599338,3.234925,82.824571
SPHINCS+-SHA2-128f-simple_run19,active,25.732745,5.3975,0.596656,3.220449,82.865612
SPHINCS+-SHA2-128f-simple_run19,active,25.745523,5.39625,0.596834,3.220668,82.906765
SPHINCS+-SHA2-128f-simple_run19,active,25.758267,5.39625,0.59594,3.215843,82.947748
SPHINCS+-SHA2-128f-simple_run19,active,25.771024,5.395,0.594868,3.209311,82.988689
SPHINCS+-SHA2-128f-simple_run19,active,25.783793,5.395,0.596119,3.216063,83.029757
SPHINCS+-SHA2-128f-simple_run19,active,25.796544,5.3975,0.595762,3.215623,83.070759
SPHINCS+-SHA2-128f-simple_run19,active,25.809289,5.395,0.59594,3.215098,83.111734
SPHINCS+-SHA2-128f-simple_run19,active,25.822029,5.39875,0.599695,3.237604,83.152982
SPHINCS+-SHA2-128f-simple_run19,active,25.834795,5.395,0.596119,3.216063,83.194039
SPHINCS+-SHA2-128f-simple_run19,active,25.847541,5.3975,0.595404,3.213693,83.234999
SPHINCS+-SHA2-128f-simple_run19,active,25.860291,5.4,0.595225,3.214216,83.275981
SPHINCS+-SHA2-128f-simple_run19,active,25.873041,5.395,0.596477,3.217992,83.317011
SPHINCS+-SHA2-128f-simple_run19,active,25.885806,5.39625,0.596656,3.219703,83.358111
SPHINCS+-SHA2-128f-simple_run19,active,25.898552,5.39875,0.600232,3.2405,83.399413
SPHINCS+-SHA2-128f-simple_run19,active,25.911295,5.4,0.596477,3.220975,83.440459
SPHINCS+-SHA2-128f-simple_run19,active,25.924038,5.39875,0.598265,3.229882,83.481616
SPHINCS+-SHA2-128f-simple_run19,active,25.936784,5.3975,0.596834,3.221414,83.522677
SPHINCS+-SHA2-128f-simple_run19,active,25.949648,5.39375,0.59594,3.214354,83.564027
SPHINCS+-SHA2-128f-simple_run19,active,25.962407,5.3975,0.59594,3.216588,83.605067
SPHINCS+-SHA2-128f-simple_run19,active,25.97515,5.3975,0.599338,3.234925,83.64629
SPHINCS+-SHA2-128f-simple_run19,active,25.98789,5.39625,0.596119,3.216808,83.687271
SPHINCS+-SHA2-128f-simple_run19,active,26.000632,5.39,0.598622,3.226575,83.728384
SPHINCS+-SHA2-128f-simple_run19,active,26.013371,5.39625,0.596119,3.216808,83.769365
SPHINCS+-SHA2-128f-simple_run19,active,26.026107,5.39625,0.598265,3.228386,83.81048
SPHINCS+-SHA2-128f-simple_run19,active,26.038844,5.3975,0.596477,3.219484,83.851486
SPHINCS+-SHA2-128f-simple_run19,active,26.051588,5.395,0.599516,3.234391,83.892705
SPHINCS+-SHA2-128f-simple_run19,active,26.064334,5.395,0.596119,3.216063,83.933696
SPHINCS+-SHA2-128f-simple_run19,active,26.077072,5.39875,0.596834,3.22216,83.974741
SPHINCS+-SHA2-128f-simple_run19,active,26.089807,5.39375,0.593258,3.199887,84.015492
SPHINCS+-SHA2-128f-simple_run19,active,26.102553,5.3875,0.595583,3.208702,84.056389
SPHINCS+-SHA2-128f-simple_run19,active,26.11532,5.39,0.596834,3.216937,84.097462
SPHINCS+-SHA2-128f-simple_run19,active,26.12807,5.3975,0.596834,3.221414,84.138533
SPHINCS+-SHA2-128f-simple_run19,active,26.140811,5.4,0.593258,3.203595,84.179352
SPHINCS+-SHA2-128f-simple_run19,active,26.153557,5.39625,0.59594,3.215843,84.22034
SPHINCS+-SHA2-128f-simple_run19,active,26.166303,5.39875,0.596656,3.221194,84.261396
SPHINCS+-SHA2-128f-simple_run19,active,26.179041,5.39625,0.601841,3.247683,84.302766
SPHINCS+-SHA2-128f-simple_run19,active,26.191779,5.3975,0.598444,3.230099,84.343911
SPHINCS+-SHA2-128f-simple_run19,active,26.204518,5.395,0.596477,3.217992,84.384904
SPHINCS+-SHA2-128f-simple_run19,active,26.217257,5.395,0.595404,3.212205,84.425826
SPHINCS+-SHA2-128f-simple_run19,active,26.229992,5.39625,0.591828,3.193652,84.466496
SPHINCS+-SHA2-128f-simple_run19,active,26.242732,5.3975,0.596119,3.217553,84.507489
SPHINCS+-SHA2-128f-simple_run19,active,26.255475,5.3975,0.595583,3.214658,84.548453
SPHINCS+-SHA2-128f-simple_run19,active,26.26822,5.39875,0.606311,3.27332,84.590172
SPHINCS+-SHA2-128f-simple_run19,active,26.280957,5.39375,0.595225,3.210496,84.631062
SPHINCS+-SHA2-128f-simple_run19,active,26.293691,5.395,0.596834,3.219922,84.672064
SPHINCS+-SHA2-128f-simple_run19,active,26.306428,5.39625,0.596477,3.218738,84.713062
SPHINCS+-SHA2-128f-simple_run19,active,26.319166,5.395,0.596119,3.216063,84.754029
SPHINCS+-SHA2-128f-simple_run19,active,26.331903,5.39875,0.596119,3.218299,84.795021
SPHINCS+-SHA2-128f-simple_run19,active,26.344642,5.3975,0.604165,3.260982,84.836562
SPHINCS+-SHA2-128f-simple_run19,active,26.357387,5.39875,0.59594,3.217333,84.877566
SPHINCS+-SHA2-128f-simple_run19,active,26.370127,5.395,0.595583,3.213169,84.918503
SPHINCS+-SHA2-128f-simple_run19,active,26.382864,5.39625,0.595762,3.214879,84.959449
SPHINCS+-SHA2-128f-simple_run19,active,26.395599,5.3975,0.59594,3.216588,85.000413
SPHINCS+-SHA2-128f-simple_run19,active,26.408336,5.3975,0.597013,3.222379,85.041458
SPHINCS+-SHA2-128f-simple_run19,active,26.42107,5.39625,0.597013,3.221632,85.082481
SPHINCS+-SHA2-128f-simple_run19,active,26.433804,5.3975,0.596119,3.217553,85.123454
SPHINCS+-SHA2-128f-simple_run19,active,26.446539,5.3975,0.597013,3.222379,85.164492
SPHINCS+-SHA2-128f-simple_run19,active,26.459281,5.40125,0.596119,3.219789,85.205518
SPHINCS+-SHA2-128f-simple_run19,active,26.472015,5.39375,0.595583,3.212425,85.246426
SPHINCS+-SHA2-128f-simple_run19,active,26.484756,5.3975,0.597371,3.224309,85.287504
SPHINCS+-SHA2-128f-simple_run19,active,26.497492,5.39625,0.596119,3.216808,85.328475
SPHINCS+-SHA2-128f-simple_run19,active,26.510228,5.3975,0.59594,3.216588,85.369441
SPHINCS+-SHA2-128f-simple_run19,active,26.522965,5.39625,0.596477,3.218738,85.41044
SPHINCS+-SHA2-128f-simple_run19,active,26.535701,5.39375,0.596119,3.215318,85.45139
SPHINCS+-SHA2-128f-simple_run19,active,26.548438,5.39875,0.596119,3.218299,85.492381
SPHINCS+-SHA2-128f-simple_run19,active,26.561181,5.4,0.59594,3.218078,85.533388
SPHINCS+-SHA2-128f-simple_run19,active,26.573919,5.4,0.597013,3.223871,85.574453
SPHINCS+-SHA2-128f-simple_run19,active,26.586657,5.39625,0.596119,3.216808,85.61543
SPHINCS+-SHA2-128f-simple_run19,active,26.599393,5.3975,0.596298,3.218518,85.65642
SPHINCS+-SHA2-128f-simple_run19,active,26.612164,5.3975,0.596119,3.217553,85.697512
SPHINCS+-SHA2-128f-simple_run19,active,26.624906,5.3975,0.596119,3.217553,85.738509
SPHINCS+-SHA2-128f-simple_run19,active,26.63764,5.39625,0.596119,3.216808,85.779473
SPHINCS+-SHA2-128f-simple_run19,active,26.650375,5.39875,0.598265,3.229882,85.820607
SPHINCS+-SHA2-128f-simple_run19,active,26.663119,5.3975,0.596119,3.217553,85.86161
SPHINCS+-SHA2-128f-simple_run19,active,26.67586,5.39625,0.596477,3.218738,85.902619
SPHINCS+-SHA2-128f-simple_run19,active,26.688598,5.39875,0.59594,3.217333,85.943603
SPHINCS+-SHA2-128f-simple_run19,active,26.701335,5.3975,0.595583,3.214658,85.984546
SPHINCS+-SHA2-128f-simple_run19,active,26.714076,5.3975,0.596477,3.219484,86.025566
SPHINCS+-SHA2-128f-simple_run19,active,26.726818,5.39625,0.599516,3.23514,86.066789
SPHINCS+-SHA2-128f-simple_run19,active,26.739552,5.3975,0.595225,3.212728,86.1077
SPHINCS+-SHA2-128f-simple_run19,active,26.752291,5.39625,0.595404,3.212949,86.148631
SPHINCS+-SHA2-128f-simple_run19,active,26.765035,5.39625,0.59594,3.215843,86.189613
SPHINCS+-SHA2-128f-simple_run19,active,26.777774,5.3975,0.59594,3.216588,86.230588
SPHINCS+-SHA2-128f-simple_run19,active,26.790511,5.39375,0.599695,3.234606,86.271789
SPHINCS+-SHA2-128f-simple_run19,active,26.803248,5.3975,0.598622,3.231064,86.312941
SPHINCS+-SHA2-128f-simple_run19,active,26.818929,5.3925,0.599338,3.231928,86.363623
SPHINCS+-SHA2-128f-simple_run19,active,26.831691,5.39625,0.59594,3.215843,86.404661
SPHINCS+-SHA2-128f-simple_run19,active,26.844434,5.39875,0.596119,3.218299,86.445672
SPHINCS+-SHA2-128f-simple_run19,active,26.857172,5.3975,0.596656,3.220449,86.486694
SPHINCS+-SHA2-128f-simple_run19,active,26.869905,5.4025,0.60488,3.267866,86.528306
SPHINCS+-SHA2-128f-simple_run19,active,26.882643,5.3975,0.59594,3.216588,86.569278
SPHINCS+-SHA2-128f-simple_run19,active,26.895378,5.39625,0.599159,3.233211,86.610454
SPHINCS+-SHA2-128f-simple_run19,active,26.908113,5.39125,0.595762,3.2119,86.651357
SPHINCS+-SHA2-128f-simple_run19,active,26.920854,5.40375,0.596834,3.225144,86.692448
SPHINCS+-SHA2-128f-simple_run19,active,26.933588,5.39875,0.596834,3.22216,86.73348
SPHINCS+-SHA2-128f-simple_run19,active,26.946322,5.39625,0.60488,3.264086,86.775044
SPHINCS+-SHA2-128f-simple_run19,active,26.959057,5.39875,0.597013,3.223125,86.816088
SPHINCS+-SHA2-128f-simple_run19,active,26.971794,5.39625,0.596119,3.216808,86.857062
SPHINCS+-SHA2-128f-simple_run19,active,26.984543,5.395,0.596656,3.218957,86.898101
SPHINCS+-SHA2-128f-simple_run19,active,26.99728,5.39625,0.601304,3.244789,86.939429
SPHINCS+-SHA2-128f-simple_run19,active,27.010013,5.38625,0.59451,3.202179,86.980203
SPHINCS+-SHA2-128f-simple_run19,active,27.02278,5.3975,0.595583,3.214658,87.021246
SPHINCS+-SHA2-128f-simple_run19,active,27.035518,5.4,0.596834,3.222906,87.062299
SPHINCS+-SHA2-128f-simple_run19,active,27.048255,5.39625,0.593795,3.204265,87.10311
SPHINCS+-SHA2-128f-simple_run19,active,27.06099,5.39625,0.596119,3.216808,87.144078
SPHINCS+-SHA2-128f-simple_run19,active,27.073731,5.39625,0.596477,3.218738,87.185087
SPHINCS+-SHA2-128f-simple_run19,active,27.086471,5.39875,0.59594,3.217333,87.226076
SPHINCS+-SHA2-128f-simple_run19,active,27.099207,5.37125,0.601304,3.229756,87.26721
SPHINCS+-SHA2-128f-simple_run19,active,27.111944,5.39625,0.596298,3.217773,87.308194
SPHINCS+-SHA2-128f-simple_run19,active,27.124683,5.39625,0.597728,3.225492,87.349284
SPHINCS+-SHA2-128f-simple_run19,active,27.137422,5.39625,0.59594,3.215843,87.390251
SPHINCS+-SHA2-128f-simple_run19,active,27.150159,5.3975,0.591649,3.193427,87.430925
SPHINCS+-SHA2-128f-simple_run19,active,27.162894,5.3975,0.596119,3.217553,87.471901
SPHINCS+-SHA2-128f-simple_run19,active,27.175635,5.3975,0.59755,3.225274,87.512994
SPHINCS+-SHA2-128f-simple_run19,active,27.188378,5.39875,0.598801,3.232778,87.554188
SPHINCS+-SHA2-128f-simple_run19,active,27.201114,5.3975,0.601662,3.247471,87.59555
SPHINCS+-SHA2-128f-simple_run19,active,27.213848,5.3975,0.596119,3.217553,87.636521
SPHINCS+-SHA2-128f-simple_run19,active,27.226584,5.39625,0.597728,3.225492,87.6776
SPHINCS+-SHA2-128f-simple_run19,active,27.239319,5.395,0.602556,3.25079,87.719
SPHINCS+-SHA2-128f-simple_run19,active,27.252054,5.3975,0.598801,3.232029,87.76016
SPHINCS+-SHA2-128f-simple_run19,active,27.264793,5.3975,0.597728,3.226239,87.801259
SPHINCS+-SHA2-128f-simple_run19,active,27.277533,5.39625,0.595583,3.213914,87.842206
SPHINCS+-SHA2-128f-simple_run19,active,27.290274,5.3975,0.59594,3.216588,87.883187
SPHINCS+-SHA2-128f-simple_run19,active,27.303009,5.3975,0.59755,3.225274,87.924262
SPHINCS+-SHA2-128f-simple_run19,active,27.315745,5.4,0.596477,3.220975,87.965283
SPHINCS+-SHA2-128f-simple_run19,active,27.328483,5.39125,0.599516,3.232143,88.006453
SPHINCS+-SHA2-128f-simple_run19,active,27.341221,5.37625,0.595762,3.202963,88.047254
SPHINCS+-SHA2-128f-simple_run19,active,27.353954,5.39875,0.595225,3.213472,88.088169
SPHINCS+-SHA2-128f-simple_run19,active,27.366689,5.39625,0.596298,3.217773,88.12915
SPHINCS+-SHA2-128f-simple_run19,active,27.379433,5.39375,0.595225,3.210496,88.170064
SPHINCS+-SHA2-128f-simple_run19,active,27.392202,5.39625,0.595762,3.214879,88.211114
SPHINCS+-SHA2-128f-simple_run19,active,27.404945,5.39625,0.598801,3.231281,88.25229
SPHINCS+-SHA2-128f-simple_run19,active,27.41768,5.3975,0.596119,3.217553,88.293266
SPHINCS+-SHA2-128f-simple_run19,active,27.430416,5.3975,0.595762,3.215623,88.33422
SPHINCS+-SHA2-128f-simple_run19,active,27.443151,5.3975,0.59594,3.216588,88.375183
SPHINCS+-SHA2-128f-simple_run19,active,27.455888,5.39625,0.596834,3.220668,88.416205
SPHINCS+-SHA2-128f-simple_run19,active,27.468626,5.3925,0.596477,3.216501,88.457176
SPHINCS+-SHA2-128f-simple_run19,active,27.481368,5.39625,0.598801,3.231281,88.49835
SPHINCS+-SHA2-128f-simple_run19,active,27.494111,5.39375,0.597013,3.22014,88.539384
SPHINCS+-SHA2-128f-simple_run19,active,27.506847,5.39625,0.597907,3.226457,88.580477
SPHINCS+-SHA2-128f-simple_run19,active,27.519585,5.39125,0.601126,3.240818,88.621756
SPHINCS+-SHA2-128f-simple_run19,active,27.532322,5.39625,0.595583,3.213914,88.662694
SPHINCS+-SHA2-128f-simple_run19,active,27.545059,5.39625,0.604523,3.262156,88.704243
SPHINCS+-SHA2-128f-simple_run19,active,27.557793,5.4025,0.595583,3.217636,88.745217
SPHINCS+-SHA2-128f-simple_run19,active,27.570529,5.395,0.596119,3.216063,88.786176
SPHINCS+-SHA2-128f-simple_run19,active,27.583272,5.3975,0.596477,3.219484,88.827203
SPHINCS+-SHA2-128f-simple_run19,active,27.596011,5.3975,0.596119,3.217553,88.86819
SPHINCS+-SHA2-128f-simple_run19,active,27.608748,5.3975,0.599874,3.23782,88.909431
SPHINCS+-SHA2-128f-simple_run19,active,27.621522,5.3975,0.605238,3.266772,88.95116
SPHINCS+-SHA2-128f-simple_run19,active,27.634258,5.3975,0.596477,3.219484,88.992166
SPHINCS+-SHA2-128f-simple_run19,active,27.646995,5.3975,0.596298,3.218518,89.033158
SPHINCS+-SHA2-128f-simple_run19,active,27.65973,5.39625,0.59594,3.215843,89.074112
SPHINCS+-SHA2-128f-simple_run19,active,27.672466,5.3975,0.596119,3.217553,89.115093
SPHINCS+-SHA2-128f-simple_run19,active,27.685209,5.39875,0.597907,3.227951,89.156226
SPHINCS+-SHA2-128f-simple_run19,active,27.697947,5.4,0.609529,3.291458,89.198151
SPHINCS+-SHA2-128f-simple_run19,active,27.710685,5.3975,0.600947,3.24361,89.239469
SPHINCS+-SHA2-128f-simple_run19,active,27.723427,5.39625,0.596119,3.216808,89.280457
SPHINCS+-SHA2-128f-simple_run19,active,27.736192,5.39625,0.59594,3.215843,89.321507
SPHINCS+-SHA2-128f-simple_run19,active,27.748932,5.39625,0.600768,3.241894,89.362808
SPHINCS+-SHA2-128f-simple_run19,active,27.761666,5.39375,0.59594,3.214354,89.40374
SPHINCS+-SHA2-128f-simple_run19,active,27.774403,5.39375,0.598801,3.229784,89.444877
SPHINCS+-SHA2-128f-simple_run19,active,27.787147,5.39625,0.592543,3.197511,89.485629
SPHINCS+-SHA2-128f-simple_run19,active,27.799895,5.39875,0.599338,3.235674,89.526877
SPHINCS+-SHA2-128f-simple_run19,active,27.812646,5.39625,0.593616,3.2033,89.56772
SPHINCS+-SHA2-128f-simple_run19,active,27.825419,5.39375,0.595225,3.210496,89.608729
SPHINCS+-SHA2-128f-simple_run19,active,27.838168,5.39625,0.589682,3.182074,89.649296
SPHINCS+-SHA2-128f-simple_run19,active,27.850905,5.3975,0.595583,3.214658,89.690244
SPHINCS+-SHA2-128f-simple_run19,active,27.863651,5.39625,0.59594,3.215843,89.73123
SPHINCS+-SHA2-128f-simple_run19,active,27.87639,5.39875,0.597371,3.225056,89.772315
SPHINCS+-SHA2-128f-simple_run19,active,27.889137,5.3975,0.581279,3.137452,89.812309
SPHINCS+-SHA2-128f-simple_run19,active,27.901879,5.3975,0.596834,3.221414,89.853354
SPHINCS+-SHA2-128f-simple_run19,active,27.914617,5.395,0.596119,3.216063,89.894321
SPHINCS+-SHA2-128f-simple_run19,active,27.927354,5.3975,0.595762,3.215623,89.935279
SPHINCS+-SHA2-128f-simple_run19,active,27.940089,5.3975,0.59594,3.216588,89.976243
SPHINCS+-SHA2-128f-simple_run19,active,27.952829,5.39625,0.596119,3.216808,90.017223
SPHINCS+-SHA2-128f-simple_run19,active,27.965564,5.3975,0.59594,3.216588,90.058186
SPHINCS+-SHA2-128f-simple_run19,active,27.9783,5.39875,0.597728,3.226986,90.099288
SPHINCS+-SHA2-128f-simple_run19,active,27.991049,5.39625,0.638137,3.443548,90.143189
SPHINCS+-SHA2-128f-simple_run19,active,28.003799,5.39625,0.598265,3.228386,90.184349
SPHINCS+-SHA2-128f-simple_run19,active,28.016539,5.39,0.598622,3.226575,90.225457
SPHINCS+-SHA2-128f-simple_run19,active,28.029276,5.4,0.595762,3.217113,90.266434
SPHINCS+-SHA2-128f-simple_run19,active,28.042013,5.39875,0.596298,3.219264,90.307438
SPHINCS+-SHA2-128f-simple_run19,active,28.054784,5.39625,0.596834,3.220668,90.348568
SPHINCS+-SHA2-128f-simple_run19,active,28.06752,5.40125,0.59594,3.218823,90.389562
SPHINCS+-SHA2-128f-simple_run19,active,28.080258,5.3975,0.598622,3.231064,90.430721
SPHINCS+-SHA2-128f-simple_run19,active,28.095895,5.39625,0.596298,3.217773,90.481036
SPHINCS+-SHA2-128f-simple_run19,active,28.108653,5.3975,0.599695,3.236855,90.522333
SPHINCS+-SHA2-128f-simple_run19,active,28.121394,5.3975,0.596834,3.221414,90.563376
SPHINCS+-SHA2-128f-simple_run19,active,28.13413,5.3975,0.596477,3.219484,90.60438
SPHINCS+-SHA2-128f-simple_run19,active,28.146866,5.3975,0.603629,3.258086,90.645875
SPHINCS+-SHA2-128f-simple_run19,active,28.159603,5.39625,0.59594,3.215843,90.686835
SPHINCS+-SHA2-128f-simple_run19,active,28.17234,5.395,0.596656,3.218957,90.727835
SPHINCS+-SHA2-128f-simple_run19,active,28.185075,5.39625,0.598622,3.230316,90.768973
SPHINCS+-SHA2-128f-simple_run19,active,28.197812,5.39625,0.592901,3.199441,90.809725
SPHINCS+-SHA2-128f-simple_run19,active,28.210556,5.395,0.59594,3.215098,90.850697
SPHINCS+-SHA2-128f-simple_run19,active,28.223291,5.39625,0.610781,3.295926,90.892673
SPHINCS+-SHA2-128f-simple_run19,active,28.236027,5.3975,0.596119,3.217553,90.933648
SPHINCS+-SHA2-128f-simple_run19,active,28.248765,5.3825,0.599159,3.224972,90.974729
SPHINCS+-SHA2-128f-simple_run19,active,28.261499,5.39625,0.59594,3.215843,91.015681
SPHINCS+-SHA2-128f-simple_run19,active,28.274233,5.395,0.59594,3.215098,91.056622
SPHINCS+-SHA2-128f-simple_run19,active,28.286968,5.39625,0.595583,3.213914,91.09755
SPHINCS+-SHA2-128f-simple_run19,active,28.299711,5.395,0.605059,3.264294,91.139147
SPHINCS+-SHA2-128f-simple_run19,active,28.312455,5.3975,0.596477,3.219484,91.180175
SPHINCS+-SHA2-128f-simple_run19,active,28.325191,5.39625,0.59594,3.215843,91.221133
SPHINCS+-SHA2-128f-simple_run19,active,28.337926,5.395,0.59594,3.215098,91.262077
SPHINCS+-SHA2-128f-simple_run19,active,28.350661,5.39625,0.59594,3.215843,91.303031
SPHINCS+-SHA2-128f-simple_run19,active,28.363396,5.39625,0.596119,3.216808,91.343999
SPHINCS+-SHA2-128f-simple_run19,active,28.376171,5.3975,0.604702,3.263877,91.385693
SPHINCS+-SHA2-128f-simple_run19,active,28.388912,5.4,0.595583,3.216147,91.426672
SPHINCS+-SHA2-128f-simple_run19,active,28.401655,5.3975,0.596477,3.219484,91.467695
SPHINCS+-SHA2-128f-simple_run19,active,28.414397,5.3975,0.595762,3.215623,91.508671
SPHINCS+-SHA2-128f-simple_run19,active,28.427134,5.39875,0.601126,3.245327,91.550006
SPHINCS+-SHA2-128f-simple_run19,active,28.439871,5.395,0.595583,3.213169,91.59093
SPHINCS+-SHA2-128f-simple_run19,active,28.45261,5.39625,0.596119,3.216808,91.63191
SPHINCS+-SHA2-128f-simple_run19,active,28.465346,5.39625,0.597728,3.225492,91.672991
SPHINCS+-SHA2-128f-simple_run19,active,28.47808,5.3925,0.59594,3.213609,91.713912
SPHINCS+-SHA2-128f-simple_run19,active,28.490807,5.4,0.596656,3.22194,91.754918
SPHINCS+-SHA2-128f-simple_run19,active,28.503551,5.39625,0.596834,3.220668,91.795962
SPHINCS+-SHA2-128f-simple_run19,active,28.516294,5.395,0.596656,3.218957,91.836982
SPHINCS+-SHA2-128f-simple_run19,active,28.529031,5.39625,0.601304,3.244789,91.878311
SPHINCS+-SHA2-128f-simple_run19,active,28.541765,5.3975,0.597013,3.222379,91.919343
SPHINCS+-SHA2-128f-simple_run19,active,28.554502,5.39625,0.595762,3.214879,91.960291
SPHINCS+-SHA2-128f-simple_run19,active,28.567237,5.40375,0.591113,3.194226,92.000969
SPHINCS+-SHA2-128f-simple_run19,active,28.579972,5.3975,0.59594,3.216588,92.041933
SPHINCS+-SHA2-128f-simple_run19,active,28.592708,5.39625,0.595046,3.211019,92.08283
SPHINCS+-SHA2-128f-simple_run19,active,28.605492,5.39625,0.598622,3.230316,92.124125
SPHINCS+-SHA2-128f-simple_run19,active,28.618235,5.40375,0.596119,3.221279,92.165176
SPHINCS+-SHA2-128f-simple_run19,active,28.630972,5.39,0.599695,3.232357,92.206345
SPHINCS+-SHA2-128f-simple_run19,active,28.643708,5.39875,0.59594,3.217333,92.247321
SPHINCS+-SHA2-128f-simple_run19,active,28.656445,5.3975,0.595583,3.214658,92.288267
SPHINCS+-SHA2-128f-simple_run19,active,28.669182,5.39625,0.597013,3.221632,92.329299
SPHINCS+-SHA2-128f-simple_run19,active,28.681915,5.39625,0.598622,3.230316,92.37043
SPHINCS+-SHA2-128f-simple_run19,active,28.694651,5.395,0.59594,3.215098,92.411378
SPHINCS+-SHA2-128f-simple_run19,active,28.707395,5.39625,0.590755,3.187863,92.452004
SPHINCS+-SHA2-128f-simple_run19,active,28.72018,5.3975,0.59594,3.216588,92.493129
SPHINCS+-SHA2-128f-simple_run19,active,28.732924,5.38625,0.597728,3.219515,92.534158
SPHINCS+-SHA2-128f-simple_run19,active,28.745661,5.4,0.59898,3.234492,92.575356
SPHINCS+-SHA2-128f-simple_run19,active,28.7584,5.3975,0.599159,3.23396,92.616553
SPHINCS+-SHA2-128f-simple_run19,active,28.771139,5.3975,0.596119,3.217553,92.657542
SPHINCS+-SHA2-128f-simple_run19,active,28.783877,5.3975,0.596477,3.219484,92.698551
SPHINCS+-SHA2-128f-simple_run19,active,28.796615,5.39625,0.594331,3.20716,92.739404
SPHINCS+-SHA2-128f-simple_run19,active,28.809357,5.3975,0.596477,3.219484,92.780428
SPHINCS+-SHA2-128f-simple_run19,active,28.822096,5.3975,0.595762,3.215623,92.82139
SPHINCS+-SHA2-128f-simple_run19,active,28.834832,5.39,0.603629,3.253559,92.86283
SPHINCS+-SHA2-128f-simple_run19,active,28.847569,5.39375,0.598622,3.22882,92.903954
SPHINCS+-SHA2-128f-simple_run19,active,28.860307,5.39625,0.596477,3.218738,92.944953
SPHINCS+-SHA2-128f-simple_run19,active,28.873043,5.39625,0.59594,3.215843,92.985912
SPHINCS+-SHA2-128f-simple_run19,active,28.885777,5.3975,0.597371,3.224309,93.026971
SPHINCS+-SHA2-128f-simple_run19,active,28.898513,5.39625,0.597192,3.222597,93.068012
SPHINCS+-SHA2-128f-simple_run19,active,28.911255,5.39625,0.596298,3.217773,93.109015
SPHINCS+-SHA2-128f-simple_run19,active,28.923998,5.39625,0.595583,3.213914,93.149967
SPHINCS+-SHA2-128f-simple_run19,active,28.936739,5.3925,0.598801,3.229035,93.191109
SPHINCS+-SHA2-128f-simple_run19,active,28.949504,5.39625,0.596119,3.216808,93.232171
SPHINCS+-SHA2-128f-simple_run19,active,28.96224,5.395,0.595404,3.212205,93.273082
SPHINCS+-SHA2-128f-simple_run19,active,28.974975,5.39375,0.604165,3.258716,93.314584
SPHINCS+-SHA2-128f-simple_run19,active,28.98771,5.405,0.596119,3.222024,93.355615
SPHINCS+-SHA2-128f-simple_run19,active,29.000449,5.3975,0.59594,3.216588,93.39659
SPHINCS+-SHA2-128f-simple_run19,active,29.01319,5.39625,0.59594,3.215843,93.437564
SPHINCS+-SHA2-128f-simple_run19,active,29.025935,5.40125,0.597728,3.228481,93.47871
SPHINCS+-SHA2-128f-simple_run19,active,29.038672,5.39625,0.601662,3.246719,93.520064
SPHINCS+-SHA2-128f-simple_run19,active,29.051409,5.3975,0.605774,3.269667,93.561709
SPHINCS+-SHA2-128f-simple_run19,active,29.064173,5.39625,0.596834,3.220668,93.60282
SPHINCS+-SHA2-128f-simple_run19,active,29.076917,5.39875,0.597013,3.223125,93.643893
SPHINCS+-SHA2-128f-simple_run19,active,29.089651,5.3975,0.59594,3.216588,93.684854
SPHINCS+-SHA2-128f-simple_run19,active,29.102386,5.39625,0.596834,3.220668,93.725871
SPHINCS+-SHA2-128f-simple_run19,active,29.115128,5.3975,0.595762,3.215623,93.766843
SPHINCS+-SHA2-128f-simple_run19,active,29.127867,5.39875,0.60488,3.265598,93.808444
SPHINCS+-SHA2-128f-simple_run19,active,29.140608,5.39375,0.599338,3.232677,93.849632
SPHINCS+-SHA2-128f-simple_run19,active,29.153345,5.39625,0.595583,3.213914,93.890568
SPHINCS+-SHA2-128f-simple_run19,active,29.16608,5.3975,0.595583,3.214658,93.931507
SPHINCS+-SHA2-128f-simple_run19,active,29.178817,5.395,0.595404,3.212205,93.972421
SPHINCS+-SHA2-128f-simple_run19,active,29.191553,5.39625,0.596119,3.216808,94.01339
SPHINCS+-SHA2-128f-simple_run19,active,29.204291,5.3975,0.603986,3.260017,94.054916
SPHINCS+-SHA2-128f-simple_run19,active,29.217033,5.4,0.59898,3.234492,94.096129
SPHINCS+-SHA2-128f-simple_run19,active,29.229772,5.395,0.595583,3.213169,94.13706
SPHINCS+-SHA2-128f-simple_run19,active,29.242508,5.3925,0.597013,3.219394,94.178063
SPHINCS+-SHA2-128f-simple_run19,active,29.255245,5.3975,0.596298,3.218518,94.219058
SPHINCS+-SHA2-128f-simple_run19,active,29.26798,5.39625,0.596119,3.216808,94.260025
SPHINCS+-SHA2-128f-simple_run19,active,29.280721,5.3975,0.598622,3.231064,94.301192
SPHINCS+-SHA2-128f-simple_run19,active,29.293498,5.39625,0.596119,3.216808,94.342291
SPHINCS+-SHA2-128f-simple_run19,active,29.306237,5.395,0.599159,3.232462,94.383469
SPHINCS+-SHA2-128f-simple_run19,active,29.318979,5.39625,0.596119,3.216808,94.424461
SPHINCS+-SHA2-128f-simple_run19,active,29.33172,5.3975,0.596834,3.221414,94.465502
SPHINCS+-SHA2-128f-simple_run19,active,29.344458,5.39375,0.602198,3.248108,94.506878
SPHINCS+-SHA2-128f-simple_run19,active,29.357195,5.39625,0.601662,3.246719,94.548232
SPHINCS+-SHA2-128f-simple_run19,active,29.372811,5.39625,0.596298,3.217773,94.598479
SPHINCS+-SHA2-128f-simple_run19,active,29.385568,5.4,0.597728,3.227733,94.639656
SPHINCS+-SHA2-128f-simple_run19,active,29.398308,5.39625,0.596477,3.218738,94.680662
SPHINCS+-SHA2-128f-simple_run19,active,29.411043,5.39625,0.596119,3.216808,94.721629
SPHINCS+-SHA2-128f-simple_run19,active,29.423787,5.395,0.59594,3.215098,94.762601
SPHINCS+-SHA2-128f-simple_run19,active,29.436531,5.39125,0.597728,3.222503,94.803669
SPHINCS+-SHA2-128f-simple_run19,active,29.449267,5.39,0.597907,3.22272,94.844713
SPHINCS+-SHA2-128f-simple_run19,active,29.462,5.39625,0.596477,3.218738,94.885697
SPHINCS+-SHA2-128f-simple_run19,active,29.474738,5.39375,0.595583,3.212425,94.926618
SPHINCS+-SHA2-128f-simple_run19,active,29.487475,5.4075,0.59594,3.222548,94.967664
SPHINCS+-SHA2-128f-simple_run19,active,29.500216,5.395,0.595762,3.214134,95.008614
SPHINCS+-SHA2-128f-simple_run19,active,29.512954,5.39875,0.597013,3.223125,95.04967
SPHINCS+-SHA2-128f-simple_run19,active,29.525692,5.395,0.597907,3.225709,95.090759
SPHINCS+-SHA2-128f-simple_run19,active,29.538433,5.39625,0.596477,3.218738,95.131769
SPHINCS+-SHA2-128f-simple_run19,active,29.551168,5.38875,0.596477,3.214264,95.172704
SPHINCS+-SHA2-128f-simple_run19,active,29.563903,5.39625,0.59594,3.215843,95.213657
SPHINCS+-SHA2-128f-simple_run19,active,29.57664,5.40125,0.595762,3.217857,95.254643
SPHINCS+-SHA2-128f-simple_run19,active,29.589377,5.3975,0.596119,3.217553,95.295625
SPHINCS+-SHA2-128f-simple_run19,active,29.602109,5.39625,0.596477,3.218738,95.336607
SPHINCS+-SHA2-128f-simple_run19,active,29.614843,5.3975,0.596298,3.218518,95.377591
SPHINCS+-SHA2-128f-simple_run19,active,29.627585,5.39625,0.594868,3.210054,95.418492
SPHINCS+-SHA2-128f-simple_run19,active,29.640328,5.3975,0.59594,3.216588,95.459484
SPHINCS+-SHA2-128f-simple_run19,active,29.653065,5.3925,0.603808,3.256032,95.500954
SPHINCS+-SHA2-128f-simple_run19,active,29.665799,5.39625,0.593795,3.204265,95.541757
SPHINCS+-SHA2-128f-simple_run19,active,29.678534,5.39625,0.59594,3.215843,95.582712
SPHINCS+-SHA2-128f-simple_run19,active,29.691269,5.395,0.595762,3.214134,95.623644
SPHINCS+-SHA2-128f-simple_run19,active,29.704005,5.39375,0.595225,3.210496,95.664532
SPHINCS+-SHA2-128f-simple_run19,active,29.716749,5.39625,0.592364,3.196546,95.70527
SPHINCS+-SHA2-128f-simple_run19,active,29.729493,5.39625,0.60488,3.264086,95.746865
SPHINCS+-SHA2-128f-simple_run19,active,29.742234,5.39875,0.59594,3.217333,95.787859
SPHINCS+-SHA2-128f-simple_run19,active,29.75497,5.39125,0.593795,3.201296,95.828629
SPHINCS+-SHA2-128f-simple_run19,active,29.767721,5.395,0.595404,3.212205,95.869588
SPHINCS+-SHA2-128f-simple_run19,active,29.78058,5.39625,0.597728,3.225492,95.911066
SPHINCS+-SHA2-128f-simple_run19,active,29.793453,5.39625,0.595046,3.211019,95.9524
SPHINCS+-SHA2-128f-simple_run19,active,29.806209,5.39875,0.606311,3.27332,95.994156
SPHINCS+-SHA2-128f-simple_run19,active,29.818957,5.39625,0.596298,3.217773,96.035175
SPHINCS+-SHA2-128f-simple_run19,active,29.83171,5.39625,0.596119,3.216808,96.0762
SPHINCS+-SHA2-128f-simple_run19,active,29.844458,5.3875,0.596834,3.215445,96.117192
SPHINCS+-SHA2-128f-simple_run19,active,29.856896,5.38125,0.599516,3.226148,96.157316
SPHINCS+-SHA2-128f-simple_run19,active,29.86933,5.38625,0.595762,3.208921,96.197217
SPHINCS+-SHA2-128f-simple_run19,active,29.881765,5.38875,0.603271,3.250878,96.237641
SPHINCS+-SHA2-128f-simple_run19,active,29.894199,5.38875,0.592543,3.193067,96.277344
SPHINCS+-SHA2-128f-simple_run19,active,29.90663,5.39,0.594331,3.203445,96.317165
SPHINCS+-SHA2-128f-simple_run19,active,29.919063,5.38625,0.596119,3.210847,96.357085
SPHINCS+-SHA2-128f-simple_run19,active,29.931493,5.3875,0.596298,3.212555,96.397018
SPHINCS+-SHA2-128f-simple_run19,active,29.943943,5.3975,0.594689,3.209833,96.436981
SPHINCS+-SHA2-128f-simple_run19,active,29.956686,5.395,0.612926,3.306738,96.479118
SPHINCS+-SHA2-128f-simple_run19,active,29.969423,5.395,0.596298,3.217028,96.520093
SPHINCS+-SHA2-128f-simple_run19,active,29.98216,5.3975,0.596477,3.219484,96.561101
SPHINCS+-SHA2-128f-simple_run19,active,29.994896,5.3975,0.592007,3.195357,96.601797
SPHINCS+-SHA2-128f-simple_run19,active,30.007632,5.3975,0.59594,3.216588,96.642763
SPHINCS+-SHA2-128f-simple_run19,active,30.020371,5.39875,0.59594,3.217333,96.683748
SPHINCS+-SHA2-128f-simple_run19,active,30.033113,5.39875,0.60488,3.265598,96.72536
SPHINCS+-SHA2-128f-simple_run19,active,30.045861,5.4,0.59451,3.210354,96.766285
SPHINCS+-SHA2-128f-simple_run19,active,30.058597,5.39625,0.600947,3.242859,96.807586
SPHINCS+-SHA2-128f-simple_run19,active,30.071332,5.39625,0.59594,3.215843,96.84854
SPHINCS+-SHA2-128f-simple_run19,active,30.084067,5.3975,0.595046,3.211763,96.88944
SPHINCS+-SHA2-128f-simple_run19,active,30.096805,5.39875,0.596298,3.219264,96.930448
SPHINCS+-SHA2-128f-simple_run19,active,30.109538,5.395,0.596477,3.217992,96.971424
SPHINCS+-SHA2-128f-simple_run19,active,30.122273,5.39625,0.596119,3.216808,97.012389
SPHINCS+-SHA2-128f-simple_run19,active,30.135015,5.3975,0.595225,3.212728,97.053325
SPHINCS+-SHA2-128f-simple_run19,active,30.147754,5.395,0.596119,3.216063,97.094297
SPHINCS+-SHA2-128f-simple_run19,active,30.160493,5.4,0.599874,3.23932,97.135559
SPHINCS+-SHA2-128f-simple_run19,active,30.173228,5.39875,0.595583,3.215403,97.176507
SPHINCS+-SHA2-128f-simple_run19,active,30.18596,5.40125,0.59898,3.235241,97.217701
SPHINCS+-SHA2-128f-simple_run19,active,30.198697,5.3975,0.596477,3.219484,97.258706
SPHINCS+-SHA2-128f-simple_run19,active,30.211432,5.39625,0.596119,3.216808,97.299671
SPHINCS+-SHA2-128f-simple_run19,active,30.224199,5.39125,0.595583,3.210936,97.340668
SPHINCS+-SHA2-128f-simple_run19,active,30.236946,5.39875,0.595225,3.213472,97.381628
SPHINCS+-SHA2-128f-simple_run19,active,30.249684,5.3975,0.59594,3.216588,97.422602
SPHINCS+-SHA2-128f-simple_run19,active,30.26242,5.3975,0.603629,3.258086,97.464096
SPHINCS+-SHA2-128f-simple_run19,active,30.275155,5.40875,0.595404,3.220391,97.505109
SPHINCS+-SHA2-128f-simple_run19,active,30.28789,5.3975,0.595583,3.214658,97.546047
SPHINCS+-SHA2-128f-simple_run19,active,30.300626,5.3975,0.596119,3.217553,97.587027
SPHINCS+-SHA2-128f-simple_run19,active,30.313361,5.39625,0.59594,3.215843,97.627978
SPHINCS+-SHA2-128f-simple_run19,active,30.326093,5.4,0.596119,3.219044,97.668964
SPHINCS+-SHA2-128f-simple_run19,active,30.338834,5.39625,0.59898,3.232246,97.710145
SPHINCS+-SHA2-128f-simple_run19,active,30.351573,5.3975,0.595583,3.214658,97.751099
SPHINCS+-SHA2-128f-simple_run19,active,30.36431,5.39625,0.597192,3.222597,97.792143
SPHINCS+-SHA2-128f-simple_run19,active,30.377045,5.39625,0.59594,3.215843,97.833099
SPHINCS+-SHA2-128f-simple_run19,active,30.389779,5.395,0.596656,3.218957,97.874087
SPHINCS+-SHA2-128f-simple_run19,active,30.402515,5.3975,0.596656,3.220449,97.915104
SPHINCS+-SHA2-128f-simple_run19,active,30.41525,5.39625,0.597728,3.225492,97.95618
SPHINCS+-SHA2-128f-simple_run19,active,30.427984,5.39625,0.595583,3.213914,97.997106
SPHINCS+-SHA2-128f-simple_run19,active,30.440727,5.39625,0.595583,3.213914,98.038062
SPHINCS+-SHA2-128f-simple_run19,active,30.453498,5.395,0.59594,3.215098,98.079122
SPHINCS+-SHA2-128f-simple_run19,active,30.466243,5.4,0.596834,3.222906,98.120196
SPHINCS+-SHA2-128f-simple_run19,active,30.47898,5.40125,0.595046,3.213994,98.161134
SPHINCS+-SHA2-128f-simple_run19,active,30.491715,5.39625,0.59594,3.215843,98.202088
SPHINCS+-SHA2-128f-simple_run19,active,30.504454,5.39625,0.600947,3.242859,98.243397
SPHINCS+-SHA2-128f-simple_run19,active,30.517191,5.39625,0.596119,3.216808,98.284369
SPHINCS+-SHA2-128f-simple_run19,active,30.529924,5.39875,0.596656,3.221194,98.325387
SPHINCS+-SHA2-128f-simple_run19,active,30.542667,5.39625,0.595583,3.213914,98.366342
SPHINCS+-SHA2-128f-simple_run19,active,30.55541,5.3975,0.593795,3.205007,98.407182
SPHINCS+-SHA2-128f-simple_run19,active,30.568176,5.3975,0.597013,3.222379,98.448319
SPHINCS+-SHA2-128f-simple_run19,active,30.580915,5.39625,0.596477,3.218738,98.489322
SPHINCS+-SHA2-128f-simple_run19,active,30.593649,5.3975,0.593258,3.202112,98.530099
SPHINCS+-SHA2-128f-simple_run19,active,30.606385,5.39625,0.596477,3.218738,98.571092
SPHINCS+-SHA2-128f-simple_run19,active,30.619118,5.395,0.596119,3.216063,98.612043
SPHINCS+-SHA2-128f-simple_run19,active,30.631853,5.39625,0.60488,3.264086,98.653609
SPHINCS+-SHA2-128f-simple_run19,active,30.647521,5.3875,0.596298,3.212555,98.703947
SPHINCS+-SHA2-128f-simple_run19,active,30.660302,5.39625,0.596119,3.216808,98.745061
SPHINCS+-SHA2-128f-simple_run19,active,30.673044,5.39625,0.597192,3.222597,98.786122
SPHINCS+-SHA2-128f-simple_run19,active,30.685781,5.3925,0.596834,3.21843,98.827114
SPHINCS+-SHA2-128f-simple_run19,active,30.698519,5.3975,0.59594,3.216588,98.868088
SPHINCS+-SHA2-128f-simple_run19,active,30.71126,5.39625,0.596477,3.218738,98.909099
SPHINCS+-SHA2-128f-simple_run19,active,30.724007,5.39875,0.601662,3.248223,98.950504
SPHINCS+-SHA2-128f-simple_run19,active,30.736746,5.3975,0.595762,3.215623,98.991467
SPHINCS+-SHA2-128f-simple_run19,active,30.749542,5.3975,0.595225,3.212728,99.032576
SPHINCS+-SHA2-128f-simple_run19,active,30.762287,5.395,0.59594,3.215098,99.073554
SPHINCS+-SHA2-128f-simple_run19,active,30.775025,5.3925,0.596298,3.215537,99.114513
SPHINCS+-SHA2-128f-simple_run19,active,30.787761,5.3975,0.59755,3.225274,99.155589
SPHINCS+-SHA2-128f-simple_run19,active,30.800499,5.3975,0.59594,3.216588,99.196561
SPHINCS+-SHA2-128f-simple_run19,active,30.813237,5.39625,0.59594,3.215843,99.237526
SPHINCS+-SHA2-128f-simple_run19,active,30.82597,5.395,0.595225,3.21124,99.278414
SPHINCS+-SHA2-128f-simple_run19,active,30.838706,5.3975,0.595762,3.215623,99.319368
SPHINCS+-SHA2-128f-simple_run19,active,30.851449,5.3975,0.595583,3.214658,99.360333
SPHINCS+-SHA2-128f-simple_run19,active,30.864194,5.39625,0.596477,3.218738,99.401355
SPHINCS+-SHA2-128f-simple_run19,active,30.876931,5.395,0.596119,3.216063,99.442318
SPHINCS+-SHA2-128f-simple_run19,active,30.889666,5.40125,0.596119,3.219789,99.483324
SPHINCS+-SHA2-128f-simple_run19,active,30.902402,5.39625,0.597013,3.221632,99.524355
SPHINCS+-SHA2-128f-simple_run19,active,30.915137,5.3975,0.596834,3.221414,99.565379
SPHINCS+-SHA2-128f-simple_run19,active,30.927872,5.395,0.59594,3.215098,99.606323
SPHINCS+-SHA2-128f-simple_run19,active,30.94061,5.395,0.598622,3.229568,99.647462
SPHINCS+-SHA2-128f-simple_run19,active,30.953354,5.39625,0.595583,3.213914,99.68842
SPHINCS+-SHA2-128f-simple_run19,active,30.966094,5.395,0.595762,3.214134,99.729368
SPHINCS+-SHA2-128f-simple_run19,active,30.978832,5.39625,0.60041,3.239965,99.770637
SPHINCS+-SHA2-128f-simple_run19,active,30.991568,5.39625,0.595583,3.213914,99.81157
SPHINCS+-SHA2-128f-simple_run19,active,31.004307,5.3925,0.597907,3.224215,99.852644
SPHINCS+-SHA2-128f-simple_run19,active,31.017044,5.39625,0.598622,3.230316,99.893787
SPHINCS+-SHA2-128f-simple_run19,active,31.029778,5.39625,0.59594,3.215843,99.934739
SPHINCS+-SHA2-128f-simple_run19,active,31.042515,5.3975,0.595046,3.211763,99.975646
SPHINCS+-SHA2-128f-simple_run19,active,31.055256,5.3975,0.596477,3.219484,100.016666
SPHINCS+-SHA2-128f-simple_run19,active,31.067992,5.39625,0.59594,3.215843,100.057624
SPHINCS+-SHA2-128f-simple_run19,active,31.08074,5.39625,0.598801,3.231281,100.098816
SPHINCS+-SHA2-128f-simple_run19,active,31.093503,5.39625,0.597728,3.225492,100.139982
SPHINCS+-SHA2-128f-simple_run19,active,31.106241,5.39375,0.59594,3.214354,100.180928
SPHINCS+-SHA2-128f-simple_run19,active,31.118978,5.39625,0.594689,3.209089,100.221801
SPHINCS+-SHA2-128f-simple_run19,active,31.131714,5.3975,0.596477,3.219484,100.262803
SPHINCS+-SHA2-128f-simple_run19,active,31.144452,5.39,0.596298,3.214046,100.303746
SPHINCS+-SHA2-128f-simple_run19,active,31.157196,5.39625,0.598086,3.227422,100.344875
SPHINCS+-SHA2-128f-simple_run19,active,31.169937,5.39625,0.597013,3.221632,100.385923
SPHINCS+-SHA2-128f-simple_run19,active,31.182673,5.3975,0.596477,3.219484,100.426925
SPHINCS+-SHA2-128f-simple_run19,active,31.195409,5.39875,0.59594,3.217333,100.467901
SPHINCS+-SHA2-128f-simple_run19,active,31.208179,5.3975,0.59594,3.216588,100.508977
SPHINCS+-SHA2-128f-simple_run19,active,31.220927,5.38875,0.595762,3.21041,100.549905
SPHINCS+-SHA2-128f-simple_run19,active,31.233686,5.3925,0.599159,3.230964,100.591126
SPHINCS+-SHA2-128f-simple_run19,active,31.246435,5.39625,0.597013,3.221632,100.632201
SPHINCS+-SHA2-128f-simple_run19,active,31.259182,5.3975,0.596119,3.217553,100.673215
SPHINCS+-SHA2-128f-simple_run19,active,31.271924,5.39625,0.596656,3.219703,100.71424
SPHINCS+-SHA2-128f-simple_run19,active,31.284664,5.3975,0.597371,3.224309,100.755317
SPHINCS+-SHA2-128f-simple_run19,active,31.297401,5.39875,0.596656,3.221194,100.796346
SPHINCS+-SHA2-128f-simple_run19,active,31.310136,5.39625,0.605059,3.265051,100.837927
SPHINCS+-SHA2-128f-simple_run19,active,31.322873,5.39875,0.596477,3.220229,100.878941
SPHINCS+-SHA2-128f-simple_run19,active,31.33561,5.39625,0.59755,3.224527,100.920012
SPHINCS+-SHA2-128f-simple_run19,active,31.348347,5.395,0.59594,3.215098,100.960964
SPHINCS+-SHA2-128f-simple_run19,active,31.36109,5.3975,0.595046,3.211763,101.001891
SPHINCS+-SHA2-128f-simple_run19,active,31.37383,5.395,0.59898,3.231497,101.043059
SPHINCS+-SHA2-128f-simple_run19,active,31.386568,5.3875,0.598265,3.223152,101.084116
SPHINCS+-SHA2-128f-simple_run19,active,31.399303,5.3975,0.596119,3.217553,101.125093
SPHINCS+-SHA2-128f-simple_run19,active,31.412038,5.39625,0.596298,3.217773,101.16607
SPHINCS+-SHA2-128f-simple_run19,active,31.424775,5.39625,0.601126,3.243824,101.207386
SPHINCS+-SHA2-128f-simple_run19,active,31.437504,5.3975,0.595762,3.215623,101.248319
SPHINCS+-SHA2-128f-simple_run19,active,31.450243,5.39625,0.595583,3.213914,101.28926
SPHINCS+-SHA2-128f-simple_run19,active,31.462986,5.39625,0.595046,3.211019,101.330179
SPHINCS+-SHA2-128f-simple_run19,active,31.475726,5.39625,0.596119,3.216808,101.37116
SPHINCS+-SHA2-128f-simple_run19,active,31.488464,5.39625,0.600768,3.241894,101.412457
SPHINCS+-SHA2-128f-simple_run19,active,31.501201,5.39625,0.596119,3.216808,101.453429
SPHINCS+-SHA2-128f-simple_run19,active,31.513933,5.3975,0.596477,3.219484,101.494421
SPHINCS+-SHA2-128f-simple_run19,active,31.526671,5.3975,0.59594,3.216588,101.535393
SPHINCS+-SHA2-128f-simple_run19,active,31.539407,5.39625,0.59594,3.215843,101.576351
SPHINCS+-SHA2-128f-simple_run19,active,31.552174,5.39625,0.597013,3.221632,101.61748
SPHINCS+-SHA2-128f-simple_run19,active,31.564923,5.39625,0.594868,3.210054,101.658403
SPHINCS+-SHA2-128f-simple_run19,active,31.577662,5.39625,0.59594,3.215843,101.69937
SPHINCS+-SHA2-128f-simple_run19,active,31.590397,5.39625,0.601304,3.244789,101.740695
SPHINCS+-SHA2-128f-simple_run19,active,31.603132,5.39625,0.597192,3.222597,101.781734
SPHINCS+-SHA2-128f-simple_run19,active,31.615868,5.39875,0.598265,3.229882,101.822868
SPHINCS+-SHA2-128f-simple_run19,active,31.628608,5.39375,0.59594,3.214354,101.86382
SPHINCS+-SHA2-128f-simple_run19,active,31.641344,5.39875,0.596477,3.220229,101.904834
SPHINCS+-SHA2-128f-simple_run19,active,31.654078,5.4,0.597371,3.225802,101.945911
SPHINCS+-SHA2-128f-simple_run19,active,31.666821,5.3975,0.59594,3.216588,101.986899
SPHINCS+-SHA2-128f-simple_run19,active,31.679561,5.38875,0.595762,3.21041,102.027799
SPHINCS+-SHA2-128f-simple_run19,active,31.692302,5.39625,0.603271,3.255402,102.069276
SPHINCS+-SHA2-128f-simple_run19,active,31.705037,5.395,0.59755,3.22378,102.110331
SPHINCS+-SHA2-128f-simple_run19,active,31.717779,5.3975,0.595583,3.214658,102.151293
SPHINCS+-SHA2-128f-simple_run19,active,31.730516,5.39625,0.595225,3.211984,102.192203
SPHINCS+-SHA2-128f-simple_run19,active,31.743251,5.38625,0.599338,3.228182,102.233314
SPHINCS+-SHA2-128f-simple_run19,active,31.755985,5.39625,0.596477,3.218738,102.274303
SPHINCS+-SHA2-128f-simple_run19,active,31.76873,5.395,0.598622,3.229568,102.315462
SPHINCS+-SHA2-128f-simple_run19,active,31.781522,5.3975,0.596477,3.219484,102.356647
SPHINCS+-SHA2-128f-simple_run19,active,31.79426,5.3975,0.598086,3.228169,102.397767
SPHINCS+-SHA2-128f-simple_run19,active,31.806998,5.3975,0.596119,3.217553,102.438754
SPHINCS+-SHA2-128f-simple_run19,active,31.819735,5.3975,0.596119,3.217553,102.479734
SPHINCS+-SHA2-128f-simple_run19,active,31.832475,5.39875,0.596656,3.221194,102.520773
SPHINCS+-SHA2-128f-simple_run19,active,31.845212,5.3975,0.600589,3.24168,102.562061
SPHINCS+-SHA2-128f-simple_run19,active,31.857945,5.39625,0.596119,3.216808,102.603021
SPHINCS+-SHA2-128f-simple_run19,active,31.870686,5.3975,0.59594,3.216588,102.644005
SPHINCS+-SHA2-128f-simple_run19,active,31.883427,5.39375,0.595583,3.212425,102.684935
SPHINCS+-SHA2-128f-simple_run19,active,31.896187,5.4,0.59594,3.218078,102.725996
SPHINCS+-SHA2-128f-simple_run19,active,31.908926,5.39625,0.595583,3.213914,102.766938
SPHINCS+-SHA2-128f-simple_run19,active,31.924616,5.39875,0.597728,3.226986,102.81757
SPHINCS+-SHA2-128f-simple_run19,active,31.937378,5.3975,0.59594,3.216588,102.858618
SPHINCS+-SHA2-128f-simple_run19,active,31.950116,5.39625,0.59594,3.215843,102.899584
SPHINCS+-SHA2-128f-simple_run19,active,31.962852,5.39625,0.595046,3.211019,102.94048
SPHINCS+-SHA2-128f-simple_run19,active,31.975595,5.3975,0.595762,3.215623,102.981456
SPHINCS+-SHA2-128f-simple_run19,active,31.988337,5.39625,0.60345,3.256367,103.022948
SPHINCS+-SHA2-128f-simple_run19,active,32.001075,5.39625,0.595583,3.213914,103.063888
SPHINCS+-SHA2-128f-simple_run19,active,32.013808,5.4,0.592901,3.201664,103.104655
SPHINCS+-SHA2-128f-simple_run19,active,32.026545,5.395,0.596656,3.218957,103.145653
SPHINCS+-SHA2-128f-simple_run19,active,32.03928,5.39625,0.59594,3.215843,103.186608
SPHINCS+-SHA2-128f-simple_run19,active,32.052014,5.39625,0.596298,3.217773,103.227581
SPHINCS+-SHA2-128f-simple_run19,active,32.064752,5.39875,0.597907,3.227951,103.268699
SPHINCS+-SHA2-128f-simple_run19,active,32.077493,5.39625,0.59594,3.215843,103.309673
SPHINCS+-SHA2-128f-simple_run19,active,32.090232,5.395,0.59594,3.215098,103.350629
SPHINCS+-SHA2-128f-simple_run19,active,32.102974,5.3925,0.596834,3.21843,103.391639
SPHINCS+-SHA2-128f-simple_run19,active,32.115708,5.3975,0.595762,3.215623,103.432587
SPHINCS+-SHA2-128f-simple_run19,active,32.128445,5.39625,0.595583,3.213914,103.473523
SPHINCS+-SHA2-128f-simple_run19,active,32.141182,5.39875,0.596477,3.220229,103.514539
SPHINCS+-SHA2-128f-simple_run19,active,32.153914,5.3925,0.596834,3.21843,103.555515
SPHINCS+-SHA2-128f-simple_run19,active,32.166648,5.39625,0.596477,3.218738,103.596503
SPHINCS+-SHA2-128f-simple_run19,active,32.179389,5.39625,0.596477,3.218738,103.637513
SPHINCS+-SHA2-128f-simple_run19,active,32.192158,5.39625,0.597013,3.221632,103.678649
SPHINCS+-SHA2-128f-simple_run19,active,32.204898,5.3975,0.59594,3.216588,103.719631
SPHINCS+-SHA2-128f-simple_run19,active,32.217632,5.39625,0.59594,3.215843,103.760581
SPHINCS+-SHA2-128f-simple_run19,active,32.230367,5.3975,0.596119,3.217553,103.801557
SPHINCS+-SHA2-128f-simple_run19,active,32.243103,5.3975,0.595762,3.215623,103.842511
SPHINCS+-SHA2-128f-simple_run19,active,32.255838,5.3975,0.59594,3.216588,103.883472
SPHINCS+-SHA2-128f-simple_run19,active,32.268575,5.39625,0.59594,3.215843,103.924434
SPHINCS+-SHA2-128f-simple_run19,active,32.281315,5.39625,0.597192,3.222597,103.96549
SPHINCS+-SHA2-128f-simple_run19,active,32.294084,5.395,0.59755,3.22378,104.006655
SPHINCS+-SHA2-128f-simple_run19,active,32.306824,5.39625,0.59594,3.215843,104.047622
SPHINCS+-SHA2-128f-simple_run19,active,32.31956,5.39875,0.596119,3.218299,104.08861
SPHINCS+-SHA2-128f-simple_run19,active,32.332298,5.39625,0.594689,3.209089,104.129489
SPHINCS+-SHA2-128f-simple_run19,active,32.345035,5.3975,0.596656,3.220449,104.170508
SPHINCS+-SHA2-128f-simple_run19,active,32.357768,5.395,0.595583,3.213169,104.211421
SPHINCS+-SHA2-128f-simple_run19,active,32.370503,5.3925,0.598801,3.229035,104.252541
SPHINCS+-SHA2-128f-simple_run19,active,32.383242,5.39875,0.596477,3.220229,104.293566
SPHINCS+-SHA2-128f-simple_run19,active,32.395981,5.39875,0.596298,3.219264,104.334577
SPHINCS+-SHA2-128f-simple_run19,active,32.408718,5.39625,0.596298,3.217773,104.37556
SPHINCS+-SHA2-128f-simple_run19,active,32.421481,5.39625,0.601126,3.243824,104.416963
SPHINCS+-SHA2-128f-simple_run19,active,32.434218,5.39875,0.599695,3.237604,104.4582
SPHINCS+-SHA2-128f-simple_run19,active,32.446953,5.39625,0.603092,3.254437,104.499645
SPHINCS+-SHA2-128f-simple_run19,active,32.459688,5.39625,0.596834,3.220668,104.540659
SPHINCS+-SHA2-128f-simple_run19,active,32.472427,5.39875,0.599516,3.236639,104.58189
SPHINCS+-SHA2-128f-simple_run19,active,32.485171,5.39625,0.597728,3.225492,104.622996
SPHINCS+-SHA2-128f-simple_run19,active,32.49791,5.3975,0.596119,3.217553,104.663985
SPHINCS+-SHA2-128f-simple_run19,active,32.510645,5.3975,0.595225,3.212728,104.704899
SPHINCS+-SHA2-128f-simple_run19,active,32.523374,5.39625,0.598801,3.231281,104.746031
SPHINCS+-SHA2-128f-simple_run19,active,32.536111,5.3975,0.59594,3.216588,104.787
SPHINCS+-SHA2-128f-simple_run19,active,32.548849,5.3975,0.59594,3.216588,104.827974
SPHINCS+-SHA2-128f-simple_run19,active,32.561583,5.395,0.597013,3.220886,104.868988
SPHINCS+-SHA2-128f-simple_run19,active,32.574319,5.395,0.596119,3.216063,104.909946
SPHINCS+-SHA2-128f-simple_run19,active,32.58706,5.39625,0.604165,3.260226,104.951485
SPHINCS+-SHA2-128f-simple_run19,active,32.599801,5.3975,0.595762,3.215623,104.992455
SPHINCS+-SHA2-128f-simple_run19,active,32.612539,5.39625,0.598444,3.229351,105.033592
SPHINCS+-SHA2-128f-simple_run19,active,32.625276,5.39625,0.597371,3.223562,105.074651
SPHINCS+-SHA2-128f-simple_run19,active,32.638011,5.3975,0.596119,3.217553,105.115624
SPHINCS+-SHA2-128f-simple_run19,active,32.650788,5.3975,0.59594,3.216588,105.156723
SPHINCS+-SHA2-128f-simple_run19,active,32.663523,5.39375,0.605059,3.263538,105.198286
SPHINCS+-SHA2-128f-simple_run19,active,32.676261,5.395,0.596119,3.216063,105.239253
SPHINCS+-SHA2-128f-simple_run19,active,32.689004,5.39625,0.595046,3.211019,105.280169
SPHINCS+-SHA2-128f-simple_run19,active,32.701743,5.38875,0.59594,3.211374,105.321077
SPHINCS+-SHA2-128f-simple_run19,active,32.714485,5.395,0.597013,3.220886,105.362118
SPHINCS+-SHA2-128f-simple_run19,active,32.727222,5.385,0.596119,3.210102,105.403006
SPHINCS+-SHA2-128f-simple_run19,active,32.739958,5.39625,0.605059,3.265051,105.444589
SPHINCS+-SHA2-128f-simple_run19,active,32.752698,5.3925,0.59594,3.213609,105.485533
SPHINCS+-SHA2-128f-simple_run19,active,32.765468,5.3975,0.596119,3.217553,105.52662
SPHINCS+-SHA2-128f-simple_run19,active,32.778206,5.39625,0.59594,3.215843,105.567583
SPHINCS+-SHA2-128f-simple_run19,active,32.790956,5.4,0.595583,3.216147,105.60859
SPHINCS+-SHA2-128f-simple_run19,active,32.803713,5.39875,0.593795,3.20575,105.649485
SPHINCS+-SHA2-128f-simple_run19,active,32.816455,5.3975,0.600768,3.242645,105.690802
SPHINCS+-SHA2-128f-simple_run19,active,32.829194,5.39375,0.593616,3.201816,105.731591
SPHINCS+-SHA2-128f-simple_run19,active,32.84193,5.405,0.594152,3.211394,105.772489
SPHINCS+-SHA2-128f-simple_run19,active,32.854668,5.39875,0.607205,3.278147,105.814248
SPHINCS+-SHA2-128f-simple_run19,active,32.867405,5.39625,0.596477,3.218738,105.855244
SPHINCS+-SHA2-128f-simple_run19,active,32.880172,5.39875,0.59308,3.201888,105.896122
SPHINCS+-SHA2-128f-simple_run19,active,32.892921,5.39375,0.593795,3.202781,105.936955
SPHINCS+-SHA2-128f-simple_run19,active,32.905661,5.395,0.593258,3.200629,105.977731
SPHINCS+-SHA2-128f-simple_run19,active,32.918396,5.39625,0.593795,3.204265,106.018538
SPHINCS+-SHA2-128f-simple_run19,active,32.931132,5.3925,0.600589,3.238677,106.059787
SPHINCS+-SHA2-128f-simple_run19,active,32.943869,5.39625,0.592007,3.194617,106.100476
SPHINCS+-SHA2-128f-simple_run19,active,32.956609,5.39625,0.596119,3.216808,106.141457
SPHINCS+-SHA2-128f-simple_run19,active,32.969346,5.3975,0.59594,3.216588,106.182427
SPHINCS+-SHA2-128f-simple_run19,active,32.98208,5.395,0.595404,3.212205,106.223331
SPHINCS+-SHA2-128f-simple_run19,active,32.994823,5.3975,0.596834,3.221414,106.264382
SPHINCS+-SHA2-128f-simple_run19,active,33.007563,5.3975,0.596477,3.219484,106.305399
SPHINCS+-SHA2-128f-simple_run19,active,33.020301,5.39625,0.598265,3.228386,106.34652
SPHINCS+-SHA2-128f-simple_run19,active,33.033038,5.39125,0.595762,3.2119,106.387432
SPHINCS+-SHA2-128f-simple_run19,active,33.045772,5.395,0.598622,3.229568,106.428555
SPHINCS+-SHA2-128f-simple_run19,active,33.058507,5.39625,0.59594,3.215843,106.469511
SPHINCS+-SHA2-128f-simple_run19,active,33.071243,5.39625,0.592543,3.197511,106.510233
SPHINCS+-SHA2-128f-simple_run19,active,33.083979,5.39625,0.597013,3.221632,106.551264
SPHINCS+-SHA2-128f-simple_run19,active,33.096724,5.40125,0.59594,3.218823,106.592289
SPHINCS+-SHA2-128f-simple_run19,active,33.109497,5.39625,0.60041,3.239965,106.633672
SPHINCS+-SHA2-128f-simple_run19,active,33.122241,5.39875,0.600232,3.2405,106.67497
SPHINCS+-SHA2-128f-simple_run19,active,33.13498,5.3925,0.596298,3.215537,106.715933
SPHINCS+-SHA2-128f-simple_run19,active,33.147718,5.3975,0.596477,3.219484,106.756941
SPHINCS+-SHA2-128f-simple_run19,active,33.160456,5.3975,0.597728,3.226239,106.798036
SPHINCS+-SHA2-128f-simple_run19,active,33.173193,5.39875,0.596119,3.218299,106.83903
SPHINCS+-SHA2-128f-simple_run19,active,33.185929,5.39625,0.597907,3.226457,106.880123
SPHINCS+-SHA2-128f-simple_run19,active,33.201598,5.395,0.596656,3.218957,106.93056
SPHINCS+-SHA2-128f-simple_run19,active,33.21436,5.39625,0.597371,3.223562,106.971697
SPHINCS+-SHA2-128f-simple_run19,active,33.2271,5.3975,0.596656,3.220449,107.012726
SPHINCS+-SHA2-128f-simple_run19,active,33.239837,5.3975,0.595583,3.214658,107.053673
SPHINCS+-SHA2-128f-simple_run19,active,33.252577,5.4,0.596119,3.219044,107.094682
SPHINCS+-SHA2-128f-simple_run19,active,33.265314,5.3975,0.606668,3.274493,107.136391
SPHINCS+-SHA2-128f-simple_run19,active,33.278077,5.3975,0.595762,3.215623,107.177432
SPHINCS+-SHA2-128f-simple_run19,active,33.290816,5.39625,0.594868,3.210054,107.218324
SPHINCS+-SHA2-128f-simple_run19,active,33.30356,5.39625,0.596119,3.216808,107.259318
SPHINCS+-SHA2-128f-simple_run19,active,33.316305,5.3925,0.596477,3.216501,107.300314
SPHINCS+-SHA2-128f-simple_run19,active,33.329042,5.3975,0.596119,3.217553,107.341294
SPHINCS+-SHA2-128f-simple_run19,active,33.341774,5.3925,0.606132,3.268567,107.382912
SPHINCS+-SHA2-128f-simple_run19,active,33.354511,5.39625,0.596656,3.219703,107.423919
SPHINCS+-SHA2-128f-simple_run19,active,33.367246,5.3975,0.595762,3.215623,107.46487
SPHINCS+-SHA2-128f-simple_run19,active,33.37998,5.39625,0.594689,3.209089,107.505735
SPHINCS+-SHA2-128f-simple_run19,active,33.392716,5.39875,0.595225,3.213472,107.546663
SPHINCS+-SHA2-128f-simple_run19,active,33.405486,5.39625,0.597371,3.223562,107.587828
SPHINCS+-SHA2-128f-simple_run19,active,33.418229,5.39625,0.60345,3.256367,107.629324
SPHINCS+-SHA2-128f-simple_run19,active,33.430966,5.39625,0.593258,3.201371,107.670099
SPHINCS+-SHA2-128f-simple_run19,active,33.443702,5.39125,0.596477,3.215756,107.711054
SPHINCS+-SHA2-128f-simple_run19,active,33.456439,5.3975,0.597728,3.226239,107.752149
SPHINCS+-SHA2-128f-simple_run19,active,33.469176,5.3975,0.59594,3.216588,107.793117
SPHINCS+-SHA2-128f-simple_run19,active,33.481908,5.395,0.59147,3.190983,107.833746
SPHINCS+-SHA2-128f-simple_run19,active,33.494645,5.39625,0.59594,3.215843,107.874705
SPHINCS+-SHA2-128f-simple_run19,active,33.507388,5.395,0.59594,3.215098,107.915674
SPHINCS+-SHA2-128f-simple_run19,active,33.52016,5.39625,0.596119,3.216808,107.956759
SPHINCS+-SHA2-128f-simple_run19,active,33.532898,5.39625,0.596119,3.216808,107.997735
SPHINCS+-SHA2-128f-simple_run19,active,33.545635,5.39,0.596119,3.213082,108.038662
SPHINCS+-SHA2-128f-simple_run19,active,33.558372,5.3975,0.596298,3.218518,108.079655
SPHINCS+-SHA2-128f-simple_run19,active,33.571108,5.395,0.595583,3.213169,108.120577
SPHINCS+-SHA2-128f-simple_run19,active,33.583843,5.395,0.59594,3.215098,108.161522
SPHINCS+-SHA2-128f-simple_run19,active,33.596581,5.3975,0.597013,3.222379,108.202568
SPHINCS+-SHA2-128f-simple_run19,active,33.609324,5.39625,0.596834,3.220668,108.243608
SPHINCS+-SHA2-128f-simple_run19,active,33.622061,5.395,0.595762,3.214134,108.284549
SPHINCS+-SHA2-128f-simple_run19,active,33.634798,5.3975,0.596298,3.218518,108.325542
SPHINCS+-SHA2-128f-simple_run19,active,33.647533,5.3925,0.596298,3.215537,108.366493
SPHINCS+-SHA2-128f-simple_run19,active,33.66027,5.395,0.596298,3.217028,108.407468
SPHINCS+-SHA2-128f-simple_run19,active,33.673005,5.40125,0.596298,3.220755,108.448484
SPHINCS+-SHA2-128f-simple_run19,active,33.685738,5.3975,0.59594,3.216588,108.489442
SPHINCS+-SHA2-128f-simple_run19,active,33.698475,5.39625,0.595583,3.213914,108.530377
SPHINCS+-SHA2-128f-simple_run19,active,33.711221,5.395,0.596656,3.218957,108.571405
SPHINCS+-SHA2-128f-simple_run19,active,33.72397,5.39625,0.598622,3.230316,108.612587
SPHINCS+-SHA2-128f-simple_run19,active,33.736709,5.3975,0.596119,3.217553,108.653578
SPHINCS+-SHA2-128f-simple_run19,active,33.749495,5.38875,0.597013,3.217155,108.694712
SPHINCS+-SHA2-128f-simple_run19,active,33.762235,5.40125,0.595762,3.217857,108.735707
SPHINCS+-SHA2-128f-simple_run19,active,33.774972,5.39625,0.59594,3.215843,108.776666
SPHINCS+-SHA2-128f-simple_run19,active,33.787707,5.39625,0.594689,3.209089,108.817536
SPHINCS+-SHA2-128f-simple_run19,active,33.800444,5.39625,0.599695,3.236105,108.858755
SPHINCS+-SHA2-128f-simple_run19,active,33.813188,5.39625,0.595046,3.211019,108.899675
SPHINCS+-SHA2-128f-simple_run19,active,33.825927,5.39625,0.597907,3.226457,108.940776
SPHINCS+-SHA2-128f-simple_run19,active,33.838663,5.39875,0.595762,3.216368,108.98174
SPHINCS+-SHA2-128f-simple_run19,active,33.851399,5.39125,0.596119,3.213828,109.02267
SPHINCS+-SHA2-128f-simple_run19,active,33.864163,5.3975,0.596477,3.219484,109.063763
SPHINCS+-SHA2-128f-simple_run19,active,33.876904,5.39625,0.597013,3.221632,109.104812
SPHINCS+-SHA2-128f-simple_run19,active,33.889639,5.3975,0.59594,3.216588,109.145774
SPHINCS+-SHA2-128f-simple_run19,active,33.902376,5.39625,0.597013,3.221632,109.186809
SPHINCS+-SHA2-128f-simple_run19,active,33.915117,5.395,0.596119,3.216063,109.227786
SPHINCS+-SHA2-128f-simple_run19,active,33.927856,5.39625,0.595762,3.214879,109.268739
SPHINCS+-SHA2-128f-simple_run19,active,33.940595,5.39875,0.594331,3.208646,109.309614
SPHINCS+-SHA2-128f-simple_run19,active,33.953331,5.38875,0.596477,3.214264,109.35055
SPHINCS+-SHA2-128f-simple_run19,active,33.966065,5.3975,0.597728,3.226239,109.391634
SPHINCS+-SHA2-128f-simple_run19,active,33.9788,5.39625,0.596119,3.216808,109.432601
SPHINCS+-SHA2-128f-simple_run19,active,33.991536,5.39625,0.596656,3.219703,109.473605
SPHINCS+-SHA2-128f-simple_run19,active,34.004275,5.39625,0.596119,3.216808,109.514584
SPHINCS+-SHA2-128f-simple_run19,active,34.017024,5.39875,0.604523,3.263667,109.556192
SPHINCS+-SHA2-128f-simple_run19,active,34.029777,5.39625,0.597013,3.221632,109.59728
SPHINCS+-SHA2-128f-simple_run19,active,34.042515,5.3975,0.594152,3.206938,109.63813
SPHINCS+-SHA2-128f-simple_run19,active,34.055254,5.39125,0.594152,3.203224,109.678933
SPHINCS+-SHA2-128f-simple_run19,active,34.06799,5.39625,0.593616,3.2033,109.719733
SPHINCS+-SHA2-128f-simple_run19,active,34.080729,5.395,0.595762,3.214134,109.760678
SPHINCS+-SHA2-128f-simple_run19,active,34.0935,5.39875,0.605059,3.266563,109.802393
SPHINCS+-SHA2-128f-simple_run19,active,34.106237,5.3975,0.595583,3.214658,109.843338
SPHINCS+-SHA2-128f-simple_run19,active,34.118979,5.3975,0.596119,3.217553,109.884335
SPHINCS+-SHA2-128f-simple_run19,active,34.131719,5.39375,0.595583,3.212425,109.925262
SPHINCS+-SHA2-128f-simple_run19,active,34.144463,5.39625,0.596477,3.218738,109.966283
SPHINCS+-SHA2-128f-simple_run19,active,34.157199,5.39,0.596477,3.21501,110.00723
SPHINCS+-SHA2-128f-simple_run19,active,34.169933,5.39625,0.605953,3.269875,110.048869
SPHINCS+-SHA2-128f-simple_run19,active,34.18267,5.3975,0.596119,3.217553,110.089848
SPHINCS+-SHA2-128f-simple_run19,active,34.195404,5.39625,0.59594,3.215843,110.130799
SPHINCS+-SHA2-128f-simple_run19,active,34.208167,5.3975,0.596477,3.219484,110.171891
SPHINCS+-SHA2-128f-simple_run19,active,34.220913,5.3975,0.592186,3.196322,110.212631
SPHINCS+-SHA2-128f-simple_run19,active,34.23365,5.39625,0.595583,3.213914,110.253565
SPHINCS+-SHA2-128f-simple_run19,active,34.246385,5.395,0.603629,3.256577,110.29504
SPHINCS+-SHA2-128f-simple_run19,active,34.259121,5.395,0.596656,3.218957,110.336036
SPHINCS+-SHA2-128f-simple_run19,active,34.271855,5.3975,0.597013,3.222379,110.377069
SPHINCS+-SHA2-128f-simple_run19,active,34.284594,5.3975,0.597907,3.227204,110.41818
SPHINCS+-SHA2-128f-simple_run19,active,34.297329,5.39,0.595762,3.211155,110.459076
SPHINCS+-SHA2-128f-simple_run19,active,34.310064,5.4,0.597192,3.224837,110.500144
SPHINCS+-SHA2-128f-simple_run19,active,34.322806,5.39625,0.596477,3.218738,110.541157
SPHINCS+-SHA2-128f-simple_run19,active,34.335547,5.3975,0.596119,3.217553,110.582151
SPHINCS+-SHA2-128f-simple_run19,active,34.348284,5.39875,0.596119,3.218299,110.623143
SPHINCS+-SHA2-128f-simple_run19,active,34.361019,5.39625,0.594689,3.209089,110.66401
SPHINCS+-SHA2-128f-simple_run19,active,34.37375,5.39625,0.595762,3.214879,110.70494
SPHINCS+-SHA2-128f-simple_run19,active,34.386487,5.3975,0.597907,3.227204,110.746043
SPHINCS+-SHA2-128f-simple_run19,active,34.39922,5.3975,0.59594,3.216588,110.787002
SPHINCS+-SHA2-128f-simple_run19,active,34.411954,5.39625,0.596477,3.218738,110.827989
SPHINCS+-SHA2-128f-simple_run19,active,34.424698,5.3975,0.597013,3.222379,110.869054
SPHINCS+-SHA2-128f-simple_run19,active,34.437466,5.3975,0.596477,3.219484,110.910162
SPHINCS+-SHA2-128f-simple_run19,active,34.450202,5.39625,0.597013,3.221632,110.95119
SPHINCS+-SHA2-128f-simple_run19,active,34.462936,5.39625,0.596298,3.217773,110.992168
SPHINCS+-SHA2-128f-simple_run19,active,34.478716,5.3975,0.598444,3.230099,111.043138
SPHINCS+-SHA2-128f-simple_run19,active,34.491474,5.3975,0.596119,3.217553,111.084186
SPHINCS+-SHA2-128f-simple_run19,active,34.504216,5.39625,0.596119,3.216808,111.125174
SPHINCS+-SHA2-128f-simple_run19,active,34.516952,5.3975,0.597013,3.222379,111.166215
SPHINCS+-SHA2-128f-simple_run19,active,34.529693,5.3925,0.59594,3.213609,111.207161
SPHINCS+-SHA2-128f-simple_run19,active,34.542438,5.39625,0.59594,3.215843,111.248146
SPHINCS+-SHA2-128f-simple_run19,active,34.555173,5.3975,0.59594,3.216588,111.289108
SPHINCS+-SHA2-128f-simple_run19,active,34.567908,5.38875,0.596119,3.212337,111.330017
SPHINCS+-SHA2-128f-simple_run19,active,34.580641,5.39125,0.595583,3.210936,111.370902
SPHINCS+-SHA2-128f-simple_run19,active,34.593375,5.3975,0.596119,3.217553,111.411875
SPHINCS+-SHA2-128f-simple_run19,active,34.606106,5.39625,0.597728,3.225492,111.452939
SPHINCS+-SHA2-128f-simple_run19,active,34.618839,5.39625,0.59898,3.232246,111.494096
SPHINCS+-SHA2-128f-simple_run19,active,34.631578,5.3975,0.596119,3.217553,111.535085
SPHINCS+-SHA2-128f-simple_run19,active,34.644317,5.3975,0.597371,3.224309,111.57616
SPHINCS+-SHA2-128f-simple_run19,active,34.657052,5.39625,0.595583,3.213914,111.617089
SPHINCS+-SHA2-128f-simple_run19,active,34.669784,5.39375,0.595583,3.212425,111.65799
SPHINCS+-SHA2-128f-simple_run19,active,34.682519,5.39625,0.596298,3.217773,111.698966
SPHINCS+-SHA2-128f-simple_run19,active,34.695253,5.3975,0.604165,3.260982,111.740492
SPHINCS+-SHA2-128f-simple_run19,active,34.707989,5.39625,0.59594,3.215843,111.78145
SPHINCS+-SHA2-128f-simple_run19,active,34.720734,5.39375,0.596298,3.216282,111.82244
SPHINCS+-SHA2-128f-simple_run19,active,34.733537,5.39625,0.596119,3.216808,111.863625
SPHINCS+-SHA2-128f-simple_run19,active,34.74632,5.39625,0.596477,3.218738,111.904771
SPHINCS+-SHA2-128f-simple_run19,active,34.759065,5.39875,0.595225,3.213472,111.945728
SPHINCS+-SHA2-128f-simple_run19,active,34.771805,5.38875,0.605238,3.261476,111.987279
SPHINCS+-SHA2-128f-simple_run19,active,34.784547,5.39625,0.596298,3.217773,112.028277
SPHINCS+-SHA2-128f-simple_run19,active,34.797286,5.39625,0.59594,3.215843,112.069246
SPHINCS+-SHA2-128f-simple_run19,active,34.810022,5.39875,0.596834,3.22216,112.110281
SPHINCS+-SHA2-128f-simple_run19,active,34.822788,5.3975,0.596119,3.217553,112.151358
SPHINCS+-SHA2-128f-simple_run19,active,34.835545,5.39625,0.595225,3.211984,112.192331
SPHINCS+-SHA2-128f-simple_run19,active,34.848287,5.39625,0.605059,3.265051,112.233935
SPHINCS+-SHA2-128f-simple_run19,active,34.861023,5.3975,0.596834,3.221414,112.274964
SPHINCS+-SHA2-128f-simple_run19,active,34.873758,5.38875,0.59594,3.211374,112.315861
SPHINCS+-SHA2-128f-simple_run19,active,34.886495,5.39875,0.59594,3.217333,112.35684
SPHINCS+-SHA2-128f-simple_run19,active,34.899233,5.39625,0.592007,3.194617,112.397532
SPHINCS+-SHA2-128f-simple_run19,active,34.911968,5.3975,0.595583,3.214658,112.438473
SPHINCS+-SHA2-128f-simple_run19,active,34.924708,5.39625,0.599874,3.23707,112.479711
SPHINCS+-SHA2-128f-simple_run19,active,34.937488,5.39625,0.596298,3.217773,112.520834
SPHINCS+-SHA2-128f-simple_run19,active,34.95023,5.39625,0.59147,3.191722,112.561503
SPHINCS+-SHA2-128f-simple_run19,active,34.962966,5.395,0.59594,3.215098,112.602451
SPHINCS+-SHA2-128f-simple_run19,active,34.975702,5.39625,0.596119,3.216808,112.643421
SPHINCS+-SHA2-128f-simple_run19,active,34.988441,5.39625,0.592722,3.198476,112.684165
SPHINCS+-SHA2-128f-simple_run19,active,35.001179,5.39625,0.597907,3.226457,112.725265
SPHINCS+-SHA2-128f-simple_run19,active,35.013913,5.39875,0.595762,3.216368,112.766222
SPHINCS+-SHA2-128f-simple_run19,active,35.026649,5.3975,0.59594,3.216588,112.807188
SPHINCS+-SHA2-128f-simple_run19,active,35.039391,5.39625,0.597013,3.221632,112.848238
SPHINCS+-SHA2-128f-simple_run19,active,35.052161,5.39625,0.596477,3.218738,112.88934
SPHINCS+-SHA2-128f-simple_run19,active,35.064903,5.3975,0.598444,3.230099,112.930499
SPHINCS+-SHA2-128f-simple_run19,active,35.07764,5.3975,0.599516,3.23589,112.971714
SPHINCS+-SHA2-128f-simple_run19,active,35.090375,5.39625,0.596477,3.218738,113.012705
SPHINCS+-SHA2-128f-simple_run19,active,35.103111,5.39625,0.595583,3.213914,113.053639
SPHINCS+-SHA2-128f-simple_run19,active,35.115848,5.3975,0.597013,3.222379,113.094683
SPHINCS+-SHA2-128f-simple_run19,active,35.128586,5.3975,0.59898,3.232995,113.135864
SPHINCS+-SHA2-128f-simple_run19,active,35.141329,5.4,0.596119,3.219044,113.176885
SPHINCS+-SHA2-128f-simple_run19,active,35.154094,5.39625,0.599516,3.23514,113.218181
SPHINCS+-SHA2-128f-simple_run19,active,35.166841,5.39625,0.595762,3.214879,113.25916
SPHINCS+-SHA2-128f-simple_run19,active,35.179579,5.40375,0.59147,3.196158,113.299872
SPHINCS+-SHA2-128f-simple_run19,active,35.192317,5.39625,0.596119,3.216808,113.340848
SPHINCS+-SHA2-128f-simple_run19,active,35.205052,5.3975,0.597192,3.223344,113.381899
SPHINCS+-SHA2-128f-simple_run19,active,35.217786,5.39625,0.596298,3.217773,113.422875
SPHINCS+-SHA2-128f-simple_run19,active,35.230521,5.395,0.598801,3.230532,113.464015
SPHINCS+-SHA2-128f-simple_run19,active,35.243263,5.3975,0.59594,3.216588,113.505001
SPHINCS+-SHA2-128f-simple_run19,active,35.256003,5.395,0.596119,3.216063,113.545974
SPHINCS+-SHA2-128f-simple_run19,active,35.268741,5.395,0.59594,3.215098,113.586926
SPHINCS+-SHA2-128f-simple_run19,active,35.281501,5.39625,0.59594,3.215843,113.62796
SPHINCS+-SHA2-128f-simple_run19,active,35.294238,5.39625,0.595583,3.213914,113.668896
SPHINCS+-SHA2-128f-simple_run19,active,35.306976,5.39625,0.598801,3.231281,113.710057
SPHINCS+-SHA2-128f-simple_run19,active,35.319712,5.39875,0.595046,3.212507,113.750972
SPHINCS+-SHA2-128f-simple_run19,active,35.332452,5.39625,0.59594,3.215843,113.791941
SPHINCS+-SHA2-128f-simple_run19,active,35.345193,5.39875,0.596119,3.218299,113.832946
SPHINCS+-SHA2-128f-simple_run19,active,35.357932,5.395,0.595404,3.212205,113.873865
SPHINCS+-SHA2-128f-simple_run19,active,35.370668,5.39625,0.595225,3.211984,113.914772
SPHINCS+-SHA2-128f-simple_run19,active,35.383402,5.39875,0.595762,3.216368,113.95573
SPHINCS+-SHA2-128f-simple_run19,active,35.396178,5.39875,0.595404,3.214437,113.996799
SPHINCS+-SHA2-128f-simple_run19,active,35.40892,5.39875,0.600947,3.244362,114.038139
SPHINCS+-SHA2-128f-simple_run19,active,35.421654,5.3975,0.59594,3.216588,114.079099
SPHINCS+-SHA2-128f-simple_run19,active,35.43439,5.39625,0.595225,3.211984,114.120006
SPHINCS+-SHA2-128f-simple_run19,active,35.447132,5.39625,0.597907,3.226457,114.161117
SPHINCS+-SHA2-128f-simple_run19,active,35.459873,5.395,0.599695,3.235356,114.20234
SPHINCS+-SHA2-128f-simple_run19,active,35.472613,5.3975,0.59594,3.216588,114.243317
SPHINCS+-SHA2-128f-simple_run19,active,35.485348,5.39375,0.596656,3.218211,114.284303
SPHINCS+-SHA2-128f-simple_run19,active,35.498082,5.39875,0.592901,3.200923,114.325062
SPHINCS+-SHA2-128f-simple_run19,active,35.510817,5.3975,0.593616,3.204042,114.365866
SPHINCS+-SHA2-128f-simple_run19,active,35.523553,5.3975,0.605238,3.266772,114.407473
SPHINCS+-SHA2-128f-simple_run19,active,35.536292,5.39625,0.595583,3.213914,114.448414
SPHINCS+-SHA2-128f-simple_run19,active,35.549031,5.3975,0.596834,3.221414,114.489453
SPHINCS+-SHA2-128f-simple_run19,active,35.561772,5.39875,0.596834,3.22216,114.530506
SPHINCS+-SHA2-128f-simple_run19,active,35.574509,5.39875,0.596834,3.22216,114.571544
SPHINCS+-SHA2-128f-simple_run19,active,35.587245,5.39625,0.59594,3.215843,114.612503
SPHINCS+-SHA2-128f-simple_run19,active,35.599981,5.39625,0.606311,3.271805,114.654173
SPHINCS+-SHA2-128f-simple_run19,active,35.612719,5.395,0.596477,3.217992,114.695164
SPHINCS+-SHA2-128f-simple_run19,active,35.625495,5.39375,0.597728,3.223998,114.736353
SPHINCS+-SHA2-128f-simple_run19,active,35.638232,5.39625,0.593258,3.201371,114.777128
SPHINCS+-SHA2-128f-simple_run19,active,35.650975,5.3975,0.59594,3.216588,114.818116
SPHINCS+-SHA2-128f-simple_run19,active,35.663718,5.39625,0.596119,3.216808,114.859109
SPHINCS+-SHA2-128f-simple_run19,active,35.676454,5.395,0.603986,3.258507,114.90061
SPHINCS+-SHA2-128f-simple_run19,active,35.689193,5.395,0.598622,3.229568,114.941751
SPHINCS+-SHA2-128f-simple_run19,active,35.70193,5.3925,0.596656,3.217465,114.982731
SPHINCS+-SHA2-128f-simple_run19,active,35.714847,5.3875,0.59594,3.210629,115.024202
SPHINCS+-SHA2-128f-simple_run19,active,35.72772,5.395,0.595225,3.21124,115.065542
SPHINCS+-SHA2-128f-simple_run19,active,35.740477,5.39125,0.596477,3.215756,115.106564
SPHINCS+-SHA2-128f-simple_run19,active,35.756276,5.395,0.599516,3.234391,115.157665
SPHINCS+-SHA2-128f-simple_run19,active,35.769051,5.39625,0.59308,3.200406,115.198551
SPHINCS+-SHA2-128f-simple_run19,active,35.781835,5.39375,0.597013,3.22014,115.239717
SPHINCS+-SHA2-128f-simple_run19,active,35.794591,5.38625,0.595583,3.207958,115.280637
SPHINCS+-SHA2-128f-simple_run19,active,35.807337,5.3975,0.594331,3.207903,115.321524
SPHINCS+-SHA2-128f-simple_run19,active,35.820078,5.3975,0.596119,3.217553,115.362522
SPHINCS+-SHA2-128f-simple_run19,active,35.832824,5.3975,0.599516,3.23589,115.403765
SPHINCS+-SHA2-128f-simple_run19,active,35.845563,5.395,0.598086,3.226674,115.444869
SPHINCS+-SHA2-128f-simple_run19,active,35.858313,5.39625,0.596834,3.220668,115.485933
SPHINCS+-SHA2-128f-simple_run19,active,35.87106,5.39625,0.595225,3.211984,115.526877
SPHINCS+-SHA2-128f-simple_run19,active,35.88381,5.3975,0.596119,3.217553,115.5679
SPHINCS+-SHA2-128f-simple_run19,active,35.896583,5.3975,0.595583,3.214658,115.60896
SPHINCS+-SHA2-128f-simple_run19,active,35.909331,5.3975,0.593974,3.205973,115.649832
SPHINCS+-SHA2-128f-simple_run19,active,35.922073,5.3975,0.59594,3.216588,115.690816
SPHINCS+-SHA2-128f-simple_run19,active,35.934815,5.39625,0.59594,3.215843,115.731794
SPHINCS+-SHA2-128f-simple_run19,active,35.947556,5.39625,0.596298,3.217773,115.772792
SPHINCS+-SHA2-128f-simple_run19,active,35.960306,5.39625,0.596119,3.216808,115.813803
SPHINCS+-SHA2-128f-simple_run19,active,35.973055,5.3975,0.60041,3.240715,115.855119
SPHINCS+-SHA2-128f-simple_run19,active,35.985795,5.39875,0.599338,3.235674,115.896343
SPHINCS+-SHA2-128f-simple_run19,active,35.998537,5.39375,0.594689,3.207603,115.937213
SPHINCS+-SHA2-128f-simple_run19,active,36.011277,5.39625,0.59594,3.215843,115.978183
SPHINCS+-SHA2-128f-simple_run19,active,36.024019,5.395,0.59594,3.215098,116.01915
SPHINCS+-SHA2-128f-simple_run19,active,36.036762,5.39625,0.596834,3.220668,116.060192
SPHINCS+-SHA2-128f-simple_run19,active,36.049501,5.395,0.605059,3.264294,116.101777
SPHINCS+-SHA2-128f-simple_run19,active,36.062251,5.39625,0.596834,3.220668,116.142838
SPHINCS+-SHA2-128f-simple_run19,active,36.074998,5.39625,0.597013,3.221632,116.183906
SPHINCS+-SHA2-128f-simple_run19,active,36.087739,5.40375,0.596119,3.221279,116.224947
SPHINCS+-SHA2-128f-simple_run19,active,36.100487,5.39625,0.596119,3.216808,116.265955
SPHINCS+-SHA2-128f-simple_run19,active,36.113228,5.39625,0.596298,3.217773,116.306954
SPHINCS+-SHA2-128f-simple_run19,active,36.125968,5.39875,0.605059,3.266563,116.34857
SPHINCS+-SHA2-128f-simple_run19,active,36.138709,5.3925,0.595583,3.21168,116.389488
SPHINCS+-SHA2-128f-simple_run19,active,36.151448,5.39625,0.596298,3.217773,116.430481
SPHINCS+-SHA2-128f-simple_run19,active,36.164198,5.395,0.596119,3.216063,116.471484
SPHINCS+-SHA2-128f-simple_run19,active,36.176946,5.40125,0.595762,3.217857,116.512505
SPHINCS+-SHA2-128f-simple_run19,active,36.189694,5.3925,0.595762,3.212644,116.55346
SPHINCS+-SHA2-128f-simple_run19,active,36.202435,5.39625,0.60488,3.264086,116.595051
SPHINCS+-SHA2-128f-simple_run19,active,36.215175,5.39625,0.596119,3.216808,116.636031
SPHINCS+-SHA2-128f-simple_run19,active,36.227915,5.39625,0.595225,3.211984,116.676951
SPHINCS+-SHA2-128f-simple_run19,active,36.240658,5.3975,0.595404,3.213693,116.717904
SPHINCS+-SHA2-128f-simple_run19,active,36.253398,5.39625,0.596477,3.218738,116.758912
SPHINCS+-SHA2-128f-simple_run19,active,36.266143,5.3975,0.596656,3.220449,116.799955
SPHINCS+-SHA2-128f-simple_run19,active,36.278889,5.40125,0.598444,3.232343,116.841156
SPHINCS+-SHA2-128f-simple_run19,active,36.29163,5.3975,0.596119,3.217553,116.88215
SPHINCS+-SHA2-128f-simple_run19,active,36.304371,5.3975,0.599338,3.234925,116.923365
SPHINCS+-SHA2-128f-simple_run19,active,36.317111,5.3975,0.597192,3.223344,116.96443
SPHINCS+-SHA2-128f-simple_run19,active,36.329848,5.39625,0.59594,3.215843,117.00539
SPHINCS+-SHA2-128f-simple_run19,active,36.34259,5.3875,0.596298,3.212555,117.046326
SPHINCS+-SHA2-128f-simple_run19,active,36.355338,5.39125,0.595762,3.2119,117.08727
SPHINCS+-SHA2-128f-simple_run19,active,36.368087,5.3925,0.598622,3.228071,117.128427
SPHINCS+-SHA2-128f-simple_run19,active,36.380835,5.39625,0.596834,3.220668,117.169482
SPHINCS+-SHA2-128f-simple_run19,active,36.393572,5.3975,0.596119,3.217553,117.210467
SPHINCS+-SHA2-128f-simple_run19,active,36.406312,5.3975,0.598265,3.229134,117.251603
SPHINCS+-SHA2-128f-simple_run19,active,36.419052,5.39625,0.598622,3.230316,117.29276
SPHINCS+-SHA2-128f-simple_run19,active,36.431794,5.395,0.596477,3.217992,117.333761
SPHINCS+-SHA2-128f-simple_run19,active,36.444537,5.3975,0.597013,3.222379,117.374825
SPHINCS+-SHA2-128f-simple_run19,active,36.457276,5.39625,0.604165,3.260226,117.416357
SPHINCS+-SHA2-128f-simple_run19,active,36.470093,5.39875,0.596119,3.218299,117.457606
SPHINCS+-SHA2-128f-simple_run19,active,36.48286,5.3975,0.59594,3.216588,117.498673
SPHINCS+-SHA2-128f-simple_run19,active,36.495604,5.3975,0.595762,3.215623,117.539652
SPHINCS+-SHA2-128f-simple_run19,active,36.508345,5.39625,0.597013,3.221632,117.580698
SPHINCS+-SHA2-128f-simple_run19,active,36.521087,5.39375,0.596477,3.217247,117.621694
SPHINCS+-SHA2-128f-simple_run19,active,36.533854,5.395,0.596119,3.216063,117.662751
SPHINCS+-SHA2-128f-simple_run19,active,36.546605,5.39625,0.597907,3.226457,117.703893
SPHINCS+-SHA2-128f-simple_run19,active,36.559339,5.39625,0.59594,3.215843,117.744842
SPHINCS+-SHA2-128f-simple_run19,active,36.57209,5.3975,0.596119,3.217553,117.78587
SPHINCS+-SHA2-128f-simple_run19,active,36.584836,5.39875,0.598801,3.232778,117.827077
SPHINCS+-SHA2-128f-simple_run19,active,36.597571,5.39375,0.592901,3.197959,117.867802
SPHINCS+-SHA2-128f-simple_run19,active,36.610308,5.39625,0.595046,3.211019,117.9087
SPHINCS+-SHA2-128f-simple_run19,active,36.623043,5.39625,0.596119,3.216808,117.949666
SPHINCS+-SHA2-128f-simple_run19,active,36.635779,5.3975,0.59594,3.216588,117.990632
SPHINCS+-SHA2-128f-simple_run19,active,36.648516,5.39375,0.595762,3.213389,118.03156
SPHINCS+-SHA2-128f-simple_run19,active,36.66125,5.39625,0.59898,3.232246,118.07272
SPHINCS+-SHA2-128f-simple_run19,active,36.673989,5.3975,0.600947,3.24361,118.114041
SPHINCS+-SHA2-128f-simple_run19,active,36.686748,5.39625,0.59594,3.215843,118.155071
SPHINCS+-SHA2-128f-simple_run19,active,36.699488,5.39375,0.595583,3.212425,118.195998
SPHINCS+-SHA2-128f-simple_run19,active,36.712233,5.39875,0.59594,3.217333,118.237005
SPHINCS+-SHA2-128f-simple_run19,active,36.724981,5.3975,0.598265,3.229134,118.278169
SPHINCS+-SHA2-128f-simple_run19,active,36.737718,5.405,0.595583,3.219125,118.319171
SPHINCS+-SHA2-128f-simple_run19,active,36.750455,5.3975,0.596656,3.220449,118.360191
SPHINCS+-SHA2-128f-simple_run19,active,36.763193,5.39625,0.596656,3.219703,118.401202
SPHINCS+-SHA2-128f-simple_run19,active,36.775937,5.39375,0.595762,3.213389,118.442154
SPHINCS+-SHA2-128f-simple_run19,active,36.788681,5.39625,0.599695,3.236105,118.483394
SPHINCS+-SHA2-128f-simple_run19,active,36.80142,5.39625,0.604523,3.262156,118.524951
SPHINCS+-SHA2-128f-simple_run19,active,36.814158,5.39625,0.596298,3.217773,118.565939
SPHINCS+-SHA2-128f-simple_run19,active,36.826892,5.39875,0.596477,3.220229,118.606947
SPHINCS+-SHA2-128f-simple_run19,active,36.839628,5.39625,0.59594,3.215843,118.647902
SPHINCS+-SHA2-128f-simple_run19,active,36.852364,5.395,0.595225,3.21124,118.688801
SPHINCS+-SHA2-128f-simple_run19,active,36.865104,5.3975,0.600947,3.24361,118.730123
SPHINCS+-SHA2-128f-simple_run19,active,36.877845,5.395,0.605059,3.264294,118.771714
SPHINCS+-SHA2-128f-simple_run19,active,36.890584,5.39875,0.596119,3.218299,118.812713
SPHINCS+-SHA2-128f-simple_run19,active,36.90332,5.3975,0.595046,3.211763,118.853617
SPHINCS+-SHA2-128f-simple_run19,active,36.916055,5.3975,0.595762,3.215623,118.894569
SPHINCS+-SHA2-128f-simple_run19,active,36.928795,5.4,0.593795,3.206492,118.935418
SPHINCS+-SHA2-128f-simple_run19,active,36.941531,5.39625,0.59594,3.215843,118.976378
SPHINCS+-SHA2-128f-simple_run19,active,36.954268,5.39875,0.605059,3.266563,119.017981
SPHINCS+-SHA2-128f-simple_run19,active,36.967004,5.39625,0.592007,3.194617,119.058668
SPHINCS+-SHA2-128f-simple_run19,active,36.979748,5.39875,0.595762,3.216368,119.099657
SPHINCS+-SHA2-128f-simple_run19,active,36.992491,5.39625,0.596119,3.216808,119.140651
SPHINCS+-SHA2-128f-simple_run19,active,37.005228,5.39625,0.595762,3.214879,119.181599
SPHINCS+-SHA2-128f-simple_run19,active,37.017961,5.395,0.590755,3.187124,119.222181
SPHINCS+-SHA2-128f-simple_run19,active,37.033765,5.385,0.596477,3.212028,119.272944
SPHINCS+-SHA2-128f-simple_run19,active,37.046552,5.395,0.59594,3.215098,119.314055
SPHINCS+-SHA2-128f-simple_run19,active,37.059292,5.39625,0.596119,3.216808,119.355036
SPHINCS+-SHA2-128f-simple_run19,active,37.072029,5.3975,0.597371,3.224309,119.396103
SPHINCS+-SHA2-128f-simple_run19,active,37.084777,5.3975,0.598801,3.232029,119.437305
SPHINCS+-SHA2-128f-simple_run19,active,37.097519,5.39375,0.596656,3.218211,119.478312
SPHINCS+-SHA2-128f-simple_run19,active,37.109954,5.3875,0.597371,3.218335,119.518334
SPHINCS+-SHA2-128f-simple_run19,active,37.12239,5.3875,0.595583,3.208702,119.558236
SPHINCS+-SHA2-128f-simple_run19,active,37.134822,5.38875,0.595762,3.21041,119.598146
SPHINCS+-SHA2-128f-simple_run19,active,37.147257,5.385,0.594689,3.202399,119.637968
SPHINCS+-SHA2-128f-simple_run19,active,37.159688,5.385,0.59594,3.209139,119.677863
SPHINCS+-SHA2-128f-simple_run19,active,37.172152,5.38875,0.596119,3.212337,119.717902
SPHINCS+-SHA2-128f-simple_run19,active,37.18459,5.37375,0.600053,3.224534,119.758008
SPHINCS+-SHA2-128f-simple_run19,active,37.19704,5.395,0.592543,3.196771,119.797807
SPHINCS+-SHA2-128f-simple_run19,active,37.209776,5.395,0.59594,3.215098,119.838754
SPHINCS+-SHA2-128f-simple_run19,active,37.222518,5.39625,0.596119,3.216808,119.879743
SPHINCS+-SHA2-128f-simple_run19,active,37.235254,5.3975,0.59594,3.216588,119.920709
SPHINCS+-SHA2-128f-simple_run19,active,37.247991,5.395,0.596119,3.216063,119.961672
SPHINCS+-SHA2-128f-simple_run19,active,37.260728,5.39875,0.598801,3.232778,120.00285
SPHINCS+-SHA2-128f-simple_run19,active,37.273493,5.39875,0.595762,3.216368,120.043905
SPHINCS+-SHA2-128f-simple_run19,active,37.286237,5.39125,0.598265,3.225395,120.08501
SPHINCS+-SHA2-128f-simple_run19,active,37.298978,5.39625,0.596119,3.216808,120.125997
SPHINCS+-SHA2-128f-simple_run19,active,37.311715,5.3975,0.596477,3.219484,120.167002
SPHINCS+-SHA2-128f-simple_run19,active,37.324454,5.39625,0.598086,3.227422,120.208116
SPHINCS+-SHA2-128f-simple_run19,active,37.33719,5.39875,0.598801,3.232778,120.249289
SPHINCS+-SHA2-128f-simple_run19,active,37.349926,5.3975,0.596477,3.219484,120.290291
SPHINCS+-SHA2-128f-simple_run19,active,37.362663,5.3975,0.596298,3.218518,120.331287
SPHINCS+-SHA2-128f-simple_run19,active,37.3754,5.395,0.600589,3.240179,120.372558
SPHINCS+-SHA2-128f-simple_run19,active,37.388178,5.395,0.597192,3.221851,120.413726
SPHINCS+-SHA2-128f-simple_run19,active,37.400924,5.3975,0.597907,3.227204,120.45486
SPHINCS+-SHA2-128f-simple_run19,active,37.413659,5.3975,0.599695,3.236855,120.49608
SPHINCS+-SHA2-128f-simple_run19,active,37.426395,5.3925,0.597013,3.219394,120.537083
SPHINCS+-SHA2-128f-simple_run19,active,37.43913,5.39625,0.596298,3.217773,120.578062
SPHINCS+-SHA2-128f-simple_run19,active,37.451866,5.3975,0.596119,3.217553,120.619041
SPHINCS+-SHA2-128f-simple_run19,active,37.464604,5.395,0.596477,3.217992,120.660031
SPHINCS+-SHA2-128f-simple_run19,active,37.47734,5.39625,0.597371,3.223562,120.701087
SPHINCS+-SHA2-128f-simple_run19,active,37.49008,5.3975,0.597013,3.222379,120.742141
SPHINCS+-SHA2-128f-simple_run19,active,37.502821,5.3975,0.595762,3.215623,120.78311
SPHINCS+-SHA2-128f-simple_run19,active,37.515556,5.39625,0.602377,3.250578,120.824507
SPHINCS+-SHA2-128f-simple_run19,active,37.528295,5.3975,0.596119,3.217553,120.865494
SPHINCS+-SHA2-128f-simple_run19,active,37.541032,5.3975,0.596119,3.217553,120.906475
SPHINCS+-SHA2-128f-simple_run19,active,37.553768,5.39625,0.595762,3.214879,120.947419
SPHINCS+-SHA2-128f-simple_run19,active,37.566502,5.3975,0.597728,3.226239,120.988505
SPHINCS+-SHA2-128f-simple_run19,active,37.57924,5.395,0.596656,3.218957,121.029508
SPHINCS+-SHA2-128f-simple_run19,active,37.591983,5.39875,0.597013,3.223125,121.070579
SPHINCS+-SHA2-128f-simple_run19,active,37.604726,5.39625,0.598265,3.228386,121.111718
SPHINCS+-SHA2-128f-simple_run19,active,37.617503,5.395,0.597371,3.222815,121.152895
SPHINCS+-SHA2-128f-simple_run19,active,37.630249,5.395,0.604344,3.260436,121.194454
SPHINCS+-SHA2-128f-simple_run19,active,37.642986,5.39375,0.596834,3.219176,121.235456
SPHINCS+-SHA2-128f-simple_run19,active,37.655723,5.39625,0.587179,3.168566,121.275815
SPHINCS+-SHA2-128f-simple_run19,active,37.668463,5.39875,0.596477,3.220229,121.316839
SPHINCS+-SHA2-128f-simple_run19,active,37.681199,5.39375,0.595583,3.212425,121.357752
SPHINCS+-SHA2-128f-simple_run19,active,37.693941,5.3975,0.596477,3.219484,121.398776
SPHINCS+-SHA2-128f-simple_run19,active,37.706683,5.37625,0.60935,3.27602,121.440519
SPHINCS+-SHA2-128f-simple_run19,active,37.719429,5.39625,0.595762,3.214879,121.481497
SPHINCS+-SHA2-128f-simple_run19,active,37.732192,5.39875,0.596119,3.218299,121.522572
SPHINCS+-SHA2-128f-simple_run19,active,37.744933,5.395,0.599516,3.234391,121.563782
SPHINCS+-SHA2-128f-simple_run19,active,37.757667,5.39625,0.596119,3.216808,121.604743
SPHINCS+-SHA2-128f-simple_run19,active,37.770403,5.3975,0.596119,3.217553,121.645723
SPHINCS+-SHA2-128f-simple_run19,active,37.78314,5.39625,0.60488,3.264086,121.687297
SPHINCS+-SHA2-128f-simple_run19,active,37.795884,5.3975,0.596119,3.217553,121.728303
SPHINCS+-SHA2-128f-simple_run19,active,37.808626,5.39625,0.595404,3.212949,121.769242
SPHINCS+-SHA2-128f-simple_run19,active,37.821362,5.3975,0.596477,3.219484,121.810245
SPHINCS+-SHA2-128f-simple_run19,active,37.834095,5.3975,0.596834,3.221414,121.851264
SPHINCS+-SHA2-128f-simple_run19,active,37.84683,5.39375,0.595046,3.209532,121.892137
SPHINCS+-SHA2-128f-simple_run19,active,37.859567,5.3975,0.603986,3.260017,121.93366
SPHINCS+-SHA2-128f-simple_run19,active,37.872307,5.39625,0.59594,3.215843,121.974627
SPHINCS+-SHA2-128f-simple_run19,active,37.88504,5.39625,0.596477,3.218738,122.015613
SPHINCS+-SHA2-128f-simple_run19,active,37.89778,5.4,0.596119,3.219044,122.056624
SPHINCS+-SHA2-128f-simple_run19,active,37.91052,5.39625,0.595762,3.214879,122.097581
SPHINCS+-SHA2-128f-simple_run19,active,37.923256,5.40375,0.597192,3.227076,122.13868
SPHINCS+-SHA2-128f-simple_run19,active,37.93599,5.395,0.596834,3.219922,122.179685
SPHINCS+-SHA2-128f-simple_run19,active,37.948728,5.39375,0.597013,3.22014,122.220703
SPHINCS+-SHA2-128f-simple_run19,active,37.9615,5.39625,0.596298,3.217773,122.261798
SPHINCS+-SHA2-128f-simple_run19,active,37.974236,5.39375,0.596834,3.219176,122.302797
SPHINCS+-SHA2-128f-simple_run19,active,37.986971,5.39625,0.596298,3.217773,122.343777
SPHINCS+-SHA2-128f-simple_run19,active,37.999711,5.39875,0.596298,3.219264,122.384791
SPHINCS+-SHA2-128f-simple_run19,active,38.012456,5.39625,0.599516,3.23514,122.426021
SPHINCS+-SHA2-128f-simple_run19,active,38.025193,5.39875,0.59594,3.217333,122.467
SPHINCS+-SHA2-128f-simple_run19,active,38.037927,5.39625,0.596656,3.219703,122.508002
SPHINCS+-SHA2-128f-simple_run19,active,38.050662,5.395,0.596119,3.216063,122.548959
SPHINCS+-SHA2-128f-simple_run19,active,38.063398,5.3975,0.596477,3.219484,122.58996
SPHINCS+-SHA2-128f-simple_run19,active,38.076161,5.40125,0.600053,3.241035,122.631327
SPHINCS+-SHA2-128f-simple_run19,active,38.088901,5.39625,0.59898,3.232246,122.672506
SPHINCS+-SHA2-128f-simple_run19,active,38.101642,5.3975,0.595762,3.215623,122.713476
SPHINCS+-SHA2-128f-simple_run19,active,38.114383,5.3975,0.596656,3.220449,122.754506
SPHINCS+-SHA2-128f-simple_run19,active,38.127119,5.39625,0.593616,3.2033,122.795304
SPHINCS+-SHA2-128f-simple_run19,active,38.139855,5.39375,0.59594,3.214354,122.836241
SPHINCS+-SHA2-128f-simple_run19,active,38.152594,5.38875,0.596477,3.214264,122.877188
SPHINCS+-SHA2-128f-simple_run19,active,38.16533,5.39875,0.598265,3.229882,122.918325
SPHINCS+-SHA2-128f-simple_run19,active,38.178064,5.39625,0.596298,3.217773,122.9593
SPHINCS+-SHA2-128f-simple_run19,active,38.1908,5.39875,0.597013,3.223125,123.000349
SPHINCS+-SHA2-128f-simple_run19,active,38.203541,5.395,0.596477,3.217992,123.041349
SPHINCS+-SHA2-128f-simple_run19,active,38.216285,5.3975,0.592543,3.198252,123.082109
SPHINCS+-SHA2-128f-simple_run19,active,38.229022,5.39625,0.603271,3.255402,123.123572
SPHINCS+-SHA2-128f-simple_run19,active,38.241766,5.3975,0.597728,3.226239,123.164688
SPHINCS+-SHA2-128f-simple_run19,active,38.254503,5.38875,0.597907,3.221972,123.205726
SPHINCS+-SHA2-128f-simple_run19,active,38.267241,5.3975,0.596298,3.218518,123.246722
SPHINCS+-SHA2-128f-simple_run19,active,38.279976,5.3975,0.596834,3.221414,123.287747
SPHINCS+-SHA2-128f-simple_run19,active,38.292714,5.3975,0.596298,3.218518,123.328745
SPHINCS+-SHA2-128f-simple_run19,active,38.308427,5.39625,0.60488,3.264086,123.380033
SPHINCS+-SHA2-128f-simple_run19,active,38.321191,5.3975,0.59594,3.216588,123.42109
SPHINCS+-SHA2-128f-simple_run19,active,38.333928,5.39875,0.596119,3.218299,123.462081
SPHINCS+-SHA2-128f-simple_run19,active,38.346665,5.3975,0.596834,3.221414,123.503114
SPHINCS+-SHA2-128f-simple_run19,active,38.359402,5.395,0.596119,3.216063,123.544076
SPHINCS+-SHA2-128f-simple_run19,active,38.372169,5.3975,0.596119,3.217553,123.585155
SPHINCS+-SHA2-128f-simple_run19,active,38.384909,5.39,0.59755,3.220792,123.626186
SPHINCS+-SHA2-128f-simple_run19,active,38.397642,5.39625,0.595583,3.213914,123.667111
SPHINCS+-SHA2-128f-simple_run19,active,38.410383,5.395,0.596119,3.216063,123.708087
SPHINCS+-SHA2-128f-simple_run19,active,38.423123,5.39625,0.597192,3.222597,123.749144
SPHINCS+-SHA2-128f-simple_run19,active,38.435858,5.3975,0.597907,3.227204,123.790241
SPHINCS+-SHA2-128f-simple_run19,active,38.448595,5.3975,0.596298,3.218518,123.831236
SPHINCS+-SHA2-128f-simple_run19,active,38.46133,5.39,0.596119,3.213082,123.872154
SPHINCS+-SHA2-128f-simple_run19,active,38.474063,5.3975,0.595046,3.211763,123.91305
SPHINCS+-SHA2-128f-simple_run19,active,38.486797,5.395,0.596298,3.217028,123.954013
SPHINCS+-SHA2-128f-simple_run19,active,38.499531,5.395,0.596119,3.216063,123.994969
SPHINCS+-SHA2-128f-simple_run19,active,38.512275,5.3975,0.596119,3.217553,124.035973
SPHINCS+-SHA2-128f-simple_run19,active,38.525016,5.39625,0.590755,3.187863,124.076589
SPHINCS+-SHA2-128f-simple_run19,active,38.537752,5.39625,0.597013,3.221632,124.117619
SPHINCS+-SHA2-128f-simple_run19,active,38.550486,5.39625,0.596298,3.217773,124.158594
SPHINCS+-SHA2-128f-simple_run19,active,38.56322,5.395,0.59594,3.215098,124.199537
SPHINCS+-SHA2-128f-simple_run19,active,38.575948,5.39625,0.594331,3.20716,124.240356
SPHINCS+-SHA2-128f-simple_run19,active,38.588684,5.39625,0.596834,3.220668,124.281375
SPHINCS+-SHA2-128f-simple_run19,active,38.601421,5.3975,0.595583,3.214658,124.32232
SPHINCS+-SHA2-128f-simple_run19,active,38.614164,5.39625,0.600947,3.242859,124.363644
SPHINCS+-SHA2-128f-simple_run19,active,38.626903,5.3975,0.596119,3.217553,124.404633
SPHINCS+-SHA2-128f-simple_run19,active,38.639638,5.39625,0.595583,3.213914,124.445562
SPHINCS+-SHA2-128f-simple_run19,active,38.652375,5.385,0.59594,3.209139,124.486436
SPHINCS+-SHA2-128f-simple_run19,active,38.665118,5.38625,0.592722,3.192549,124.527118
SPHINCS+-SHA2-128f-simple_run19,active,38.67788,5.39375,0.597013,3.22014,124.568213
SPHINCS+-SHA2-128f-simple_run19,active,38.690655,5.39625,0.599159,3.233211,124.609517
SPHINCS+-SHA2-128f-simple_run19,active,38.703409,5.3975,0.595225,3.212728,124.650492
SPHINCS+-SHA2-128f-simple_run19,active,38.716207,5.4025,0.595762,3.218602,124.691685
SPHINCS+-SHA2-128f-simple_run19,active,38.728959,5.3975,0.595583,3.214658,124.73268
SPHINCS+-SHA2-128f-simple_run19,active,38.741694,5.39625,0.595762,3.214879,124.773622
SPHINCS+-SHA2-128f-simple_run19,active,38.754431,5.39625,0.59308,3.200406,124.814385
SPHINCS+-SHA2-128f-simple_run19,active,38.767169,5.38875,0.598444,3.224863,124.855462
SPHINCS+-SHA2-128f-simple_run19,active,38.779941,5.3975,0.596477,3.219484,124.89658
SPHINCS+-SHA2-128f-simple_run19,active,38.792693,5.3975,0.596477,3.219484,124.937637
SPHINCS+-SHA2-128f-simple_run19,active,38.805459,5.40125,0.596477,3.22172,124.978764
SPHINCS+-SHA2-128f-simple_run19,active,38.818206,5.39625,0.596834,3.220668,125.019819
SPHINCS+-SHA2-128f-simple_run19,active,38.83095,5.39625,0.595583,3.213914,125.060777
SPHINCS+-SHA2-128f-simple_run19,active,38.843687,5.40125,0.597728,3.228481,125.101896
SPHINCS+-SHA2-128f-simple_run19,active,38.856426,5.39875,0.596119,3.218299,125.142897
SPHINCS+-SHA2-128f-simple_run19,active,38.869163,5.37875,0.595404,3.202529,125.183686
SPHINCS+-SHA2-128f-simple_run19,active,38.881899,5.39875,0.59594,3.217333,125.224661
SPHINCS+-SHA2-128f-simple_run19,active,38.894636,5.38875,0.596477,3.214264,125.265601
SPHINCS+-SHA2-128f-simple_run19,active,38.907372,5.3975,0.59594,3.216588,125.306569
SPHINCS+-SHA2-128f-simple_run19,active,38.920117,5.39625,0.59594,3.215843,125.347555
SPHINCS+-SHA2-128f-simple_run19,active,38.932861,5.39875,0.596119,3.218299,125.38857
SPHINCS+-SHA2-128f-simple_run19,active,38.945598,5.39875,0.596834,3.22216,125.42961
SPHINCS+-SHA2-128f-simple_run19,active,38.958336,5.3975,0.596298,3.218518,125.470606
SPHINCS+-SHA2-128f-simple_run19,active,38.97107,5.38875,0.595762,3.21041,125.511487
SPHINCS+-SHA2-128f-simple_run19,active,38.983807,5.4,0.600053,3.240285,125.552759
SPHINCS+-SHA2-128f-simple_run19,active,38.996548,5.3975,0.59594,3.216588,125.593741
SPHINCS+-SHA2-128f-simple_run19,active,39.009283,5.3975,0.595046,3.211763,125.634644
SPHINCS+-SHA2-128f-simple_run19,active,39.022023,5.39625,0.596119,3.216808,125.675626
SPHINCS+-SHA2-128f-simple_run19,active,39.034796,5.39875,0.592007,3.196097,125.71645
SPHINCS+-SHA2-128f-simple_run19,active,39.047534,5.3975,0.595583,3.214658,125.757399
SPHINCS+-SHA2-128f-simple_run19,active,39.060274,5.39875,0.604523,3.263667,125.798977
SPHINCS+-SHA2-128f-simple_run19,active,39.07301,5.3875,0.596298,3.212555,125.839893
SPHINCS+-SHA2-128f-simple_run19,active,39.085745,5.39375,0.598622,3.22882,125.881013
SPHINCS+-SHA2-128f-simple_run19,active,39.098482,5.395,0.59594,3.215098,125.921961
SPHINCS+-SHA2-128f-simple_run19,active,39.111217,5.39875,0.595583,3.215403,125.962911
SPHINCS+-SHA2-128f-simple_run19,active,39.12396,5.3975,0.598801,3.232029,126.004096
SPHINCS+-SHA2-128f-simple_run19,active,39.136704,5.3975,0.598801,3.232029,126.045287
SPHINCS+-SHA2-128f-simple_run19,active,39.149477,5.3975,0.596298,3.218518,126.086394
SPHINCS+-SHA2-128f-simple_run19,active,39.162215,5.39625,0.596298,3.217773,126.127383
SPHINCS+-SHA2-128f-simple_run19,active,39.174952,5.3875,0.594152,3.200996,126.168154
SPHINCS+-SHA2-128f-simple_run19,active,39.187688,5.39625,0.596477,3.218738,126.209148
SPHINCS+-SHA2-128f-simple_run19,active,39.200427,5.39875,0.596477,3.220229,126.250169
SPHINCS+-SHA2-128f-simple_run19,active,39.213162,5.39625,0.593974,3.20523,126.29099
SPHINCS+-SHA2-128f-simple_run19,active,39.225903,5.3975,0.59594,3.216588,126.331971
SPHINCS+-SHA2-128f-simple_run19,active,39.238644,5.39625,0.596656,3.219703,126.372993
SPHINCS+-SHA2-128f-simple_run19,active,39.251378,5.39375,0.596477,3.217247,126.413964
SPHINCS+-SHA2-128f-simple_run19,active,39.264119,5.39375,0.598086,3.225926,126.455064
SPHINCS+-SHA2-128f-simple_run19,active,39.27686,5.395,0.595583,3.213169,126.496003
SPHINCS+-SHA2-128f-simple_run19,active,39.289596,5.39625,0.59594,3.215843,126.53696
SPHINCS+-SHA2-128f-simple_run19,active,39.302333,5.3975,0.595404,3.213693,126.577893
SPHINCS+-SHA2-128f-simple_run19,active,39.315068,5.3925,0.59147,3.189504,126.61851
SPHINCS+-SHA2-128f-simple_run19,active,39.327809,5.39625,0.596298,3.217773,126.65951
SPHINCS+-SHA2-128f-simple_run19,active,39.340553,5.39625,0.596477,3.218738,126.700529
SPHINCS+-SHA2-128f-simple_run19,active,39.353291,5.3975,0.596298,3.218518,126.741526
SPHINCS+-SHA2-128f-simple_run19,active,39.366026,5.3975,0.598444,3.230099,126.782661
SPHINCS+-SHA2-128f-simple_run19,active,39.378789,5.3975,0.59594,3.216588,126.823714
SPHINCS+-SHA2-128f-simple_run19,active,39.391524,5.39625,0.595583,3.213914,126.864643
SPHINCS+-SHA2-128f-simple_run19,active,39.404262,5.3925,0.597013,3.219394,126.905652
SPHINCS+-SHA2-128f-simple_run19,active,39.416998,5.3975,0.595404,3.213693,126.946582
SPHINCS+-SHA2-128f-simple_run19,active,39.429737,5.39625,0.595762,3.214879,126.987536
SPHINCS+-SHA2-128f-simple_run19,active,39.442477,5.39625,0.599159,3.233211,127.028728
SPHINCS+-SHA2-128f-simple_run19,active,39.455213,5.4,0.596834,3.222906,127.069775
SPHINCS+-SHA2-128f-simple_run19,active,39.467949,5.3975,0.595762,3.215623,127.110727
SPHINCS+-SHA2-128f-simple_run19,active,39.480686,5.39625,0.596119,3.216808,127.151701
SPHINCS+-SHA2-128f-simple_run19,active,39.493423,5.39625,0.596119,3.216808,127.192674
SPHINCS+-SHA2-128f-simple_run19,active,39.506159,5.39625,0.597371,3.223562,127.233729
SPHINCS+-SHA2-128f-simple_run19,active,39.518893,5.3975,0.598801,3.232029,127.274887
SPHINCS+-SHA2-128f-simple_run19,active,39.531635,5.3975,0.596119,3.217553,127.315882
SPHINCS+-SHA2-128f-simple_run19,active,39.544376,5.3975,0.597907,3.227204,127.357002
SPHINCS+-SHA2-128f-simple_run19,active,39.557111,5.39625,0.596119,3.216808,127.397966
SPHINCS+-SHA2-128f-simple_run19,active,39.569844,5.39625,0.59594,3.215843,127.438915
SPHINCS+-SHA2-128f-simple_run19,active,39.585505,5.385,0.60488,3.257281,127.489927
SPHINCS+-SHA2-128f-simple_run19,active,39.598261,5.39125,0.595583,3.210936,127.530885
SPHINCS+-SHA2-128f-simple_run19,active,39.610999,5.39625,0.596298,3.217773,127.571874
SPHINCS+-SHA2-128f-simple_run19,active,39.623734,5.39375,0.596477,3.217247,127.612846
SPHINCS+-SHA2-128f-simple_run19,active,39.636479,5.39625,0.596119,3.216808,127.653845
SPHINCS+-SHA2-128f-simple_run19,active,39.649222,5.39875,0.595225,3.213472,127.694791
SPHINCS+-SHA2-128f-simple_run19,active,39.661956,5.39625,0.605059,3.265051,127.73637
SPHINCS+-SHA2-128f-simple_run19,active,39.674693,5.4,0.596834,3.222906,127.777419
SPHINCS+-SHA2-128f-simple_run19,active,39.687427,5.38625,0.596477,3.212773,127.818333
SPHINCS+-SHA2-128f-simple_run19,active,39.700207,5.39875,0.596119,3.218299,127.85946
SPHINCS+-SHA2-128f-simple_run19,active,39.71295,5.3875,0.59594,3.210629,127.900375
SPHINCS+-SHA2-128f-simple_run19,active,39.725688,5.3975,0.596298,3.218518,127.941373
SPHINCS+-SHA2-128f-simple_run19,active,39.738432,5.39625,0.603629,3.257332,127.982884
SPHINCS+-SHA2-128f-simple_run19,active,39.751173,5.3975,0.596119,3.217553,128.023877
SPHINCS+-SHA2-128f-simple_run19,active,39.763905,5.395,0.593437,3.201594,128.064641
SPHINCS+-SHA2-128f-simple_run19,active,39.776644,5.39625,0.595762,3.214879,128.105594
SPHINCS+-SHA2-128f-simple_run19,active,39.789378,5.38875,0.595762,3.21041,128.146476
SPHINCS+-SHA2-128f-simple_run19,active,39.802112,5.39625,0.59594,3.215843,128.187428
SPHINCS+-SHA2-128f-simple_run19,active,39.814847,5.3975,0.597013,3.222379,128.228465
SPHINCS+-SHA2-128f-simple_run19,active,39.827581,5.39625,0.596656,3.219703,128.269465
SPHINCS+-SHA2-128f-simple_run19,active,39.840326,5.40125,0.59594,3.218823,128.310488
SPHINCS+-SHA2-128f-simple_run19,active,39.853067,5.40125,0.59594,3.218823,128.351499
SPHINCS+-SHA2-128f-simple_run19,active,39.865801,5.39625,0.598801,3.231281,128.392645
SPHINCS+-SHA2-128f-simple_run19,active,39.878537,5.3975,0.596119,3.217553,128.433626
SPHINCS+-SHA2-128f-simple_run19,active,39.891273,5.3975,0.595583,3.214658,128.474568
SPHINCS+-SHA2-128f-simple_run19,active,39.904011,5.4,0.596477,3.220975,128.515596
SPHINCS+-SHA2-128f-simple_run19,active,39.916749,5.39625,0.59594,3.215843,128.55656
SPHINCS+-SHA2-128f-simple_run19,active,39.929517,5.3975,0.595762,3.215623,128.597615
SPHINCS+-SHA2-128f-simple_run19,active,39.942258,5.39875,0.596119,3.218299,128.638621
SPHINCS+-SHA2-128f-simple_run19,active,39.954999,5.39625,0.59594,3.215843,128.679593
SPHINCS+-SHA2-128f-simple_run19,active,39.967734,5.39625,0.596477,3.218738,128.720583
SPHINCS+-SHA2-128f-simple_run19,active,39.980472,5.3975,0.597013,3.222379,128.761631
SPHINCS+-SHA2-128f-simple_run19,active,39.993207,5.39375,0.594689,3.207603,128.802479
SPHINCS+-SHA2-128f-simple_run19,active,40.005942,5.39625,0.596119,3.216808,128.843446
SPHINCS+-SHA2-128f-simple_run19,active,40.018677,5.3975,0.59594,3.216588,128.884409
SPHINCS+-SHA2-128f-simple_run19,active,40.031411,5.3975,0.59594,3.216588,128.925369
SPHINCS+-SHA2-128f-simple_run19,active,40.044181,5.39625,0.599159,3.233211,128.966657
SPHINCS+-SHA2-128f-simple_run19,active,40.056925,5.3975,0.596298,3.218518,129.007675
SPHINCS+-SHA2-128f-simple_run19,active,40.069658,5.3975,0.596119,3.217553,129.048644
SPHINCS+-SHA2-128f-simple_run19,active,40.082394,5.39875,0.592186,3.197062,129.08936
SPHINCS+-SHA2-128f-simple_run19,active,40.09513,5.39625,0.595225,3.211984,129.130267
SPHINCS+-SHA2-128f-simple_run19,active,40.107867,5.39625,0.59594,3.215843,129.171228
SPHINCS+-SHA2-128f-simple_run19,active,40.120604,5.39625,0.598622,3.230316,129.212372
SPHINCS+-SHA2-128f-simple_run19,active,40.133338,5.39375,0.600232,3.237499,129.2536
SPHINCS+-SHA2-128f-simple_run19,active,40.146076,5.39875,0.596834,3.22216,129.294644
SPHINCS+-SHA2-128f-simple_run19,active,40.158817,5.39625,0.595583,3.213914,129.335591
SPHINCS+-SHA2-128f-simple_run19,active,40.171553,5.3975,0.593795,3.205007,129.37641
SPHINCS+-SHA2-128f-simple_run19,active,40.184292,5.3975,0.597013,3.222379,129.41746
SPHINCS+-SHA2-128f-simple_run19,active,40.197027,5.39625,0.599338,3.234176,129.458648
SPHINCS+-SHA2-128f-simple_run19,active,40.20976,5.39625,0.596298,3.217773,129.49962
SPHINCS+-SHA2-128f-simple_run19,active,40.222496,5.39625,0.595046,3.211019,129.540516
SPHINCS+-SHA2-128f-simple_run19,active,40.23524,5.3975,0.596834,3.221414,129.581569
SPHINCS+-SHA2-128f-simple_run19,active,40.247992,5.3975,0.59451,3.208868,129.622489
SPHINCS+-SHA2-128f-simple_run19,active,40.260739,5.39625,0.595046,3.211019,129.663418
SPHINCS+-SHA2-128f-simple_run19,active,40.273509,5.39625,0.599695,3.236105,129.704745
SPHINCS+-SHA2-128f-simple_run19,active,40.286259,5.3975,0.596834,3.221414,129.745818
SPHINCS+-SHA2-128f-simple_run19,active,40.298997,5.395,0.595225,3.21124,129.786722
SPHINCS+-SHA2-128f-simple_run19,active,40.311733,5.395,0.59451,3.207381,129.827572
SPHINCS+-SHA2-128f-simple_run19,active,40.324471,5.39375,0.598086,3.225926,129.868664
SPHINCS+-SHA2-128f-simple_run19,active,40.337208,5.39625,0.605059,3.265051,129.91025
SPHINCS+-SHA2-128f-simple_run19,active,40.349947,5.40375,0.597013,3.22611,129.951349
SPHINCS+-SHA2-128f-simple_run19,active,40.362687,5.39375,0.597192,3.221104,129.992385
SPHINCS+-SHA2-128f-simple_run19,active,40.375423,5.39625,0.596477,3.218738,130.033378
SPHINCS+-SHA2-128f-simple_run19,active,40.388184,5.39625,0.59594,3.215843,130.074416
SPHINCS+-SHA2-128f-simple_run19,active,40.400923,5.395,0.596119,3.216063,130.115386
SPHINCS+-SHA2-128f-simple_run19,active,40.413657,5.39625,0.60488,3.264086,130.15695
SPHINCS+-SHA2-128f-simple_run19,active,40.426391,5.39625,0.597013,3.221632,130.197973
SPHINCS+-SHA2-128f-simple_run19,active,40.439126,5.3975,0.596477,3.219484,130.238974
SPHINCS+-SHA2-128f-simple_run19,active,40.451866,5.39375,0.59594,3.214354,130.279926
SPHINCS+-SHA2-128f-simple_run19,active,40.464607,5.395,0.59594,3.215098,130.320888
SPHINCS+-SHA2-128f-simple_run19,active,40.477344,5.39625,0.59594,3.215843,130.361848
SPHINCS+-SHA2-128f-simple_run19,active,40.490077,5.39625,0.604523,3.262156,130.403387
SPHINCS+-SHA2-128f-simple_run19,active,40.502812,5.4,0.594331,3.209388,130.444256
SPHINCS+-SHA2-128f-simple_run19,active,40.515546,5.39875,0.596477,3.220229,130.485263
SPHINCS+-SHA2-128f-simple_run19,active,40.528283,5.395,0.596477,3.217992,130.526252
SPHINCS+-SHA2-128f-simple_run19,active,40.541016,5.3975,0.596834,3.221414,130.567271
SPHINCS+-SHA2-128f-simple_run19,active,40.553758,5.39125,0.595404,3.209972,130.608172
SPHINCS+-SHA2-128f-simple_run19,active,40.566499,5.39875,0.600589,3.242431,130.649484
SPHINCS+-SHA2-128f-simple_run19,active,40.579234,5.3975,0.595762,3.215623,130.690433
SPHINCS+-SHA2-128f-simple_run19,active,40.59196,5.39875,0.592007,3.196097,130.731109
SPHINCS+-SHA2-128f-simple_run19,active,40.604698,5.3975,0.595583,3.214658,130.772054
SPHINCS+-SHA2-128f-simple_run19,active,40.617469,5.395,0.59594,3.215098,130.813116
SPHINCS+-SHA2-128f-simple_run19,active,40.630206,5.395,0.594689,3.208346,130.85398
SPHINCS+-SHA2-128f-simple_run19,active,40.64294,5.39875,0.596834,3.22216,130.895013
SPHINCS+-SHA2-128f-simple_run19,active,40.655683,5.39875,0.595762,3.216368,130.935999
SPHINCS+-SHA2-128f-simple_run19,active,40.668426,5.3975,0.596119,3.217553,130.976998
SPHINCS+-SHA2-128f-simple_run19,active,40.681162,5.39625,0.596119,3.216808,131.017967
SPHINCS+-SHA2-128f-simple_run19,active,40.693896,5.39625,0.597013,3.221632,131.058991
SPHINCS+-SHA2-128f-simple_run19,active,40.706635,5.395,0.596119,3.216063,131.099961
SPHINCS+-SHA2-128f-simple_run19,active,40.71938,5.39875,0.596119,3.218299,131.140979
SPHINCS+-SHA2-128f-simple_run19,active,40.73212,5.3975,0.592543,3.198252,131.181726
SPHINCS+-SHA2-128f-simple_run19,active,40.744864,5.3975,0.598086,3.228169,131.222866
SPHINCS+-SHA2-128f-simple_run19,active,40.757611,5.3975,0.596119,3.217553,131.263878
SPHINCS+-SHA2-128f-simple_run19,active,40.770354,5.3975,0.595583,3.214658,131.304844
SPHINCS+-SHA2-128f-simple_run19,active,40.783092,5.39625,0.592364,3.196546,131.34556
SPHINCS+-SHA2-128f-simple_run19,active,40.795827,5.39625,0.598265,3.228386,131.386675
SPHINCS+-SHA2-128f-simple_run19,active,40.808566,5.395,0.596298,3.217028,131.427657
SPHINCS+-SHA2-128f-simple_run19,active,40.821304,5.3975,0.597728,3.226239,131.468751
SPHINCS+-SHA2-128f-simple_run19,active,40.834036,5.39875,0.596119,3.218299,131.509729
SPHINCS+-SHA2-128f-simple_run19,active,40.846798,5.39625,0.597728,3.225492,131.550892
SPHINCS+-SHA2-128f-simple_run19,active,40.86248,5.3975,0.59594,3.216588,131.601335
SPHINCS+-SHA2-128f-simple_run19,active,40.87524,5.39625,0.600947,3.242859,131.642711
SPHINCS+-SHA2-128f-simple_run19,active,40.887975,5.39625,0.595225,3.211984,131.683618
SPHINCS+-SHA2-128f-simple_run19,active,40.900714,5.39625,0.595583,3.213914,131.724559
SPHINCS+-SHA2-128f-simple_run19,active,40.913476,5.39875,0.596119,3.218299,131.76563
SPHINCS+-SHA2-128f-simple_run19,active,40.926213,5.3975,0.596477,3.219484,131.806638
SPHINCS+-SHA2-128f-simple_run19,active,40.938949,5.3975,0.601304,3.24554,131.847974
SPHINCS+-SHA2-128f-simple_run19,active,40.951684,5.39125,0.600053,3.235035,131.889171
SPHINCS+-SHA2-128f-simple_run19,active,40.96443,5.39875,0.596477,3.220229,131.930217
SPHINCS+-SHA2-128f-simple_run19,active,40.977172,5.395,0.596656,3.218957,131.971231
SPHINCS+-SHA2-128f-simple_run19,active,40.989905,5.39625,0.596119,3.216808,132.012191
SPHINCS+-SHA2-128f-simple_run19,active,41.00264,5.40125,0.590398,3.188885,132.052803
SPHINCS+-SHA2-128f-simple_run19,active,41.015374,5.395,0.605238,3.265259,132.094382
SPHINCS+-SHA2-128f-simple_run19,active,41.028107,5.39625,0.59594,3.215843,132.135329
SPHINCS+-SHA2-128f-simple_run19,active,41.040847,5.39625,0.597907,3.226457,132.176433
SPHINCS+-SHA2-128f-simple_run19,active,41.05358,5.3975,0.598265,3.229134,132.217552
SPHINCS+-SHA2-128f-simple_run19,active,41.066322,5.39625,0.596477,3.218738,132.258564
SPHINCS+-SHA2-128f-simple_run19,active,41.079062,5.39875,0.598622,3.231813,132.299738
SPHINCS+-SHA2-128f-simple_run19,active,41.091796,5.3975,0.601304,3.24554,132.341067
SPHINCS+-SHA2-128f-simple_run19,active,41.104532,5.39625,0.597728,3.225492,132.382146
SPHINCS+-SHA2-128f-simple_run19,active,41.117266,5.39625,0.596119,3.216808,132.423108
SPHINCS+-SHA2-128f-simple_run19,active,41.13,5.3975,0.596477,3.219484,132.464106
SPHINCS+-SHA2-128f-simple_run19,active,41.142739,5.39625,0.595583,3.213914,132.505047
SPHINCS+-SHA2-128f-simple_run19,active,41.155473,5.3975,0.596656,3.220449,132.546057
SPHINCS+-SHA2-128f-simple_run19,active,41.168218,5.39625,0.60488,3.264086,132.587657
SPHINCS+-SHA2-128f-simple_run19,active,41.180958,5.39625,0.60202,3.248648,132.629046
SPHINCS+-SHA2-128f-simple_run19,active,41.193692,5.39625,0.596119,3.216808,132.670008
SPHINCS+-SHA2-128f-simple_run19,active,41.206426,5.39625,0.596477,3.218738,132.710995
SPHINCS+-SHA2-128f-simple_run19,active,41.219162,5.39625,0.59594,3.215843,132.751954
SPHINCS+-SHA2-128f-simple_run19,active,41.231897,5.39125,0.59308,3.19744,132.792671
SPHINCS+-SHA2-128f-simple_run19,active,41.244635,5.39875,0.60202,3.250153,132.834071
SPHINCS+-SHA2-128f-simple_run19,active,41.257368,5.3975,0.597013,3.222379,132.875102
SPHINCS+-SHA2-128f-simple_run19,active,41.270107,5.395,0.598086,3.226674,132.916209
SPHINCS+-SHA2-128f-simple_run19,active,41.282847,5.3975,0.601483,3.246506,132.95757
SPHINCS+-SHA2-128f-simple_run19,active,41.295583,5.39875,0.597013,3.223125,132.998618
SPHINCS+-SHA2-128f-simple_run19,active,41.308319,5.3975,0.596656,3.220449,133.039635
SPHINCS+-SHA2-128f-simple_run19,active,41.321061,5.39125,0.597371,3.220575,133.08067
SPHINCS+-SHA2-128f-simple_run19,active,41.333796,5.39625,0.59594,3.215843,133.121623
SPHINCS+-SHA2-128f-simple_run19,active,41.346532,5.39625,0.596119,3.216808,133.162592
SPHINCS+-SHA2-128f-simple_run19,active,41.359266,5.3975,0.596119,3.217553,133.203565
SPHINCS+-SHA2-128f-simple_run19,active,41.372009,5.395,0.596656,3.218957,133.244583
SPHINCS+-SHA2-128f-simple_run19,active,41.384752,5.39625,0.595762,3.214879,133.285552
SPHINCS+-SHA2-128f-simple_run19,active,41.397489,5.39625,0.599338,3.234176,133.326746
SPHINCS+-SHA2-128f-simple_run19,active,41.410225,5.3975,0.596119,3.217553,133.367724
SPHINCS+-SHA2-128f-simple_run19,active,41.42296,5.40375,0.596119,3.221279,133.408748
SPHINCS+-SHA2-128f-simple_run19,active,41.435695,5.39625,0.595225,3.211984,133.449651
SPHINCS+-SHA2-128f-simple_run19,active,41.448433,5.39625,0.59594,3.215843,133.490615
SPHINCS+-SHA2-128f-simple_run19,active,41.461168,5.40125,0.595046,3.213994,133.531545
SPHINCS+-SHA2-128f-simple_run19,active,41.473908,5.395,0.596298,3.217028,133.572532
SPHINCS+-SHA2-128f-simple_run19,active,41.48665,5.3975,0.59755,3.225274,133.613626
SPHINCS+-SHA2-128f-simple_run19,active,41.499387,5.39625,0.596119,3.216808,133.654598
SPHINCS+-SHA2-128f-simple_run19,active,41.512147,5.39625,0.596834,3.220668,133.695694
SPHINCS+-SHA2-128f-simple_run19,active,41.524886,5.4,0.597907,3.228699,133.736825
SPHINCS+-SHA2-128f-simple_run19,active,41.53762,5.3975,0.596834,3.221414,133.777848
SPHINCS+-SHA2-128f-simple_run19,active,41.550356,5.39375,0.598265,3.226891,133.818944
SPHINCS+-SHA2-128f-simple_run19,active,41.56309,5.395,0.597013,3.220886,133.859961
SPHINCS+-SHA2-128f-simple_run19,active,41.575832,5.39625,0.59594,3.215843,133.900934
SPHINCS+-SHA2-128f-simple_run19,active,41.588573,5.3975,0.599695,3.236855,133.942175
SPHINCS+-SHA2-128f-simple_run19,active,41.601307,5.39875,0.602735,3.254015,133.983614
SPHINCS+-SHA2-128f-simple_run19,active,41.614067,5.3975,0.595583,3.214658,134.024632
SPHINCS+-SHA2-128f-simple_run19,active,41.626806,5.4,0.599338,3.236423,134.06586
SPHINCS+-SHA2-128f-simple_run19,active,41.639542,5.3975,0.596477,3.219484,134.106865
SPHINCS+-SHA2-128f-simple_run19,active,41.65228,5.395,0.597371,3.222815,134.147917
SPHINCS+-SHA2-128f-simple_run19,active,41.665018,5.3975,0.597907,3.227204,134.189026
SPHINCS+-SHA2-128f-simple_run19,active,41.677761,5.395,0.596477,3.217992,134.23003
SPHINCS+-SHA2-128f-simple_run19,active,41.690503,5.3975,0.592901,3.200182,134.270808
SPHINCS+-SHA2-128f-simple_run19,active,41.703239,5.39625,0.596656,3.219703,134.311813
SPHINCS+-SHA2-128f-simple_run19,active,41.715985,5.39625,0.596298,3.217773,134.352827
SPHINCS+-SHA2-128f-simple_run19,active,41.728726,5.395,0.59594,3.215098,134.393792
SPHINCS+-SHA2-128f-simple_run19,active,41.7415,5.39375,0.596119,3.215318,134.434863
SPHINCS+-SHA2-128f-simple_run19,active,41.754256,5.395,0.595225,3.21124,134.475827
SPHINCS+-SHA2-128f-simple_run19,active,41.766997,5.395,0.595762,3.214134,134.516778
SPHINCS+-SHA2-128f-simple_run19,active,41.779897,5.3975,0.594868,3.210798,134.558197
SPHINCS+-SHA2-128f-simple_run19,active,41.79277,5.3875,0.600053,3.232784,134.599814
SPHINCS+-SHA2-128f-simple_run19,active,41.805218,5.3875,0.59594,3.210629,134.63978
SPHINCS+-SHA2-128f-simple_run19,active,41.81766,5.38875,0.595762,3.21041,134.679722
SPHINCS+-SHA2-128f-simple_run19,active,41.830095,5.38875,0.594689,3.204629,134.719574
SPHINCS+-SHA2-128f-simple_run19,active,41.84253,5.38875,0.592007,3.190177,134.759243
SPHINCS+-SHA2-128f-simple_run19,active,41.854964,5.3875,0.598444,3.224115,134.79933
SPHINCS+-SHA2-128f-simple_run19,active,41.867397,5.38875,0.59594,3.211374,134.839258
SPHINCS+-SHA2-128f-simple_run19,active,41.87983,5.38875,0.59594,3.211374,134.879183
SPHINCS+-SHA2-128f-simple_run19,active,41.892275,5.39625,0.598444,3.229351,134.919375
SPHINCS+-SHA2-128f-simple_run19,active,41.90502,5.3975,0.596656,3.220449,134.960417
SPHINCS+-SHA2-128f-simple_run19,active,41.917754,5.39625,0.596119,3.216808,135.001381
SPHINCS+-SHA2-128f-simple_run19,active,41.930491,5.39375,0.594868,3.208567,135.04225
SPHINCS+-SHA2-128f-simple_run19,active,41.943227,5.395,0.596477,3.217992,135.083235
SPHINCS+-SHA2-128f-simple_run19,active,41.955964,5.39625,0.59594,3.215843,135.124193
SPHINCS+-SHA2-128f-simple_run19,active,41.968702,5.39625,0.596119,3.216808,135.16517
SPHINCS+-SHA2-128f-simple_run19,active,41.98148,5.39625,0.595583,3.213914,135.206237
SPHINCS+-SHA2-128f-simple_run19,active,41.994224,5.39875,0.601841,3.249188,135.247643
SPHINCS+-SHA2-128f-simple_run19,active,42.00696,5.39375,0.596834,3.219176,135.288643
SPHINCS+-SHA2-128f-simple_run19,active,42.019695,5.39875,0.595046,3.212507,135.329555
SPHINCS+-SHA2-128f-simple_run19,active,42.032432,5.3975,0.595762,3.215623,135.370511
SPHINCS+-SHA2-128f-simple_run19,active,42.045169,5.3975,0.596119,3.217553,135.411495
SPHINCS+-SHA2-128f-simple_run19,active,42.057901,5.3775,0.596119,3.205631,135.45231
SPHINCS+-SHA2-128f-simple_run19,active,42.070636,5.4,0.602914,3.255733,135.493772
SPHINCS+-SHA2-128f-simple_run19,active,42.083378,5.39875,0.596477,3.220229,135.534803
SPHINCS+-SHA2-128f-simple_run19,active,42.096119,5.395,0.59594,3.215098,135.575766
SPHINCS+-SHA2-128f-simple_run19,active,42.108859,5.39625,0.596656,3.219703,135.616786
SPHINCS+-SHA2-128f-simple_run19,active,42.121592,5.39375,0.597013,3.22014,135.657788
SPHINCS+-SHA2-128f-simple_run19,active,42.137341,5.3975,0.596119,3.217553,135.708462
SPHINCS+-SHA2-128f-simple_run19,active,42.1501,5.39875,0.587179,3.170034,135.748907
SPHINCS+-SHA2-128f-simple_run19,active,42.162838,5.3975,0.595583,3.214658,135.789856
SPHINCS+-SHA2-128f-simple_run19,active,42.175575,5.395,0.596834,3.219922,135.830866
SPHINCS+-SHA2-128f-simple_run19,active,42.18832,5.39625,0.595762,3.214879,135.871842
SPHINCS+-SHA2-128f-simple_run19,active,42.201062,5.39375,0.596119,3.215318,135.912811
SPHINCS+-SHA2-128f-simple_run19,active,42.213795,5.3975,0.596119,3.217553,135.95378
SPHINCS+-SHA2-128f-simple_run19,active,42.226528,5.39625,0.599159,3.233211,135.994949
SPHINCS+-SHA2-128f-simple_run19,active,42.239268,5.39625,0.592543,3.197511,136.035685
SPHINCS+-SHA2-128f-simple_run19,active,42.252006,5.3975,0.593795,3.205007,136.07651
SPHINCS+-SHA2-128f-simple_run19,active,42.264744,5.3925,0.59594,3.213609,136.117446
SPHINCS+-SHA2-128f-simple_run19,active,42.277505,5.39625,0.59594,3.215843,136.158481
SPHINCS+-SHA2-128f-simple_run19,active,42.290247,5.3975,0.595046,3.211763,136.199407
SPHINCS+-SHA2-128f-simple_run19,active,42.302987,5.39875,0.608456,3.284904,136.241255
SPHINCS+-SHA2-128f-simple_run19,active,42.315722,5.39625,0.596477,3.218738,136.282247
SPHINCS+-SHA2-128f-simple_run19,active,42.328462,5.39875,0.596298,3.219264,136.32326
SPHINCS+-SHA2-128f-simple_run19,active,42.341205,5.39625,0.595404,3.212949,136.364204
SPHINCS+-SHA2-128f-simple_run19,active,42.353941,5.39625,0.597371,3.223562,136.405258
SPHINCS+-SHA2-128f-simple_run19,active,42.366677,5.39625,0.596477,3.218738,136.446251
SPHINCS+-SHA2-128f-simple_run19,active,42.379412,5.3975,0.605238,3.266772,136.487854
SPHINCS+-SHA2-128f-simple_run19,active,42.392183,5.3975,0.596119,3.217553,136.528945
SPHINCS+-SHA2-128f-simple_run19,active,42.404927,5.3975,0.601662,3.247471,136.570331
SPHINCS+-SHA2-128f-simple_run19,active,42.417661,5.395,0.595404,3.212205,136.611236
SPHINCS+-SHA2-128f-simple_run19,active,42.430398,5.3925,0.594689,3.206859,136.65208
SPHINCS+-SHA2-128f-simple_run19,active,42.443133,5.39625,0.59594,3.215843,136.693035
SPHINCS+-SHA2-128f-simple_run19,active,42.45587,5.38875,0.597371,3.219082,136.734035
SPHINCS+-SHA2-128f-simple_run19,active,42.468607,5.39625,0.59594,3.215843,136.774996
SPHINCS+-SHA2-128f-simple_run19,active,42.481343,5.3975,0.595762,3.215623,136.81595
SPHINCS+-SHA2-128f-simple_run19,active,42.494083,5.39875,0.595404,3.214437,136.856902
SPHINCS+-SHA2-128f-simple_run19,active,42.506823,5.39625,0.595225,3.211984,136.897822
SPHINCS+-SHA2-128f-simple_run19,active,42.519558,5.39125,0.595762,3.2119,136.938727
SPHINCS+-SHA2-128f-simple_run19,active,42.532296,5.39875,0.596119,3.218299,136.979721
SPHINCS+-SHA2-128f-simple_run19,active,42.54503,5.39875,0.598265,3.229882,137.020852
SPHINCS+-SHA2-128f-simple_run19,active,42.557767,5.395,0.59594,3.215098,137.061802
SPHINCS+-SHA2-128f-simple_run19,active,42.570501,5.39625,0.59594,3.215843,137.102752
SPHINCS+-SHA2-128f-simple_run19,active,42.583236,5.3975,0.59594,3.216588,137.143715
SPHINCS+-SHA2-128f-simple_run19,active,42.595978,5.3975,0.597192,3.223344,137.184788
SPHINCS+-SHA2-128f-simple_run19,active,42.608717,5.39625,0.596119,3.216808,137.225765
SPHINCS+-SHA2-128f-simple_run19,active,42.621496,5.3975,0.597013,3.222379,137.266946
SPHINCS+-SHA2-128f-simple_run19,active,42.634232,5.39625,0.595762,3.214879,137.307891
SPHINCS+-SHA2-128f-simple_run19,active,42.646967,5.39625,0.595583,3.213914,137.348818
SPHINCS+-SHA2-128f-simple_run19,active,42.659703,5.39625,0.59594,3.215843,137.389776
SPHINCS+-SHA2-128f-simple_run19,active,42.672438,5.395,0.604523,3.261401,137.431311
SPHINCS+-SHA2-128f-simple_run19,active,42.685172,5.39625,0.597371,3.223562,137.472359
SPHINCS+-SHA2-128f-simple_run19,active,42.69791,5.395,0.596119,3.216063,137.513325
SPHINCS+-SHA2-128f-simple_run19,active,42.710653,5.39875,0.597728,3.226986,137.554445
SPHINCS+-SHA2-128f-simple_run19,active,42.723397,5.39625,0.596119,3.216808,137.595442
SPHINCS+-SHA2-128f-simple_run19,active,42.736171,5.39625,0.596477,3.218738,137.636559
SPHINCS+-SHA2-128f-simple_run19,active,42.748914,5.3975,0.605059,3.265807,137.678172
SPHINCS+-SHA2-128f-simple_run19,active,42.761647,5.395,0.596656,3.218957,137.719159
SPHINCS+-SHA2-128f-simple_run19,active,42.774382,5.39625,0.59594,3.215843,137.760114
SPHINCS+-SHA2-128f-simple_run19,active,42.787118,5.39625,0.595583,3.213914,137.801045
SPHINCS+-SHA2-128f-simple_run19,active,42.799859,5.39125,0.591113,3.186837,137.841651
SPHINCS+-SHA2-128f-simple_run19,active,42.812603,5.3975,0.59594,3.216588,137.882641
SPHINCS+-SHA2-128f-simple_run19,active,42.825339,5.39625,0.596656,3.219703,137.923649
SPHINCS+-SHA2-128f-simple_run19,active,42.838074,5.3975,0.596119,3.217553,137.964624
SPHINCS+-SHA2-128f-simple_run19,active,42.850808,5.39625,0.595583,3.213914,138.005551
SPHINCS+-SHA2-128f-simple_run19,active,42.863542,5.3875,0.59594,3.210629,138.046435
SPHINCS+-SHA2-128f-simple_run19,active,42.876279,5.3975,0.596834,3.221414,138.087466
SPHINCS+-SHA2-128f-simple_run19,active,42.889013,5.3975,0.594152,3.206938,138.128303
SPHINCS+-SHA2-128f-simple_run19,active,42.901754,5.3975,0.596477,3.219484,138.169321
SPHINCS+-SHA2-128f-simple_run19,active,42.914493,5.3975,0.597013,3.222379,138.210372
SPHINCS+-SHA2-128f-simple_run19,active,42.927228,5.3975,0.59594,3.216588,138.251337
SPHINCS+-SHA2-128f-simple_run19,active,42.939963,5.395,0.599695,3.235356,138.292538
SPHINCS+-SHA2-128f-simple_run19,active,42.9527,5.39625,0.595583,3.213914,138.333473
SPHINCS+-SHA2-128f-simple_run19,active,42.965467,5.3875,0.59594,3.210629,138.374465
SPHINCS+-SHA2-128f-simple_run19,active,42.978203,5.39625,0.596477,3.218738,138.415455
SPHINCS+-SHA2-128f-simple_run19,active,42.990938,5.39625,0.596119,3.216808,138.456424
SPHINCS+-SHA2-128f-simple_run19,active,43.00368,5.39625,0.59594,3.215843,138.497398
SPHINCS+-SHA2-128f-simple_run19,active,43.01642,5.3975,0.59594,3.216588,138.53838
SPHINCS+-SHA2-128f-simple_run19,active,43.029155,5.3975,0.590755,3.188601,138.578985
SPHINCS+-SHA2-128f-simple_run19,active,43.041886,5.3975,0.59594,3.216588,138.619937
SPHINCS+-SHA2-128f-simple_run19,active,43.05462,5.39625,0.59755,3.224527,138.660997
SPHINCS+-SHA2-128f-simple_run19,active,43.067353,5.385,0.596477,3.212028,138.701895
SPHINCS+-SHA2-128f-simple_run19,active,43.080087,5.395,0.598265,3.227639,138.742996
SPHINCS+-SHA2-128f-simple_run19,active,43.092823,5.3975,0.596119,3.217553,138.783977
SPHINCS+-SHA2-128f-simple_run19,active,43.105561,5.395,0.598265,3.227639,138.825089
SPHINCS+-SHA2-128f-simple_run19,active,43.118301,5.3975,0.59594,3.216588,138.86607
SPHINCS+-SHA2-128f-simple_run19,active,43.131037,5.39625,0.598801,3.231281,138.907221
SPHINCS+-SHA2-128f-simple_run19,active,43.143771,5.39625,0.596477,3.218738,138.948211
SPHINCS+-SHA2-128f-simple_run19,active,43.156508,5.39625,0.596656,3.219703,138.989219
SPHINCS+-SHA2-128f-simple_run19,active,43.169244,5.38375,0.59594,3.208394,139.03008
SPHINCS+-SHA2-128f-simple_run19,active,43.181978,5.39625,0.597013,3.221632,139.071106
SPHINCS+-SHA2-128f-simple_run19,active,43.194713,5.3975,0.596119,3.217553,139.112082
SPHINCS+-SHA2-128f-simple_run19,active,43.207454,5.3975,0.59898,3.232995,139.153271
SPHINCS+-SHA2-128f-simple_run19,active,43.220197,5.39875,0.596119,3.218299,139.194282
SPHINCS+-SHA2-128f-simple_run19,active,43.232934,5.39875,0.596298,3.219264,139.235287
SPHINCS+-SHA2-128f-simple_run19,active,43.245666,5.3975,0.597728,3.226239,139.276364
SPHINCS+-SHA2-128f-simple_run19,active,43.258399,5.39625,0.596119,3.216808,139.317324
SPHINCS+-SHA2-128f-simple_run19,active,43.271137,5.38375,0.595762,3.207432,139.358178
SPHINCS+-SHA2-128f-simple_run19,active,43.283872,5.3975,0.599516,3.23589,139.399389
SPHINCS+-SHA2-128f-simple_run19,active,43.296609,5.39875,0.596834,3.22216,139.44043
SPHINCS+-SHA2-128f-simple_run19,active,43.309353,5.39375,0.595225,3.210496,139.481342
SPHINCS+-SHA2-128f-simple_run19,active,43.322095,5.39625,0.595583,3.213914,139.522294
SPHINCS+-SHA2-128f-simple_run19,active,43.33483,5.3975,0.59594,3.216588,139.563259
SPHINCS+-SHA2-128f-simple_run19,active,43.347565,5.39625,0.596119,3.216808,139.604225
SPHINCS+-SHA2-128f-simple_run19,active,43.36031,5.39875,0.597728,3.226986,139.645351
SPHINCS+-SHA2-128f-simple_run19,active,43.373045,5.39625,0.596298,3.217773,139.68633
SPHINCS+-SHA2-128f-simple_run19,active,43.385779,5.39625,0.596119,3.216808,139.727293
SPHINCS+-SHA2-128f-simple_run19,active,43.398515,5.40125,0.598801,3.234275,139.768486
SPHINCS+-SHA2-128f-simple_run19,active,43.414427,5.385,0.59594,3.209139,139.819549
SPHINCS+-SHA2-128f-simple_run19,active,43.426904,5.38625,0.60649,3.266705,139.860308
SPHINCS+-SHA2-128f-simple_run19,active,43.439341,5.39,0.599516,3.231393,139.900495
SPHINCS+-SHA2-128f-simple_run19,active,43.451775,5.3875,0.596298,3.212555,139.940441
SPHINCS+-SHA2-128f-simple_run19,active,43.464209,5.38875,0.597907,3.221972,139.980502
SPHINCS+-SHA2-128f-simple_run19,active,43.47664,5.3775,0.59594,3.20467,140.020342
SPHINCS+-SHA2-128f-simple_run19,active,43.489072,5.3875,0.597192,3.217372,140.060338
SPHINCS+-SHA2-128f-simple_run19,active,43.501503,5.3925,0.605417,3.26471,140.100922
SPHINCS+-SHA2-128f-simple_run19,active,43.51394,5.38875,0.596119,3.212337,140.140875
SPHINCS+-SHA2-128f-simple_run19,active,43.526384,5.395,0.596834,3.219922,140.180943
SPHINCS+-SHA2-128f-simple_run19,active,43.539123,5.395,0.59004,3.183266,140.221493
SPHINCS+-SHA2-128f-simple_run19,active,43.551857,5.39625,0.59594,3.215843,140.262446
SPHINCS+-SHA2-128f-simple_run19,active,43.564594,5.39625,0.598086,3.227422,140.303552
SPHINCS+-SHA2-128f-simple_run19,active,43.577328,5.39625,0.604165,3.260226,140.345068
SPHINCS+-SHA2-128f-simple_run19,active,43.59006,5.3975,0.596656,3.220449,140.386071
SPHINCS+-SHA2-128f-simple_run19,active,43.602794,5.39625,0.596119,3.216808,140.427034
SPHINCS+-SHA2-128f-simple_run19,active,43.615527,5.3975,0.596119,3.217553,140.468005
SPHINCS+-SHA2-128f-simple_run19,active,43.628275,5.3975,0.592364,3.197287,140.508763
SPHINCS+-SHA2-128f-simple_run19,active,43.641012,5.3975,0.596477,3.219484,140.54977
SPHINCS+-SHA2-128f-simple_run19,active,43.653747,5.3975,0.597728,3.226239,140.590855
SPHINCS+-SHA2-128f-simple_run19,active,43.666483,5.3975,0.596119,3.217553,140.631832
SPHINCS+-SHA2-128f-simple_run19,active,43.679219,5.3975,0.597013,3.222379,140.672873
SPHINCS+-SHA2-128f-simple_run19,active,43.691953,5.395,0.595762,3.214134,140.713803
SPHINCS+-SHA2-128f-simple_run19,active,43.70469,5.39625,0.597013,3.221632,140.754837
SPHINCS+-SHA2-128f-simple_run19,active,43.717445,5.3975,0.597192,3.223344,140.795951
SPHINCS+-SHA2-128f-simple_run19,active,43.730188,5.405,0.595046,3.216226,140.836934
SPHINCS+-SHA2-128f-simple_run19,active,43.742924,5.39875,0.59594,3.217333,140.877911
SPHINCS+-SHA2-128f-simple_run19,active,43.755662,5.39875,0.59594,3.217333,140.918893
SPHINCS+-SHA2-128f-simple_run19,active,43.768399,5.39375,0.597371,3.222069,140.959934
SPHINCS+-SHA2-128f-simple_run19,active,43.781147,5.395,0.59594,3.215098,141.00092
SPHINCS+-SHA2-128f-simple_run19,active,43.793883,5.39625,0.595583,3.213914,141.041851
SPHINCS+-SHA2-128f-simple_run19,active,43.806618,5.39625,0.596298,3.217773,141.082829
SPHINCS+-SHA2-128f-simple_run19,active,43.819361,5.3925,0.596477,3.216501,141.123817
SPHINCS+-SHA2-128f-simple_run19,active,43.832101,5.39625,0.596119,3.216808,141.164799
SPHINCS+-SHA2-128f-simple_run19,active,43.844839,5.3975,0.596298,3.218518,141.205798
SPHINCS+-SHA2-128f-simple_run19,active,43.857574,5.39125,0.596477,3.215756,141.246751
SPHINCS+-SHA2-128f-simple_run19,active,43.87031,5.39875,0.595762,3.216368,141.287714
SPHINCS+-SHA2-128f-simple_run19,active,43.883045,5.39625,0.598622,3.230316,141.328852
SPHINCS+-SHA2-128f-simple_run19,active,43.895782,5.3975,0.59594,3.216588,141.369821
SPHINCS+-SHA2-128f-simple_run19,active,43.908523,5.3875,0.593258,3.19618,141.410543
SPHINCS+-SHA2-128f-simple_run19,active,43.921267,5.39625,0.59594,3.215843,141.451525
SPHINCS+-SHA2-128f-simple_run19,active,43.934007,5.3975,0.59594,3.216588,141.492507
SPHINCS+-SHA2-128f-simple_run19,active,43.94678,5.3975,0.59594,3.216588,141.53359
SPHINCS+-SHA2-128f-simple_run19,active,43.959516,5.395,0.600947,3.242108,141.574882
SPHINCS+-SHA2-128f-simple_run19,active,43.972254,5.39625,0.596834,3.220668,141.615908
SPHINCS+-SHA2-128f-simple_run19,active,43.98499,5.3975,0.598086,3.228169,141.657022
SPHINCS+-SHA2-128f-simple_run19,active,43.997724,5.39625,0.592007,3.194617,141.6977
SPHINCS+-SHA2-128f-simple_run19,active,44.01046,5.39625,0.59594,3.215843,141.738657
SPHINCS+-SHA2-128f-simple_run19,active,44.023201,5.39625,0.596119,3.216808,141.779645
SPHINCS+-SHA2-128f-simple_run19,active,44.035941,5.39625,0.599516,3.23514,141.820859
SPHINCS+-SHA2-128f-simple_run19,active,44.048679,5.4,0.598265,3.23063,141.862011
SPHINCS+-SHA2-128f-simple_run19,active,44.061414,5.3975,0.596298,3.218518,141.902999
SPHINCS+-SHA2-128f-simple_run19,active,44.074148,5.39625,0.596119,3.216808,141.943961
SPHINCS+-SHA2-128f-simple_run19,active,44.086886,5.3975,0.593974,3.205973,141.984799
SPHINCS+-SHA2-128f-simple_run19,active,44.099621,5.39625,0.599159,3.233211,142.025976
SPHINCS+-SHA2-128f-simple_run19,active,44.112359,5.395,0.598265,3.227639,142.067088
SPHINCS+-SHA2-128f-simple_run19,active,44.125101,5.3975,0.598801,3.232029,142.10827
SPHINCS+-SHA2-128f-simple_run19,active,44.137839,5.39625,0.589682,3.182074,142.148803
SPHINCS+-SHA2-128f-simple_run19,active,44.150575,5.39875,0.596119,3.218299,142.189791
SPHINCS+-SHA2-128f-simple_run19,active,44.163309,5.39625,0.596298,3.217773,142.230769
SPHINCS+-SHA2-128f-simple_run19,active,44.176045,5.395,0.595762,3.214134,142.271704
SPHINCS+-SHA2-128f-simple_run19,active,44.188783,5.39625,0.59147,3.191722,142.312359
SPHINCS+-SHA2-128f-simple_run19,active,44.201516,5.39625,0.596834,3.220668,142.353369
SPHINCS+-SHA2-128f-simple_run19,active,44.214252,5.39625,0.59594,3.215843,142.394326
SPHINCS+-SHA2-128f-simple_run19,active,44.226994,5.3975,0.592007,3.195357,142.435041
SPHINCS+-SHA2-128f-simple_run19,active,44.239735,5.3975,0.597013,3.222379,142.476096
SPHINCS+-SHA2-128f-simple_run19,active,44.252473,5.3975,0.60488,3.264842,142.517683
SPHINCS+-SHA2-128f-simple_run19,active,44.265208,5.39625,0.596477,3.218738,142.558675
SPHINCS+-SHA2-128f-simple_run19,active,44.277938,5.3975,0.596477,3.219484,142.599659
SPHINCS+-SHA2-128f-simple_run19,active,44.290676,5.3975,0.59594,3.216588,142.640631
SPHINCS+-SHA2-128f-simple_run19,active,44.303411,5.3975,0.595583,3.214658,142.681571
SPHINCS+-SHA2-128f-simple_run19,active,44.316187,5.395,0.59594,3.215098,142.722646
SPHINCS+-SHA2-128f-simple_run19,active,44.328936,5.3975,0.60488,3.264842,142.764269
SPHINCS+-SHA2-128f-simple_run19,active,44.341675,5.3975,0.596656,3.220449,142.805294
SPHINCS+-SHA2-128f-simple_run19,active,44.354411,5.39375,0.59594,3.214354,142.846233
SPHINCS+-SHA2-128f-simple_run19,active,44.367147,5.40125,0.595225,3.21496,142.887179
SPHINCS+-SHA2-128f-simple_run19,active,44.379877,5.39875,0.595762,3.216368,142.928124
SPHINCS+-SHA2-128f-simple_run19,active,44.392625,5.3975,0.596119,3.217553,142.969139
SPHINCS+-SHA2-128f-simple_run19,active,44.40536,5.39375,0.603808,3.256787,143.010615
SPHINCS+-SHA2-128f-simple_run19,active,44.418093,5.4025,0.596834,3.224398,143.051672
SPHINCS+-SHA2-128f-simple_run19,active,44.430834,5.39875,0.596298,3.219264,143.092689
SPHINCS+-SHA2-128f-simple_run19,active,44.443572,5.39625,0.596477,3.218738,143.13369
SPHINCS+-SHA2-128f-simple_run19,active,44.456311,5.39625,0.596834,3.220668,143.174716
SPHINCS+-SHA2-128f-simple_run19,active,44.469045,5.40125,0.599695,3.239104,143.215965
SPHINCS+-SHA2-128f-simple_run19,active,44.481777,5.3975,0.59594,3.216588,143.256916
SPHINCS+-SHA2-128f-simple_run19,active,44.494511,5.3975,0.597013,3.222379,143.297951
SPHINCS+-SHA2-128f-simple_run19,active,44.507245,5.4,0.59594,3.218078,143.338929
SPHINCS+-SHA2-128f-simple_run19,active,44.519978,5.395,0.596477,3.217992,143.379906
SPHINCS+-SHA2-128f-simple_run19,active,44.532721,5.39625,0.597013,3.221632,143.420959
SPHINCS+-SHA2-128f-simple_run19,active,44.545492,5.39625,0.597907,3.226457,143.462162
SPHINCS+-SHA2-128f-simple_run19,active,44.558228,5.40125,0.597192,3.225583,143.503246
SPHINCS+-SHA2-128f-simple_run19,active,44.570963,5.39625,0.596477,3.218738,143.544235
SPHINCS+-SHA2-128f-simple_run19,active,44.583697,5.39625,0.597728,3.225492,143.585309
SPHINCS+-SHA2-128f-simple_run19,active,44.596433,5.4,0.59594,3.218078,143.626295
SPHINCS+-SHA2-128f-simple_run19,active,44.609168,5.395,0.595583,3.213169,143.667213
SPHINCS+-SHA2-128f-simple_run19,active,44.621898,5.3975,0.596477,3.219484,143.708198
SPHINCS+-SHA2-128f-simple_run19,active,44.634641,5.395,0.597728,3.224745,143.74929
SPHINCS+-SHA2-128f-simple_run19,active,44.647378,5.39,0.590934,3.185134,143.78986
SPHINCS+-SHA2-128f-simple_run19,active,44.660111,5.3975,0.596477,3.219484,143.830854
SPHINCS+-SHA2-128f-simple_run19,active,44.672848,5.3975,0.596119,3.217553,143.871836
SPHINCS+-SHA2-128f-simple_run19,active,44.688523,5.39375,0.596119,3.215318,143.922235
SPHINCS+-SHA2-128f-simple_run19,active,44.701279,5.3975,0.597013,3.222379,143.963341
SPHINCS+-SHA2-128f-simple_run19,active,44.714015,5.3975,0.59898,3.232995,144.004515
SPHINCS+-SHA2-128f-simple_run19,active,44.726785,5.39125,0.596834,3.217683,144.045606
SPHINCS+-SHA2-128f-simple_run19,active,44.73969,5.395,0.597013,3.220886,144.087169
SPHINCS+-SHA2-128f-simple_run19,active,44.75247,5.3975,0.597728,3.226239,144.128402
SPHINCS+-SHA2-128f-simple_run19,active,44.765212,5.3975,0.598086,3.228169,144.169535
SPHINCS+-SHA2-128f-simple_run19,active,44.77795,5.39625,0.602735,3.252508,144.210964
SPHINCS+-SHA2-128f-simple_run19,active,44.790687,5.39625,0.596477,3.218738,144.251964
SPHINCS+-SHA2-128f-simple_run19,active,44.803425,5.39625,0.595583,3.213914,144.2929
SPHINCS+-SHA2-128f-simple_run19,active,44.816195,5.39125,0.59594,3.212864,144.33393
SPHINCS+-SHA2-128f-simple_run19,active,44.828935,5.39625,0.59594,3.215843,144.3749
SPHINCS+-SHA2-128f-simple_run19,active,44.841686,5.3975,0.595583,3.214658,144.415891
SPHINCS+-SHA2-128f-simple_run19,active,44.854426,5.3975,0.608278,3.283178,144.457716
SPHINCS+-SHA2-128f-simple_run19,active,44.867162,5.395,0.600232,3.238249,144.498958
SPHINCS+-SHA2-128f-simple_run19,active,44.879896,5.39875,0.596656,3.221194,144.539977
SPHINCS+-SHA2-128f-simple_run19,active,44.892626,5.395,0.595583,3.213169,144.580882
SPHINCS+-SHA2-128f-simple_run19,active,44.905365,5.395,0.597728,3.224745,144.621961
SPHINCS+-SHA2-128f-simple_run19,active,44.918097,5.3925,0.593616,3.201074,144.662717
SPHINCS+-SHA2-128f-simple_run19,active,44.930832,5.39625,0.605059,3.265051,144.704298
SPHINCS+-SHA2-128f-simple_run19,active,44.943583,5.39,0.595762,3.211155,144.745243
SPHINCS+-SHA2-128f-simple_run19,active,44.956325,5.39625,0.599338,3.234176,144.786455
SPHINCS+-SHA2-128f-simple_run19,active,44.969061,5.3975,0.598801,3.232029,144.827618
SPHINCS+-SHA2-128f-simple_run19,active,44.981793,5.39625,0.599516,3.23514,144.868806
SPHINCS+-SHA2-128f-simple_run19,active,44.994527,5.395,0.596119,3.216063,144.909759
SPHINCS+-SHA2-128f-simple_run19,active,45.007262,5.4025,0.601304,3.248547,144.951131
SPHINCS+-SHA2-128f-simple_run19,active,45.019996,5.395,0.596834,3.219922,144.992133
SPHINCS+-SHA2-128f-simple_run19,active,45.032734,5.3975,0.596119,3.217553,145.033117
SPHINCS+-SHA2-128f-simple_run19,active,45.045507,5.39625,0.595762,3.214879,145.074182
SPHINCS+-SHA2-128f-simple_run19,active,45.058249,5.39625,0.59594,3.215843,145.115159
SPHINCS+-SHA2-128f-simple_run19,active,45.070985,5.3975,0.59594,3.216588,145.156126
SPHINCS+-SHA2-128f-simple_run19,active,45.08372,5.3975,0.599516,3.23589,145.197334
SPHINCS+-SHA2-128f-simple_run19,active,45.096458,5.3975,0.600053,3.238785,145.238588
SPHINCS+-SHA2-128f-simple_run19,active,45.10921,5.39625,0.594331,3.20716,145.279488
SPHINCS+-SHA2-128f-simple_run19,active,45.121978,5.39625,0.594331,3.20716,145.320437
SPHINCS+-SHA2-128f-simple_run19,active,45.134717,5.3975,0.593795,3.205007,145.361265
SPHINCS+-SHA2-128f-simple_run19,active,45.147461,5.39625,0.598801,3.231281,145.402445
SPHINCS+-SHA2-128f-simple_run19,active,45.160206,5.39875,0.596119,3.218299,145.44346
SPHINCS+-SHA2-128f-simple_run19,active,45.172944,5.39625,0.596834,3.220668,145.484487
SPHINCS+-SHA2-128f-simple_run19,active,45.185677,5.39625,0.598801,3.231281,145.525631
SPHINCS+-SHA2-128f-simple_run19,active,45.198411,5.39625,0.596477,3.218738,145.566616
SPHINCS+-SHA2-128f-simple_run19,active,45.211179,5.39625,0.59594,3.215843,145.607677
SPHINCS+-SHA2-128f-simple_run19,active,45.223926,5.39625,0.596119,3.216808,145.648683
SPHINCS+-SHA2-128f-simple_run19,active,45.236665,5.4025,0.595404,3.21667,145.68966
SPHINCS+-SHA2-128f-simple_run19,active,45.249411,5.39625,0.596477,3.218738,145.730684
SPHINCS+-SHA2-128f-simple_run19,active,45.26215,5.3975,0.599695,3.236855,145.771919
SPHINCS+-SHA2-128f-simple_run19,active,45.274886,5.39625,0.596834,3.220668,145.812937
SPHINCS+-SHA2-128f-simple_run19,active,45.287621,5.39125,0.596656,3.21672,145.853902
SPHINCS+-SHA2-128f-simple_run19,active,45.300356,5.39625,0.596119,3.216808,145.894869
SPHINCS+-SHA2-128f-simple_run19,active,45.313093,5.395,0.597371,3.222815,145.935916
SPHINCS+-SHA2-128f-simple_run19,active,45.325826,5.395,0.598444,3.228603,145.977026
SPHINCS+-SHA2-128f-simple_run19,active,45.338561,5.39875,0.596834,3.22216,146.01806
SPHINCS+-SHA2-128f-simple_run19,active,45.351302,5.4025,0.596119,3.220534,146.059095
SPHINCS+-SHA2-128f-simple_run19,active,45.364043,5.3975,0.601483,3.246506,146.100459
SPHINCS+-SHA2-128f-simple_run19,active,45.37678,5.395,0.59594,3.215098,146.141409
SPHINCS+-SHA2-128f-simple_run19,active,45.389515,5.395,0.599159,3.232462,146.182574
SPHINCS+-SHA2-128f-simple_run19,active,45.402248,5.39625,0.597013,3.221632,146.223595
SPHINCS+-SHA2-128f-simple_run19,active,45.41499,5.3975,0.59594,3.216588,146.264582
SPHINCS+-SHA2-128f-simple_run19,active,45.427727,5.39125,0.59594,3.212864,146.305502
SPHINCS+-SHA2-128f-simple_run19,active,45.440466,5.39625,0.59594,3.215843,146.346469
SPHINCS+-SHA2-128f-simple_run19,active,45.453209,5.3975,0.596119,3.217553,146.387472
SPHINCS+-SHA2-128f-simple_run19,active,45.465947,5.40375,0.60041,3.244468,146.428801
SPHINCS+-SHA2-128f-simple_run19,active,45.478683,5.3975,0.596119,3.217553,146.469779
SPHINCS+-SHA2-128f-simple_run19,active,45.491419,5.39625,0.596298,3.217773,146.51076
SPHINCS+-SHA2-128f-simple_run19,active,45.504184,5.39625,0.59594,3.215843,146.55181
SPHINCS+-SHA2-128f-simple_run19,active,45.516925,5.39625,0.596477,3.218738,146.59282
SPHINCS+-SHA2-128f-simple_run19,active,45.529658,5.3975,0.596834,3.221414,146.633838
SPHINCS+-SHA2-128f-simple_run19,active,45.542394,5.3975,0.596834,3.221414,146.674866
SPHINCS+-SHA2-128f-simple_run19,active,45.555135,5.39625,0.597013,3.221632,146.715913
SPHINCS+-SHA2-128f-simple_run19,active,45.567875,5.39625,0.597728,3.225492,146.757004
SPHINCS+-SHA2-128f-simple_run19,active,45.580612,5.3975,0.59594,3.216588,146.797974
SPHINCS+-SHA2-128f-simple_run19,active,45.593345,5.3975,0.595225,3.212728,146.838884
SPHINCS+-SHA2-128f-simple_run19,active,45.606077,5.39375,0.606311,3.270289,146.88052
SPHINCS+-SHA2-128f-simple_run19,active,45.618812,5.3825,0.59594,3.207649,146.921369
SPHINCS+-SHA2-128f-simple_run19,active,45.631539,5.39875,0.595583,3.215403,146.962293
SPHINCS+-SHA2-128f-simple_run19,active,45.644281,5.395,0.59594,3.215098,147.00326
SPHINCS+-SHA2-128f-simple_run19,active,45.657029,5.39625,0.595046,3.211019,147.044191
SPHINCS+-SHA2-128f-simple_run19,active,45.669776,5.3975,0.596119,3.217553,147.085206
SPHINCS+-SHA2-128f-simple_run19,active,45.682511,5.39625,0.605417,3.26698,147.126814
SPHINCS+-SHA2-128f-simple_run19,active,45.695246,5.39875,0.593258,3.202854,147.167602
SPHINCS+-SHA2-128f-simple_run19,active,45.707982,5.39625,0.59594,3.215843,147.208556
SPHINCS+-SHA2-128f-simple_run19,active,45.720723,5.3975,0.596119,3.217553,147.249553
SPHINCS+-SHA2-128f-simple_run19,active,45.733491,5.395,0.596119,3.216063,147.290614
SPHINCS+-SHA2-128f-simple_run19,active,45.746227,5.395,0.599695,3.235356,147.33182
SPHINCS+-SHA2-128f-simple_run19,active,45.758968,5.39875,0.605059,3.266563,147.373439
SPHINCS+-SHA2-128f-simple_run19,active,45.771707,5.3975,0.59594,3.216588,147.414416
SPHINCS+-SHA2-128f-simple_run19,active,45.784446,5.39875,0.598622,3.231813,147.455588
SPHINCS+-SHA2-128f-simple_run19,active,45.797185,5.3975,0.596834,3.221414,147.496623
SPHINCS+-SHA2-128f-simple_run19,active,45.809919,5.395,0.596119,3.216063,147.537575
SPHINCS+-SHA2-128f-simple_run19,active,45.822661,5.39625,0.600589,3.240929,147.578872
SPHINCS+-SHA2-128f-simple_run19,active,45.835396,5.395,0.605774,3.268153,147.620492
SPHINCS+-SHA2-128f-simple_run19,active,45.848163,5.39625,0.59594,3.215843,147.661551
SPHINCS+-SHA2-128f-simple_run19,active,45.86091,5.39625,0.596477,3.218738,147.702578
SPHINCS+-SHA2-128f-simple_run19,active,45.87365,5.395,0.596119,3.216063,147.743553
SPHINCS+-SHA2-128f-simple_run19,active,45.886387,5.405,0.595225,3.217192,147.784528
SPHINCS+-SHA2-128f-simple_run19,active,45.899122,5.3975,0.596477,3.219484,147.825529
SPHINCS+-SHA2-128f-simple_run19,active,45.911859,5.39625,0.598801,3.231281,147.866685
SPHINCS+-SHA2-128f-simple_run19,active,45.924595,5.3975,0.597728,3.226239,147.907775
SPHINCS+-SHA2-128f-simple_run19,active,45.937331,5.3975,0.596834,3.221414,147.948802
SPHINCS+-SHA2-128f-simple_run19,active,45.950064,5.3975,0.596834,3.221414,147.989822
SPHINCS+-SHA2-128f-simple_run19,active,45.965756,5.3975,0.591113,3.190531,148.039886
SPHINCS+-SHA2-128f-simple_run19,active,45.978518,5.3975,0.598801,3.232029,148.081133
SPHINCS+-SHA2-128f-simple_run19,active,45.991256,5.3975,0.599159,3.23396,148.122328
SPHINCS+-SHA2-128f-simple_run19,active,46.003992,5.39625,0.595583,3.213914,148.163261
SPHINCS+-SHA2-128f-simple_run19,active,46.016731,5.3975,0.599159,3.23396,148.204457
SPHINCS+-SHA2-128f-simple_run19,active,46.029489,5.3975,0.597192,3.223344,148.245583
SPHINCS+-SHA2-128f-simple_run19,active,46.042224,5.39625,0.59594,3.215843,148.286537
SPHINCS+-SHA2-128f-simple_run19,active,46.054957,5.39625,0.594331,3.20716,148.327373
SPHINCS+-SHA2-128f-simple_run19,active,46.067699,5.39625,0.597907,3.226457,148.368483
SPHINCS+-SHA2-128f-simple_run19,active,46.080442,5.3975,0.599874,3.23782,148.409742
SPHINCS+-SHA2-128f-simple_run19,active,46.093176,5.39625,0.596298,3.217773,148.450719
SPHINCS+-SHA2-128f-simple_run19,active,46.105908,5.3975,0.597371,3.224309,148.491769
SPHINCS+-SHA2-128f-simple_run19,active,46.118642,5.3925,0.595583,3.21168,148.532667
SPHINCS+-SHA2-128f-simple_run19,active,46.131375,5.39625,0.596477,3.218738,148.573653
SPHINCS+-SHA2-128f-simple_run19,active,46.144108,5.395,0.599874,3.23632,148.61486
SPHINCS+-SHA2-128f-simple_run19,active,46.156845,5.39875,0.59594,3.217333,148.655839
SPHINCS+-SHA2-128f-simple_run19,active,46.169585,5.3975,0.596656,3.220449,148.696868
SPHINCS+-SHA2-128f-simple_run19,active,46.182325,5.395,0.60041,3.239214,148.738137
SPHINCS+-SHA2-128f-simple_run19,active,46.19506,5.3975,0.593974,3.205973,148.778965
SPHINCS+-SHA2-128f-simple_run19,active,46.207794,5.3975,0.600053,3.238785,148.820207
SPHINCS+-SHA2-128f-simple_run19,active,46.220531,5.39625,0.596298,3.217773,148.86119
SPHINCS+-SHA2-128f-simple_run19,active,46.233266,5.3975,0.59594,3.216588,148.902153
SPHINCS+-SHA2-128f-simple_run19,active,46.245999,5.4,0.59755,3.226768,148.94324
SPHINCS+-SHA2-128f-simple_run19,active,46.258737,5.395,0.596477,3.217992,148.984231
SPHINCS+-SHA2-128f-simple_run19,active,46.271478,5.39625,0.596477,3.218738,149.025242
SPHINCS+-SHA2-128f-simple_run19,active,46.284221,5.3975,0.610244,3.293794,149.067213
SPHINCS+-SHA2-128f-simple_run19,active,46.296956,5.395,0.597371,3.222815,149.108257
SPHINCS+-SHA2-128f-simple_run19,active,46.309689,5.39625,0.596834,3.220668,149.149265
SPHINCS+-SHA2-128f-simple_run19,active,46.32242,5.3925,0.596298,3.215537,149.190202
SPHINCS+-SHA2-128f-simple_run19,active,46.335156,5.40125,0.596119,3.219789,149.231209
SPHINCS+-SHA2-128f-simple_run19,active,46.347889,5.39625,0.59594,3.215843,149.272158
SPHINCS+-SHA2-128f-simple_run19,active,46.360626,5.3975,0.60488,3.264842,149.313743
SPHINCS+-SHA2-128f-simple_run19,active,46.373369,5.39875,0.596298,3.219264,149.354765
SPHINCS+-SHA2-128f-simple_run19,active,46.386106,5.39875,0.599874,3.23857,149.396013
SPHINCS+-SHA2-128f-simple_run19,active,46.39884,5.39625,0.596119,3.216808,149.436977
SPHINCS+-SHA2-128f-simple_run19,active,46.411575,5.39875,0.596477,3.220229,149.477986
SPHINCS+-SHA2-128f-simple_run19,active,46.424318,5.4025,0.595762,3.218602,149.519001
SPHINCS+-SHA2-128f-simple_run19,active,46.437061,5.3975,0.604702,3.263877,149.560593
SPHINCS+-SHA2-128f-simple_run19,active,46.449794,5.39375,0.596477,3.217247,149.601559
SPHINCS+-SHA2-128f-simple_run19,active,46.462707,5.3975,0.596119,3.217553,149.643105
SPHINCS+-SHA2-128f-simple_run19,active,46.47545,5.39375,0.592186,3.194101,149.683809
SPHINCS+-SHA2-128f-simple_run19,active,46.488195,5.3975,0.596119,3.217553,149.724816
SPHINCS+-SHA2-128f-simple_run19,active,46.500932,5.39625,0.59451,3.208125,149.765678
SPHINCS+-SHA2-128f-simple_run19,active,46.513666,5.39625,0.59594,3.215843,149.806628
SPHINCS+-SHA2-128f-simple_run19,active,46.526401,5.39625,0.596834,3.220668,149.847644
SPHINCS+-SHA2-128f-simple_run19,active,46.539136,5.39625,0.596298,3.217773,149.888621
SPHINCS+-SHA2-128f-simple_run19,active,46.55187,5.39625,0.596477,3.218738,149.92961
SPHINCS+-SHA2-128f-simple_run19,active,46.564609,5.39625,0.592543,3.197511,149.970342
SPHINCS+-SHA2-128f-simple_run19,active,46.57735,5.39625,0.59594,3.215843,150.011317
SPHINCS+-SHA2-128f-simple_run19,active,46.590088,5.395,0.601483,3.245002,150.05265
SPHINCS+-SHA2-128f-simple_run19,active,46.602823,5.39625,0.596834,3.220668,150.093666
SPHINCS+-SHA2-128f-simple_run19,active,46.615557,5.3975,0.595762,3.215623,150.134614
SPHINCS+-SHA2-128f-simple_run19,active,46.628294,5.39875,0.59594,3.217333,150.175594
SPHINCS+-SHA2-128f-simple_run19,active,46.641029,5.4,0.595762,3.217113,150.216561
SPHINCS+-SHA2-128f-simple_run19,active,46.653764,5.395,0.598444,3.228603,150.257678
SPHINCS+-SHA2-128f-simple_run19,active,46.666498,5.39625,0.593616,3.2033,150.298469
SPHINCS+-SHA2-128f-simple_run19,active,46.679238,5.39625,0.596119,3.216808,150.339452
SPHINCS+-SHA2-128f-simple_run19,active,46.691976,5.3975,0.601304,3.24554,150.380794
SPHINCS+-SHA2-128f-simple_run19,active,46.704712,5.39875,0.602735,3.254015,150.422236
SPHINCS+-SHA2-128f-simple_run19,active,46.717485,5.39625,0.596298,3.217773,150.463339
SPHINCS+-SHA2-128f-simple_run19,active,46.730222,5.3975,0.595762,3.215623,150.504294
SPHINCS+-SHA2-128f-simple_run19,active,46.742956,5.39625,0.599516,3.23514,150.545491
SPHINCS+-SHA2-128f-simple_run19,active,46.75569,5.39625,0.602198,3.249613,150.58687
SPHINCS+-SHA2-128f-simple_run19,active,46.768427,5.39625,0.59594,3.215843,150.627832
SPHINCS+-SHA2-128f-simple_run19,active,46.781169,5.39625,0.596298,3.217773,150.668832
SPHINCS+-SHA2-128f-simple_run19,active,46.793907,5.3975,0.599516,3.23589,150.710053
SPHINCS+-SHA2-128f-simple_run19,active,46.806643,5.3975,0.595762,3.215623,150.751006
SPHINCS+-SHA2-128f-simple_run19,active,46.819377,5.39875,0.598622,3.231813,150.792159
SPHINCS+-SHA2-128f-simple_run19,active,46.832111,5.395,0.59594,3.215098,150.8331
SPHINCS+-SHA2-128f-simple_run19,active,46.84485,5.40125,0.596298,3.220755,150.874131
SPHINCS+-SHA2-128f-simple_run19,active,46.857584,5.39625,0.597371,3.223562,150.915177
SPHINCS+-SHA2-128f-simple_run19,active,46.870319,5.39875,0.59594,3.217333,150.956152
SPHINCS+-SHA2-128f-simple_run19,active,46.88306,5.3975,0.596119,3.217553,150.997147
SPHINCS+-SHA2-128f-simple_run19,active,46.895796,5.3975,0.601126,3.244575,151.038468
SPHINCS+-SHA2-128f-simple_run19,active,46.908533,5.39875,0.596119,3.218299,151.079461
SPHINCS+-SHA2-128f-simple_run19,active,46.921269,5.3975,0.595762,3.215623,151.120415
SPHINCS+-SHA2-128f-simple_run19,active,46.933999,5.3925,0.59594,3.213609,151.161324
SPHINCS+-SHA2-128f-simple_run19,active,46.94674,5.39625,0.595583,3.213914,151.202271
SPHINCS+-SHA2-128f-simple_run19,active,46.959475,5.38375,0.599338,3.226684,151.243364
SPHINCS+-SHA2-128f-simple_run19,active,46.972211,5.3975,0.59594,3.216588,151.284329
SPHINCS+-SHA2-128f-simple_run19,active,46.984952,5.40375,0.596119,3.221279,151.325373
SPHINCS+-SHA2-128f-simple_run19,active,46.997689,5.3975,0.596477,3.219484,151.366381
SPHINCS+-SHA2-128f-simple_run19,active,47.010426,5.395,0.596656,3.218957,151.407378
SPHINCS+-SHA2-128f-simple_run19,active,47.023162,5.3975,0.59594,3.216588,151.448345
SPHINCS+-SHA2-128f-simple_run19,active,47.035897,5.39375,0.605059,3.263538,151.489906
SPHINCS+-SHA2-128f-simple_run19,active,47.048634,5.3975,0.595583,3.214658,151.530853
SPHINCS+-SHA2-128f-simple_run19,active,47.061368,5.38375,0.596119,3.209357,151.571721
SPHINCS+-SHA2-128f-simple_run19,active,47.0741,5.4,0.597907,3.228699,151.612827
SPHINCS+-SHA2-128f-simple_run19,active,47.086839,5.39625,0.596298,3.217773,151.65382
SPHINCS+-SHA2-128f-simple_run19,active,47.099577,5.3975,0.596477,3.219484,151.694829
SPHINCS+-SHA2-128f-simple_run19,active,47.112314,5.3975,0.605774,3.269667,151.736475
SPHINCS+-SHA2-128f-simple_run19,active,47.12505,5.40125,0.598622,3.233309,151.777654
SPHINCS+-SHA2-128f-simple_run19,active,47.137783,5.39875,0.59594,3.217333,151.818619
SPHINCS+-SHA2-128f-simple_run19,active,47.150518,5.39625,0.596119,3.216808,151.859588
SPHINCS+-SHA2-128f-simple_run19,active,47.163252,5.385,0.595404,3.206251,151.900416
SPHINCS+-SHA2-128f-simple_run19,active,47.175987,5.3975,0.597013,3.222379,151.941452
SPHINCS+-SHA2-128f-simple_run19,active,47.18873,5.395,0.604702,3.262365,151.983025
SPHINCS+-SHA2-128f-simple_run19,active,47.2015,5.39875,0.598622,3.231813,152.024295
SPHINCS+-SHA2-128f-simple_run19,active,47.214237,5.39625,0.599338,3.234176,152.065487
SPHINCS+-SHA2-128f-simple_run19,active,47.22697,5.39625,0.596119,3.216808,152.106448
SPHINCS+-SHA2-128f-simple_run19,active,47.242607,5.39875,0.596119,3.218299,152.156774
SPHINCS+-SHA2-128f-simple_run19,active,47.25536,5.38875,0.59594,3.211374,152.197726
SPHINCS+-SHA2-128f-simple_run19,active,47.268096,5.39625,0.59898,3.232246,152.238893
SPHINCS+-SHA2-128f-simple_run19,active,47.280835,5.39625,0.595583,3.213914,152.279833
SPHINCS+-SHA2-128f-simple_run19,active,47.293574,5.39875,0.59594,3.217333,152.32082
SPHINCS+-SHA2-128f-simple_run19,active,47.306314,5.3975,0.596656,3.220449,152.36185
SPHINCS+-SHA2-128f-simple_run19,active,47.319049,5.395,0.596834,3.219922,152.402853
SPHINCS+-SHA2-128f-simple_run19,active,47.331782,5.39625,0.596298,3.217773,152.443828
SPHINCS+-SHA2-128f-simple_run19,active,47.344517,5.39625,0.600947,3.242859,152.485125
SPHINCS+-SHA2-128f-simple_run19,active,47.357251,5.39625,0.597013,3.221632,152.526149
SPHINCS+-SHA2-128f-simple_run19,active,47.369987,5.395,0.59594,3.215098,152.567097
SPHINCS+-SHA2-128f-simple_run19,active,47.382721,5.39625,0.59594,3.215843,152.608047
SPHINCS+-SHA2-128f-simple_run19,active,47.39546,5.3975,0.595762,3.215623,152.649011
SPHINCS+-SHA2-128f-simple_run19,active,47.408201,5.39625,0.596119,3.216808,152.689996
SPHINCS+-SHA2-128f-simple_run19,active,47.420935,5.3975,0.598801,3.232029,152.731152
SPHINCS+-SHA2-128f-simple_run19,active,47.433666,5.39375,0.588967,3.176742,152.771596
SPHINCS+-SHA2-128f-simple_run19,active,47.446402,5.39875,0.59755,3.226021,152.812682
SPHINCS+-SHA2-128f-simple_run19,active,47.459141,5.39625,0.595583,3.213914,152.853626
SPHINCS+-SHA2-128f-simple_run19,active,47.471874,5.3975,0.596477,3.219484,152.894616
SPHINCS+-SHA2-128f-simple_run19,active,47.48461,5.3925,0.595762,3.212644,152.935533
SPHINCS+-SHA2-128f-simple_run19,active,47.49735,5.3975,0.598265,3.229134,152.976672
SPHINCS+-SHA2-128f-simple_run19,active,47.510087,5.39625,0.59594,3.215843,153.017632
SPHINCS+-SHA2-128f-simple_run19,active,47.522821,5.39625,0.596119,3.216808,153.058595
SPHINCS+-SHA2-128f-simple_run19,active,47.535555,5.395,0.597728,3.224745,153.099659
SPHINCS+-SHA2-128f-simple_run19,active,47.548291,5.39625,0.596119,3.216808,153.140629
SPHINCS+-SHA2-128f-simple_run19,active,47.561026,5.395,0.59594,3.215098,153.181575
SPHINCS+-SHA2-128f-simple_run19,active,47.573758,5.385,0.595046,3.204325,153.222373
SPHINCS+-SHA2-128f-simple_run19,active,47.586493,5.3975,0.596834,3.221414,153.263397
SPHINCS+-SHA2-128f-simple_run19,active,47.599235,5.39875,0.59594,3.217333,153.304391
SPHINCS+-SHA2-128f-simple_run19,active,47.611973,5.3975,0.599695,3.236855,153.345624
SPHINCS+-SHA2-128f-simple_run19,active,47.624711,5.39625,0.597013,3.221632,153.38666
SPHINCS+-SHA2-128f-simple_run19,active,47.637496,5.39625,0.596298,3.217773,153.427799
SPHINCS+-SHA2-128f-simple_run19,active,47.650238,5.39625,0.596119,3.216808,153.468786
SPHINCS+-SHA2-128f-simple_run19,active,47.662975,5.39625,0.594331,3.20716,153.509637
SPHINCS+-SHA2-128f-simple_run19,active,47.675711,5.38625,0.596119,3.210847,153.550529
SPHINCS+-SHA2-128f-simple_run19,active,47.688448,5.39625,0.59594,3.215843,153.591489
SPHINCS+-SHA2-128f-simple_run19,active,47.701189,5.39625,0.59594,3.215843,153.632465
SPHINCS+-SHA2-128f-simple_run19,active,47.713928,5.3975,0.606668,3.274493,153.674177
SPHINCS+-SHA2-128f-simple_run19,active,47.72667,5.3975,0.596477,3.219484,153.715199
SPHINCS+-SHA2-128f-simple_run19,active,47.739407,5.39625,0.596298,3.217773,153.756186
SPHINCS+-SHA2-128f-simple_run19,active,47.752174,5.39875,0.596119,3.218299,153.797271
SPHINCS+-SHA2-128f-simple_run19,active,47.764914,5.4,0.596119,3.219044,153.838284
SPHINCS+-SHA2-128f-simple_run19,active,47.777711,5.38125,0.596298,3.208829,153.879348
SPHINCS+-SHA2-128f-simple_run19,active,47.790596,5.39375,0.605059,3.263538,153.921397
SPHINCS+-SHA2-128f-simple_run19,active,47.803347,5.38875,0.597371,3.219082,153.962445
SPHINCS+-SHA2-128f-simple_run19,active,47.8161,5.38875,0.599516,3.230644,154.003644
SPHINCS+-SHA2-128f-simple_run19,active,47.828544,5.38875,0.596119,3.212337,154.04362
SPHINCS+-SHA2-128f-simple_run19,active,47.840984,5.38875,0.59594,3.211374,154.083566
SPHINCS+-SHA2-128f-simple_run19,active,47.853417,5.39,0.597192,3.218865,154.123587
SPHINCS+-SHA2-128f-simple_run19,active,47.86585,5.38875,0.605238,3.261476,154.164137
SPHINCS+-SHA2-128f-simple_run19,active,47.878283,5.3875,0.597013,3.216409,154.204127
SPHINCS+-SHA2-128f-simple_run19,active,47.890715,5.3875,0.59594,3.210629,154.244043
SPHINCS+-SHA2-128f-simple_run19,active,47.903147,5.39,0.59594,3.212119,154.283976
SPHINCS+-SHA2-128f-simple_run19,active,47.915599,5.3975,0.599695,3.236855,154.324282
SPHINCS+-SHA2-128f-simple_run19,active,47.928342,5.3975,0.596119,3.217553,154.365281
SPHINCS+-SHA2-128f-simple_run19,active,47.941081,5.39625,0.605953,3.269875,154.406936
SPHINCS+-SHA2-128f-simple_run19,active,47.953815,5.39875,0.598086,3.228917,154.448052
SPHINCS+-SHA2-128f-simple_run19,active,47.96655,5.395,0.596298,3.217028,154.489022
SPHINCS+-SHA2-128f-simple_run19,active,47.979286,5.3975,0.59594,3.216588,154.529991
SPHINCS+-SHA2-128f-simple_run19,active,47.992022,5.395,0.596119,3.216063,154.570948
SPHINCS+-SHA2-128f-simple_run19,active,48.004767,5.4,0.598265,3.23063,154.612125
SPHINCS+-SHA2-128f-simple_run19,active,48.017506,5.3975,0.60649,3.273528,154.653825
SPHINCS+-SHA2-128f-simple_run19,active,48.030244,5.39625,0.596298,3.217773,154.694813
SPHINCS+-SHA2-128f-simple_run19,active,48.04298,5.3975,0.594689,3.209833,154.735694
SPHINCS+-SHA2-128f-simple_run19,active,48.055716,5.3975,0.596477,3.219484,154.776696
SPHINCS+-SHA2-128f-simple_run19,active,48.068457,5.3975,0.596119,3.217553,154.817692
SPHINCS+-SHA2-128f-simple_run19,active,48.081193,5.39625,0.596119,3.216808,154.858661
SPHINCS+-SHA2-128f-simple_run19,active,48.093928,5.40625,0.596119,3.222769,154.899702
SPHINCS+-SHA2-128f-simple_run19,active,48.10667,5.39625,0.596834,3.220668,154.940741
SPHINCS+-SHA2-128f-simple_run19,active,48.11941,5.3975,0.596119,3.217553,154.981731
SPHINCS+-SHA2-128f-simple_run19,active,48.132188,5.3975,0.596477,3.219484,155.02287
SPHINCS+-SHA2-128f-simple_run19,active,48.144929,5.40125,0.597907,3.229446,155.064018
SPHINCS+-SHA2-128f-simple_run19,active,48.157663,5.3975,0.596119,3.217553,155.104989
SPHINCS+-SHA2-128f-simple_run19,active,48.1704,5.39625,0.596656,3.219703,155.146
SPHINCS+-SHA2-128f-simple_run19,active,48.183136,5.3975,0.594331,3.207903,155.186855
SPHINCS+-SHA2-128f-simple_run19,active,48.19587,5.39625,0.595583,3.213914,155.227782
SPHINCS+-SHA2-128f-simple_run19,active,48.208617,5.39625,0.597013,3.221632,155.268846
SPHINCS+-SHA2-128f-simple_run19,active,48.221359,5.39625,0.596656,3.219703,155.309871
SPHINCS+-SHA2-128f-simple_run19,active,48.234094,5.39875,0.596477,3.220229,155.35088
SPHINCS+-SHA2-128f-simple_run19,active,48.246829,5.395,0.59755,3.22378,155.391936
SPHINCS+-SHA2-128f-simple_run19,active,48.259564,5.3975,0.59594,3.216588,155.432899
SPHINCS+-SHA2-128f-simple_run19,active,48.272301,5.4,0.59594,3.218078,155.473888
SPHINCS+-SHA2-128f-simple_run19,active,48.285037,5.395,0.596477,3.217992,155.514872
SPHINCS+-SHA2-128f-simple_run19,active,48.29777,5.39625,0.596119,3.216808,155.555832
SPHINCS+-SHA2-128f-simple_run19,active,48.310512,5.3975,0.596119,3.217553,155.596832
SPHINCS+-SHA2-128f-simple_run19,active,48.323252,5.39625,0.598801,3.231281,155.637996
SPHINCS+-SHA2-128f-simple_run19,active,48.335986,5.39875,0.596298,3.219264,155.67899
SPHINCS+-SHA2-128f-simple_run19,active,48.348724,5.39875,0.595762,3.216368,155.719961
SPHINCS+-SHA2-128f-simple_run19,active,48.361494,5.39625,0.596834,3.220668,155.761088
SPHINCS+-SHA2-128f-simple_run19,active,48.374231,5.39625,0.596656,3.219703,155.802097
SPHINCS+-SHA2-128f-simple_run19,active,48.386968,5.39625,0.596298,3.217773,155.843084
SPHINCS+-SHA2-128f-simple_run19,active,48.399704,5.3975,0.598622,3.231064,155.884234
SPHINCS+-SHA2-128f-simple_run19,active,48.412448,5.3975,0.592543,3.198252,155.924993
SPHINCS+-SHA2-128f-simple_run19,active,48.425192,5.39875,0.599159,3.234709,155.966217
SPHINCS+-SHA2-128f-simple_run19,active,48.437926,5.3975,0.595225,3.212728,156.007125
SPHINCS+-SHA2-128f-simple_run19,active,48.450659,5.39625,0.596119,3.216808,156.048088
SPHINCS+-SHA2-128f-simple_run19,active,48.463394,5.395,0.596834,3.219922,156.089092
SPHINCS+-SHA2-128f-simple_run19,active,48.47616,5.395,0.599874,3.23632,156.130406
SPHINCS+-SHA2-128f-simple_run19,active,48.488908,5.3975,0.596119,3.217553,156.171424
SPHINCS+-SHA2-128f-simple_run19,active,48.501642,5.39625,0.593437,3.202335,156.212203
SPHINCS+-SHA2-128f-simple_run19,active,48.517396,5.39375,0.59594,3.214354,156.262843
SPHINCS+-SHA2-128f-simple_run19,active,48.53016,5.39875,0.59594,3.217333,156.303908
SPHINCS+-SHA2-128f-simple_run19,active,48.542901,5.39,0.603986,3.255487,156.345386
SPHINCS+-SHA2-128f-simple_run19,active,48.555638,5.3975,0.596834,3.221414,156.386417
SPHINCS+-SHA2-128f-simple_run19,active,48.568377,5.3975,0.59594,3.216588,156.427393
SPHINCS+-SHA2-128f-simple_run19,active,48.581114,5.39625,0.59594,3.215843,156.468354
SPHINCS+-SHA2-128f-simple_run19,active,48.593848,5.39875,0.59451,3.209611,156.509226
SPHINCS+-SHA2-128f-simple_run19,active,48.606587,5.3975,0.596298,3.218518,156.550226
SPHINCS+-SHA2-128f-simple_run19,active,48.619331,5.39625,0.605238,3.266016,156.591846
SPHINCS+-SHA2-128f-simple_run19,active,48.632074,5.4,0.599695,3.238354,156.633113
SPHINCS+-SHA2-128f-simple_run19,active,48.644813,5.39625,0.594331,3.20716,156.673968
SPHINCS+-SHA2-128f-simple_run19,active,48.65755,5.39625,0.596119,3.216808,156.714944
SPHINCS+-SHA2-128f-simple_run19,active,48.670285,5.39625,0.597192,3.222597,156.755983
SPHINCS+-SHA2-128f-simple_run19,active,48.683019,5.395,0.593258,3.200629,156.796738
SPHINCS+-SHA2-128f-simple_run19,active,48.695752,5.395,0.597728,3.224745,156.837801
SPHINCS+-SHA2-128f-simple_run19,active,48.708512,5.39625,0.596119,3.216808,156.878847
SPHINCS+-SHA2-128f-simple_run19,active,48.72134,5.395,0.590219,3.18423,156.919694
SPHINCS+-SHA2-128f-simple_run19,active,48.734092,5.3975,0.601841,3.248436,156.961117
SPHINCS+-SHA2-128f-simple_run19,active,48.746831,5.39375,0.59594,3.214354,157.002065
SPHINCS+-SHA2-128f-simple_run19,active,48.759569,5.40125,0.595762,3.217857,157.043055
SPHINCS+-SHA2-128f-simple_run19,active,48.772309,5.4,0.594152,3.208423,157.083929
SPHINCS+-SHA2-128f-simple_run19,active,48.785045,5.3975,0.603808,3.259052,157.125438
SPHINCS+-SHA2-128f-simple_run19,active,48.79778,5.3975,0.595583,3.214658,157.166376
SPHINCS+-SHA2-128f-simple_run19,active,48.810515,5.3975,0.595762,3.215623,157.207327
SPHINCS+-SHA2-128f-simple_run19,active,48.823257,5.3975,0.586464,3.165439,157.247659
SPHINCS+-SHA2-128f-simple_run19,active,48.835998,5.3975,0.600947,3.24361,157.288986
SPHINCS+-SHA2-128f-simple_run19,active,48.848736,5.3975,0.598265,3.229134,157.33012
SPHINCS+-SHA2-128f-simple_run19,active,48.861511,5.39625,0.59594,3.215843,157.371202
SPHINCS+-SHA2-128f-simple_run19,active,48.874248,5.39875,0.596119,3.218299,157.412193
SPHINCS+-SHA2-128f-simple_run19,active,48.886982,5.39625,0.59594,3.215843,157.453144
SPHINCS+-SHA2-128f-simple_run19,active,48.899716,5.3975,0.59594,3.216588,157.494105
SPHINCS+-SHA2-128f-simple_run19,active,48.912454,5.39875,0.594331,3.208646,157.534977
SPHINCS+-SHA2-128f-simple_run19,active,48.925196,5.39625,0.599874,3.23707,157.576222
SPHINCS+-SHA2-128f-simple_run19,active,48.937935,5.3975,0.601841,3.248436,157.617606
SPHINCS+-SHA2-128f-simple_run19,active,48.950672,5.3975,0.59594,3.216588,157.658574
SPHINCS+-SHA2-128f-simple_run19,active,48.963408,5.395,0.595583,3.213169,157.699496
SPHINCS+-SHA2-128f-simple_run19,active,48.976172,5.395,0.597192,3.221851,157.740622
SPHINCS+-SHA2-128f-simple_run19,active,48.988911,5.39625,0.595583,3.213914,157.781563
SPHINCS+-SHA2-128f-simple_run19,active,49.001646,5.3875,0.598622,3.225078,157.822634
SPHINCS+-SHA2-128f-simple_run19,active,49.014382,5.40375,0.59594,3.220313,157.863647
SPHINCS+-SHA2-128f-simple_run19,active,49.027123,5.39625,0.59594,3.215843,157.904623
SPHINCS+-SHA2-128f-simple_run19,active,49.039862,5.3975,0.598801,3.232029,157.945795
SPHINCS+-SHA2-128f-simple_run19,active,49.052601,5.405,0.596477,3.223957,157.986864
SPHINCS+-SHA2-128f-simple_run19,active,49.065337,5.39625,0.595762,3.214879,158.027808
SPHINCS+-SHA2-128f-simple_run19,active,49.078069,5.39625,0.599695,3.236105,158.069012
SPHINCS+-SHA2-128f-simple_run19,active,49.090805,5.39125,0.596119,3.213828,158.109942
SPHINCS+-SHA2-128f-simple_run19,active,49.10354,5.4,0.596656,3.22194,158.150972
SPHINCS+-SHA2-128f-simple_run19,active,49.116277,5.39625,0.596119,3.216808,158.191945
SPHINCS+-SHA2-128f-simple_run19,active,49.129019,5.3975,0.596298,3.218518,158.232956
SPHINCS+-SHA2-128f-simple_run19,active,49.141758,5.40375,0.599516,3.239637,158.274225
SPHINCS+-SHA2-128f-simple_run19,active,49.154493,5.3975,0.598622,3.231064,158.315372
SPHINCS+-SHA2-128f-simple_run19,active,49.167228,5.395,0.596119,3.216063,158.356332
SPHINCS+-SHA2-128f-simple_run19,active,49.179962,5.39625,0.595762,3.214879,158.397269
SPHINCS+-SHA2-128f-simple_run19,active,49.192701,5.4,0.595583,3.216147,158.438239
SPHINCS+-SHA2-128f-simple_run19,active,49.205466,5.3975,0.596834,3.221414,158.479359
SPHINCS+-SHA2-128f-simple_run19,active,49.218202,5.39875,0.602735,3.254015,158.520803
SPHINCS+-SHA2-128f-simple_run19,active,49.230944,5.39625,0.598265,3.228386,158.561939
SPHINCS+-SHA2-128f-simple_run19,active,49.243683,5.395,0.602735,3.251754,158.603364
SPHINCS+-SHA2-128f-simple_run19,active,49.256421,5.39625,0.596477,3.218738,158.644363
SPHINCS+-SHA2-128f-simple_run19,active,49.269156,5.3975,0.596477,3.219484,158.685363
SPHINCS+-SHA2-128f-simple_run19,active,49.281888,5.3975,0.591113,3.190531,158.725985
SPHINCS+-SHA2-128f-simple_run19,active,49.294622,5.395,0.605417,3.266224,158.767578
SPHINCS+-SHA2-128f-simple_run19,active,49.307355,5.40125,0.596656,3.222686,158.808613
SPHINCS+-SHA2-128f-simple_run19,active,49.320089,5.3975,0.595583,3.214658,158.849549
SPHINCS+-SHA2-128f-simple_run19,active,49.332832,5.3975,0.59594,3.216588,158.890538
SPHINCS+-SHA2-128f-simple_run19,active,49.345572,5.39625,0.608099,3.281453,158.932341
SPHINCS+-SHA2-128f-simple_run19,active,49.358306,5.3975,0.59594,3.216588,158.973304
SPHINCS+-SHA2-128f-simple_run19,active,49.371039,5.39875,0.598444,3.230847,159.014442
SPHINCS+-SHA2-128f-simple_run19,active,49.383774,5.39625,0.597907,3.226457,159.055531
SPHINCS+-SHA2-128f-simple_run19,active,49.396508,5.39625,0.596119,3.216808,159.096493
SPHINCS+-SHA2-128f-simple_run19,active,49.409244,5.39625,0.59594,3.215843,159.13745
SPHINCS+-SHA2-128f-simple_run19,active,49.421976,5.39625,0.589325,3.180144,159.177939
SPHINCS+-SHA2-128f-simple_run19,active,49.434716,5.3975,0.596477,3.219484,159.218957
SPHINCS+-SHA2-128f-simple_run19,active,49.447455,5.39625,0.606311,3.271805,159.260635
SPHINCS+-SHA2-128f-simple_run19,active,49.460192,5.3975,0.596119,3.217553,159.301618
SPHINCS+-SHA2-128f-simple_run19,active,49.472928,5.39375,0.597728,3.223998,159.342677
SPHINCS+-SHA2-128f-simple_run19,active,49.48566,5.39625,0.59755,3.224527,159.383732
SPHINCS+-SHA2-128f-simple_run19,active,49.498395,5.39625,0.597013,3.221632,159.42476
SPHINCS+-SHA2-128f-simple_run19,active,49.511137,5.39625,0.597907,3.226457,159.465872
SPHINCS+-SHA2-128f-simple_run19,active,49.523872,5.4,0.596119,3.219044,159.506865
SPHINCS+-SHA2-128f-simple_run19,active,49.536616,5.37375,0.596477,3.205317,159.547715
SPHINCS+-SHA2-128f-simple_run19,active,49.549356,5.395,0.598265,3.227639,159.588836
SPHINCS+-SHA2-128f-simple_run19,active,49.562091,5.39875,0.59594,3.217333,159.629809
SPHINCS+-SHA2-128f-simple_run19,active,49.574826,5.39625,0.596656,3.219703,159.670811
SPHINCS+-SHA2-128f-simple_run19,active,49.587561,5.39625,0.596477,3.218738,159.7118
SPHINCS+-SHA2-128f-simple_run19,active,49.600298,5.395,0.596119,3.216063,159.752763
SPHINCS+-SHA2-128f-simple_run19,active,49.613032,5.40125,0.59594,3.218823,159.793753
SPHINCS+-SHA2-128f-simple_run19,active,49.625764,5.3975,0.596119,3.217553,159.834718
SPHINCS+-SHA2-128f-simple_run19,active,49.638503,5.3975,0.596477,3.219484,159.875733
SPHINCS+-SHA2-128f-simple_run19,active,49.651243,5.3975,0.600053,3.238785,159.916993
SPHINCS+-SHA2-128f-simple_run19,active,49.663975,5.39625,0.596119,3.216808,159.957951
SPHINCS+-SHA2-128f-simple_run19,active,49.676716,5.3975,0.597728,3.226239,159.999057
SPHINCS+-SHA2-128f-simple_run19,active,49.68948,5.39625,0.596477,3.218738,160.04014
SPHINCS+-SHA2-128f-simple_run19,active,49.702218,5.40375,0.595762,3.219347,160.081149
SPHINCS+-SHA2-128f-simple_run19,active,49.714961,5.3975,0.59594,3.216588,160.122136
SPHINCS+-SHA2-128f-simple_run19,active,49.727701,5.3975,0.596119,3.217553,160.163127
SPHINCS+-SHA2-128f-simple_run19,active,49.740446,5.3925,0.596119,3.214573,160.204098
SPHINCS+-SHA2-128f-simple_run19,active,49.753186,5.39375,0.603986,3.257752,160.245603
SPHINCS+-SHA2-128f-simple_run19,active,49.765919,5.39625,0.597013,3.221632,160.286622
SPHINCS+-SHA2-128f-simple_run19,active,49.778655,5.39625,0.596119,3.216808,160.327592
SPHINCS+-SHA2-128f-simple_run19,active,49.794379,5.39,0.596119,3.213082,160.378114
SPHINCS+-SHA2-128f-simple_run19,active,49.807161,5.39875,0.596119,3.218299,160.419249
SPHINCS+-SHA2-128f-simple_run19,active,49.819901,5.3975,0.602556,3.252296,160.460687
SPHINCS+-SHA2-128f-simple_run19,active,49.832642,5.39375,0.596834,3.219176,160.5017
SPHINCS+-SHA2-128f-simple_run19,active,49.845389,5.3975,0.59594,3.216588,160.542702
SPHINCS+-SHA2-128f-simple_run19,active,49.858129,5.38625,0.596834,3.214699,160.583658
SPHINCS+-SHA2-128f-simple_run19,active,49.870565,5.38875,0.597907,3.221972,160.623726
SPHINCS+-SHA2-128f-simple_run19,active,49.882997,5.3875,0.596477,3.213519,160.663678
SPHINCS+-SHA2-128f-simple_run19,active,49.895429,5.3875,0.596477,3.213519,160.703627
SPHINCS+-SHA2-128f-simple_run19,active,49.907862,5.38875,0.595583,3.209447,160.74353
SPHINCS+-SHA2-128f-simple_run19,active,49.920296,5.3875,0.594689,3.203886,160.783367
SPHINCS+-SHA2-128f-simple_run19,active,49.932727,5.3875,0.600947,3.237601,160.823613
SPHINCS+-SHA2-128f-simple_run19,active,49.945158,5.38875,0.597371,3.219082,160.86363
SPHINCS+-SHA2-128f-simple_run19,active,49.957604,5.39625,0.601304,3.244789,160.904015
SPHINCS+-SHA2-128f-simple_run19,active,49.970342,5.39875,0.602377,3.252084,160.945441
SPHINCS+-SHA2-128f-simple_run19,active,49.983079,5.39625,0.59594,3.215843,160.986399
SPHINCS+-SHA2-128f-simple_run19,active,49.995813,5.39875,0.596477,3.220229,161.027407
SPHINCS+-SHA2-128f-simple_run19,active,50.008552,5.39625,0.596477,3.218738,161.068409
SPHINCS+-SHA2-128f-simple_run19,active,50.021287,5.3925,0.60041,3.237713,161.109644
SPHINCS+-SHA2-128f-simple_run19,active,50.034021,5.3975,0.596834,3.221414,161.150662
SPHINCS+-SHA2-128f-simple_run19,active,50.046803,5.39625,0.610423,3.293996,161.192767
SPHINCS+-SHA2-128f-simple_run19,active,50.059542,5.39875,0.601483,3.247257,161.234135
SPHINCS+-SHA2-128f-simple_run19,active,50.072281,5.3975,0.596119,3.217553,161.275122
SPHINCS+-SHA2-128f-simple_run19,active,50.085018,5.3975,0.59594,3.216588,161.316094
SPHINCS+-SHA2-128f-simple_run19,active,50.097751,5.3975,0.59594,3.216588,161.357051
SPHINCS+-SHA2-128f-simple_run19,active,50.110489,5.3975,0.595046,3.211763,161.397959
SPHINCS+-SHA2-128f-simple_run19,active,50.123223,5.39625,0.60488,3.264086,161.439525
SPHINCS+-SHA2-128f-simple_run19,active,50.135959,5.385,0.596477,3.212028,161.480433
SPHINCS+-SHA2-128f-simple_run19,active,50.148703,5.39625,0.595762,3.214879,161.521405
SPHINCS+-SHA2-128f-simple_run19,active,50.161473,5.39375,0.588252,3.172884,161.561921
SPHINCS+-SHA2-128f-simple_run19,active,50.174209,5.395,0.596298,3.217028,161.602893
SPHINCS+-SHA2-128f-simple_run19,active,50.186943,5.3975,0.595762,3.215623,161.643842
SPHINCS+-SHA2-128f-simple_run19,active,50.199678,5.39625,0.605059,3.265051,161.685424
SPHINCS+-SHA2-128f-simple_run19,active,50.212417,5.3975,0.596119,3.217553,161.726411
SPHINCS+-SHA2-128f-simple_run19,active,50.225153,5.39875,0.596119,3.218299,161.767398
SPHINCS+-SHA2-128f-simple_run19,active,50.237886,5.39625,0.59594,3.215843,161.808348
SPHINCS+-SHA2-128f-simple_run19,active,50.250628,5.39625,0.596119,3.216808,161.849336
SPHINCS+-SHA2-128f-simple_run19,active,50.263366,5.39875,0.598444,3.230847,161.890491
SPHINCS+-SHA2-128f-simple_run19,active,50.276102,5.39625,0.600053,3.238035,161.93173
SPHINCS+-SHA2-128f-simple_run19,active,50.28884,5.39625,0.597013,3.221632,161.972766
SPHINCS+-SHA2-128f-simple_run19,active,50.301573,5.39875,0.596834,3.22216,162.013793
SPHINCS+-SHA2-128f-simple_run19,active,50.314309,5.39625,0.596119,3.216808,162.054763
SPHINCS+-SHA2-128f-simple_run19,active,50.327044,5.3975,0.597728,3.226239,162.095849
SPHINCS+-SHA2-128f-simple_run19,active,50.339778,5.39375,0.59594,3.214354,162.13678
SPHINCS+-SHA2-128f-simple_run19,active,50.352522,5.39625,0.59594,3.215843,162.177765
SPHINCS+-SHA2-128f-simple_run19,active,50.365261,5.3975,0.602914,3.254226,162.219219
SPHINCS+-SHA2-128f-simple_run19,active,50.377995,5.3975,0.59594,3.216588,162.260178
SPHINCS+-SHA2-128f-simple_run19,active,50.390734,5.39625,0.594331,3.20716,162.301035
SPHINCS+-SHA2-128f-simple_run19,active,50.40347,5.39625,0.59594,3.215843,162.341993
SPHINCS+-SHA2-128f-simple_run19,active,50.416207,5.39625,0.59594,3.215843,162.382952
SPHINCS+-SHA2-128f-simple_run19,active,50.428942,5.39625,0.59594,3.215843,162.423906
SPHINCS+-SHA2-128f-simple_run19,active,50.441679,5.3975,0.600053,3.238785,162.465157
SPHINCS+-SHA2-128f-simple_run19,active,50.454422,5.4025,0.596298,3.2215,162.50621
SPHINCS+-SHA2-128f-simple_run19,active,50.467164,5.3975,0.601304,3.24554,162.547564
SPHINCS+-SHA2-128f-simple_run19,active,50.479899,5.39875,0.594331,3.208646,162.588428
SPHINCS+-SHA2-128f-simple_run19,active,50.492639,5.39875,0.59594,3.217333,162.629416
SPHINCS+-SHA2-128f-simple_run19,active,50.505376,5.395,0.598801,3.230532,162.670563
SPHINCS+-SHA2-128f-simple_run19,active,50.518111,5.39625,0.597013,3.221632,162.711592
SPHINCS+-SHA2-128f-simple_run19,active,50.530854,5.395,0.590219,3.18423,162.752169
SPHINCS+-SHA2-128f-simple_run19,active,50.54359,5.38375,0.59594,3.208394,162.79303
SPHINCS+-SHA2-128f-simple_run19,active,50.556336,5.3975,0.59594,3.216588,162.834028
SPHINCS+-SHA2-128f-simple_run19,active,50.569077,5.39625,0.605238,3.266016,162.87564
SPHINCS+-SHA2-128f-simple_run19,active,50.581808,5.39625,0.602556,3.251543,162.917037
SPHINCS+-SHA2-128f-simple_run19,active,50.594544,5.3975,0.596298,3.218518,162.958027
SPHINCS+-SHA2-128f-simple_run19,active,50.607279,5.395,0.59594,3.215098,162.998972
SPHINCS+-SHA2-128f-simple_run19,active,50.620017,5.39625,0.593795,3.204265,163.039787
SPHINCS+-SHA2-128f-simple_run19,active,50.632755,5.39625,0.595583,3.213914,163.080727
SPHINCS+-SHA2-128f-simple_run19,active,50.645489,5.3825,0.59594,3.207649,163.121571
SPHINCS+-SHA2-128f-simple_run19,active,50.658232,5.3975,0.598801,3.232029,163.162758
SPHINCS+-SHA2-128f-simple_run19,active,50.670965,5.3975,0.590934,3.189566,163.203372
SPHINCS+-SHA2-128f-simple_run19,active,50.683704,5.39875,0.596119,3.218299,163.244369
SPHINCS+-SHA2-128f-simple_run19,active,50.696442,5.39625,0.596298,3.217773,163.285356
SPHINCS+-SHA2-128f-simple_run19,active,50.70918,5.3975,0.597013,3.222379,163.326404
SPHINCS+-SHA2-128f-simple_run19,active,50.721922,5.4,0.595762,3.217113,163.367397
SPHINCS+-SHA2-128f-simple_run19,active,50.734658,5.39875,0.596119,3.218299,163.408383
SPHINCS+-SHA2-128f-simple_run19,active,50.747393,5.38375,0.59594,3.208394,163.449242
SPHINCS+-SHA2-128f-simple_run19,active,50.760167,5.3975,0.595046,3.211763,163.490271
SPHINCS+-SHA2-128f-simple_run19,active,50.772913,5.39625,0.598801,3.231281,163.531456
SPHINCS+-SHA2-128f-simple_run19,active,50.785648,5.39625,0.59594,3.215843,163.57241
SPHINCS+-SHA2-128f-simple_run19,active,50.798385,5.3975,0.603271,3.256156,163.613883
SPHINCS+-SHA2-128f-simple_run19,active,50.81112,5.4,0.596119,3.219044,163.654878
SPHINCS+-SHA2-128f-simple_run19,active,50.823855,5.3975,0.596298,3.218518,163.695866
SPHINCS+-SHA2-128f-simple_run19,active,50.836595,5.39625,0.596119,3.216808,163.736847
SPHINCS+-SHA2-128f-simple_run19,active,50.84933,5.385,0.597371,3.216842,163.777815
SPHINCS+-SHA2-128f-simple_run19,active,50.862072,5.40125,0.59594,3.218823,163.818827
SPHINCS+-SHA2-128f-simple_run19,active,50.874812,5.39625,0.605417,3.26698,163.86045
SPHINCS+-SHA2-128f-simple_run19,active,50.887548,5.3975,0.595225,3.212728,163.901367
SPHINCS+-SHA2-128f-simple_run19,active,50.900286,5.39125,0.595225,3.209008,163.942244
SPHINCS+-SHA2-128f-simple_run19,active,50.913023,5.39625,0.596119,3.216808,163.983214
SPHINCS+-SHA2-128f-simple_run19,active,50.925757,5.39375,0.597013,3.22014,164.024221
SPHINCS+-SHA2-128f-simple_run19,active,50.938495,5.3975,0.595404,3.213693,164.065157
SPHINCS+-SHA2-128f-simple_run19,active,50.95123,5.3925,0.606311,3.269531,164.106794
SPHINCS+-SHA2-128f-simple_run19,active,50.963973,5.3975,0.596119,3.217553,164.147797
SPHINCS+-SHA2-128f-simple_run19,active,50.976719,5.3975,0.59898,3.232995,164.189003
SPHINCS+-SHA2-128f-simple_run19,active,50.989488,5.39375,0.597907,3.224962,164.230182
SPHINCS+-SHA2-128f-simple_run19,active,51.002226,5.395,0.596656,3.218957,164.271187
SPHINCS+-SHA2-128f-simple_run19,active,51.014962,5.39625,0.596119,3.216808,164.312156
SPHINCS+-SHA2-128f-simple_run19,active,51.027697,5.3975,0.605059,3.265807,164.353745
SPHINCS+-SHA2-128f-simple_run19,active,51.040436,5.39375,0.592186,3.194101,164.394435
SPHINCS+-SHA2-128f-simple_run19,active,51.053173,5.39375,0.59594,3.214354,164.435378
SPHINCS+-SHA2-128f-simple_run19,active,51.068881,5.39625,0.595404,3.212949,164.485845
SPHINCS+-SHA2-128f-simple_run19,active,51.081644,5.3975,0.596119,3.217553,164.526913
SPHINCS+-SHA2-128f-simple_run19,active,51.094384,5.395,0.595762,3.214134,164.567858
SPHINCS+-SHA2-128f-simple_run19,active,51.107121,5.39625,0.59898,3.232246,164.609027
SPHINCS+-SHA2-128f-simple_run19,active,51.119856,5.3825,0.596298,3.209574,164.649902
SPHINCS+-SHA2-128f-simple_run19,active,51.132595,5.39625,0.59594,3.215843,164.690868
SPHINCS+-SHA2-128f-simple_run19,active,51.145331,5.39625,0.597371,3.223562,164.731924
SPHINCS+-SHA2-128f-simple_run19,active,51.158065,5.38625,0.596119,3.210847,164.772811
SPHINCS+-SHA2-128f-simple_run19,active,51.170807,5.39,0.596119,3.213082,164.813751
SPHINCS+-SHA2-128f-simple_run19,active,51.183547,5.3975,0.599159,3.23396,164.854952
SPHINCS+-SHA2-128f-simple_run19,active,51.196285,5.3975,0.596298,3.218518,164.89595
SPHINCS+-SHA2-128f-simple_run19,active,51.20902,5.4,0.59594,3.218078,164.936933
SPHINCS+-SHA2-128f-simple_run19,active,51.221752,5.39875,0.595404,3.214437,164.977859
SPHINCS+-SHA2-128f-simple_run19,active,51.234486,5.395,0.596298,3.217028,165.018823
SPHINCS+-SHA2-128f-simple_run19,active,51.24722,5.39875,0.595583,3.215403,165.05977
SPHINCS+-SHA2-128f-simple_run19,active,51.259954,5.38375,0.599159,3.225721,165.100845
SPHINCS+-SHA2-128f-simple_run19,active,51.272697,5.39625,0.596119,3.216808,165.141836
SPHINCS+-SHA2-128f-simple_run19,active,51.285468,5.39625,0.602914,3.253473,165.183387
SPHINCS+-SHA2-128f-simple_run19,active,51.298205,5.39375,0.596477,3.217247,165.224365
SPHINCS+-SHA2-128f-simple_run19,active,51.31094,5.39625,0.59594,3.215843,165.26532
SPHINCS+-SHA2-128f-simple_run19,active,51.323676,5.39625,0.596656,3.219703,165.306326
SPHINCS+-SHA2-128f-simple_run19,active,51.336414,5.39625,0.596834,3.220668,165.34735
SPHINCS+-SHA2-128f-simple_run19,active,51.349149,5.39875,0.597013,3.223125,165.388398
SPHINCS+-SHA2-128f-simple_run19,active,51.361884,5.3825,0.595225,3.2038,165.429197
SPHINCS+-SHA2-128f-simple_run19,active,51.374628,5.39625,0.596298,3.217773,165.470203
SPHINCS+-SHA2-128f-simple_run19,active,51.387368,5.39625,0.599874,3.23707,165.511445
SPHINCS+-SHA2-128f-simple_run19,active,51.400104,5.39875,0.597013,3.223125,165.552493
SPHINCS+-SHA2-128f-simple_run19,active,51.412842,5.3975,0.596834,3.221414,165.593528
SPHINCS+-SHA2-128f-simple_run19,active,51.425575,5.39875,0.596119,3.218299,165.634508
SPHINCS+-SHA2-128f-simple_run19,active,51.43831,5.395,0.597013,3.220886,165.675525
SPHINCS+-SHA2-128f-simple_run19,active,51.451045,5.39625,0.596834,3.220668,165.716542
SPHINCS+-SHA2-128f-simple_run19,active,51.463782,5.3825,0.595583,3.205724,165.757373
SPHINCS+-SHA2-128f-simple_run19,active,51.476526,5.39875,0.602914,3.25498,165.798853
SPHINCS+-SHA2-128f-simple_run19,active,51.489267,5.3975,0.596477,3.219484,165.839874
SPHINCS+-SHA2-128f-simple_run19,active,51.502,5.39625,0.59594,3.215843,165.880822
SPHINCS+-SHA2-128f-simple_run19,active,51.514739,5.3975,0.595583,3.214658,165.92177
SPHINCS+-SHA2-128f-simple_run19,active,51.527472,5.3975,0.59594,3.216588,165.962729
SPHINCS+-SHA2-128f-simple_run19,active,51.540208,5.39625,0.596834,3.220668,166.003747
SPHINCS+-SHA2-128f-simple_run19,active,51.552948,5.39625,0.605059,3.265051,166.045345
SPHINCS+-SHA2-128f-simple_run19,active,51.565681,5.39625,0.596477,3.218738,166.086328
SPHINCS+-SHA2-128f-simple_run19,active,51.578424,5.3975,0.593795,3.205007,166.127169
SPHINCS+-SHA2-128f-simple_run19,active,51.591164,5.39625,0.597371,3.223562,166.168239
SPHINCS+-SHA2-128f-simple_run19,active,51.603899,5.39625,0.597728,3.225492,166.209313
SPHINCS+-SHA2-128f-simple_run19,active,51.616637,5.3975,0.597013,3.222379,166.25036
SPHINCS+-SHA2-128f-simple_run19,active,51.629373,5.3925,0.608814,3.283029,166.292172
SPHINCS+-SHA2-128f-simple_run19,active,51.642106,5.39625,0.596834,3.220668,166.333183
SPHINCS+-SHA2-128f-simple_run19,active,51.654841,5.395,0.59594,3.215098,166.374125
SPHINCS+-SHA2-128f-simple_run19,active,51.667575,5.3975,0.595762,3.215623,166.415075
SPHINCS+-SHA2-128f-simple_run19,active,51.680316,5.4025,0.596119,3.220534,166.456106
SPHINCS+-SHA2-128f-simple_run19,active,51.693059,5.39625,0.600947,3.242859,166.497429
SPHINCS+-SHA2-128f-simple_run19,active,51.705796,5.39625,0.60649,3.27277,166.539115
SPHINCS+-SHA2-128f-simple_run19,active,51.718562,5.39125,0.59594,3.212864,166.580132
SPHINCS+-SHA2-128f-simple_run19,active,51.7313,5.39875,0.59594,3.217333,166.621113
SPHINCS+-SHA2-128f-simple_run19,active,51.744039,5.3975,0.596298,3.218518,166.662113
SPHINCS+-SHA2-128f-simple_run19,active,51.756778,5.3975,0.59594,3.216588,166.703092
SPHINCS+-SHA2-128f-simple_run19,active,51.769512,5.3975,0.59594,3.216588,166.74405
SPHINCS+-SHA2-128f-simple_run19,active,51.782261,5.39625,0.600947,3.242859,166.785394
SPHINCS+-SHA2-128f-simple_run19,active,51.795002,5.3975,0.600589,3.24168,166.826695
SPHINCS+-SHA2-128f-simple_run19,active,51.807739,5.39625,0.596119,3.216808,166.867669
SPHINCS+-SHA2-128f-simple_run19,active,51.820477,5.4,0.596119,3.219044,166.908675
SPHINCS+-SHA2-128f-simple_run19,active,51.833213,5.39875,0.59594,3.217333,166.949648
SPHINCS+-SHA2-128f-simple_run19,active,51.845946,5.3975,0.596834,3.221414,166.990668
SPHINCS+-SHA2-128f-simple_run19,active,51.858682,5.39125,0.59594,3.212864,167.031587
SPHINCS+-SHA2-128f-simple_run19,active,51.871417,5.395,0.596119,3.216063,167.072542
SPHINCS+-SHA2-128f-simple_run19,active,51.884196,5.395,0.597013,3.220886,167.113703
SPHINCS+-SHA2-128f-simple_run19,active,51.896941,5.3975,0.60202,3.249401,167.155117
SPHINCS+-SHA2-128f-simple_run19,active,51.909677,5.39,0.593616,3.19959,167.195866
SPHINCS+-SHA2-128f-simple_run19,active,51.922414,5.3975,0.59594,3.216588,167.236836
SPHINCS+-SHA2-128f-simple_run19,active,51.93515,5.39875,0.598622,3.231813,167.277997
SPHINCS+-SHA2-128f-simple_run19,active,51.947886,5.3975,0.596656,3.220449,167.319011
SPHINCS+-SHA2-128f-simple_run19,active,51.960623,5.39625,0.597728,3.225492,167.360096
SPHINCS+-SHA2-128f-simple_run19,active,51.973359,5.39625,0.595762,3.214879,167.401039
SPHINCS+-SHA2-128f-simple_run19,active,51.986098,5.39875,0.59594,3.217333,167.442025
SPHINCS+-SHA2-128f-simple_run19,active,51.998837,5.3975,0.602198,3.250366,167.483432
SPHINCS+-SHA2-128f-simple_run19,active,52.011573,5.39625,0.598801,3.231281,167.524584
SPHINCS+-SHA2-128f-simple_run19,active,52.02431,5.39625,0.595583,3.213914,167.565522
SPHINCS+-SHA2-128f-simple_run19,active,52.037047,5.39625,0.59594,3.215843,167.60648
SPHINCS+-SHA2-128f-simple_run19,active,52.049781,5.395,0.592543,3.196771,167.64719
SPHINCS+-SHA2-128f-simple_run19,active,52.062517,5.39625,0.595762,3.214879,167.688133
SPHINCS+-SHA2-128f-simple_run19,active,52.075252,5.395,0.59594,3.215098,167.729077
SPHINCS+-SHA2-128f-simple_run19,active,52.087993,5.39625,0.601841,3.247683,167.770456
SPHINCS+-SHA2-128f-simple_run19,active,52.100735,5.39625,0.598801,3.231281,167.811631
SPHINCS+-SHA2-128f-simple_run19,active,52.113501,5.395,0.596119,3.216063,167.852684
SPHINCS+-SHA2-128f-simple_run19,active,52.126237,5.39625,0.595404,3.212949,167.893606
SPHINCS+-SHA2-128f-simple_run19,active,52.138972,5.39875,0.591828,3.195131,167.934295
SPHINCS+-SHA2-128f-simple_run19,active,52.151708,5.3925,0.596477,3.216501,167.97526
SPHINCS+-SHA2-128f-simple_run19,active,52.164445,5.39625,0.60041,3.239965,168.01653
SPHINCS+-SHA2-128f-simple_run19,active,52.177181,5.3975,0.59594,3.216588,168.057494
SPHINCS+-SHA2-128f-simple_run19,active,52.18992,5.3975,0.593437,3.203077,168.0983
SPHINCS+-SHA2-128f-simple_run19,active,52.20266,5.39625,0.599159,3.233211,168.139489
SPHINCS+-SHA2-128f-simple_run19,active,52.215395,5.39625,0.595583,3.213914,168.180421
SPHINCS+-SHA2-128f-simple_run19,active,52.228158,5.3975,0.595762,3.215623,168.221461
SPHINCS+-SHA2-128f-simple_run19,active,52.240899,5.39875,0.597013,3.223125,168.262527
SPHINCS+-SHA2-128f-simple_run19,active,52.253634,5.3975,0.596477,3.219484,168.303528
SPHINCS+-SHA2-128f-simple_run19,active,52.26637,5.39875,0.596119,3.218299,168.344516
SPHINCS+-SHA2-128f-simple_run19,active,52.279105,5.39125,0.596119,3.213828,168.385444
SPHINCS+-SHA2-128f-simple_run19,active,52.291846,5.39625,0.59594,3.215843,168.426416
SPHINCS+-SHA2-128f-simple_run19,active,52.304588,5.39625,0.600947,3.242859,168.467736
SPHINCS+-SHA2-128f-simple_run19,active,52.317324,5.3975,0.596834,3.221414,168.508764
SPHINCS+-SHA2-128f-simple_run19,active,52.330058,5.4,0.596119,3.219044,168.549756
SPHINCS+-SHA2-128f-simple_run19,active,52.345719,5.3975,0.597192,3.223344,168.600236
SPHINCS+-SHA2-128f-simple_run19,active,52.358475,5.39875,0.593258,3.202854,168.641091
SPHINCS+-SHA2-128f-simple_run19,active,52.371213,5.39875,0.595762,3.216368,168.682062
SPHINCS+-SHA2-128f-simple_run19,active,52.38395,5.395,0.597728,3.224745,168.723135
SPHINCS+-SHA2-128f-simple_run19,active,52.396696,5.3925,0.595762,3.212644,168.764085
SPHINCS+-SHA2-128f-simple_run19,active,52.409461,5.395,0.59594,3.215098,168.805124
SPHINCS+-SHA2-128f-simple_run19,active,52.422198,5.3975,0.596119,3.217553,168.846106
SPHINCS+-SHA2-128f-simple_run19,active,52.434933,5.39625,0.596119,3.216808,168.887072
SPHINCS+-SHA2-128f-simple_run19,active,52.447668,5.39875,0.595762,3.216368,168.928032
SPHINCS+-SHA2-128f-simple_run19,active,52.460407,5.39625,0.596834,3.220668,168.969062
SPHINCS+-SHA2-128f-simple_run19,active,52.473144,5.39875,0.596119,3.218299,169.010054
SPHINCS+-SHA2-128f-simple_run19,active,52.485884,5.39625,0.597728,3.225492,169.051147
SPHINCS+-SHA2-128f-simple_run19,active,52.498634,5.39,0.593616,3.19959,169.091939
SPHINCS+-SHA2-128f-simple_run19,active,52.511405,5.39625,0.596477,3.218738,169.133048
SPHINCS+-SHA2-128f-simple_run19,active,52.524178,5.395,0.595762,3.214134,169.174101
SPHINCS+-SHA2-128f-simple_run19,active,52.536924,5.3975,0.59898,3.232995,169.215307
SPHINCS+-SHA2-128f-simple_run19,active,52.549659,5.39625,0.596298,3.217773,169.256286
SPHINCS+-SHA2-128f-simple_run19,active,52.562398,5.39375,0.596119,3.215318,169.297248
SPHINCS+-SHA2-128f-simple_run19,active,52.57514,5.39625,0.596298,3.217773,169.338247
SPHINCS+-SHA2-128f-simple_run19,active,52.587876,5.39625,0.596298,3.217773,169.379231
SPHINCS+-SHA2-128f-simple_run19,active,52.600624,5.3975,0.59594,3.216588,169.420235
SPHINCS+-SHA2-128f-simple_run19,active,52.613364,5.3975,0.599695,3.236855,169.461472
SPHINCS+-SHA2-128f-simple_run19,active,52.626096,5.39875,0.596119,3.218299,169.502449
SPHINCS+-SHA2-128f-simple_run19,active,52.638848,5.3975,0.595583,3.214658,169.543439
SPHINCS+-SHA2-128f-simple_run19,active,52.651582,5.39625,0.596834,3.220668,169.584454
SPHINCS+-SHA2-128f-simple_run19,active,52.664321,5.3975,0.596656,3.220449,169.625477
SPHINCS+-SHA2-128f-simple_run19,active,52.677063,5.395,0.593795,3.203523,169.666297
SPHINCS+-SHA2-128f-simple_run19,active,52.689811,5.4,0.596477,3.220975,169.707357
SPHINCS+-SHA2-128f-simple_run19,active,52.702557,5.4,0.593974,3.207457,169.74824
SPHINCS+-SHA2-128f-simple_run19,active,52.715305,5.3975,0.593616,3.204042,169.789086
SPHINCS+-SHA2-128f-simple_run19,active,52.728043,5.39625,0.596298,3.217773,169.830074
SPHINCS+-SHA2-128f-simple_run19,active,52.740783,5.39625,0.59594,3.215843,169.871043
SPHINCS+-SHA2-128f-simple_run19,active,52.753518,5.395,0.596477,3.217992,169.912024
SPHINCS+-SHA2-128f-simple_run19,active,52.766256,5.3975,0.598801,3.232029,169.953195
SPHINCS+-SHA2-128f-simple_run19,active,52.778994,5.3925,0.59594,3.213609,169.994128
SPHINCS+-SHA2-128f-simple_run19,active,52.791731,5.39625,0.595762,3.214879,170.035076
SPHINCS+-SHA2-128f-simple_run19,active,52.804476,5.39625,0.598086,3.227422,170.076209
SPHINCS+-SHA2-128f-simple_run19,active,52.817218,5.39,0.596119,3.213082,170.117152
SPHINCS+-SHA2-128f-simple_run19,active,52.829953,5.39625,0.59594,3.215843,170.158106
SPHINCS+-SHA2-128f-simple_run19,active,52.84269,5.39625,0.598801,3.231281,170.199261
SPHINCS+-SHA2-128f-simple_run19,active,52.855425,5.395,0.596119,3.216063,170.240217
SPHINCS+-SHA2-128f-simple_run19,active,52.868199,5.39875,0.597013,3.223125,170.281391
SPHINCS+-SHA2-128f-simple_run19,active,52.880938,5.39625,0.597192,3.222597,170.322444
SPHINCS+-SHA2-128f-simple_run19,active,52.893672,5.39875,0.59594,3.217333,170.363415
SPHINCS+-SHA2-128f-simple_run19,active,52.906417,5.39625,0.597192,3.222597,170.404486
SPHINCS+-SHA2-128f-simple_run19,active,52.919158,5.3975,0.599874,3.23782,170.445737
SPHINCS+-SHA2-128f-simple_run19,active,52.931894,5.39875,0.59594,3.217333,170.486714
SPHINCS+-SHA2-128f-simple_run19,active,52.944634,5.3975,0.597728,3.226239,170.527816
SPHINCS+-SHA2-128f-simple_run19,active,52.957371,5.395,0.599874,3.23632,170.569037
SPHINCS+-SHA2-128f-simple_run19,active,52.970106,5.39875,0.59594,3.217333,170.610009
SPHINCS+-SHA2-128f-simple_run19,active,52.982842,5.39625,0.595762,3.214879,170.650956
SPHINCS+-SHA2-128f-simple_run19,active,52.995579,5.395,0.597013,3.220886,170.69198
SPHINCS+-SHA2-128f-simple_run19,active,53.008325,5.39875,0.600053,3.239535,170.733271
SPHINCS+-SHA2-128f-simple_run19,active,53.021068,5.39625,0.596656,3.219703,170.7743
SPHINCS+-SHA2-128f-simple_run19,active,53.033803,5.39625,0.596834,3.220668,170.815315
SPHINCS+-SHA2-128f-simple_run19,active,53.046539,5.39625,0.593974,3.20523,170.856137
SPHINCS+-SHA2-128f-simple_run19,active,53.059276,5.39625,0.601126,3.243824,170.897451
SPHINCS+-SHA2-128f-simple_run19,active,53.072011,5.39625,0.596656,3.219703,170.938457
SPHINCS+-SHA2-128f-simple_run19,active,53.084747,5.395,0.595762,3.214134,170.979389
SPHINCS+-SHA2-128f-simple_run19,active,53.097511,5.39375,0.592901,3.197959,171.020209
SPHINCS+-SHA2-128f-simple_run19,active,53.110255,5.39375,0.596298,3.216282,171.061197
SPHINCS+-SHA2-128f-simple_run19,active,53.122994,5.39875,0.59594,3.217333,171.102185
SPHINCS+-SHA2-128f-simple_run19,active,53.13573,5.3975,0.603629,3.258086,171.143678
SPHINCS+-SHA2-128f-simple_run19,active,53.14847,5.39875,0.599874,3.23857,171.184936
SPHINCS+-SHA2-128f-simple_run19,active,53.161205,5.39625,0.595583,3.213914,171.225868
SPHINCS+-SHA2-128f-simple_run19,active,53.17394,5.39625,0.59755,3.224527,171.266932
SPHINCS+-SHA2-128f-simple_run19,active,53.186677,5.39875,0.596477,3.220229,171.307949
SPHINCS+-SHA2-128f-simple_run19,active,53.199413,5.39375,0.596298,3.216282,171.348911
SPHINCS+-SHA2-128f-simple_run19,active,53.212187,5.395,0.596834,3.219922,171.39004
SPHINCS+-SHA2-128f-simple_run19,active,53.224943,5.39625,0.59594,3.215843,171.431062
SPHINCS+-SHA2-128f-simple_run19,active,53.237685,5.39375,0.592901,3.197959,171.471812
SPHINCS+-SHA2-128f-simple_run19,active,53.250445,5.3975,0.59594,3.216588,171.512855
SPHINCS+-SHA2-128f-simple_run19,active,53.263184,5.3975,0.596119,3.217553,171.553844
SPHINCS+-SHA2-128f-simple_run19,active,53.275921,5.39625,0.595762,3.214879,171.594792
SPHINCS+-SHA2-128f-simple_run19,active,53.28866,5.40125,0.596119,3.219789,171.635808
SPHINCS+-SHA2-128f-simple_run19,active,53.301397,5.3975,0.595762,3.215623,171.676764
SPHINCS+-SHA2-128f-simple_run19,active,53.314138,5.39625,0.596119,3.216808,171.717751
SPHINCS+-SHA2-128f-simple_run19,active,53.326882,5.395,0.598265,3.227639,171.758884
SPHINCS+-SHA2-128f-simple_run19,active,53.33962,5.39375,0.595225,3.210496,171.799779
SPHINCS+-SHA2-128f-simple_run19,active,53.352359,5.395,0.596119,3.216063,171.840748
SPHINCS+-SHA2-128f-simple_run19,active,53.365094,5.3975,0.599695,3.236855,171.881971
SPHINCS+-SHA2-128f-simple_run19,active,53.377829,5.4025,0.593795,3.207976,171.922823
SPHINCS+-SHA2-128f-simple_run19,active,53.390565,5.3975,0.59594,3.216588,171.963789
SPHINCS+-SHA2-128f-simple_run19,active,53.403302,5.39875,0.59594,3.217333,172.00477
SPHINCS+-SHA2-128f-simple_run19,active,53.416045,5.39375,0.596119,3.215318,172.045743
SPHINCS+-SHA2-128f-simple_run19,active,53.428788,5.395,0.595225,3.21124,172.086664
SPHINCS+-SHA2-128f-simple_run19,active,53.441523,5.39625,0.599695,3.236105,172.127875
SPHINCS+-SHA2-128f-simple_run19,active,53.45426,5.3975,0.59594,3.216588,172.168843
SPHINCS+-SHA2-128f-simple_run19,active,53.466996,5.3975,0.598622,3.231064,172.209994
SPHINCS+-SHA2-128f-simple_run19,active,53.479732,5.39625,0.596119,3.216808,172.250963
SPHINCS+-SHA2-128f-simple_run19,active,53.492468,5.39625,0.596119,3.216808,172.291933
SPHINCS+-SHA2-128f-simple_run19,active,53.505205,5.39625,0.597907,3.226457,172.333029
SPHINCS+-SHA2-128f-simple_run19,active,53.517948,5.40125,0.597192,3.225583,172.374131
SPHINCS+-SHA2-128f-simple_run19,active,53.530692,5.39875,0.596119,3.218299,172.415146
SPHINCS+-SHA2-128f-simple_run19,active,53.543429,5.39625,0.595762,3.214879,172.456094
SPHINCS+-SHA2-128f-simple_run19,active,53.556195,5.39625,0.59594,3.215843,172.497148
SPHINCS+-SHA2-128f-simple_run19,active,53.568937,5.395,0.600053,3.237285,172.538396
SPHINCS+-SHA2-128f-simple_run19,active,53.58167,5.39375,0.596298,3.216282,172.57935
SPHINCS+-SHA2-128f-simple_run19,active,53.594407,5.3975,0.598801,3.232029,172.620517
SPHINCS+-SHA2-128f-simple_run19,active,53.607149,5.3975,0.597728,3.226239,172.661626
SPHINCS+-SHA2-128f-simple_run19,active,53.622846,5.39625,0.596119,3.216808,172.71212
SPHINCS+-SHA2-128f-simple_run19,active,53.635606,5.39625,0.596477,3.218738,172.753191
SPHINCS+-SHA2-128f-simple_run19,active,53.648347,5.3925,0.597013,3.219394,172.79421
SPHINCS+-SHA2-128f-simple_run19,active,53.661084,5.3975,0.605059,3.265807,172.835805
SPHINCS+-SHA2-128f-simple_run19,active,53.673818,5.39875,0.596477,3.220229,172.876812
SPHINCS+-SHA2-128f-simple_run19,active,53.686555,5.3975,0.597013,3.222379,172.917854
SPHINCS+-SHA2-128f-simple_run19,active,53.699284,5.39625,0.596477,3.218738,172.958826
SPHINCS+-SHA2-128f-simple_run19,active,53.712024,5.3975,0.596119,3.217553,172.999818
SPHINCS+-SHA2-128f-simple_run19,active,53.72478,5.395,0.59755,3.22378,173.04094
SPHINCS+-SHA2-128f-simple_run19,active,53.737533,5.39625,0.603271,3.255402,173.082457
SPHINCS+-SHA2-128f-simple_run19,active,53.750272,5.395,0.59594,3.215098,173.123415
SPHINCS+-SHA2-128f-simple_run19,active,53.763012,5.39625,0.596119,3.216808,173.164395
SPHINCS+-SHA2-128f-simple_run19,active,53.775773,5.3925,0.596119,3.214573,173.205418
SPHINCS+-SHA2-128f-simple_run19,active,53.788559,5.39625,0.59594,3.215843,173.246534
SPHINCS+-SHA2-128f-simple_run19,active,53.801302,5.395,0.596656,3.218957,173.287552
SPHINCS+-SHA2-128f-simple_run19,active,53.814072,5.395,0.603986,3.258507,173.329166
SPHINCS+-SHA2-128f-simple_run19,active,53.826819,5.3975,0.593616,3.204042,173.370008
SPHINCS+-SHA2-128f-simple_run19,active,53.839562,5.3925,0.59594,3.213609,173.410959
SPHINCS+-SHA2-128f-simple_run19,active,53.8523,5.3975,0.596119,3.217553,173.451943
SPHINCS+-SHA2-128f-simple_run19,active,53.865035,5.3975,0.59594,3.216588,173.492908
SPHINCS+-SHA2-128f-simple_run19,active,53.87777,5.3975,0.589325,3.180881,173.533416
SPHINCS+-SHA2-128f-simple_run19,active,53.890506,5.39625,0.597371,3.223562,173.574471
SPHINCS+-SHA2-128f-simple_run19,active,53.903241,5.39625,0.597013,3.221632,173.615498
SPHINCS+-SHA2-128f-simple_run19,active,53.915977,5.3975,0.589682,3.182811,173.656034
SPHINCS+-SHA2-128f-simple_run19,active,53.928722,5.39625,0.59594,3.215843,173.697019
SPHINCS+-SHA2-128f-simple_run19,active,53.941495,5.39625,0.596834,3.220668,173.738158
SPHINCS+-SHA2-128f-simple_run19,active,53.954232,5.39625,0.596119,3.216808,173.77913
SPHINCS+-SHA2-128f-simple_run19,active,53.966969,5.39875,0.588788,3.178721,173.819618
SPHINCS+-SHA2-128f-simple_run19,active,53.979706,5.39625,0.59594,3.215843,173.860579
SPHINCS+-SHA2-128f-simple_run19,active,53.992445,5.39625,0.59594,3.215843,173.901544
SPHINCS+-SHA2-128f-simple_run19,active,54.00518,5.39625,0.592901,3.199441,173.942291
SPHINCS+-SHA2-128f-simple_run19,active,54.017914,5.3975,0.597371,3.224309,173.983347
SPHINCS+-SHA2-128f-simple_run19,active,54.030658,5.39625,0.596119,3.216808,174.024342
SPHINCS+-SHA2-128f-simple_run19,active,54.043399,5.39125,0.596298,3.214792,174.065304
SPHINCS+-SHA2-128f-simple_run19,active,54.056163,5.3975,0.597013,3.222379,174.106434
SPHINCS+-SHA2-128f-simple_run19,active,54.068903,5.3975,0.596477,3.219484,174.147449
SPHINCS+-SHA2-128f-simple_run19,active,54.081638,5.39625,0.59594,3.215843,174.188403
SPHINCS+-SHA2-128f-simple_run19,active,54.094373,5.3975,0.596119,3.217553,174.229379
SPHINCS+-SHA2-128f-simple_run19,active,54.107106,5.38625,0.596477,3.212773,174.270287
SPHINCS+-SHA2-128f-simple_run19,active,54.119842,5.395,0.598265,3.227639,174.311393
SPHINCS+-SHA2-128f-simple_run19,active,54.132582,5.3975,0.596834,3.221414,174.352436
SPHINCS+-SHA2-128f-simple_run19,active,54.145326,5.39875,0.597728,3.226986,174.39356
SPHINCS+-SHA2-128f-simple_run19,active,54.158062,5.3975,0.596119,3.217553,174.434537
SPHINCS+-SHA2-128f-simple_run19,active,54.170797,5.39625,0.597371,3.223562,174.475589
SPHINCS+-SHA2-128f-simple_run19,active,54.18353,5.39625,0.59594,3.215843,174.516538
SPHINCS+-SHA2-128f-simple_run19,active,54.196269,5.40375,0.600768,3.2464,174.557892
SPHINCS+-SHA2-128f-simple_run19,active,54.209003,5.39625,0.596477,3.218738,174.598882
SPHINCS+-SHA2-128f-simple_run19,active,54.221736,5.3975,0.595225,3.212728,174.63979
SPHINCS+-SHA2-128f-simple_run19,active,54.234479,5.39625,0.595762,3.214879,174.680757
SPHINCS+-SHA2-128f-simple_run19,active,54.247218,5.3925,0.595225,3.209752,174.721646
SPHINCS+-SHA2-128f-simple_run19,active,54.259955,5.3975,0.595225,3.212728,174.762563
SPHINCS+-SHA2-128f-simple_run19,active,54.272693,5.395,0.604344,3.260436,174.804095
SPHINCS+-SHA2-128f-simple_run19,active,54.285428,5.3975,0.597907,3.227204,174.845197
SPHINCS+-SHA2-128f-simple_run19,active,54.298167,5.4,0.59594,3.218078,174.886189
SPHINCS+-SHA2-128f-simple_run19,active,54.310902,5.39625,0.596477,3.218738,174.927182
SPHINCS+-SHA2-128f-simple_run19,active,54.323637,5.3925,0.595762,3.212644,174.968095
SPHINCS+-SHA2-128f-simple_run19,active,54.33638,5.39625,0.594689,3.209089,175.008987
SPHINCS+-SHA2-128f-simple_run19,active,54.349119,5.3975,0.598801,3.232029,175.050161
SPHINCS+-SHA2-128f-simple_run19,active,54.361852,5.37375,0.596834,3.207239,175.090998
SPHINCS+-SHA2-128f-simple_run19,active,54.374586,5.39625,0.596298,3.217773,175.131974
SPHINCS+-SHA2-128f-simple_run19,active,54.387322,5.39125,0.598801,3.228287,175.173087
SPHINCS+-SHA2-128f-simple_run19,active,54.400056,5.39875,0.59594,3.217333,175.214058
SPHINCS+-SHA2-128f-simple_run19,active,54.412793,5.39625,0.602377,3.250578,175.25546
SPHINCS+-SHA2-128f-simple_run19,active,54.425526,5.3975,0.592543,3.198252,175.296184
SPHINCS+-SHA2-128f-simple_run19,active,54.438269,5.39625,0.595583,3.213914,175.337138
SPHINCS+-SHA2-128f-simple_run19,active,54.451008,5.39625,0.595762,3.214879,175.378094
SPHINCS+-SHA2-128f-simple_run19,active,54.463743,5.39625,0.596834,3.220668,175.419109
SPHINCS+-SHA2-128f-simple_run19,active,54.476481,5.4025,0.594152,3.209908,175.459995
SPHINCS+-SHA2-128f-simple_run19,active,54.489217,5.39625,0.605238,3.266016,175.501592
SPHINCS+-SHA2-128f-simple_run19,active,54.501952,5.39625,0.596298,3.217773,175.542569
SPHINCS+-SHA2-128f-simple_run19,active,54.514683,5.39625,0.597013,3.221632,175.583586
SPHINCS+-SHA2-128f-simple_run19,active,54.527419,5.39625,0.596119,3.216808,175.624553
SPHINCS+-SHA2-128f-simple_run19,active,54.540192,5.39375,0.596477,3.217247,175.665647
SPHINCS+-SHA2-128f-simple_run19,active,54.552934,5.39625,0.596477,3.218738,175.706661
SPHINCS+-SHA2-128f-simple_run19,active,54.565668,5.39625,0.603986,3.259262,175.748164
SPHINCS+-SHA2-128f-simple_run19,active,54.578402,5.39875,0.595762,3.216368,175.789124
SPHINCS+-SHA2-128f-simple_run19,active,54.591137,5.39875,0.594331,3.208646,175.829984
SPHINCS+-SHA2-128f-simple_run19,active,54.603877,5.3975,0.593616,3.204042,175.870805
SPHINCS+-SHA2-128f-simple_run19,active,54.616619,5.3975,0.596834,3.221414,175.911852
SPHINCS+-SHA2-128f-simple_run19,active,54.629362,5.39625,0.596119,3.216808,175.952843
SPHINCS+-SHA2-128f-simple_run19,active,54.642094,5.39625,0.604344,3.261191,175.994363
SPHINCS+-SHA2-128f-simple_run19,active,54.654841,5.3975,0.595583,3.214658,176.03534
SPHINCS+-SHA2-128f-simple_run19,active,54.667577,5.39625,0.596119,3.216808,176.07631
SPHINCS+-SHA2-128f-simple_run19,active,54.680315,5.3975,0.59594,3.216588,176.117284
SPHINCS+-SHA2-128f-simple_run19,active,54.693051,5.39625,0.596119,3.216808,176.158252
SPHINCS+-SHA2-128f-simple_run19,active,54.705782,5.39375,0.595225,3.210496,176.199126
SPHINCS+-SHA2-128f-simple_run19,active,54.718528,5.3975,0.597728,3.226239,176.240248
SPHINCS+-SHA2-128f-simple_run19,active,54.731265,5.39625,0.597371,3.223562,176.281304
SPHINCS+-SHA2-128f-simple_run19,active,54.744017,5.3975,0.597728,3.226239,176.322446
SPHINCS+-SHA2-128f-simple_run19,active,54.756801,5.4,0.59594,3.218078,176.363585
SPHINCS+-SHA2-128f-simple_run19,active,54.769544,5.3975,0.596834,3.221414,176.404636
SPHINCS+-SHA2-128f-simple_run19,active,54.782284,5.39625,0.596119,3.216808,176.445619
SPHINCS+-SHA2-128f-simple_run19,active,54.795019,5.39375,0.596298,3.216282,176.486579
SPHINCS+-SHA2-128f-simple_run19,active,54.80776,5.39875,0.596834,3.22216,176.527632
SPHINCS+-SHA2-128f-simple_run19,active,54.8205,5.3975,0.59594,3.216588,176.56861
SPHINCS+-SHA2-128f-simple_run19,active,54.833236,5.3975,0.596119,3.217553,176.60959
SPHINCS+-SHA2-128f-simple_run19,active,54.84599,5.3975,0.598086,3.228169,176.650762
SPHINCS+-SHA2-128f-simple_run19,active,54.858733,5.3975,0.596298,3.218518,176.691777
SPHINCS+-SHA2-128f-simple_run19,active,54.871471,5.39625,0.595404,3.212949,176.732702
SPHINCS+-SHA2-128f-simple_run19,active,54.884211,5.39625,0.596298,3.217773,176.773698
SPHINCS+-SHA2-128f-simple_run19,active,54.899883,5.39625,0.595762,3.214879,176.824081
SPHINCS+-SHA2-128f-simple_run19,active,54.912638,5.395,0.595583,3.213169,176.865065
SPHINCS+-SHA2-128f-simple_run19,active,54.92538,5.3975,0.601304,3.24554,176.906418
SPHINCS+-SHA2-128f-simple_run19,active,54.938116,5.39625,0.596477,3.218738,176.947411
SPHINCS+-SHA2-128f-simple_run19,active,54.950862,5.39875,0.59594,3.217333,176.988421
SPHINCS+-SHA2-128f-simple_run19,active,54.963606,5.39625,0.597013,3.221632,177.029476
SPHINCS+-SHA2-128f-simple_run19,active,54.976344,5.39125,0.598622,3.227323,177.070588
SPHINCS+-SHA2-128f-simple_run19,active,54.989081,5.39625,0.596119,3.216808,177.11156
SPHINCS+-SHA2-128f-simple_run19,active,55.001815,5.39625,0.596834,3.220668,177.152572
SPHINCS+-SHA2-128f-simple_run19,active,55.014551,5.3975,0.597371,3.224309,177.193637
SPHINCS+-SHA2-128f-simple_run19,active,55.027286,5.3975,0.59594,3.216588,177.234599
SPHINCS+-SHA2-128f-simple_run19,active,55.040022,5.3975,0.595762,3.215623,177.275554
SPHINCS+-SHA2-128f-simple_run19,active,55.052768,5.3925,0.595762,3.212644,177.316502
SPHINCS+-SHA2-128f-simple_run19,active,55.065506,5.39125,0.597907,3.223467,177.357562
SPHINCS+-SHA2-128f-simple_run19,active,55.078241,5.39625,0.59594,3.215843,177.398517
SPHINCS+-SHA2-128f-simple_run19,active,55.090974,5.39625,0.603986,3.259262,177.440017
SPHINCS+-SHA2-128f-simple_run19,active,55.103709,5.39875,0.596119,3.218299,177.481001
SPHINCS+-SHA2-128f-simple_run19,active,55.116447,5.385,0.596298,3.211065,177.521904
SPHINCS+-SHA2-128f-simple_run19,active,55.129183,5.3975,0.596119,3.217553,177.562883
SPHINCS+-SHA2-128f-simple_run19,active,55.141917,5.3975,0.59594,3.216588,177.603842
SPHINCS+-SHA2-128f-simple_run19,active,55.154659,5.39625,0.595583,3.213914,177.644796
SPHINCS+-SHA2-128f-simple_run19,active,55.167399,5.3975,0.605059,3.265807,177.686402
SPHINCS+-SHA2-128f-simple_run19,active,55.180177,5.39625,0.59594,3.215843,177.727494
SPHINCS+-SHA2-128f-simple_run19,active,55.192918,5.39625,0.597192,3.222597,177.768552
SPHINCS+-SHA2-128f-simple_run19,active,55.205653,5.4,0.596298,3.220009,177.809559
SPHINCS+-SHA2-128f-simple_run19,active,55.21839,5.3975,0.59594,3.216588,177.85053
SPHINCS+-SHA2-128f-simple_run19,active,55.231126,5.39625,0.597192,3.222597,177.891572
SPHINCS+-SHA2-128f-simple_run19,active,55.243862,5.39375,0.605238,3.264502,177.933149
SPHINCS+-SHA2-128f-simple_run19,active,55.256608,5.39625,0.595762,3.214879,177.974126
SPHINCS+-SHA2-128f-simple_run19,active,55.26935,5.39875,0.59594,3.217333,178.015121
SPHINCS+-SHA2-128f-simple_run19,active,55.282086,5.39375,0.596119,3.215318,178.056069
SPHINCS+-SHA2-128f-simple_run19,active,55.294822,5.39625,0.59594,3.215843,178.097029
SPHINCS+-SHA2-128f-simple_run19,active,55.307557,5.39625,0.596298,3.217773,178.138007
SPHINCS+-SHA2-128f-simple_run19,active,55.320297,5.3975,0.605059,3.265807,178.179611
SPHINCS+-SHA2-128f-simple_run19,active,55.333032,5.3975,0.596119,3.217553,178.220587
SPHINCS+-SHA2-128f-simple_run19,active,55.345765,5.3975,0.598622,3.231064,178.261728
SPHINCS+-SHA2-128f-simple_run19,active,55.358506,5.39625,0.596298,3.217773,178.302727
SPHINCS+-SHA2-128f-simple_run19,active,55.371245,5.39625,0.59594,3.215843,178.343692
SPHINCS+-SHA2-128f-simple_run19,active,55.38398,5.39875,0.596298,3.219264,178.384691
SPHINCS+-SHA2-128f-simple_run19,active,55.396717,5.39625,0.596477,3.218738,178.425689
SPHINCS+-SHA2-128f-simple_run19,active,55.409485,5.39625,0.596119,3.216808,178.466761
SPHINCS+-SHA2-128f-simple_run19,active,55.422223,5.39625,0.59594,3.215843,178.507723
SPHINCS+-SHA2-128f-simple_run19,active,55.434958,5.39625,0.59451,3.208125,178.54858
SPHINCS+-SHA2-128f-simple_run19,active,55.447693,5.3975,0.595762,3.215623,178.58953
SPHINCS+-SHA2-128f-simple_run19,active,55.460437,5.395,0.595046,3.210275,178.630441
SPHINCS+-SHA2-128f-simple_run19,active,55.473176,5.39375,0.59594,3.214354,178.671388
SPHINCS+-SHA2-128f-simple_run19,active,55.485908,5.395,0.592186,3.194841,178.712066
SPHINCS+-SHA2-128f-simple_run19,active,55.498643,5.39875,0.597013,3.223125,178.753111
SPHINCS+-SHA2-128f-simple_run19,active,55.511378,5.39625,0.596834,3.220668,178.794129
SPHINCS+-SHA2-128f-simple_run19,active,55.524112,5.3975,0.593795,3.205007,178.834939
SPHINCS+-SHA2-128f-simple_run19,active,55.536851,5.39875,0.595583,3.215403,178.875901
SPHINCS+-SHA2-128f-simple_run19,active,55.549586,5.39625,0.59594,3.215843,178.916854
SPHINCS+-SHA2-128f-simple_run19,active,55.562328,5.395,0.59594,3.215098,178.957823
SPHINCS+-SHA2-128f-simple_run19,active,55.57507,5.39125,0.597013,3.218647,178.998833
SPHINCS+-SHA2-128f-simple_run19,active,55.587807,5.39625,0.596119,3.216808,179.039807
SPHINCS+-SHA2-128f-simple_run19,active,55.600544,5.39625,0.59594,3.215843,179.080767
SPHINCS+-SHA2-128f-simple_run19,active,55.61328,5.39875,0.59594,3.217333,179.121743
SPHINCS+-SHA2-128f-simple_run19,active,55.626015,5.39875,0.598801,3.232778,179.162912
SPHINCS+-SHA2-128f-simple_run19,active,55.638798,5.395,0.596119,3.216063,179.204022
SPHINCS+-SHA2-128f-simple_run19,active,55.65154,5.39625,0.596119,3.216808,179.245013
SPHINCS+-SHA2-128f-simple_run19,active,55.664286,5.38375,0.596119,3.209357,179.285919
SPHINCS+-SHA2-128f-simple_run19,active,55.677029,5.395,0.596298,3.217028,179.326911
SPHINCS+-SHA2-128f-simple_run19,active,55.689762,5.39625,0.596119,3.216808,179.367873
SPHINCS+-SHA2-128f-simple_run19,active,55.702497,5.39625,0.59898,3.232246,179.409035
SPHINCS+-SHA2-128f-simple_run19,active,55.71523,5.39375,0.595225,3.210496,179.449915
SPHINCS+-SHA2-128f-simple_run19,active,55.727973,5.3925,0.59594,3.213609,179.490865
SPHINCS+-SHA2-128f-simple_run19,active,55.740713,5.39625,0.595583,3.213914,179.53181
SPHINCS+-SHA2-128f-simple_run19,active,55.753481,5.39625,0.59594,3.215843,179.572869
SPHINCS+-SHA2-128f-simple_run19,active,55.766225,5.3775,0.596477,3.207554,179.613749
SPHINCS+-SHA2-128f-simple_run19,active,55.778968,5.3975,0.598086,3.228169,179.654885
SPHINCS+-SHA2-128f-simple_run19,active,55.791706,5.39625,0.596298,3.217773,179.695873
SPHINCS+-SHA2-128f-simple_run19,active,55.804444,5.39125,0.596834,3.217683,179.736857
SPHINCS+-SHA2-128f-simple_run19,active,55.81718,5.395,0.596477,3.217992,179.777845
SPHINCS+-SHA2-128f-simple_run19,active,55.829914,5.39875,0.595762,3.216368,179.8188
SPHINCS+-SHA2-128f-simple_run19,active,55.842651,5.39875,0.596834,3.22216,179.85984
SPHINCS+-SHA2-128f-simple_run19,active,55.855385,5.39625,0.598086,3.227422,179.900937
SPHINCS+-SHA2-128f-simple_run19,active,55.868127,5.3825,0.596298,3.209574,179.941834
SPHINCS+-SHA2-128f-simple_run19,active,55.880874,5.395,0.596119,3.216063,179.982829
SPHINCS+-SHA2-128f-simple_run19,active,55.893609,5.3975,0.596119,3.217553,180.023807
SPHINCS+-SHA2-128f-simple_run19,active,55.906345,5.39625,0.597013,3.221632,180.064838
SPHINCS+-SHA2-128f-simple_run19,active,55.919081,5.39625,0.600589,3.240929,180.106113
SPHINCS+-SHA2-128f-simple_run19,active,55.931816,5.3975,0.596656,3.220449,180.147126
SPHINCS+-SHA2-128f-simple_run19,active,55.944552,5.39625,0.597728,3.225492,180.188207
SPHINCS+-SHA2-128f-simple_run19,active,55.957288,5.3975,0.597192,3.223344,180.229257
SPHINCS+-SHA2-128f-simple_run19,active,55.970028,5.38375,0.596656,3.212245,180.270181
SPHINCS+-SHA2-128f-simple_run19,active,55.982795,5.395,0.596298,3.217028,180.311253
SPHINCS+-SHA2-128f-simple_run19,active,55.995532,5.39625,0.602556,3.251543,180.352668
SPHINCS+-SHA2-128f-simple_run19,active,56.008269,5.39625,0.596298,3.217773,180.393654
SPHINCS+-SHA2-128f-simple_run19,active,56.021004,5.39625,0.59755,3.224527,180.434719
SPHINCS+-SHA2-128f-simple_run19,active,56.033736,5.39625,0.595762,3.214879,180.47565
SPHINCS+-SHA2-128f-simple_run19,active,56.046471,5.3975,0.597728,3.226239,180.516736
SPHINCS+-SHA2-128f-simple_run19,active,56.059202,5.3975,0.596656,3.220449,180.557735
SPHINCS+-SHA2-128f-simple_run19,active,56.071948,5.3825,0.60488,3.255769,180.599232
SPHINCS+-SHA2-128f-simple_run19,active,56.084693,5.3975,0.597013,3.222379,180.640302
SPHINCS+-SHA2-128f-simple_run19,active,56.097428,5.3975,0.596119,3.217553,180.681278
SPHINCS+-SHA2-128f-simple_run19,active,56.110164,5.39625,0.596477,3.218738,180.722273
SPHINCS+-SHA2-128f-simple_run19,active,56.122896,5.39625,0.597013,3.221632,180.76329
SPHINCS+-SHA2-128f-simple_run19,active,56.135632,5.395,0.595046,3.210275,180.804175
SPHINCS+-SHA2-128f-simple_run19,active,56.148367,5.395,0.60488,3.26333,180.845736
SPHINCS+-SHA2-128f-simple_run19,active,56.161102,5.39625,0.596119,3.216808,180.8867
SPHINCS+-SHA2-128f-simple_run19,active,56.176791,5.3925,0.596656,3.217465,180.937179
SPHINCS+-SHA2-128f-simple_run19,active,56.18957,5.3975,0.596834,3.221414,180.978344
SPHINCS+-SHA2-128f-simple_run19,active,56.202311,5.395,0.596298,3.217028,181.019332
SPHINCS+-SHA2-128f-simple_run19,active,56.215047,5.40125,0.594868,3.213029,181.060255
SPHINCS+-SHA2-128f-simple_run19,active,56.227783,5.3975,0.600053,3.238785,181.101503
SPHINCS+-SHA2-128f-simple_run19,active,56.240522,5.39875,0.596298,3.219264,181.142513
SPHINCS+-SHA2-128f-simple_run19,active,56.253257,5.39625,0.596477,3.218738,181.183503
SPHINCS+-SHA2-128f-simple_run19,active,56.265991,5.395,0.597728,3.224745,181.224568
SPHINCS+-SHA2-128f-simple_run19,active,56.278737,5.38375,0.59594,3.208394,181.265463
SPHINCS+-SHA2-128f-simple_run19,active,56.29148,5.39875,0.595583,3.215403,181.306436
SPHINCS+-SHA2-128f-simple_run19,active,56.304219,5.3975,0.599874,3.23782,181.347682
SPHINCS+-SHA2-128f-simple_run19,active,56.316955,5.3975,0.59594,3.216588,181.388649
SPHINCS+-SHA2-128f-simple_run19,active,56.329689,5.39875,0.59594,3.217333,181.429618
SPHINCS+-SHA2-128f-simple_run19,active,56.342424,5.395,0.595225,3.21124,181.470514
SPHINCS+-SHA2-128f-simple_run19,active,56.355158,5.3975,0.592007,3.195357,181.511204
SPHINCS+-SHA2-128f-simple_run19,active,56.367895,5.3975,0.59594,3.216588,181.552173
SPHINCS+-SHA2-128f-simple_run19,active,56.38064,5.3825,0.598801,3.223047,181.593252
SPHINCS+-SHA2-128f-simple_run19,active,56.393379,5.39875,0.592901,3.200923,181.634028
SPHINCS+-SHA2-128f-simple_run19,active,56.406113,5.3975,0.596477,3.219484,181.675026
SPHINCS+-SHA2-128f-simple_run19,active,56.41885,5.39625,0.596119,3.216808,181.715997
SPHINCS+-SHA2-128f-simple_run19,active,56.431585,5.39625,0.596656,3.219703,181.757
SPHINCS+-SHA2-128f-simple_run19,active,56.444324,5.39875,0.594868,3.211541,181.797912
SPHINCS+-SHA2-128f-simple_run19,active,56.45706,5.3975,0.596298,3.218518,181.838903
SPHINCS+-SHA2-128f-simple_run19,active,56.469794,5.39625,0.596298,3.217773,181.879878
SPHINCS+-SHA2-128f-simple_run19,active,56.482536,5.38375,0.596119,3.209357,181.920772
SPHINCS+-SHA2-128f-simple_run19,active,56.495277,5.3975,0.593258,3.202112,181.961569
SPHINCS+-SHA2-128f-simple_run19,active,56.508011,5.39875,0.596298,3.219264,182.002565
SPHINCS+-SHA2-128f-simple_run19,active,56.52075,5.39625,0.596477,3.218738,182.043569
SPHINCS+-SHA2-128f-simple_run19,active,56.533485,5.3975,0.597192,3.223344,182.084616
SPHINCS+-SHA2-128f-simple_run19,active,56.546221,5.39625,0.596477,3.218738,182.125611
SPHINCS+-SHA2-128f-simple_run19,active,56.558956,5.3975,0.59594,3.216588,182.166573
SPHINCS+-SHA2-128f-simple_run19,active,56.57169,5.39625,0.596119,3.216808,182.207536
SPHINCS+-SHA2-128f-simple_run19,active,56.584435,5.38,0.596477,3.209045,182.248436
SPHINCS+-SHA2-128f-simple_run19,active,56.597173,5.39625,0.603271,3.255402,182.289902
SPHINCS+-SHA2-128f-simple_run19,active,56.60991,5.3975,0.596477,3.219484,182.330911
SPHINCS+-SHA2-128f-simple_run19,active,56.622646,5.3975,0.59594,3.216588,182.371877
SPHINCS+-SHA2-128f-simple_run19,active,56.635381,5.39375,0.595225,3.210496,182.412763
SPHINCS+-SHA2-128f-simple_run19,active,56.648122,5.395,0.596298,3.217028,182.45375
SPHINCS+-SHA2-128f-simple_run19,active,56.660866,5.39625,0.595404,3.212949,182.494696
SPHINCS+-SHA2-128f-simple_run19,active,56.67361,5.395,0.605238,3.265259,182.536308
SPHINCS+-SHA2-128f-simple_run19,active,56.686355,5.3825,0.597013,3.213424,182.577263
SPHINCS+-SHA2-128f-simple_run19,active,56.699098,5.39625,0.596477,3.218738,182.618281
SPHINCS+-SHA2-128f-simple_run19,active,56.711839,5.3975,0.595583,3.214658,182.659239
SPHINCS+-SHA2-128f-simple_run19,active,56.724588,5.4075,0.597013,3.228349,182.700397
SPHINCS+-SHA2-128f-simple_run19,active,56.737331,5.395,0.596119,3.216063,182.74138
SPHINCS+-SHA2-128f-simple_run19,active,56.750069,5.39375,0.60488,3.262574,182.782938
SPHINCS+-SHA2-128f-simple_run19,active,56.762808,5.3975,0.596834,3.221414,182.823974
SPHINCS+-SHA2-128f-simple_run19,active,56.775545,5.39625,0.596119,3.216808,182.864947
SPHINCS+-SHA2-128f-simple_run19,active,56.788292,5.39625,0.597013,3.221632,182.906015
SPHINCS+-SHA2-128f-simple_run19,active,56.801034,5.39875,0.596298,3.219264,182.947034
SPHINCS+-SHA2-128f-simple_run19,active,56.813768,5.3975,0.593258,3.202112,182.98781
SPHINCS+-SHA2-128f-simple_run19,active,56.826505,5.39625,0.607026,3.275664,183.029532
SPHINCS+-SHA2-128f-simple_run19,active,56.83924,5.395,0.596119,3.216063,183.070487
SPHINCS+-SHA2-128f-simple_run19,active,56.851976,5.3975,0.59594,3.216588,183.111455
SPHINCS+-SHA2-128f-simple_run19,active,56.864714,5.395,0.599159,3.232462,183.15263
SPHINCS+-SHA2-128f-simple_run19,active,56.877488,5.39875,0.595762,3.216368,183.193714
SPHINCS+-SHA2-128f-simple_run19,active,56.890231,5.39375,0.59594,3.214354,183.234674
SPHINCS+-SHA2-128f-simple_run19,active,56.902973,5.39625,0.598265,3.228386,183.275811
SPHINCS+-SHA2-128f-simple_run19,active,56.915709,5.39625,0.595225,3.211984,183.316721
SPHINCS+-SHA2-128f-simple_run19,active,56.928449,5.39375,0.596834,3.219176,183.357732
SPHINCS+-SHA2-128f-simple_run19,active,56.941186,5.39625,0.596656,3.219703,183.39874
SPHINCS+-SHA2-128f-simple_run19,active,56.95392,5.39875,0.593974,3.206715,183.439576
SPHINCS+-SHA2-128f-simple_run19,active,56.966655,5.39625,0.59594,3.215843,183.480531
SPHINCS+-SHA2-128f-simple_run19,active,56.979392,5.39875,0.598444,3.230847,183.521681
SPHINCS+-SHA2-128f-simple_run19,active,56.992163,5.39625,0.596477,3.218738,183.562786
SPHINCS+-SHA2-128f-simple_run19,active,57.00491,5.39625,0.598801,3.231281,183.603975
SPHINCS+-SHA2-128f-simple_run19,active,57.017646,5.3975,0.596119,3.217553,183.644956
SPHINCS+-SHA2-128f-simple_run19,active,57.030382,5.39625,0.595583,3.213914,183.685886
SPHINCS+-SHA2-128f-simple_run19,active,57.043118,5.3975,0.597728,3.226239,183.726977
SPHINCS+-SHA2-128f-simple_run19,active,57.055854,5.39875,0.599695,3.237604,183.768212
SPHINCS+-SHA2-128f-simple_run19,active,57.068594,5.3975,0.596298,3.218518,183.809214
SPHINCS+-SHA2-128f-simple_run19,active,57.081331,5.39625,0.597192,3.222597,183.85026
SPHINCS+-SHA2-128f-simple_run19,active,57.094073,5.4,0.587716,3.173664,183.8907
SPHINCS+-SHA2-128f-simple_run19,active,57.106813,5.3975,0.596119,3.217553,183.931692
SPHINCS+-SHA2-128f-simple_run19,active,57.11955,5.39875,0.595762,3.216368,183.972657
SPHINCS+-SHA2-128f-simple_run19,active,57.132289,5.39875,0.597371,3.225056,184.013743
SPHINCS+-SHA2-128f-simple_run19,active,57.145026,5.39625,0.596298,3.217773,184.054726
SPHINCS+-SHA2-128f-simple_run19,active,57.157762,5.395,0.59594,3.215098,184.095675
SPHINCS+-SHA2-128f-simple_run19,active,57.170495,5.39625,0.596119,3.216808,184.136635
SPHINCS+-SHA2-128f-simple_run19,active,57.183232,5.3975,0.596477,3.219484,184.17764
SPHINCS+-SHA2-128f-simple_run19,active,57.195974,5.39625,0.59594,3.215843,184.218619
SPHINCS+-SHA2-128f-simple_run19,active,57.208718,5.3975,0.598801,3.232029,184.259806
SPHINCS+-SHA2-128f-simple_run19,active,57.221486,5.39625,0.595762,3.214879,184.300853
SPHINCS+-SHA2-128f-simple_run19,active,57.234224,5.39375,0.59594,3.214354,184.341798
SPHINCS+-SHA2-128f-simple_run19,active,57.24696,5.3975,0.596298,3.218518,184.382791
SPHINCS+-SHA2-128f-simple_run19,active,57.259698,5.395,0.596119,3.216063,184.423755
SPHINCS+-SHA2-128f-simple_run19,active,57.272436,5.3975,0.596119,3.217553,184.464741
SPHINCS+-SHA2-128f-simple_run19,active,57.285172,5.40375,0.598801,3.235772,184.505953
SPHINCS+-SHA2-128f-simple_run19,active,57.297913,5.39625,0.596298,3.217773,184.546949
SPHINCS+-SHA2-128f-simple_run19,active,57.310653,5.3975,0.596656,3.220449,184.587977
SPHINCS+-SHA2-128f-simple_run19,active,57.323389,5.39875,0.598444,3.230847,184.629125
SPHINCS+-SHA2-128f-simple_run19,active,57.33615,5.39625,0.596477,3.218738,184.670199
SPHINCS+-SHA2-128f-simple_run19,active,57.348889,5.39625,0.596834,3.220668,184.71123
SPHINCS+-SHA2-128f-simple_run19,active,57.361625,5.39875,0.596119,3.218299,184.752218
SPHINCS+-SHA2-128f-simple_run19,active,57.374362,5.40125,0.596656,3.222686,184.793264
SPHINCS+-SHA2-128f-simple_run19,active,57.387098,5.3975,0.59594,3.216588,184.834229
SPHINCS+-SHA2-128f-simple_run19,active,57.399839,5.39625,0.596119,3.216808,184.875216
SPHINCS+-SHA2-128f-simple_run19,active,57.412583,5.39,0.596119,3.213082,184.916164
SPHINCS+-SHA2-128f-simple_run19,active,57.42532,5.39625,0.60345,3.256367,184.95764
SPHINCS+-SHA2-128f-simple_run19,active,57.438077,5.39375,0.596477,3.217247,184.998683
SPHINCS+-SHA2-128f-simple_run19,active,57.453735,5.395,0.595225,3.21124,185.048963
SPHINCS+-SHA2-128f-simple_run19,active,57.46649,5.395,0.596119,3.216063,185.089986
SPHINCS+-SHA2-128f-simple_run19,active,57.479229,5.3975,0.596298,3.218518,185.130986
SPHINCS+-SHA2-128f-simple_run19,active,57.491964,5.3975,0.59594,3.216588,185.171948
SPHINCS+-SHA2-128f-simple_run19,active,57.50471,5.395,0.597728,3.224745,185.21305
SPHINCS+-SHA2-128f-simple_run19,active,57.517489,5.39625,0.59594,3.215843,185.254147
SPHINCS+-SHA2-128f-simple_run19,active,57.53024,5.39375,0.596834,3.219176,185.295194
SPHINCS+-SHA2-128f-simple_run19,active,57.542983,5.3975,0.596477,3.219484,185.336221
SPHINCS+-SHA2-128f-simple_run19,active,57.555725,5.39625,0.596477,3.218738,185.377232
SPHINCS+-SHA2-128f-simple_run19,active,57.568466,5.39625,0.596477,3.218738,185.418243
SPHINCS+-SHA2-128f-simple_run19,active,57.581203,5.3975,0.597371,3.224309,185.459312
SPHINCS+-SHA2-128f-simple_run19,active,57.593935,5.40375,0.595583,3.218381,185.500289
SPHINCS+-SHA2-128f-simple_run19,active,57.606686,5.395,0.59594,3.215098,185.541282
SPHINCS+-SHA2-128f-simple_run19,active,57.619426,5.3975,0.596477,3.219484,185.5823
SPHINCS+-SHA2-128f-simple_run19,active,57.632188,5.40875,0.596298,3.225227,185.623461
SPHINCS+-SHA2-128f-simple_run19,active,57.644927,5.395,0.597371,3.222815,185.664514
SPHINCS+-SHA2-128f-simple_run19,active,57.657659,5.39625,0.599338,3.234176,185.705694
SPHINCS+-SHA2-128f-simple_run19,active,57.670396,5.3975,0.59594,3.216588,185.746662
SPHINCS+-SHA2-128f-simple_run19,active,57.68313,5.395,0.595404,3.212205,185.787565
SPHINCS+-SHA2-128f-simple_run19,active,57.69587,5.3975,0.596119,3.217553,185.828559
SPHINCS+-SHA2-128f-simple_run19,active,57.708631,5.395,0.596119,3.216063,185.869598
SPHINCS+-SHA2-128f-simple_run19,active,57.721381,5.39625,0.596298,3.217773,185.910625
SPHINCS+-SHA2-128f-simple_run19,active,57.734121,5.38875,0.599516,3.230644,185.951783
SPHINCS+-SHA2-128f-simple_run19,active,57.746859,5.39625,0.596477,3.218738,185.992785
SPHINCS+-SHA2-128f-simple_run19,active,57.759595,5.39875,0.596119,3.218299,186.033771
SPHINCS+-SHA2-128f-simple_run19,active,57.772338,5.3975,0.594868,3.210798,186.074686
SPHINCS+-SHA2-128f-simple_run19,active,57.785076,5.3975,0.59594,3.216588,186.11566
SPHINCS+-SHA2-128f-simple_run19,active,57.797811,5.39625,0.596119,3.216808,186.156626
SPHINCS+-SHA2-128f-simple_run19,active,57.810554,5.395,0.600232,3.238249,186.197891
SPHINCS+-SHA2-128f-simple_run19,active,57.823293,5.395,0.594868,3.209311,186.238776
SPHINCS+-SHA2-128f-simple_run19,active,57.836029,5.395,0.59594,3.215098,186.279723
SPHINCS+-SHA2-128f-simple_run19,active,57.848769,5.3975,0.59594,3.216588,186.3207
SPHINCS+-SHA2-128f-simple_run19,active,57.861502,5.39625,0.596119,3.216808,186.361662
SPHINCS+-SHA2-128f-simple_run19,active,57.874238,5.39625,0.597907,3.226457,186.402754
SPHINCS+-SHA2-128f-simple_run19,active,57.886973,5.39625,0.599516,3.23514,186.443953
SPHINCS+-SHA2-128f-simple_run19,active,57.899709,5.39625,0.596656,3.219703,186.484958
SPHINCS+-SHA2-128f-simple_run19,active,57.912453,5.3975,0.592186,3.196322,186.525693
SPHINCS+-SHA2-128f-simple_run19,active,57.925195,5.395,0.596477,3.217992,186.566696
SPHINCS+-SHA2-128f-simple_run19,active,57.937929,5.39875,0.596834,3.22216,186.607729
SPHINCS+-SHA2-128f-simple_run19,active,57.950665,5.39625,0.595404,3.212949,186.648647
SPHINCS+-SHA2-128f-simple_run19,active,57.9634,5.3975,0.60345,3.257121,186.690127
SPHINCS+-SHA2-128f-simple_run19,active,57.976176,5.395,0.596477,3.217992,186.731239
SPHINCS+-SHA2-128f-simple_run19,active,57.988917,5.39625,0.596298,3.217773,186.772238
SPHINCS+-SHA2-128f-simple_run19,active,58.001651,5.3975,0.596834,3.221414,186.813259
SPHINCS+-SHA2-128f-simple_run19,active,58.014393,5.39625,0.596119,3.216808,186.854246
SPHINCS+-SHA2-128f-simple_run19,active,58.027134,5.39625,0.60488,3.264086,186.895834
SPHINCS+-SHA2-128f-simple_run19,active,58.039869,5.3975,0.596119,3.217553,186.93681
SPHINCS+-SHA2-128f-simple_run19,active,58.052607,5.4,0.59594,3.218078,186.977803
SPHINCS+-SHA2-128f-simple_run19,active,58.065343,5.39625,0.597728,3.225492,187.018884
SPHINCS+-SHA2-128f-simple_run19,active,58.078078,5.3975,0.596656,3.220449,187.059894
SPHINCS+-SHA2-128f-simple_run19,active,58.090814,5.395,0.596298,3.217028,187.100866
SPHINCS+-SHA2-128f-simple_run19,active,58.103548,5.39875,0.605417,3.268494,187.142488
SPHINCS+-SHA2-128f-simple_run19,active,58.116293,5.395,0.59755,3.22378,187.183576
SPHINCS+-SHA2-128f-simple_run19,active,58.129035,5.39625,0.596834,3.220668,187.224611
SPHINCS+-SHA2-128f-simple_run19,active,58.141768,5.39375,0.59594,3.214354,187.26554
SPHINCS+-SHA2-128f-simple_run19,active,58.154503,5.395,0.596119,3.216063,187.306498
SPHINCS+-SHA2-128f-simple_run19,active,58.167238,5.3975,0.59594,3.216588,187.347462
SPHINCS+-SHA2-128f-simple_run19,active,58.179974,5.39875,0.603808,3.259806,187.388978
SPHINCS+-SHA2-128f-simple_run19,active,58.192713,5.39,0.596656,3.215974,187.429946
SPHINCS+-SHA2-128f-simple_run19,active,58.205484,5.3975,0.597192,3.223344,187.471111
SPHINCS+-SHA2-128f-simple_run19,active,58.218227,5.39625,0.59594,3.215843,187.512092
SPHINCS+-SHA2-128f-simple_run19,active,58.230971,5.39625,0.595762,3.214879,187.553062
SPHINCS+-SHA2-128f-simple_run19,active,58.243721,5.39375,0.595762,3.213389,187.594031
SPHINCS+-SHA2-128f-simple_run19,active,58.256463,5.395,0.597192,3.221851,187.635086
SPHINCS+-SHA2-128f-simple_run19,active,58.26921,5.39625,0.596119,3.216808,187.676088
SPHINCS+-SHA2-128f-simple_run19,active,58.281956,5.3925,0.595225,3.209752,187.717001
SPHINCS+-SHA2-128f-simple_run19,active,58.294695,5.39625,0.596656,3.219703,187.758018
SPHINCS+-SHA2-128f-simple_run19,active,58.307432,5.39625,0.596298,3.217773,187.799001
SPHINCS+-SHA2-128f-simple_run19,active,58.3202,5.39625,0.59594,3.215843,187.840061
SPHINCS+-SHA2-128f-simple_run19,active,58.332943,5.40375,0.593616,3.207752,187.880939
SPHINCS+-SHA2-128f-simple_run19,active,58.345678,5.39625,0.597371,3.223562,187.921989
SPHINCS+-SHA2-128f-simple_run19,active,58.358413,5.3975,0.596119,3.217553,187.962966
SPHINCS+-SHA2-128f-simple_run19,active,58.37115,5.3975,0.597371,3.224309,188.004032
SPHINCS+-SHA2-128f-simple_run19,active,58.383884,5.39625,0.597728,3.225492,188.045108
SPHINCS+-SHA2-128f-simple_run19,active,58.396621,5.39625,0.596119,3.216808,188.086081
SPHINCS+-SHA2-128f-simple_run19,active,58.409356,5.3975,0.59594,3.216588,188.127043
SPHINCS+-SHA2-128f-simple_run19,active,58.422096,5.39875,0.598622,3.231813,188.168215
SPHINCS+-SHA2-128f-simple_run19,active,58.434836,5.4,0.59594,3.218078,188.209214
SPHINCS+-SHA2-128f-simple_run19,active,58.447571,5.3975,0.596298,3.218518,188.250203
SPHINCS+-SHA2-128f-simple_run19,active,58.460309,5.3975,0.59594,3.216588,188.291174
SPHINCS+-SHA2-128f-simple_run19,active,58.473044,5.39625,0.598086,3.227422,188.332275
SPHINCS+-SHA2-128f-simple_run19,active,58.485777,5.39625,0.599338,3.234176,188.373456
SPHINCS+-SHA2-128f-simple_run19,active,58.498512,5.3975,0.59594,3.216588,188.41442
SPHINCS+-SHA2-128f-simple_run19,active,58.511246,5.3975,0.593795,3.205007,188.455234
SPHINCS+-SHA2-128f-simple_run19,active,58.523987,5.3975,0.597728,3.226239,188.496337
SPHINCS+-SHA2-128f-simple_run19,active,58.536729,5.39625,0.595583,3.213914,188.537291
SPHINCS+-SHA2-128f-simple_run19,active,58.549497,5.3975,0.595762,3.215623,188.578346
SPHINCS+-SHA2-128f-simple_run19,active,58.562234,5.3975,0.594331,3.207903,188.619206
SPHINCS+-SHA2-128f-simple_run19,active,58.574971,5.3975,0.595583,3.214658,188.660151
SPHINCS+-SHA2-128f-simple_run19,active,58.587707,5.39625,0.596119,3.216808,188.701122
SPHINCS+-SHA2-128f-simple_run19,active,58.600446,5.39625,0.595404,3.212949,188.74205
SPHINCS+-SHA2-128f-simple_run19,active,58.61318,5.39875,0.595225,3.213472,188.78297
SPHINCS+-SHA2-128f-simple_run19,active,58.625922,5.395,0.598265,3.227639,188.824098
SPHINCS+-SHA2-128f-simple_run19,active,58.638665,5.39625,0.599874,3.23707,188.865348
SPHINCS+-SHA2-128f-simple_run19,active,58.651401,5.3975,0.601126,3.244575,188.906671
SPHINCS+-SHA2-128f-simple_run19,active,58.664176,5.39625,0.596834,3.220668,188.947814
SPHINCS+-SHA2-128f-simple_run19,active,58.676917,5.39625,0.596119,3.216808,188.988799
SPHINCS+-SHA2-128f-simple_run19,active,58.689651,5.3975,0.59594,3.216588,189.02976
SPHINCS+-SHA2-128f-simple_run19,active,58.702386,5.3875,0.599874,3.231821,189.070918
SPHINCS+-SHA2-128f-simple_run19,active,58.715125,5.39625,0.598622,3.230316,189.112068
SPHINCS+-SHA2-128f-simple_run19,active,58.730912,5.39625,0.597013,3.221632,189.162928
SPHINCS+-SHA2-128f-simple_run19,active,58.743668,5.3975,0.595583,3.214658,189.203933
SPHINCS+-SHA2-128f-simple_run19,active,58.756413,5.395,0.596119,3.216063,189.244922
SPHINCS+-SHA2-128f-simple_run19,active,58.76915,5.39625,0.595762,3.214879,189.285871
SPHINCS+-SHA2-128f-simple_run19,active,58.781884,5.39875,0.607384,3.279112,189.327626
SPHINCS+-SHA2-128f-simple_run19,active,58.794621,5.395,0.601304,3.244037,189.368947
SPHINCS+-SHA2-128f-simple_run19,active,58.807355,5.395,0.596477,3.217992,189.409925
SPHINCS+-SHA2-128f-simple_run19,active,58.820089,5.3975,0.59594,3.216588,189.450885
SPHINCS+-SHA2-128f-simple_run19,active,58.832833,5.39625,0.59755,3.224527,189.491977
SPHINCS+-SHA2-128f-simple_run19,active,58.845571,5.395,0.598801,3.230532,189.533128
SPHINCS+-SHA2-128f-simple_run19,active,58.858306,5.3975,0.605059,3.265807,189.574717
SPHINCS+-SHA2-128f-simple_run19,active,58.871041,5.3975,0.590219,3.185706,189.615288
SPHINCS+-SHA2-128f-simple_run19,active,58.883775,5.39625,0.597371,3.223562,189.656337
SPHINCS+-SHA2-128f-simple_run19,active,58.896512,5.385,0.595583,3.207213,189.697186
SPHINCS+-SHA2-128f-simple_run19,active,58.909252,5.3975,0.593974,3.205973,189.73803
SPHINCS+-SHA2-128f-simple_run19,active,58.921996,5.39875,0.58861,3.177756,189.778528
SPHINCS+-SHA2-128f-simple_run19,active,58.934744,5.39875,0.595762,3.216368,189.81953
SPHINCS+-SHA2-128f-simple_run19,active,58.947485,5.38625,0.59594,3.209884,189.860429
SPHINCS+-SHA2-128f-simple_run19,active,58.960224,5.3975,0.593974,3.205973,189.901268
SPHINCS+-SHA2-128f-simple_run19,active,58.972959,5.39625,0.596119,3.216808,189.942235
SPHINCS+-SHA2-128f-simple_run19,active,58.985692,5.3975,0.598265,3.229134,189.983352
SPHINCS+-SHA2-128f-simple_run19,active,58.998427,5.39625,0.59594,3.215843,190.024305
SPHINCS+-SHA2-128f-simple_run19,active,59.011162,5.40125,0.596477,3.22172,190.065333
SPHINCS+-SHA2-128f-simple_run19,active,59.023896,5.39625,0.596119,3.216808,190.106297
SPHINCS+-SHA2-128f-simple_run19,active,59.036641,5.3975,0.596119,3.217553,190.147305
SPHINCS+-SHA2-128f-simple_run19,active,59.049385,5.39375,0.59594,3.214354,190.188268
SPHINCS+-SHA2-128f-simple_run19,active,59.062136,5.39375,0.596298,3.216282,190.229278
SPHINCS+-SHA2-128f-simple_run19,active,59.074874,5.39375,0.59594,3.214354,190.270224
SPHINCS+-SHA2-128f-simple_run19,active,59.087612,5.39625,0.595046,3.211019,190.311125
SPHINCS+-SHA2-128f-simple_run19,active,59.100351,5.39625,0.59594,3.215843,190.352091
SPHINCS+-SHA2-128f-simple_run19,active,59.113087,5.39625,0.597013,3.221632,190.393121
SPHINCS+-SHA2-128f-simple_run19,active,59.125821,5.3975,0.596119,3.217553,190.434096
SPHINCS+-SHA2-128f-simple_run19,active,59.138565,5.39625,0.596477,3.218738,190.475114
SPHINCS+-SHA2-128f-simple_run19,active,59.151308,5.39625,0.595046,3.211019,190.516031
SPHINCS+-SHA2-128f-simple_run19,active,59.164045,5.39625,0.596477,3.218738,190.55703
SPHINCS+-SHA2-128f-simple_run19,active,59.176784,5.3975,0.596119,3.217553,190.598017
SPHINCS+-SHA2-128f-simple_run19,active,59.189516,5.39125,0.596298,3.214792,190.63895
SPHINCS+-SHA2-128f-simple_run19,active,59.202253,5.39625,0.596477,3.218738,190.679945
SPHINCS+-SHA2-128f-simple_run19,active,59.214989,5.39625,0.596119,3.216808,190.720915
SPHINCS+-SHA2-128f-simple_run19,active,59.227724,5.3975,0.596298,3.218518,190.761904
SPHINCS+-SHA2-128f-simple_run19,active,59.240469,5.3975,0.598801,3.232029,190.803094
SPHINCS+-SHA2-128f-simple_run19,active,59.25321,5.395,0.596119,3.216063,190.84407
SPHINCS+-SHA2-128f-simple_run19,active,59.265945,5.3975,0.596119,3.217553,190.885045
SPHINCS+-SHA2-128f-simple_run19,active,59.278679,5.39625,0.596656,3.219703,190.926047
SPHINCS+-SHA2-128f-simple_run19,active,59.291414,5.39875,0.598444,3.230847,190.967189
SPHINCS+-SHA2-128f-simple_run19,active,59.304182,5.395,0.597907,3.225709,191.008377
SPHINCS+-SHA2-128f-simple_run19,active,59.316922,5.39625,0.598622,3.230316,191.04953
SPHINCS+-SHA2-128f-simple_run19,active,59.329655,5.395,0.59594,3.215098,191.09047
SPHINCS+-SHA2-128f-simple_run19,active,59.342399,5.395,0.596477,3.217992,191.131478
SPHINCS+-SHA2-128f-simple_run19,active,59.355138,5.39625,0.59594,3.215843,191.172447
SPHINCS+-SHA2-128f-simple_run19,active,59.367873,5.39625,0.596834,3.220668,191.213462
SPHINCS+-SHA2-128f-simple_run19,active,59.380611,5.3975,0.598444,3.230099,191.254606
SPHINCS+-SHA2-128f-simple_run19,active,59.393346,5.3975,0.596119,3.217553,191.295581
SPHINCS+-SHA2-128f-simple_run19,active,59.40608,5.39125,0.598622,3.227323,191.336679
SPHINCS+-SHA2-128f-simple_run19,active,59.418816,5.39625,0.595583,3.213914,191.377611
SPHINCS+-SHA2-128f-simple_run19,active,59.431551,5.39375,0.595404,3.21146,191.418509
SPHINCS+-SHA2-128f-simple_run19,active,59.444294,5.3975,0.597192,3.223344,191.459583
SPHINCS+-SHA2-128f-simple_run19,active,59.457034,5.3975,0.59594,3.216588,191.500562
SPHINCS+-SHA2-128f-simple_run19,active,59.469767,5.395,0.597013,3.220886,191.541575
SPHINCS+-SHA2-128f-simple_run19,active,59.482502,5.3975,0.597907,3.227204,191.582674
SPHINCS+-SHA2-128f-simple_run19,active,59.495237,5.39625,0.596119,3.216808,191.62364
SPHINCS+-SHA2-128f-simple_run19,active,59.507973,5.39625,0.59594,3.215843,191.664596
SPHINCS+-SHA2-128f-simple_run19,active,59.520709,5.39625,0.591113,3.189792,191.705221
SPHINCS+-SHA2-128f-simple_run19,active,59.533475,5.39625,0.604165,3.260226,191.746842
SPHINCS+-SHA2-128f-simple_run19,active,59.546218,5.3975,0.596298,3.218518,191.787854
SPHINCS+-SHA2-128f-simple_run19,active,59.558959,5.3975,0.596834,3.221414,191.828899
SPHINCS+-SHA2-128f-simple_run19,active,59.571693,5.39875,0.595404,3.214437,191.869832
SPHINCS+-SHA2-128f-simple_run19,active,59.58443,5.39625,0.596119,3.216808,191.910804
SPHINCS+-SHA2-128f-simple_run19,active,59.597165,5.39625,0.595583,3.213914,191.951733
SPHINCS+-SHA2-128f-simple_run19,active,59.609899,5.39625,0.604523,3.262156,191.993274
SPHINCS+-SHA2-128f-simple_run19,active,59.622633,5.395,0.596477,3.217992,192.034251
SPHINCS+-SHA2-128f-simple_run19,active,59.635367,5.39625,0.597371,3.223562,192.075299
SPHINCS+-SHA2-128f-simple_run19,active,59.648111,5.39625,0.596119,3.216808,192.116295
SPHINCS+-SHA2-128f-simple_run19,active,59.660854,5.4,0.598622,3.232561,192.157486
SPHINCS+-SHA2-128f-simple_run19,active,59.673586,5.39625,0.597371,3.223562,192.198531
SPHINCS+-SHA2-128f-simple_run19,active,59.686322,5.39875,0.60488,3.265598,192.240121
SPHINCS+-SHA2-128f-simple_run19,active,59.699057,5.3975,0.595225,3.212728,192.281036
SPHINCS+-SHA2-128f-simple_run19,active,59.711797,5.39625,0.59594,3.215843,192.322005
SPHINCS+-SHA2-128f-simple_run19,active,59.72454,5.39625,0.597013,3.221632,192.363058
SPHINCS+-SHA2-128f-simple_run19,active,59.737279,5.395,0.59594,3.215098,192.404016
SPHINCS+-SHA2-128f-simple_run19,active,59.750029,5.4,0.596119,3.219044,192.445057
SPHINCS+-SHA2-128f-simple_run19,active,59.76283,5.39375,0.60345,3.254858,192.486724
SPHINCS+-SHA2-128f-simple_run19,active,59.775646,5.3925,0.596119,3.214573,192.527921
SPHINCS+-SHA2-128f-simple_run19,active,59.78852,5.395,0.59594,3.215098,192.569312
SPHINCS+-SHA2-128f-simple_run19,active,59.801274,5.39375,0.595225,3.210496,192.61026
SPHINCS+-SHA2-128f-simple_run19,active,59.814035,5.39625,0.595583,3.213914,192.651272
SPHINCS+-SHA2-128f-simple_run19,active,59.826807,5.3975,0.59594,3.216588,192.692353
SPHINCS+-SHA2-128f-simple_run19,active,59.839546,5.39625,0.596477,3.218738,192.733356
SPHINCS+-SHA2-128f-simple_run19,active,59.852297,5.395,0.596119,3.216063,192.774367
SPHINCS+-SHA2-128f-simple_run19,active,59.865041,5.3875,0.597907,3.221225,192.815417
SPHINCS+-SHA2-128f-simple_run19,active,59.877476,5.39,0.596119,3.213082,192.855373
SPHINCS+-SHA2-128f-simple_run19,active,59.88991,5.38625,0.595762,3.208921,192.895271
SPHINCS+-SHA2-128f-simple_run19,active,59.902342,5.3875,0.598265,3.223152,192.935341
SPHINCS+-SHA2-128f-simple_run19,active,59.914778,5.38875,0.596119,3.212337,192.975289
SPHINCS+-SHA2-128f-simple_run19,active,59.927211,5.38875,0.596298,3.213301,193.01524
SPHINCS+-SHA2-128f-simple_run19,active,59.939642,5.39,0.59594,3.212119,193.055169
SPHINCS+-SHA2-128f-simple_run19,active,59.952073,5.39125,0.596119,3.213828,193.095123
SPHINCS+-SHA2-128f-simple_run19,active,59.964527,5.38375,0.598801,3.223796,193.13527
SPHINCS+-SHA2-128f-simple_run19,active,59.977266,5.3975,0.596119,3.217553,193.17626
SPHINCS+-SHA2-128f-simple_run19,active,59.99,5.39625,0.599159,3.233211,193.21743
SPHINCS+-SHA2-128f-simple_run19,active,60.005757,5.39625,0.596834,3.220668,193.26818
SPHINCS+-SHA2-128f-simple_run19,active,60.018516,5.39625,0.596834,3.220668,193.309273
SPHINCS+-SHA2-128f-simple_run19,active,60.031255,5.3975,0.592007,3.195357,193.349976
SPHINCS+-SHA2-128f-simple_run19,active,60.04399,5.39625,0.596119,3.216808,193.390942
SPHINCS+-SHA2-128f-simple_run19,active,60.056738,5.3975,0.595762,3.215623,193.431936
SPHINCS+-SHA2-128f-simple_run19,active,60.069503,5.3825,0.599695,3.227859,193.473139
SPHINCS+-SHA2-128f-simple_run19,active,60.082241,5.39625,0.596119,3.216808,193.514116
SPHINCS+-SHA2-128f-simple_run19,active,60.094976,5.4,0.596119,3.219044,193.555111
SPHINCS+-SHA2-128f-simple_run19,active,60.10771,5.3975,0.596656,3.220449,193.596119
SPHINCS+-SHA2-128f-simple_run19,active,60.120449,5.3975,0.59755,3.225274,193.637206
SPHINCS+-SHA2-128f-simple_run19,active,60.133184,5.39625,0.595583,3.213914,193.678135
SPHINCS+-SHA2-128f-simple_run19,active,60.145916,5.3975,0.598622,3.231064,193.719273
SPHINCS+-SHA2-128f-simple_run19,active,60.158663,5.39875,0.59594,3.217333,193.760284
SPHINCS+-SHA2-128f-simple_run19,active,60.171403,5.39875,0.597013,3.223125,193.801348
SPHINCS+-SHA2-128f-simple_run19,active,60.184168,5.3975,0.596119,3.217553,193.84242
SPHINCS+-SHA2-128f-simple_run19,active,60.196908,5.39625,0.596834,3.220668,193.883449
SPHINCS+-SHA2-128f-simple_run19,active,60.209641,5.39875,0.594689,3.210576,193.92433
SPHINCS+-SHA2-128f-simple_run19,active,60.222377,5.4,0.596477,3.220975,193.965355
SPHINCS+-SHA2-128f-simple_run19,active,60.235111,5.3975,0.596477,3.219484,194.006352
SPHINCS+-SHA2-128f-simple_run19,active,60.247847,5.39625,0.596477,3.218738,194.047345
SPHINCS+-SHA2-128f-simple_run19,active,60.260592,5.395,0.596119,3.216063,194.088331
SPHINCS+-SHA2-128f-simple_run19,active,60.273332,5.395,0.596298,3.217028,194.129319
SPHINCS+-SHA2-128f-simple_run19,active,60.286068,5.395,0.600947,3.242108,194.170608
SPHINCS+-SHA2-128f-simple_run19,active,60.298803,5.39375,0.596477,3.217247,194.211581
SPHINCS+-SHA2-128f-simple_run19,active,60.311538,5.40125,0.59594,3.218823,194.252572
SPHINCS+-SHA2-128f-simple_run19,active,60.324276,5.39625,0.597907,3.226457,194.293672
SPHINCS+-SHA2-128f-simple_run19,active,60.337012,5.39625,0.595583,3.213914,194.334603
SPHINCS+-SHA2-128f-simple_run19,active,60.349745,5.3975,0.59594,3.216588,194.375561
SPHINCS+-SHA2-128f-simple_run19,active,60.362488,5.39625,0.604344,3.261191,194.417118
SPHINCS+-SHA2-128f-simple_run19,active,60.375227,5.3975,0.596119,3.217553,194.458106
SPHINCS+-SHA2-128f-simple_run19,active,60.387962,5.39875,0.596119,3.218299,194.49909
SPHINCS+-SHA2-128f-simple_run19,active,60.400699,5.36875,0.597013,3.205215,194.539915
SPHINCS+-SHA2-128f-simple_run19,active,60.413462,5.39875,0.59594,3.217333,194.580979
SPHINCS+-SHA2-128f-simple_run19,active,60.426201,5.39875,0.597013,3.223125,194.622038
SPHINCS+-SHA2-128f-simple_run19,active,60.438935,5.3975,0.60488,3.264842,194.663614
SPHINCS+-SHA2-128f-simple_run19,active,60.451669,5.39625,0.598086,3.227422,194.70471
SPHINCS+-SHA2-128f-simple_run19,active,60.464413,5.39625,0.596834,3.220668,194.745755
SPHINCS+-SHA2-128f-simple_run19,active,60.477152,5.38375,0.596119,3.209357,194.78664
SPHINCS+-SHA2-128f-simple_run19,active,60.489885,5.39875,0.591292,3.192236,194.827286
SPHINCS+-SHA2-128f-simple_run19,active,60.502621,5.39625,0.596656,3.219703,194.868292
SPHINCS+-SHA2-128f-simple_run19,active,60.515355,5.39625,0.605417,3.26698,194.909894
SPHINCS+-SHA2-128f-simple_run19,active,60.528092,5.3975,0.59594,3.216588,194.950863
SPHINCS+-SHA2-128f-simple_run19,active,60.540829,5.39625,0.595583,3.213914,194.991798
SPHINCS+-SHA2-128f-simple_run19,active,60.553561,5.39625,0.596298,3.217773,195.032766
SPHINCS+-SHA2-128f-simple_run19,active,60.566302,5.39625,0.596119,3.216808,195.073754
SPHINCS+-SHA2-128f-simple_run19,active,60.57904,5.3825,0.594331,3.198988,195.114503
SPHINCS+-SHA2-128f-simple_run19,active,60.591775,5.39875,0.596119,3.218299,195.155485
SPHINCS+-SHA2-128f-simple_run19,active,60.604509,5.395,0.596119,3.216063,195.196441
SPHINCS+-SHA2-128f-simple_run19,active,60.617246,5.4,0.595583,3.216147,195.237405
SPHINCS+-SHA2-128f-simple_run19,active,60.62998,5.4,0.593616,3.205526,195.278224
SPHINCS+-SHA2-128f-simple_run19,active,60.642714,5.39625,0.596119,3.216808,195.319187
SPHINCS+-SHA2-128f-simple_run19,active,60.655449,5.4,0.595046,3.213251,195.360108
SPHINCS+-SHA2-128f-simple_run19,active,60.668193,5.3975,0.596834,3.221414,195.401161
SPHINCS+-SHA2-128f-simple_run19,active,60.68094,5.3825,0.589504,3.173003,195.441607
SPHINCS+-SHA2-128f-simple_run19,active,60.693673,5.39625,0.595762,3.214879,195.482541
SPHINCS+-SHA2-128f-simple_run19,active,60.706413,5.3975,0.597013,3.222379,195.523595
SPHINCS+-SHA2-128f-simple_run19,active,60.719159,5.39625,0.596298,3.217773,195.564607
SPHINCS+-SHA2-128f-simple_run19,active,60.731893,5.39625,0.596477,3.218738,195.605596
SPHINCS+-SHA2-128f-simple_run19,active,60.74463,5.39875,0.600947,3.244362,195.646919
SPHINCS+-SHA2-128f-simple_run19,active,60.757366,5.3975,0.59594,3.216588,195.687885
SPHINCS+-SHA2-128f-simple_run19,active,60.770116,5.395,0.595583,3.213169,195.728855
SPHINCS+-SHA2-128f-simple_run19,active,60.782859,5.3825,0.596298,3.209574,195.769754
SPHINCS+-SHA2-128f-simple_run19,active,60.795596,5.39625,0.59594,3.215843,195.810713
SPHINCS+-SHA2-128f-simple_run19,active,60.808334,5.39625,0.595762,3.214879,195.851665
SPHINCS+-SHA2-128f-simple_run19,active,60.821072,5.39625,0.59898,3.232246,195.892836
SPHINCS+-SHA2-128f-simple_run19,active,60.833807,5.395,0.596298,3.217028,195.933806
SPHINCS+-SHA2-128f-simple_run19,active,60.846541,5.39875,0.601126,3.245327,195.975132
SPHINCS+-SHA2-128f-simple_run19,active,60.859276,5.39875,0.596656,3.221194,196.016152
SPHINCS+-SHA2-128f-simple_run19,active,60.872017,5.3975,0.596119,3.217553,196.057148
SPHINCS+-SHA2-128f-simple_run19,active,60.884758,5.39625,0.59755,3.224527,196.098231
SPHINCS+-SHA2-128f-simple_run19,active,60.897494,5.395,0.599159,3.232462,196.1394
SPHINCS+-SHA2-128f-simple_run19,active,60.910228,5.38875,0.597013,3.217155,196.180369
SPHINCS+-SHA2-128f-simple_run19,active,60.922963,5.3975,0.596298,3.218518,196.221357
SPHINCS+-SHA2-128f-simple_run19,active,60.935698,5.39625,0.596119,3.216808,196.262322
SPHINCS+-SHA2-128f-simple_run19,active,60.948436,5.395,0.595583,3.213169,196.303251
SPHINCS+-SHA2-128f-simple_run19,active,60.961171,5.395,0.59594,3.215098,196.344195
SPHINCS+-SHA2-128f-simple_run19,active,60.973911,5.3975,0.597728,3.226239,196.385299
SPHINCS+-SHA2-128f-simple_run19,active,60.986651,5.39625,0.596477,3.218738,196.426305
SPHINCS+-SHA2-128f-simple_run19,active,60.999388,5.39625,0.593795,3.204265,196.467116
SPHINCS+-SHA2-128f-simple_run19,active,61.012156,5.4,0.596298,3.220009,196.50823
SPHINCS+-SHA2-128f-simple_run19,active,61.024898,5.39625,0.596834,3.220668,196.549269
SPHINCS+-SHA2-128f-simple_run19,active,61.037632,5.39625,0.59594,3.215843,196.590219
SPHINCS+-SHA2-128f-simple_run19,active,61.050368,5.3975,0.596119,3.217553,196.631198
SPHINCS+-SHA2-128f-simple_run19,active,61.063102,5.39625,0.596298,3.217773,196.672173
SPHINCS+-SHA2-128f-simple_run19,active,61.075844,5.3975,0.596119,3.217553,196.713169
SPHINCS+-SHA2-128f-simple_run19,active,61.088585,5.39625,0.595583,3.213914,196.754119
SPHINCS+-SHA2-128f-simple_run19,active,61.10132,5.3975,0.594331,3.207903,196.794972
SPHINCS+-SHA2-128f-simple_run19,active,61.114073,5.39625,0.598444,3.229351,196.836156
SPHINCS+-SHA2-128f-simple_run19,active,61.12681,5.3975,0.596834,3.221414,196.877188
SPHINCS+-SHA2-128f-simple_run19,active,61.139544,5.39625,0.593437,3.202335,196.917966
SPHINCS+-SHA2-128f-simple_run19,active,61.152281,5.395,0.596477,3.217992,196.958955
SPHINCS+-SHA2-128f-simple_run19,active,61.165017,5.39625,0.597013,3.221632,196.999985
SPHINCS+-SHA2-128f-simple_run19,active,61.177756,5.39875,0.597728,3.226986,197.041093
SPHINCS+-SHA2-128f-simple_run19,active,61.190499,5.395,0.608456,3.282622,197.082922
SPHINCS+-SHA2-128f-simple_run19,active,61.203234,5.39625,0.596119,3.216808,197.12389
SPHINCS+-SHA2-128f-simple_run19,active,61.215969,5.3975,0.596119,3.217553,197.164864
SPHINCS+-SHA2-128f-simple_run19,active,61.228707,5.39625,0.598801,3.231281,197.206024
SPHINCS+-SHA2-128f-simple_run19,active,61.241472,5.39625,0.596477,3.218738,197.247111
SPHINCS+-SHA2-128f-simple_run19,active,61.254206,5.39625,0.596656,3.219703,197.288112
SPHINCS+-SHA2-128f-simple_run19,active,61.266938,5.395,0.605238,3.265259,197.329686
SPHINCS+-SHA2-128f-simple_run19,active,61.282599,5.39625,0.596477,3.218738,197.380093
SPHINCS+-SHA2-128f-simple_run19,active,61.295359,5.3825,0.596298,3.209574,197.421048
SPHINCS+-SHA2-128f-simple_run19,active,61.308097,5.3975,0.596834,3.221414,197.462081
SPHINCS+-SHA2-128f-simple_run19,active,61.320837,5.39875,0.59594,3.217333,197.503069
SPHINCS+-SHA2-128f-simple_run19,active,61.333569,5.39625,0.596298,3.217773,197.54404
SPHINCS+-SHA2-128f-simple_run19,active,61.346305,5.3975,0.598622,3.231064,197.585191
SPHINCS+-SHA2-128f-simple_run19,active,61.359041,5.3825,0.598801,3.223047,197.626237
SPHINCS+-SHA2-128f-simple_run19,active,61.371775,5.3975,0.596656,3.220449,197.667247
SPHINCS+-SHA2-128f-simple_run19,active,61.384518,5.39625,0.596477,3.218738,197.708263
SPHINCS+-SHA2-128f-simple_run19,active,61.397257,5.38375,0.596119,3.209357,197.749149
SPHINCS+-SHA2-128f-simple_run19,active,61.409989,5.39625,0.600589,3.240929,197.79041
SPHINCS+-SHA2-128f-simple_run19,active,61.422722,5.3975,0.599338,3.234925,197.831603
SPHINCS+-SHA2-128f-simple_run19,active,61.435455,5.3975,0.596119,3.217553,197.872572
SPHINCS+-SHA2-128f-simple_run19,active,61.44819,5.3975,0.592364,3.197287,197.91329
SPHINCS+-SHA2-128f-simple_run19,active,61.460924,5.3975,0.596119,3.217553,197.95426
SPHINCS+-SHA2-128f-simple_run19,active,61.473655,5.3975,0.596119,3.217553,197.995224
SPHINCS+-SHA2-128f-simple_run19,active,61.486395,5.39375,0.596656,3.218211,198.036225
SPHINCS+-SHA2-128f-simple_run19,active,61.499136,5.395,0.600768,3.241143,198.077518
SPHINCS+-SHA2-128f-simple_run19,active,61.511868,5.39875,0.596477,3.220229,198.11852
SPHINCS+-SHA2-128f-simple_run19,active,61.524604,5.3975,0.599159,3.23396,198.159706
SPHINCS+-SHA2-128f-simple_run19,active,61.537338,5.395,0.598086,3.226674,198.200794
SPHINCS+-SHA2-128f-simple_run19,active,61.550069,5.39625,0.598265,3.228386,198.241896
SPHINCS+-SHA2-128f-simple_run19,active,61.562802,5.3925,0.595046,3.208788,198.282752
SPHINCS+-SHA2-128f-simple_run19,active,61.575534,5.39625,0.598444,3.229351,198.323871
SPHINCS+-SHA2-128f-simple_run19,active,61.588278,5.39875,0.594152,3.20768,198.36475
SPHINCS+-SHA2-128f-simple_run19,active,61.601018,5.3875,0.596119,3.211592,198.405664
SPHINCS+-SHA2-128f-simple_run19,active,61.613773,5.39625,0.595046,3.211019,198.446622
SPHINCS+-SHA2-128f-simple_run19,active,61.626533,5.39375,0.597371,3.222069,198.487735
SPHINCS+-SHA2-128f-simple_run19,active,61.639276,5.3975,0.599159,3.23396,198.528944
SPHINCS+-SHA2-128f-simple_run19,active,61.652018,5.39625,0.596834,3.220668,198.569983
SPHINCS+-SHA2-128f-simple_run19,active,61.664757,5.39875,0.598801,3.232778,198.611163
SPHINCS+-SHA2-128f-simple_run19,active,61.677492,5.39625,0.595404,3.212949,198.652081
SPHINCS+-SHA2-128f-simple_run19,active,61.690235,5.39625,0.59594,3.215843,198.693062
SPHINCS+-SHA2-128f-simple_run19,active,61.702978,5.395,0.59594,3.215098,198.73403
SPHINCS+-SHA2-128f-simple_run19,active,61.715718,5.3975,0.595762,3.215623,198.774999
SPHINCS+-SHA2-128f-simple_run19,active,61.728461,5.38875,0.596477,3.214264,198.815956
SPHINCS+-SHA2-128f-simple_run19,active,61.741196,5.395,0.59594,3.215098,198.856901
SPHINCS+-SHA2-128f-simple_run19,active,61.753928,5.39625,0.596834,3.220668,198.897907
SPHINCS+-SHA2-128f-simple_run19,active,61.766661,5.3975,0.596119,3.217553,198.938875
SPHINCS+-SHA2-128f-simple_run19,active,61.779401,5.39375,0.596119,3.215318,198.97984
SPHINCS+-SHA2-128f-simple_run19,active,61.792181,5.39625,0.60649,3.27277,199.021666
SPHINCS+-SHA2-128f-simple_run19,active,61.804928,5.39125,0.596119,3.213828,199.062633
SPHINCS+-SHA2-128f-simple_run19,active,61.817663,5.39625,0.595583,3.213914,199.103561
SPHINCS+-SHA2-128f-simple_run19,active,61.830398,5.39875,0.596477,3.220229,199.144572
SPHINCS+-SHA2-128f-simple_run19,active,61.843133,5.3975,0.596477,3.219484,199.185572
SPHINCS+-SHA2-128f-simple_run19,active,61.855868,5.39625,0.595046,3.211019,199.226464
SPHINCS+-SHA2-128f-simple_run19,active,61.868607,5.39875,0.601483,3.247257,199.267829
SPHINCS+-SHA2-128f-simple_run19,active,61.881342,5.39875,0.596834,3.22216,199.308863
SPHINCS+-SHA2-128f-simple_run19,active,61.894082,5.39625,0.596119,3.216808,199.349845
SPHINCS+-SHA2-128f-simple_run19,active,61.906821,5.39875,0.596834,3.22216,199.390892
SPHINCS+-SHA2-128f-simple_run19,active,61.919556,5.395,0.596119,3.216063,199.431849
SPHINCS+-SHA2-128f-simple_run19,active,61.932294,5.395,0.596298,3.217028,199.472828
SPHINCS+-SHA2-128f-simple_run19,active,61.945031,5.3975,0.597013,3.222379,199.513872
SPHINCS+-SHA2-128f-simple_run19,active,61.957765,5.39375,0.594152,3.20471,199.554681
SPHINCS+-SHA2-128f-simple_run19,active,61.9705,5.39625,0.595583,3.213914,199.595609
SPHINCS+-SHA2-128f-simple_run19,active,61.983234,5.3975,0.596477,3.219484,199.636608
SPHINCS+-SHA2-128f-simple_run19,active,61.995976,5.3975,0.596119,3.217553,199.677604
SPHINCS+-SHA2-128f-simple_run19,active,62.008717,5.3975,0.594331,3.207903,199.718478
SPHINCS+-SHA2-128f-simple_run19,active,62.021485,5.39625,0.598086,3.227422,199.759685
SPHINCS+-SHA2-128f-simple_run19,active,62.034221,5.39875,0.596834,3.22216,199.800723
SPHINCS+-SHA2-128f-simple_run19,active,62.046955,5.39625,0.596834,3.220668,199.841735
SPHINCS+-SHA2-128f-simple_run19,active,62.059691,5.39625,0.597371,3.223562,199.882788
SPHINCS+-SHA2-128f-simple_run19,active,62.072429,5.39625,0.597192,3.222597,199.923838
SPHINCS+-SHA2-128f-simple_run19,active,62.085165,5.3975,0.598444,3.230099,199.964977
SPHINCS+-SHA2-128f-simple_run19,active,62.097906,5.395,0.593616,3.202558,200.00578
SPHINCS+-SHA2-128f-simple_run19,active,62.110645,5.3975,0.597013,3.222379,200.046831
SPHINCS+-SHA2-128f-simple_run19,active,62.12338,5.39625,0.597013,3.221632,200.087859
SPHINCS+-SHA2-128f-simple_run19,active,62.136113,5.3975,0.59594,3.216588,200.128817
SPHINCS+-SHA2-128f-simple_run19,active,62.148853,5.39625,0.589325,3.180144,200.169331
SPHINCS+-SHA2-128f-simple_run19,active,62.161586,5.39625,0.596119,3.216808,200.210289
SPHINCS+-SHA2-128f-simple_run19,active,62.174321,5.39625,0.599516,3.23514,200.251489
SPHINCS+-SHA2-128f-simple_run19,active,62.187054,5.3975,0.592543,3.198252,200.292214
SPHINCS+-SHA2-128f-simple_run19,active,62.199797,5.39625,0.596119,3.216808,200.333205
SPHINCS+-SHA2-128f-simple_run19,active,62.212539,5.39875,0.596477,3.220229,200.374235
SPHINCS+-SHA2-128f-simple_run19,active,62.225274,5.39625,0.597371,3.223562,200.415289
SPHINCS+-SHA2-128f-simple_run19,active,62.238007,5.40125,0.598801,3.234275,200.45647
SPHINCS+-SHA2-128f-simple_run19,active,62.250767,5.395,0.599695,3.235356,200.497754
SPHINCS+-SHA2-128f-simple_run19,active,62.263503,5.39625,0.596119,3.216808,200.538723
SPHINCS+-SHA2-128f-simple_run19,active,62.276241,5.39875,0.597192,3.22409,200.579791
SPHINCS+-SHA2-128f-simple_run19,active,62.288975,5.38625,0.596834,3.214699,200.620727
SPHINCS+-SHA2-128f-simple_run19,active,62.301717,5.39625,0.595225,3.211984,200.661655
SPHINCS+-SHA2-128f-simple_run19,active,62.314458,5.3975,0.596834,3.221414,200.702697
SPHINCS+-SHA2-128f-simple_run19,active,62.327194,5.4,0.600232,3.241251,200.743979
SPHINCS+-SHA2-128f-simple_run19,active,62.339929,5.3975,0.597013,3.222379,200.785015
SPHINCS+-SHA2-128f-simple_run19,active,62.352666,5.39625,0.597013,3.221632,200.826051
SPHINCS+-SHA2-128f-simple_run19,active,62.365401,5.3975,0.596119,3.217553,200.867026
SPHINCS+-SHA2-128f-simple_run19,active,62.378135,5.4025,0.595046,3.214738,200.907963
SPHINCS+-SHA2-128f-simple_run19,active,62.390869,5.3975,0.596119,3.217553,200.948933
SPHINCS+-SHA2-128f-simple_run19,active,62.40361,5.39625,0.597907,3.226457,200.990042
SPHINCS+-SHA2-128f-simple_run19,active,62.416352,5.39625,0.59594,3.215843,201.031018
SPHINCS+-SHA2-128f-simple_run19,active,62.429089,5.3925,0.596119,3.214573,201.071962
SPHINCS+-SHA2-128f-simple_run19,active,62.44184,5.395,0.596119,3.216063,201.11297
SPHINCS+-SHA2-128f-simple_run19,active,62.454598,5.39375,0.59594,3.214354,201.153981
SPHINCS+-SHA2-128f-simple_run19,active,62.467335,5.3975,0.59594,3.216588,201.194951
SPHINCS+-SHA2-128f-simple_run19,active,62.480076,5.395,0.596119,3.216063,201.235927
SPHINCS+-SHA2-128f-simple_run19,active,62.492818,5.3975,0.596834,3.221414,201.276972
SPHINCS+-SHA2-128f-simple_run19,active,62.50556,5.39625,0.596298,3.217773,201.317973
SPHINCS+-SHA2-128f-simple_run19,active,62.518299,5.40375,0.593258,3.20582,201.358813
SPHINCS+-SHA2-128f-simple_run19,active,62.531034,5.3975,0.59594,3.216588,201.399776
SPHINCS+-SHA2-128f-simple_run19,active,62.54377,5.39625,0.595404,3.212949,201.440695
SPHINCS+-SHA2-128f-simple_run19,active,62.559446,5.38375,0.596477,3.211282,201.491036
SPHINCS+-SHA2-128f-simple_run19,active,62.57222,5.3975,0.59594,3.216588,201.532124
SPHINCS+-SHA2-128f-simple_run19,active,62.584961,5.395,0.596298,3.217028,201.573114
SPHINCS+-SHA2-128f-simple_run19,active,62.597697,5.39,0.596477,3.21501,201.61406
SPHINCS+-SHA2-128f-simple_run19,active,62.610443,5.3975,0.599159,3.23396,201.655278
SPHINCS+-SHA2-128f-simple_run19,active,62.623186,5.3975,0.596298,3.218518,201.696293
SPHINCS+-SHA2-128f-simple_run19,active,62.635922,5.39625,0.596477,3.218738,201.737287
SPHINCS+-SHA2-128f-simple_run19,active,62.64866,5.3925,0.596119,3.214573,201.778234
SPHINCS+-SHA2-128f-simple_run19,active,62.661393,5.3975,0.596298,3.218518,201.819215
SPHINCS+-SHA2-128f-simple_run19,active,62.674128,5.39625,0.59594,3.215843,201.860168
SPHINCS+-SHA2-128f-simple_run19,active,62.686862,5.39875,0.595583,3.215403,201.901115
SPHINCS+-SHA2-128f-simple_run19,active,62.699597,5.395,0.59594,3.215098,201.942059
SPHINCS+-SHA2-128f-simple_run19,active,62.712362,5.39625,0.601841,3.247683,201.983514
SPHINCS+-SHA2-128f-simple_run19,active,62.725131,5.39625,0.596119,3.216808,202.024589
SPHINCS+-SHA2-128f-simple_run19,active,62.737867,5.40375,0.597013,3.22611,202.065677
SPHINCS+-SHA2-128f-simple_run19,active,62.750606,5.39625,0.596656,3.219703,202.106694
SPHINCS+-SHA2-128f-simple_run19,active,62.763343,5.39625,0.596477,3.218738,202.147692
SPHINCS+-SHA2-128f-simple_run19,active,62.776074,5.39875,0.59755,3.226021,202.188763
SPHINCS+-SHA2-128f-simple_run19,active,62.788815,5.39625,0.597192,3.222597,202.229821
SPHINCS+-SHA2-128f-simple_run19,active,62.801547,5.3975,0.596477,3.219484,202.270811
SPHINCS+-SHA2-128f-simple_run19,active,62.814298,5.39875,0.601483,3.247257,202.312217
SPHINCS+-SHA2-128f-simple_run19,active,62.827039,5.3925,0.596298,3.215537,202.353186
SPHINCS+-SHA2-128f-simple_run19,active,62.839776,5.3975,0.59594,3.216588,202.394155
SPHINCS+-SHA2-128f-simple_run19,active,62.852513,5.39625,0.598444,3.229351,202.435289
SPHINCS+-SHA2-128f-simple_run19,active,62.865249,5.3975,0.597907,3.227204,202.47639
SPHINCS+-SHA2-128f-simple_run19,active,62.877986,5.395,0.595046,3.210275,202.517278
SPHINCS+-SHA2-128f-simple_run19,active,62.890722,5.3975,0.596298,3.218518,202.558269
SPHINCS+-SHA2-128f-simple_run19,active,62.903457,5.3975,0.59755,3.225274,202.599343
SPHINCS+-SHA2-128f-simple_run19,active,62.916202,5.395,0.596119,3.216063,202.640331
SPHINCS+-SHA2-128f-simple_run19,active,62.928944,5.395,0.598265,3.227639,202.681459
SPHINCS+-SHA2-128f-simple_run19,active,62.94168,5.3975,0.596298,3.218518,202.722448
SPHINCS+-SHA2-128f-simple_run19,active,62.954415,5.3975,0.596119,3.217553,202.763425
SPHINCS+-SHA2-128f-simple_run19,active,62.967149,5.39625,0.602556,3.251543,202.804829
SPHINCS+-SHA2-128f-simple_run19,active,62.979885,5.39625,0.596119,3.216808,202.845799
SPHINCS+-SHA2-128f-simple_run19,active,62.992622,5.3975,0.596119,3.217553,202.886781
SPHINCS+-SHA2-128f-simple_run19,active,63.005355,5.39875,0.600589,3.242431,202.928068
SPHINCS+-SHA2-128f-simple_run19,active,63.018098,5.3975,0.597371,3.224309,202.969154
SPHINCS+-SHA2-128f-simple_run19,active,63.030836,5.3975,0.596119,3.217553,203.010141
SPHINCS+-SHA2-128f-simple_run19,active,63.043573,5.39875,0.597371,3.225056,203.051217
SPHINCS+-SHA2-128f-simple_run19,active,63.056311,5.39625,0.600053,3.238035,203.092463
SPHINCS+-SHA2-128f-simple_run19,active,63.069046,5.39625,0.596298,3.217773,203.133443
SPHINCS+-SHA2-128f-simple_run19,active,63.081781,5.39625,0.600053,3.238035,203.17468
SPHINCS+-SHA2-128f-simple_run19,active,63.094518,5.3975,0.597013,3.222379,203.215723
SPHINCS+-SHA2-128f-simple_run19,active,63.107253,5.39875,0.595762,3.216368,203.256683
SPHINCS+-SHA2-128f-simple_run19,active,63.119995,5.3975,0.597728,3.226239,203.297793
SPHINCS+-SHA2-128f-simple_run19,active,63.132737,5.3975,0.596656,3.220449,203.338827
SPHINCS+-SHA2-128f-simple_run19,active,63.145511,5.39375,0.600053,3.236535,203.380169
SPHINCS+-SHA2-128f-simple_run19,active,63.158262,5.39375,0.599695,3.234606,203.421414
SPHINCS+-SHA2-128f-simple_run19,active,63.171003,5.39625,0.596477,3.218738,203.462426
SPHINCS+-SHA2-128f-simple_run19,active,63.183735,5.39625,0.595583,3.213914,203.503344
SPHINCS+-SHA2-128f-simple_run19,active,63.196478,5.3975,0.594689,3.209833,203.544247
SPHINCS+-SHA2-128f-simple_run19,active,63.209216,5.39625,0.596477,3.218738,203.585246
SPHINCS+-SHA2-128f-simple_run19,active,63.221957,5.39875,0.606668,3.275251,203.626976
SPHINCS+-SHA2-128f-simple_run19,active,63.2347,5.39625,0.596119,3.216808,203.667969
SPHINCS+-SHA2-128f-simple_run19,active,63.247436,5.39375,0.592007,3.193137,203.708636
SPHINCS+-SHA2-128f-simple_run19,active,63.260198,5.3975,0.59594,3.216588,203.749686
SPHINCS+-SHA2-128f-simple_run19,active,63.272936,5.3975,0.59594,3.216588,203.79066
SPHINCS+-SHA2-128f-simple_run19,active,63.285669,5.39625,0.596119,3.216808,203.83162
SPHINCS+-SHA2-128f-simple_run19,active,63.298404,5.39125,0.605238,3.262989,203.873172
SPHINCS+-SHA2-128f-simple_run19,active,63.311138,5.39875,0.597013,3.223125,203.914218
SPHINCS+-SHA2-128f-simple_run19,active,63.323881,5.3975,0.596119,3.217553,203.955217
SPHINCS+-SHA2-128f-simple_run19,active,63.336623,5.3925,0.596656,3.217465,203.996214
SPHINCS+-SHA2-128f-simple_run19,active,63.349356,5.3975,0.596834,3.221414,204.037234
SPHINCS+-SHA2-128f-simple_run19,active,63.362091,5.3975,0.596656,3.220449,204.078245
SPHINCS+-SHA2-128f-simple_run19,active,63.374825,5.39625,0.605059,3.265051,204.119824
SPHINCS+-SHA2-128f-simple_run19,active,63.38756,5.405,0.596477,3.223957,204.160879
SPHINCS+-SHA2-128f-simple_run19,active,63.400297,5.3975,0.595225,3.212728,204.2018
SPHINCS+-SHA2-128f-simple_run19,active,63.413032,5.39625,0.59755,3.224527,204.242864
SPHINCS+-SHA2-128f-simple_run19,active,63.425771,5.3975,0.603271,3.256156,204.284344
SPHINCS+-SHA2-128f-simple_run19,active,63.43851,5.39625,0.596834,3.220668,204.325374
SPHINCS+-SHA2-128f-simple_run19,active,63.451244,5.395,0.601304,3.244037,204.366682
SPHINCS+-SHA2-128f-simple_run19,active,63.463979,5.3975,0.597371,3.224309,204.407743
SPHINCS+-SHA2-128f-simple_run19,active,63.476716,5.3975,0.593437,3.203077,204.448541
SPHINCS+-SHA2-128f-simple_run19,active,63.489484,5.39625,0.595762,3.214879,204.48959
SPHINCS+-SHA2-128f-simple_run19,active,63.502221,5.3975,0.596477,3.219484,204.530597
SPHINCS+-SHA2-128f-simple_run19,active,63.514956,5.39625,0.59594,3.215843,204.57155
SPHINCS+-SHA2-128f-simple_run19,active,63.527697,5.3925,0.597192,3.220358,204.612581
SPHINCS+-SHA2-128f-simple_run19,active,63.540441,5.4,0.596834,3.222906,204.653651
SPHINCS+-SHA2-128f-simple_run19,active,63.553176,5.39875,0.596298,3.219264,204.694651
SPHINCS+-SHA2-128f-simple_run19,active,63.56591,5.39875,0.595583,3.215403,204.735595
SPHINCS+-SHA2-128f-simple_run19,active,63.578645,5.3975,0.597907,3.227204,204.776693
SPHINCS+-SHA2-128f-simple_run19,active,63.59138,5.3975,0.596656,3.220449,204.817707
SPHINCS+-SHA2-128f-simple_run19,active,63.604118,5.39375,0.597371,3.222069,204.858749
SPHINCS+-SHA2-128f-simple_run19,active,63.616857,5.395,0.598265,3.227639,204.899864
SPHINCS+-SHA2-128f-simple_run19,active,63.629597,5.39625,0.596298,3.217773,204.94086
SPHINCS+-SHA2-128f-simple_run19,active,63.642338,5.39625,0.596477,3.218738,204.981868
SPHINCS+-SHA2-128f-simple_run19,active,63.655072,5.39625,0.59594,3.215843,205.022822
SPHINCS+-SHA2-128f-simple_run19,active,63.667806,5.395,0.594689,3.208346,205.063676
SPHINCS+-SHA2-128f-simple_run19,active,63.680544,5.3975,0.597907,3.227204,205.104782
SPHINCS+-SHA2-128f-simple_run19,active,63.693279,5.39625,0.596119,3.216808,205.14575
SPHINCS+-SHA2-128f-simple_run19,active,63.706012,5.3925,0.592722,3.196253,205.186448
SPHINCS+-SHA2-128f-simple_run19,active,63.718807,5.39625,0.595762,3.214879,205.227581
SPHINCS+-SHA2-128f-simple_run19,active,63.731543,5.395,0.598086,3.226674,205.268678
SPHINCS+-SHA2-128f-simple_run19,active,63.744291,5.39625,0.596119,3.216808,205.309683
SPHINCS+-SHA2-128f-simple_run19,active,63.757028,5.3975,0.594689,3.209833,205.350568
SPHINCS+-SHA2-128f-simple_run19,active,63.769761,5.3975,0.596477,3.219484,205.391562
SPHINCS+-SHA2-128f-simple_run19,active,63.782498,5.39625,0.596119,3.216808,205.432535
SPHINCS+-SHA2-128f-simple_run19,active,63.795235,5.3975,0.594689,3.209833,205.473416
SPHINCS+-SHA2-128f-simple_run19,active,63.807968,5.395,0.596656,3.218957,205.514405
SPHINCS+-SHA2-128f-simple_run19,active,63.820706,5.39875,0.596298,3.219264,205.555411
SPHINCS+-SHA2-128f-simple_run19,active,63.836452,5.4,0.596477,3.220975,205.606129
SPHINCS+-SHA2-128f-simple_run19,active,63.849221,5.3975,0.596477,3.219484,205.64724
SPHINCS+-SHA2-128f-simple_run19,active,63.86196,5.39625,0.596834,3.220668,205.688267
SPHINCS+-SHA2-128f-simple_run19,active,63.874697,5.39625,0.596298,3.217773,205.729253
SPHINCS+-SHA2-128f-simple_run19,active,63.887433,5.39625,0.596477,3.218738,205.770246
SPHINCS+-SHA2-128f-simple_run19,active,63.900191,5.39625,0.605238,3.266016,205.811915
SPHINCS+-SHA2-128f-simple_run19,active,63.912928,5.39625,0.596119,3.216808,205.852887
SPHINCS+-SHA2-128f-simple_run19,active,63.925661,5.39625,0.602377,3.250578,205.894275
SPHINCS+-SHA2-128f-simple_run19,active,63.938402,5.3975,0.596656,3.220449,205.935306
SPHINCS+-SHA2-128f-simple_run19,active,63.951142,5.395,0.596119,3.216063,205.97628
SPHINCS+-SHA2-128f-simple_run19,active,63.963877,5.395,0.595762,3.214134,206.017212
SPHINCS+-SHA2-128f-simple_run19,active,63.976612,5.3975,0.599516,3.23589,206.058422
SPHINCS+-SHA2-128f-simple_run19,active,63.989345,5.39875,0.595583,3.215403,206.099362
SPHINCS+-SHA2-128f-simple_run19,active,64.002078,5.395,0.596298,3.217028,206.140326
SPHINCS+-SHA2-128f-simple_run19,active,64.01481,5.3975,0.59594,3.216588,206.18128
SPHINCS+-SHA2-128f-simple_run19,active,64.027545,5.3975,0.603271,3.256156,206.222745
SPHINCS+-SHA2-128f-simple_run19,active,64.04029,5.395,0.601662,3.245966,206.264114
SPHINCS+-SHA2-128f-simple_run19,active,64.05303,5.3975,0.60488,3.264842,206.30571
SPHINCS+-SHA2-128f-simple_run19,active,64.065763,5.39625,0.598801,3.231281,206.346853
SPHINCS+-SHA2-128f-simple_run19,active,64.078498,5.39625,0.597192,3.222597,206.387892
SPHINCS+-SHA2-128f-simple_run19,active,64.091231,5.39625,0.596656,3.219703,206.428889
SPHINCS+-SHA2-128f-simple_run19,active,64.103963,5.39625,0.597728,3.225492,206.469957
SPHINCS+-SHA2-128f-simple_run19,active,64.116701,5.3975,0.591828,3.194392,206.510646
SPHINCS+-SHA2-128f-simple_run19,active,64.129465,5.3975,0.601841,3.248436,206.552109
SPHINCS+-SHA2-128f-simple_run19,active,64.142207,5.3975,0.599159,3.23396,206.593318
SPHINCS+-SHA2-128f-simple_run19,active,64.154949,5.39625,0.595225,3.211984,206.634244
SPHINCS+-SHA2-128f-simple_run19,active,64.167685,5.39625,0.596119,3.216808,206.675214
SPHINCS+-SHA2-128f-simple_run19,active,64.180422,5.39625,0.596477,3.218738,206.716209
SPHINCS+-SHA2-128f-simple_run19,active,64.193156,5.39625,0.595583,3.213914,206.757138
SPHINCS+-SHA2-128f-simple_run19,active,64.20589,5.40875,0.599695,3.243601,206.79844
SPHINCS+-SHA2-128f-simple_run19,active,64.218625,5.3975,0.596656,3.220449,206.839454
SPHINCS+-SHA2-128f-simple_run19,active,64.23136,5.3975,0.596119,3.217553,206.88043
SPHINCS+-SHA2-128f-simple_run19,active,64.2441,5.3975,0.602556,3.252296,206.921862
SPHINCS+-SHA2-128f-simple_run19,active,64.256844,5.4025,0.596477,3.222466,206.96293
SPHINCS+-SHA2-128f-simple_run19,active,64.269576,5.39625,0.59594,3.215843,207.003873
SPHINCS+-SHA2-128f-simple_run19,active,64.282311,5.39625,0.596298,3.217773,207.044853
SPHINCS+-SHA2-128f-simple_run19,active,64.295045,5.3975,0.596477,3.219484,207.08585
SPHINCS+-SHA2-128f-simple_run19,active,64.307778,5.4,0.595225,3.214216,207.126775
SPHINCS+-SHA2-128f-simple_run19,active,64.320514,5.3975,0.596298,3.218518,207.167768
SPHINCS+-SHA2-128f-simple_run19,active,64.333247,5.39625,0.597013,3.221632,207.208789
SPHINCS+-SHA2-128f-simple_run19,active,64.345987,5.39375,0.605417,3.265467,207.250391
SPHINCS+-SHA2-128f-simple_run19,active,64.35873,5.39625,0.596834,3.220668,207.29143
SPHINCS+-SHA2-128f-simple_run19,active,64.371465,5.39625,0.597013,3.221632,207.332457
SPHINCS+-SHA2-128f-simple_run19,active,64.3842,5.39625,0.59594,3.215843,207.373412
SPHINCS+-SHA2-128f-simple_run19,active,64.396933,5.39125,0.597907,3.223467,207.414458
SPHINCS+-SHA2-128f-simple_run19,active,64.409665,5.39375,0.596119,3.215318,207.455395
SPHINCS+-SHA2-128f-simple_run19,active,64.422398,5.39625,0.59594,3.215843,207.496343
SPHINCS+-SHA2-128f-simple_run19,active,64.435131,5.3975,0.598801,3.232029,207.537495
SPHINCS+-SHA2-128f-simple_run19,active,64.44787,5.39125,0.598622,3.227323,207.578609
SPHINCS+-SHA2-128f-simple_run19,active,64.460611,5.39875,0.596119,3.218299,207.619611
SPHINCS+-SHA2-128f-simple_run19,active,64.473342,5.39625,0.596298,3.217773,207.660578
SPHINCS+-SHA2-128f-simple_run19,active,64.486074,5.40125,0.596834,3.223652,207.701622
SPHINCS+-SHA2-128f-simple_run19,active,64.498807,5.39875,0.59594,3.217333,207.742588
SPHINCS+-SHA2-128f-simple_run19,active,64.511541,5.3975,0.598265,3.229134,207.783709
SPHINCS+-SHA2-128f-simple_run19,active,64.524277,5.39875,0.596119,3.218299,207.824696
SPHINCS+-SHA2-128f-simple_run19,active,64.53701,5.39625,0.594331,3.20716,207.865533
SPHINCS+-SHA2-128f-simple_run19,active,64.549751,5.395,0.602556,3.25079,207.90695
SPHINCS+-SHA2-128f-simple_run19,active,64.562488,5.3975,0.596834,3.221414,207.947982
SPHINCS+-SHA2-128f-simple_run19,active,64.575227,5.39625,0.596656,3.219703,207.988999
SPHINCS+-SHA2-128f-simple_run19,active,64.587962,5.39875,0.594868,3.211541,208.029898
SPHINCS+-SHA2-128f-simple_run19,active,64.600699,5.39875,0.59451,3.209611,208.070776
SPHINCS+-SHA2-128f-simple_run19,active,64.61347,5.39625,0.596298,3.217773,208.11187
SPHINCS+-SHA2-128f-simple_run19,active,64.626206,5.39625,0.601126,3.243824,208.153184
SPHINCS+-SHA2-128f-simple_run19,active,64.63894,5.39625,0.597013,3.221632,208.194209
SPHINCS+-SHA2-128f-simple_run19,active,64.65168,5.39625,0.603271,3.255402,208.235684
SPHINCS+-SHA2-128f-simple_run19,active,64.664422,5.39625,0.600589,3.240929,208.27698
SPHINCS+-SHA2-128f-simple_run19,active,64.677157,5.39625,0.596834,3.220668,208.317994
SPHINCS+-SHA2-128f-simple_run19,active,64.68989,5.39625,0.596477,3.218738,208.358978
SPHINCS+-SHA2-128f-simple_run19,active,64.702622,5.3975,0.595762,3.215623,208.39992
SPHINCS+-SHA2-128f-simple_run19,active,64.715365,5.3975,0.595404,3.213693,208.44087
SPHINCS+-SHA2-128f-simple_run19,active,64.728102,5.3975,0.605238,3.266772,208.48248
SPHINCS+-SHA2-128f-simple_run19,active,64.740842,5.3975,0.596477,3.219484,208.523495
SPHINCS+-SHA2-128f-simple_run19,active,64.753591,5.3975,0.601304,3.24554,208.564873
SPHINCS+-SHA2-128f-simple_run19,active,64.76638,5.39375,0.596119,3.215318,208.605996
SPHINCS+-SHA2-128f-simple_run19,active,64.779128,5.3975,0.596477,3.219484,208.647036
SPHINCS+-SHA2-128f-simple_run19,active,64.791861,5.39625,0.596477,3.218738,208.688021
SPHINCS+-SHA2-128f-simple_run19,active,64.804604,5.39875,0.606311,3.27332,208.729732
SPHINCS+-SHA2-128f-simple_run19,active,64.817342,5.395,0.596119,3.216063,208.770699
SPHINCS+-SHA2-128f-simple_run19,active,64.830078,5.39625,0.600947,3.242859,208.812001
SPHINCS+-SHA2-128f-simple_run19,active,64.842814,5.39625,0.59594,3.215843,208.852957
SPHINCS+-SHA2-128f-simple_run19,active,64.85556,5.39375,0.597907,3.224962,208.894061
SPHINCS+-SHA2-128f-simple_run19,active,64.868308,5.395,0.596119,3.216063,208.93506
SPHINCS+-SHA2-128f-simple_run19,active,64.881047,5.39625,0.605059,3.265051,208.976653
SPHINCS+-SHA2-128f-simple_run19,active,64.893781,5.3975,0.597728,3.226239,209.017736
SPHINCS+-SHA2-128f-simple_run19,active,64.906515,5.39125,0.597371,3.220575,209.05875
SPHINCS+-SHA2-128f-simple_run19,active,64.91925,5.39625,0.596298,3.217773,209.099727
SPHINCS+-SHA2-128f-simple_run19,active,64.931987,5.385,0.59594,3.209139,209.140602
SPHINCS+-SHA2-128f-simple_run19,active,64.944726,5.39625,0.59594,3.215843,209.181566
SPHINCS+-SHA2-128f-simple_run19,active,64.957499,5.39625,0.606311,3.271805,209.223359
SPHINCS+-SHA2-128f-simple_run19,active,64.970241,5.395,0.595404,3.212205,209.26429
SPHINCS+-SHA2-128f-simple_run19,active,64.982977,5.35875,0.596477,3.19637,209.304997
SPHINCS+-SHA2-128f-simple_run19,active,64.995712,5.3975,0.598086,3.228169,209.346108
SPHINCS+-SHA2-128f-simple_run19,active,65.008452,5.3975,0.59594,3.216588,209.387089
SPHINCS+-SHA2-128f-simple_run19,active,65.021192,5.3975,0.59594,3.216588,209.428067
SPHINCS+-SHA2-128f-simple_run19,active,65.033924,5.39625,0.596834,3.220668,209.469074
SPHINCS+-SHA2-128f-simple_run19,active,65.046661,5.3975,0.596477,3.219484,209.51008
SPHINCS+-SHA2-128f-simple_run19,active,65.059403,5.3975,0.601483,3.246506,209.551446
SPHINCS+-SHA2-128f-simple_run19,active,65.072177,5.3975,0.596119,3.217553,209.592548
SPHINCS+-SHA2-128f-simple_run19,active,65.084919,5.38125,0.604344,3.252126,209.633987
SPHINCS+-SHA2-128f-simple_run19,active,65.097655,5.3975,0.59594,3.216588,209.674951
SPHINCS+-SHA2-128f-simple_run19,active,65.11334,5.39625,0.599338,3.234176,209.725681
SPHINCS+-SHA2-128f-simple_run19,active,65.126104,5.3925,0.596298,3.215537,209.766724
SPHINCS+-SHA2-128f-simple_run19,active,65.138853,5.3975,0.594689,3.209833,209.807645
SPHINCS+-SHA2-128f-simple_run19,active,65.151591,5.39625,0.593795,3.204265,209.848462
SPHINCS+-SHA2-128f-simple_run19,active,65.164341,5.39875,0.595046,3.212507,209.88942
SPHINCS+-SHA2-128f-simple_run19,active,65.177086,5.39625,0.59594,3.215843,209.930408
SPHINCS+-SHA2-128f-simple_run19,active,65.189821,5.39625,0.597371,3.223562,209.971458
SPHINCS+-SHA2-128f-simple_run19,active,65.202557,5.39625,0.596119,3.216808,210.012429
SPHINCS+-SHA2-128f-simple_run19,active,65.215292,5.4025,0.596834,3.224398,210.053489
SPHINCS+-SHA2-128f-simple_run19,active,65.228029,5.39625,0.596477,3.218738,210.094486
SPHINCS+-SHA2-128f-simple_run19,active,65.240766,5.39625,0.596298,3.217773,210.135472
SPHINCS+-SHA2-128f-simple_run19,active,65.253498,5.39125,0.596298,3.214792,210.176404
SPHINCS+-SHA2-128f-simple_run19,active,65.266241,5.39,0.59594,3.212119,210.217334
SPHINCS+-SHA2-128f-simple_run19,active,65.278981,5.39625,0.59594,3.215843,210.258305
SPHINCS+-SHA2-128f-simple_run19,active,65.291717,5.39875,0.596119,3.218299,210.299294
SPHINCS+-SHA2-128f-simple_run19,active,65.304456,5.39125,0.595762,3.2119,210.34021
SPHINCS+-SHA2-128f-simple_run19,active,65.317194,5.395,0.596298,3.217028,210.381187
SPHINCS+-SHA2-128f-simple_run19,active,65.329929,5.3975,0.597728,3.226239,210.422273
SPHINCS+-SHA2-128f-simple_run19,active,65.342665,5.3975,0.596477,3.219484,210.463277
SPHINCS+-SHA2-128f-simple_run19,active,65.3554,5.4,0.596834,3.222906,210.504323
SPHINCS+-SHA2-128f-simple_run19,active,65.368182,5.39875,0.597728,3.226986,210.545571
SPHINCS+-SHA2-128f-simple_run19,active,65.380929,5.39625,0.596477,3.218738,210.586597
SPHINCS+-SHA2-128f-simple_run19,active,65.393662,5.39625,0.597728,3.225492,210.627669
SPHINCS+-SHA2-128f-simple_run19,active,65.406399,5.3975,0.600947,3.24361,210.668982
SPHINCS+-SHA2-128f-simple_run19,active,65.419134,5.3975,0.596298,3.218518,210.709971
SPHINCS+-SHA2-128f-simple_run19,active,65.43187,5.39625,0.597013,3.221632,210.751002
SPHINCS+-SHA2-128f-simple_run19,active,65.444608,5.39875,0.599516,3.236639,210.792228
SPHINCS+-SHA2-128f-simple_run19,active,65.457343,5.3975,0.596119,3.217553,210.833204
SPHINCS+-SHA2-128f-simple_run19,active,65.470084,5.3975,0.601841,3.248436,210.874592
SPHINCS+-SHA2-128f-simple_run19,active,65.482824,5.39625,0.605596,3.267945,210.916226
SPHINCS+-SHA2-128f-simple_run19,active,65.495561,5.3975,0.596298,3.218518,210.957219
SPHINCS+-SHA2-128f-simple_run19,active,65.508298,5.395,0.596298,3.217028,210.998195
SPHINCS+-SHA2-128f-simple_run19,active,65.521034,5.3975,0.596298,3.218518,211.039187
SPHINCS+-SHA2-128f-simple_run19,active,65.533769,5.39625,0.604165,3.260226,211.080706
SPHINCS+-SHA2-128f-simple_run19,active,65.546505,5.3975,0.59594,3.216588,211.121674
SPHINCS+-SHA2-128f-simple_run19,active,65.55924,5.39625,0.604523,3.262156,211.163217
SPHINCS+-SHA2-128f-simple_run19,active,65.571982,5.3975,0.600053,3.238785,211.204485
SPHINCS+-SHA2-128f-simple_run19,active,65.584725,5.39125,0.597013,3.218647,211.2455
SPHINCS+-SHA2-128f-simple_run19,active,65.597507,5.38375,0.596119,3.209357,211.286521
SPHINCS+-SHA2-128f-simple_run19,active,65.610243,5.3975,0.596834,3.221414,211.327551
SPHINCS+-SHA2-128f-simple_run19,active,65.622979,5.39625,0.597013,3.221632,211.36858
SPHINCS+-SHA2-128f-simple_run19,active,65.635716,5.39625,0.598444,3.229351,211.409713
SPHINCS+-SHA2-128f-simple_run19,active,65.648453,5.39625,0.597013,3.221632,211.450746
SPHINCS+-SHA2-128f-simple_run19,active,65.661189,5.3925,0.598265,3.226143,211.491835
SPHINCS+-SHA2-128f-simple_run19,active,65.67393,5.39375,0.598801,3.229784,211.532986
SPHINCS+-SHA2-128f-simple_run19,active,65.686671,5.39625,0.596834,3.220668,211.574019
SPHINCS+-SHA2-128f-simple_run19,active,65.699407,5.38375,0.596477,3.211282,211.614919
SPHINCS+-SHA2-128f-simple_run19,active,65.712191,5.39625,0.597907,3.226457,211.656166
SPHINCS+-SHA2-128f-simple_run19,active,65.724954,5.39375,0.592901,3.197959,211.696982
SPHINCS+-SHA2-128f-simple_run19,active,65.737694,5.395,0.597013,3.220886,211.738017
SPHINCS+-SHA2-128f-simple_run19,active,65.750437,5.39875,0.596477,3.220229,211.779052
SPHINCS+-SHA2-128f-simple_run19,active,65.763175,5.39625,0.596656,3.219703,211.820064
SPHINCS+-SHA2-128f-simple_run19,active,65.775921,5.38375,0.597013,3.21417,211.861031
SPHINCS+-SHA2-128f-simple_run19,active,65.788711,5.39375,0.598622,3.22882,211.902327
SPHINCS+-SHA2-128f-simple_run19,active,65.801497,5.3825,0.596298,3.209574,211.943366
SPHINCS+-SHA2-128f-simple_run19,active,65.814235,5.39375,0.596656,3.218211,211.984358
SPHINCS+-SHA2-128f-simple_run19,active,65.826974,5.3975,0.596477,3.219484,212.025373
SPHINCS+-SHA2-128f-simple_run19,active,65.839712,5.3975,0.596298,3.218518,212.06637
SPHINCS+-SHA2-128f-simple_run19,active,65.852453,5.3975,0.595583,3.214658,212.107326
SPHINCS+-SHA2-128f-simple_run19,active,65.865191,5.39625,0.601483,3.245754,212.148673
SPHINCS+-SHA2-128f-simple_run19,active,65.877925,5.39625,0.596477,3.218738,212.18966
SPHINCS+-SHA2-128f-simple_run19,active,65.890669,5.39625,0.596834,3.220668,212.230704
SPHINCS+-SHA2-128f-simple_run19,active,65.903405,5.38,0.596656,3.210007,212.271587
SPHINCS+-SHA2-128f-simple_run19,active,65.916171,5.395,0.596477,3.217992,212.312666
SPHINCS+-SHA2-128f-simple_run19,active,65.928913,5.39625,0.596477,3.218738,212.35368
SPHINCS+-SHA2-128f-simple_run19,active,65.94165,5.39875,0.598801,3.232778,212.394857
SPHINCS+-SHA2-128f-simple_run19,active,65.954388,5.395,0.593616,3.202558,212.435651
SPHINCS+-SHA2-128f-simple_run19,active,65.967126,5.3975,0.596477,3.219484,212.476659
SPHINCS+-SHA2-128f-simple_run19,active,65.97987,5.3975,0.601304,3.24554,212.518022
SPHINCS+-SHA2-128f-simple_run19,active,65.992616,5.3975,0.596298,3.218518,212.559045
SPHINCS+-SHA2-128f-simple_run19,active,66.005353,5.385,0.59755,3.217805,212.600029
SPHINCS+-SHA2-128f-simple_run19,active,66.018088,5.3975,0.598086,3.228169,212.641141
SPHINCS+-SHA2-128f-simple_run19,active,66.030824,5.3975,0.596477,3.219484,212.682145
SPHINCS+-SHA2-128f-simple_run19,active,66.04356,5.3975,0.59004,3.184741,212.722706
SPHINCS+-SHA2-128f-simple_run19,active,66.056298,5.39625,0.596477,3.218738,212.763706
SPHINCS+-SHA2-128f-simple_run19,active,66.069034,5.3975,0.596477,3.219484,212.804708
SPHINCS+-SHA2-128f-simple_run19,active,66.081775,5.395,0.599159,3.232462,212.845892
SPHINCS+-SHA2-128f-simple_run19,active,66.094516,5.39625,0.589325,3.180144,212.886411
SPHINCS+-SHA2-128f-simple_run19,active,66.107252,5.39625,0.596656,3.219703,212.927416
SPHINCS+-SHA2-128f-simple_run19,active,66.119987,5.39125,0.596298,3.214792,212.968357
SPHINCS+-SHA2-128f-simple_run19,active,66.132724,5.39625,0.599159,3.233211,213.009538
SPHINCS+-SHA2-128f-simple_run19,active,66.145489,5.3975,0.596477,3.219484,213.050636
SPHINCS+-SHA2-128f-simple_run19,active,66.158227,5.39625,0.598265,3.228386,213.09176
SPHINCS+-SHA2-128f-simple_run19,active,66.170965,5.3975,0.595583,3.214658,213.132707
SPHINCS+-SHA2-128f-simple_run19,active,66.183708,5.39625,0.602377,3.250578,213.174129
SPHINCS+-SHA2-128f-simple_run19,active,66.19645,5.39625,0.597907,3.226457,213.215242
SPHINCS+-SHA2-128f-simple_run19,active,66.209187,5.39625,0.596656,3.219703,213.256252
SPHINCS+-SHA2-128f-simple_run19,active,66.221922,5.39625,0.595583,3.213914,213.297181
SPHINCS+-SHA2-128f-simple_run19,active,66.234658,5.39625,0.603271,3.255402,213.338641
SPHINCS+-SHA2-128f-simple_run19,active,66.247391,5.39625,0.596477,3.218738,213.379626
SPHINCS+-SHA2-128f-simple_run19,active,66.260153,5.3975,0.596477,3.219484,213.420712
SPHINCS+-SHA2-128f-simple_run19,active,66.272892,5.3975,0.596834,3.221414,213.461748
SPHINCS+-SHA2-128f-simple_run19,active,66.285634,5.4,0.599159,3.235458,213.502975
SPHINCS+-SHA2-128f-simple_run19,active,66.298377,5.39625,0.596119,3.216808,213.543967
SPHINCS+-SHA2-128f-simple_run19,active,66.311113,5.3975,0.605238,3.266772,213.585573
SPHINCS+-SHA2-128f-simple_run19,active,66.323859,5.39875,0.596834,3.22216,213.626641
SPHINCS+-SHA2-128f-simple_run19,active,66.336609,5.39375,0.597013,3.22014,213.667698
SPHINCS+-SHA2-128f-simple_run19,active,66.349345,5.395,0.597013,3.220886,213.70872
SPHINCS+-SHA2-128f-simple_run19,active,66.362084,5.395,0.597013,3.220886,213.749752
SPHINCS+-SHA2-128f-simple_run19,active,66.37482,5.39875,0.597013,3.223125,213.790802
SPHINCS+-SHA2-128f-simple_run19,active,66.390526,5.3925,0.599159,3.230964,213.841545
SPHINCS+-SHA2-128f-simple_run19,active,66.40298,5.38875,0.599695,3.231608,213.881792
SPHINCS+-SHA2-128f-simple_run19,active,66.415415,5.375,0.599159,3.220479,213.92184
SPHINCS+-SHA2-128f-simple_run19,active,66.427849,5.38875,0.597192,3.218118,213.961855
SPHINCS+-SHA2-128f-simple_run19,active,66.440284,5.3875,0.59594,3.210629,214.001778
SPHINCS+-SHA2-128f-simple_run19,active,66.452716,5.38875,0.597192,3.218118,214.041785
SPHINCS+-SHA2-128f-simple_run19,active,66.465146,5.38875,0.594331,3.202702,214.081596
SPHINCS+-SHA2-128f-simple_run19,active,66.477577,5.38875,0.596656,3.215228,214.121564
SPHINCS+-SHA2-128f-simple_run19,active,66.490015,5.3875,0.596298,3.212555,214.161522
SPHINCS+-SHA2-128f-simple_run19,active,66.502492,5.395,0.596834,3.219922,214.201697
SPHINCS+-SHA2-128f-simple_run19,active,66.515234,5.395,0.596119,3.216063,214.242674
SPHINCS+-SHA2-128f-simple_run19,active,66.527969,5.39625,0.596119,3.216808,214.283641
SPHINCS+-SHA2-128f-simple_run19,active,66.540707,5.395,0.59898,3.231497,214.324804
SPHINCS+-SHA2-128f-simple_run19,active,66.553466,5.39875,0.596477,3.220229,214.365892
SPHINCS+-SHA2-128f-simple_run19,active,66.566203,5.3975,0.596477,3.219484,214.406897
SPHINCS+-SHA2-128f-simple_run19,active,66.578935,5.3975,0.595762,3.215623,214.44784
SPHINCS+-SHA2-128f-simple_run19,active,66.591677,5.3925,0.601841,3.245427,214.489192
SPHINCS+-SHA2-128f-simple_run19,active,66.60442,5.39875,0.595583,3.215403,214.530166
SPHINCS+-SHA2-128f-simple_run19,active,66.617156,5.3975,0.599695,3.236855,214.571391
SPHINCS+-SHA2-128f-simple_run19,active,66.629889,5.39875,0.596477,3.220229,214.612395
SPHINCS+-SHA2-128f-simple_run19,active,66.642625,5.39875,0.596834,3.22216,214.653431
SPHINCS+-SHA2-128f-simple_run19,active,66.655358,5.39625,0.594689,3.209089,214.694294
SPHINCS+-SHA2-128f-simple_run19,active,66.668093,5.395,0.596477,3.217992,214.735274
SPHINCS+-SHA2-128f-simple_run19,active,66.68083,5.39625,0.595583,3.213914,214.776211
SPHINCS+-SHA2-128f-simple_run19,active,66.69357,5.39875,0.603986,3.260772,214.817753
SPHINCS+-SHA2-128f-simple_run19,active,66.706314,5.395,0.596656,3.218957,214.858773
SPHINCS+-SHA2-128f-simple_run19,active,66.719056,5.39625,0.597013,3.221632,214.899823
SPHINCS+-SHA2-128f-simple_run19,active,66.731792,5.3975,0.595225,3.212728,214.940741
SPHINCS+-SHA2-128f-simple_run19,active,66.74453,5.39875,0.593258,3.202854,214.981539
SPHINCS+-SHA2-128f-simple_run19,active,66.757268,5.39625,0.597728,3.225492,215.022625
SPHINCS+-SHA2-128f-simple_run19,active,66.770002,5.395,0.599159,3.232462,215.063787
SPHINCS+-SHA2-128f-simple_run19,active,66.782744,5.39625,0.596477,3.218738,215.104801
SPHINCS+-SHA2-128f-simple_run19,active,66.795487,5.39875,0.59898,3.233743,215.146008
SPHINCS+-SHA2-128f-simple_run19,active,66.808226,5.39625,0.596477,3.218738,215.187012
SPHINCS+-SHA2-128f-simple_run19,active,66.820968,5.39625,0.596477,3.218738,215.228024
SPHINCS+-SHA2-128f-simple_run19,active,66.833701,5.39125,0.596119,3.213828,215.268947
SPHINCS+-SHA2-128f-simple_run19,active,66.846436,5.3975,0.597907,3.227204,215.310046
SPHINCS+-SHA2-128f-simple_run19,active,66.859172,5.395,0.596298,3.217028,215.351017
SPHINCS+-SHA2-128f-simple_run19,active,66.871908,5.39625,0.595404,3.212949,215.391938
SPHINCS+-SHA2-128f-simple_run19,active,66.884646,5.3975,0.598265,3.229134,215.433072
SPHINCS+-SHA2-128f-simple_run19,active,66.897388,5.3975,0.596834,3.221414,215.474116
SPHINCS+-SHA2-128f-simple_run19,active,66.910134,5.3975,0.595225,3.212728,215.515066
SPHINCS+-SHA2-128f-simple_run19,active,66.922871,5.39625,0.59594,3.215843,215.556027
SPHINCS+-SHA2-128f-simple_run19,active,66.935607,5.39625,0.596119,3.216808,215.596996
SPHINCS+-SHA2-128f-simple_run19,active,66.948342,5.39625,0.596119,3.216808,215.637964
SPHINCS+-SHA2-128f-simple_run19,active,66.961078,5.39625,0.597013,3.221632,215.678994
SPHINCS+-SHA2-128f-simple_run19,active,66.973812,5.39625,0.596298,3.217773,215.719968
SPHINCS+-SHA2-128f-simple_run19,active,66.986549,5.39875,0.59898,3.233743,215.761155
SPHINCS+-SHA2-128f-simple_run19,active,66.999292,5.39625,0.602198,3.249613,215.802565
SPHINCS+-SHA2-128f-simple_run19,active,67.012033,5.4,0.597371,3.225802,215.843665
SPHINCS+-SHA2-128f-simple_run19,active,67.02477,5.3875,0.598801,3.226041,215.884757
SPHINCS+-SHA2-128f-simple_run19,active,67.037504,5.395,0.596477,3.217992,215.925733
SPHINCS+-SHA2-128f-simple_run19,active,67.050238,5.3975,0.596298,3.218518,215.966721
SPHINCS+-SHA2-128f-simple_run19,active,67.062976,5.39625,0.602377,3.250578,216.008125
SPHINCS+-SHA2-128f-simple_run19,active,67.075712,5.395,0.596834,3.219922,216.049135
SPHINCS+-SHA2-128f-simple_run19,active,67.08845,5.3975,0.596834,3.221414,216.09017
SPHINCS+-SHA2-128f-simple_run19,active,67.101193,5.39625,0.602198,3.249613,216.131578
SPHINCS+-SHA2-128f-simple_run19,active,67.113933,5.40125,0.594868,3.213029,216.172511
SPHINCS+-SHA2-128f-simple_run19,active,67.126668,5.4,0.596119,3.219044,216.213507
SPHINCS+-SHA2-128f-simple_run19,active,67.139409,5.39375,0.601304,3.243286,216.254829
SPHINCS+-SHA2-128f-simple_run19,active,67.152196,5.3975,0.59898,3.232995,216.296168
SPHINCS+-SHA2-128f-simple_run19,active,67.16494,5.39375,0.597728,3.223998,216.337256
SPHINCS+-SHA2-128f-simple_run19,active,67.17768,5.3975,0.596834,3.221414,216.378297
SPHINCS+-SHA2-128f-simple_run19,active,67.190417,5.39625,0.596119,3.216808,216.419269
SPHINCS+-SHA2-128f-simple_run19,active,67.20316,5.3975,0.597013,3.222379,216.460331
SPHINCS+-SHA2-128f-simple_run19,active,67.215903,5.3975,0.596477,3.219484,216.501359
SPHINCS+-SHA2-128f-simple_run19,active,67.228642,5.3975,0.596477,3.219484,216.54237
SPHINCS+-SHA2-128f-simple_run19,active,67.241377,5.39625,0.597013,3.221632,216.5834
SPHINCS+-SHA2-128f-simple_run19,active,67.254111,5.39625,0.592543,3.197511,216.624116
SPHINCS+-SHA2-128f-simple_run19,active,67.266846,5.39625,0.596119,3.216808,216.665083
SPHINCS+-SHA2-128f-simple_run19,active,67.279581,5.3975,0.597728,3.226239,216.706166
SPHINCS+-SHA2-128f-simple_run19,active,67.292317,5.39875,0.597013,3.223125,216.747216
SPHINCS+-SHA2-128f-simple_run19,active,67.305059,5.39625,0.601841,3.247683,216.7886
SPHINCS+-SHA2-128f-simple_run19,active,67.317796,5.39625,0.596298,3.217773,216.829583
SPHINCS+-SHA2-128f-simple_run19,active,67.330531,5.3975,0.596477,3.219484,216.870584
SPHINCS+-SHA2-128f-simple_run19,active,67.343265,5.40125,0.603271,3.258419,216.912079
SPHINCS+-SHA2-128f-simple_run19,active,67.356,5.39625,0.596298,3.217773,216.953057
SPHINCS+-SHA2-128f-simple_run19,active,67.368739,5.3975,0.596834,3.221414,216.994092
SPHINCS+-SHA2-128f-simple_run19,active,67.381501,5.3975,0.597728,3.226239,217.035265
SPHINCS+-SHA2-128f-simple_run19,active,67.394235,5.39625,0.596477,3.218738,217.076255
SPHINCS+-SHA2-128f-simple_run19,active,67.406976,5.39625,0.596477,3.218738,217.117265
SPHINCS+-SHA2-128f-simple_run19,active,67.419717,5.3975,0.596477,3.219484,217.158283
SPHINCS+-SHA2-128f-simple_run19,active,67.432455,5.3975,0.597371,3.224309,217.199356
SPHINCS+-SHA2-128f-simple_run19,active,67.445191,5.39875,0.600053,3.239535,217.240612
SPHINCS+-SHA2-128f-simple_run19,active,67.457922,5.39625,0.596298,3.217773,217.281578
SPHINCS+-SHA2-128f-simple_run19,active,67.470657,5.3975,0.596834,3.221414,217.322604
SPHINCS+-SHA2-128f-simple_run19,active,67.483392,5.4,0.597907,3.228699,217.363721
SPHINCS+-SHA2-128f-simple_run19,active,67.496154,5.3975,0.596477,3.219484,217.404806
SPHINCS+-SHA2-128f-simple_run19,active,67.508902,5.39625,0.601483,3.245754,217.446184
SPHINCS+-SHA2-128f-simple_run19,active,67.521639,5.39375,0.598801,3.229784,217.487323
SPHINCS+-SHA2-128f-simple_run19,active,67.534374,5.40125,0.596477,3.22172,217.528352
SPHINCS+-SHA2-128f-simple_run19,active,67.54711,5.3975,0.597728,3.226239,217.56944
SPHINCS+-SHA2-128f-simple_run19,active,67.559844,5.395,0.596834,3.219922,217.610444
SPHINCS+-SHA2-128f-simple_run19,active,67.572583,5.3925,0.597728,3.22325,217.651504
SPHINCS+-SHA2-128f-simple_run19,active,67.585317,5.395,0.598265,3.227639,217.692605
SPHINCS+-SHA2-128f-simple_run19,active,67.598076,5.39625,0.59898,3.232246,217.733844
SPHINCS+-SHA2-128f-simple_run19,active,67.610819,5.39625,0.600768,3.241894,217.775156
SPHINCS+-SHA2-128f-simple_run19,active,67.623559,5.39875,0.596298,3.219264,217.81617
SPHINCS+-SHA2-128f-simple_run19,active,67.636298,5.38875,0.596119,3.212337,217.857092
SPHINCS+-SHA2-128f-simple_run19,active,67.649033,5.39625,0.599516,3.23514,217.898293
SPHINCS+-SHA2-128f-simple_run19,active,67.66472,5.3975,0.607026,3.276423,217.949687
SPHINCS+-SHA2-128f-simple_run19,active,67.677499,5.3975,0.596298,3.218518,217.990816
SPHINCS+-SHA2-128f-simple_run19,active,67.690237,5.3975,0.597192,3.223344,218.031876
SPHINCS+-SHA2-128f-simple_run19,active,67.702973,5.39625,0.595404,3.212949,218.072796
SPHINCS+-SHA2-128f-simple_run19,active,67.715722,5.395,0.595762,3.214134,218.113774
SPHINCS+-SHA2-128f-simple_run19,active,67.728469,5.3975,0.596477,3.219484,218.154814
SPHINCS+-SHA2-128f-simple_run19,active,67.741205,5.39625,0.60649,3.27277,218.196494
SPHINCS+-SHA2-128f-simple_run19,active,67.753938,5.3975,0.596834,3.221414,218.237512
SPHINCS+-SHA2-128f-simple_run19,active,67.766671,5.395,0.596477,3.217992,218.278487
SPHINCS+-SHA2-128f-simple_run19,active,67.77941,5.3975,0.597371,3.224309,218.319561
SPHINCS+-SHA2-128f-simple_run19,active,67.79218,5.4,0.594689,3.21132,218.360572
SPHINCS+-SHA2-128f-simple_run19,active,67.804921,5.39375,0.599159,3.231713,218.401747
SPHINCS+-SHA2-128f-simple_run19,active,67.817665,5.3975,0.604523,3.262912,218.44333
SPHINCS+-SHA2-128f-simple_run19,active,67.830419,5.385,0.597013,3.214916,218.48433
SPHINCS+-SHA2-128f-simple_run19,active,67.843185,5.3875,0.596477,3.213519,218.525356
SPHINCS+-SHA2-128f-simple_run19,active,67.855938,5.39,0.596656,3.215974,218.56637
SPHINCS+-SHA2-128f-simple_run19,active,67.868694,5.39375,0.596119,3.215318,218.607382
SPHINCS+-SHA2-128f-simple_run19,active,67.881458,5.39625,0.59594,3.215843,218.64843
SPHINCS+-SHA2-128f-simple_run19,active,67.894201,5.39625,0.596656,3.219703,218.689459
SPHINCS+-SHA2-128f-simple_run19,active,67.906936,5.39875,0.596119,3.218299,218.730444
SPHINCS+-SHA2-128f-simple_run19,active,67.919681,5.39625,0.596477,3.218738,218.771466
SPHINCS+-SHA2-128f-simple_run19,active,67.932423,5.3975,0.59594,3.216588,218.812454
SPHINCS+-SHA2-128f-simple_run19,active,67.945165,5.39625,0.596298,3.217773,218.853452
SPHINCS+-SHA2-128f-simple_run19,active,67.9579,5.39625,0.596119,3.216808,218.894418
SPHINCS+-SHA2-128f-simple_run19,active,67.970637,5.39625,0.596477,3.218738,218.935415
SPHINCS+-SHA2-128f-simple_run19,active,67.983375,5.39625,0.59594,3.215843,218.97638
SPHINCS+-SHA2-128f-simple_run19,active,67.996111,5.39875,0.596477,3.220229,219.017392
SPHINCS+-SHA2-128f-simple_run19,active,68.008852,5.3975,0.596834,3.221414,219.058435
SPHINCS+-SHA2-128f-simple_run19,active,68.021593,5.40125,0.602198,3.252624,219.099878
SPHINCS+-SHA2-128f-simple_run19,active,68.034335,5.39625,0.59594,3.215843,219.140856
SPHINCS+-SHA2-128f-simple_run19,active,68.047072,5.39625,0.59755,3.224527,219.181927
SPHINCS+-SHA2-128f-simple_run19,active,68.059808,5.395,0.596656,3.218957,219.222921
SPHINCS+-SHA2-128f-simple_run19,active,68.072545,5.395,0.594331,3.206417,219.263762
SPHINCS+-SHA2-128f-simple_run19,active,68.085282,5.39625,0.596119,3.216808,219.304735
SPHINCS+-SHA2-128f-simple_run19,active,68.098016,5.3975,0.596477,3.219484,219.345732
SPHINCS+-SHA2-128f-simple_run19,active,68.110786,5.3975,0.596298,3.218518,219.386831
SPHINCS+-SHA2-128f-simple_run19,active,68.123529,5.39625,0.605059,3.265051,219.428439
SPHINCS+-SHA2-128f-simple_run19,active,68.136272,5.3975,0.596656,3.220449,219.469477
SPHINCS+-SHA2-128f-simple_run19,active,68.149009,5.39625,0.596477,3.218738,219.510473
SPHINCS+-SHA2-128f-simple_run19,active,68.161742,5.39625,0.587537,3.170495,219.550844
SPHINCS+-SHA2-128f-simple_run19,active,68.174478,5.3975,0.596477,3.219484,219.591847
SPHINCS+-SHA2-128f-simple_run19,active,68.187214,5.39625,0.596477,3.218738,219.632842
SPHINCS+-SHA2-128f-simple_run19,active,68.19995,5.39625,0.598801,3.231281,219.673996
SPHINCS+-SHA2-128f-simple_run19,active,68.212689,5.39625,0.601483,3.245754,219.715342
SPHINCS+-SHA2-128f-simple_run19,active,68.22543,5.39625,0.600947,3.242859,219.756661
SPHINCS+-SHA2-128f-simple_run19,active,68.238172,5.3975,0.596119,3.217553,219.797658
SPHINCS+-SHA2-128f-simple_run19,active,68.250909,5.39625,0.596834,3.220668,219.838678
SPHINCS+-SHA2-128f-simple_run19,active,68.263645,5.39625,0.597728,3.225492,219.879758
SPHINCS+-SHA2-128f-simple_run19,active,68.276383,5.39625,0.598801,3.231281,219.92092
SPHINCS+-SHA2-128f-simple_run19,active,68.28912,5.39625,0.596477,3.218738,219.961916
SPHINCS+-SHA2-128f-simple_run19,active,68.301853,5.395,0.599516,3.234391,220.0031
SPHINCS+-SHA2-128f-simple_run19,active,68.314588,5.395,0.597907,3.225709,220.044181
SPHINCS+-SHA2-128f-simple_run19,active,68.327331,5.3975,0.59594,3.216588,220.085168
SPHINCS+-SHA2-128f-simple_run19,active,68.340073,5.39875,0.596119,3.218299,220.126176
SPHINCS+-SHA2-128f-simple_run19,active,68.352813,5.3975,0.600589,3.24168,220.167474
SPHINCS+-SHA2-128f-simple_run19,active,68.365545,5.3975,0.598265,3.229134,220.208588
SPHINCS+-SHA2-128f-simple_run19,active,68.378281,5.3975,0.596298,3.218518,220.24958
SPHINCS+-SHA2-128f-simple_run19,active,68.391016,5.3925,0.596119,3.214573,220.290515
SPHINCS+-SHA2-128f-simple_run19,active,68.403751,5.395,0.596119,3.216063,220.331474
SPHINCS+-SHA2-128f-simple_run19,active,68.416489,5.39875,0.600768,3.243396,220.372789
SPHINCS+-SHA2-128f-simple_run19,active,68.429232,5.39625,0.597013,3.221632,220.413839
SPHINCS+-SHA2-128f-simple_run19,active,68.44197,5.4025,0.592186,3.199283,220.454593
SPHINCS+-SHA2-128f-simple_run19,active,68.454707,5.39625,0.596834,3.220668,220.495614
SPHINCS+-SHA2-128f-simple_run19,active,68.467441,5.395,0.596119,3.216063,220.536567
SPHINCS+-SHA2-128f-simple_run19,active,68.480178,5.39625,0.596477,3.218738,220.577564
SPHINCS+-SHA2-128f-simple_run19,active,68.492918,5.39875,0.605238,3.267529,220.619194
SPHINCS+-SHA2-128f-simple_run19,active,68.505651,5.3975,0.596834,3.221414,220.660212
SPHINCS+-SHA2-128f-simple_run19,active,68.518387,5.3975,0.596834,3.221414,220.70124
SPHINCS+-SHA2-128f-simple_run19,active,68.531128,5.3975,0.601483,3.246506,220.742604
SPHINCS+-SHA2-128f-simple_run19,active,68.543866,5.3975,0.596656,3.220449,220.783627
SPHINCS+-SHA2-128f-simple_run19,active,68.556605,5.395,0.596298,3.217028,220.824607
SPHINCS+-SHA2-128f-simple_run19,active,68.569338,5.39625,0.605953,3.269875,220.866242
SPHINCS+-SHA2-128f-simple_run19,active,68.582072,5.3975,0.596119,3.217553,220.907216
SPHINCS+-SHA2-128f-simple_run19,active,68.594804,5.395,0.596834,3.219922,220.948211
SPHINCS+-SHA2-128f-simple_run19,active,68.607539,5.3975,0.597192,3.223344,220.989262
SPHINCS+-SHA2-128f-simple_run19,active,68.620277,5.39875,0.596834,3.22216,221.030304
SPHINCS+-SHA2-128f-simple_run19,active,68.633019,5.3975,0.600947,3.24361,221.071635
SPHINCS+-SHA2-128f-simple_run19,active,68.645758,5.39875,0.605417,3.268494,221.113272
SPHINCS+-SHA2-128f-simple_run19,active,68.658494,5.39625,0.596477,3.218738,221.154265
SPHINCS+-SHA2-128f-simple_run19,active,68.67123,5.40125,0.601304,3.247795,221.19563
SPHINCS+-SHA2-128f-simple_run19,active,68.683964,5.3975,0.597907,3.227204,221.236726
SPHINCS+-SHA2-128f-simple_run19,active,68.696701,5.39625,0.596656,3.219703,221.277733
SPHINCS+-SHA2-128f-simple_run19,active,68.709501,5.39625,0.596477,3.218738,221.318933
SPHINCS+-SHA2-128f-simple_run19,active,68.722307,5.39375,0.610244,3.291506,221.361086
SPHINCS+-SHA2-128f-simple_run19,active,68.735064,5.39625,0.597192,3.222597,221.402197
SPHINCS+-SHA2-128f-simple_run19,active,68.747812,5.3975,0.596477,3.219484,221.443237
SPHINCS+-SHA2-128f-simple_run19,active,68.760554,5.395,0.592186,3.194841,221.483945
SPHINCS+-SHA2-128f-simple_run19,active,68.773293,5.3975,0.596298,3.218518,221.524948
SPHINCS+-SHA2-128f-simple_run19,active,68.786028,5.395,0.598086,3.226674,221.56604
SPHINCS+-SHA2-128f-simple_run19,active,68.798792,5.39875,0.598622,3.231813,221.607288
SPHINCS+-SHA2-128f-simple_run19,active,68.811528,5.39625,0.59594,3.215843,221.648246
SPHINCS+-SHA2-128f-simple_run19,active,68.824265,5.39625,0.597907,3.226457,221.689342
SPHINCS+-SHA2-128f-simple_run19,active,68.837013,5.39875,0.597192,3.22409,221.730441
SPHINCS+-SHA2-128f-simple_run19,active,68.849755,5.3975,0.596119,3.217553,221.771442
SPHINCS+-SHA2-128f-simple_run19,active,68.862494,5.39625,0.601304,3.244789,221.812776
SPHINCS+-SHA2-128f-simple_run19,active,68.875231,5.395,0.596834,3.219922,221.853788
SPHINCS+-SHA2-128f-simple_run19,active,68.887967,5.39625,0.596656,3.219703,221.894794
SPHINCS+-SHA2-128f-simple_run19,active,68.900704,5.39875,0.594689,3.210576,221.935688
SPHINCS+-SHA2-128f-simple_run19,active,68.913468,5.39875,0.596477,3.220229,221.97679
SPHINCS+-SHA2-128f-simple_run19,active,68.926205,5.3975,0.596656,3.220449,222.017808
SPHINCS+-SHA2-128f-simple_run19,active,68.94201,5.38875,0.594689,3.204629,222.068458
SPHINCS+-SHA2-128f-simple_run19,active,68.954826,5.39625,0.598801,3.231281,222.109869
SPHINCS+-SHA2-128f-simple_run19,active,68.96757,5.39875,0.595762,3.216368,222.150861
SPHINCS+-SHA2-128f-simple_run19,active,68.980312,5.39875,0.598086,3.228917,222.192002
SPHINCS+-SHA2-128f-simple_run19,active,68.993048,5.3975,0.596656,3.220449,222.233018
SPHINCS+-SHA2-128f-simple_run19,active,69.005781,5.39625,0.598622,3.230316,222.274151
SPHINCS+-SHA2-128f-simple_run19,active,69.018515,5.39625,0.596119,3.216808,222.315114
SPHINCS+-SHA2-128f-simple_run19,active,69.03125,5.39875,0.593258,3.202854,222.355901
SPHINCS+-SHA2-128f-simple_run19,active,69.043991,5.39,0.602198,3.245849,222.397255
SPHINCS+-SHA2-128f-simple_run19,active,69.056733,5.3975,0.601483,3.246506,222.438623
SPHINCS+-SHA2-128f-simple_run19,active,69.069496,5.39625,0.597013,3.221632,222.47974
SPHINCS+-SHA2-128f-simple_run19,active,69.082231,5.39625,0.597013,3.221632,222.520769
SPHINCS+-SHA2-128f-simple_run19,active,69.094967,5.3975,0.597371,3.224309,222.561834
SPHINCS+-SHA2-128f-simple_run19,active,69.107702,5.39625,0.596477,3.218738,222.602825
SPHINCS+-SHA2-128f-simple_run19,active,69.120438,5.39875,0.600947,3.244362,222.644146
SPHINCS+-SHA2-128f-simple_run19,active,69.133174,5.39625,0.596834,3.220668,222.685162
SPHINCS+-SHA2-128f-simple_run19,active,69.145913,5.39875,0.596834,3.22216,222.726209
SPHINCS+-SHA2-128f-simple_run19,active,69.158654,5.39625,0.596298,3.217773,222.767208
SPHINCS+-SHA2-128f-simple_run19,active,69.171389,5.39625,0.602556,3.251543,222.808616
SPHINCS+-SHA2-128f-simple_run19,active,69.184153,5.3975,0.596834,3.221414,222.849735
SPHINCS+-SHA2-128f-simple_run19,active,69.196894,5.3975,0.597371,3.224309,222.890814
SPHINCS+-SHA2-128f-simple_run19,active,69.209627,5.39625,0.59594,3.215843,222.931761
SPHINCS+-SHA2-128f-simple_run19,active,69.222363,5.395,0.596119,3.216063,222.972721
SPHINCS+-SHA2-128f-simple_run19,active,69.235097,5.39625,0.596298,3.217773,223.013697
SPHINCS+-SHA2-128f-simple_run19,active,69.247838,5.39625,0.605059,3.265051,223.055297
SPHINCS+-SHA2-128f-simple_run19,active,69.260582,5.395,0.594331,3.206417,223.096161
SPHINCS+-SHA2-128f-simple_run19,active,69.273317,5.39875,0.596834,3.22216,223.137194
SPHINCS+-SHA2-128f-simple_run19,active,69.286071,5.4,0.596298,3.220009,223.178262
SPHINCS+-SHA2-128f-simple_run19,active,69.298807,5.39875,0.596656,3.221194,223.219288
SPHINCS+-SHA2-128f-simple_run19,active,69.311543,5.39125,0.597371,3.220575,223.260303
SPHINCS+-SHA2-128f-simple_run19,active,69.32428,5.39625,0.604523,3.262156,223.301854
SPHINCS+-SHA2-128f-simple_run19,active,69.337015,5.395,0.598265,3.227639,223.342958
SPHINCS+-SHA2-128f-simple_run19,active,69.349753,5.405,0.596119,3.222024,223.384001
SPHINCS+-SHA2-128f-simple_run19,active,69.362493,5.39875,0.596656,3.221194,223.425038
SPHINCS+-SHA2-128f-simple_run19,active,69.375228,5.39875,0.596477,3.220229,223.466049
SPHINCS+-SHA2-128f-simple_run19,active,69.387963,5.39875,0.596477,3.220229,223.507058
SPHINCS+-SHA2-128f-simple_run19,active,69.4007,5.395,0.605238,3.265259,223.548648
SPHINCS+-SHA2-128f-simple_run19,active,69.41346,5.3975,0.596477,3.219484,223.58973
SPHINCS+-SHA2-128f-simple_run19,active,69.426197,5.39625,0.596834,3.220668,223.630749
SPHINCS+-SHA2-128f-simple_run19,active,69.438931,5.39625,0.596834,3.220668,223.671762
SPHINCS+-SHA2-128f-simple_run19,active,69.451671,5.3975,0.596477,3.219484,223.712777
SPHINCS+-SHA2-128f-simple_run19,active,69.464414,5.3975,0.597907,3.227204,223.753903
SPHINCS+-SHA2-128f-simple_run19,active,69.47715,5.39625,0.596834,3.220668,223.794921
SPHINCS+-SHA2-128f-simple_run19,active,69.489883,5.4025,0.596656,3.223432,223.835965
SPHINCS+-SHA2-128f-simple_run19,active,69.502617,5.39125,0.597013,3.218647,223.87695
SPHINCS+-SHA2-128f-simple_run19,active,69.515351,5.39625,0.596834,3.220668,223.917963
SPHINCS+-SHA2-128f-simple_run19,active,69.528084,5.3975,0.596477,3.219484,223.958957
SPHINCS+-SHA2-128f-simple_run19,active,69.540822,5.40375,0.59594,3.220313,223.999976
SPHINCS+-SHA2-128f-simple_run19,active,69.553561,5.3975,0.599159,3.23396,224.041173
SPHINCS+-SHA2-128f-simple_run19,active,69.566299,5.3975,0.598622,3.231064,224.082331
SPHINCS+-SHA2-128f-simple_run19,active,69.579035,5.3975,0.59594,3.216588,224.123299
SPHINCS+-SHA2-128f-simple_run19,active,69.591771,5.39625,0.596834,3.220668,224.164315
SPHINCS+-SHA2-128f-simple_run19,active,69.604508,5.3975,0.598444,3.230099,224.205459
SPHINCS+-SHA2-128f-simple_run19,active,69.617244,5.3975,0.595762,3.215623,224.246413
SPHINCS+-SHA2-128f-simple_run19,active,69.629976,5.395,0.597907,3.225709,224.287483
SPHINCS+-SHA2-128f-simple_run19,active,69.642711,5.3975,0.596477,3.219484,224.328481
SPHINCS+-SHA2-128f-simple_run19,active,69.65545,5.39625,0.595762,3.214879,224.369436
SPHINCS+-SHA2-128f-simple_run19,active,69.668191,5.39625,0.596834,3.220668,224.410472
SPHINCS+-SHA2-128f-simple_run19,active,69.680926,5.39625,0.595225,3.211984,224.451375
SPHINCS+-SHA2-128f-simple_run19,active,69.693658,5.38625,0.597192,3.216625,224.492329
SPHINCS+-SHA2-128f-simple_run19,active,69.706394,5.39625,0.598801,3.231281,224.533483
SPHINCS+-SHA2-128f-simple_run19,active,69.719138,5.39625,0.593437,3.202335,224.574294
SPHINCS+-SHA2-128f-simple_run19,active,69.731873,5.395,0.595046,3.210275,224.615176
SPHINCS+-SHA2-128f-simple_run19,active,69.744609,5.39625,0.596298,3.217773,224.65616
SPHINCS+-SHA2-128f-simple_run19,active,69.75735,5.39625,0.596834,3.220668,224.697194
SPHINCS+-SHA2-128f-simple_run19,active,69.770091,5.395,0.595225,3.21124,224.738107
SPHINCS+-SHA2-128f-simple_run19,active,69.782829,5.3975,0.598801,3.232029,224.779276
SPHINCS+-SHA2-128f-simple_run19,active,69.795562,5.38625,0.596477,3.212773,224.820186
SPHINCS+-SHA2-128f-simple_run19,active,69.8083,5.3975,0.596477,3.219484,224.861196
SPHINCS+-SHA2-128f-simple_run19,active,69.821037,5.395,0.594689,3.208346,224.902061
SPHINCS+-SHA2-128f-simple_run19,active,69.833777,5.39625,0.596119,3.216808,224.94304
SPHINCS+-SHA2-128f-simple_run19,active,69.846516,5.395,0.596119,3.216063,224.98401
SPHINCS+-SHA2-128f-simple_run19,active,69.859257,5.3975,0.599338,3.234925,225.025228
SPHINCS+-SHA2-128f-simple_run19,active,69.871997,5.39625,0.596656,3.219703,225.066245
SPHINCS+-SHA2-128f-simple_run19,active,69.884733,5.39625,0.597013,3.221632,225.107276
SPHINCS+-SHA2-128f-simple_run19,active,69.897497,5.38625,0.59755,3.218552,225.148359
SPHINCS+-SHA2-128f-simple_run19,active,69.910234,5.4,0.595583,3.216147,225.189321
SPHINCS+-SHA2-128f-simple_run19,active,69.922971,5.395,0.596477,3.217992,225.230312
SPHINCS+-SHA2-128f-simple_run19,active,69.935708,5.39625,0.596834,3.220668,225.271332
SPHINCS+-SHA2-128f-simple_run19,active,69.948447,5.395,0.595583,3.213169,225.312263
SPHINCS+-SHA2-128f-simple_run19,active,69.961189,5.39625,0.596298,3.217773,225.353267
SPHINCS+-SHA2-128f-simple_run19,active,69.973927,5.39375,0.596298,3.216282,225.394233
SPHINCS+-SHA2-128f-simple_run19,active,69.986673,5.3975,0.596656,3.220449,225.435282
SPHINCS+-SHA2-128f-simple_run19,active,69.999411,5.38375,0.596834,3.213207,225.476211
SPHINCS+-SHA2-128f-simple_run19,active,70.012173,5.39625,0.596834,3.220668,225.517315
SPHINCS+-SHA2-128f-simple_run19,active,70.024915,5.3975,0.598265,3.229134,225.558459
SPHINCS+-SHA2-128f-simple_run19,active,70.037648,5.3975,0.596477,3.219484,225.599455
SPHINCS+-SHA2-128f-simple_run19,active,70.050385,5.39125,0.596477,3.215756,225.640411
SPHINCS+-SHA2-128f-simple_run19,active,70.063128,5.39875,0.596477,3.220229,225.681447
SPHINCS+-SHA2-128f-simple_run19,active,70.075868,5.39625,0.60488,3.264086,225.723033
SPHINCS+-SHA2-128f-simple_run19,active,70.088606,5.39375,0.596656,3.218211,225.764027
SPHINCS+-SHA2-128f-simple_run19,active,70.10134,5.3925,0.596477,3.216501,225.804986
SPHINCS+-SHA2-128f-simple_run19,active,70.114116,5.39625,0.596656,3.219703,225.846118
SPHINCS+-SHA2-128f-simple_run19,active,70.126916,5.39625,0.595583,3.213914,225.887259
SPHINCS+-SHA2-128f-simple_run19,active,70.139669,5.395,0.589146,3.178443,225.927794
SPHINCS+-SHA2-128f-simple_run19,active,70.152413,5.3975,0.603629,3.258086,225.969312
SPHINCS+-SHA2-128f-simple_run19,active,70.165161,5.395,0.596656,3.218957,226.010349
SPHINCS+-SHA2-128f-simple_run19,active,70.177901,5.3975,0.596298,3.218518,226.051354
SPHINCS+-SHA2-128f-simple_run19,active,70.190637,5.4,0.596119,3.219044,226.092351
SPHINCS+-SHA2-128f-simple_run19,active,70.203372,5.395,0.596119,3.216063,226.133307
SPHINCS+-SHA2-128f-simple_run19,active,70.220259,5.3925,0.596119,3.214573,226.187592
SPHINCS+-SHA2-128f-simple_run19,active,70.233052,5.395,0.598622,3.229568,226.228909
SPHINCS+-SHA2-128f-simple_run19,active,70.245795,5.395,0.599159,3.232462,226.2701
SPHINCS+-SHA2-128f-simple_run19,active,70.258541,5.3925,0.596834,3.21843,226.311121
SPHINCS+-SHA2-128f-simple_run19,active,70.271354,5.39625,0.596656,3.219703,226.352374
SPHINCS+-SHA2-128f-simple_run19,active,70.284094,5.3875,0.597013,3.216409,226.393353
SPHINCS+-SHA2-128f-simple_run19,active,70.29653,5.3875,0.596656,3.214482,226.433328
SPHINCS+-SHA2-128f-simple_run19,active,70.308973,5.3925,0.59898,3.23,226.473517
SPHINCS+-SHA2-128f-simple_run19,active,70.321424,5.39,0.597192,3.218865,226.513598
SPHINCS+-SHA2-128f-simple_run19,active,70.33386,5.38875,0.597371,3.219082,226.553628
SPHINCS+-SHA2-128f-simple_run19,active,70.346291,5.38625,0.598801,3.225293,226.593724
SPHINCS+-SHA2-128f-simple_run19,active,70.358723,5.39,0.597013,3.217901,226.633728
SPHINCS+-SHA2-128f-simple_run19,active,70.371153,5.3875,0.59755,3.219298,226.673744
SPHINCS+-SHA2-128f-simple_run19,active,70.3836,5.395,0.60041,3.239214,226.714063
SPHINCS+-SHA2-128f-simple_run19,active,70.396343,5.395,0.598086,3.226674,226.755179
SPHINCS+-SHA2-128f-simple_run19,active,70.409078,5.38875,0.596119,3.212337,226.79609
SPHINCS+-SHA2-128f-simple_run19,active,70.421811,5.39625,0.597371,3.223562,226.837133
SPHINCS+-SHA2-128f-simple_run19,active,70.434546,5.3975,0.596477,3.219484,226.878135
SPHINCS+-SHA2-128f-simple_run19,active,70.447281,5.39625,0.596477,3.218738,226.919124
SPHINCS+-SHA2-128f-simple_run19,active,70.460014,5.39625,0.599874,3.23707,226.960344
SPHINCS+-SHA2-128f-simple_run19,active,70.47276,5.39625,0.596834,3.220668,227.001394
SPHINCS+-SHA2-128f-simple_run19,active,70.485495,5.39875,0.597192,3.22409,227.042451
SPHINCS+-SHA2-128f-simple_run19,active,70.498232,5.395,0.596119,3.216063,227.083416
SPHINCS+-SHA2-128f-simple_run19,active,70.510969,5.39875,0.596477,3.220229,227.124429
SPHINCS+-SHA2-128f-simple_run19,active,70.523703,5.3975,0.596298,3.218518,227.165415
SPHINCS+-SHA2-128f-simple_run19,active,70.536442,5.39625,0.597192,3.222597,227.206469
SPHINCS+-SHA2-128f-simple_run19,active,70.549177,5.395,0.598265,3.227639,227.247573
SPHINCS+-SHA2-128f-simple_run19,active,70.561909,5.3975,0.597013,3.222379,227.288601
SPHINCS+-SHA2-128f-simple_run19,active,70.574653,5.3975,0.596119,3.217553,227.329602
SPHINCS+-SHA2-128f-simple_run19,active,70.58739,5.3975,0.596477,3.219484,227.370611
SPHINCS+-SHA2-128f-simple_run19,active,70.600163,5.39375,0.595404,3.21146,227.41163
SPHINCS+-SHA2-128f-simple_run19,active,70.612916,5.39625,0.597192,3.222597,227.45273
SPHINCS+-SHA2-128f-simple_run19,active,70.625687,5.39625,0.597192,3.222597,227.493883
SPHINCS+-SHA2-128f-simple_run19,active,70.638462,5.395,0.591292,3.190018,227.534636
SPHINCS+-SHA2-128f-simple_run19,active,70.651209,5.395,0.595583,3.213169,227.575595
SPHINCS+-SHA2-128f-simple_run19,active,70.66395,5.3975,0.597371,3.224309,227.616676
SPHINCS+-SHA2-128f-simple_run19,active,70.6767,5.3975,0.599516,3.23589,227.657934
SPHINCS+-SHA2-128f-simple_run19,active,70.689464,5.3975,0.595583,3.214658,227.698966
SPHINCS+-SHA2-128f-simple_run19,active,70.702201,5.39625,0.596477,3.218738,227.739964
SPHINCS+-SHA2-128f-simple_run19,active,70.714944,5.3925,0.596656,3.217465,227.780963
SPHINCS+-SHA2-128f-simple_run19,active,70.727695,5.395,0.593258,3.200629,227.821774
SPHINCS+-SHA2-128f-simple_run19,active,70.740463,5.3975,0.599159,3.23396,227.863065
SPHINCS+-SHA2-128f-simple_run19,active,70.753203,5.39625,0.605238,3.266016,227.904675
SPHINCS+-SHA2-128f-simple_run19,active,70.76594,5.3975,0.596834,3.221414,227.945705
SPHINCS+-SHA2-128f-simple_run19,active,70.778687,5.39625,0.597371,3.223562,227.986796
SPHINCS+-SHA2-128f-simple_run19,active,70.791432,5.39625,0.596834,3.220668,228.027843
SPHINCS+-SHA2-128f-simple_run19,active,70.804203,5.3975,0.598801,3.232029,228.06912
SPHINCS+-SHA2-128f-simple_run19,active,70.816943,5.395,0.596119,3.216063,228.110093
SPHINCS+-SHA2-128f-simple_run19,active,70.829677,5.39625,0.60202,3.248648,228.15146
SPHINCS+-SHA2-128f-simple_run19,active,70.842417,5.39625,0.596656,3.219703,228.192481
SPHINCS+-SHA2-128f-simple_run19,active,70.855152,5.39625,0.596119,3.216808,228.233446
SPHINCS+-SHA2-128f-simple_run19,active,70.867888,5.3975,0.595762,3.215623,228.274398
SPHINCS+-SHA2-128f-simple_run19,active,70.880634,5.3975,0.596298,3.218518,228.315421
SPHINCS+-SHA2-128f-simple_run19,active,70.893374,5.395,0.597013,3.220886,228.356458
SPHINCS+-SHA2-128f-simple_run19,active,70.90611,5.39875,0.606847,3.276216,228.398183
SPHINCS+-SHA2-128f-simple_run19,active,70.91885,5.395,0.60041,3.239214,228.43945
SPHINCS+-SHA2-128f-simple_run19,active,70.931586,5.39625,0.597371,3.223562,228.480506
SPHINCS+-SHA2-128f-simple_run19,active,70.944325,5.3975,0.597907,3.227204,228.521616
SPHINCS+-SHA2-128f-simple_run19,active,70.957062,5.39625,0.59594,3.215843,228.562578
SPHINCS+-SHA2-128f-simple_run19,active,70.969803,5.39875,0.59594,3.217333,228.60357
SPHINCS+-SHA2-128f-simple_run19,active,70.982548,5.39,0.605596,3.26416,228.645171
SPHINCS+-SHA2-128f-simple_run19,active,70.995288,5.395,0.596119,3.216063,228.686145
SPHINCS+-SHA2-128f-simple_run19,active,71.008029,5.3975,0.596656,3.220449,228.727174
SPHINCS+-SHA2-128f-simple_run19,active,71.020767,5.405,0.596477,3.223957,228.768241
SPHINCS+-SHA2-128f-simple_run19,active,71.033516,5.395,0.596477,3.217992,228.809269
SPHINCS+-SHA2-128f-simple_run19,active,71.046291,5.3975,0.596834,3.221414,228.850423
SPHINCS+-SHA2-128f-simple_run19,active,71.059037,5.39375,0.59594,3.214354,228.891391
SPHINCS+-SHA2-128f-simple_run19,active,71.071777,5.3975,0.596298,3.218518,228.932396
SPHINCS+-SHA2-128f-simple_run19,active,71.084524,5.39625,0.596477,3.218738,228.973427
SPHINCS+-SHA2-128f-simple_run19,active,71.097267,5.3975,0.596834,3.221414,229.014475
SPHINCS+-SHA2-128f-simple_run19,active,71.11,5.40125,0.596477,3.22172,229.055498
SPHINCS+-SHA2-128f-simple_run19,active,71.122752,5.39625,0.596834,3.220668,229.096567
SPHINCS+-SHA2-128f-simple_run19,active,71.135511,5.39625,0.598622,3.230316,229.137784
SPHINCS+-SHA2-128f-simple_run19,active,71.148252,5.39625,0.598801,3.231281,229.178953
SPHINCS+-SHA2-128f-simple_run19,active,71.160988,5.39625,0.596477,3.218738,229.219948
SPHINCS+-SHA2-128f-simple_run19,active,71.173722,5.39625,0.596298,3.217773,229.260922
SPHINCS+-SHA2-128f-simple_run19,active,71.186465,5.40125,0.596656,3.222686,229.30199
SPHINCS+-SHA2-128f-simple_run19,active,71.199208,5.39375,0.594689,3.207603,229.342862
SPHINCS+-SHA2-128f-simple_run19,active,71.211942,5.39625,0.59898,3.232246,229.384022
SPHINCS+-SHA2-128f-simple_run19,active,71.22468,5.39875,0.597371,3.225056,229.425104
SPHINCS+-SHA2-128f-simple_run19,active,71.237415,5.3975,0.596477,3.219484,229.466104
SPHINCS+-SHA2-128f-simple_run19,active,71.250151,5.39625,0.596477,3.218738,229.507098
SPHINCS+-SHA2-128f-simple_run19,active,71.262886,5.3975,0.596656,3.220449,229.548109
SPHINCS+-SHA2-128f-simple_run19,active,71.27562,5.3975,0.596119,3.217553,229.589082
SPHINCS+-SHA2-128f-simple_run19,active,71.288364,5.39625,0.597907,3.226457,229.630201
SPHINCS+-SHA2-128f-simple_run19,active,71.301105,5.39625,0.596477,3.218738,229.67121
SPHINCS+-SHA2-128f-simple_run19,active,71.313838,5.39625,0.596477,3.218738,229.712196
SPHINCS+-SHA2-128f-simple_run19,active,71.326573,5.39625,0.596656,3.219703,229.753196
SPHINCS+-SHA2-128f-simple_run19,active,71.339314,5.3975,0.592186,3.196322,229.793921
SPHINCS+-SHA2-128f-simple_run19,active,71.352059,5.395,0.594152,3.205452,229.834776
SPHINCS+-SHA2-128f-simple_run19,active,71.3648,5.3975,0.598622,3.231064,229.875942
SPHINCS+-SHA2-128f-simple_run19,active,71.377533,5.3975,0.594152,3.206938,229.916776
SPHINCS+-SHA2-128f-simple_run19,active,71.390277,5.39625,0.596834,3.220668,229.957819
SPHINCS+-SHA2-128f-simple_run19,active,71.403017,5.3975,0.596477,3.219484,229.998835
SPHINCS+-SHA2-128f-simple_run19,active,71.415752,5.39875,0.596834,3.22216,230.039871
SPHINCS+-SHA2-128f-simple_run19,active,71.428491,5.3975,0.59308,3.201147,230.080651
SPHINCS+-SHA2-128f-simple_run19,active,71.441228,5.3975,0.596834,3.221414,230.121682
SPHINCS+-SHA2-128f-simple_run19,active,71.453961,5.3975,0.597728,3.226239,230.162759
SPHINCS+-SHA2-128f-simple_run19,active,71.466697,5.39625,0.596477,3.218738,230.203753
SPHINCS+-SHA2-128f-simple_run19,active,71.479432,5.3975,0.595404,3.213693,230.24468
SPHINCS+-SHA2-128f-simple_run19,active,71.495138,5.395,0.596477,3.217992,230.295223
SPHINCS+-SHA2-128f-simple_run19,active,71.507892,5.395,0.608099,3.280693,230.337064
SPHINCS+-SHA2-128f-simple_run19,active,71.520633,5.39625,0.596477,3.218738,230.378073
SPHINCS+-SHA2-128f-simple_run19,active,71.533383,5.39625,0.596477,3.218738,230.419113
SPHINCS+-SHA2-128f-simple_run19,active,71.546142,5.3975,0.596119,3.217553,230.460167
SPHINCS+-SHA2-128f-simple_run19,active,71.558883,5.39625,0.597371,3.223562,230.501237
SPHINCS+-SHA2-128f-simple_run19,active,71.57162,5.39625,0.59594,3.215843,230.542198
SPHINCS+-SHA2-128f-simple_run19,active,71.584358,5.39875,0.598622,3.231813,230.583364
SPHINCS+-SHA2-128f-simple_run19,active,71.597102,5.39625,0.597013,3.221632,230.62442
SPHINCS+-SHA2-128f-simple_run19,active,71.609841,5.395,0.597907,3.225709,230.665513
SPHINCS+-SHA2-128f-simple_run19,active,71.622578,5.39625,0.596834,3.220668,230.706534
SPHINCS+-SHA2-128f-simple_run19,active,71.635312,5.395,0.596834,3.219922,230.747539
SPHINCS+-SHA2-128f-simple_run19,active,71.648046,5.39625,0.599695,3.236105,230.788747
SPHINCS+-SHA2-128f-simple_run19,active,71.660782,5.39625,0.597371,3.223562,230.829801
SPHINCS+-SHA2-128f-simple_run19,active,71.673513,5.3975,0.596656,3.220449,230.8708
SPHINCS+-SHA2-128f-simple_run19,active,71.686246,5.39875,0.599338,3.235674,230.912002
SPHINCS+-SHA2-128f-simple_run19,active,71.698987,5.395,0.589682,3.181337,230.952536
SPHINCS+-SHA2-128f-simple_run19,active,71.71173,5.39625,0.596477,3.218738,230.99355
SPHINCS+-SHA2-128f-simple_run19,active,71.724477,5.3975,0.59755,3.225274,231.034665
SPHINCS+-SHA2-128f-simple_run19,active,71.737213,5.3975,0.596119,3.217553,231.075643
SPHINCS+-SHA2-128f-simple_run19,active,71.749954,5.395,0.596477,3.217992,231.116642
SPHINCS+-SHA2-128f-simple_run19,active,71.762714,5.395,0.596298,3.217028,231.157692
SPHINCS+-SHA2-128f-simple_run19,active,71.775532,5.395,0.595404,3.212205,231.198866
SPHINCS+-SHA2-128f-simple_run19,active,71.788317,5.39,0.597013,3.217901,231.240006
SPHINCS+-SHA2-128f-simple_run19,active,71.801077,5.395,0.596656,3.218957,231.281079
SPHINCS+-SHA2-128f-simple_run19,active,71.813824,5.3875,0.598801,3.226041,231.322202
SPHINCS+-SHA2-128f-simple_run19,active,71.826263,5.3875,0.596298,3.212555,231.362165
SPHINCS+-SHA2-128f-simple_run19,active,71.838698,5.39,0.595404,3.209228,231.402069
SPHINCS+-SHA2-128f-simple_run19,active,71.851124,5.3875,0.596477,3.213519,231.442003
SPHINCS+-SHA2-128f-simple_run19,active,71.863559,5.3875,0.596298,3.212555,231.481951
SPHINCS+-SHA2-128f-simple_run19,active,71.875991,5.38875,0.596298,3.213301,231.521897
SPHINCS+-SHA2-128f-simple_run19,active,71.888426,5.38625,0.601126,3.237813,231.562159
SPHINCS+-SHA2-128f-simple_run19,active,71.900858,5.39125,0.596656,3.21672,231.60215
SPHINCS+-SHA2-128f-simple_run19,active,71.913338,5.39625,0.596834,3.220668,231.642345
SPHINCS+-SHA2-128f-simple_run19,active,71.926081,5.39625,0.595583,3.213914,231.683299
SPHINCS+-SHA2-128f-simple_run19,active,71.93882,5.39625,0.604344,3.261191,231.724843
SPHINCS+-SHA2-128f-simple_run19,active,71.951557,5.3975,0.596834,3.221414,231.765874
SPHINCS+-SHA2-128f-simple_run19,active,71.964294,5.3975,0.598265,3.229134,231.807005
SPHINCS+-SHA2-128f-simple_run19,active,71.977031,5.4,0.595046,3.213251,231.847929
SPHINCS+-SHA2-128f-simple_run19,active,71.989765,5.39625,0.597192,3.222597,231.888967
SPHINCS+-SHA2-128f-simple_run19,active,72.002507,5.3975,0.596119,3.217553,231.929967
SPHINCS+-SHA2-128f-simple_run19,active,72.015249,5.39625,0.597907,3.226457,231.971076
SPHINCS+-SHA2-128f-simple_run19,active,72.02798,5.39375,0.594152,3.20471,232.011877
SPHINCS+-SHA2-128f-simple_run19,active,72.040725,5.395,0.598801,3.230532,232.053049
SPHINCS+-SHA2-128f-simple_run19,active,72.053508,5.39125,0.595583,3.210936,232.094096
SPHINCS+-SHA2-128f-simple_run19,active,72.066283,5.39625,0.596119,3.216808,232.135188
SPHINCS+-SHA2-128f-simple_run19,active,72.079027,5.3925,0.596298,3.215537,232.176168
SPHINCS+-SHA2-128f-simple_run19,active,72.091763,5.395,0.596834,3.219922,232.217177
SPHINCS+-SHA2-128f-simple_run19,active,72.104516,5.39625,0.596119,3.216808,232.258202
SPHINCS+-SHA2-128f-simple_run19,active,72.117258,5.40125,0.601483,3.248761,232.299598
SPHINCS+-SHA2-128f-simple_run19,active,72.129993,5.39625,0.596477,3.218738,232.340589
SPHINCS+-SHA2-128f-simple_run19,active,72.14273,5.3975,0.596298,3.218518,232.381583
SPHINCS+-SHA2-128f-simple_run19,active,72.155464,5.39625,0.596834,3.220668,232.422595
SPHINCS+-SHA2-128f-simple_run19,active,72.168204,5.3925,0.596477,3.216501,232.463572
SPHINCS+-SHA2-128f-simple_run19,active,72.180939,5.3975,0.596834,3.221414,232.504598
SPHINCS+-SHA2-128f-simple_run19,active,72.193672,5.3975,0.598622,3.231064,232.545737
SPHINCS+-SHA2-128f-simple_run19,active,72.206413,5.39,0.596656,3.215974,232.586714
SPHINCS+-SHA2-128f-simple_run19,active,72.219153,5.39125,0.596834,3.217683,232.627706
SPHINCS+-SHA2-128f-simple_run19,active,72.231887,5.3975,0.596119,3.217553,232.668677
SPHINCS+-SHA2-128f-simple_run19,active,72.244623,5.39625,0.599516,3.23514,232.709882
SPHINCS+-SHA2-128f-simple_run19,active,72.257356,5.39375,0.596477,3.217247,232.750847
SPHINCS+-SHA2-128f-simple_run19,active,72.27009,5.3975,0.598801,3.232029,232.792003
SPHINCS+-SHA2-128f-simple_run19,active,72.282823,5.39625,0.597371,3.223562,232.83305
SPHINCS+-SHA2-128f-simple_run19,active,72.295558,5.39625,0.596656,3.219703,232.874051
SPHINCS+-SHA2-128f-simple_run19,active,72.308302,5.39875,0.594152,3.20768,232.914931
SPHINCS+-SHA2-128f-simple_run19,active,72.321043,5.39625,0.596656,3.219703,232.955952
SPHINCS+-SHA2-128f-simple_run19,active,72.333776,5.39625,0.605059,3.265051,232.997526
SPHINCS+-SHA2-128f-simple_run19,active,72.346509,5.39875,0.592901,3.200923,233.038284
SPHINCS+-SHA2-128f-simple_run19,active,72.359245,5.395,0.599159,3.232462,233.079451
SPHINCS+-SHA2-128f-simple_run19,active,72.371978,5.39625,0.596477,3.218738,233.120438
SPHINCS+-SHA2-128f-simple_run19,active,72.384715,5.39625,0.598265,3.228386,233.161557
SPHINCS+-SHA2-128f-simple_run19,active,72.397486,5.3975,0.592186,3.196322,233.202377
SPHINCS+-SHA2-128f-simple_run19,active,72.410229,5.39625,0.605238,3.266016,233.243994
SPHINCS+-SHA2-128f-simple_run19,active,72.422966,5.3975,0.596834,3.221414,233.285027
SPHINCS+-SHA2-128f-simple_run19,active,72.435701,5.3975,0.596477,3.219484,233.326028
SPHINCS+-SHA2-128f-simple_run19,active,72.448437,5.3975,0.598265,3.229134,233.367152
SPHINCS+-SHA2-128f-simple_run19,active,72.461171,5.39625,0.595583,3.213914,233.408079
SPHINCS+-SHA2-128f-simple_run19,active,72.473904,5.395,0.596477,3.217992,233.449053
SPHINCS+-SHA2-128f-simple_run19,active,72.486637,5.39625,0.607026,3.275664,233.490763
SPHINCS+-SHA2-128f-simple_run19,active,72.499371,5.39625,0.596477,3.218738,233.531749
SPHINCS+-SHA2-128f-simple_run19,active,72.51211,5.39625,0.597013,3.221632,233.57279
SPHINCS+-SHA2-128f-simple_run19,active,72.524851,5.395,0.596477,3.217992,233.613789
SPHINCS+-SHA2-128f-simple_run19,active,72.537586,5.39625,0.599338,3.234176,233.654977
SPHINCS+-SHA2-128f-simple_run19,active,72.55032,5.39875,0.596477,3.220229,233.695985
SPHINCS+-SHA2-128f-simple_run19,active,72.563084,5.3975,0.597907,3.227204,233.737176
SPHINCS+-SHA2-128f-simple_run19,active,72.575833,5.39625,0.601483,3.245754,233.778557
SPHINCS+-SHA2-128f-simple_run19,active,72.588572,5.3975,0.596477,3.219484,233.819571
SPHINCS+-SHA2-128f-simple_run19,active,72.601308,5.39625,0.596298,3.217773,233.860552
SPHINCS+-SHA2-128f-simple_run19,active,72.614087,5.395,0.596834,3.219922,233.901697
SPHINCS+-SHA2-128f-simple_run19,active,72.626831,5.395,0.591292,3.190018,233.942354
SPHINCS+-SHA2-128f-simple_run19,active,72.639569,5.3975,0.596477,3.219484,233.983362
SPHINCS+-SHA2-128f-simple_run19,active,72.652308,5.39375,0.596834,3.219176,234.02437
SPHINCS+-SHA2-128f-simple_run19,active,72.665043,5.39875,0.597013,3.223125,234.065417
SPHINCS+-SHA2-128f-simple_run19,active,72.677779,5.3975,0.596119,3.217553,234.106397
SPHINCS+-SHA2-128f-simple_run19,active,72.690515,5.39875,0.596298,3.219264,234.147395
SPHINCS+-SHA2-128f-simple_run19,active,72.703249,5.3975,0.596298,3.218518,234.188382
SPHINCS+-SHA2-128f-simple_run19,active,72.716001,5.39125,0.595404,3.209972,234.229316
SPHINCS+-SHA2-128f-simple_run19,active,72.728747,5.39625,0.596834,3.220668,234.270366
SPHINCS+-SHA2-128f-simple_run19,active,72.741508,5.3975,0.596477,3.219484,234.31145
SPHINCS+-SHA2-128f-simple_run19,active,72.754245,5.3975,0.595583,3.214658,234.352393
SPHINCS+-SHA2-128f-simple_run19,active,72.769964,5.39625,0.596834,3.220668,234.403021
SPHINCS+-SHA2-128f-simple_run19,active,72.78272,5.3975,0.596477,3.219484,234.444088
SPHINCS+-SHA2-128f-simple_run19,active,72.795458,5.3975,0.596477,3.219484,234.485098
SPHINCS+-SHA2-128f-simple_run19,active,72.808201,5.39625,0.597728,3.225492,234.5262
SPHINCS+-SHA2-128f-simple_run19,active,72.820947,5.39375,0.596477,3.217247,234.567207
SPHINCS+-SHA2-128f-simple_run19,active,72.833687,5.39625,0.597013,3.221632,234.608251
SPHINCS+-SHA2-128f-simple_run19,active,72.846422,5.39625,0.593437,3.202335,234.649031
SPHINCS+-SHA2-128f-simple_run19,active,72.85915,5.39625,0.597013,3.221632,234.690037
SPHINCS+-SHA2-128f-simple_run19,active,72.871887,5.39625,0.597013,3.221632,234.731071
SPHINCS+-SHA2-128f-simple_run19,active,72.884626,5.3975,0.596656,3.220449,234.772097
SPHINCS+-SHA2-128f-simple_run19,active,72.89736,5.39625,0.594152,3.206195,234.812925
SPHINCS+-SHA2-128f-simple_run19,active,72.910095,5.39625,0.596477,3.218738,234.853915
SPHINCS+-SHA2-128f-simple_run19,active,72.922829,5.39625,0.596477,3.218738,234.894903
SPHINCS+-SHA2-128f-simple_run19,active,72.935564,5.39625,0.601304,3.244789,234.936224
SPHINCS+-SHA2-128f-simple_run19,active,72.9483,5.39875,0.596834,3.22216,234.977261
SPHINCS+-SHA2-128f-simple_run19,active,72.961045,5.3975,0.596834,3.221414,235.018318
SPHINCS+-SHA2-128f-simple_run19,active,72.97378,5.3975,0.596477,3.219484,235.059318
SPHINCS+-SHA2-128f-simple_run19,active,72.986518,5.39125,0.592543,3.194549,235.10001
SPHINCS+-SHA2-128f-simple_run19,active,72.999255,5.39625,0.596477,3.218738,235.141007
SPHINCS+-SHA2-128f-simple_run19,active,73.011989,5.39625,0.606668,3.273734,235.182696
SPHINCS+-SHA2-128f-simple_run19,active,73.024735,5.39625,0.598801,3.231281,235.223881
SPHINCS+-SHA2-128f-simple_run19,active,73.0375,5.39125,0.596477,3.215756,235.264933
SPHINCS+-SHA2-128f-simple_run19,active,73.050236,5.39625,0.59594,3.215843,235.305888
SPHINCS+-SHA2-128f-simple_run19,active,73.062979,5.39625,0.596656,3.219703,235.346916
SPHINCS+-SHA2-128f-simple_run19,active,73.075728,5.39,0.596298,3.214046,235.387894
SPHINCS+-SHA2-128f-simple_run19,active,73.088509,5.3975,0.605417,3.267737,235.429659
SPHINCS+-SHA2-128f-simple_run19,active,73.101249,5.395,0.596834,3.219922,235.47068
SPHINCS+-SHA2-128f-simple_run19,active,73.113989,5.3975,0.596656,3.220449,235.511707
SPHINCS+-SHA2-128f-simple_run19,active,73.12674,5.40125,0.596477,3.22172,235.552789
SPHINCS+-SHA2-128f-simple_run19,active,73.139481,5.39625,0.596477,3.218738,235.593799
SPHINCS+-SHA2-128f-simple_run19,active,73.15222,5.3975,0.596656,3.220449,235.634824
SPHINCS+-SHA2-128f-simple_run19,active,73.164955,5.39875,0.606847,3.276216,235.676547
SPHINCS+-SHA2-128f-simple_run19,active,73.177688,5.39625,0.596477,3.218738,235.717529
SPHINCS+-SHA2-128f-simple_run19,active,73.190423,5.3975,0.596834,3.221414,235.758556
SPHINCS+-SHA2-128f-simple_run19,active,73.203157,5.39875,0.596656,3.221194,235.799574
SPHINCS+-SHA2-128f-simple_run19,active,73.21589,5.39375,0.600053,3.236535,235.840784
SPHINCS+-SHA2-128f-simple_run19,active,73.228634,5.39875,0.596119,3.218299,235.881799
SPHINCS+-SHA2-128f-simple_run19,active,73.24137,5.39625,0.604702,3.263121,235.923358
SPHINCS+-SHA2-128f-simple_run19,active,73.254104,5.39625,0.597371,3.223562,235.964408
SPHINCS+-SHA2-128f-simple_run19,active,73.266838,5.40375,0.596119,3.221279,236.005428
SPHINCS+-SHA2-128f-simple_run19,active,73.2796,5.39625,0.602556,3.251543,236.046922
SPHINCS+-SHA2-128f-simple_run19,active,73.292364,5.395,0.596656,3.218957,236.08801
SPHINCS+-SHA2-128f-simple_run19,active,73.305102,5.39625,0.596834,3.220668,236.129035
SPHINCS+-SHA2-128f-simple_run19,active,73.317837,5.39625,0.597013,3.221632,236.17006
SPHINCS+-SHA2-128f-simple_run19,active,73.330582,5.39625,0.596477,3.218738,236.211084
SPHINCS+-SHA2-128f-simple_run19,active,73.343322,5.39625,0.595762,3.214879,236.252041
SPHINCS+-SHA2-128f-simple_run19,active,73.356056,5.39875,0.592543,3.198993,236.292777
SPHINCS+-SHA2-128f-simple_run19,active,73.368794,5.39625,0.596834,3.220668,236.333804
SPHINCS+-SHA2-128f-simple_run19,active,73.381527,5.39625,0.596477,3.218738,236.374785
SPHINCS+-SHA2-128f-simple_run19,active,73.394261,5.3975,0.596477,3.219484,236.415784
SPHINCS+-SHA2-128f-simple_run19,active,73.406994,5.39625,0.588431,3.17532,236.456214
SPHINCS+-SHA2-128f-simple_run19,active,73.419728,5.3975,0.596119,3.217553,236.497189
SPHINCS+-SHA2-128f-simple_run19,active,73.432472,5.3975,0.59755,3.225274,236.538289
SPHINCS+-SHA2-128f-simple_run19,active,73.445214,5.3975,0.599516,3.23589,236.579522
SPHINCS+-SHA2-128f-simple_run19,active,73.457947,5.39625,0.596477,3.218738,236.620505
SPHINCS+-SHA2-128f-simple_run19,active,73.47068,5.3975,0.597728,3.226239,236.661587
SPHINCS+-SHA2-128f-simple_run19,active,73.483415,5.39625,0.596834,3.220668,236.702601
SPHINCS+-SHA2-128f-simple_run19,active,73.496187,5.39375,0.598086,3.225926,236.743802
SPHINCS+-SHA2-128f-simple_run19,active,73.508925,5.39625,0.596477,3.218738,236.784803
SPHINCS+-SHA2-128f-simple_run19,active,73.521657,5.39625,0.596834,3.220668,236.825808
SPHINCS+-SHA2-128f-simple_run19,active,73.534398,5.3975,0.597013,3.222379,236.866865
SPHINCS+-SHA2-128f-simple_run19,active,73.547137,5.39875,0.599338,3.235674,236.908086
SPHINCS+-SHA2-128f-simple_run19,active,73.559875,5.39625,0.597013,3.221632,236.94912
SPHINCS+-SHA2-128f-simple_run19,active,73.572611,5.395,0.597728,3.224745,236.990192
SPHINCS+-SHA2-128f-simple_run19,active,73.585357,5.38875,0.597013,3.217155,237.031198
SPHINCS+-SHA2-128f-simple_run19,active,73.598119,5.39625,0.596119,3.216808,237.072251
SPHINCS+-SHA2-128f-simple_run19,active,73.610858,5.39625,0.596119,3.216808,237.113231
SPHINCS+-SHA2-128f-simple_run19,active,73.623596,5.39875,0.600232,3.2405,237.154508
SPHINCS+-SHA2-128f-simple_run19,active,73.636343,5.39,0.594331,3.203445,237.195342
SPHINCS+-SHA2-128f-simple_run19,active,73.649087,5.39625,0.596834,3.220668,237.236384
SPHINCS+-SHA2-128f-simple_run19,active,73.661822,5.395,0.596477,3.217992,237.277368
SPHINCS+-SHA2-128f-simple_run19,active,73.674558,5.39,0.59594,3.212119,237.318275
SPHINCS+-SHA2-128f-simple_run19,active,73.687293,5.38,0.596119,3.207121,237.359118
SPHINCS+-SHA2-128f-simple_run19,active,73.700028,5.39625,0.597013,3.221632,237.400145
SPHINCS+-SHA2-128f-simple_run19,active,73.712768,5.3975,0.597013,3.222379,237.441198
SPHINCS+-SHA2-128f-simple_run19,active,73.725509,5.40625,0.598622,3.236302,237.482433
SPHINCS+-SHA2-128f-simple_run19,active,73.738254,5.395,0.596477,3.217992,237.523446
SPHINCS+-SHA2-128f-simple_run19,active,73.750998,5.39625,0.596477,3.218738,237.564466
SPHINCS+-SHA2-128f-simple_run19,active,73.763733,5.39875,0.596119,3.218299,237.605452
SPHINCS+-SHA2-128f-simple_run19,active,73.776472,5.39875,0.59594,3.217333,237.646438
SPHINCS+-SHA2-128f-simple_run19,active,73.789211,5.3875,0.596477,3.213519,237.687374
SPHINCS+-SHA2-128f-simple_run19,active,73.801946,5.3975,0.596834,3.221414,237.728397
SPHINCS+-SHA2-128f-simple_run19,active,73.814683,5.39875,0.596119,3.218299,237.769388
SPHINCS+-SHA2-128f-simple_run19,active,73.82742,5.39625,0.597013,3.221632,237.810423
SPHINCS+-SHA2-128f-simple_run19,active,73.840215,5.3975,0.602198,3.250366,237.852012
SPHINCS+-SHA2-128f-simple_run19,active,73.852977,5.39625,0.596477,3.218738,237.893088
SPHINCS+-SHA2-128f-simple_run19,active,73.865713,5.39625,0.593258,3.201371,237.933863
SPHINCS+-SHA2-128f-simple_run19,active,73.878452,5.39625,0.596298,3.217773,237.974855
SPHINCS+-SHA2-128f-simple_run19,active,73.891189,5.39,0.596477,3.21501,238.015803
SPHINCS+-SHA2-128f-simple_run19,active,73.903927,5.3975,0.596298,3.218518,238.056799
SPHINCS+-SHA2-128f-simple_run19,active,73.916666,5.3975,0.604165,3.260982,238.098342
SPHINCS+-SHA2-128f-simple_run19,active,73.929402,5.39875,0.596834,3.22216,238.13938
SPHINCS+-SHA2-128f-simple_run19,active,73.942146,5.3975,0.596298,3.218518,238.180398
SPHINCS+-SHA2-128f-simple_run19,active,73.95489,5.3975,0.596119,3.217553,238.2214
SPHINCS+-SHA2-128f-simple_run19,active,73.967628,5.39625,0.595762,3.214879,238.262352
SPHINCS+-SHA2-128f-simple_run19,active,73.980366,5.39625,0.596119,3.216808,238.303327
SPHINCS+-SHA2-128f-simple_run19,active,73.993105,5.38125,0.605417,3.257899,238.34483
SPHINCS+-SHA2-128f-simple_run19,active,74.005862,5.39375,0.597907,3.224962,238.385972
SPHINCS+-SHA2-128f-simple_run19,active,74.01861,5.395,0.596119,3.216063,238.426968
SPHINCS+-SHA2-128f-simple_run19,active,74.031354,5.3975,0.596656,3.220449,238.46801
SPHINCS+-SHA2-128f-simple_run19,active,74.047073,5.38875,0.597013,3.217155,238.518582
SPHINCS+-SHA2-128f-simple_run19,active,74.05955,5.38875,0.596656,3.215228,238.558697
SPHINCS+-SHA2-128f-simple_run19,active,74.07199,5.3875,0.597371,3.218335,238.598734
SPHINCS+-SHA2-128f-simple_run19,active,74.084431,5.38,0.59594,3.206159,238.638621
SPHINCS+-SHA2-128f-simple_run19,active,74.096864,5.375,0.596477,3.206063,238.678483
SPHINCS+-SHA2-128f-simple_run19,active,74.10939,5.38625,0.596477,3.212773,238.718727
SPHINCS+-SHA2-128f-simple_run19,active,74.121851,5.3925,0.596477,3.216501,238.758808
SPHINCS+-SHA2-128f-simple_run19,active,74.134294,5.39125,0.596477,3.215756,238.79882
SPHINCS+-SHA2-128f-simple_run19,active,74.146737,5.39,0.597013,3.217901,238.83886
SPHINCS+-SHA2-128f-simple_run19,active,74.159182,5.40125,0.597013,3.224618,238.87899
SPHINCS+-SHA2-128f-simple_run19,active,74.17192,5.3975,0.597371,3.224309,238.920061
SPHINCS+-SHA2-128f-simple_run19,active,74.184657,5.39375,0.598265,3.226891,238.961163
SPHINCS+-SHA2-128f-simple_run19,active,74.197391,5.3925,0.596834,3.21843,239.002145
SPHINCS+-SHA2-128f-simple_run19,active,74.210124,5.39625,0.59594,3.215843,239.043094
SPHINCS+-SHA2-128f-simple_run19,active,74.222857,5.3975,0.598265,3.229134,239.084211
SPHINCS+-SHA2-128f-simple_run19,active,74.235589,5.39875,0.597013,3.223125,239.125247
SPHINCS+-SHA2-128f-simple_run19,active,74.248331,5.395,0.596834,3.219922,239.166277
SPHINCS+-SHA2-128f-simple_run19,active,74.261073,5.3975,0.596477,3.219484,239.207299
SPHINCS+-SHA2-128f-simple_run19,active,74.273805,5.3975,0.596477,3.219484,239.248288
SPHINCS+-SHA2-128f-simple_run19,active,74.286538,5.4,0.596477,3.220975,239.2893
SPHINCS+-SHA2-128f-simple_run19,active,74.299271,5.39375,0.599159,3.231713,239.33045
SPHINCS+-SHA2-128f-simple_run19,active,74.312004,5.39625,0.596119,3.216808,239.37141
SPHINCS+-SHA2-128f-simple_run19,active,74.324739,5.4025,0.595404,3.21667,239.412375
SPHINCS+-SHA2-128f-simple_run19,active,74.337509,5.39625,0.596656,3.219703,239.45349
SPHINCS+-SHA2-128f-simple_run19,active,74.350251,5.39625,0.596298,3.217773,239.494491
SPHINCS+-SHA2-128f-simple_run19,active,74.36299,5.39375,0.597371,3.222069,239.535536
SPHINCS+-SHA2-128f-simple_run19,active,74.375724,5.3975,0.598801,3.232029,239.576693
SPHINCS+-SHA2-128f-simple_run19,active,74.388459,5.3975,0.596834,3.221414,239.61772
SPHINCS+-SHA2-128f-simple_run19,active,74.401193,5.39625,0.596477,3.218738,239.658706
SPHINCS+-SHA2-128f-simple_run19,active,74.413942,5.39625,0.596834,3.220668,239.699767
SPHINCS+-SHA2-128f-simple_run19,active,74.426695,5.39375,0.596298,3.216282,239.740782
SPHINCS+-SHA2-128f-simple_run19,active,74.439434,5.39625,0.596298,3.217773,239.781776
SPHINCS+-SHA2-128f-simple_run19,active,74.452199,5.3975,0.59898,3.232995,239.823044
SPHINCS+-SHA2-128f-simple_run19,active,74.464944,5.40875,0.598622,3.237799,239.86431
SPHINCS+-SHA2-128f-simple_run19,active,74.477677,5.3975,0.596656,3.220449,239.905315
SPHINCS+-SHA2-128f-simple_run19,active,74.490411,5.3975,0.596477,3.219484,239.946311
SPHINCS+-SHA2-128f-simple_run19,active,74.503143,5.39125,0.596834,3.217683,239.98728
SPHINCS+-SHA2-128f-simple_run19,active,74.515877,5.39625,0.594868,3.210054,240.028157
SPHINCS+-SHA2-128f-simple_run19,active,74.528614,5.39625,0.597728,3.225492,240.06924
SPHINCS+-SHA2-128f-simple_run19,active,74.541347,5.39875,0.596477,3.220229,240.110243
SPHINCS+-SHA2-128f-simple_run19,active,74.554085,5.39625,0.587537,3.170495,240.150629
SPHINCS+-SHA2-128f-simple_run19,active,74.566826,5.39625,0.596477,3.218738,240.19164
SPHINCS+-SHA2-128f-simple_run19,active,74.57956,5.39875,0.594152,3.20768,240.232486
SPHINCS+-SHA2-128f-simple_run19,active,74.592302,5.3975,0.593974,3.205973,240.273334
SPHINCS+-SHA2-128f-simple_run19,active,74.605051,5.3925,0.596119,3.214573,240.314318
SPHINCS+-SHA2-128f-simple_run19,active,74.617812,5.39625,0.59594,3.215843,240.355355
SPHINCS+-SHA2-128f-simple_run19,active,74.630551,5.39625,0.597371,3.223562,240.396419
SPHINCS+-SHA2-128f-simple_run19,active,74.643286,5.3975,0.596477,3.219484,240.437421
SPHINCS+-SHA2-128f-simple_run19,active,74.65603,5.39625,0.595583,3.213914,240.47838
SPHINCS+-SHA2-128f-simple_run19,active,74.668775,5.39625,0.598801,3.231281,240.51956
SPHINCS+-SHA2-128f-simple_run19,active,74.68151,5.3975,0.597371,3.224309,240.560623
SPHINCS+-SHA2-128f-simple_run19,active,74.694246,5.3975,0.601304,3.24554,240.601959
SPHINCS+-SHA2-128f-simple_run19,active,74.706985,5.39875,0.596477,3.220229,240.64298
SPHINCS+-SHA2-128f-simple_run19,active,74.719733,5.3975,0.596298,3.218518,240.684011
SPHINCS+-SHA2-128f-simple_run19,active,74.732471,5.3975,0.596477,3.219484,240.72502
SPHINCS+-SHA2-128f-simple_run19,active,74.745207,5.4,0.603986,3.261527,240.766559
SPHINCS+-SHA2-128f-simple_run19,active,74.757958,5.3925,0.596656,3.217465,240.807583
SPHINCS+-SHA2-128f-simple_run19,active,74.770738,5.39625,0.596656,3.219703,240.848732
SPHINCS+-SHA2-128f-simple_run19,active,74.783479,5.3975,0.596119,3.217553,240.889729
SPHINCS+-SHA2-128f-simple_run19,active,74.796219,5.3975,0.596656,3.220449,240.930756
SPHINCS+-SHA2-128f-simple_run19,active,74.808957,5.39625,0.596656,3.219703,240.97177
SPHINCS+-SHA2-128f-simple_run19,active,74.821693,5.39875,0.60488,3.265598,241.013358
SPHINCS+-SHA2-128f-simple_run19,active,74.834429,5.39625,0.596834,3.220668,241.054377
SPHINCS+-SHA2-128f-simple_run19,active,74.847164,5.39625,0.596477,3.218738,241.095369
SPHINCS+-SHA2-128f-simple_run19,active,74.859907,5.3975,0.596656,3.220449,241.136407
SPHINCS+-SHA2-128f-simple_run19,active,74.872652,5.3975,0.596477,3.219484,241.17744
SPHINCS+-SHA2-128f-simple_run19,active,74.885389,5.39625,0.597728,3.225492,241.218521
SPHINCS+-SHA2-128f-simple_run19,active,74.898123,5.3975,0.597728,3.226239,241.259604
SPHINCS+-SHA2-128f-simple_run19,active,74.910857,5.39875,0.597013,3.223125,241.300647
SPHINCS+-SHA2-128f-simple_run19,active,74.923589,5.39,0.597728,3.221756,241.341667
SPHINCS+-SHA2-128f-simple_run19,active,74.936327,5.39375,0.596834,3.219176,241.382672
SPHINCS+-SHA2-128f-simple_run19,active,74.949061,5.3975,0.596298,3.218518,241.423659
SPHINCS+-SHA2-128f-simple_run19,active,74.961802,5.39625,0.596477,3.218738,241.464668
SPHINCS+-SHA2-128f-simple_run19,active,74.974543,5.39625,0.594152,3.206195,241.505518
SPHINCS+-SHA2-128f-simple_run19,active,74.987279,5.39875,0.597013,3.223125,241.546568
SPHINCS+-SHA2-128f-simple_run19,active,75.000015,5.39875,0.596298,3.219264,241.587567
SPHINCS+-SHA2-128f-simple_run19,active,75.012755,5.4,0.596656,3.22194,241.628616
SPHINCS+-SHA2-128f-simple_run19,active,75.025509,5.39375,0.597371,3.222069,241.669711
SPHINCS+-SHA2-128f-simple_run19,active,75.038285,5.39375,0.596298,3.216282,241.710802
SPHINCS+-SHA2-128f-simple_run19,active,75.051037,5.39375,0.597013,3.22014,241.751866
SPHINCS+-SHA2-128f-simple_run19,active,75.063789,5.39125,0.599159,3.230215,241.793055
SPHINCS+-SHA2-128f-simple_run19,active,75.076533,5.39875,0.596119,3.218299,241.834071
SPHINCS+-SHA2-128f-simple_run19,active,75.08927,5.3975,0.596119,3.217553,241.875054
SPHINCS+-SHA2-128f-simple_run19,active,75.102023,5.395,0.596119,3.216063,241.916068
SPHINCS+-SHA2-128f-simple_run19,active,75.114796,5.395,0.594868,3.209311,241.957058
SPHINCS+-SHA2-128f-simple_run19,active,75.127532,5.3975,0.598801,3.232029,241.998222
SPHINCS+-SHA2-128f-simple_run19,active,75.140269,5.39875,0.596656,3.221194,242.039251
SPHINCS+-SHA2-128f-simple_run19,active,75.153003,5.39875,0.605059,3.266563,242.080848
SPHINCS+-SHA2-128f-simple_run19,active,75.165742,5.395,0.59898,3.231497,242.122014
SPHINCS+-SHA2-128f-simple_run19,active,75.178481,5.3975,0.597192,3.223344,242.163075
SPHINCS+-SHA2-128f-simple_run19,active,75.191215,5.395,0.596834,3.219922,242.204078
SPHINCS+-SHA2-128f-simple_run19,active,75.203949,5.39625,0.597371,3.223562,242.245126
SPHINCS+-SHA2-128f-simple_run19,active,75.216686,5.3975,0.596477,3.219484,242.286132
SPHINCS+-SHA2-128f-simple_run19,active,75.229428,5.395,0.596477,3.217992,242.327136
SPHINCS+-SHA2-128f-simple_run19,active,75.242177,5.395,0.596477,3.217992,242.368162
SPHINCS+-SHA2-128f-simple_run19,active,75.254915,5.3925,0.593258,3.199146,242.408913
SPHINCS+-SHA2-128f-simple_run19,active,75.26766,5.39625,0.59594,3.215843,242.449898
SPHINCS+-SHA2-128f-simple_run19,idle_post,75.280511,5.38875,0.442172,2.382757,242.449933
SPHINCS+-SHA2-128f-simple_run19,idle_post,75.29327,5.39625,0.440206,2.375459,242.480243
SPHINCS+-SHA2-128f-simple_run19,idle_post,75.306004,5.38875,0.438418,2.362523,242.510327
SPHINCS+-SHA2-128f-simple_run19,idle_post,75.321774,5.39875,0.438239,2.365942,242.547638
SPHINCS+-SHA2-128f-simple_run19,idle_post,75.334531,5.4025,0.440027,2.377245,242.577963
SPHINCS+-SHA2-128f-simple_run19,idle_post,75.34727,5.3975,0.440206,2.37601,242.608231
SPHINCS+-SHA2-128f-simple_run19,idle_post,75.360001,5.375,0.440921,2.369949,242.638405
SPHINCS+-SHA2-128f-simple_run19,idle_post,75.372742,5.4,0.440027,2.376145,242.668678
SPHINCS+-SHA2-128f-simple_run19,idle_post,75.385497,5.38875,0.442709,2.385647,242.699107
SPHINCS+-SHA2-128f-simple_run19,idle_post,75.397928,5.39,0.440921,2.376563,242.72865
SPHINCS+-SHA2-128f-simple_run19,idle_post,75.410354,5.3875,0.440563,2.373534,242.758144
SPHINCS+-SHA2-128f-simple_run19,idle_post,75.422779,5.38625,0.4411,2.375873,242.787665
SPHINCS+-SHA2-128f-simple_run19,idle_post,75.435206,5.3875,0.440384,2.372571,242.817148
SPHINCS+-SHA2-128f-simple_run19,idle_post,75.44763,5.38625,0.440384,2.37202,242.846619
SPHINCS+-SHA2-128f-simple_run19,idle_post,75.460056,5.3875,0.440742,2.374498,242.876124
SPHINCS+-SHA2-128f-simple_run19,idle_post,75.472483,5.3825,0.440563,2.371331,242.905593
SPHINCS+-SHA2-128f-simple_run19,idle_post,75.484924,5.39625,0.442172,2.386073,242.935278
SPHINCS+-SHA2-128f-simple_run19,idle_post,75.497655,5.39625,0.440384,2.376424,242.965531
SPHINCS+-SHA2-128f-simple_run19,idle_post,75.510385,5.395,0.439669,2.372015,242.995728
SPHINCS+-SHA2-128f-simple_run19,idle_post,75.523123,5.39625,0.440563,2.377389,243.026011
SPHINCS+-SHA2-128f-simple_run19,idle_post,75.535882,5.39625,0.440384,2.376424,243.05633
SPHINCS+-SHA2-128f-simple_run19,idle_post,75.54862,5.395,0.440384,2.375874,243.086594
SPHINCS+-SHA2-128f-simple_run19,idle_post,75.561349,5.395,0.440206,2.374909,243.116825
SPHINCS+-SHA2-128f-simple_run19,idle_post,75.574085,5.39875,0.439133,2.370768,243.14702
SPHINCS+-SHA2-128f-simple_run19,idle_post,75.58682,5.3975,0.440027,2.375045,243.177266
SPHINCS+-SHA2-128f-simple_run19,idle_post,75.599551,5.39625,0.43949,2.3716,243.207459
SPHINCS+-SHA2-128f-simple_run19,idle_post,75.612282,5.3975,0.440384,2.376975,243.23772
SPHINCS+-SHA2-128f-simple_run19,idle_post,75.625017,5.395,0.441457,2.381662,243.26805
SPHINCS+-SHA2-128f-simple_run19,idle_post,75.637747,5.39625,0.440206,2.375459,243.298289
SPHINCS+-SHA2-128f-simple_run19,idle_post,75.650477,5.39625,0.440206,2.375459,243.32853
SPHINCS+-SHA2-128f-simple_run19,idle_post,75.663207,5.395,0.438775,2.367192,243.358664
SPHINCS+-SHA2-128f-simple_run19,idle_post,75.675944,5.3975,0.440384,2.376975,243.388938
SPHINCS+-SHA2-128f-simple_run19,idle_post,75.688681,5.39625,0.440027,2.374495,243.419182
SPHINCS+-SHA2-128f-simple_run19,idle_post,75.70141,5.395,0.450218,2.428928,243.450102
SPHINCS+-SHA2-128f-simple_run19,idle_post,75.71415,5.395,0.4411,2.379732,243.480418
SPHINCS+-SHA2-128f-simple_run19,idle_post,75.726885,5.3975,0.440027,2.375045,243.510666
SPHINCS+-SHA2-128f-simple_run19,idle_post,75.739621,5.39625,0.440384,2.376424,243.54093
SPHINCS+-SHA2-128f-simple_run19,idle_post,75.752355,5.39625,0.436451,2.355198,243.570922
SPHINCS+-SHA2-128f-simple_run19,idle_post,75.765085,5.39625,0.440206,2.375459,243.601162
SPHINCS+-SHA2-128f-simple_run19,idle_post,75.777826,5.3975,0.440027,2.375045,243.631422
SPHINCS+-SHA2-128f-simple_run19,idle_post,75.790562,5.39625,0.440027,2.374495,243.661663
SPHINCS+-SHA2-128f-simple_run19,idle_post,75.803291,5.3975,0.444497,2.399171,243.692203
SPHINCS+-SHA2-128f-simple_run19,idle_post,75.81602,5.3975,0.440027,2.375045,243.722434
SPHINCS+-SHA2-128f-simple_run19,idle_post,75.828752,5.3975,0.440384,2.376975,243.752698
SPHINCS+-SHA2-128f-simple_run19,idle_post,75.841481,5.38,0.436451,2.348105,243.782587
SPHINCS+-SHA2-128f-simple_run19,idle_post,75.854211,5.3975,0.440027,2.375045,243.812822
SPHINCS+-SHA2-128f-simple_run19,idle_post,75.86694,5.3975,0.440206,2.37601,243.843066
SPHINCS+-SHA2-128f-simple_run19,idle_post,75.879675,5.3975,0.440027,2.375045,243.873312
SPHINCS+-SHA2-128f-simple_run19,idle_post,75.892408,5.39625,0.440384,2.376424,243.90357
SPHINCS+-SHA2-128f-simple_run19,idle_post,75.905141,5.3975,0.440027,2.375045,243.933812
