run_id,phase,time_s,voltage_v,current_a,power_w,energy_j
FrodoKEM-640-AES_run02,active,0.000498,5.395,0.572339,3.087768,3.6e-05
FrodoKEM-640-AES_run02,active,0.013361,5.39875,0.578597,3.123699,0.040214
FrodoKEM-640-AES_run02,active,0.026124,5.3975,0.583246,3.148068,0.080395
FrodoKEM-640-AES_run02,active,0.038877,5.39625,0.58253,3.14348,0.120484
FrodoKEM-640-AES_run02,active,0.05163,5.39625,0.575915,3.10778,0.160118
FrodoKEM-640-AES_run02,active,0.064389,5.39625,0.574663,3.101026,0.199684
FrodoKEM-640-AES_run02,active,0.07714,5.395,0.582888,3.144681,0.239779
FrodoKEM-640-AES_run02,active,0.089887,5.39625,0.582173,3.14155,0.279825
FrodoKEM-640-AES_run02,active,0.102656,5.38875,0.574663,3.096716,0.319368
FrodoKEM-640-AES_run02,active,0.115411,5.39625,0.583067,3.146374,0.3595
FrodoKEM-640-AES_run02,active,0.128158,5.39625,0.584676,3.155058,0.399717
FrodoKEM-640-AES_run02,active,0.140903,5.3975,0.583067,3.147103,0.439827
FrodoKEM-640-AES_run02,active,0.153649,5.395,0.574663,3.100308,0.479345
FrodoKEM-640-AES_run02,active,0.166397,5.3975,0.583424,3.149033,0.519487
FrodoKEM-640-AES_run02,active,0.17915,5.395,0.58253,3.142752,0.559568
FrodoKEM-640-AES_run02,active,0.191913,5.39875,0.5752,3.105359,0.599199
FrodoKEM-640-AES_run02,active,0.204669,5.3975,0.574842,3.10271,0.638779
FrodoKEM-640-AES_run02,active,0.217422,5.39625,0.582888,3.145409,0.678892
FrodoKEM-640-AES_run02,active,0.230167,5.3975,0.582888,3.146138,0.718989
FrodoKEM-640-AES_run02,active,0.242915,5.39875,0.575557,3.107289,0.758602
FrodoKEM-640-AES_run02,active,0.255664,5.39625,0.583424,3.148304,0.798739
FrodoKEM-640-AES_run02,active,0.268456,5.39625,0.584318,3.153128,0.839074
FrodoKEM-640-AES_run02,active,0.281204,5.39375,0.583067,3.144917,0.879165
FrodoKEM-640-AES_run02,active,0.29395,5.395,0.574484,3.099343,0.91867
FrodoKEM-640-AES_run02,active,0.306707,5.395,0.583961,3.150469,0.958859
FrodoKEM-640-AES_run02,active,0.319463,5.3925,0.583424,3.146116,0.998991
FrodoKEM-640-AES_run02,active,0.332209,5.3975,0.572339,3.089199,1.038368
FrodoKEM-640-AES_run02,active,0.344955,5.3975,0.574842,3.10271,1.077914
FrodoKEM-640-AES_run02,active,0.357726,5.395,0.583067,3.145645,1.118086
FrodoKEM-640-AES_run02,active,0.370472,5.4,0.581815,3.141802,1.158131
FrodoKEM-640-AES_run02,active,0.383219,5.3975,0.573769,3.096919,1.19761
FrodoKEM-640-AES_run02,active,0.395968,5.39625,0.58253,3.14348,1.237685
FrodoKEM-640-AES_run02,active,0.409027,5.3925,0.583067,3.144188,1.278746
FrodoKEM-640-AES_run02,active,0.421824,5.39875,0.581636,3.14011,1.318929
FrodoKEM-640-AES_run02,active,0.434579,5.39875,0.572696,3.091845,1.358365
FrodoKEM-640-AES_run02,active,0.44733,5.3975,0.582709,3.145173,1.39847
FrodoKEM-640-AES_run02,active,0.460078,5.3975,0.583246,3.148068,1.438602
FrodoKEM-640-AES_run02,active,0.472822,5.3975,0.574306,3.099814,1.478105
FrodoKEM-640-AES_run02,active,0.485568,5.39625,0.574127,3.098132,1.517594
FrodoKEM-640-AES_run02,active,0.498314,5.39625,0.583067,3.146374,1.557698
FrodoKEM-640-AES_run02,active,0.511081,5.39875,0.583067,3.147832,1.597886
FrodoKEM-640-AES_run02,active,0.523835,5.4,0.575378,3.107043,1.637514
FrodoKEM-640-AES_run02,active,0.536603,5.39625,0.583067,3.146374,1.677686
FrodoKEM-640-AES_run02,active,0.54935,5.39625,0.584676,3.155058,1.717903
FrodoKEM-640-AES_run02,active,0.562102,5.395,0.583246,3.14661,1.75803
FrodoKEM-640-AES_run02,active,0.57485,5.395,0.575378,3.104166,1.7976
FrodoKEM-640-AES_run02,active,0.587598,5.39625,0.585749,3.160847,1.837896
FrodoKEM-640-AES_run02,active,0.600347,5.395,0.58253,3.142752,1.877962
FrodoKEM-640-AES_run02,active,0.613099,5.38875,0.580564,3.128512,1.917859
FrodoKEM-640-AES_run02,active,0.625851,5.3975,0.575557,3.10657,1.957471
FrodoKEM-640-AES_run02,active,0.638595,5.39625,0.583067,3.146374,1.99757
FrodoKEM-640-AES_run02,active,0.651341,5.3975,0.583246,3.148068,2.037694
FrodoKEM-640-AES_run02,active,0.664087,5.395,0.574842,3.101273,2.077223
FrodoKEM-640-AES_run02,active,0.676832,5.39625,0.583067,3.146374,2.117324
FrodoKEM-640-AES_run02,active,0.689577,5.3975,0.582888,3.146138,2.157422
FrodoKEM-640-AES_run02,active,0.702322,5.39875,0.579848,3.130457,2.197318
FrodoKEM-640-AES_run02,active,0.715105,5.3975,0.574127,3.098849,2.236932
FrodoKEM-640-AES_run02,active,0.727859,5.39625,0.583424,3.148304,2.277087
FrodoKEM-640-AES_run02,active,0.740604,5.39625,0.582709,3.144445,2.317161
FrodoKEM-640-AES_run02,active,0.75335,5.39375,0.583246,3.145881,2.35726
FrodoKEM-640-AES_run02,active,0.766095,5.39625,0.574663,3.101026,2.396783
FrodoKEM-640-AES_run02,active,0.77884,5.39875,0.583424,3.149762,2.436926
FrodoKEM-640-AES_run02,active,0.791587,5.39125,0.584497,3.151171,2.477092
FrodoKEM-640-AES_run02,active,0.804332,5.39625,0.576094,3.108745,2.516715
FrodoKEM-640-AES_run02,active,0.817086,5.39625,0.583603,3.149269,2.556879
FrodoKEM-640-AES_run02,active,0.829835,5.3975,0.583246,3.148068,2.597014
FrodoKEM-640-AES_run02,active,0.84258,5.40125,0.588431,3.178262,2.637522
FrodoKEM-640-AES_run02,active,0.855328,5.39625,0.574484,3.100061,2.677042
FrodoKEM-640-AES_run02,active,0.868073,5.3975,0.583961,3.151928,2.717212
FrodoKEM-640-AES_run02,active,0.880815,5.39625,0.581636,3.138655,2.757205
FrodoKEM-640-AES_run02,active,0.89356,5.39875,0.583961,3.152658,2.797385
FrodoKEM-640-AES_run02,active,0.906304,5.3975,0.575557,3.10657,2.836976
FrodoKEM-640-AES_run02,active,0.919056,5.3975,0.583961,3.151928,2.87717
FrodoKEM-640-AES_run02,active,0.931808,5.395,0.580742,3.133105,2.917122
FrodoKEM-640-AES_run02,active,0.944552,5.39625,0.574663,3.101026,2.956642
FrodoKEM-640-AES_run02,active,0.957297,5.39625,0.58414,3.152163,2.996817
FrodoKEM-640-AES_run02,active,0.970042,5.3975,0.582709,3.145173,3.036903
FrodoKEM-640-AES_run02,active,0.982789,5.39625,0.583067,3.146374,3.07701
FrodoKEM-640-AES_run02,active,0.995537,5.39625,0.5752,3.103921,3.116576
FrodoKEM-640-AES_run02,active,1.008282,5.39625,0.585391,3.158917,3.156839
FrodoKEM-640-AES_run02,active,1.021032,5.395,0.583067,3.145645,3.196944
FrodoKEM-640-AES_run02,active,1.033779,5.39625,0.582888,3.145409,3.23704
FrodoKEM-640-AES_run02,active,1.046527,5.39625,0.575378,3.104886,3.276619
FrodoKEM-640-AES_run02,active,1.059274,5.3975,0.583067,3.147103,3.316738
FrodoKEM-640-AES_run02,active,1.072021,5.37875,0.584855,3.145788,3.356836
FrodoKEM-640-AES_run02,active,1.084781,5.3975,0.5752,3.10464,3.39645
FrodoKEM-640-AES_run02,active,1.097527,5.39625,0.574842,3.101991,3.43599
FrodoKEM-640-AES_run02,active,1.110274,5.4,0.584318,3.155319,3.476211
FrodoKEM-640-AES_run02,active,1.123027,5.39875,0.581815,3.141075,3.516267
FrodoKEM-640-AES_run02,active,1.135777,5.39625,0.573412,3.094272,3.555722
FrodoKEM-640-AES_run02,active,1.148522,5.39625,0.583067,3.146374,3.595822
FrodoKEM-640-AES_run02,active,1.161266,5.39625,0.58253,3.14348,3.635882
FrodoKEM-640-AES_run02,active,1.174014,5.3975,0.581636,3.139382,3.675903
FrodoKEM-640-AES_run02,active,1.186778,5.395,0.575557,3.105131,3.715537
FrodoKEM-640-AES_run02,active,1.199526,5.3975,0.583067,3.147103,3.755657
FrodoKEM-640-AES_run02,active,1.212272,5.39375,0.579848,3.127557,3.79552
FrodoKEM-640-AES_run02,active,1.225022,5.3975,0.574484,3.10078,3.835054
FrodoKEM-640-AES_run02,active,1.23777,5.39625,0.578239,3.120323,3.874831
FrodoKEM-640-AES_run02,active,1.250514,5.39625,0.583424,3.148304,3.914954
FrodoKEM-640-AES_run02,active,1.26326,5.39625,0.586285,3.163742,3.955278
FrodoKEM-640-AES_run02,active,1.2785,5.395,0.574663,3.100308,4.002527
FrodoKEM-640-AES_run02,active,1.291258,5.39875,0.583603,3.150728,4.042726
FrodoKEM-640-AES_run02,active,1.304003,5.3975,0.583603,3.149998,4.082872
FrodoKEM-640-AES_run02,active,1.316746,5.395,0.584676,3.154327,4.123067
FrodoKEM-640-AES_run02,active,1.329497,5.39875,0.574127,3.099567,4.162588
FrodoKEM-640-AES_run02,active,1.342246,5.39,0.582173,3.137911,4.202596
FrodoKEM-640-AES_run02,active,1.35499,5.3975,0.583424,3.149033,4.242725
FrodoKEM-640-AES_run02,active,1.367735,5.39625,0.577345,3.115499,4.282434
FrodoKEM-640-AES_run02,active,1.380477,5.39625,0.583961,3.151198,4.322585
FrodoKEM-640-AES_run02,active,1.393221,5.39125,0.582709,3.141531,4.362622
FrodoKEM-640-AES_run02,active,1.405965,5.3975,0.583067,3.147103,4.402727
FrodoKEM-640-AES_run02,active,1.418708,5.39625,0.574484,3.100061,4.442231
FrodoKEM-640-AES_run02,active,1.431462,5.39625,0.58253,3.14348,4.482322
FrodoKEM-640-AES_run02,active,1.444209,5.39625,0.583067,3.146374,4.52243
FrodoKEM-640-AES_run02,active,1.456951,5.39625,0.583067,3.146374,4.562522
FrodoKEM-640-AES_run02,active,1.469732,5.395,0.5752,3.103202,4.602185
FrodoKEM-640-AES_run02,active,1.482477,5.395,0.584497,3.153362,4.642373
FrodoKEM-640-AES_run02,active,1.495224,5.39625,0.582709,3.144445,4.682456
FrodoKEM-640-AES_run02,active,1.507967,5.3975,0.575557,3.10657,4.722043
FrodoKEM-640-AES_run02,active,1.520709,5.39875,0.573769,3.097636,4.761514
FrodoKEM-640-AES_run02,active,1.533458,5.39625,0.582173,3.14155,4.801564
FrodoKEM-640-AES_run02,active,1.546205,5.395,0.583424,3.147575,4.841686
FrodoKEM-640-AES_run02,active,1.558949,5.3975,0.574663,3.101745,4.881217
FrodoKEM-640-AES_run02,active,1.571696,5.39875,0.581994,3.14204,4.921267
FrodoKEM-640-AES_run02,active,1.58444,5.3975,0.583067,3.147103,4.961374
FrodoKEM-640-AES_run02,active,1.597186,5.3975,0.582888,3.146138,5.001476
FrodoKEM-640-AES_run02,active,1.609929,5.39625,0.575736,3.106815,5.041063
FrodoKEM-640-AES_run02,active,1.622668,5.39625,0.582709,3.144445,5.081122
FrodoKEM-640-AES_run02,active,1.635425,5.39625,0.581279,3.136726,5.121137
FrodoKEM-640-AES_run02,active,1.648172,5.395,0.573054,3.091626,5.160547
FrodoKEM-640-AES_run02,active,1.660913,5.3975,0.573769,3.096919,5.200004
FrodoKEM-640-AES_run02,active,1.673656,5.39875,0.580742,3.135283,5.239957
FrodoKEM-640-AES_run02,active,1.686399,5.39625,0.584318,3.153128,5.280138
FrodoKEM-640-AES_run02,active,1.699146,5.39625,0.574484,3.100061,5.319652
FrodoKEM-640-AES_run02,active,1.711888,5.39875,0.583603,3.150728,5.359801
FrodoKEM-640-AES_run02,active,1.724629,5.39625,0.583782,3.150234,5.399936
FrodoKEM-640-AES_run02,active,1.737379,5.395,0.58253,3.142752,5.440005
FrodoKEM-640-AES_run02,active,1.750125,5.3975,0.5752,3.10464,5.479577
FrodoKEM-640-AES_run02,active,1.762867,5.38875,0.583424,3.143928,5.519638
FrodoKEM-640-AES_run02,active,1.775611,5.39875,0.58253,3.144936,5.559718
FrodoKEM-640-AES_run02,active,1.788354,5.3975,0.579491,3.127802,5.599576
FrodoKEM-640-AES_run02,active,1.801096,5.3975,0.574842,3.10271,5.639109
FrodoKEM-640-AES_run02,active,1.813839,5.39625,0.583067,3.146374,5.679204
FrodoKEM-640-AES_run02,active,1.826581,5.39875,0.583961,3.152658,5.719376
FrodoKEM-640-AES_run02,active,1.839332,5.3975,0.575378,3.105605,5.758975
FrodoKEM-640-AES_run02,active,1.852079,5.3975,0.584497,3.154824,5.799189
FrodoKEM-640-AES_run02,active,1.864819,5.3975,0.584318,3.153859,5.839371
FrodoKEM-640-AES_run02,active,1.877562,5.39625,0.583246,3.147339,5.879477
FrodoKEM-640-AES_run02,active,1.890307,5.39875,0.574842,3.103428,5.919029
FrodoKEM-640-AES_run02,active,1.903051,5.39875,0.583424,3.149762,5.95917
FrodoKEM-640-AES_run02,active,1.915798,5.39625,0.58253,3.14348,5.999239
FrodoKEM-640-AES_run02,active,1.928539,5.3975,0.575021,3.103675,6.038784
FrodoKEM-640-AES_run02,active,1.94129,5.39625,0.573233,3.093307,6.078226
FrodoKEM-640-AES_run02,active,1.954039,5.395,0.583067,3.145645,6.118329
FrodoKEM-640-AES_run02,active,1.966783,5.39375,0.583424,3.146845,6.158434
FrodoKEM-640-AES_run02,active,1.979529,5.39625,0.574663,3.101026,6.19796
FrodoKEM-640-AES_run02,active,1.992273,5.39375,0.581279,3.135273,6.237915
FrodoKEM-640-AES_run02,active,2.005015,5.38875,0.582352,3.138147,6.277902
FrodoKEM-640-AES_run02,active,2.017758,5.39625,0.58253,3.14348,6.31796
FrodoKEM-640-AES_run02,active,2.030501,5.395,0.575021,3.102237,6.357491
FrodoKEM-640-AES_run02,active,2.043253,5.395,0.583067,3.145645,6.397605
FrodoKEM-640-AES_run02,active,2.056,5.39625,0.583424,3.148304,6.437735
FrodoKEM-640-AES_run02,active,2.068741,5.3975,0.583603,3.149998,6.477871
FrodoKEM-640-AES_run02,active,2.081484,5.39625,0.574127,3.098132,6.51735
FrodoKEM-640-AES_run02,active,2.094228,5.39625,0.583424,3.148304,6.55747
FrodoKEM-640-AES_run02,active,2.106971,5.3975,0.584497,3.154824,6.597673
FrodoKEM-640-AES_run02,active,2.119717,5.395,0.575021,3.102237,6.637214
FrodoKEM-640-AES_run02,active,2.132459,5.39125,0.589325,3.177197,6.677697
FrodoKEM-640-AES_run02,active,2.145208,5.39625,0.58253,3.14348,6.717773
FrodoKEM-640-AES_run02,active,2.157953,5.3975,0.582888,3.146138,6.757871
FrodoKEM-640-AES_run02,active,2.170696,5.39625,0.574484,3.100061,6.797377
FrodoKEM-640-AES_run02,active,2.18345,5.39625,0.583424,3.148304,6.83753
FrodoKEM-640-AES_run02,active,2.196195,5.39625,0.582709,3.144445,6.877606
FrodoKEM-640-AES_run02,active,2.208937,5.39625,0.583246,3.147339,6.917709
FrodoKEM-640-AES_run02,active,2.22168,5.3925,0.574127,3.095979,6.957161
FrodoKEM-640-AES_run02,active,2.234441,5.39375,0.583246,3.145881,6.997306
FrodoKEM-640-AES_run02,active,2.247298,5.39625,0.587,3.167601,7.03803
FrodoKEM-640-AES_run02,active,2.260097,5.39625,0.575915,3.10778,7.077809
FrodoKEM-640-AES_run02,active,2.272859,5.3975,0.584676,3.155789,7.118083
FrodoKEM-640-AES_run02,active,2.285611,5.3975,0.583782,3.150963,7.158262
FrodoKEM-640-AES_run02,active,2.298354,5.39625,0.583067,3.146374,7.198358
FrodoKEM-640-AES_run02,active,2.311141,5.39625,0.574127,3.098132,7.237974
FrodoKEM-640-AES_run02,active,2.323893,5.395,0.583603,3.148539,7.278122
FrodoKEM-640-AES_run02,active,2.336638,5.39625,0.582888,3.145409,7.31821
FrodoKEM-640-AES_run02,active,2.349395,5.39625,0.583067,3.146374,7.358351
FrodoKEM-640-AES_run02,active,2.362155,5.3975,0.575378,3.105605,7.397979
FrodoKEM-640-AES_run02,active,2.374903,5.39625,0.583961,3.151198,7.438147
FrodoKEM-640-AES_run02,active,2.387649,5.39625,0.584318,3.153128,7.478338
FrodoKEM-640-AES_run02,active,2.400424,5.3975,0.576451,3.111395,7.518085
FrodoKEM-640-AES_run02,active,2.413178,5.39625,0.577882,3.118394,7.55786
FrodoKEM-640-AES_run02,active,2.425924,5.3975,0.581279,3.137452,7.597848
FrodoKEM-640-AES_run02,active,2.438666,5.395,0.580027,3.129247,7.637723
FrodoKEM-640-AES_run02,active,2.451425,5.3975,0.570193,3.077618,7.676989
FrodoKEM-640-AES_run02,active,2.464177,5.39875,0.584318,3.154589,7.717215
FrodoKEM-640-AES_run02,active,2.476921,5.39625,0.584676,3.155058,7.757423
FrodoKEM-640-AES_run02,active,2.489666,5.39625,0.582709,3.144445,7.797501
FrodoKEM-640-AES_run02,active,2.502412,5.39375,0.569657,3.072586,7.836662
FrodoKEM-640-AES_run02,active,2.515159,5.3975,0.583603,3.149998,7.876817
FrodoKEM-640-AES_run02,active,2.527905,5.39625,0.583067,3.146374,7.916921
FrodoKEM-640-AES_run02,active,2.540648,5.39875,0.575736,3.108255,7.956528
FrodoKEM-640-AES_run02,active,2.556159,5.3975,0.587894,3.17316,8.005746
FrodoKEM-640-AES_run02,active,2.568933,5.3975,0.585749,3.161579,8.046132
FrodoKEM-640-AES_run02,active,2.581683,5.3975,0.583603,3.149998,8.086295
FrodoKEM-640-AES_run02,active,2.59443,5.39625,0.574306,3.099097,8.1258
FrodoKEM-640-AES_run02,active,2.607178,5.39625,0.58557,3.159882,8.166081
FrodoKEM-640-AES_run02,active,2.619927,5.3975,0.583603,3.149998,8.20624
FrodoKEM-640-AES_run02,active,2.632671,5.39875,0.580742,3.135283,8.246198
FrodoKEM-640-AES_run02,active,2.645417,5.39875,0.575021,3.104394,8.285767
FrodoKEM-640-AES_run02,active,2.658171,5.39625,0.586106,3.162777,8.326103
FrodoKEM-640-AES_run02,active,2.670919,5.39625,0.582709,3.144445,8.366191
FrodoKEM-640-AES_run02,active,2.683665,5.39625,0.574842,3.101991,8.405728
FrodoKEM-640-AES_run02,active,2.696447,5.395,0.582888,3.144681,8.445923
FrodoKEM-640-AES_run02,active,2.709193,5.39625,0.582888,3.145409,8.486014
FrodoKEM-640-AES_run02,active,2.721936,5.3975,0.589325,3.180881,8.526547
FrodoKEM-640-AES_run02,active,2.734681,5.39625,0.574663,3.101026,8.56607
FrodoKEM-640-AES_run02,active,2.747426,5.3975,0.614714,3.317921,8.608359
FrodoKEM-640-AES_run02,active,2.760178,5.39625,0.582709,3.144445,8.648456
FrodoKEM-640-AES_run02,active,2.772926,5.39625,0.582709,3.144445,8.688542
FrodoKEM-640-AES_run02,active,2.78567,5.39625,0.575021,3.102956,8.728085
FrodoKEM-640-AES_run02,active,2.798414,5.3975,0.583424,3.149033,8.768216
FrodoKEM-640-AES_run02,active,2.811161,5.3975,0.583424,3.149033,8.808357
FrodoKEM-640-AES_run02,active,2.823906,5.3975,0.575915,3.1085,8.847975
FrodoKEM-640-AES_run02,active,2.83665,5.39625,0.57967,3.128042,8.887838
FrodoKEM-640-AES_run02,active,2.849394,5.3975,0.583424,3.149033,8.92797
FrodoKEM-640-AES_run02,active,2.862145,5.39625,0.584855,3.156023,8.968212
FrodoKEM-640-AES_run02,active,2.874892,5.39625,0.575021,3.102956,9.007767
FrodoKEM-640-AES_run02,active,2.887638,5.39625,0.584855,3.156023,9.047994
FrodoKEM-640-AES_run02,active,2.900418,5.39625,0.582709,3.144445,9.08818
FrodoKEM-640-AES_run02,active,2.913164,5.39,0.584318,3.149476,9.128322
FrodoKEM-640-AES_run02,active,2.925908,5.39625,0.574663,3.101026,9.167841
FrodoKEM-640-AES_run02,active,2.938651,5.39625,0.584318,3.153128,9.20802
FrodoKEM-640-AES_run02,active,2.951394,5.40375,0.587,3.172003,9.248443
FrodoKEM-640-AES_run02,active,2.964145,5.3975,0.575021,3.103675,9.288017
FrodoKEM-640-AES_run02,active,2.976894,5.395,0.584318,3.152398,9.328207
FrodoKEM-640-AES_run02,active,2.989638,5.39875,0.583424,3.149762,9.368347
FrodoKEM-640-AES_run02,active,3.002382,5.4,0.581458,3.139871,9.408363
FrodoKEM-640-AES_run02,active,3.01513,5.39625,0.575021,3.102956,9.447917
FrodoKEM-640-AES_run02,active,3.027877,5.395,0.584497,3.153362,9.488114
FrodoKEM-640-AES_run02,active,3.04062,5.39625,0.583246,3.147339,9.528222
FrodoKEM-640-AES_run02,active,3.053364,5.39125,0.581994,3.137675,9.568207
FrodoKEM-640-AES_run02,active,3.066114,5.39625,0.576094,3.108745,9.607845
FrodoKEM-640-AES_run02,active,3.078862,5.3975,0.583603,3.149998,9.648002
FrodoKEM-640-AES_run02,active,3.09161,5.3975,0.583424,3.149033,9.688144
FrodoKEM-640-AES_run02,active,3.104355,5.395,0.575736,3.106096,9.72773
FrodoKEM-640-AES_run02,active,3.117099,5.39875,0.575021,3.104394,9.767293
FrodoKEM-640-AES_run02,active,3.129844,5.39625,0.583782,3.150234,9.807444
FrodoKEM-640-AES_run02,active,3.142588,5.39375,0.584318,3.151667,9.847607
FrodoKEM-640-AES_run02,active,3.155336,5.39625,0.574663,3.101026,9.88714
FrodoKEM-640-AES_run02,active,3.168088,5.39625,0.586285,3.163742,9.927485
FrodoKEM-640-AES_run02,active,3.180841,5.39625,0.583424,3.148304,9.967634
FrodoKEM-640-AES_run02,active,3.193597,5.39375,0.582709,3.142988,10.007728
FrodoKEM-640-AES_run02,active,3.206344,5.395,0.575557,3.105131,10.047309
FrodoKEM-640-AES_run02,active,3.219141,5.3975,0.583246,3.148068,10.087595
FrodoKEM-640-AES_run02,active,3.231894,5.39625,0.5811,3.135761,10.127584
FrodoKEM-640-AES_run02,active,3.244637,5.39625,0.575378,3.104886,10.167151
FrodoKEM-640-AES_run02,active,3.257382,5.39875,0.580921,3.136248,10.207122
FrodoKEM-640-AES_run02,active,3.270134,5.3975,0.583067,3.147103,10.247252
FrodoKEM-640-AES_run02,active,3.282882,5.39625,0.577345,3.115499,10.28697
FrodoKEM-640-AES_run02,active,3.295629,5.39625,0.574663,3.101026,10.326499
FrodoKEM-640-AES_run02,active,3.308373,5.39875,0.584318,3.154589,10.366701
FrodoKEM-640-AES_run02,active,3.321121,5.3975,0.583782,3.150963,10.406868
FrodoKEM-640-AES_run02,active,3.333866,5.39625,0.583067,3.146374,10.446968
FrodoKEM-640-AES_run02,active,3.346609,5.39625,0.574663,3.101026,10.486484
FrodoKEM-640-AES_run02,active,3.359355,5.39625,0.583961,3.151198,10.526652
FrodoKEM-640-AES_run02,active,3.372107,5.39625,0.583067,3.146374,10.566773
FrodoKEM-640-AES_run02,active,3.384855,5.39625,0.575557,3.105851,10.606366
FrodoKEM-640-AES_run02,active,3.3976,5.39625,0.576272,3.10971,10.645999
FrodoKEM-640-AES_run02,active,3.410343,5.39625,0.583961,3.151198,10.686157
FrodoKEM-640-AES_run02,active,3.42313,5.395,0.583424,3.147575,10.726403
FrodoKEM-640-AES_run02,active,3.435881,5.39875,0.574663,3.102463,10.765964
FrodoKEM-640-AES_run02,active,3.448627,5.3975,0.583961,3.151928,10.806136
FrodoKEM-640-AES_run02,active,3.461369,5.39625,0.583782,3.150234,10.846279
FrodoKEM-640-AES_run02,active,3.474122,5.40125,0.582888,3.148324,10.886429
FrodoKEM-640-AES_run02,active,3.486871,5.3975,0.576809,3.113325,10.926121
FrodoKEM-640-AES_run02,active,3.499617,5.3975,0.583961,3.151928,10.966296
FrodoKEM-640-AES_run02,active,3.51236,5.4025,0.584676,3.158712,11.006547
FrodoKEM-640-AES_run02,active,3.525102,5.39625,0.584497,3.154093,11.046736
FrodoKEM-640-AES_run02,active,3.537848,5.3975,0.575021,3.103675,11.086294
FrodoKEM-640-AES_run02,active,3.550591,5.395,0.583961,3.150469,11.126442
FrodoKEM-640-AES_run02,active,3.563338,5.39375,0.583424,3.146845,11.166553
FrodoKEM-640-AES_run02,active,3.576088,5.39625,0.576809,3.112604,11.206239
FrodoKEM-640-AES_run02,active,3.588835,5.3975,0.583246,3.148068,11.246369
FrodoKEM-640-AES_run02,active,3.601582,5.39625,0.585749,3.160847,11.28666
FrodoKEM-640-AES_run02,active,3.614326,5.395,0.581815,3.138893,11.326663
FrodoKEM-640-AES_run02,active,3.627105,5.395,0.702684,3.79098,11.375106
FrodoKEM-640-AES_run02,active,3.639855,5.39375,0.583961,3.149739,11.415265
FrodoKEM-640-AES_run02,active,3.652597,5.39625,0.587894,3.172425,11.45569
FrodoKEM-640-AES_run02,active,3.665343,5.39625,0.586106,3.162777,11.496002
FrodoKEM-640-AES_run02,active,3.678094,5.39875,0.575021,3.104394,11.535584
FrodoKEM-640-AES_run02,active,3.690843,5.3975,0.584497,3.154824,11.575806
FrodoKEM-640-AES_run02,active,3.70359,5.39625,0.582173,3.14155,11.615853
FrodoKEM-640-AES_run02,active,3.716335,5.3975,0.575021,3.103675,11.655409
FrodoKEM-640-AES_run02,active,3.729077,5.3825,0.584855,3.147981,11.69552
FrodoKEM-640-AES_run02,active,3.741824,5.3975,0.585034,3.157719,11.73577
FrodoKEM-640-AES_run02,active,3.754568,5.39625,0.583246,3.147339,11.77588
FrodoKEM-640-AES_run02,active,3.767313,5.39625,0.575378,3.104886,11.815452
FrodoKEM-640-AES_run02,active,3.780064,5.3975,0.583782,3.150963,11.855629
FrodoKEM-640-AES_run02,active,3.79281,5.3975,0.584676,3.155789,11.895853
FrodoKEM-640-AES_run02,active,3.805554,5.39625,0.583603,3.149269,11.935989
FrodoKEM-640-AES_run02,active,3.818299,5.3975,0.575557,3.10657,11.975581
FrodoKEM-640-AES_run02,active,3.833707,5.3825,0.585034,3.148943,12.024101
FrodoKEM-640-AES_run02,active,3.846472,5.39625,0.583603,3.149269,12.064302
FrodoKEM-640-AES_run02,active,3.859222,5.3975,0.575915,3.1085,12.103935
FrodoKEM-640-AES_run02,active,3.871967,5.395,0.581636,3.137928,12.143928
FrodoKEM-640-AES_run02,active,3.884718,5.3975,0.587894,3.17316,12.184387
FrodoKEM-640-AES_run02,active,3.897469,5.39625,0.583961,3.151198,12.224568
FrodoKEM-640-AES_run02,active,3.910212,5.39625,0.574484,3.100061,12.264072
FrodoKEM-640-AES_run02,active,3.922955,5.39375,0.586643,3.164205,12.304393
FrodoKEM-640-AES_run02,active,3.9357,5.3925,0.583067,3.144188,12.344467
FrodoKEM-640-AES_run02,active,3.948447,5.395,0.575021,3.102237,12.38401
FrodoKEM-640-AES_run02,active,3.96119,5.3975,0.575736,3.107535,12.42361
FrodoKEM-640-AES_run02,active,3.973931,5.39625,0.589325,3.180144,12.464128
FrodoKEM-640-AES_run02,active,3.986681,5.39625,0.58861,3.176285,12.504625
FrodoKEM-640-AES_run02,active,3.999429,5.39625,0.575557,3.105851,12.544221
FrodoKEM-640-AES_run02,active,4.012172,5.39625,0.580921,3.134796,12.584166
FrodoKEM-640-AES_run02,active,4.024912,5.39625,0.583067,3.146374,12.624252
FrodoKEM-640-AES_run02,active,4.037655,5.395,0.583424,3.147575,12.664361
FrodoKEM-640-AES_run02,active,4.0504,5.3975,0.575378,3.105605,12.703942
FrodoKEM-640-AES_run02,active,4.063145,5.395,0.583067,3.145645,12.744033
FrodoKEM-640-AES_run02,active,4.07589,5.395,0.583067,3.145645,12.784123
FrodoKEM-640-AES_run02,active,4.088638,5.39625,0.589504,3.181109,12.824677
FrodoKEM-640-AES_run02,active,4.101385,5.395,0.575557,3.105131,12.864258
FrodoKEM-640-AES_run02,active,4.114128,5.40125,0.583782,3.153153,12.904438
FrodoKEM-640-AES_run02,active,4.126871,5.3975,0.586643,3.166405,12.944789
FrodoKEM-640-AES_run02,active,4.139616,5.395,0.575378,3.104166,12.984352
FrodoKEM-640-AES_run02,active,4.152361,5.39375,0.584318,3.151667,13.024521
FrodoKEM-640-AES_run02,active,4.165105,5.3975,0.585212,3.158684,13.064774
FrodoKEM-640-AES_run02,active,4.17785,5.39875,0.583067,3.147832,13.104893
FrodoKEM-640-AES_run02,active,4.190607,5.3975,0.579491,3.127802,13.144793
FrodoKEM-640-AES_run02,active,4.203358,5.39,0.584318,3.149476,13.184954
FrodoKEM-640-AES_run02,active,4.216103,5.3975,0.582709,3.145173,13.225039
FrodoKEM-640-AES_run02,active,4.228846,5.395,0.58414,3.151433,13.265198
FrodoKEM-640-AES_run02,active,4.241591,5.395,0.575378,3.104166,13.304758
FrodoKEM-640-AES_run02,active,4.254337,5.39625,0.584855,3.156023,13.344986
FrodoKEM-640-AES_run02,active,4.267126,5.39625,0.585749,3.160847,13.38541
FrodoKEM-640-AES_run02,active,4.279876,5.3975,0.575378,3.105605,13.425006
FrodoKEM-640-AES_run02,active,4.292625,5.39625,0.589325,3.180144,13.465551
FrodoKEM-640-AES_run02,active,4.305373,5.395,0.583603,3.148539,13.505688
FrodoKEM-640-AES_run02,active,4.318116,5.395,0.583424,3.147575,13.545797
FrodoKEM-640-AES_run02,active,4.33086,5.39625,0.5752,3.103921,13.585355
FrodoKEM-640-AES_run02,active,4.343607,5.385,0.577703,3.11093,13.625008
FrodoKEM-640-AES_run02,active,4.356353,5.39625,0.588073,3.17339,13.665457
FrodoKEM-640-AES_run02,active,4.369095,5.3975,0.582709,3.145173,13.705532
FrodoKEM-640-AES_run02,active,4.381839,5.39625,0.575021,3.102956,13.745075
FrodoKEM-640-AES_run02,active,4.394588,5.39625,0.587537,3.170495,13.785499
FrodoKEM-640-AES_run02,active,4.407338,5.3925,0.583603,3.14708,13.825622
FrodoKEM-640-AES_run02,active,4.420082,5.39875,0.576094,3.110185,13.86526
FrodoKEM-640-AES_run02,active,4.432826,5.39625,0.587894,3.172425,13.905687
FrodoKEM-640-AES_run02,active,4.445569,5.385,0.583961,3.144629,13.945759
FrodoKEM-640-AES_run02,active,4.458311,5.39625,0.583603,3.149269,13.98589
FrodoKEM-640-AES_run02,active,4.471056,5.39625,0.574663,3.101026,14.025412
FrodoKEM-640-AES_run02,active,4.483804,5.395,0.581994,3.139858,14.065437
FrodoKEM-640-AES_run02,active,4.496556,5.395,0.589325,3.179407,14.105982
FrodoKEM-640-AES_run02,active,4.509306,5.3975,0.583424,3.149033,14.146132
FrodoKEM-640-AES_run02,active,4.522049,5.3975,0.576094,3.109465,14.185755
FrodoKEM-640-AES_run02,active,4.534793,5.3975,0.583424,3.149033,14.225886
FrodoKEM-640-AES_run02,active,4.547539,5.38375,0.583603,3.141974,14.265936
FrodoKEM-640-AES_run02,active,4.56028,5.3975,0.575557,3.10657,14.305514
FrodoKEM-640-AES_run02,active,4.573027,5.39,0.575378,3.10129,14.345048
FrodoKEM-640-AES_run02,active,4.58577,5.395,0.583961,3.150469,14.385194
FrodoKEM-640-AES_run02,active,4.598522,5.39875,0.588431,3.176791,14.425703
FrodoKEM-640-AES_run02,active,4.611271,5.395,0.575021,3.102237,14.465255
FrodoKEM-640-AES_run02,active,4.624018,5.3925,0.583961,3.149009,14.505394
FrodoKEM-640-AES_run02,active,4.636759,5.39625,0.583424,3.148304,14.545508
FrodoKEM-640-AES_run02,active,4.649503,5.38375,0.583246,3.140048,14.585524
FrodoKEM-640-AES_run02,active,4.662246,5.39375,0.575378,3.103447,14.625072
FrodoKEM-640-AES_run02,active,4.674989,5.39625,0.583603,3.149269,14.665202
FrodoKEM-640-AES_run02,active,4.687734,5.395,0.586106,3.162044,14.705504
FrodoKEM-640-AES_run02,active,4.700483,5.39625,0.580206,3.130937,14.745421
FrodoKEM-640-AES_run02,active,4.713232,5.39625,0.575915,3.10778,14.785041
FrodoKEM-640-AES_run02,active,4.725976,5.3975,0.585391,3.159649,14.825306
FrodoKEM-640-AES_run02,active,4.73872,5.3975,0.583603,3.149998,14.865451
FrodoKEM-640-AES_run02,active,4.751467,5.3825,0.574663,3.093125,14.904878
FrodoKEM-640-AES_run02,active,4.764218,5.395,0.583603,3.148539,14.945026
FrodoKEM-640-AES_run02,active,4.776979,5.395,0.583961,3.150469,14.98523
FrodoKEM-640-AES_run02,active,4.789757,5.39625,0.582888,3.145409,15.025419
FrodoKEM-640-AES_run02,active,4.802511,5.3975,0.580027,3.130697,15.065349
FrodoKEM-640-AES_run02,active,4.815262,5.39625,0.584318,3.153128,15.105557
FrodoKEM-640-AES_run02,active,4.828007,5.39625,0.585212,3.157952,15.145803
FrodoKEM-640-AES_run02,active,4.840749,5.395,0.581279,3.135999,15.185764
FrodoKEM-640-AES_run02,active,4.853492,5.3825,0.570908,3.072914,15.224922
FrodoKEM-640-AES_run02,active,4.866234,5.39625,0.583961,3.151198,15.265073
FrodoKEM-640-AES_run02,active,4.878978,5.39625,0.583603,3.149269,15.305206
FrodoKEM-640-AES_run02,active,4.891723,5.3975,0.573948,3.097884,15.344691
FrodoKEM-640-AES_run02,active,4.904474,5.4025,0.581636,3.142291,15.384756
FrodoKEM-640-AES_run02,active,4.917221,5.3975,0.583603,3.149998,15.42491
FrodoKEM-640-AES_run02,active,4.929964,5.39625,0.583603,3.149269,15.465041
FrodoKEM-640-AES_run02,active,4.942708,5.3975,0.575557,3.10657,15.504632
FrodoKEM-640-AES_run02,active,4.955454,5.39625,0.584676,3.155058,15.544846
FrodoKEM-640-AES_run02,active,4.968198,5.3975,0.583603,3.149998,15.58499
FrodoKEM-640-AES_run02,active,4.980941,5.395,0.575557,3.105131,15.624558
FrodoKEM-640-AES_run02,active,4.993688,5.39625,0.574663,3.101026,15.664087
FrodoKEM-640-AES_run02,active,5.00644,5.395,0.585212,3.157221,15.704348
FrodoKEM-640-AES_run02,active,5.019191,5.39625,0.583782,3.150234,15.744518
FrodoKEM-640-AES_run02,active,5.031936,5.3975,0.575378,3.105605,15.784097
FrodoKEM-640-AES_run02,active,5.04468,5.39875,0.583603,3.150728,15.824251
FrodoKEM-640-AES_run02,active,5.057424,5.39625,0.58253,3.14348,15.864311
FrodoKEM-640-AES_run02,active,5.070167,5.39625,0.583603,3.149269,15.904443
FrodoKEM-640-AES_run02,active,5.082912,5.3975,0.575557,3.10657,15.944035
FrodoKEM-640-AES_run02,active,5.095659,5.39375,0.584497,3.152632,15.984221
FrodoKEM-640-AES_run02,active,5.111134,5.39625,0.583961,3.151198,16.032986
FrodoKEM-640-AES_run02,active,5.123904,5.3975,0.574663,3.101745,16.072596
FrodoKEM-640-AES_run02,active,5.136653,5.39625,0.577345,3.115499,16.112314
FrodoKEM-640-AES_run02,active,5.149398,5.39875,0.583961,3.152658,16.152496
FrodoKEM-640-AES_run02,active,5.162143,5.3825,0.583961,3.143169,16.192556
FrodoKEM-640-AES_run02,active,5.174891,5.39625,0.575378,3.104886,16.232136
FrodoKEM-640-AES_run02,active,5.187645,5.39875,0.585212,3.159415,16.272433
FrodoKEM-640-AES_run02,active,5.20042,5.3975,0.583961,3.151928,16.312699
FrodoKEM-640-AES_run02,active,5.213171,5.39875,0.584318,3.154589,16.352923
FrodoKEM-640-AES_run02,active,5.225921,5.3975,0.575736,3.107535,16.392543
FrodoKEM-640-AES_run02,active,5.238665,5.3975,0.583961,3.151928,16.432712
FrodoKEM-640-AES_run02,active,5.251412,5.39875,0.583961,3.152658,16.472899
FrodoKEM-640-AES_run02,active,5.264156,5.38875,0.575557,3.101534,16.512423
FrodoKEM-640-AES_run02,active,5.276897,5.3975,0.573769,3.096919,16.551882
FrodoKEM-640-AES_run02,active,5.28964,5.395,0.583782,3.149504,16.592016
FrodoKEM-640-AES_run02,active,5.302383,5.40125,0.583246,3.150255,16.632158
FrodoKEM-640-AES_run02,active,5.315134,5.4025,0.575378,3.108482,16.671797
FrodoKEM-640-AES_run02,active,5.327886,5.3975,0.58414,3.152893,16.712002
FrodoKEM-640-AES_run02,active,5.340629,5.3975,0.583782,3.150963,16.752155
FrodoKEM-640-AES_run02,active,5.353375,5.4,0.58253,3.145664,16.792249
FrodoKEM-640-AES_run02,active,5.36612,5.3825,0.575736,3.098899,16.831743
FrodoKEM-640-AES_run02,active,5.378864,5.39625,0.583961,3.151198,16.871905
FrodoKEM-640-AES_run02,active,5.391612,5.39625,0.583603,3.149269,16.912049
FrodoKEM-640-AES_run02,active,5.404357,5.4025,0.575378,3.108482,16.951668
FrodoKEM-640-AES_run02,active,5.417108,5.39625,0.576272,3.10971,16.991319
FrodoKEM-640-AES_run02,active,5.429858,5.39625,0.585034,3.156988,17.031572
FrodoKEM-640-AES_run02,active,5.442605,5.39625,0.583961,3.151198,17.07174
FrodoKEM-640-AES_run02,active,5.455353,5.39625,0.576809,3.112604,17.111421
FrodoKEM-640-AES_run02,active,5.468097,5.38375,0.585391,3.1516,17.151584
FrodoKEM-640-AES_run02,active,5.48084,5.39625,0.58253,3.14348,17.191642
FrodoKEM-640-AES_run02,active,5.493585,5.39625,0.581279,3.136726,17.23162
FrodoKEM-640-AES_run02,active,5.506331,5.3975,0.576988,3.114291,17.271312
FrodoKEM-640-AES_run02,active,5.51912,5.39625,0.583782,3.150234,17.311603
FrodoKEM-640-AES_run02,active,5.53188,5.39625,0.583067,3.146374,17.351748
FrodoKEM-640-AES_run02,active,5.544625,5.39625,0.584497,3.154093,17.391947
FrodoKEM-640-AES_run02,active,5.557371,5.39875,0.574484,3.101498,17.431481
FrodoKEM-640-AES_run02,active,5.570116,5.395,0.584497,3.153362,17.471669
FrodoKEM-640-AES_run02,active,5.582861,5.3975,0.585391,3.159649,17.511939
FrodoKEM-640-AES_run02,active,5.595609,5.3975,0.575378,3.105605,17.55153
FrodoKEM-640-AES_run02,active,5.608354,5.39625,0.583424,3.148304,17.591655
FrodoKEM-640-AES_run02,active,5.621105,5.3975,0.583603,3.149998,17.631821
FrodoKEM-640-AES_run02,active,5.633857,5.385,0.576451,3.10419,17.671404
FrodoKEM-640-AES_run02,active,5.646602,5.3975,0.574842,3.10271,17.71095
FrodoKEM-640-AES_run02,active,5.659351,5.3975,0.583424,3.149033,17.751096
FrodoKEM-640-AES_run02,active,5.672225,5.39625,0.583246,3.147339,17.791614
FrodoKEM-640-AES_run02,active,5.685014,5.39875,0.579491,3.128526,17.831627
FrodoKEM-640-AES_run02,active,5.69778,5.39625,0.575378,3.104886,17.871263
FrodoKEM-640-AES_run02,active,5.710532,5.39625,0.584318,3.153128,17.911472
FrodoKEM-640-AES_run02,active,5.723292,5.39375,0.586643,3.164205,17.951845
FrodoKEM-640-AES_run02,active,5.736042,5.3975,0.575736,3.107535,17.991468
FrodoKEM-640-AES_run02,active,5.748788,5.39625,0.583961,3.151198,18.031632
FrodoKEM-640-AES_run02,active,5.761534,5.39625,0.58414,3.152163,18.071809
FrodoKEM-640-AES_run02,active,5.774278,5.3925,0.583424,3.146116,18.111903
FrodoKEM-640-AES_run02,active,5.787024,5.39625,0.575021,3.102956,18.151453
FrodoKEM-640-AES_run02,active,5.799772,5.395,0.583603,3.148539,18.191591
FrodoKEM-640-AES_run02,active,5.812515,5.39375,0.583067,3.144917,18.231667
FrodoKEM-640-AES_run02,active,5.825268,5.395,0.583424,3.147575,18.271808
FrodoKEM-640-AES_run02,active,5.838017,5.39625,0.575557,3.105851,18.311405
FrodoKEM-640-AES_run02,active,5.850762,5.395,0.583961,3.150469,18.351559
FrodoKEM-640-AES_run02,active,5.86351,5.40375,0.581994,3.14495,18.391648
FrodoKEM-640-AES_run02,active,5.876255,5.39625,0.574484,3.100061,18.431158
FrodoKEM-640-AES_run02,active,5.88903,5.39625,0.581636,3.138655,18.471256
FrodoKEM-640-AES_run02,active,5.901779,5.3975,0.583603,3.149998,18.511415
FrodoKEM-640-AES_run02,active,5.914524,5.39875,0.580385,3.133352,18.551351
FrodoKEM-640-AES_run02,active,5.927278,5.38875,0.577703,3.113096,18.591055
FrodoKEM-640-AES_run02,active,5.940029,5.3975,0.583782,3.150963,18.631231
FrodoKEM-640-AES_run02,active,5.952772,5.3975,0.580742,3.134557,18.671175
FrodoKEM-640-AES_run02,active,5.965516,5.3975,0.583067,3.147103,18.711283
FrodoKEM-640-AES_run02,active,5.97826,5.395,0.57663,3.110919,18.750927
FrodoKEM-640-AES_run02,active,5.991003,5.39625,0.584676,3.155058,18.791134
FrodoKEM-640-AES_run02,active,6.00375,5.3975,0.585928,3.162544,18.831445
FrodoKEM-640-AES_run02,active,6.016492,5.3975,0.5752,3.10464,18.871007
FrodoKEM-640-AES_run02,active,6.029245,5.39875,0.583603,3.150728,18.911187
FrodoKEM-640-AES_run02,active,6.041993,5.39625,0.583424,3.148304,18.951323
FrodoKEM-640-AES_run02,active,6.054738,5.39375,0.5811,3.134308,18.991268
FrodoKEM-640-AES_run02,active,6.067486,5.39625,0.576451,3.110675,19.030923
FrodoKEM-640-AES_run02,active,6.080231,5.395,0.583782,3.149504,19.071065
FrodoKEM-640-AES_run02,active,6.092978,5.3975,0.579491,3.127802,19.110934
FrodoKEM-640-AES_run02,active,6.10576,5.395,0.583961,3.150469,19.151203
FrodoKEM-640-AES_run02,active,6.118505,5.39625,0.575021,3.102956,19.190751
FrodoKEM-640-AES_run02,active,6.131259,5.395,0.583603,3.148539,19.230907
FrodoKEM-640-AES_run02,active,6.144009,5.4025,0.583067,3.150018,19.27107
FrodoKEM-640-AES_run02,active,6.156754,5.39625,0.575378,3.104886,19.31064
FrodoKEM-640-AES_run02,active,6.169499,5.3975,0.574127,3.098849,19.350136
FrodoKEM-640-AES_run02,active,6.182252,5.395,0.584318,3.152398,19.390337
FrodoKEM-640-AES_run02,active,6.195,5.3975,0.583603,3.149998,19.430495
FrodoKEM-640-AES_run02,active,6.207749,5.3975,0.575378,3.105605,19.470088
FrodoKEM-640-AES_run02,active,6.220493,5.39875,0.58414,3.153624,19.510278
FrodoKEM-640-AES_run02,active,6.233247,5.39875,0.58557,3.161346,19.550596
FrodoKEM-640-AES_run02,active,6.245999,5.39625,0.584497,3.154093,19.590818
FrodoKEM-640-AES_run02,active,6.258745,5.39625,0.575378,3.104886,19.630392
FrodoKEM-640-AES_run02,active,6.271492,5.39625,0.584318,3.153128,19.670587
FrodoKEM-640-AES_run02,active,6.284238,5.3975,0.583603,3.149998,19.710736
FrodoKEM-640-AES_run02,active,6.297017,5.39625,0.575915,3.10778,19.750449
FrodoKEM-640-AES_run02,active,6.309766,5.395,0.575557,3.105131,19.790037
FrodoKEM-640-AES_run02,active,6.322511,5.3925,0.583246,3.145152,19.830123
FrodoKEM-640-AES_run02,active,6.335265,5.3975,0.58253,3.144208,19.870224
FrodoKEM-640-AES_run02,active,6.348013,5.385,0.574663,3.094561,19.909674
FrodoKEM-640-AES_run02,active,6.36076,5.39875,0.582709,3.145901,19.949773
FrodoKEM-640-AES_run02,active,6.373504,5.3975,0.586285,3.164474,19.990102
FrodoKEM-640-AES_run02,active,6.388949,5.395,0.582709,3.143716,20.038658
FrodoKEM-640-AES_run02,active,6.401738,5.3975,0.575557,3.10657,20.078387
FrodoKEM-640-AES_run02,active,6.414486,5.39875,0.584318,3.154589,20.118603
FrodoKEM-640-AES_run02,active,6.427236,5.39625,0.583424,3.148304,20.158741
FrodoKEM-640-AES_run02,active,6.439979,5.395,0.575021,3.102237,20.198274
FrodoKEM-640-AES_run02,active,6.452725,5.3975,0.583603,3.149998,20.238424
FrodoKEM-640-AES_run02,active,6.465471,5.40125,0.583782,3.153153,20.278613
FrodoKEM-640-AES_run02,active,6.478217,5.3975,0.583782,3.150963,20.318776
FrodoKEM-640-AES_run02,active,6.490962,5.395,0.574842,3.101273,20.3583
FrodoKEM-640-AES_run02,active,6.503711,5.38875,0.584318,3.148746,20.398445
FrodoKEM-640-AES_run02,active,6.516455,5.39625,0.582888,3.145409,20.438529
FrodoKEM-640-AES_run02,active,6.529198,5.39625,0.583424,3.148304,20.47865
FrodoKEM-640-AES_run02,active,6.541951,5.39625,0.575736,3.106815,20.518272
FrodoKEM-640-AES_run02,active,6.554702,5.40375,0.583067,3.150747,20.558446
FrodoKEM-640-AES_run02,active,6.567449,5.39625,0.583782,3.150234,20.598602
FrodoKEM-640-AES_run02,active,6.580214,5.3975,0.575557,3.10657,20.638257
FrodoKEM-640-AES_run02,active,6.592962,5.40125,0.575736,3.109694,20.677898
FrodoKEM-640-AES_run02,active,6.605741,5.39875,0.582888,3.146867,20.718112
FrodoKEM-640-AES_run02,active,6.618486,5.3975,0.583603,3.149998,20.75826
FrodoKEM-640-AES_run02,active,6.631234,5.39625,0.5752,3.103921,20.797827
FrodoKEM-640-AES_run02,active,6.643985,5.39625,0.584855,3.156023,20.83807
FrodoKEM-640-AES_run02,active,6.656732,5.39625,0.582888,3.145409,20.878166
FrodoKEM-640-AES_run02,active,6.669478,5.39875,0.583603,3.150728,20.918323
FrodoKEM-640-AES_run02,active,6.682229,5.39625,0.5752,3.103921,20.957904
FrodoKEM-640-AES_run02,active,6.694976,5.39625,0.586464,3.164706,20.998242
FrodoKEM-640-AES_run02,active,6.707722,5.39625,0.586106,3.162777,21.038557
FrodoKEM-640-AES_run02,active,6.720467,5.3975,0.575915,3.1085,21.078173
FrodoKEM-640-AES_run02,active,6.73321,5.39875,0.579133,3.126595,21.118017
FrodoKEM-640-AES_run02,active,6.74596,5.39625,0.583961,3.151198,21.158195
FrodoKEM-640-AES_run02,active,6.758709,5.39625,0.582888,3.145409,21.198295
FrodoKEM-640-AES_run02,active,6.771456,5.39625,0.574842,3.101991,21.237835
FrodoKEM-640-AES_run02,active,6.7842,5.39375,0.579491,3.125629,21.277669
FrodoKEM-640-AES_run02,active,6.796944,5.39625,0.583961,3.151198,21.317826
FrodoKEM-640-AES_run02,active,6.809692,5.3975,0.583603,3.149998,21.357984
FrodoKEM-640-AES_run02,active,6.822437,5.39625,0.574127,3.098132,21.397471
FrodoKEM-640-AES_run02,active,6.835183,5.395,0.584318,3.152398,21.437651
FrodoKEM-640-AES_run02,active,6.847936,5.3975,0.585034,3.157719,21.477921
FrodoKEM-640-AES_run02,active,6.860684,5.39625,0.575557,3.105851,21.517513
FrodoKEM-640-AES_run02,active,6.873428,5.39125,0.574127,3.095261,21.556961
FrodoKEM-640-AES_run02,active,6.886173,5.39625,0.584318,3.153128,21.597146
FrodoKEM-640-AES_run02,active,6.898917,5.3975,0.583603,3.149998,21.63729
FrodoKEM-640-AES_run02,active,6.911663,5.39625,0.575378,3.104886,21.676866
FrodoKEM-640-AES_run02,active,6.92444,5.395,0.583603,3.148539,21.717095
FrodoKEM-640-AES_run02,active,6.937186,5.3975,0.583067,3.147103,21.757206
FrodoKEM-640-AES_run02,active,6.949937,5.39625,0.582709,3.144445,21.797303
FrodoKEM-640-AES_run02,active,6.962685,5.3975,0.575378,3.105605,21.836893
FrodoKEM-640-AES_run02,active,6.975433,5.3925,0.583961,3.149009,21.877035
FrodoKEM-640-AES_run02,active,6.988179,5.39625,0.585034,3.156988,21.917275
FrodoKEM-640-AES_run02,active,7.000923,5.39625,0.575736,3.106815,21.956868
FrodoKEM-640-AES_run02,active,7.013668,5.3925,0.581815,3.137438,21.996855
FrodoKEM-640-AES_run02,active,7.026413,5.39625,0.583961,3.151198,22.037017
FrodoKEM-640-AES_run02,active,7.039162,5.395,0.583961,3.150469,22.077182
FrodoKEM-640-AES_run02,active,7.051914,5.3975,0.574663,3.101745,22.116736
FrodoKEM-640-AES_run02,active,7.064665,5.3925,0.586285,3.161543,22.157048
FrodoKEM-640-AES_run02,active,7.077413,5.39875,0.583603,3.150728,22.197212
FrodoKEM-640-AES_run02,active,7.090157,5.39875,0.582888,3.146867,22.237318
FrodoKEM-640-AES_run02,active,7.1029,5.39625,0.575736,3.106815,22.276907
FrodoKEM-640-AES_run02,active,7.115647,5.39625,0.585212,3.157952,22.31716
FrodoKEM-640-AES_run02,active,7.128442,5.39375,0.584318,3.151667,22.357486
FrodoKEM-640-AES_run02,active,7.141189,5.395,0.577703,3.116707,22.397215
FrodoKEM-640-AES_run02,active,7.153939,5.3975,0.571802,3.086303,22.436567
FrodoKEM-640-AES_run02,active,7.166687,5.39875,0.586464,3.166173,22.476928
FrodoKEM-640-AES_run02,active,7.179437,5.39875,0.583961,3.152658,22.517126
FrodoKEM-640-AES_run02,active,7.192191,5.39625,0.575736,3.106815,22.55675
FrodoKEM-640-AES_run02,active,7.204936,5.39625,0.587716,3.17146,22.59717
FrodoKEM-640-AES_run02,active,7.217684,5.39625,0.58414,3.152163,22.637352
FrodoKEM-640-AES_run02,active,7.230429,5.39625,0.583603,3.149269,22.677489
FrodoKEM-640-AES_run02,active,7.243172,5.3975,0.573412,3.094989,22.716929
FrodoKEM-640-AES_run02,active,7.255923,5.39625,0.58414,3.152163,22.757125
FrodoKEM-640-AES_run02,active,7.268671,5.3975,0.583246,3.148068,22.797255
FrodoKEM-640-AES_run02,active,7.281415,5.3975,0.584318,3.153859,22.837447
FrodoKEM-640-AES_run02,active,7.294158,5.40375,0.576272,3.114032,22.877131
FrodoKEM-640-AES_run02,active,7.306903,5.395,0.584497,3.153362,22.917321
FrodoKEM-640-AES_run02,active,7.31965,5.39625,0.583603,3.149269,22.957462
FrodoKEM-640-AES_run02,active,7.332436,5.39375,0.575736,3.105376,22.997169
FrodoKEM-640-AES_run02,active,7.345181,5.40125,0.582888,3.148324,23.037295
FrodoKEM-640-AES_run02,active,7.357933,5.39,0.58253,3.139839,23.077332
FrodoKEM-640-AES_run02,active,7.370685,5.39625,0.583603,3.149269,23.117494
FrodoKEM-640-AES_run02,active,7.383434,5.3925,0.575021,3.1008,23.157024
FrodoKEM-640-AES_run02,active,7.396179,5.405,0.583424,3.153409,23.197216
FrodoKEM-640-AES_run02,active,7.408921,5.3975,0.583424,3.149033,23.237341
FrodoKEM-640-AES_run02,active,7.421666,5.39875,0.583424,3.149762,23.277483
FrodoKEM-640-AES_run02,active,7.43441,5.39125,0.574842,3.099117,23.316979
FrodoKEM-640-AES_run02,active,7.447156,5.39625,0.583603,3.149269,23.35712
FrodoKEM-640-AES_run02,active,7.459907,5.395,0.583603,3.148539,23.397267
FrodoKEM-640-AES_run02,active,7.472655,5.39375,0.575378,3.103447,23.436828
FrodoKEM-640-AES_run02,active,7.485399,5.395,0.584855,3.155292,23.477041
FrodoKEM-640-AES_run02,active,7.498143,5.3975,0.583961,3.151928,23.517208
FrodoKEM-640-AES_run02,active,7.510886,5.3975,0.584855,3.156754,23.557435
FrodoKEM-640-AES_run02,active,7.523633,5.39625,0.573769,3.096202,23.596901
FrodoKEM-640-AES_run02,active,7.536377,5.39625,0.584497,3.154093,23.637099
FrodoKEM-640-AES_run02,active,7.549121,5.39375,0.583961,3.149739,23.677237
FrodoKEM-640-AES_run02,active,7.561871,5.39625,0.583424,3.148304,23.71738
FrodoKEM-640-AES_run02,active,7.574623,5.40125,0.571981,3.089413,23.756776
FrodoKEM-640-AES_run02,active,7.587371,5.3975,0.585749,3.161579,23.797078
FrodoKEM-640-AES_run02,active,7.600118,5.39625,0.583961,3.151198,23.837247
FrodoKEM-640-AES_run02,active,7.61286,5.3975,0.572339,3.089199,23.876611
FrodoKEM-640-AES_run02,active,7.625603,5.39625,0.576451,3.110675,23.91625
FrodoKEM-640-AES_run02,active,7.638349,5.39625,0.583603,3.149269,23.95639
FrodoKEM-640-AES_run02,active,7.651124,5.39625,0.583603,3.149269,23.996623
FrodoKEM-640-AES_run02,active,7.666551,5.39,0.576272,3.106108,24.044539
FrodoKEM-640-AES_run02,active,7.679331,5.39875,0.584318,3.154589,24.084854
FrodoKEM-640-AES_run02,active,7.69208,5.3975,0.583246,3.148068,24.124989
FrodoKEM-640-AES_run02,active,7.704825,5.40125,0.573948,3.100037,24.1645
FrodoKEM-640-AES_run02,active,7.717571,5.3975,0.57663,3.11236,24.204171
FrodoKEM-640-AES_run02,active,7.730315,5.39625,0.583782,3.150234,24.244318
FrodoKEM-640-AES_run02,active,7.743061,5.3925,0.584497,3.151901,24.28449
FrodoKEM-640-AES_run02,active,7.755809,5.39625,0.575915,3.10778,24.324108
FrodoKEM-640-AES_run02,active,7.768557,5.39625,0.583961,3.151198,24.364279
FrodoKEM-640-AES_run02,active,7.781307,5.39625,0.58414,3.152163,24.40447
FrodoKEM-640-AES_run02,active,7.794049,5.39875,0.583246,3.148797,24.444593
FrodoKEM-640-AES_run02,active,7.806791,5.3975,0.576451,3.111395,24.484237
FrodoKEM-640-AES_run02,active,7.819534,5.40375,0.583603,3.153646,24.524424
FrodoKEM-640-AES_run02,active,7.832279,5.39625,0.579848,3.129007,24.564304
FrodoKEM-640-AES_run02,active,7.845025,5.3975,0.57967,3.128767,24.604185
FrodoKEM-640-AES_run02,active,7.85777,5.3975,0.572518,3.090164,24.643566
FrodoKEM-640-AES_run02,active,7.870521,5.3975,0.591828,3.194392,24.684298
FrodoKEM-640-AES_run02,active,7.883271,5.3975,0.584497,3.154824,24.724522
FrodoKEM-640-AES_run02,active,7.896015,5.39625,0.575021,3.102956,24.764068
FrodoKEM-640-AES_run02,active,7.908757,5.39625,0.584318,3.153128,24.804245
FrodoKEM-640-AES_run02,active,7.9215,5.39625,0.584497,3.154093,24.844438
FrodoKEM-640-AES_run02,active,7.934244,5.395,0.582709,3.143716,24.884499
FrodoKEM-640-AES_run02,active,7.946987,5.3975,0.577345,3.116221,24.924209
FrodoKEM-640-AES_run02,active,7.959732,5.3975,0.583961,3.151928,24.964381
FrodoKEM-640-AES_run02,active,7.97248,5.3975,0.584318,3.153859,25.004587
FrodoKEM-640-AES_run02,active,7.985228,5.39625,0.58253,3.14348,25.044661
FrodoKEM-640-AES_run02,active,7.997971,5.39625,0.575378,3.104886,25.084227
FrodoKEM-640-AES_run02,active,8.010715,5.39625,0.584855,3.156023,25.124447
FrodoKEM-640-AES_run02,active,8.023461,5.3975,0.583603,3.149998,25.164596
FrodoKEM-640-AES_run02,active,8.036205,5.3975,0.575557,3.10657,25.204187
FrodoKEM-640-AES_run02,active,8.048948,5.395,0.583782,3.149504,25.244319
FrodoKEM-640-AES_run02,active,8.061698,5.39875,0.584318,3.154589,25.284543
FrodoKEM-640-AES_run02,active,8.07445,5.39625,0.586106,3.162777,25.324872
FrodoKEM-640-AES_run02,active,8.087201,5.39625,0.575378,3.104886,25.364463
FrodoKEM-640-AES_run02,active,8.099945,5.3975,0.58414,3.152893,25.404644
FrodoKEM-640-AES_run02,active,8.112687,5.39625,0.583067,3.146374,25.444736
FrodoKEM-640-AES_run02,active,8.125429,5.39125,0.582888,3.142495,25.484778
FrodoKEM-640-AES_run02,active,8.138175,5.39625,0.575736,3.106815,25.524375
FrodoKEM-640-AES_run02,active,8.150919,5.3975,0.583782,3.150963,25.564531
FrodoKEM-640-AES_run02,active,8.163665,5.3975,0.58414,3.152893,25.604719
FrodoKEM-640-AES_run02,active,8.176467,5.39625,0.575378,3.104886,25.644468
FrodoKEM-640-AES_run02,active,8.18923,5.39625,0.582173,3.14155,25.684563
FrodoKEM-640-AES_run02,active,8.201975,5.395,0.583246,3.14661,25.724668
FrodoKEM-640-AES_run02,active,8.214721,5.4,0.584318,3.155319,25.764885
FrodoKEM-640-AES_run02,active,8.227467,5.3975,0.574484,3.10078,25.804408
FrodoKEM-640-AES_run02,active,8.240215,5.39,0.583961,3.147549,25.844532
FrodoKEM-640-AES_run02,active,8.253019,5.395,0.584676,3.154327,25.884919
FrodoKEM-640-AES_run02,active,8.265771,5.395,0.583067,3.145645,25.925034
FrodoKEM-640-AES_run02,active,8.278526,5.3975,0.576272,3.11043,25.964705
FrodoKEM-640-AES_run02,active,8.291278,5.39625,0.583603,3.149269,26.004866
FrodoKEM-640-AES_run02,active,8.304023,5.39625,0.586106,3.162777,26.045177
FrodoKEM-640-AES_run02,active,8.316767,5.3975,0.576988,3.114291,26.084863
FrodoKEM-640-AES_run02,active,8.32951,5.39625,0.575021,3.102956,26.124406
FrodoKEM-640-AES_run02,active,8.342255,5.39625,0.584318,3.153128,26.164593
FrodoKEM-640-AES_run02,active,8.355,5.395,0.583782,3.149504,26.204732
FrodoKEM-640-AES_run02,active,8.367746,5.39625,0.576809,3.112604,26.244404
FrodoKEM-640-AES_run02,active,8.380495,5.3975,0.592007,3.195357,26.285143
FrodoKEM-640-AES_run02,active,8.393245,5.39625,0.583424,3.148304,26.325285
FrodoKEM-640-AES_run02,active,8.40599,5.39375,0.584855,3.154561,26.365489
FrodoKEM-640-AES_run02,active,8.418734,5.39625,0.575378,3.104886,26.405058
FrodoKEM-640-AES_run02,active,8.431481,5.39625,0.58414,3.152163,26.445239
FrodoKEM-640-AES_run02,active,8.444226,5.39375,0.585391,3.157454,26.485479
FrodoKEM-640-AES_run02,active,8.456969,5.39625,0.575378,3.104886,26.525046
FrodoKEM-640-AES_run02,active,8.46975,5.395,0.576272,3.10899,26.564781
FrodoKEM-640-AES_run02,active,8.482501,5.3975,0.584318,3.153859,26.604995
FrodoKEM-640-AES_run02,active,8.495251,5.39625,0.583067,3.146374,26.645112
FrodoKEM-640-AES_run02,active,8.507998,5.4,0.57806,3.121526,26.684901
FrodoKEM-640-AES_run02,active,8.520739,5.3975,0.583961,3.151928,26.725062
FrodoKEM-640-AES_run02,active,8.533481,5.39875,0.584855,3.157485,26.765295
FrodoKEM-640-AES_run02,active,8.546225,5.4,0.584318,3.155319,26.805505
FrodoKEM-640-AES_run02,active,8.558967,5.3975,0.5752,3.10464,26.845065
FrodoKEM-640-AES_run02,active,8.571714,5.39875,0.58414,3.153624,26.885265
FrodoKEM-640-AES_run02,active,8.584464,5.3975,0.586285,3.164474,26.925612
FrodoKEM-640-AES_run02,active,8.597241,5.39625,0.580921,3.134796,26.965665
FrodoKEM-640-AES_run02,active,8.609991,5.395,0.575736,3.106096,27.005268
FrodoKEM-640-AES_run02,active,8.622737,5.39875,0.584497,3.155554,27.045487
FrodoKEM-640-AES_run02,active,8.635483,5.39125,0.582888,3.142495,27.085541
FrodoKEM-640-AES_run02,active,8.648228,5.39375,0.575915,3.10634,27.125132
FrodoKEM-640-AES_run02,active,8.660981,5.395,0.583603,3.148539,27.165286
FrodoKEM-640-AES_run02,active,8.673757,5.3975,0.58414,3.152893,27.205567
FrodoKEM-640-AES_run02,active,8.686508,5.39625,0.582709,3.144445,27.245662
FrodoKEM-640-AES_run02,active,8.699259,5.39625,0.5752,3.103921,27.28524
FrodoKEM-640-AES_run02,active,8.712004,5.39625,0.584497,3.154093,27.325439
FrodoKEM-640-AES_run02,active,8.724748,5.39625,0.581815,3.13962,27.36545
FrodoKEM-640-AES_run02,active,8.737493,5.395,0.576451,3.109954,27.405085
FrodoKEM-640-AES_run02,active,8.750238,5.3975,0.574663,3.101745,27.444617
FrodoKEM-640-AES_run02,active,8.762982,5.395,0.584318,3.152398,27.484792
FrodoKEM-640-AES_run02,active,8.775729,5.39625,0.579312,3.126112,27.524641
FrodoKEM-640-AES_run02,active,8.788477,5.395,0.575915,3.10706,27.564251
FrodoKEM-640-AES_run02,active,8.801225,5.39625,0.584497,3.154093,27.604459
FrodoKEM-640-AES_run02,active,8.813969,5.39625,0.581994,3.140585,27.64448
FrodoKEM-640-AES_run02,active,8.826712,5.3975,0.586106,3.163509,27.684794
FrodoKEM-640-AES_run02,active,8.839457,5.39625,0.576272,3.10971,27.724428
FrodoKEM-640-AES_run02,active,8.852203,5.39625,0.583603,3.149269,27.76457
FrodoKEM-640-AES_run02,active,8.864944,5.39625,0.58253,3.14348,27.804621
FrodoKEM-640-AES_run02,active,8.877691,5.3975,0.585391,3.159649,27.844897
FrodoKEM-640-AES_run02,active,8.890442,5.39625,0.572518,3.089448,27.88429
FrodoKEM-640-AES_run02,active,8.903192,5.3975,0.583603,3.149998,27.924451
FrodoKEM-640-AES_run02,active,8.915937,5.39875,0.583424,3.149762,27.964595
FrodoKEM-640-AES_run02,active,8.928679,5.395,0.57806,3.118636,28.004333
FrodoKEM-640-AES_run02,active,8.944158,5.39625,0.585391,3.158917,28.053231
FrodoKEM-640-AES_run02,active,8.956927,5.39625,0.583782,3.150234,28.093455
FrodoKEM-640-AES_run02,active,8.969674,5.39625,0.583603,3.149269,28.1336
FrodoKEM-640-AES_run02,active,8.98242,5.39125,0.575557,3.102973,28.17315
FrodoKEM-640-AES_run02,active,8.995173,5.39625,0.581279,3.136726,28.213152
FrodoKEM-640-AES_run02,active,9.007923,5.39625,0.583782,3.150234,28.253318
FrodoKEM-640-AES_run02,active,9.020667,5.3975,0.575915,3.1085,28.292931
FrodoKEM-640-AES_run02,active,9.033411,5.39625,0.576272,3.10971,28.332563
FrodoKEM-640-AES_run02,active,9.046155,5.39625,0.587179,3.168566,28.372943
FrodoKEM-640-AES_run02,active,9.0589,5.39875,0.583961,3.152658,28.413124
FrodoKEM-640-AES_run02,active,9.071645,5.39625,0.5752,3.103921,28.452682
FrodoKEM-640-AES_run02,active,9.084427,5.3975,0.586822,3.16737,28.493169
FrodoKEM-640-AES_run02,active,9.097181,5.39625,0.585034,3.156988,28.533432
FrodoKEM-640-AES_run02,active,9.10993,5.39625,0.582709,3.144445,28.573519
FrodoKEM-640-AES_run02,active,9.122672,5.39625,0.575378,3.104886,28.613084
FrodoKEM-640-AES_run02,active,9.135417,5.395,0.579133,3.124424,28.652904
FrodoKEM-640-AES_run02,active,9.148162,5.3975,0.585212,3.158684,28.693161
FrodoKEM-640-AES_run02,active,9.160907,5.3975,0.575378,3.105605,28.732742
FrodoKEM-640-AES_run02,active,9.173654,5.39625,0.578418,3.121288,28.772528
FrodoKEM-640-AES_run02,active,9.186411,5.39625,0.586464,3.164706,28.8129
FrodoKEM-640-AES_run02,active,9.199168,5.395,0.583961,3.150469,28.853093
FrodoKEM-640-AES_run02,active,9.211918,5.395,0.575915,3.10706,28.892706
FrodoKEM-640-AES_run02,active,9.224662,5.39375,0.585212,3.156489,28.932932
FrodoKEM-640-AES_run02,active,9.237407,5.395,0.583961,3.150469,28.973085
FrodoKEM-640-AES_run02,active,9.250153,5.3975,0.584318,3.153859,29.013284
FrodoKEM-640-AES_run02,active,9.262899,5.39625,0.575378,3.104886,29.052859
FrodoKEM-640-AES_run02,active,9.275647,5.39,0.584497,3.15044,29.093023
FrodoKEM-640-AES_run02,active,9.288438,5.36875,0.583603,3.13322,29.133097
FrodoKEM-640-AES_run02,active,9.30119,5.3975,0.586106,3.163509,29.173439
FrodoKEM-640-AES_run02,active,9.313938,5.39875,0.575021,3.104394,29.213016
FrodoKEM-640-AES_run02,active,9.326683,5.395,0.584318,3.152398,29.253193
FrodoKEM-640-AES_run02,active,9.33943,5.39625,0.583424,3.148304,29.293323
FrodoKEM-640-AES_run02,active,9.352176,5.39875,0.575915,3.10922,29.332952
FrodoKEM-640-AES_run02,active,9.364919,5.39875,0.584855,3.157485,29.373189
FrodoKEM-640-AES_run02,active,9.377665,5.3975,0.58414,3.152893,29.413377
FrodoKEM-640-AES_run02,active,9.390411,5.39625,0.583782,3.150234,29.453528
FrodoKEM-640-AES_run02,active,9.403164,5.3975,0.575021,3.103675,29.49311
FrodoKEM-640-AES_run02,active,9.415914,5.39875,0.58414,3.153624,29.533318
FrodoKEM-640-AES_run02,active,9.428657,5.39625,0.583424,3.148304,29.573439
FrodoKEM-640-AES_run02,active,9.441402,5.3975,0.580742,3.134557,29.613388
FrodoKEM-640-AES_run02,active,9.454146,5.39625,0.57663,3.11164,29.653042
FrodoKEM-640-AES_run02,active,9.466894,5.39625,0.585034,3.156988,29.693286
FrodoKEM-640-AES_run02,active,9.479642,5.39625,0.583603,3.149269,29.733434
FrodoKEM-640-AES_run02,active,9.492423,5.39625,0.575915,3.10778,29.773155
FrodoKEM-640-AES_run02,active,9.505176,5.39875,0.587,3.169068,29.813571
FrodoKEM-640-AES_run02,active,9.517926,5.39875,0.584676,3.15652,29.853817
FrodoKEM-640-AES_run02,active,9.530671,5.39625,0.584676,3.155058,29.894028
FrodoKEM-640-AES_run02,active,9.54342,5.3975,0.576988,3.114291,29.933731
FrodoKEM-640-AES_run02,active,9.556166,5.3975,0.592364,3.197287,29.974484
FrodoKEM-640-AES_run02,active,9.56891,5.39625,0.583961,3.151198,30.014643
FrodoKEM-640-AES_run02,active,9.581656,5.39625,0.583782,3.150234,30.054797
FrodoKEM-640-AES_run02,active,9.5944,5.3975,0.573948,3.097884,30.094276
FrodoKEM-640-AES_run02,active,9.607151,5.3975,0.586106,3.163509,30.134611
FrodoKEM-640-AES_run02,active,9.619904,5.39625,0.583603,3.149269,30.174777
FrodoKEM-640-AES_run02,active,9.632648,5.3975,0.575736,3.107535,30.214379
FrodoKEM-640-AES_run02,active,9.645394,5.39875,0.583246,3.148797,30.254513
FrodoKEM-640-AES_run02,active,9.65814,5.395,0.584676,3.154327,30.294717
FrodoKEM-640-AES_run02,active,9.670886,5.39625,0.58414,3.152163,30.334894
FrodoKEM-640-AES_run02,active,9.683634,5.39625,0.575915,3.10778,30.374513
FrodoKEM-640-AES_run02,active,9.696379,5.39625,0.584497,3.154093,30.414713
FrodoKEM-640-AES_run02,active,9.70913,5.39625,0.583424,3.148304,30.454856
FrodoKEM-640-AES_run02,active,9.721878,5.38375,0.583424,3.141011,30.494897
FrodoKEM-640-AES_run02,active,9.734623,5.39,0.576451,3.107072,30.534498
FrodoKEM-640-AES_run02,active,9.74737,5.3975,0.585749,3.161579,30.574799
FrodoKEM-640-AES_run02,active,9.760115,5.3975,0.583603,3.149998,30.614946
FrodoKEM-640-AES_run02,active,9.772858,5.39375,0.575915,3.10634,30.654529
FrodoKEM-640-AES_run02,active,9.785604,5.39875,0.584497,3.155554,30.694748
FrodoKEM-640-AES_run02,active,9.798349,5.39625,0.585212,3.157952,30.734998
FrodoKEM-640-AES_run02,active,9.811134,5.3975,0.583961,3.151928,30.775293
FrodoKEM-640-AES_run02,active,9.823886,5.39875,0.575915,3.10922,30.814943
FrodoKEM-640-AES_run02,active,9.83663,5.39625,0.584318,3.153128,30.855126
FrodoKEM-640-AES_run02,active,9.849374,5.39625,0.58414,3.152163,30.895297
FrodoKEM-640-AES_run02,active,9.862118,5.3975,0.583424,3.149033,30.935429
FrodoKEM-640-AES_run02,active,9.874863,5.40125,0.573412,3.097139,30.974901
FrodoKEM-640-AES_run02,active,9.88761,5.3975,0.585034,3.157719,31.015152
FrodoKEM-640-AES_run02,active,9.900354,5.39625,0.583782,3.150234,31.055299
FrodoKEM-640-AES_run02,active,9.913103,5.39375,0.575557,3.104412,31.094879
FrodoKEM-640-AES_run02,active,9.925852,5.395,0.574484,3.099343,31.134392
FrodoKEM-640-AES_run02,active,9.938598,5.39625,0.58414,3.152163,31.174568
FrodoKEM-640-AES_run02,active,9.951344,5.39875,0.583067,3.147832,31.214691
FrodoKEM-640-AES_run02,active,9.964089,5.395,0.57806,3.118636,31.254438
FrodoKEM-640-AES_run02,active,9.976833,5.3975,0.583067,3.147103,31.294546
FrodoKEM-640-AES_run02,active,9.989579,5.39625,0.588788,3.177249,31.335042
FrodoKEM-640-AES_run02,active,10.002323,5.3975,0.583424,3.149033,31.375174
FrodoKEM-640-AES_run02,active,10.015108,5.3975,0.577166,3.115256,31.415004
FrodoKEM-640-AES_run02,active,10.027862,5.3975,0.583961,3.151928,31.455201
FrodoKEM-640-AES_run02,active,10.040606,5.3975,0.583782,3.150963,31.495359
FrodoKEM-640-AES_run02,active,10.053351,5.3975,0.575915,3.1085,31.534976
FrodoKEM-640-AES_run02,active,10.066095,5.395,0.575736,3.106096,31.57456
FrodoKEM-640-AES_run02,active,10.078839,5.39625,0.585034,3.156988,31.614792
FrodoKEM-640-AES_run02,active,10.091587,5.395,0.583961,3.150469,31.654956
FrodoKEM-640-AES_run02,active,10.104332,5.3975,0.576451,3.111395,31.694611
FrodoKEM-640-AES_run02,active,10.117073,5.3975,0.583961,3.151928,31.734769
FrodoKEM-640-AES_run02,active,10.129821,5.39625,0.585212,3.157952,31.775025
FrodoKEM-640-AES_run02,active,10.142566,5.3975,0.583424,3.149033,31.815159
FrodoKEM-640-AES_run02,active,10.155314,5.39625,0.573948,3.097167,31.854642
FrodoKEM-640-AES_run02,active,10.16806,5.39625,0.586464,3.164706,31.894981
FrodoKEM-640-AES_run02,active,10.180806,5.395,0.583961,3.150469,31.935137
FrodoKEM-640-AES_run02,active,10.193557,5.3975,0.576451,3.111395,31.974809
FrodoKEM-640-AES_run02,active,10.206303,5.3975,0.576272,3.11043,32.014455
FrodoKEM-640-AES_run02,active,10.221775,5.39625,0.584318,3.153128,32.06324
FrodoKEM-640-AES_run02,active,10.234542,5.39875,0.587894,3.173895,32.103762
FrodoKEM-640-AES_run02,active,10.247298,5.39625,0.575378,3.104886,32.143368
FrodoKEM-640-AES_run02,active,10.260042,5.39875,0.58414,3.153624,32.183558
FrodoKEM-640-AES_run02,active,10.272785,5.395,0.583424,3.147575,32.223667
FrodoKEM-640-AES_run02,active,10.285531,5.395,0.583961,3.150469,32.263822
FrodoKEM-640-AES_run02,active,10.298276,5.3975,0.577166,3.115256,32.303526
FrodoKEM-640-AES_run02,active,10.311019,5.3975,0.585034,3.157719,32.343766
FrodoKEM-640-AES_run02,active,10.323772,5.39625,0.583603,3.149269,32.383928
FrodoKEM-640-AES_run02,active,10.336522,5.3975,0.576272,3.11043,32.423585
FrodoKEM-640-AES_run02,active,10.349266,5.39625,0.576451,3.110675,32.463229
FrodoKEM-640-AES_run02,active,10.36201,5.39625,0.583782,3.150234,32.503375
FrodoKEM-640-AES_run02,active,10.374754,5.395,0.582352,3.141787,32.543414
FrodoKEM-640-AES_run02,active,10.387498,5.395,0.577345,3.114777,32.583109
FrodoKEM-640-AES_run02,active,10.400245,5.3975,0.584318,3.153859,32.623311
FrodoKEM-640-AES_run02,active,10.413019,5.39625,0.584318,3.153128,32.663588
FrodoKEM-640-AES_run02,active,10.425774,5.4,0.584497,3.156285,32.703847
FrodoKEM-640-AES_run02,active,10.438524,5.39625,0.575557,3.105851,32.743447
FrodoKEM-640-AES_run02,active,10.451269,5.39625,0.583961,3.151198,32.783609
FrodoKEM-640-AES_run02,active,10.464012,5.39875,0.584318,3.154589,32.823806
FrodoKEM-640-AES_run02,active,10.476754,5.4,0.576094,3.110905,32.863447
FrodoKEM-640-AES_run02,active,10.489497,5.39625,0.583603,3.149269,32.903579
FrodoKEM-640-AES_run02,active,10.502241,5.39625,0.584497,3.154093,32.943775
FrodoKEM-640-AES_run02,active,10.514986,5.39375,0.584497,3.152632,32.983954
FrodoKEM-640-AES_run02,active,10.527737,5.39625,0.576809,3.112604,33.023644
FrodoKEM-640-AES_run02,active,10.540484,5.3975,0.583603,3.149998,33.063797
FrodoKEM-640-AES_run02,active,10.553228,5.395,0.584497,3.153362,33.103981
FrodoKEM-640-AES_run02,active,10.565971,5.40125,0.584855,3.158947,33.144237
FrodoKEM-640-AES_run02,active,10.578717,5.39625,0.575557,3.105851,33.183823
FrodoKEM-640-AES_run02,active,10.591463,5.3975,0.584318,3.153859,33.224025
FrodoKEM-640-AES_run02,active,10.604209,5.3975,0.584318,3.153859,33.264223
FrodoKEM-640-AES_run02,active,10.61696,5.395,0.577703,3.116707,33.303963
FrodoKEM-640-AES_run02,active,10.629734,5.39625,0.575378,3.104886,33.343624
FrodoKEM-640-AES_run02,active,10.642482,5.39625,0.583961,3.151198,33.383795
FrodoKEM-640-AES_run02,active,10.655228,5.39625,0.585928,3.161812,33.424099
FrodoKEM-640-AES_run02,active,10.667975,5.39625,0.575736,3.106815,33.463699
FrodoKEM-640-AES_run02,active,10.680719,5.39625,0.583961,3.151198,33.50386
FrodoKEM-640-AES_run02,active,10.693464,5.395,0.588431,3.174584,33.544317
FrodoKEM-640-AES_run02,active,10.706208,5.39625,0.580742,3.133831,33.584256
FrodoKEM-640-AES_run02,active,10.718953,5.39625,0.575557,3.105851,33.623842
FrodoKEM-640-AES_run02,active,10.731708,5.39625,0.584676,3.155058,33.664083
FrodoKEM-640-AES_run02,active,10.744455,5.39875,0.581279,3.138179,33.704085
FrodoKEM-640-AES_run02,active,10.7572,5.39625,0.575557,3.105851,33.74367
FrodoKEM-640-AES_run02,active,10.769945,5.39625,0.575915,3.10778,33.783277
FrodoKEM-640-AES_run02,active,10.782689,5.39625,0.583961,3.151198,33.823436
FrodoKEM-640-AES_run02,active,10.795436,5.39125,0.584318,3.150207,33.863593
FrodoKEM-640-AES_run02,active,10.808186,5.39625,0.576272,3.10971,33.90324
FrodoKEM-640-AES_run02,active,10.82093,5.39625,0.584318,3.153128,33.943425
FrodoKEM-640-AES_run02,active,10.833684,5.3975,0.584855,3.156754,33.983686
FrodoKEM-640-AES_run02,active,10.84643,5.3975,0.585391,3.159649,34.02396
FrodoKEM-640-AES_run02,active,10.859176,5.39625,0.576451,3.110675,34.063608
FrodoKEM-640-AES_run02,active,10.871921,5.39625,0.583782,3.150234,34.103756
FrodoKEM-640-AES_run02,active,10.884663,5.39375,0.584855,3.154561,34.143954
FrodoKEM-640-AES_run02,active,10.897409,5.3825,0.579491,3.119109,34.18371
FrodoKEM-640-AES_run02,active,10.910152,5.39625,0.575915,3.10778,34.223312
FrodoKEM-640-AES_run02,active,10.922896,5.3925,0.584497,3.151901,34.263478
FrodoKEM-640-AES_run02,active,10.935648,5.39125,0.584497,3.151171,34.303664
FrodoKEM-640-AES_run02,active,10.948434,5.39625,0.578239,3.120323,34.343561
FrodoKEM-640-AES_run02,active,10.961182,5.39625,0.583424,3.148304,34.383694
FrodoKEM-640-AES_run02,active,10.973927,5.39125,0.583424,3.145387,34.423782
FrodoKEM-640-AES_run02,active,10.986671,5.40125,0.584318,3.15605,34.464001
FrodoKEM-640-AES_run02,active,10.999417,5.3825,0.575557,3.097937,34.503488
FrodoKEM-640-AES_run02,active,11.012162,5.39875,0.583603,3.150728,34.543645
FrodoKEM-640-AES_run02,active,11.024904,5.39625,0.583782,3.150234,34.583785
FrodoKEM-640-AES_run02,active,11.037653,5.39625,0.583603,3.149269,34.623936
FrodoKEM-640-AES_run02,active,11.050402,5.39625,0.576272,3.10971,34.66358
FrodoKEM-640-AES_run02,active,11.063148,5.3975,0.584318,3.153859,34.703779
FrodoKEM-640-AES_run02,active,11.075892,5.39625,0.579848,3.129007,34.743657
FrodoKEM-640-AES_run02,active,11.088636,5.3975,0.576809,3.113325,34.783331
FrodoKEM-640-AES_run02,active,11.101379,5.38375,0.584855,3.148712,34.823458
FrodoKEM-640-AES_run02,active,11.114124,5.395,0.58414,3.151433,34.863621
FrodoKEM-640-AES_run02,active,11.126868,5.39375,0.586285,3.162276,34.903922
FrodoKEM-640-AES_run02,active,11.13962,5.395,0.575557,3.105131,34.94352
FrodoKEM-640-AES_run02,active,11.152366,5.39375,0.584497,3.152632,34.983701
FrodoKEM-640-AES_run02,active,11.165111,5.39625,0.582352,3.142515,35.023752
FrodoKEM-640-AES_run02,active,11.17786,5.3975,0.58414,3.152893,35.063948
FrodoKEM-640-AES_run02,active,11.190611,5.3975,0.575378,3.105605,35.103549
FrodoKEM-640-AES_run02,active,11.20336,5.3825,0.584855,3.147981,35.143682
FrodoKEM-640-AES_run02,active,11.216105,5.39875,0.583424,3.149762,35.183826
FrodoKEM-640-AES_run02,active,11.228848,5.39625,0.575557,3.105851,35.223405
FrodoKEM-640-AES_run02,active,11.241601,5.3975,0.583961,3.151928,35.2636
FrodoKEM-640-AES_run02,active,11.254349,5.395,0.583603,3.148539,35.303737
FrodoKEM-640-AES_run02,active,11.267141,5.3975,0.583603,3.149998,35.344033
FrodoKEM-640-AES_run02,active,11.279892,5.39625,0.575557,3.105851,35.383637
FrodoKEM-640-AES_run02,active,11.292635,5.395,0.584855,3.155292,35.423843
FrodoKEM-640-AES_run02,active,11.30538,5.38875,0.583961,3.146819,35.463949
FrodoKEM-640-AES_run02,active,11.318124,5.39875,0.583603,3.150728,35.504102
FrodoKEM-640-AES_run02,active,11.330867,5.3975,0.575378,3.105605,35.543677
FrodoKEM-640-AES_run02,active,11.343618,5.3975,0.584497,3.154824,35.583906
FrodoKEM-640-AES_run02,active,11.356368,5.39125,0.584497,3.151171,35.62408
FrodoKEM-640-AES_run02,active,11.36911,5.39625,0.576272,3.10971,35.663705
FrodoKEM-640-AES_run02,active,11.381853,5.39375,0.575378,3.103447,35.703253
FrodoKEM-640-AES_run02,active,11.394596,5.395,0.58557,3.15915,35.743509
FrodoKEM-640-AES_run02,active,11.407344,5.3925,0.586106,3.160579,35.783802
FrodoKEM-640-AES_run02,active,11.420086,5.3925,0.575736,3.104656,35.823362
FrodoKEM-640-AES_run02,active,11.432828,5.39875,0.584497,3.155554,35.86357
FrodoKEM-640-AES_run02,active,11.445577,5.39875,0.58557,3.161346,35.903873
FrodoKEM-640-AES_run02,active,11.458324,5.39625,0.583603,3.149269,35.944017
FrodoKEM-640-AES_run02,active,11.471102,5.39625,0.575915,3.10778,35.983727
FrodoKEM-640-AES_run02,active,11.483851,5.39625,0.584676,3.155058,36.023952
FrodoKEM-640-AES_run02,active,11.499338,5.3975,0.583424,3.149033,36.072719
FrodoKEM-640-AES_run02,active,11.512103,5.39625,0.575915,3.10778,36.11239
FrodoKEM-640-AES_run02,active,11.52485,5.39625,0.585391,3.158917,36.152657
FrodoKEM-640-AES_run02,active,11.537596,5.39625,0.588431,3.17532,36.19313
FrodoKEM-640-AES_run02,active,11.550346,5.39625,0.583424,3.148304,36.233272
FrodoKEM-640-AES_run02,active,11.563121,5.39875,0.576451,3.112116,36.273029
FrodoKEM-640-AES_run02,active,11.575869,5.39375,0.585928,3.160347,36.313316
FrodoKEM-640-AES_run02,active,11.58861,5.3975,0.585212,3.158684,36.353562
FrodoKEM-640-AES_run02,active,11.601355,5.39625,0.584318,3.153128,36.393747
FrodoKEM-640-AES_run02,active,11.614099,5.38125,0.575915,3.099142,36.433242
FrodoKEM-640-AES_run02,active,11.62684,5.39875,0.586285,3.165207,36.473572
FrodoKEM-640-AES_run02,active,11.639587,5.39625,0.585928,3.161812,36.513876
FrodoKEM-640-AES_run02,active,11.652337,5.39875,0.576451,3.112116,36.553554
FrodoKEM-640-AES_run02,active,11.665082,5.395,0.584497,3.153362,36.593744
FrodoKEM-640-AES_run02,active,11.677827,5.39625,0.585034,3.156988,36.633979
FrodoKEM-640-AES_run02,active,11.690571,5.3975,0.583782,3.150963,36.674135
FrodoKEM-640-AES_run02,active,11.703316,5.39625,0.574842,3.101991,36.713672
FrodoKEM-640-AES_run02,active,11.716061,5.38375,0.582173,3.134273,36.753617
FrodoKEM-640-AES_run02,active,11.728802,5.3975,0.583424,3.149033,36.793739
FrodoKEM-640-AES_run02,active,11.741546,5.3975,0.587894,3.17316,36.834179
FrodoKEM-640-AES_run02,active,11.754297,5.3975,0.575021,3.103675,36.873753
FrodoKEM-640-AES_run02,active,11.767046,5.395,0.586106,3.162044,36.914066
FrodoKEM-640-AES_run02,active,11.779792,5.395,0.58414,3.151433,36.954233
FrodoKEM-640-AES_run02,active,11.792534,5.3975,0.575736,3.107535,36.993831
FrodoKEM-640-AES_run02,active,11.805276,5.39625,0.584676,3.155058,37.034033
FrodoKEM-640-AES_run02,active,11.818022,5.38375,0.584855,3.148712,37.074165
FrodoKEM-640-AES_run02,active,11.830766,5.395,0.583961,3.150469,37.114315
FrodoKEM-640-AES_run02,active,11.843511,5.39625,0.577166,3.114534,37.154011
FrodoKEM-640-AES_run02,active,11.856261,5.3975,0.583424,3.149033,37.194159
FrodoKEM-640-AES_run02,active,11.869007,5.39625,0.583961,3.151198,37.234324
FrodoKEM-640-AES_run02,active,11.881749,5.395,0.584497,3.153362,37.274507
FrodoKEM-640-AES_run02,active,11.894491,5.39625,0.576809,3.112604,37.314167
FrodoKEM-640-AES_run02,active,11.907237,5.39625,0.584676,3.155058,37.35438
FrodoKEM-640-AES_run02,active,11.919983,5.38125,0.583782,3.141477,37.394422
FrodoKEM-640-AES_run02,active,11.932725,5.3975,0.575557,3.10657,37.434004
FrodoKEM-640-AES_run02,active,11.94547,5.39875,0.591828,3.195131,37.474727
FrodoKEM-640-AES_run02,active,11.958219,5.3975,0.583603,3.149998,37.514886
FrodoKEM-640-AES_run02,active,11.970966,5.39625,0.583961,3.151198,37.555055
FrodoKEM-640-AES_run02,active,11.983712,5.39625,0.575736,3.106815,37.594656
FrodoKEM-640-AES_run02,active,11.996455,5.3975,0.581279,3.137452,37.634634
FrodoKEM-640-AES_run02,active,12.009197,5.39625,0.584497,3.154093,37.674826
FrodoKEM-640-AES_run02,active,12.021943,5.3825,0.583782,3.142207,37.714874
FrodoKEM-640-AES_run02,active,12.034686,5.3975,0.576272,3.11043,37.754512
FrodoKEM-640-AES_run02,active,12.047432,5.39375,0.588788,3.175777,37.794991
FrodoKEM-640-AES_run02,active,12.060183,5.395,0.583603,3.148539,37.835137
FrodoKEM-640-AES_run02,active,12.072928,5.395,0.575736,3.106096,37.874724
FrodoKEM-640-AES_run02,active,12.085672,5.39125,0.5752,3.101045,37.914243
FrodoKEM-640-AES_run02,active,12.098416,5.395,0.585034,3.156256,37.954468
FrodoKEM-640-AES_run02,active,12.111162,5.39625,0.584855,3.156023,37.994695
FrodoKEM-640-AES_run02,active,12.123908,5.39375,0.576272,3.108269,38.034311
FrodoKEM-640-AES_run02,active,12.13665,5.405,0.583961,3.156308,38.074528
FrodoKEM-640-AES_run02,active,12.149394,5.39875,0.588788,3.178721,38.115039
FrodoKEM-640-AES_run02,active,12.162145,5.39875,0.584855,3.157485,38.155299
FrodoKEM-640-AES_run02,active,12.174894,5.3975,0.575736,3.107535,38.19492
FrodoKEM-640-AES_run02,active,12.187647,5.3975,0.585749,3.161579,38.235238
FrodoKEM-640-AES_run02,active,12.200433,5.39625,0.583603,3.149269,38.275506
FrodoKEM-640-AES_run02,active,12.213179,5.3975,0.575915,3.1085,38.315125
FrodoKEM-640-AES_run02,active,12.225923,5.39,0.5811,3.132129,38.355042
FrodoKEM-640-AES_run02,active,12.23867,5.3975,0.584497,3.154824,38.395254
FrodoKEM-640-AES_run02,active,12.251416,5.39625,0.584855,3.156023,38.435483
FrodoKEM-640-AES_run02,active,12.264168,5.39625,0.576094,3.108745,38.475126
FrodoKEM-640-AES_run02,active,12.276914,5.395,0.581994,3.139858,38.515144
FrodoKEM-640-AES_run02,active,12.289656,5.3975,0.584676,3.155789,38.555356
FrodoKEM-640-AES_run02,active,12.302399,5.39625,0.584318,3.153128,38.595537
FrodoKEM-640-AES_run02,active,12.315146,5.39625,0.575736,3.106815,38.635141
FrodoKEM-640-AES_run02,active,12.327892,5.395,0.585212,3.157221,38.675382
FrodoKEM-640-AES_run02,active,12.340634,5.395,0.583424,3.147575,38.715486
FrodoKEM-640-AES_run02,active,12.353377,5.395,0.580921,3.13407,38.755427
FrodoKEM-640-AES_run02,active,12.366127,5.3975,0.579491,3.127802,38.795305
FrodoKEM-640-AES_run02,active,12.378875,5.395,0.58414,3.151433,38.83548
FrodoKEM-640-AES_run02,active,12.391623,5.39875,0.585391,3.160381,38.875767
FrodoKEM-640-AES_run02,active,12.404366,5.395,0.578954,3.123459,38.915571
FrodoKEM-640-AES_run02,active,12.41711,5.39875,0.588431,3.176791,38.956055
FrodoKEM-640-AES_run02,active,12.429854,5.39625,0.583603,3.149269,38.996188
FrodoKEM-640-AES_run02,active,12.442597,5.39625,0.583603,3.149269,39.03632
FrodoKEM-640-AES_run02,active,12.455342,5.39625,0.579491,3.127077,39.076174
FrodoKEM-640-AES_run02,active,12.468092,5.3975,0.584855,3.156754,39.116425
FrodoKEM-640-AES_run02,active,12.48084,5.39875,0.584318,3.154589,39.156639
FrodoKEM-640-AES_run02,active,12.493584,5.39625,0.575736,3.106815,39.196233
FrodoKEM-640-AES_run02,active,12.506328,5.39875,0.575557,3.107289,39.235831
FrodoKEM-640-AES_run02,active,12.519108,5.39625,0.584497,3.154093,39.276141
FrodoKEM-640-AES_run02,active,12.531857,5.39375,0.583603,3.14781,39.316271
FrodoKEM-640-AES_run02,active,12.544599,5.39875,0.576272,3.111151,39.355915
FrodoKEM-640-AES_run02,active,12.557345,5.38875,0.589146,3.174761,39.396378
FrodoKEM-640-AES_run02,active,12.570095,5.3975,0.582888,3.146138,39.436492
FrodoKEM-640-AES_run02,active,12.582841,5.39625,0.583961,3.151198,39.476656
FrodoKEM-640-AES_run02,active,12.595587,5.39375,0.575378,3.103447,39.516214
FrodoKEM-640-AES_run02,active,12.60833,5.39625,0.584497,3.154093,39.556408
FrodoKEM-640-AES_run02,active,12.621078,5.39625,0.583782,3.150234,39.596566
FrodoKEM-640-AES_run02,active,12.633862,5.3975,0.584318,3.153859,39.636886
FrodoKEM-640-AES_run02,active,12.646613,5.40375,0.579491,3.131423,39.676814
FrodoKEM-640-AES_run02,active,12.659361,5.39625,0.589861,3.183039,39.717392
FrodoKEM-640-AES_run02,active,12.672112,5.4,0.584318,3.155319,39.757625
FrodoKEM-640-AES_run02,active,12.684862,5.3975,0.577166,3.115256,39.797344
FrodoKEM-640-AES_run02,active,12.697609,5.395,0.583782,3.149504,39.837491
FrodoKEM-640-AES_run02,active,12.710354,5.3975,0.585034,3.157719,39.877735
FrodoKEM-640-AES_run02,active,12.723127,5.39625,0.583424,3.148304,39.917951
FrodoKEM-640-AES_run02,active,12.735875,5.405,0.575736,3.111853,39.95762
FrodoKEM-640-AES_run02,active,12.748619,5.395,0.584676,3.154327,39.997817
FrodoKEM-640-AES_run02,active,12.761366,5.39625,0.58414,3.152163,40.037999
FrodoKEM-640-AES_run02,active,12.776884,5.4,0.576272,3.111871,40.086289
FrodoKEM-640-AES_run02,active,12.789651,5.395,0.576094,3.108025,40.12597
FrodoKEM-640-AES_run02,active,12.8024,5.39625,0.584676,3.155058,40.166193
FrodoKEM-640-AES_run02,active,12.815148,5.3975,0.583961,3.151928,40.206373
FrodoKEM-640-AES_run02,active,12.827893,5.39625,0.576809,3.112604,40.246044
FrodoKEM-640-AES_run02,active,12.840637,5.39625,0.585034,3.156988,40.286277
FrodoKEM-640-AES_run02,active,12.853388,5.39625,0.584855,3.156023,40.32652
FrodoKEM-640-AES_run02,active,12.866132,5.3875,0.586643,3.160538,40.366797
FrodoKEM-640-AES_run02,active,12.878884,5.39875,0.576272,3.111151,40.406471
FrodoKEM-640-AES_run02,active,12.891638,5.3975,0.585391,3.159649,40.446768
FrodoKEM-640-AES_run02,active,12.904423,5.3925,0.584318,3.150937,40.487054
FrodoKEM-640-AES_run02,active,12.917168,5.3975,0.575021,3.103675,40.526608
FrodoKEM-640-AES_run02,active,12.929912,5.39625,0.575557,3.105851,40.566191
FrodoKEM-640-AES_run02,active,12.942655,5.395,0.584497,3.153362,40.606374
FrodoKEM-640-AES_run02,active,12.955401,5.39625,0.582173,3.14155,40.646415
FrodoKEM-640-AES_run02,active,12.968146,5.39625,0.581458,3.137691,40.686405
FrodoKEM-640-AES_run02,active,12.980896,5.3975,0.583603,3.149998,40.726567
FrodoKEM-640-AES_run02,active,12.993645,5.39625,0.584318,3.153128,40.766767
FrodoKEM-640-AES_run02,active,13.006389,5.39875,0.583424,3.149762,40.806909
FrodoKEM-640-AES_run02,active,13.019135,5.3975,0.575915,3.1085,40.846529
FrodoKEM-640-AES_run02,active,13.031878,5.3975,0.583603,3.149998,40.88667
FrodoKEM-640-AES_run02,active,13.044621,5.395,0.583961,3.150469,40.926814
FrodoKEM-640-AES_run02,active,13.057366,5.39625,0.580921,3.134796,40.966767
FrodoKEM-640-AES_run02,active,13.070109,5.39625,0.577882,3.118394,41.006506
FrodoKEM-640-AES_run02,active,13.082859,5.395,0.584497,3.153362,41.046713
FrodoKEM-640-AES_run02,active,13.09561,5.3975,0.585034,3.157719,41.086976
FrodoKEM-640-AES_run02,active,13.108354,5.39625,0.576272,3.10971,41.126607
FrodoKEM-640-AES_run02,active,13.121098,5.3975,0.585034,3.157719,41.166848
FrodoKEM-640-AES_run02,active,13.133841,5.39625,0.58414,3.152163,41.207017
FrodoKEM-640-AES_run02,active,13.146585,5.3775,0.584318,3.142172,41.247058
FrodoKEM-640-AES_run02,active,13.15933,5.395,0.575915,3.10706,41.286659
FrodoKEM-640-AES_run02,active,13.172073,5.39625,0.584318,3.153128,41.326839
FrodoKEM-640-AES_run02,active,13.184833,5.3975,0.583424,3.149033,41.36702
FrodoKEM-640-AES_run02,active,13.197583,5.39625,0.57663,3.11164,41.406694
FrodoKEM-640-AES_run02,active,13.210328,5.39625,0.575557,3.105851,41.446279
FrodoKEM-640-AES_run02,active,13.223111,5.3975,0.583961,3.151928,41.486569
FrodoKEM-640-AES_run02,active,13.235859,5.3925,0.585749,3.15865,41.526836
FrodoKEM-640-AES_run02,active,13.248602,5.39375,0.576272,3.108269,41.566444
FrodoKEM-640-AES_run02,active,13.261347,5.3975,0.58414,3.152893,41.606629
FrodoKEM-640-AES_run02,active,13.274092,5.3975,0.58414,3.152893,41.646811
FrodoKEM-640-AES_run02,active,13.286841,5.39375,0.585928,3.160347,41.687105
FrodoKEM-640-AES_run02,active,13.299593,5.39625,0.575557,3.105851,41.726708
FrodoKEM-640-AES_run02,active,13.312337,5.395,0.583782,3.149504,41.766847
FrodoKEM-640-AES_run02,active,13.325078,5.39375,0.583782,3.148774,41.806966
FrodoKEM-640-AES_run02,active,13.337822,5.39125,0.584855,3.153098,41.847148
FrodoKEM-640-AES_run02,active,13.350565,5.395,0.576272,3.10899,41.886765
FrodoKEM-640-AES_run02,active,13.363312,5.3975,0.584497,3.154824,41.926979
FrodoKEM-640-AES_run02,active,13.376056,5.39,0.583603,3.145621,41.96707
FrodoKEM-640-AES_run02,active,13.388807,5.37625,0.576809,3.101068,42.006609
FrodoKEM-640-AES_run02,active,13.401554,5.39625,0.584855,3.156023,42.04684
FrodoKEM-640-AES_run02,active,13.414298,5.39625,0.585749,3.160847,42.08712
FrodoKEM-640-AES_run02,active,13.427044,5.39375,0.589325,3.178671,42.127637
FrodoKEM-640-AES_run02,active,13.439791,5.3975,0.575915,3.1085,42.167262
FrodoKEM-640-AES_run02,active,13.452536,5.3975,0.584855,3.156754,42.207495
FrodoKEM-640-AES_run02,active,13.465283,5.39625,0.580921,3.134796,42.247452
FrodoKEM-640-AES_run02,active,13.478026,5.395,0.587894,3.17169,42.28787
FrodoKEM-640-AES_run02,active,13.490776,5.3975,0.575378,3.105605,42.327467
FrodoKEM-640-AES_run02,active,13.503526,5.395,0.592007,3.193877,42.36819
FrodoKEM-640-AES_run02,active,13.516272,5.3975,0.582173,3.142278,42.408241
FrodoKEM-640-AES_run02,active,13.529016,5.3975,0.57663,3.11236,42.447905
FrodoKEM-640-AES_run02,active,13.54176,5.39625,0.584497,3.154093,42.488101
FrodoKEM-640-AES_run02,active,13.554505,5.39625,0.583603,3.149269,42.528238
FrodoKEM-640-AES_run02,active,13.567252,5.39625,0.585749,3.160847,42.56853
FrodoKEM-640-AES_run02,active,13.579997,5.39625,0.576988,3.113569,42.608211
FrodoKEM-640-AES_run02,active,13.592746,5.39625,0.584497,3.154093,42.648424
FrodoKEM-640-AES_run02,active,13.605494,5.39625,0.585749,3.160847,42.688718
FrodoKEM-640-AES_run02,active,13.618238,5.39625,0.583961,3.151198,42.728877
FrodoKEM-640-AES_run02,active,13.630982,5.3975,0.576094,3.109465,42.768502
FrodoKEM-640-AES_run02,active,13.64373,5.3925,0.584497,3.151901,42.808684
FrodoKEM-640-AES_run02,active,13.656475,5.39375,0.580742,3.132379,42.848604
FrodoKEM-640-AES_run02,active,13.66922,5.39625,0.576451,3.110675,42.888252
FrodoKEM-640-AES_run02,active,13.681966,5.3975,0.580027,3.130697,42.928154
FrodoKEM-640-AES_run02,active,13.694716,5.39875,0.583246,3.148797,42.968302
FrodoKEM-640-AES_run02,active,13.707468,5.3975,0.584318,3.153859,43.008521
FrodoKEM-640-AES_run02,active,13.720217,5.3975,0.575915,3.1085,43.048149
FrodoKEM-640-AES_run02,active,13.732959,5.39625,0.584855,3.156023,43.088365
FrodoKEM-640-AES_run02,active,13.745751,5.39375,0.584855,3.154561,43.128719
FrodoKEM-640-AES_run02,active,13.758498,5.39625,0.583961,3.151198,43.168885
FrodoKEM-640-AES_run02,active,13.771245,5.39625,0.576451,3.110675,43.208537
FrodoKEM-640-AES_run02,active,13.783989,5.39625,0.583424,3.148304,43.24866
FrodoKEM-640-AES_run02,active,13.796739,5.3925,0.585391,3.156722,43.288907
FrodoKEM-640-AES_run02,active,13.809487,5.3975,0.576809,3.113325,43.328595
FrodoKEM-640-AES_run02,active,13.822233,5.39625,0.576272,3.10971,43.368232
FrodoKEM-640-AES_run02,active,13.834977,5.395,0.584855,3.155292,43.408445
FrodoKEM-640-AES_run02,active,13.847723,5.39875,0.585391,3.160381,43.448726
FrodoKEM-640-AES_run02,active,13.860466,5.39875,0.575557,3.107289,43.488322
FrodoKEM-640-AES_run02,active,13.873211,5.39625,0.584318,3.153128,43.528508
FrodoKEM-640-AES_run02,active,13.885956,5.3975,0.583603,3.149998,43.568655
FrodoKEM-640-AES_run02,active,13.898708,5.3975,0.584318,3.153859,43.608872
FrodoKEM-640-AES_run02,active,13.911458,5.3975,0.575378,3.105605,43.648469
FrodoKEM-640-AES_run02,active,13.924203,5.39625,0.585034,3.156988,43.688707
FrodoKEM-640-AES_run02,active,13.936948,5.3975,0.583603,3.149998,43.728852
FrodoKEM-640-AES_run02,active,13.949697,5.3975,0.57663,3.11236,43.768531
FrodoKEM-640-AES_run02,active,13.962444,5.3975,0.575736,3.107535,43.808144
FrodoKEM-640-AES_run02,active,13.975192,5.39625,0.581994,3.140585,43.848181
FrodoKEM-640-AES_run02,active,13.987937,5.3975,0.59451,3.208868,43.889078
FrodoKEM-640-AES_run02,active,14.000687,5.395,0.576451,3.109954,43.92873
FrodoKEM-640-AES_run02,active,14.013437,5.39625,0.583603,3.149269,43.968881
FrodoKEM-640-AES_run02,active,14.026181,5.39625,0.58414,3.152163,44.009053
FrodoKEM-640-AES_run02,active,14.038926,5.395,0.583961,3.150469,44.049205
FrodoKEM-640-AES_run02,active,14.054402,5.38875,0.573948,3.092862,44.097073
FrodoKEM-640-AES_run02,active,14.067183,5.4025,0.584497,3.157746,44.137431
FrodoKEM-640-AES_run02,active,14.079932,5.39875,0.582352,3.143971,44.177513
FrodoKEM-640-AES_run02,active,14.092678,5.3975,0.574306,3.099814,44.217023
FrodoKEM-640-AES_run02,active,14.105432,5.39625,0.580385,3.131901,44.256967
FrodoKEM-640-AES_run02,active,14.118184,5.39625,0.584497,3.154093,44.297187
FrodoKEM-640-AES_run02,active,14.13093,5.39875,0.584497,3.155554,44.337408
FrodoKEM-640-AES_run02,active,14.143678,5.3975,0.57663,3.11236,44.377087
FrodoKEM-640-AES_run02,active,14.156472,5.39875,0.587894,3.173895,44.417693
FrodoKEM-640-AES_run02,active,14.169219,5.39625,0.584497,3.154093,44.457897
FrodoKEM-640-AES_run02,active,14.181974,5.39625,0.584676,3.155058,44.498142
FrodoKEM-640-AES_run02,active,14.194724,5.39625,0.576809,3.112604,44.537825
FrodoKEM-640-AES_run02,active,14.207479,5.39625,0.587894,3.172425,44.578289
FrodoKEM-640-AES_run02,active,14.220228,5.3975,0.583961,3.151928,44.618475
FrodoKEM-640-AES_run02,active,14.232971,5.39375,0.576272,3.108269,44.658084
FrodoKEM-640-AES_run02,active,14.24577,5.39375,0.585391,3.157454,44.698494
FrodoKEM-640-AES_run02,active,14.258523,5.39375,0.584855,3.154561,44.738725
FrodoKEM-640-AES_run02,active,14.271269,5.395,0.584318,3.152398,44.778907
FrodoKEM-640-AES_run02,active,14.284014,5.39625,0.576272,3.10971,44.818539
FrodoKEM-640-AES_run02,active,14.296757,5.39625,0.583067,3.146374,44.858632
FrodoKEM-640-AES_run02,active,14.30951,5.4,0.584318,3.155319,44.898872
FrodoKEM-640-AES_run02,active,14.322259,5.4,0.584318,3.155319,44.939098
FrodoKEM-640-AES_run02,active,14.335004,5.39625,0.57806,3.119358,44.978856
FrodoKEM-640-AES_run02,active,14.347751,5.3975,0.585034,3.157719,45.019106
FrodoKEM-640-AES_run02,active,14.360494,5.39625,0.58414,3.152163,45.059277
FrodoKEM-640-AES_run02,active,14.373242,5.39625,0.575021,3.102956,45.098832
FrodoKEM-640-AES_run02,active,14.385986,5.39875,0.576451,3.112116,45.138493
FrodoKEM-640-AES_run02,active,14.398729,5.3975,0.584318,3.153859,45.178684
FrodoKEM-640-AES_run02,active,14.411483,5.3975,0.585391,3.159649,45.218982
FrodoKEM-640-AES_run02,active,14.42423,5.39875,0.576272,3.111151,45.258638
FrodoKEM-640-AES_run02,active,14.436975,5.40125,0.5811,3.138666,45.29864
FrodoKEM-640-AES_run02,active,14.449758,5.39625,0.584855,3.156023,45.338984
FrodoKEM-640-AES_run02,active,14.462503,5.39625,0.583961,3.151198,45.379146
FrodoKEM-640-AES_run02,active,14.475252,5.3975,0.575557,3.10657,45.418751
FrodoKEM-640-AES_run02,active,14.487997,5.4,0.585034,3.159181,45.459017
FrodoKEM-640-AES_run02,active,14.500742,5.3975,0.584318,3.153859,45.499211
FrodoKEM-640-AES_run02,active,14.513494,5.39875,0.576451,3.112116,45.538896
FrodoKEM-640-AES_run02,active,14.526242,5.39,0.576451,3.107072,45.578506
FrodoKEM-640-AES_run02,active,14.538987,5.39375,0.584497,3.152632,45.618685
FrodoKEM-640-AES_run02,active,14.551734,5.3975,0.583782,3.150963,45.658851
FrodoKEM-640-AES_run02,active,14.564475,5.39625,0.575915,3.10778,45.698449
FrodoKEM-640-AES_run02,active,14.577223,5.39375,0.588073,3.17192,45.738884
FrodoKEM-640-AES_run02,active,14.589968,5.39625,0.58557,3.159882,45.779156
FrodoKEM-640-AES_run02,active,14.602712,5.3975,0.583961,3.151928,45.819326
FrodoKEM-640-AES_run02,active,14.615465,5.395,0.575915,3.10706,45.85895
FrodoKEM-640-AES_run02,active,14.628215,5.39625,0.588073,3.17339,45.89941
FrodoKEM-640-AES_run02,active,14.640965,5.39625,0.583782,3.150234,45.939576
FrodoKEM-640-AES_run02,active,14.653743,5.3975,0.576451,3.111395,45.979332
FrodoKEM-640-AES_run02,active,14.66649,5.3975,0.574484,3.10078,46.018858
FrodoKEM-640-AES_run02,active,14.679239,5.39625,0.585212,3.157952,46.059119
FrodoKEM-640-AES_run02,active,14.691985,5.3975,0.584676,3.155789,46.099343
FrodoKEM-640-AES_run02,active,14.704728,5.395,0.576809,3.111883,46.138999
FrodoKEM-640-AES_run02,active,14.71748,5.39625,0.58253,3.14348,46.179084
FrodoKEM-640-AES_run02,active,14.730233,5.39625,0.583961,3.151198,46.219271
FrodoKEM-640-AES_run02,active,14.742981,5.39625,0.58414,3.152163,46.259454
FrodoKEM-640-AES_run02,active,14.755729,5.39625,0.568763,3.069186,46.298581
FrodoKEM-640-AES_run02,active,14.768472,5.39625,0.584855,3.156023,46.338796
FrodoKEM-640-AES_run02,active,14.781217,5.39625,0.583961,3.151198,46.378958
FrodoKEM-640-AES_run02,active,14.793961,5.3975,0.583424,3.149033,46.419092
FrodoKEM-640-AES_run02,active,14.806705,5.39625,0.57806,3.119358,46.458845
FrodoKEM-640-AES_run02,active,14.819459,5.3975,0.584855,3.156754,46.499105
FrodoKEM-640-AES_run02,active,14.832209,5.3975,0.584497,3.154824,46.539328
FrodoKEM-640-AES_run02,active,14.844952,5.39875,0.576272,3.111151,46.578976
FrodoKEM-640-AES_run02,active,14.857733,5.39375,0.584676,3.153596,46.619281
FrodoKEM-640-AES_run02,active,14.87048,5.39625,0.587179,3.168566,46.65967
FrodoKEM-640-AES_run02,active,14.883228,5.3975,0.584497,3.154824,46.699889
FrodoKEM-640-AES_run02,active,14.895974,5.39375,0.574663,3.09959,46.739397
FrodoKEM-640-AES_run02,active,14.90872,5.40125,0.584855,3.158947,46.779658
FrodoKEM-640-AES_run02,active,14.92147,5.39625,0.583424,3.148304,46.819801
FrodoKEM-640-AES_run02,active,14.93422,5.39625,0.582352,3.142515,46.859866
FrodoKEM-640-AES_run02,active,14.946965,5.39625,0.577345,3.115499,46.899575
FrodoKEM-640-AES_run02,active,14.959712,5.39625,0.584676,3.155058,46.939792
FrodoKEM-640-AES_run02,active,14.972455,5.39625,0.584855,3.156023,46.980009
FrodoKEM-640-AES_run02,active,14.9852,5.395,0.576094,3.108025,47.01962
FrodoKEM-640-AES_run02,active,14.997945,5.4025,0.585212,3.16161,47.059914
FrodoKEM-640-AES_run02,active,15.01069,5.3975,0.585034,3.157719,47.100159
FrodoKEM-640-AES_run02,active,15.023443,5.39625,0.583424,3.148304,47.140311
FrodoKEM-640-AES_run02,active,15.036193,5.395,0.576272,3.10899,47.179952
FrodoKEM-640-AES_run02,active,15.048935,5.39875,0.584855,3.157485,47.220182
FrodoKEM-640-AES_run02,active,15.061682,5.395,0.583603,3.148539,47.260318
FrodoKEM-640-AES_run02,active,15.074428,5.3975,0.58414,3.152893,47.300504
FrodoKEM-640-AES_run02,active,15.087175,5.39875,0.576809,3.114047,47.3402
FrodoKEM-640-AES_run02,active,15.09992,5.39875,0.584318,3.154589,47.380405
FrodoKEM-640-AES_run02,active,15.112663,5.3975,0.583424,3.149033,47.420534
FrodoKEM-640-AES_run02,active,15.125415,5.39625,0.575915,3.10778,47.460162
FrodoKEM-640-AES_run02,active,15.138165,5.39625,0.575915,3.10778,47.499786
FrodoKEM-640-AES_run02,active,15.150911,5.39625,0.584318,3.153128,47.539975
FrodoKEM-640-AES_run02,active,15.163658,5.39875,0.58414,3.153624,47.580175
FrodoKEM-640-AES_run02,active,15.176438,5.39625,0.575021,3.102956,47.619831
FrodoKEM-640-AES_run02,active,15.18919,5.39625,0.584318,3.153128,47.66004
FrodoKEM-640-AES_run02,active,15.201935,5.3975,0.583961,3.151928,47.700211
FrodoKEM-640-AES_run02,active,15.214679,5.39625,0.583603,3.149269,47.740347
FrodoKEM-640-AES_run02,active,15.227433,5.395,0.575557,3.105131,47.77995
FrodoKEM-640-AES_run02,active,15.240182,5.39625,0.585034,3.156988,47.820199
FrodoKEM-640-AES_run02,active,15.252927,5.39625,0.583961,3.151198,47.860358
FrodoKEM-640-AES_run02,active,15.26567,5.3975,0.576809,3.113325,47.900033
FrodoKEM-640-AES_run02,active,15.278414,5.39625,0.58557,3.159882,47.940303
FrodoKEM-640-AES_run02,active,15.29116,5.395,0.584676,3.154327,47.980507
FrodoKEM-640-AES_run02,active,15.303904,5.39625,0.584318,3.153128,48.020691
FrodoKEM-640-AES_run02,active,15.316646,5.4,0.580027,3.132147,48.060602
FrodoKEM-640-AES_run02,active,15.332207,5.39625,0.584318,3.153128,48.109666
FrodoKEM-640-AES_run02,active,15.344978,5.39625,0.583961,3.151198,48.14991
FrodoKEM-640-AES_run02,active,15.357746,5.39625,0.575915,3.10778,48.189591
FrodoKEM-640-AES_run02,active,15.370491,5.39625,0.575915,3.10778,48.229199
FrodoKEM-640-AES_run02,active,15.383239,5.3975,0.584855,3.156754,48.269441
FrodoKEM-640-AES_run02,active,15.395985,5.3975,0.585749,3.161579,48.309738
FrodoKEM-640-AES_run02,active,15.408726,5.39875,0.578954,3.12563,48.349562
FrodoKEM-640-AES_run02,active,15.421469,5.39625,0.584318,3.153128,48.389743
FrodoKEM-640-AES_run02,active,15.434218,5.39625,0.584676,3.155058,48.429967
FrodoKEM-640-AES_run02,active,15.44697,5.3975,0.589504,3.181846,48.470542
FrodoKEM-640-AES_run02,active,15.459719,5.39625,0.575557,3.105851,48.510137
FrodoKEM-640-AES_run02,active,15.472463,5.39875,0.583961,3.152658,48.550315
FrodoKEM-640-AES_run02,active,15.485207,5.39625,0.585391,3.158917,48.590574
FrodoKEM-640-AES_run02,active,15.497952,5.395,0.582352,3.141787,48.630613
FrodoKEM-640-AES_run02,active,15.510694,5.39625,0.575915,3.10778,48.670215
FrodoKEM-640-AES_run02,active,15.52344,5.3975,0.583424,3.149033,48.710352
FrodoKEM-640-AES_run02,active,15.53619,5.3975,0.582173,3.142278,48.750416
FrodoKEM-640-AES_run02,active,15.548938,5.3975,0.575736,3.107535,48.790029
FrodoKEM-640-AES_run02,active,15.561681,5.3975,0.584497,3.154824,48.830233
FrodoKEM-640-AES_run02,active,15.574426,5.39625,0.583246,3.147339,48.870347
FrodoKEM-640-AES_run02,active,15.587172,5.395,0.586464,3.163973,48.910675
FrodoKEM-640-AES_run02,active,15.599918,5.39625,0.575915,3.10778,48.950286
FrodoKEM-640-AES_run02,active,15.612664,5.395,0.584855,3.155292,48.990502
FrodoKEM-640-AES_run02,active,15.625409,5.39625,0.58414,3.152163,49.030676
FrodoKEM-640-AES_run02,active,15.638161,5.40125,0.58557,3.16281,49.071007
FrodoKEM-640-AES_run02,active,15.65091,5.39625,0.576094,3.108745,49.110643
FrodoKEM-640-AES_run02,active,15.663655,5.3975,0.584855,3.156754,49.150873
FrodoKEM-640-AES_run02,active,15.676437,5.39625,0.583067,3.146374,49.191092
FrodoKEM-640-AES_run02,active,15.689183,5.395,0.576272,3.10899,49.230718
FrodoKEM-640-AES_run02,active,15.701928,5.3975,0.585928,3.162544,49.271026
FrodoKEM-640-AES_run02,active,15.714673,5.3975,0.585391,3.159649,49.311294
FrodoKEM-640-AES_run02,active,15.727419,5.395,0.585391,3.158186,49.351549
FrodoKEM-640-AES_run02,active,15.740171,5.39625,0.575736,3.106815,49.391167
FrodoKEM-640-AES_run02,active,15.752917,5.39875,0.584676,3.15652,49.431402
FrodoKEM-640-AES_run02,active,15.765664,5.4025,0.583424,3.15195,49.471579
FrodoKEM-640-AES_run02,active,15.778409,5.3975,0.583603,3.149998,49.511724
FrodoKEM-640-AES_run02,active,15.791156,5.39625,0.575915,3.10778,49.551339
FrodoKEM-640-AES_run02,active,15.803901,5.3925,0.583782,3.148044,49.591462
FrodoKEM-640-AES_run02,active,15.816643,5.39625,0.577166,3.114534,49.631148
FrodoKEM-640-AES_run02,active,15.829388,5.39625,0.576451,3.110675,49.670792
FrodoKEM-640-AES_run02,active,15.842137,5.3975,0.575915,3.1085,49.710424
FrodoKEM-640-AES_run02,active,15.854887,5.39625,0.584318,3.153128,49.750626
FrodoKEM-640-AES_run02,active,15.867634,5.39625,0.587894,3.172425,49.791064
FrodoKEM-640-AES_run02,active,15.880379,5.39625,0.575378,3.104886,49.830636
FrodoKEM-640-AES_run02,active,15.893126,5.39625,0.586464,3.164706,49.870976
FrodoKEM-640-AES_run02,active,15.90587,5.39625,0.583424,3.148304,49.9111
FrodoKEM-640-AES_run02,active,15.918609,5.39875,0.585391,3.160381,49.951357
FrodoKEM-640-AES_run02,active,15.931361,5.39625,0.575557,3.105851,49.990964
FrodoKEM-640-AES_run02,active,15.944115,5.395,0.584676,3.154327,50.031196
FrodoKEM-640-AES_run02,active,15.956863,5.39875,0.583782,3.151693,50.071373
FrodoKEM-640-AES_run02,active,15.969609,5.39625,0.57663,3.11164,50.111033
FrodoKEM-640-AES_run02,active,15.982353,5.395,0.582173,3.140822,50.151061
FrodoKEM-640-AES_run02,active,15.995128,5.39625,0.584318,3.153128,50.191342
FrodoKEM-640-AES_run02,active,16.007877,5.39375,0.587894,3.170955,50.231768
FrodoKEM-640-AES_run02,active,16.020622,5.4,0.575736,3.108974,50.271393
FrodoKEM-640-AES_run02,active,16.033367,5.39375,0.583961,3.149739,50.311536
FrodoKEM-640-AES_run02,active,16.046119,5.39625,0.586285,3.163742,50.35188
FrodoKEM-640-AES_run02,active,16.058867,5.3975,0.584318,3.153859,50.392086
FrodoKEM-640-AES_run02,active,16.071615,5.39625,0.575378,3.104886,50.431666
FrodoKEM-640-AES_run02,active,16.084359,5.3975,0.585212,3.158684,50.47192
FrodoKEM-640-AES_run02,active,16.097103,5.405,0.583782,3.155342,50.512132
FrodoKEM-640-AES_run02,active,16.109847,5.39625,0.576809,3.112604,50.551799
FrodoKEM-640-AES_run02,active,16.122591,5.39625,0.575557,3.105851,50.591379
FrodoKEM-640-AES_run02,active,16.135338,5.39625,0.584676,3.155058,50.631598
FrodoKEM-640-AES_run02,active,16.148089,5.395,0.583961,3.150469,50.67177
FrodoKEM-640-AES_run02,active,16.160837,5.395,0.575915,3.10706,50.711379
FrodoKEM-640-AES_run02,active,16.173584,5.3975,0.584497,3.154824,50.751593
FrodoKEM-640-AES_run02,active,16.186337,5.39625,0.584855,3.156023,50.791841
FrodoKEM-640-AES_run02,active,16.199124,5.395,0.584318,3.152398,50.832151
FrodoKEM-640-AES_run02,active,16.211874,5.395,0.576272,3.10899,50.871791
FrodoKEM-640-AES_run02,active,16.224617,5.3975,0.584676,3.155789,50.912006
FrodoKEM-640-AES_run02,active,16.237363,5.39625,0.586822,3.166636,50.952368
FrodoKEM-640-AES_run02,active,16.250117,5.39625,0.576451,3.110675,50.99204
FrodoKEM-640-AES_run02,active,16.262863,5.39625,0.57663,3.11164,51.031701
FrodoKEM-640-AES_run02,active,16.27561,5.3975,0.584676,3.155789,51.071929
FrodoKEM-640-AES_run02,active,16.288355,5.39875,0.583067,3.147832,51.112046
FrodoKEM-640-AES_run02,active,16.301096,5.39875,0.575915,3.10922,51.151663
FrodoKEM-640-AES_run02,active,16.313842,5.395,0.583961,3.150469,51.191817
FrodoKEM-640-AES_run02,active,16.326586,5.3975,0.591292,3.191496,51.232489
FrodoKEM-640-AES_run02,active,16.339333,5.39875,0.583603,3.150728,51.272651
FrodoKEM-640-AES_run02,active,16.352084,5.3975,0.576272,3.11043,51.312314
FrodoKEM-640-AES_run02,active,16.364831,5.3975,0.584497,3.154824,51.352529
FrodoKEM-640-AES_run02,active,16.377577,5.39625,0.588431,3.17532,51.393
FrodoKEM-640-AES_run02,active,16.390321,5.39625,0.581994,3.140585,51.433023
FrodoKEM-640-AES_run02,active,16.403095,5.39625,0.575736,3.106815,51.472712
FrodoKEM-640-AES_run02,active,16.415846,5.39625,0.585928,3.161812,51.513025
FrodoKEM-640-AES_run02,active,16.428589,5.3975,0.584318,3.153859,51.553217
FrodoKEM-640-AES_run02,active,16.441335,5.39625,0.575736,3.106815,51.592814
FrodoKEM-640-AES_run02,active,16.454086,5.39375,0.584318,3.151667,51.633004
FrodoKEM-640-AES_run02,active,16.466836,5.3925,0.585212,3.155758,51.67324
FrodoKEM-640-AES_run02,active,16.479583,5.39625,0.58414,3.152163,51.713421
FrodoKEM-640-AES_run02,active,16.492329,5.39625,0.575915,3.10778,51.753032
FrodoKEM-640-AES_run02,active,16.505073,5.39625,0.586106,3.162777,51.793336
FrodoKEM-640-AES_run02,active,16.517818,5.395,0.583961,3.150469,51.83349
FrodoKEM-640-AES_run02,active,16.530561,5.4,0.584676,3.15725,51.873724
FrodoKEM-640-AES_run02,active,16.543308,5.395,0.576272,3.10899,51.913354
FrodoKEM-640-AES_run02,active,16.556061,5.395,0.583961,3.150469,51.95353
FrodoKEM-640-AES_run02,active,16.568809,5.4025,0.58414,3.155814,51.993761
FrodoKEM-640-AES_run02,active,16.581555,5.39625,0.576451,3.110675,52.033411
FrodoKEM-640-AES_run02,active,16.594299,5.39625,0.584676,3.155058,52.073619
FrodoKEM-640-AES_run02,active,16.60962,5.39875,0.583424,3.149762,52.121876
FrodoKEM-640-AES_run02,active,16.622377,5.39625,0.58414,3.152163,52.16209
FrodoKEM-640-AES_run02,active,16.635128,5.395,0.576272,3.10899,52.201731
FrodoKEM-640-AES_run02,active,16.647874,5.39625,0.584855,3.156023,52.241959
FrodoKEM-640-AES_run02,active,16.660632,5.39625,0.583603,3.149269,52.282134
FrodoKEM-640-AES_run02,active,16.673383,5.395,0.576451,3.109954,52.32179
FrodoKEM-640-AES_run02,active,16.686128,5.39625,0.576272,3.10971,52.361423
FrodoKEM-640-AES_run02,active,16.698873,5.39625,0.585212,3.157952,52.401672
FrodoKEM-640-AES_run02,active,16.711622,5.3975,0.584855,3.156754,52.441917
FrodoKEM-640-AES_run02,active,16.724368,5.39375,0.575915,3.10634,52.48151
FrodoKEM-640-AES_run02,active,16.737111,5.40375,0.582352,3.146882,52.521613
FrodoKEM-640-AES_run02,active,16.749856,5.3975,0.584676,3.155789,52.561833
FrodoKEM-640-AES_run02,active,16.762606,5.39625,0.583961,3.151198,52.60201
FrodoKEM-640-AES_run02,active,16.775354,5.39625,0.575557,3.105851,52.641604
FrodoKEM-640-AES_run02,active,16.788101,5.395,0.584497,3.153362,52.6818
FrodoKEM-640-AES_run02,active,16.800845,5.3975,0.584497,3.154824,52.722004
FrodoKEM-640-AES_run02,active,16.81359,5.39375,0.580385,3.130451,52.761903
FrodoKEM-640-AES_run02,active,16.826338,5.40375,0.57663,3.115964,52.801623
FrodoKEM-640-AES_run02,active,16.839122,5.3975,0.583067,3.147103,52.841856
FrodoKEM-640-AES_run02,active,16.851871,5.3975,0.583424,3.149033,52.882005
FrodoKEM-640-AES_run02,active,16.864622,5.3975,0.57663,3.11236,52.921689
FrodoKEM-640-AES_run02,active,16.877371,5.3925,0.584855,3.15383,52.961899
FrodoKEM-640-AES_run02,active,16.890117,5.395,0.584855,3.155292,53.002114
FrodoKEM-640-AES_run02,active,16.902862,5.39625,0.584318,3.153128,53.042303
FrodoKEM-640-AES_run02,active,16.915609,5.39375,0.576272,3.108269,53.081922
FrodoKEM-640-AES_run02,active,16.928356,5.3975,0.585212,3.158684,53.122187
FrodoKEM-640-AES_run02,active,16.941101,5.39625,0.584318,3.153128,53.162373
FrodoKEM-640-AES_run02,active,16.953848,5.39625,0.575378,3.104886,53.20195
FrodoKEM-640-AES_run02,active,16.966599,5.395,0.575915,3.10706,53.241571
FrodoKEM-640-AES_run02,active,16.979352,5.39875,0.58414,3.153624,53.281787
FrodoKEM-640-AES_run02,active,16.992098,5.3925,0.583961,3.149009,53.321923
FrodoKEM-640-AES_run02,active,17.00484,5.39625,0.577524,3.116464,53.361636
FrodoKEM-640-AES_run02,active,17.017586,5.39375,0.584855,3.154561,53.401843
FrodoKEM-640-AES_run02,active,17.030332,5.3975,0.58861,3.17702,53.442338
FrodoKEM-640-AES_run02,active,17.043119,5.39625,0.584318,3.153128,53.482656
FrodoKEM-640-AES_run02,active,17.05587,5.3975,0.576094,3.109465,53.522306
FrodoKEM-640-AES_run02,active,17.06862,5.39625,0.579848,3.129007,53.562199
FrodoKEM-640-AES_run02,active,17.081368,5.39625,0.583782,3.150234,53.602359
FrodoKEM-640-AES_run02,active,17.094114,5.3975,0.585749,3.161579,53.642657
FrodoKEM-640-AES_run02,active,17.106858,5.39625,0.580027,3.129972,53.682546
FrodoKEM-640-AES_run02,active,17.119605,5.3975,0.584497,3.154824,53.72276
FrodoKEM-640-AES_run02,active,17.13235,5.395,0.58414,3.151433,53.762926
FrodoKEM-640-AES_run02,active,17.145091,5.39625,0.576451,3.110675,53.802558
FrodoKEM-640-AES_run02,active,17.157836,5.39875,0.585034,3.15845,53.842811
FrodoKEM-640-AES_run02,active,17.170585,5.3925,0.585034,3.154794,53.883032
FrodoKEM-640-AES_run02,active,17.183345,5.3975,0.584497,3.154824,53.923288
FrodoKEM-640-AES_run02,active,17.196092,5.39625,0.577703,3.117429,53.963026
FrodoKEM-640-AES_run02,active,17.208836,5.39625,0.584497,3.154093,54.003221
FrodoKEM-640-AES_run02,active,17.221581,5.3975,0.583961,3.151928,54.043392
FrodoKEM-640-AES_run02,active,17.234324,5.39625,0.585034,3.156988,54.083623
FrodoKEM-640-AES_run02,active,17.247103,5.395,0.574663,3.100308,54.123243
FrodoKEM-640-AES_run02,active,17.259852,5.39625,0.584855,3.156023,54.163479
FrodoKEM-640-AES_run02,active,17.272601,5.39625,0.58557,3.159882,54.203763
FrodoKEM-640-AES_run02,active,17.285347,5.39625,0.576809,3.112604,54.243436
FrodoKEM-640-AES_run02,active,17.29809,5.39375,0.584497,3.152632,54.283611
FrodoKEM-640-AES_run02,active,17.310835,5.3975,0.584855,3.156754,54.323842
FrodoKEM-640-AES_run02,active,17.323581,5.39625,0.584497,3.154093,54.364044
FrodoKEM-640-AES_run02,active,17.336324,5.3975,0.575557,3.10657,54.403633
FrodoKEM-640-AES_run02,active,17.349067,5.3825,0.584855,3.147981,54.443747
FrodoKEM-640-AES_run02,active,17.361809,5.39875,0.586822,3.168103,54.484115
FrodoKEM-640-AES_run02,active,17.374559,5.395,0.584318,3.152398,54.524308
FrodoKEM-640-AES_run02,active,17.387308,5.395,0.575378,3.104166,54.563883
FrodoKEM-640-AES_run02,active,17.400052,5.39625,0.584855,3.156023,54.604104
FrodoKEM-640-AES_run02,active,17.412794,5.395,0.583603,3.148539,54.644221
FrodoKEM-640-AES_run02,active,17.425538,5.3975,0.576451,3.111395,54.683872
FrodoKEM-640-AES_run02,active,17.438283,5.40375,0.58253,3.147849,54.723992
FrodoKEM-640-AES_run02,active,17.451025,5.385,0.584676,3.14848,54.76411
FrodoKEM-640-AES_run02,active,17.463773,5.39625,0.583782,3.150234,54.804269
FrodoKEM-640-AES_run02,active,17.476522,5.39625,0.57216,3.087518,54.843632
FrodoKEM-640-AES_run02,active,17.48927,5.3975,0.584318,3.153859,54.883838
FrodoKEM-640-AES_run02,active,17.502014,5.3975,0.585749,3.161579,54.924129
FrodoKEM-640-AES_run02,active,17.514758,5.39625,0.583961,3.151198,54.964287
FrodoKEM-640-AES_run02,active,17.527504,5.39875,0.583603,3.150728,55.004447
FrodoKEM-640-AES_run02,active,17.540247,5.3975,0.585212,3.158684,55.044697
FrodoKEM-640-AES_run02,active,17.553019,5.385,0.58414,3.145592,55.084875
FrodoKEM-640-AES_run02,active,17.565764,5.39625,0.577166,3.114534,55.124567
FrodoKEM-640-AES_run02,active,17.578513,5.395,0.580742,3.133105,55.164512
FrodoKEM-640-AES_run02,active,17.591265,5.39625,0.584855,3.156023,55.204758
FrodoKEM-640-AES_run02,active,17.60401,5.39625,0.583782,3.150234,55.244908
FrodoKEM-640-AES_run02,active,17.616753,5.39625,0.577703,3.117429,55.284632
FrodoKEM-640-AES_run02,active,17.629496,5.39875,0.584497,3.155554,55.324845
FrodoKEM-640-AES_run02,active,17.642242,5.3975,0.583961,3.151928,55.365019
FrodoKEM-640-AES_run02,active,17.654986,5.385,0.584318,3.146555,55.405117
FrodoKEM-640-AES_run02,active,17.667732,5.39625,0.580564,3.132866,55.445051
FrodoKEM-640-AES_run02,active,17.68048,5.39375,0.584855,3.154561,55.485263
FrodoKEM-640-AES_run02,active,17.693228,5.395,0.584497,3.153362,55.525464
FrodoKEM-640-AES_run02,active,17.705973,5.39875,0.575378,3.106324,55.565053
FrodoKEM-640-AES_run02,active,17.718715,5.3975,0.576094,3.109465,55.604674
FrodoKEM-640-AES_run02,active,17.73146,5.39625,0.589682,3.182074,55.645231
FrodoKEM-640-AES_run02,active,17.744204,5.395,0.584318,3.152398,55.685405
FrodoKEM-640-AES_run02,active,17.756946,5.38625,0.576451,3.10491,55.724966
FrodoKEM-640-AES_run02,active,17.769692,5.3975,0.584497,3.154824,55.765178
FrodoKEM-640-AES_run02,active,17.782441,5.39875,0.583603,3.150728,55.805347
FrodoKEM-640-AES_run02,active,17.795193,5.3975,0.582173,3.142278,55.845417
FrodoKEM-640-AES_run02,active,17.807944,5.39625,0.574484,3.100061,55.884945
FrodoKEM-640-AES_run02,active,17.820688,5.39875,0.582709,3.145901,55.925038
FrodoKEM-640-AES_run02,active,17.833433,5.39625,0.584318,3.153128,55.965225
FrodoKEM-640-AES_run02,active,17.846178,5.39875,0.582173,3.143005,56.005282
FrodoKEM-640-AES_run02,active,17.858923,5.4025,0.575557,3.109448,56.044913
FrodoKEM-640-AES_run02,active,17.871669,5.39625,0.584676,3.155058,56.085127
FrodoKEM-640-AES_run02,active,17.887206,5.3975,0.589861,3.183776,56.134592
FrodoKEM-640-AES_run02,active,17.899974,5.39625,0.574842,3.101991,56.1742
FrodoKEM-640-AES_run02,active,17.912721,5.3975,0.584318,3.153859,56.214401
FrodoKEM-640-AES_run02,active,17.925467,5.39625,0.58414,3.152163,56.25458
FrodoKEM-640-AES_run02,active,17.938211,5.39625,0.59147,3.191722,56.295255
FrodoKEM-640-AES_run02,active,17.950956,5.395,0.576272,3.10899,56.334877
FrodoKEM-640-AES_run02,active,17.963703,5.39625,0.585034,3.156988,56.375119
FrodoKEM-640-AES_run02,active,17.976447,5.3975,0.584318,3.153859,56.415312
FrodoKEM-640-AES_run02,active,17.989197,5.39625,0.57663,3.11164,56.454986
FrodoKEM-640-AES_run02,active,18.001946,5.39875,0.584676,3.15652,56.495227
FrodoKEM-640-AES_run02,active,18.014689,5.3975,0.584855,3.156754,56.535454
FrodoKEM-640-AES_run02,active,18.027436,5.395,0.586285,3.163009,56.575773
FrodoKEM-640-AES_run02,active,18.040182,5.39625,0.576451,3.110675,56.615422
FrodoKEM-640-AES_run02,active,18.052924,5.3975,0.584855,3.156754,56.655646
FrodoKEM-640-AES_run02,active,18.065669,5.38625,0.583961,3.145359,56.695732
FrodoKEM-640-AES_run02,active,18.078412,5.4,0.583961,3.153388,56.735918
FrodoKEM-640-AES_run02,active,18.091165,5.3975,0.576272,3.11043,56.775583
FrodoKEM-640-AES_run02,active,18.103915,5.39625,0.584855,3.156023,56.815824
FrodoKEM-640-AES_run02,active,18.116659,5.4,0.583961,3.153388,56.85601
FrodoKEM-640-AES_run02,active,18.129403,5.39625,0.576272,3.10971,56.895641
FrodoKEM-640-AES_run02,active,18.142146,5.3975,0.577166,3.115256,56.93534
FrodoKEM-640-AES_run02,active,18.154892,5.39625,0.584497,3.154093,56.975539
FrodoKEM-640-AES_run02,active,18.167637,5.38125,0.583603,3.140515,57.015566
FrodoKEM-640-AES_run02,active,18.180388,5.39625,0.576451,3.110675,57.055232
FrodoKEM-640-AES_run02,active,18.19315,5.39625,0.584497,3.154093,57.095484
FrodoKEM-640-AES_run02,active,18.205902,5.39625,0.584676,3.155058,57.135715
FrodoKEM-640-AES_run02,active,18.218648,5.39625,0.58414,3.152163,57.175895
FrodoKEM-640-AES_run02,active,18.231396,5.395,0.576451,3.109954,57.215539
FrodoKEM-640-AES_run02,active,18.244142,5.39875,0.584497,3.155554,57.25576
FrodoKEM-640-AES_run02,active,18.256886,5.39625,0.580385,3.131901,57.295674
FrodoKEM-640-AES_run02,active,18.269631,5.385,0.577345,3.109004,57.335299
FrodoKEM-640-AES_run02,active,18.282375,5.39625,0.576451,3.110675,57.374939
FrodoKEM-640-AES_run02,active,18.295157,5.395,0.584497,3.153362,57.415244
FrodoKEM-640-AES_run02,active,18.30791,5.395,0.588967,3.177478,57.45577
FrodoKEM-640-AES_run02,active,18.320654,5.3975,0.576272,3.11043,57.495408
FrodoKEM-640-AES_run02,active,18.333399,5.3975,0.584497,3.154824,57.535616
FrodoKEM-640-AES_run02,active,18.346143,5.395,0.587179,3.167832,57.575987
FrodoKEM-640-AES_run02,active,18.358888,5.3975,0.589504,3.181846,57.616539
FrodoKEM-640-AES_run02,active,18.371634,5.3825,0.576272,3.101786,57.656074
FrodoKEM-640-AES_run02,active,18.384377,5.395,0.58414,3.151433,57.696232
FrodoKEM-640-AES_run02,active,18.397127,5.4,0.586464,3.166906,57.736612
FrodoKEM-640-AES_run02,active,18.409875,5.39625,0.57663,3.11164,57.776279
FrodoKEM-640-AES_run02,active,18.422618,5.3975,0.576094,3.109465,57.815902
FrodoKEM-640-AES_run02,active,18.435363,5.395,0.589682,3.181337,57.85645
FrodoKEM-640-AES_run02,active,18.448108,5.395,0.586106,3.162044,57.89675
FrodoKEM-640-AES_run02,active,18.460851,5.39625,0.576272,3.10971,57.936375
FrodoKEM-640-AES_run02,active,18.473594,5.38375,0.584318,3.145824,57.976462
FrodoKEM-640-AES_run02,active,18.48634,5.3975,0.58414,3.152893,58.016649
FrodoKEM-640-AES_run02,active,18.499125,5.39875,0.58414,3.153624,58.05697
FrodoKEM-640-AES_run02,active,18.511879,5.39625,0.576094,3.108745,58.09662
FrodoKEM-640-AES_run02,active,18.524624,5.3975,0.58557,3.160614,58.136899
FrodoKEM-640-AES_run02,active,18.537368,5.38625,0.584318,3.147285,58.177009
FrodoKEM-640-AES_run02,active,18.550111,5.395,0.586285,3.163009,58.217315
FrodoKEM-640-AES_run02,active,18.562857,5.39625,0.576809,3.112604,58.256989
FrodoKEM-640-AES_run02,active,18.575604,5.39625,0.585034,3.156988,58.297229
FrodoKEM-640-AES_run02,active,18.588348,5.3925,0.585212,3.155758,58.337449
FrodoKEM-640-AES_run02,active,18.601097,5.39625,0.576272,3.10971,58.377095
FrodoKEM-640-AES_run02,active,18.613845,5.39625,0.585928,3.161812,58.4174
FrodoKEM-640-AES_run02,active,18.626588,5.39625,0.585391,3.158917,58.457654
FrodoKEM-640-AES_run02,active,18.639333,5.39625,0.584318,3.153128,58.497842
FrodoKEM-640-AES_run02,active,18.652078,5.39875,0.576272,3.111151,58.537493
FrodoKEM-640-AES_run02,active,18.664826,5.3975,0.585212,3.158684,58.577759
FrodoKEM-640-AES_run02,active,18.677612,5.40125,0.581636,3.141564,58.617929
FrodoKEM-640-AES_run02,active,18.690366,5.3975,0.5811,3.136487,58.657929
FrodoKEM-640-AES_run02,active,18.703143,5.39625,0.575736,3.106815,58.697625
FrodoKEM-640-AES_run02,active,18.715898,5.39625,0.584318,3.153128,58.737844
FrodoKEM-640-AES_run02,active,18.728639,5.39625,0.584497,3.154093,58.778031
FrodoKEM-640-AES_run02,active,18.741383,5.3975,0.575915,3.1085,58.817647
FrodoKEM-640-AES_run02,active,18.754126,5.3975,0.585034,3.157719,58.857885
FrodoKEM-640-AES_run02,active,18.766869,5.3975,0.587,3.168335,58.898257
FrodoKEM-640-AES_run02,active,18.779616,5.39625,0.58414,3.152163,58.93844
FrodoKEM-640-AES_run02,active,18.792361,5.395,0.574484,3.099343,58.977941
FrodoKEM-640-AES_run02,active,18.80511,5.39625,0.584318,3.153128,59.018138
FrodoKEM-640-AES_run02,active,18.817857,5.395,0.579133,3.124424,59.057966
FrodoKEM-640-AES_run02,active,18.8306,5.39625,0.585034,3.156988,59.098197
FrodoKEM-640-AES_run02,active,18.84335,5.39625,0.575915,3.10778,59.137821
FrodoKEM-640-AES_run02,active,18.856094,5.39625,0.583067,3.146374,59.177917
FrodoKEM-640-AES_run02,active,18.868837,5.39625,0.586643,3.165671,59.218256
FrodoKEM-640-AES_run02,active,18.88158,5.40125,0.5752,3.106797,59.257848
FrodoKEM-640-AES_run02,active,18.894325,5.39875,0.579848,3.130457,59.297744
FrodoKEM-640-AES_run02,active,18.907109,5.39375,0.585749,3.159383,59.338134
FrodoKEM-640-AES_run02,active,18.91986,5.3975,0.584318,3.153859,59.37835
FrodoKEM-640-AES_run02,active,18.932605,5.3975,0.575557,3.10657,59.417941
FrodoKEM-640-AES_run02,active,18.94535,5.3975,0.584676,3.155789,59.458163
FrodoKEM-640-AES_run02,active,18.958095,5.40625,0.581636,3.144472,59.498239
FrodoKEM-640-AES_run02,active,18.970839,5.39625,0.584318,3.153128,59.538423
FrodoKEM-640-AES_run02,active,18.983584,5.39375,0.576272,3.108269,59.578038
FrodoKEM-640-AES_run02,active,18.996329,5.3975,0.584497,3.154824,59.618244
FrodoKEM-640-AES_run02,active,19.009079,5.39875,0.584497,3.155554,59.658478
FrodoKEM-640-AES_run02,active,19.021825,5.39625,0.576272,3.10971,59.698116
FrodoKEM-640-AES_run02,active,19.034569,5.3975,0.585928,3.162544,59.738418
FrodoKEM-640-AES_run02,active,19.047312,5.40125,0.584855,3.158947,59.778673
FrodoKEM-640-AES_run02,active,19.060056,5.39625,0.584318,3.153128,59.818857
FrodoKEM-640-AES_run02,active,19.072799,5.395,0.575915,3.10706,59.858449
FrodoKEM-640-AES_run02,active,19.085542,5.3975,0.585212,3.158684,59.898701
FrodoKEM-640-AES_run02,active,19.098285,5.395,0.57967,3.127317,59.938553
FrodoKEM-640-AES_run02,active,19.111034,5.39625,0.583246,3.147339,59.978679
FrodoKEM-640-AES_run02,active,19.123785,5.395,0.576272,3.10899,60.018321
FrodoKEM-640-AES_run02,active,19.136527,5.395,0.584676,3.154327,60.058514
FrodoKEM-640-AES_run02,active,19.149271,5.39875,0.586464,3.166173,60.098862
FrodoKEM-640-AES_run02,active,19.164801,5.3975,0.576272,3.11043,60.147168
FrodoKEM-640-AES_run02,active,19.17757,5.4025,0.581994,3.144223,60.187316
FrodoKEM-640-AES_run02,active,19.190324,5.3975,0.586285,3.164474,60.227675
FrodoKEM-640-AES_run02,active,19.203095,5.39875,0.584855,3.157485,60.268002
FrodoKEM-640-AES_run02,active,19.215852,5.3975,0.576272,3.11043,60.30768
FrodoKEM-640-AES_run02,active,19.228602,5.39875,0.585034,3.15845,60.34795
FrodoKEM-640-AES_run02,active,19.241347,5.3975,0.583603,3.149998,60.388098
FrodoKEM-640-AES_run02,active,19.254089,5.39625,0.584676,3.155058,60.4283
FrodoKEM-640-AES_run02,active,19.266831,5.39875,0.576451,3.112116,60.467952
FrodoKEM-640-AES_run02,active,19.279576,5.3975,0.583961,3.151928,60.508125
FrodoKEM-640-AES_run02,active,19.292319,5.39625,0.589325,3.180144,60.548651
FrodoKEM-640-AES_run02,active,19.305061,5.395,0.576272,3.10899,60.588263
FrodoKEM-640-AES_run02,active,19.317808,5.3925,0.583067,3.144188,60.628345
FrodoKEM-640-AES_run02,active,19.330554,5.39625,0.585749,3.160847,60.66863
FrodoKEM-640-AES_run02,active,19.343298,5.39375,0.584497,3.152632,60.708807
FrodoKEM-640-AES_run02,active,19.356043,5.39625,0.576272,3.10971,60.748443
FrodoKEM-640-AES_run02,active,19.368784,5.3925,0.584497,3.151901,60.7886
FrodoKEM-640-AES_run02,active,19.381528,5.3975,0.584318,3.153859,60.828792
FrodoKEM-640-AES_run02,active,19.394271,5.395,0.590576,3.18616,60.869394
FrodoKEM-640-AES_run02,active,19.407014,5.3975,0.578597,3.122976,60.909189
FrodoKEM-640-AES_run02,active,19.419765,5.39625,0.585749,3.160847,60.949494
FrodoKEM-640-AES_run02,active,19.43251,5.395,0.584318,3.152398,60.989672
FrodoKEM-640-AES_run02,active,19.445251,5.39625,0.576094,3.108745,61.029281
FrodoKEM-640-AES_run02,active,19.457993,5.4,0.581279,3.138906,61.069275
FrodoKEM-640-AES_run02,active,19.470735,5.3975,0.583961,3.151928,61.109438
FrodoKEM-640-AES_run02,active,19.483487,5.39625,0.584318,3.153128,61.149646
FrodoKEM-640-AES_run02,active,19.496232,5.395,0.575736,3.106096,61.189233
FrodoKEM-640-AES_run02,active,19.508975,5.39625,0.581815,3.13962,61.229241
FrodoKEM-640-AES_run02,active,19.521763,5.39625,0.583603,3.149269,61.269515
FrodoKEM-640-AES_run02,active,19.534512,5.3975,0.584318,3.153859,61.309722
FrodoKEM-640-AES_run02,active,19.547258,5.39625,0.576094,3.108745,61.349347
FrodoKEM-640-AES_run02,active,19.560003,5.395,0.585391,3.158186,61.3896
FrodoKEM-640-AES_run02,active,19.572746,5.395,0.584497,3.153362,61.429781
FrodoKEM-640-AES_run02,active,19.585491,5.395,0.577166,3.113813,61.469469
FrodoKEM-640-AES_run02,active,19.598233,5.39125,0.578954,3.121288,61.509239
FrodoKEM-640-AES_run02,active,19.610977,5.4,0.584855,3.158216,61.549487
FrodoKEM-640-AES_run02,active,19.623729,5.39875,0.584497,3.155554,61.589727
FrodoKEM-640-AES_run02,active,19.636477,5.39625,0.576094,3.108745,61.629357
FrodoKEM-640-AES_run02,active,19.649223,5.4,0.584676,3.15725,61.669599
FrodoKEM-640-AES_run02,active,19.661966,5.39625,0.584855,3.156023,61.709816
FrodoKEM-640-AES_run02,active,19.674707,5.385,0.583782,3.143666,61.749869
FrodoKEM-640-AES_run02,active,19.687457,5.3925,0.577703,3.115262,61.789589
FrodoKEM-640-AES_run02,active,19.700202,5.39375,0.587,3.166133,61.829943
FrodoKEM-640-AES_run02,active,19.712945,5.3975,0.584497,3.154824,61.870145
FrodoKEM-640-AES_run02,active,19.725699,5.39625,0.57663,3.11164,61.90983
FrodoKEM-640-AES_run02,active,19.738449,5.39625,0.582352,3.142515,61.949896
FrodoKEM-640-AES_run02,active,19.751193,5.39625,0.584855,3.156023,61.990118
FrodoKEM-640-AES_run02,active,19.763939,5.39625,0.583424,3.148304,62.030245
FrodoKEM-640-AES_run02,active,19.776683,5.4025,0.576272,3.113312,62.069921
FrodoKEM-640-AES_run02,active,19.789426,5.4025,0.584497,3.157746,62.11016
FrodoKEM-640-AES_run02,active,19.802171,5.39625,0.590219,3.184968,62.150752
FrodoKEM-640-AES_run02,active,19.814914,5.395,0.584676,3.154327,62.190949
FrodoKEM-640-AES_run02,active,19.827666,5.40125,0.57806,3.122249,62.230763
FrodoKEM-640-AES_run02,active,19.840447,5.39625,0.584676,3.155058,62.271087
FrodoKEM-640-AES_run02,active,19.853192,5.39625,0.584855,3.156023,62.31131
FrodoKEM-640-AES_run02,active,19.865937,5.39625,0.576451,3.110675,62.350958
FrodoKEM-640-AES_run02,active,19.878682,5.4,0.580742,3.136009,62.390926
FrodoKEM-640-AES_run02,active,19.89143,5.39625,0.584676,3.155058,62.431147
FrodoKEM-640-AES_run02,active,19.904175,5.39625,0.588967,3.178214,62.471654
FrodoKEM-640-AES_run02,active,19.916916,5.3975,0.572518,3.090164,62.511026
FrodoKEM-640-AES_run02,active,19.929672,5.39625,0.579491,3.127077,62.550913
FrodoKEM-640-AES_run02,active,19.942423,5.39625,0.583782,3.150234,62.591083
FrodoKEM-640-AES_run02,active,19.955171,5.3975,0.581815,3.140348,62.631115
FrodoKEM-640-AES_run02,active,19.967917,5.3975,0.576094,3.109465,62.670747
FrodoKEM-640-AES_run02,active,19.980658,5.3975,0.584497,3.154824,62.710945
FrodoKEM-640-AES_run02,active,19.993405,5.39625,0.583782,3.150234,62.751099
FrodoKEM-640-AES_run02,active,20.006148,5.39625,0.584855,3.156023,62.791319
FrodoKEM-640-AES_run02,active,20.018893,5.3925,0.577703,3.115262,62.831021
FrodoKEM-640-AES_run02,active,20.031645,5.395,0.585212,3.157221,62.871283
FrodoKEM-640-AES_run02,active,20.044437,5.39625,0.583603,3.149269,62.911568
FrodoKEM-640-AES_run02,active,20.057184,5.39625,0.57663,3.11164,62.951232
FrodoKEM-640-AES_run02,active,20.069929,5.39625,0.584855,3.156023,62.991456
FrodoKEM-640-AES_run02,active,20.082675,5.39625,0.586106,3.162777,63.031768
FrodoKEM-640-AES_run02,active,20.095421,5.39625,0.584497,3.154093,63.071969
FrodoKEM-640-AES_run02,active,20.108165,5.39625,0.575021,3.102956,63.111515
FrodoKEM-640-AES_run02,active,20.12091,5.39625,0.586106,3.162777,63.151822
FrodoKEM-640-AES_run02,active,20.133659,5.3975,0.583782,3.150963,63.191996
FrodoKEM-640-AES_run02,active,20.14641,5.3975,0.583424,3.149033,63.232148
FrodoKEM-640-AES_run02,active,20.159156,5.39125,0.575915,3.104901,63.271724
FrodoKEM-640-AES_run02,active,20.1719,5.39375,0.585212,3.156489,63.311951
FrodoKEM-640-AES_run02,active,20.184757,5.39625,0.584318,3.153128,63.352491
FrodoKEM-640-AES_run02,active,20.197568,5.39375,0.576451,3.109234,63.392323
FrodoKEM-640-AES_run02,active,20.210327,5.395,0.584497,3.153362,63.432556
FrodoKEM-640-AES_run02,active,20.22311,5.39625,0.584855,3.156023,63.472901
FrodoKEM-640-AES_run02,active,20.235863,5.39375,0.584318,3.151667,63.513094
FrodoKEM-640-AES_run02,active,20.248631,5.3925,0.576451,3.108513,63.552782
FrodoKEM-640-AES_run02,active,20.261406,5.395,0.582888,3.144681,63.592954
FrodoKEM-640-AES_run02,active,20.274152,5.3925,0.582352,3.140331,63.632983
FrodoKEM-640-AES_run02,active,20.286901,5.39625,0.582352,3.142515,63.673048
FrodoKEM-640-AES_run02,active,20.299653,5.39625,0.572339,3.088483,63.712432
FrodoKEM-640-AES_run02,active,20.312436,5.40125,0.585749,3.163776,63.752872
FrodoKEM-640-AES_run02,active,20.325183,5.39875,0.584676,3.15652,63.79311
FrodoKEM-640-AES_run02,active,20.337954,5.39625,0.583603,3.149269,63.833329
FrodoKEM-640-AES_run02,active,20.350708,5.3975,0.584855,3.156754,63.87359
FrodoKEM-640-AES_run02,active,20.363457,5.3975,0.584855,3.156754,63.913836
FrodoKEM-640-AES_run02,active,20.376204,5.3975,0.58557,3.160614,63.954123
FrodoKEM-640-AES_run02,active,20.38895,5.39625,0.579312,3.126112,63.993968
FrodoKEM-640-AES_run02,active,20.401729,5.3975,0.584497,3.154824,64.034284
FrodoKEM-640-AES_run02,active,20.414475,5.39625,0.586285,3.163742,64.07461
FrodoKEM-640-AES_run02,active,20.427221,5.3975,0.583067,3.147103,64.114723
FrodoKEM-640-AES_run02,active,20.442759,5.39125,0.574484,3.097189,64.162847
FrodoKEM-640-AES_run02,active,20.455539,5.3975,0.58253,3.144208,64.203028
FrodoKEM-640-AES_run02,active,20.468288,5.3975,0.585749,3.161579,64.243336
FrodoKEM-640-AES_run02,active,20.481033,5.39625,0.576094,3.108745,64.282958
FrodoKEM-640-AES_run02,active,20.493778,5.395,0.584318,3.152398,64.323136
FrodoKEM-640-AES_run02,active,20.506528,5.39625,0.584318,3.153128,64.363336
FrodoKEM-640-AES_run02,active,20.519275,5.4,0.582888,3.147595,64.403459
FrodoKEM-640-AES_run02,active,20.53202,5.39625,0.576272,3.10971,64.443094
FrodoKEM-640-AES_run02,active,20.544774,5.39625,0.585034,3.156988,64.483356
FrodoKEM-640-AES_run02,active,20.557525,5.39625,0.579848,3.129007,64.523255
FrodoKEM-640-AES_run02,active,20.570269,5.395,0.580564,3.132141,64.56317
FrodoKEM-640-AES_run02,active,20.583015,5.39625,0.576272,3.10971,64.602808
FrodoKEM-640-AES_run02,active,20.595762,5.3975,0.584497,3.154824,64.643021
FrodoKEM-640-AES_run02,active,20.608504,5.39625,0.582709,3.144445,64.683088
FrodoKEM-640-AES_run02,active,20.621249,5.39625,0.576272,3.10971,64.722722
FrodoKEM-640-AES_run02,active,20.633994,5.3975,0.585034,3.157719,64.762967
FrodoKEM-640-AES_run02,active,20.646747,5.3975,0.584318,3.153859,64.803186
FrodoKEM-640-AES_run02,active,20.659499,5.39625,0.583603,3.149269,64.843349
FrodoKEM-640-AES_run02,active,20.672244,5.39625,0.575915,3.10778,64.882957
FrodoKEM-640-AES_run02,active,20.685012,5.3975,0.584676,3.155789,64.923249
FrodoKEM-640-AES_run02,active,20.697767,5.39625,0.584855,3.156023,64.963503
FrodoKEM-640-AES_run02,active,20.710512,5.39625,0.576272,3.10971,65.003138
FrodoKEM-640-AES_run02,active,20.723259,5.39625,0.575557,3.105851,65.042727
FrodoKEM-640-AES_run02,active,20.736004,5.3975,0.584855,3.156754,65.082961
FrodoKEM-640-AES_run02,active,20.748755,5.3925,0.588788,3.175041,65.123444
FrodoKEM-640-AES_run02,active,20.761504,5.39625,0.576272,3.10971,65.163092
FrodoKEM-640-AES_run02,active,20.774247,5.395,0.584318,3.152398,65.203261
FrodoKEM-640-AES_run02,active,20.786991,5.39375,0.586106,3.161311,65.243551
FrodoKEM-640-AES_run02,active,20.79974,5.395,0.58414,3.151433,65.283727
FrodoKEM-640-AES_run02,active,20.812483,5.395,0.576451,3.109954,65.323358
FrodoKEM-640-AES_run02,active,20.825226,5.385,0.587894,3.165811,65.363701
FrodoKEM-640-AES_run02,active,20.837973,5.39375,0.585212,3.156489,65.403934
FrodoKEM-640-AES_run02,active,20.850727,5.395,0.587,3.166867,65.444324
FrodoKEM-640-AES_run02,active,20.863478,5.3975,0.575557,3.10657,65.483937
FrodoKEM-640-AES_run02,active,20.876225,5.395,0.584497,3.153362,65.524135
FrodoKEM-640-AES_run02,active,20.888971,5.4025,0.584497,3.157746,65.564383
FrodoKEM-640-AES_run02,active,20.901753,5.3975,0.576451,3.111395,65.604151
FrodoKEM-640-AES_run02,active,20.914499,5.3975,0.585034,3.157719,65.644399
FrodoKEM-640-AES_run02,active,20.927248,5.39625,0.586643,3.165671,65.684759
FrodoKEM-640-AES_run02,active,20.939994,5.39375,0.583603,3.14781,65.72488
FrodoKEM-640-AES_run02,active,20.952745,5.39625,0.576451,3.110675,65.764546
FrodoKEM-640-AES_run02,active,20.965495,5.39625,0.585391,3.158917,65.804821
FrodoKEM-640-AES_run02,active,20.97824,5.395,0.585391,3.158186,65.845072
FrodoKEM-640-AES_run02,active,20.990985,5.39625,0.584497,3.154093,65.88527
FrodoKEM-640-AES_run02,active,21.003733,5.395,0.576272,3.10899,65.924906
FrodoKEM-640-AES_run02,active,21.016476,5.39625,0.584855,3.156023,65.965123
FrodoKEM-640-AES_run02,active,21.029531,5.39125,0.588073,3.17045,66.006513
FrodoKEM-640-AES_run02,active,21.042317,5.39125,0.577166,3.111648,66.046299
FrodoKEM-640-AES_run02,active,21.055128,5.3975,0.584497,3.154824,66.086716
FrodoKEM-640-AES_run02,active,21.067887,5.39625,0.582173,3.14155,66.126797
FrodoKEM-640-AES_run02,active,21.080633,5.3975,0.58557,3.160614,66.167083
FrodoKEM-640-AES_run02,active,21.093381,5.3975,0.57663,3.11236,66.206758
FrodoKEM-640-AES_run02,active,21.106127,5.39625,0.585212,3.157952,66.24701
FrodoKEM-640-AES_run02,active,21.118874,5.395,0.589682,3.181337,66.287564
FrodoKEM-640-AES_run02,active,21.131624,5.3975,0.586106,3.163509,66.327897
FrodoKEM-640-AES_run02,active,21.14437,5.3975,0.576451,3.111395,66.367554
FrodoKEM-640-AES_run02,active,21.157114,5.39375,0.5811,3.134308,66.407498
FrodoKEM-640-AES_run02,active,21.169866,5.39625,0.582709,3.144445,66.447597
FrodoKEM-640-AES_run02,active,21.182633,5.3975,0.574484,3.10078,66.487184
FrodoKEM-640-AES_run02,active,21.195389,5.39625,0.580027,3.129972,66.527111
FrodoKEM-640-AES_run02,active,21.208138,5.39875,0.587537,3.171964,66.56755
FrodoKEM-640-AES_run02,active,21.220881,5.395,0.584497,3.153362,66.607733
FrodoKEM-640-AES_run02,active,21.233627,5.39625,0.575557,3.105851,66.647319
FrodoKEM-640-AES_run02,active,21.246374,5.3975,0.587,3.168335,66.687706
FrodoKEM-640-AES_run02,active,21.259144,5.39375,0.584676,3.153596,66.727978
FrodoKEM-640-AES_run02,active,21.271898,5.39625,0.584676,3.155058,66.768219
FrodoKEM-640-AES_run02,active,21.284643,5.3975,0.576272,3.11043,66.807859
FrodoKEM-640-AES_run02,active,21.297389,5.39875,0.585212,3.159415,66.848129
FrodoKEM-640-AES_run02,active,21.310133,5.40375,0.584676,3.159443,66.888394
FrodoKEM-640-AES_run02,active,21.322877,5.39625,0.57663,3.11164,66.92805
FrodoKEM-640-AES_run02,active,21.335625,5.3975,0.585034,3.157719,66.968303
FrodoKEM-640-AES_run02,active,21.348368,5.39875,0.583961,3.152658,67.008479
FrodoKEM-640-AES_run02,active,21.361132,5.39625,0.584497,3.154093,67.048736
FrodoKEM-640-AES_run02,active,21.373881,5.39625,0.577524,3.116464,67.088469
FrodoKEM-640-AES_run02,active,21.386628,5.39625,0.586285,3.163742,67.128797
FrodoKEM-640-AES_run02,active,21.399374,5.3875,0.583961,3.146089,67.168899
FrodoKEM-640-AES_run02,active,21.412121,5.3975,0.584855,3.156754,67.209137
FrodoKEM-640-AES_run02,active,21.424866,5.3975,0.576451,3.111395,67.248791
FrodoKEM-640-AES_run02,active,21.437612,5.39625,0.589504,3.181109,67.289337
FrodoKEM-640-AES_run02,active,21.450357,5.395,0.585391,3.158186,67.329587
FrodoKEM-640-AES_run02,active,21.463159,5.39625,0.576272,3.10971,67.369398
FrodoKEM-640-AES_run02,active,21.475914,5.39625,0.575736,3.106815,67.409026
FrodoKEM-640-AES_run02,active,21.48866,5.39625,0.586822,3.166636,67.449389
FrodoKEM-640-AES_run02,active,21.501406,5.39625,0.584497,3.154093,67.489591
FrodoKEM-640-AES_run02,active,21.514153,5.39875,0.575915,3.10922,67.529222
FrodoKEM-640-AES_run02,active,21.5269,5.4,0.586822,3.168837,67.569616
FrodoKEM-640-AES_run02,active,21.539649,5.39625,0.588073,3.17339,67.610073
FrodoKEM-640-AES_run02,active,21.552416,5.3975,0.584676,3.155789,67.650364
FrodoKEM-640-AES_run02,active,21.565179,5.39625,0.575915,3.10778,67.690029
FrodoKEM-640-AES_run02,active,21.577928,5.39625,0.580206,3.130937,67.729945
FrodoKEM-640-AES_run02,active,21.590675,5.39625,0.583961,3.151198,67.770113
FrodoKEM-640-AES_run02,active,21.603422,5.3975,0.575915,3.1085,67.809736
FrodoKEM-640-AES_run02,active,21.616168,5.39625,0.575915,3.10778,67.849349
FrodoKEM-640-AES_run02,active,21.628914,5.39375,0.58253,3.142023,67.889398
FrodoKEM-640-AES_run02,active,21.64166,5.39625,0.586285,3.163742,67.929723
FrodoKEM-640-AES_run02,active,21.654406,5.39625,0.576451,3.110675,67.969371
FrodoKEM-640-AES_run02,active,21.66716,5.39625,0.587,3.167601,68.009772
FrodoKEM-640-AES_run02,active,21.67991,5.395,0.585391,3.158186,68.050038
FrodoKEM-640-AES_run02,active,21.692654,5.39625,0.584497,3.154093,68.090234
FrodoKEM-640-AES_run02,active,21.7054,5.395,0.575915,3.10706,68.129835
FrodoKEM-640-AES_run02,active,21.720965,5.39625,0.584676,3.155058,68.178944
FrodoKEM-640-AES_run02,active,21.733755,5.395,0.584318,3.152398,68.219265
FrodoKEM-640-AES_run02,active,21.746506,5.39375,0.576809,3.111162,68.258933
FrodoKEM-640-AES_run02,active,21.759255,5.39625,0.586106,3.162777,68.299256
FrodoKEM-640-AES_run02,active,21.772008,5.40375,0.585391,3.163308,68.339597
FrodoKEM-640-AES_run02,active,21.784757,5.395,0.58414,3.151433,68.379775
FrodoKEM-640-AES_run02,active,21.797501,5.39875,0.572696,3.091845,68.419178
FrodoKEM-640-AES_run02,active,21.810245,5.3975,0.584497,3.154824,68.459384
FrodoKEM-640-AES_run02,active,21.822989,5.395,0.583782,3.149504,68.499519
FrodoKEM-640-AES_run02,active,21.835735,5.39375,0.583782,3.148774,68.539656
FrodoKEM-640-AES_run02,active,21.848477,5.395,0.576272,3.10899,68.579269
FrodoKEM-640-AES_run02,active,21.861221,5.39625,0.584855,3.156023,68.619489
FrodoKEM-640-AES_run02,active,21.873971,5.39875,0.584497,3.155554,68.659725
FrodoKEM-640-AES_run02,active,21.886719,5.39625,0.579491,3.127077,68.699586
FrodoKEM-640-AES_run02,active,21.899465,5.39125,0.578954,3.121288,68.73937
FrodoKEM-640-AES_run02,active,21.912212,5.39625,0.585034,3.156988,68.779614
FrodoKEM-640-AES_run02,active,21.924954,5.39625,0.584676,3.155058,68.819815
FrodoKEM-640-AES_run02,active,21.937737,5.3975,0.577524,3.117186,68.859662
FrodoKEM-640-AES_run02,active,21.950481,5.39625,0.58557,3.159882,68.899931
FrodoKEM-640-AES_run02,active,21.963227,5.39625,0.58414,3.152163,68.940108
FrodoKEM-640-AES_run02,active,21.975979,5.395,0.585034,3.156256,68.980359
FrodoKEM-640-AES_run02,active,21.988727,5.3975,0.576451,3.111395,69.020022
FrodoKEM-640-AES_run02,active,22.001473,5.39625,0.585034,3.156988,69.060259
FrodoKEM-640-AES_run02,active,22.014217,5.39625,0.584497,3.154093,69.100457
FrodoKEM-640-AES_run02,active,22.02696,5.3975,0.578239,3.121046,69.140228
FrodoKEM-640-AES_run02,active,22.039706,5.39125,0.584497,3.151171,69.180394
FrodoKEM-640-AES_run02,active,22.05245,5.3975,0.584676,3.155789,69.220609
FrodoKEM-640-AES_run02,active,22.065194,5.3975,0.584318,3.153859,69.260803
FrodoKEM-640-AES_run02,active,22.077945,5.395,0.576094,3.108025,69.300434
FrodoKEM-640-AES_run02,active,22.090694,5.395,0.584676,3.154327,69.340648
FrodoKEM-640-AES_run02,active,22.103441,5.3975,0.584318,3.153859,69.380849
FrodoKEM-640-AES_run02,active,22.116188,5.39625,0.584318,3.153128,69.421042
FrodoKEM-640-AES_run02,active,22.128932,5.39625,0.57663,3.11164,69.460698
FrodoKEM-640-AES_run02,active,22.141677,5.39625,0.585034,3.156988,69.500933
FrodoKEM-640-AES_run02,active,22.154421,5.3975,0.584497,3.154824,69.541139
FrodoKEM-640-AES_run02,active,22.167167,5.395,0.576272,3.10899,69.580767
FrodoKEM-640-AES_run02,active,22.179923,5.39625,0.574484,3.100061,69.62031
FrodoKEM-640-AES_run02,active,22.192678,5.39625,0.585391,3.158917,69.660602
FrodoKEM-640-AES_run02,active,22.205424,5.3975,0.583961,3.151928,69.700777
FrodoKEM-640-AES_run02,active,22.218169,5.39625,0.576094,3.108745,69.740396
FrodoKEM-640-AES_run02,active,22.230912,5.3975,0.585034,3.157719,69.780637
FrodoKEM-640-AES_run02,active,22.243663,5.395,0.583782,3.149504,69.820795
FrodoKEM-640-AES_run02,active,22.256458,5.395,0.584855,3.155292,69.861168
FrodoKEM-640-AES_run02,active,22.269203,5.39875,0.576272,3.111151,69.90082
FrodoKEM-640-AES_run02,active,22.281955,5.39875,0.584318,3.154589,69.941046
FrodoKEM-640-AES_run02,active,22.294702,5.3975,0.584676,3.155789,69.981273
FrodoKEM-640-AES_run02,active,22.307448,5.39625,0.573054,3.092343,70.020689
FrodoKEM-640-AES_run02,active,22.320191,5.39625,0.580385,3.131901,70.060598
FrodoKEM-640-AES_run02,active,22.332934,5.39875,0.584497,3.155554,70.10081
FrodoKEM-640-AES_run02,active,22.345678,5.395,0.584497,3.153362,70.140995
FrodoKEM-640-AES_run02,active,22.358423,5.39625,0.580206,3.130937,70.1809
FrodoKEM-640-AES_run02,active,22.371168,5.3975,0.585212,3.158684,70.221156
FrodoKEM-640-AES_run02,active,22.383917,5.3975,0.585749,3.161579,70.261465
FrodoKEM-640-AES_run02,active,22.396667,5.3975,0.584497,3.154824,70.301688
FrodoKEM-640-AES_run02,active,22.409412,5.4,0.57663,3.113802,70.341374
FrodoKEM-640-AES_run02,active,22.422156,5.39625,0.584318,3.153128,70.381557
FrodoKEM-640-AES_run02,active,22.4349,5.39625,0.584676,3.155058,70.421766
FrodoKEM-640-AES_run02,active,22.447646,5.395,0.579848,3.128282,70.461639
FrodoKEM-640-AES_run02,active,22.460425,5.39875,0.575915,3.10922,70.501372
FrodoKEM-640-AES_run02,active,22.473171,5.39625,0.585391,3.158917,70.541634
FrodoKEM-640-AES_run02,active,22.485921,5.39625,0.586285,3.163742,70.581972
FrodoKEM-640-AES_run02,active,22.498669,5.395,0.576451,3.109954,70.621618
FrodoKEM-640-AES_run02,active,22.511418,5.39625,0.583782,3.150234,70.661779
FrodoKEM-640-AES_run02,active,22.524163,5.39125,0.585391,3.15599,70.702004
FrodoKEM-640-AES_run02,active,22.536906,5.39625,0.584497,3.154093,70.742196
FrodoKEM-640-AES_run02,active,22.549653,5.40375,0.578597,3.126592,70.78205
FrodoKEM-640-AES_run02,active,22.562397,5.3975,0.584497,3.154824,70.822257
FrodoKEM-640-AES_run02,active,22.575144,5.3975,0.583961,3.151928,70.862433
FrodoKEM-640-AES_run02,active,22.587896,5.39625,0.586106,3.162777,70.902765
FrodoKEM-640-AES_run02,active,22.600641,5.39625,0.575736,3.106815,70.942363
FrodoKEM-640-AES_run02,active,22.613387,5.395,0.584676,3.154327,70.982567
FrodoKEM-640-AES_run02,active,22.62613,5.39625,0.584497,3.154093,71.02276
FrodoKEM-640-AES_run02,active,22.638874,5.3925,0.57663,3.109477,71.062387
FrodoKEM-640-AES_run02,active,22.651621,5.39625,0.585391,3.158917,71.102654
FrodoKEM-640-AES_run02,active,22.664365,5.3975,0.587894,3.17316,71.143092
FrodoKEM-640-AES_run02,active,22.677108,5.395,0.58557,3.15915,71.183349
FrodoKEM-640-AES_run02,active,22.689858,5.39625,0.575915,3.10778,71.222973
FrodoKEM-640-AES_run02,active,22.702602,5.395,0.585212,3.157221,71.263209
FrodoKEM-640-AES_run02,active,22.715372,5.3975,0.584318,3.153859,71.303484
FrodoKEM-640-AES_run02,active,22.728124,5.39625,0.581636,3.138655,71.343508
FrodoKEM-640-AES_run02,active,22.740868,5.39875,0.576451,3.112116,71.383169
FrodoKEM-640-AES_run02,active,22.753614,5.3975,0.584855,3.156754,71.423405
FrodoKEM-640-AES_run02,active,22.766359,5.3975,0.584318,3.153859,71.463602
FrodoKEM-640-AES_run02,active,22.779133,5.3975,0.577345,3.116221,71.503406
FrodoKEM-640-AES_run02,active,22.791889,5.3975,0.584855,3.156754,71.543674
FrodoKEM-640-AES_run02,active,22.804638,5.3975,0.584676,3.155789,71.583907
FrodoKEM-640-AES_run02,active,22.817382,5.39875,0.585749,3.162311,71.624209
FrodoKEM-640-AES_run02,active,22.830129,5.395,0.575915,3.10706,71.663813
FrodoKEM-640-AES_run02,active,22.842874,5.3975,0.584497,3.154824,71.704023
FrodoKEM-640-AES_run02,active,22.85562,5.395,0.583961,3.150469,71.744178
FrodoKEM-640-AES_run02,active,22.868364,5.3975,0.58253,3.144208,71.784249
FrodoKEM-640-AES_run02,active,22.881108,5.3975,0.576451,3.111395,71.8239
FrodoKEM-640-AES_run02,active,22.893859,5.3975,0.585034,3.157719,71.864162
FrodoKEM-640-AES_run02,active,22.906609,5.3975,0.587,3.168335,71.90456
FrodoKEM-640-AES_run02,active,22.919355,5.395,0.576809,3.111883,71.944223
FrodoKEM-640-AES_run02,active,22.932104,5.39375,0.578239,3.118878,71.983985
FrodoKEM-640-AES_run02,active,22.944846,5.39625,0.585749,3.160847,72.024262
FrodoKEM-640-AES_run02,active,22.957591,5.39625,0.584676,3.155058,72.064473
FrodoKEM-640-AES_run02,active,22.970336,5.395,0.576451,3.109954,72.104109
FrodoKEM-640-AES_run02,active,22.983122,5.39625,0.584676,3.155058,72.144449
FrodoKEM-640-AES_run02,active,22.998608,5.39375,0.587894,3.170955,72.193555
FrodoKEM-640-AES_run02,active,23.011376,5.39625,0.576451,3.110675,72.233272
FrodoKEM-640-AES_run02,active,23.024126,5.3975,0.575915,3.1085,72.272906
FrodoKEM-640-AES_run02,active,23.036872,5.3975,0.584497,3.154824,72.313116
FrodoKEM-640-AES_run02,active,23.049617,5.3975,0.584318,3.153859,72.353315
FrodoKEM-640-AES_run02,active,23.062363,5.39625,0.578597,3.122253,72.393108
FrodoKEM-640-AES_run02,active,23.07513,5.3975,0.584855,3.156754,72.43341
FrodoKEM-640-AES_run02,active,23.087878,5.3975,0.586464,3.165439,72.473764
FrodoKEM-640-AES_run02,active,23.100629,5.3975,0.584497,3.154824,72.513992
FrodoKEM-640-AES_run02,active,23.11338,5.3975,0.577166,3.115256,72.553715
FrodoKEM-640-AES_run02,active,23.126124,5.39875,0.584497,3.155554,72.593928
FrodoKEM-640-AES_run02,active,23.138867,5.395,0.579133,3.124424,72.633744
FrodoKEM-640-AES_run02,active,23.151613,5.395,0.583067,3.145645,72.673838
FrodoKEM-640-AES_run02,active,23.164357,5.39625,0.575915,3.10778,72.713444
FrodoKEM-640-AES_run02,active,23.177105,5.3975,0.584497,3.154824,72.753662
FrodoKEM-640-AES_run02,active,23.189857,5.39375,0.584676,3.153596,72.793874
FrodoKEM-640-AES_run02,active,23.202607,5.3975,0.576451,3.111395,72.833545
FrodoKEM-640-AES_run02,active,23.215358,5.3925,0.584497,3.151901,72.873736
FrodoKEM-640-AES_run02,active,23.228102,5.4,0.586285,3.16594,72.914081
FrodoKEM-640-AES_run02,active,23.240842,5.39875,0.583961,3.152658,72.954249
FrodoKEM-640-AES_run02,active,23.253587,5.39625,0.576094,3.108745,72.99387
FrodoKEM-640-AES_run02,active,23.266331,5.3975,0.586464,3.165439,73.03421
FrodoKEM-640-AES_run02,active,23.279114,5.395,0.582888,3.144681,73.074406
FrodoKEM-640-AES_run02,active,23.291864,5.39625,0.584497,3.154093,73.114622
FrodoKEM-640-AES_run02,active,23.304612,5.39625,0.576272,3.10971,73.154265
FrodoKEM-640-AES_run02,active,23.317361,5.39625,0.584676,3.155058,73.194488
FrodoKEM-640-AES_run02,active,23.330104,5.3975,0.58414,3.152893,73.234666
FrodoKEM-640-AES_run02,active,23.342848,5.39625,0.57663,3.11164,73.27432
FrodoKEM-640-AES_run02,active,23.355595,5.39625,0.584318,3.153128,73.314514
FrodoKEM-640-AES_run02,active,23.368339,5.39375,0.583424,3.146845,73.354617
FrodoKEM-640-AES_run02,active,23.381083,5.395,0.586106,3.162044,73.394915
FrodoKEM-640-AES_run02,active,23.393829,5.3975,0.575915,3.1085,73.434535
FrodoKEM-640-AES_run02,active,23.406579,5.395,0.586643,3.164938,73.474887
FrodoKEM-640-AES_run02,active,23.419331,5.40125,0.577345,3.118386,73.514652
FrodoKEM-640-AES_run02,active,23.432074,5.3975,0.586106,3.163509,73.554966
FrodoKEM-640-AES_run02,active,23.444816,5.3975,0.576272,3.11043,73.594599
FrodoKEM-640-AES_run02,active,23.45756,5.3975,0.586643,3.166405,73.634953
FrodoKEM-640-AES_run02,active,23.470305,5.3975,0.586643,3.166405,73.675309
FrodoKEM-640-AES_run02,active,23.483049,5.39625,0.576809,3.112604,73.714975
FrodoKEM-640-AES_run02,active,23.495795,5.39625,0.585749,3.160847,73.755263
FrodoKEM-640-AES_run02,active,23.508546,5.3975,0.580385,3.132627,73.795208
FrodoKEM-640-AES_run02,active,23.521295,5.3975,0.584855,3.156754,73.835453
FrodoKEM-640-AES_run02,active,23.53404,5.39875,0.576451,3.112116,73.875116
FrodoKEM-640-AES_run02,active,23.546784,5.39625,0.584497,3.154093,73.915313
FrodoKEM-640-AES_run02,active,23.559531,5.395,0.584676,3.154327,73.95552
FrodoKEM-640-AES_run02,active,23.572273,5.39625,0.584855,3.156023,73.995734
FrodoKEM-640-AES_run02,active,23.585016,5.39625,0.575915,3.10778,74.035338
FrodoKEM-640-AES_run02,active,23.59776,5.3975,0.583782,3.150963,74.075494
FrodoKEM-640-AES_run02,active,23.610513,5.3975,0.584497,3.154824,74.115725
FrodoKEM-640-AES_run02,active,23.623264,5.395,0.576451,3.109954,74.15538
FrodoKEM-640-AES_run02,active,23.63601,5.3975,0.576094,3.109465,74.195014
FrodoKEM-640-AES_run02,active,23.648753,5.4025,0.584497,3.157746,74.235253
FrodoKEM-640-AES_run02,active,23.661498,5.395,0.584318,3.152398,74.275432
FrodoKEM-640-AES_run02,active,23.674243,5.39625,0.577703,3.117429,74.315163
FrodoKEM-640-AES_run02,active,23.686987,5.39625,0.586285,3.163742,74.35548
FrodoKEM-640-AES_run02,active,23.699732,5.40125,0.583961,3.154118,74.395682
FrodoKEM-640-AES_run02,active,23.712481,5.3975,0.584676,3.155789,74.435914
FrodoKEM-640-AES_run02,active,23.72523,5.395,0.575915,3.10706,74.475526
FrodoKEM-640-AES_run02,active,23.737974,5.39,0.584497,3.15044,74.515674
FrodoKEM-640-AES_run02,active,23.750718,5.395,0.583961,3.150469,74.555825
FrodoKEM-640-AES_run02,active,23.763464,5.3975,0.576272,3.11043,74.595471
FrodoKEM-640-AES_run02,active,23.776209,5.39875,0.581636,3.14011,74.63549
FrodoKEM-640-AES_run02,active,23.78895,5.3925,0.58414,3.149973,74.675625
FrodoKEM-640-AES_run02,active,23.801729,5.395,0.584855,3.155292,74.715945
FrodoKEM-640-AES_run02,active,23.814479,5.39625,0.577166,3.114534,74.755656
FrodoKEM-640-AES_run02,active,23.827231,5.395,0.585749,3.160115,74.795954
FrodoKEM-640-AES_run02,active,23.839977,5.39875,0.586285,3.165207,74.836296
FrodoKEM-640-AES_run02,active,23.85272,5.395,0.584318,3.152398,74.876467
FrodoKEM-640-AES_run02,active,23.865464,5.3975,0.576451,3.111395,74.916119
FrodoKEM-640-AES_run02,active,23.878206,5.3975,0.584497,3.154824,74.956318
FrodoKEM-640-AES_run02,active,23.89095,5.395,0.585212,3.157221,74.996556
FrodoKEM-640-AES_run02,active,23.903697,5.39625,0.57663,3.11164,75.036219
FrodoKEM-640-AES_run02,active,23.916446,5.39125,0.575378,3.102009,75.075766
FrodoKEM-640-AES_run02,active,23.929194,5.3925,0.584855,3.15383,75.115971
FrodoKEM-640-AES_run02,active,23.941936,5.39625,0.58557,3.159882,75.156234
FrodoKEM-640-AES_run02,active,23.954682,5.39625,0.575915,3.10778,75.195845
FrodoKEM-640-AES_run02,active,23.96743,5.3975,0.584855,3.156754,75.236088
FrodoKEM-640-AES_run02,active,23.980175,5.39875,0.584855,3.157485,75.276331
FrodoKEM-640-AES_run02,active,23.992917,5.3975,0.584497,3.154824,75.31653
FrodoKEM-640-AES_run02,active,24.005661,5.39375,0.576272,3.108269,75.35614
FrodoKEM-640-AES_run02,active,24.018412,5.39875,0.585391,3.160381,75.396439
FrodoKEM-640-AES_run02,active,24.031162,5.3975,0.584497,3.154824,75.436663
FrodoKEM-640-AES_run02,active,24.043907,5.3975,0.576272,3.11043,75.476306
FrodoKEM-640-AES_run02,active,24.056649,5.39625,0.575378,3.104886,75.515867
FrodoKEM-640-AES_run02,active,24.069393,5.3925,0.589325,3.177934,75.556369
FrodoKEM-640-AES_run02,active,24.082137,5.39625,0.585212,3.157952,75.596614
FrodoKEM-640-AES_run02,active,24.094881,5.39875,0.576451,3.112116,75.636273
FrodoKEM-640-AES_run02,active,24.107627,5.38625,0.585391,3.153063,75.676462
FrodoKEM-640-AES_run02,active,24.120375,5.39375,0.585212,3.156489,75.716701
FrodoKEM-640-AES_run02,active,24.133124,5.39875,0.584318,3.154589,75.756918
FrodoKEM-640-AES_run02,active,24.145868,5.39625,0.576451,3.110675,75.796561
FrodoKEM-640-AES_run02,active,24.158612,5.39125,0.585212,3.155026,75.836768
FrodoKEM-640-AES_run02,active,24.171362,5.395,0.585034,3.156256,75.877012
FrodoKEM-640-AES_run02,active,24.18412,5.39625,0.583424,3.148304,75.917177
FrodoKEM-640-AES_run02,active,24.196865,5.395,0.577166,3.113813,75.956864
FrodoKEM-640-AES_run02,active,24.209611,5.3825,0.585749,3.152793,75.997047
FrodoKEM-640-AES_run02,active,24.222365,5.39625,0.584318,3.153128,76.037263
FrodoKEM-640-AES_run02,active,24.235154,5.3975,0.577345,3.116221,76.077117
FrodoKEM-640-AES_run02,active,24.247907,5.40125,0.58557,3.16281,76.117453
FrodoKEM-640-AES_run02,active,24.260653,5.39625,0.584497,3.154093,76.157655
FrodoKEM-640-AES_run02,active,24.276145,5.39625,0.584318,3.153128,76.206503
FrodoKEM-640-AES_run02,active,24.28891,5.39375,0.578597,3.120806,76.24634
FrodoKEM-640-AES_run02,active,24.301659,5.39625,0.584676,3.155058,76.286563
FrodoKEM-640-AES_run02,active,24.314404,5.3975,0.584497,3.154824,76.326772
FrodoKEM-640-AES_run02,active,24.32716,5.3975,0.576988,3.114291,76.366497
FrodoKEM-640-AES_run02,active,24.339912,5.38875,0.574484,3.095753,76.405975
FrodoKEM-640-AES_run02,active,24.352655,5.39625,0.584855,3.156023,76.446193
FrodoKEM-640-AES_run02,active,24.365399,5.39625,0.584318,3.153128,76.486376
FrodoKEM-640-AES_run02,active,24.378144,5.39625,0.576272,3.10971,76.526008
FrodoKEM-640-AES_run02,active,24.390888,5.39625,0.585212,3.157952,76.566252
FrodoKEM-640-AES_run02,active,24.403634,5.39625,0.584855,3.156023,76.606481
FrodoKEM-640-AES_run02,active,24.416379,5.395,0.584318,3.152398,76.646657
FrodoKEM-640-AES_run02,active,24.429131,5.40375,0.575557,3.110167,76.686319
FrodoKEM-640-AES_run02,active,24.441878,5.39625,0.585749,3.160847,76.72661
FrodoKEM-640-AES_run02,active,24.454619,5.3975,0.584497,3.154824,76.766806
FrodoKEM-640-AES_run02,active,24.467364,5.39875,0.578239,3.121769,76.806591
FrodoKEM-640-AES_run02,active,24.480108,5.3925,0.576272,3.107549,76.846194
FrodoKEM-640-AES_run02,active,24.492851,5.39375,0.58557,3.158418,76.886443
FrodoKEM-640-AES_run02,active,24.505594,5.3975,0.584497,3.154824,76.926646
FrodoKEM-640-AES_run02,active,24.518337,5.39125,0.576809,3.10972,76.966273
FrodoKEM-640-AES_run02,active,24.531127,5.39625,0.585212,3.157952,77.006662
FrodoKEM-640-AES_run02,active,24.543881,5.39625,0.585212,3.157952,77.04694
FrodoKEM-640-AES_run02,active,24.556625,5.3975,0.584676,3.155789,77.087157
FrodoKEM-640-AES_run02,active,24.569371,5.39875,0.574484,3.101498,77.126689
FrodoKEM-640-AES_run02,active,24.582116,5.39875,0.584855,3.157485,77.16693
FrodoKEM-640-AES_run02,active,24.594862,5.395,0.584676,3.154327,77.207136
FrodoKEM-640-AES_run02,active,24.607611,5.39625,0.583603,3.149269,77.247285
FrodoKEM-640-AES_run02,active,24.620355,5.395,0.577703,3.116707,77.287005
FrodoKEM-640-AES_run02,active,24.633107,5.3975,0.584855,3.156754,77.327257
FrodoKEM-640-AES_run02,active,24.645855,5.3975,0.584497,3.154824,77.367477
FrodoKEM-640-AES_run02,active,24.6586,5.39625,0.569478,3.073046,77.406642
FrodoKEM-640-AES_run02,active,24.671346,5.39625,0.586106,3.162777,77.446956
FrodoKEM-640-AES_run02,active,24.684092,5.39625,0.584676,3.155058,77.48717
FrodoKEM-640-AES_run02,active,24.696837,5.39875,0.585212,3.159415,77.527437
FrodoKEM-640-AES_run02,active,24.709581,5.39625,0.580742,3.133831,77.567373
FrodoKEM-640-AES_run02,active,24.722339,5.3825,0.585212,3.149906,77.607559
FrodoKEM-640-AES_run02,active,24.735122,5.3975,0.583782,3.150963,77.647841
FrodoKEM-640-AES_run02,active,24.747876,5.3975,0.579133,3.125871,77.687707
FrodoKEM-640-AES_run02,active,24.760623,5.39625,0.576272,3.10971,77.727345
FrodoKEM-640-AES_run02,active,24.773368,5.3975,0.589861,3.183776,77.767923
FrodoKEM-640-AES_run02,active,24.786114,5.3975,0.584497,3.154824,77.808134
FrodoKEM-640-AES_run02,active,24.798861,5.3975,0.576451,3.111395,77.847794
FrodoKEM-640-AES_run02,active,24.811609,5.39625,0.584855,3.156023,77.888029
FrodoKEM-640-AES_run02,active,24.824353,5.38875,0.584318,3.148746,77.928156
FrodoKEM-640-AES_run02,active,24.837104,5.3975,0.584318,3.153859,77.968371
FrodoKEM-640-AES_run02,active,24.849853,5.4,0.576809,3.114768,78.008081
FrodoKEM-640-AES_run02,active,24.862598,5.3975,0.584497,3.154824,78.048291
FrodoKEM-640-AES_run02,active,24.875347,5.395,0.584676,3.154327,78.088505
FrodoKEM-640-AES_run02,active,24.888093,5.40375,0.586643,3.170071,78.128909
FrodoKEM-640-AES_run02,active,24.900836,5.39625,0.576451,3.110675,78.16855
FrodoKEM-640-AES_run02,active,24.913582,5.395,0.585391,3.158186,78.208802
FrodoKEM-640-AES_run02,active,24.926327,5.38375,0.585749,3.153525,78.248995
FrodoKEM-640-AES_run02,active,24.939112,5.4,0.575736,3.108974,78.288743
FrodoKEM-640-AES_run02,active,24.951867,5.39625,0.585928,3.161812,78.329072
FrodoKEM-640-AES_run02,active,24.964611,5.39625,0.586285,3.163742,78.369392
FrodoKEM-640-AES_run02,active,24.977359,5.3975,0.584676,3.155789,78.409621
FrodoKEM-640-AES_run02,active,24.990105,5.39625,0.57663,3.11164,78.449281
FrodoKEM-640-AES_run02,active,25.00285,5.3975,0.584855,3.156754,78.489513
FrodoKEM-640-AES_run02,active,25.015599,5.3975,0.584676,3.155789,78.529749
FrodoKEM-640-AES_run02,active,25.028345,5.38625,0.586643,3.159805,78.570022
FrodoKEM-640-AES_run02,active,25.041097,5.39625,0.576451,3.110675,78.609689
FrodoKEM-640-AES_run02,active,25.053845,5.395,0.585391,3.158186,78.64995
FrodoKEM-640-AES_run02,active,25.06659,5.39625,0.584497,3.154093,78.69015
FrodoKEM-640-AES_run02,active,25.079337,5.3975,0.577345,3.116221,78.729871
FrodoKEM-640-AES_run02,active,25.092082,5.39625,0.584497,3.154093,78.770071
FrodoKEM-640-AES_run02,active,25.104828,5.39625,0.584855,3.156023,78.810297
FrodoKEM-640-AES_run02,active,25.117571,5.395,0.584318,3.152398,78.85047
FrodoKEM-640-AES_run02,active,25.130316,5.38875,0.576451,3.106351,78.890059
FrodoKEM-640-AES_run02,active,25.143071,5.395,0.584318,3.152398,78.930269
FrodoKEM-640-AES_run02,active,25.155825,5.3875,0.583603,3.144162,78.970369
FrodoKEM-640-AES_run02,active,25.168569,5.3975,0.584497,3.154824,79.010574
FrodoKEM-640-AES_run02,active,25.181321,5.39625,0.576809,3.112604,79.050267
FrodoKEM-640-AES_run02,active,25.194075,5.39625,0.585749,3.160847,79.090578
FrodoKEM-640-AES_run02,active,25.206822,5.3975,0.584855,3.156754,79.130819
FrodoKEM-640-AES_run02,active,25.219573,5.4,0.570551,3.080974,79.170104
FrodoKEM-640-AES_run02,active,25.23232,5.39375,0.582888,3.143952,79.210179
FrodoKEM-640-AES_run02,active,25.245073,5.3975,0.585212,3.158684,79.250462
FrodoKEM-640-AES_run02,active,25.257825,5.39625,0.584497,3.154093,79.290684
FrodoKEM-640-AES_run02,active,25.270571,5.39875,0.576809,3.114047,79.330375
FrodoKEM-640-AES_run02,active,25.283319,5.39875,0.584676,3.15652,79.370614
FrodoKEM-640-AES_run02,active,25.296065,5.39625,0.586106,3.162777,79.410926
FrodoKEM-640-AES_run02,active,25.308809,5.38875,0.585212,3.153563,79.451117
FrodoKEM-640-AES_run02,active,25.321554,5.39625,0.576988,3.113569,79.4908
FrodoKEM-640-AES_run02,active,25.334301,5.39375,0.585212,3.156489,79.531035
FrodoKEM-640-AES_run02,active,25.347052,5.3975,0.586106,3.163509,79.571373
FrodoKEM-640-AES_run02,active,25.359804,5.39,0.576272,3.106108,79.610981
FrodoKEM-640-AES_run02,active,25.372549,5.39375,0.576094,3.107305,79.650583
FrodoKEM-640-AES_run02,active,25.385296,5.39875,0.584497,3.155554,79.690809
FrodoKEM-640-AES_run02,active,25.398041,5.3975,0.584676,3.155789,79.731029
FrodoKEM-640-AES_run02,active,25.410787,5.3975,0.576451,3.111395,79.770685
FrodoKEM-640-AES_run02,active,25.423533,5.3975,0.585212,3.158684,79.810948
FrodoKEM-640-AES_run02,active,25.436278,5.39375,0.583961,3.149739,79.851091
FrodoKEM-640-AES_run02,active,25.44903,5.395,0.583246,3.14661,79.891214
FrodoKEM-640-AES_run02,active,25.461781,5.3975,0.575915,3.1085,79.930851
FrodoKEM-640-AES_run02,active,25.474527,5.39625,0.584855,3.156023,79.971079
FrodoKEM-640-AES_run02,active,25.487273,5.39625,0.586464,3.164706,80.011415
FrodoKEM-640-AES_run02,active,25.500018,5.40125,0.578239,3.123214,80.051222
FrodoKEM-640-AES_run02,active,25.51276,5.395,0.576809,3.111883,80.090874
FrodoKEM-640-AES_run02,active,25.525506,5.39625,0.585212,3.157952,80.131125
FrodoKEM-640-AES_run02,active,25.53825,5.3975,0.584497,3.154824,80.17133
FrodoKEM-640-AES_run02,active,25.553764,5.3975,0.576451,3.111395,80.219598
FrodoKEM-640-AES_run02,active,25.566532,5.3975,0.585034,3.157719,80.259918
FrodoKEM-640-AES_run02,active,25.579283,5.4,0.587,3.169802,80.300336
FrodoKEM-640-AES_run02,active,25.592029,5.39625,0.584855,3.156023,80.340563
FrodoKEM-640-AES_run02,active,25.604772,5.39625,0.576451,3.110675,80.380201
FrodoKEM-640-AES_run02,active,25.617519,5.39625,0.585749,3.160847,80.420491
FrodoKEM-640-AES_run02,active,25.630263,5.3975,0.584855,3.156754,80.460723
FrodoKEM-640-AES_run02,active,25.643007,5.39125,0.576451,3.107793,80.500329
FrodoKEM-640-AES_run02,active,25.65576,5.39375,0.582709,3.142988,80.540412
FrodoKEM-640-AES_run02,active,25.668508,5.3975,0.585391,3.159649,80.58069
FrodoKEM-640-AES_run02,active,25.681253,5.3975,0.584855,3.156754,80.620922
FrodoKEM-640-AES_run02,active,25.693996,5.3975,0.577703,3.118151,80.660658
FrodoKEM-640-AES_run02,active,25.70674,5.39625,0.587358,3.169531,80.701049
FrodoKEM-640-AES_run02,active,25.719485,5.405,0.586285,3.168872,80.741436
FrodoKEM-640-AES_run02,active,25.732229,5.39625,0.583961,3.151198,80.781595
FrodoKEM-640-AES_run02,active,25.744972,5.38375,0.575915,3.100581,80.821107
FrodoKEM-640-AES_run02,active,25.75776,5.395,0.585212,3.157221,80.861482
FrodoKEM-640-AES_run02,active,25.77051,5.4,0.583782,3.152423,80.901674
FrodoKEM-640-AES_run02,active,25.783257,5.3975,0.576094,3.109465,80.941312
FrodoKEM-640-AES_run02,active,25.796002,5.39875,0.584855,3.157485,80.981554
FrodoKEM-640-AES_run02,active,25.808746,5.395,0.586822,3.165903,81.0219
FrodoKEM-640-AES_run02,active,25.82149,5.39625,0.584855,3.156023,81.062119
FrodoKEM-640-AES_run02,active,25.834235,5.39625,0.577166,3.114534,81.101813
FrodoKEM-640-AES_run02,active,25.84698,5.38375,0.585391,3.1516,81.141982
FrodoKEM-640-AES_run02,active,25.859737,5.39125,0.579133,3.122252,81.181813
FrodoKEM-640-AES_run02,active,25.872495,5.395,0.584855,3.155292,81.222066
FrodoKEM-640-AES_run02,active,25.885241,5.39875,0.576451,3.112116,81.261733
FrodoKEM-640-AES_run02,active,25.897987,5.39625,0.581815,3.13962,81.301751
FrodoKEM-640-AES_run02,active,25.910732,5.3975,0.58557,3.160614,81.342035
FrodoKEM-640-AES_run02,active,25.92348,5.3975,0.575915,3.1085,81.381661
FrodoKEM-640-AES_run02,active,25.936224,5.3975,0.577166,3.115256,81.421363
FrodoKEM-640-AES_run02,active,25.948968,5.3925,0.584318,3.150937,81.461516
FrodoKEM-640-AES_run02,active,25.96176,5.39625,0.585749,3.160847,81.501953
FrodoKEM-640-AES_run02,active,25.97451,5.39875,0.576272,3.111151,81.541617
FrodoKEM-640-AES_run02,active,25.987258,5.39625,0.585391,3.158917,81.581889
FrodoKEM-640-AES_run02,active,26.000003,5.40125,0.588967,3.181159,81.622433
FrodoKEM-640-AES_run02,active,26.012748,5.39625,0.584497,3.154093,81.66263
FrodoKEM-640-AES_run02,active,26.025493,5.395,0.575915,3.10706,81.70223
FrodoKEM-640-AES_run02,active,26.038237,5.3975,0.583782,3.150963,81.742386
FrodoKEM-640-AES_run02,active,26.050981,5.3925,0.585034,3.154794,81.782591
FrodoKEM-640-AES_run02,active,26.063735,5.3975,0.576272,3.11043,81.82226
FrodoKEM-640-AES_run02,active,26.076483,5.39625,0.584497,3.154093,81.862469
FrodoKEM-640-AES_run02,active,26.089228,5.4,0.583782,3.152423,81.902646
FrodoKEM-640-AES_run02,active,26.101973,5.395,0.584676,3.154327,81.942848
FrodoKEM-640-AES_run02,active,26.114716,5.39625,0.576272,3.10971,81.982478
FrodoKEM-640-AES_run02,active,26.127462,5.395,0.585928,3.161079,82.022768
FrodoKEM-640-AES_run02,active,26.140207,5.40375,0.584855,3.160409,82.063046
FrodoKEM-640-AES_run02,active,26.152964,5.38125,0.584676,3.146288,82.103184
FrodoKEM-640-AES_run02,active,26.165801,5.39125,0.575557,3.102973,82.143017
FrodoKEM-640-AES_run02,active,26.178583,5.39625,0.584855,3.156023,82.183358
FrodoKEM-640-AES_run02,active,26.19135,5.3975,0.584676,3.155789,82.223647
FrodoKEM-640-AES_run02,active,26.204102,5.39625,0.576272,3.10971,82.263303
FrodoKEM-640-AES_run02,active,26.216849,5.39625,0.575915,3.10778,82.302917
FrodoKEM-640-AES_run02,active,26.229597,5.39375,0.585034,3.155525,82.343143
FrodoKEM-640-AES_run02,active,26.242396,5.39625,0.58414,3.152163,82.38349
FrodoKEM-640-AES_run02,active,26.255169,5.39125,0.576272,3.106829,82.423171
FrodoKEM-640-AES_run02,active,26.267925,5.3975,0.586643,3.166405,82.463562
FrodoKEM-640-AES_run02,active,26.280677,5.395,0.583603,3.148539,82.503713
FrodoKEM-640-AES_run02,active,26.293424,5.39875,0.584497,3.155554,82.543937
FrodoKEM-640-AES_run02,active,26.306169,5.39625,0.576272,3.10971,82.583571
FrodoKEM-640-AES_run02,active,26.318915,5.39625,0.584676,3.155058,82.623785
FrodoKEM-640-AES_run02,active,26.331663,5.3975,0.58414,3.152893,82.663977
FrodoKEM-640-AES_run02,active,26.344453,5.395,0.585928,3.161079,82.704409
FrodoKEM-640-AES_run02,active,26.3572,5.3825,0.576809,3.104673,82.743984
FrodoKEM-640-AES_run02,active,26.369957,5.39625,0.583067,3.146374,82.784122
FrodoKEM-640-AES_run02,active,26.382708,5.39875,0.584318,3.154589,82.824346
FrodoKEM-640-AES_run02,active,26.395457,5.3975,0.576451,3.111395,82.864011
FrodoKEM-640-AES_run02,active,26.408202,5.395,0.580564,3.132141,82.903933
FrodoKEM-640-AES_run02,active,26.420945,5.39625,0.584855,3.156023,82.944147
FrodoKEM-640-AES_run02,active,26.433692,5.3975,0.584676,3.155789,82.984376
FrodoKEM-640-AES_run02,active,26.446437,5.395,0.576809,3.111883,83.024037
FrodoKEM-640-AES_run02,active,26.459184,5.38625,0.585749,3.154989,83.064254
FrodoKEM-640-AES_run02,active,26.471938,5.39625,0.582173,3.14155,83.10432
FrodoKEM-640-AES_run02,active,26.484689,5.3975,0.577345,3.116221,83.144054
FrodoKEM-640-AES_run02,active,26.497433,5.3975,0.576094,3.109465,83.183683
FrodoKEM-640-AES_run02,active,26.510178,5.395,0.584676,3.154327,83.223884
FrodoKEM-640-AES_run02,active,26.522924,5.39625,0.585212,3.157952,83.264135
FrodoKEM-640-AES_run02,active,26.535671,5.3975,0.577166,3.115256,83.303847
FrodoKEM-640-AES_run02,active,26.548451,5.3925,0.584855,3.15383,83.344152
FrodoKEM-640-AES_run02,active,26.561195,5.395,0.58414,3.151433,83.384315
FrodoKEM-640-AES_run02,active,26.573947,5.3975,0.584676,3.155789,83.424555
FrodoKEM-640-AES_run02,active,26.586695,5.39625,0.57806,3.119358,83.46432
FrodoKEM-640-AES_run02,active,26.599444,5.3975,0.58414,3.152893,83.504519
FrodoKEM-640-AES_run02,active,26.61219,5.39625,0.584497,3.154093,83.54472
FrodoKEM-640-AES_run02,active,26.624934,5.39625,0.584497,3.154093,83.584917
FrodoKEM-640-AES_run02,active,26.637679,5.39875,0.577345,3.116942,83.624642
FrodoKEM-640-AES_run02,active,26.650424,5.395,0.584855,3.155292,83.664854
FrodoKEM-640-AES_run02,active,26.663168,5.3975,0.584318,3.153859,83.705049
FrodoKEM-640-AES_run02,active,26.67592,5.39875,0.576451,3.112116,83.744735
FrodoKEM-640-AES_run02,active,26.688668,5.395,0.584318,3.152398,83.784919
FrodoKEM-640-AES_run02,active,26.701413,5.39625,0.584855,3.156023,83.825144
FrodoKEM-640-AES_run02,active,26.714158,5.39625,0.584676,3.155058,83.865356
FrodoKEM-640-AES_run02,active,26.726901,5.39625,0.577166,3.114534,83.905045
FrodoKEM-640-AES_run02,active,26.739675,5.3925,0.579133,3.122976,83.944938
FrodoKEM-640-AES_run02,active,26.752449,5.3975,0.585391,3.159649,83.985298
FrodoKEM-640-AES_run02,active,26.765197,5.39625,0.584855,3.156023,84.02553
FrodoKEM-640-AES_run02,active,26.77795,5.3975,0.575915,3.1085,84.065173
FrodoKEM-640-AES_run02,active,26.790699,5.395,0.587,3.166867,84.105549
FrodoKEM-640-AES_run02,active,26.803448,5.395,0.584855,3.155292,84.145775
FrodoKEM-640-AES_run02,active,26.816194,5.39625,0.576451,3.110675,84.185424
FrodoKEM-640-AES_run02,active,26.831774,5.39,0.585749,3.157186,84.234611
FrodoKEM-640-AES_run02,active,26.84456,5.395,0.590219,3.18423,84.275325
FrodoKEM-640-AES_run02,active,26.857308,5.39625,0.584497,3.154093,84.315535
FrodoKEM-640-AES_run02,active,26.870054,5.39375,0.5752,3.102483,84.355078
FrodoKEM-640-AES_run02,active,26.882809,5.39625,0.588967,3.178214,84.395618
FrodoKEM-640-AES_run02,active,26.895564,5.39625,0.584676,3.155058,84.435859
FrodoKEM-640-AES_run02,active,26.908308,5.39625,0.579133,3.125148,84.475686
FrodoKEM-640-AES_run02,active,26.921052,5.3975,0.575557,3.10657,84.515275
FrodoKEM-640-AES_run02,active,26.933795,5.39625,0.584855,3.156023,84.555495
FrodoKEM-640-AES_run02,active,26.946539,5.3975,0.589861,3.183776,84.596068
FrodoKEM-640-AES_run02,active,26.959285,5.40125,0.576809,3.115489,84.635777
FrodoKEM-640-AES_run02,active,26.972027,5.39375,0.585212,3.156489,84.675999
FrodoKEM-640-AES_run02,active,26.984775,5.39625,0.584855,3.156023,84.71623
FrodoKEM-640-AES_run02,active,26.997522,5.39625,0.586285,3.163742,84.756558
FrodoKEM-640-AES_run02,active,27.010264,5.3925,0.571802,3.083444,84.795847
FrodoKEM-640-AES_run02,active,27.023009,5.39625,0.584676,3.155058,84.836058
FrodoKEM-640-AES_run02,active,27.035757,5.395,0.584318,3.152398,84.876247
FrodoKEM-640-AES_run02,active,27.048497,5.39625,0.579491,3.127077,84.916086
FrodoKEM-640-AES_run02,active,27.061242,5.395,0.576809,3.111883,84.955746
FrodoKEM-640-AES_run02,active,27.073984,5.3925,0.584855,3.15383,84.995933
FrodoKEM-640-AES_run02,active,27.086735,5.39625,0.584676,3.155058,85.036162
FrodoKEM-640-AES_run02,active,27.099487,5.395,0.578597,3.12153,85.075967
FrodoKEM-640-AES_run02,active,27.112233,5.39875,0.584676,3.15652,85.1162
FrodoKEM-640-AES_run02,active,27.124976,5.39875,0.583782,3.151693,85.156363
FrodoKEM-640-AES_run02,active,27.137771,5.3975,0.585212,3.158684,85.196778
FrodoKEM-640-AES_run02,active,27.150517,5.39375,0.5752,3.102483,85.236322
FrodoKEM-640-AES_run02,active,27.163262,5.39625,0.584497,3.154093,85.276521
FrodoKEM-640-AES_run02,active,27.176014,5.38875,0.584318,3.148746,85.316673
FrodoKEM-640-AES_run02,active,27.188776,5.3975,0.584855,3.156754,85.356961
FrodoKEM-640-AES_run02,active,27.201525,5.3975,0.575915,3.1085,85.396591
FrodoKEM-640-AES_run02,active,27.214272,5.395,0.584318,3.152398,85.436774
FrodoKEM-640-AES_run02,active,27.227015,5.39625,0.585749,3.160847,85.477055
FrodoKEM-640-AES_run02,active,27.239761,5.39125,0.580027,3.127072,85.516912
FrodoKEM-640-AES_run02,active,27.252505,5.39625,0.587537,3.170495,85.557318
FrodoKEM-640-AES_run02,active,27.26525,5.395,0.586106,3.162044,85.597617
FrodoKEM-640-AES_run02,active,27.277993,5.39625,0.584318,3.153128,85.637797
FrodoKEM-640-AES_run02,active,27.290743,5.3975,0.576094,3.109465,85.677442
FrodoKEM-640-AES_run02,active,27.303493,5.3975,0.584855,3.156754,85.717692
FrodoKEM-640-AES_run02,active,27.316238,5.3975,0.583782,3.150963,85.757849
FrodoKEM-640-AES_run02,active,27.328981,5.39625,0.584497,3.154093,85.798044
FrodoKEM-640-AES_run02,active,27.341772,5.3925,0.57663,3.109477,85.837815
FrodoKEM-640-AES_run02,active,27.354517,5.39875,0.588788,3.178721,85.87833
FrodoKEM-640-AES_run02,active,27.367264,5.3975,0.586285,3.164474,85.918666
FrodoKEM-640-AES_run02,active,27.380008,5.40125,0.576451,3.113557,85.958345
FrodoKEM-640-AES_run02,active,27.392758,5.3975,0.585212,3.158684,85.998618
FrodoKEM-640-AES_run02,active,27.405506,5.3975,0.585391,3.159649,86.038896
FrodoKEM-640-AES_run02,active,27.418249,5.3925,0.584497,3.151901,86.079062
FrodoKEM-640-AES_run02,active,27.430993,5.39625,0.576272,3.10971,86.118691
FrodoKEM-640-AES_run02,active,27.443737,5.3975,0.58414,3.152893,86.158875
FrodoKEM-640-AES_run02,active,27.456481,5.39625,0.589325,3.180144,86.1994
FrodoKEM-640-AES_run02,active,27.469225,5.39875,0.582888,3.146867,86.239505
FrodoKEM-640-AES_run02,active,27.481969,5.39625,0.576272,3.10971,86.279135
FrodoKEM-640-AES_run02,active,27.494718,5.39625,0.585391,3.158917,86.319408
FrodoKEM-640-AES_run02,active,27.50747,5.3975,0.586285,3.164474,86.35976
FrodoKEM-640-AES_run02,active,27.520217,5.39625,0.577345,3.115499,86.399474
FrodoKEM-640-AES_run02,active,27.532959,5.39625,0.584318,3.153128,86.439653
FrodoKEM-640-AES_run02,active,27.545756,5.3975,0.584855,3.156754,86.480047
FrodoKEM-640-AES_run02,active,27.558503,5.39625,0.58861,3.176285,86.520538
FrodoKEM-640-AES_run02,active,27.571249,5.4,0.576451,3.112836,86.560214
FrodoKEM-640-AES_run02,active,27.583994,5.39625,0.585391,3.158917,86.600474
FrodoKEM-640-AES_run02,active,27.596744,5.3975,0.585391,3.159649,86.640758
FrodoKEM-640-AES_run02,active,27.609492,5.3975,0.584855,3.156754,86.681
FrodoKEM-640-AES_run02,active,27.622236,5.3975,0.576272,3.11043,86.720642
FrodoKEM-640-AES_run02,active,27.63498,5.3975,0.584497,3.154824,86.760845
FrodoKEM-640-AES_run02,active,27.647724,5.39625,0.585391,3.158917,86.801104
FrodoKEM-640-AES_run02,active,27.660469,5.3975,0.581636,3.139382,86.841114
FrodoKEM-640-AES_run02,active,27.673213,5.39625,0.576451,3.110675,86.880756
FrodoKEM-640-AES_run02,active,27.685956,5.3975,0.584676,3.155789,86.920972
FrodoKEM-640-AES_run02,active,27.698707,5.3975,0.587,3.168335,86.961372
FrodoKEM-640-AES_run02,active,27.711457,5.395,0.575915,3.10706,87.000985
FrodoKEM-640-AES_run02,active,27.724201,5.3975,0.584497,3.154824,87.041191
FrodoKEM-640-AES_run02,active,27.736942,5.39625,0.583782,3.150234,87.081327
FrodoKEM-640-AES_run02,active,27.749688,5.3975,0.584497,3.154824,87.121539
FrodoKEM-640-AES_run02,active,27.762431,5.39625,0.578954,3.124183,87.161349
FrodoKEM-640-AES_run02,active,27.775176,5.3975,0.585212,3.158684,87.201607
FrodoKEM-640-AES_run02,active,27.787917,5.3975,0.583782,3.150963,87.241753
FrodoKEM-640-AES_run02,active,27.80067,5.3975,0.574306,3.099814,87.281285
FrodoKEM-640-AES_run02,active,27.813422,5.3975,0.576809,3.113325,87.320988
FrodoKEM-640-AES_run02,active,27.826166,5.4,0.584497,3.156285,87.361212
FrodoKEM-640-AES_run02,active,27.838909,5.39125,0.583961,3.148279,87.401329
FrodoKEM-640-AES_run02,active,27.851655,5.395,0.576451,3.109954,87.440969
FrodoKEM-640-AES_run02,active,27.86443,5.39625,0.589861,3.183039,87.481633
FrodoKEM-640-AES_run02,active,27.877175,5.39625,0.585034,3.156988,87.521867
FrodoKEM-640-AES_run02,active,27.88992,5.39125,0.584497,3.151171,87.562029
FrodoKEM-640-AES_run02,active,27.902671,5.39625,0.575915,3.10778,87.601657
FrodoKEM-640-AES_run02,active,27.915422,5.3975,0.585391,3.159649,87.641945
FrodoKEM-640-AES_run02,active,27.928166,5.395,0.586464,3.163973,87.682269
FrodoKEM-640-AES_run02,active,27.940911,5.395,0.580027,3.129247,87.72215
FrodoKEM-640-AES_run02,active,27.953655,5.39625,0.576809,3.112604,87.761816
FrodoKEM-640-AES_run02,active,27.966398,5.3975,0.591113,3.190531,87.802475
FrodoKEM-640-AES_run02,active,27.979144,5.39625,0.584676,3.155058,87.842687
FrodoKEM-640-AES_run02,active,27.991888,5.39375,0.576809,3.111162,87.882338
FrodoKEM-640-AES_run02,active,28.004639,5.39625,0.584497,3.154093,87.922554
FrodoKEM-640-AES_run02,active,28.017388,5.39625,0.584855,3.156023,87.96279
FrodoKEM-640-AES_run02,active,28.030131,5.395,0.585391,3.158186,88.003037
FrodoKEM-640-AES_run02,active,28.042875,5.39625,0.576451,3.110675,88.042677
FrodoKEM-640-AES_run02,active,28.055622,5.395,0.585749,3.160115,88.08296
FrodoKEM-640-AES_run02,active,28.068364,5.4,0.587358,3.171733,88.123374
FrodoKEM-640-AES_run02,active,28.081107,5.3975,0.577166,3.115256,88.163072
FrodoKEM-640-AES_run02,active,28.093853,5.39625,0.576809,3.112604,88.202745
FrodoKEM-640-AES_run02,active,28.109401,5.39375,0.584676,3.153596,88.251776
FrodoKEM-640-AES_run02,active,28.122171,5.395,0.584855,3.155292,88.292071
FrodoKEM-640-AES_run02,active,28.134919,5.39625,0.575557,3.105851,88.331664
FrodoKEM-640-AES_run02,active,28.147668,5.395,0.586822,3.165903,88.372026
FrodoKEM-640-AES_run02,active,28.160435,5.39875,0.583961,3.152658,88.412275
FrodoKEM-640-AES_run02,active,28.173184,5.39375,0.584497,3.152632,88.452469
FrodoKEM-640-AES_run02,active,28.185938,5.3975,0.577524,3.117186,88.492225
FrodoKEM-640-AES_run02,active,28.198682,5.39375,0.584318,3.151667,88.53239
FrodoKEM-640-AES_run02,active,28.211435,5.3975,0.584855,3.156754,88.572649
FrodoKEM-640-AES_run02,active,28.224187,5.39625,0.576094,3.108745,88.61229
FrodoKEM-640-AES_run02,active,28.236928,5.39625,0.579848,3.129007,88.652158
FrodoKEM-640-AES_run02,active,28.249673,5.39625,0.580027,3.129972,88.692049
FrodoKEM-640-AES_run02,active,28.262417,5.3975,0.586285,3.164474,88.732376
FrodoKEM-640-AES_run02,active,28.275162,5.3975,0.576451,3.111395,88.772031
FrodoKEM-640-AES_run02,active,28.287906,5.39625,0.587894,3.172425,88.81246
FrodoKEM-640-AES_run02,active,28.300647,5.395,0.587894,3.17169,88.852871
FrodoKEM-640-AES_run02,active,28.313398,5.39,0.584497,3.15044,88.893043
FrodoKEM-640-AES_run02,active,28.326146,5.3875,0.575736,3.101778,88.932586
FrodoKEM-640-AES_run02,active,28.338891,5.3975,0.583961,3.151928,88.972756
FrodoKEM-640-AES_run02,active,28.351637,5.39625,0.585391,3.158917,89.013019
FrodoKEM-640-AES_run02,active,28.36438,5.39625,0.576809,3.112604,89.052683
FrodoKEM-640-AES_run02,active,28.377124,5.39625,0.578597,3.122253,89.092473
FrodoKEM-640-AES_run02,active,28.389869,5.3975,0.587537,3.17123,89.132889
FrodoKEM-640-AES_run02,active,28.402612,5.39625,0.584497,3.154093,89.173084
FrodoKEM-640-AES_run02,active,28.415365,5.39625,0.576451,3.110675,89.212755
FrodoKEM-640-AES_run02,active,28.428115,5.395,0.585391,3.158186,89.253019
FrodoKEM-640-AES_run02,active,28.440858,5.39875,0.584497,3.155554,89.293231
FrodoKEM-640-AES_run02,active,28.4536,5.3975,0.584855,3.156754,89.333454
FrodoKEM-640-AES_run02,active,28.466344,5.395,0.576809,3.111883,89.373114
FrodoKEM-640-AES_run02,active,28.479122,5.3925,0.588788,3.175041,89.413683
FrodoKEM-640-AES_run02,active,28.491872,5.39625,0.584497,3.154093,89.453899
FrodoKEM-640-AES_run02,active,28.504614,5.3975,0.57663,3.11236,89.493557
FrodoKEM-640-AES_run02,active,28.517365,5.39625,0.57806,3.119358,89.533332
FrodoKEM-640-AES_run02,active,28.530116,5.39625,0.585034,3.156988,89.573585
FrodoKEM-640-AES_run02,active,28.54286,5.39375,0.583961,3.149739,89.613727
FrodoKEM-640-AES_run02,active,28.555605,5.39875,0.577524,3.117908,89.653465
FrodoKEM-640-AES_run02,active,28.568351,5.39875,0.584855,3.157485,89.693709
FrodoKEM-640-AES_run02,active,28.581095,5.3975,0.584318,3.153859,89.733903
FrodoKEM-640-AES_run02,active,28.593839,5.3925,0.584318,3.150937,89.774057
FrodoKEM-640-AES_run02,active,28.606582,5.39875,0.578776,3.124665,89.813874
FrodoKEM-640-AES_run02,active,28.619335,5.3975,0.584855,3.156754,89.854134
FrodoKEM-640-AES_run02,active,28.632085,5.39625,0.584497,3.154093,89.894347
FrodoKEM-640-AES_run02,active,28.644828,5.39625,0.583961,3.151198,89.934503
FrodoKEM-640-AES_run02,active,28.657573,5.395,0.577166,3.113813,89.97419
FrodoKEM-640-AES_run02,active,28.670319,5.395,0.585928,3.161079,90.014479
FrodoKEM-640-AES_run02,active,28.683064,5.3975,0.584497,3.154824,90.054687
FrodoKEM-640-AES_run02,active,28.695814,5.3975,0.576451,3.111395,90.094358
FrodoKEM-640-AES_run02,active,28.708557,5.39375,0.584497,3.152632,90.134533
FrodoKEM-640-AES_run02,active,28.72131,5.395,0.585212,3.157221,90.174797
FrodoKEM-640-AES_run02,active,28.734059,5.395,0.585034,3.156256,90.215035
FrodoKEM-640-AES_run02,active,28.746802,5.3975,0.577703,3.118151,90.254772
FrodoKEM-640-AES_run02,active,28.759561,5.39375,0.58557,3.158418,90.295068
FrodoKEM-640-AES_run02,active,28.772308,5.39625,0.584676,3.155058,90.335286
FrodoKEM-640-AES_run02,active,28.785053,5.3975,0.577345,3.116221,90.375003
FrodoKEM-640-AES_run02,active,28.797798,5.395,0.576451,3.109954,90.41464
FrodoKEM-640-AES_run02,active,28.810541,5.39625,0.589325,3.180144,90.455163
FrodoKEM-640-AES_run02,active,28.823294,5.39625,0.585391,3.158917,90.495448
FrodoKEM-640-AES_run02,active,28.836043,5.39875,0.576809,3.114047,90.53515
FrodoKEM-640-AES_run02,active,28.848787,5.39625,0.579133,3.125148,90.574976
FrodoKEM-640-AES_run02,active,28.861532,5.3975,0.585391,3.159649,90.615246
FrodoKEM-640-AES_run02,active,28.874276,5.3975,0.585034,3.157719,90.655487
FrodoKEM-640-AES_run02,active,28.887019,5.3975,0.579312,3.126837,90.695332
FrodoKEM-640-AES_run02,active,28.899766,5.39875,0.581458,3.139144,90.735349
FrodoKEM-640-AES_run02,active,28.912509,5.395,0.584318,3.152398,90.77552
FrodoKEM-640-AES_run02,active,28.925259,5.39625,0.582888,3.145409,90.815624
FrodoKEM-640-AES_run02,active,28.938009,5.3975,0.574306,3.099814,90.855146
FrodoKEM-640-AES_run02,active,28.950753,5.3975,0.583067,3.147103,90.895253
FrodoKEM-640-AES_run02,active,28.963499,5.39875,0.584497,3.155554,90.935474
FrodoKEM-640-AES_run02,active,28.976242,5.39625,0.57663,3.11164,90.975125
FrodoKEM-640-AES_run02,active,28.98902,5.39125,0.587179,3.16563,91.015576
FrodoKEM-640-AES_run02,active,29.001768,5.39625,0.585034,3.156988,91.055821
FrodoKEM-640-AES_run02,active,29.014513,5.3975,0.585212,3.158684,91.096079
FrodoKEM-640-AES_run02,active,29.027267,5.39375,0.576809,3.111162,91.135758
FrodoKEM-640-AES_run02,active,29.040017,5.40125,0.585391,3.161844,91.176072
FrodoKEM-640-AES_run02,active,29.05276,5.39875,0.585391,3.160381,91.216344
FrodoKEM-640-AES_run02,active,29.065503,5.39625,0.583961,3.151198,91.256499
FrodoKEM-640-AES_run02,active,29.078252,5.395,0.577882,3.117671,91.296247
FrodoKEM-640-AES_run02,active,29.091002,5.39875,0.58557,3.161346,91.336554
FrodoKEM-640-AES_run02,active,29.10375,5.3975,0.585034,3.157719,91.376808
FrodoKEM-640-AES_run02,active,29.116493,5.39625,0.576094,3.108745,91.416423
FrodoKEM-640-AES_run02,active,29.129244,5.39375,0.584497,3.152632,91.456622
FrodoKEM-640-AES_run02,active,29.141992,5.3975,0.585749,3.161579,91.496926
FrodoKEM-640-AES_run02,active,29.154739,5.395,0.584497,3.153362,91.537121
FrodoKEM-640-AES_run02,active,29.167486,5.3975,0.57806,3.120081,91.576894
FrodoKEM-640-AES_run02,active,29.180233,5.4,0.584497,3.156285,91.617128
FrodoKEM-640-AES_run02,active,29.193019,5.3975,0.585212,3.158684,91.657515
FrodoKEM-640-AES_run02,active,29.205771,5.39875,0.584318,3.154589,91.697741
FrodoKEM-640-AES_run02,active,29.218516,5.4,0.578239,3.122492,91.737537
FrodoKEM-640-AES_run02,active,29.231268,5.395,0.58557,3.15915,91.777823
FrodoKEM-640-AES_run02,active,29.244017,5.39625,0.583961,3.151198,91.817996
FrodoKEM-640-AES_run02,active,29.256759,5.395,0.576272,3.10899,91.857613
FrodoKEM-640-AES_run02,active,29.269502,5.3925,0.580564,3.130689,91.897508
FrodoKEM-640-AES_run02,active,29.282244,5.39625,0.584497,3.154093,91.937697
FrodoKEM-640-AES_run02,active,29.294989,5.39875,0.584676,3.15652,91.977925
FrodoKEM-640-AES_run02,active,29.307733,5.3975,0.576451,3.111395,92.017578
FrodoKEM-640-AES_run02,active,29.320474,5.39625,0.586106,3.162777,92.057874
FrodoKEM-640-AES_run02,active,29.333223,5.39625,0.585391,3.158917,92.098147
FrodoKEM-640-AES_run02,active,29.345968,5.39875,0.585391,3.160381,92.138427
FrodoKEM-640-AES_run02,active,29.358711,5.3975,0.579133,3.125871,92.178259
FrodoKEM-640-AES_run02,active,29.371455,5.39625,0.585212,3.157952,92.218505
FrodoKEM-640-AES_run02,active,29.386927,5.3975,0.586822,3.16737,92.267509
FrodoKEM-640-AES_run02,active,29.399691,5.3975,0.577345,3.116221,92.307285
FrodoKEM-640-AES_run02,active,29.412437,5.39625,0.584855,3.156023,92.347514
FrodoKEM-640-AES_run02,active,29.425183,5.39625,0.584855,3.156023,92.387738
FrodoKEM-640-AES_run02,active,29.437935,5.3975,0.584676,3.155789,92.427983
FrodoKEM-640-AES_run02,active,29.450686,5.395,0.576809,3.111883,92.467662
FrodoKEM-640-AES_run02,active,29.46343,5.39625,0.585212,3.157952,92.507908
FrodoKEM-640-AES_run02,active,29.476174,5.39625,0.584497,3.154093,92.548103
FrodoKEM-640-AES_run02,active,29.488916,5.39375,0.582709,3.142988,92.588151
FrodoKEM-640-AES_run02,active,29.501659,5.39625,0.575557,3.105851,92.627728
FrodoKEM-640-AES_run02,active,29.514402,5.39125,0.584497,3.151171,92.667882
FrodoKEM-640-AES_run02,active,29.527145,5.3975,0.586106,3.163509,92.708197
FrodoKEM-640-AES_run02,active,29.539895,5.39375,0.576272,3.108269,92.747826
FrodoKEM-640-AES_run02,active,29.55264,5.39875,0.585749,3.162311,92.788128
FrodoKEM-640-AES_run02,active,29.565383,5.3975,0.584676,3.155789,92.828345
FrodoKEM-640-AES_run02,active,29.578125,5.3975,0.586106,3.163509,92.868653
FrodoKEM-640-AES_run02,active,29.590866,5.3975,0.575557,3.10657,92.908235
FrodoKEM-640-AES_run02,active,29.603612,5.39625,0.585212,3.157952,92.948484
FrodoKEM-640-AES_run02,active,29.616354,5.39625,0.584497,3.154093,92.988675
FrodoKEM-640-AES_run02,active,29.629097,5.3975,0.583603,3.149998,93.028815
FrodoKEM-640-AES_run02,active,29.641846,5.39625,0.577166,3.114534,93.068523
FrodoKEM-640-AES_run02,active,29.654593,5.395,0.585212,3.157221,93.108767
FrodoKEM-640-AES_run02,active,29.667338,5.39625,0.584676,3.155058,93.14898
FrodoKEM-640-AES_run02,active,29.680082,5.3975,0.577345,3.116221,93.18869
FrodoKEM-640-AES_run02,active,29.692823,5.395,0.581458,3.136964,93.228661
FrodoKEM-640-AES_run02,active,29.705569,5.39625,0.584855,3.156023,93.268885
FrodoKEM-640-AES_run02,active,29.718313,5.39625,0.584318,3.153128,93.309069
FrodoKEM-640-AES_run02,active,29.731054,5.39625,0.576272,3.10971,93.348691
FrodoKEM-640-AES_run02,active,29.743808,5.395,0.584855,3.155292,93.388933
FrodoKEM-640-AES_run02,active,29.756552,5.3975,0.586106,3.163509,93.42925
FrodoKEM-640-AES_run02,active,29.769296,5.39125,0.585928,3.158882,93.469506
FrodoKEM-640-AES_run02,active,29.78204,5.39625,0.576988,3.113569,93.509184
FrodoKEM-640-AES_run02,active,29.794782,5.395,0.584676,3.154327,93.549379
FrodoKEM-640-AES_run02,active,29.807528,5.39625,0.586106,3.162777,93.589692
FrodoKEM-640-AES_run02,active,29.820271,5.39375,0.577703,3.115984,93.629398
FrodoKEM-640-AES_run02,active,29.833013,5.39625,0.585749,3.160847,93.669674
FrodoKEM-640-AES_run02,active,29.845763,5.3975,0.586106,3.163509,93.710007
FrodoKEM-640-AES_run02,active,29.858509,5.39375,0.584855,3.154561,93.750217
FrodoKEM-640-AES_run02,active,29.871255,5.39625,0.576272,3.10971,93.789851
FrodoKEM-640-AES_run02,active,29.883999,5.3975,0.584497,3.154824,93.830058
FrodoKEM-640-AES_run02,active,29.89674,5.3975,0.584318,3.153859,93.870242
FrodoKEM-640-AES_run02,active,29.909485,5.3975,0.585212,3.158684,93.910498
FrodoKEM-640-AES_run02,active,29.922229,5.3975,0.576272,3.11043,93.950139
FrodoKEM-640-AES_run02,active,29.934973,5.39625,0.585749,3.160847,93.990418
FrodoKEM-640-AES_run02,active,29.947725,5.3975,0.585749,3.161579,94.030734
FrodoKEM-640-AES_run02,active,29.96047,5.39625,0.576272,3.10971,94.070369
FrodoKEM-640-AES_run02,active,29.973213,5.39625,0.576451,3.110675,94.110009
FrodoKEM-640-AES_run02,active,29.985958,5.3975,0.585749,3.161579,94.150303
FrodoKEM-640-AES_run02,active,29.998702,5.39625,0.583067,3.146374,94.190399
FrodoKEM-640-AES_run02,active,30.011447,5.39625,0.576988,3.113569,94.230083
FrodoKEM-640-AES_run02,active,30.024191,5.3975,0.585212,3.158684,94.270335
FrodoKEM-640-AES_run02,active,30.036932,5.39625,0.58557,3.159882,94.310597
FrodoKEM-640-AES_run02,active,30.049681,5.37,0.586643,3.150272,94.35076
FrodoKEM-640-AES_run02,active,30.062429,5.39875,0.576809,3.114047,94.390458
FrodoKEM-640-AES_run02,active,30.075175,5.39625,0.586464,3.164706,94.430794
FrodoKEM-640-AES_run02,active,30.087915,5.39625,0.586285,3.163742,94.471102
FrodoKEM-640-AES_run02,active,30.100659,5.39625,0.580027,3.129972,94.510991
FrodoKEM-640-AES_run02,active,30.113403,5.39625,0.577703,3.117429,94.550717
FrodoKEM-640-AES_run02,active,30.126145,5.39625,0.585391,3.158917,94.59097
FrodoKEM-640-AES_run02,active,30.138888,5.3975,0.579848,3.129732,94.630849
FrodoKEM-640-AES_run02,active,30.151641,5.39625,0.57663,3.11164,94.670532
FrodoKEM-640-AES_run02,active,30.164432,5.39625,0.584676,3.155058,94.71089
FrodoKEM-640-AES_run02,active,30.177181,5.39625,0.585749,3.160847,94.751186
FrodoKEM-640-AES_run02,active,30.189928,5.39625,0.584318,3.153128,94.79138
FrodoKEM-640-AES_run02,active,30.202669,5.39625,0.57663,3.11164,94.831026
FrodoKEM-640-AES_run02,active,30.215417,5.39625,0.58557,3.159882,94.871307
FrodoKEM-640-AES_run02,active,30.22816,5.39625,0.585212,3.157952,94.911551
FrodoKEM-640-AES_run02,active,30.240916,5.39375,0.576809,3.111162,94.951236
FrodoKEM-640-AES_run02,active,30.253708,5.395,0.576272,3.10899,94.991005
FrodoKEM-640-AES_run02,active,30.266478,5.3975,0.586643,3.166405,95.03144
FrodoKEM-640-AES_run02,active,30.279231,5.3975,0.586643,3.166405,95.071821
FrodoKEM-640-AES_run02,active,30.291978,5.39625,0.576451,3.110675,95.111474
FrodoKEM-640-AES_run02,active,30.304722,5.3975,0.584855,3.156754,95.151705
FrodoKEM-640-AES_run02,active,30.317468,5.3975,0.584676,3.155789,95.191926
FrodoKEM-640-AES_run02,active,30.330212,5.39625,0.584855,3.156023,95.232149
FrodoKEM-640-AES_run02,active,30.342957,5.39625,0.576809,3.112604,95.271818
FrodoKEM-640-AES_run02,active,30.355711,5.3975,0.58414,3.152893,95.31203
FrodoKEM-640-AES_run02,active,30.36846,5.3975,0.585391,3.159649,95.352312
FrodoKEM-640-AES_run02,active,30.381205,5.3975,0.586106,3.163509,95.392632
FrodoKEM-640-AES_run02,active,30.39395,5.3975,0.576809,3.113325,95.432309
FrodoKEM-640-AES_run02,active,30.406694,5.3975,0.591649,3.193427,95.473007
FrodoKEM-640-AES_run02,active,30.41944,5.3975,0.583424,3.149033,95.513146
FrodoKEM-640-AES_run02,active,30.432186,5.39625,0.577166,3.114534,95.552842
FrodoKEM-640-AES_run02,active,30.444928,5.39625,0.586106,3.162777,95.593142
FrodoKEM-640-AES_run02,active,30.457678,5.3975,0.584855,3.156754,95.633392
FrodoKEM-640-AES_run02,active,30.470428,5.39625,0.584676,3.155058,95.673617
FrodoKEM-640-AES_run02,active,30.483172,5.39625,0.574663,3.101026,95.713138
FrodoKEM-640-AES_run02,active,30.495916,5.39875,0.585034,3.15845,95.75339
FrodoKEM-640-AES_run02,active,30.508661,5.39875,0.587179,3.170034,95.79379
FrodoKEM-640-AES_run02,active,30.521404,5.39875,0.581815,3.141075,95.833818
FrodoKEM-640-AES_run02,active,30.534148,5.39625,0.577166,3.114534,95.873511
FrodoKEM-640-AES_run02,active,30.546894,5.39875,0.584855,3.157485,95.913755
FrodoKEM-640-AES_run02,active,30.559646,5.39625,0.590934,3.188828,95.95442
FrodoKEM-640-AES_run02,active,30.572445,5.39625,0.577345,3.115499,95.994294
FrodoKEM-640-AES_run02,active,30.585192,5.39625,0.584676,3.155058,96.034512
FrodoKEM-640-AES_run02,active,30.597933,5.39625,0.587716,3.17146,96.074919
FrodoKEM-640-AES_run02,active,30.610677,5.39625,0.583424,3.148304,96.11504
FrodoKEM-640-AES_run02,active,30.623424,5.39625,0.576272,3.10971,96.154679
FrodoKEM-640-AES_run02,active,30.636168,5.3975,0.585749,3.161579,96.19497
FrodoKEM-640-AES_run02,active,30.648909,5.3975,0.583603,3.149998,96.235105
FrodoKEM-640-AES_run02,active,30.66442,5.395,0.576451,3.109954,96.283344
FrodoKEM-640-AES_run02,active,30.677189,5.39625,0.575915,3.10778,96.323027
FrodoKEM-640-AES_run02,active,30.689937,5.39875,0.585212,3.159415,96.363304
FrodoKEM-640-AES_run02,active,30.702681,5.395,0.584855,3.155292,96.403516
FrodoKEM-640-AES_run02,active,30.715428,5.39625,0.575915,3.10778,96.443129
FrodoKEM-640-AES_run02,active,30.728174,5.39875,0.587,3.169068,96.483524
FrodoKEM-640-AES_run02,active,30.740916,5.3975,0.583961,3.151928,96.523684
FrodoKEM-640-AES_run02,active,30.753659,5.39625,0.584497,3.154093,96.563878
FrodoKEM-640-AES_run02,active,30.766403,5.39625,0.575915,3.10778,96.603484
FrodoKEM-640-AES_run02,active,30.779165,5.3925,0.586106,3.160579,96.643818
FrodoKEM-640-AES_run02,active,30.791911,5.3975,0.58414,3.152893,96.684007
FrodoKEM-640-AES_run02,active,30.804654,5.39625,0.576451,3.110675,96.723644
FrodoKEM-640-AES_run02,active,30.817396,5.3975,0.576272,3.11043,96.763278
FrodoKEM-640-AES_run02,active,30.830139,5.395,0.584855,3.155292,96.803486
FrodoKEM-640-AES_run02,active,30.842882,5.3975,0.58557,3.160614,96.843762
FrodoKEM-640-AES_run02,active,30.855628,5.3975,0.57663,3.11236,96.883432
FrodoKEM-640-AES_run02,active,30.86838,5.39625,0.588788,3.177249,96.923947
FrodoKEM-640-AES_run02,active,30.88113,5.39625,0.585212,3.157952,96.96421
FrodoKEM-640-AES_run02,active,30.893872,5.39625,0.585212,3.157952,97.004451
FrodoKEM-640-AES_run02,active,30.906617,5.395,0.576451,3.109954,97.044085
FrodoKEM-640-AES_run02,active,30.919364,5.39625,0.586106,3.162777,97.084404
FrodoKEM-640-AES_run02,active,30.932112,5.39625,0.584497,3.154093,97.124611
FrodoKEM-640-AES_run02,active,30.944861,5.39875,0.579133,3.126595,97.164472
FrodoKEM-640-AES_run02,active,30.957607,5.39875,0.575378,3.106324,97.204064
FrodoKEM-640-AES_run02,active,30.970358,5.3975,0.585212,3.158684,97.244341
FrodoKEM-640-AES_run02,active,30.983139,5.3975,0.584676,3.155789,97.284675
FrodoKEM-640-AES_run02,active,30.995888,5.39625,0.577166,3.114534,97.324383
FrodoKEM-640-AES_run02,active,31.008632,5.39875,0.581994,3.14204,97.364426
FrodoKEM-640-AES_run02,active,31.021378,5.39625,0.585391,3.158917,97.40469
FrodoKEM-640-AES_run02,active,31.034123,5.3975,0.584497,3.154824,97.444897
FrodoKEM-640-AES_run02,active,31.046864,5.39625,0.578418,3.121288,97.484665
FrodoKEM-640-AES_run02,active,31.059612,5.39,0.585212,3.154295,97.524875
FrodoKEM-640-AES_run02,active,31.07236,5.3975,0.583782,3.150963,97.565045
FrodoKEM-640-AES_run02,active,31.085109,5.39625,0.584497,3.154093,97.605256
FrodoKEM-640-AES_run02,active,31.097854,5.39375,0.576809,3.111162,97.644909
FrodoKEM-640-AES_run02,active,31.110593,5.3925,0.591113,3.187576,97.685516
FrodoKEM-640-AES_run02,active,31.123347,5.3975,0.585391,3.159649,97.725812
FrodoKEM-640-AES_run02,active,31.136093,5.3975,0.576809,3.113325,97.765494
FrodoKEM-640-AES_run02,active,31.148837,5.395,0.583246,3.14661,97.805594
FrodoKEM-640-AES_run02,active,31.161579,5.395,0.585391,3.158186,97.845838
FrodoKEM-640-AES_run02,active,31.174334,5.3975,0.584855,3.156754,97.8861
FrodoKEM-640-AES_run02,active,31.187135,5.39625,0.578239,3.120323,97.926044
FrodoKEM-640-AES_run02,active,31.199888,5.405,0.585391,3.164039,97.966396
FrodoKEM-640-AES_run02,active,31.212633,5.3975,0.585212,3.158684,98.006652
FrodoKEM-640-AES_run02,active,31.225377,5.395,0.584855,3.155292,98.046865
FrodoKEM-640-AES_run02,active,31.238121,5.39125,0.575915,3.104901,98.086433
FrodoKEM-640-AES_run02,active,31.250866,5.3975,0.584318,3.153859,98.126629
FrodoKEM-640-AES_run02,active,31.263614,5.3975,0.584497,3.154824,98.166846
FrodoKEM-640-AES_run02,active,31.276365,5.39125,0.576451,3.107793,98.206473
FrodoKEM-640-AES_run02,active,31.289116,5.395,0.587358,3.168796,98.24688
FrodoKEM-640-AES_run02,active,31.301864,5.39625,0.585391,3.158917,98.287151
FrodoKEM-640-AES_run02,active,31.314609,5.3975,0.584497,3.154824,98.327357
FrodoKEM-640-AES_run02,active,31.327358,5.39875,0.576272,3.111151,98.36702
FrodoKEM-640-AES_run02,active,31.340104,5.39625,0.583961,3.151198,98.407187
FrodoKEM-640-AES_run02,active,31.352849,5.39625,0.584318,3.153128,98.447373
FrodoKEM-640-AES_run02,active,31.365594,5.39625,0.584497,3.154093,98.487573
FrodoKEM-640-AES_run02,active,31.378346,5.39,0.580385,3.128274,98.527463
FrodoKEM-640-AES_run02,active,31.391126,5.39625,0.585034,3.156988,98.56781
FrodoKEM-640-AES_run02,active,31.403875,5.39875,0.584497,3.155554,98.608041
FrodoKEM-640-AES_run02,active,31.416618,5.395,0.576272,3.10899,98.647658
FrodoKEM-640-AES_run02,active,31.429364,5.39625,0.574127,3.098132,98.687148
FrodoKEM-640-AES_run02,active,31.442108,5.39375,0.58557,3.158418,98.727398
FrodoKEM-640-AES_run02,active,31.454852,5.395,0.584318,3.152398,98.767571
FrodoKEM-640-AES_run02,active,31.467598,5.3975,0.574127,3.098849,98.807071
FrodoKEM-640-AES_run02,active,31.480348,5.39375,0.585212,3.156489,98.847316
FrodoKEM-640-AES_run02,active,31.493096,5.39875,0.585212,3.159415,98.887591
FrodoKEM-640-AES_run02,active,31.505841,5.39625,0.584855,3.156023,98.927815
FrodoKEM-640-AES_run02,active,31.518586,5.4,0.576451,3.112836,98.967487
FrodoKEM-640-AES_run02,active,31.531332,5.39625,0.584855,3.156023,99.007715
FrodoKEM-640-AES_run02,active,31.544078,5.3975,0.584497,3.154824,99.047926
FrodoKEM-640-AES_run02,active,31.556822,5.39625,0.576809,3.112604,99.087594
FrodoKEM-640-AES_run02,active,31.569566,5.40125,0.584318,3.15605,99.127814
FrodoKEM-640-AES_run02,active,31.582316,5.39375,0.584855,3.154561,99.168035
FrodoKEM-640-AES_run02,active,31.595065,5.395,0.585212,3.157221,99.208284
FrodoKEM-640-AES_run02,active,31.607815,5.3975,0.578776,3.123941,99.248115
FrodoKEM-640-AES_run02,active,31.620558,5.39375,0.584855,3.154561,99.288314
FrodoKEM-640-AES_run02,active,31.633303,5.3975,0.587358,3.170265,99.328719
FrodoKEM-640-AES_run02,active,31.646047,5.39625,0.586106,3.162777,99.369027
FrodoKEM-640-AES_run02,active,31.658792,5.3975,0.575915,3.1085,99.408645
FrodoKEM-640-AES_run02,active,31.671538,5.4,0.586464,3.166906,99.449008
FrodoKEM-640-AES_run02,active,31.684289,5.3925,0.584855,3.15383,99.489224
FrodoKEM-640-AES_run02,active,31.697038,5.3975,0.576809,3.113325,99.528914
FrodoKEM-640-AES_run02,active,31.709782,5.39375,0.577166,3.113091,99.56859
FrodoKEM-640-AES_run02,active,31.722528,5.3975,0.585034,3.157719,99.608838
FrodoKEM-640-AES_run02,active,31.735275,5.39625,0.584676,3.155058,99.649056
FrodoKEM-640-AES_run02,active,31.748021,5.395,0.578597,3.12153,99.688841
FrodoKEM-640-AES_run02,active,31.760764,5.395,0.584855,3.155292,99.729049
FrodoKEM-640-AES_run02,active,31.773509,5.3975,0.584318,3.153859,99.769245
FrodoKEM-640-AES_run02,active,31.78626,5.38875,0.584318,3.148746,99.809396
FrodoKEM-640-AES_run02,active,31.799009,5.39,0.580742,3.130202,99.849303
FrodoKEM-640-AES_run02,active,31.811757,5.3975,0.590576,3.187636,99.889938
FrodoKEM-640-AES_run02,active,31.8245,5.39875,0.584318,3.154589,99.930138
FrodoKEM-640-AES_run02,active,31.837246,5.39875,0.585749,3.162311,99.970443
FrodoKEM-640-AES_run02,active,31.849993,5.39625,0.5752,3.103921,100.01001
FrodoKEM-640-AES_run02,active,31.862738,5.39625,0.584676,3.155058,100.050219
FrodoKEM-640-AES_run02,active,31.875485,5.3975,0.584676,3.155789,100.090448
FrodoKEM-640-AES_run02,active,31.888237,5.3875,0.574663,3.095998,100.129928
FrodoKEM-640-AES_run02,active,31.901014,5.395,0.586106,3.162044,100.170329
FrodoKEM-640-AES_run02,active,31.913765,5.395,0.584855,3.155292,100.210563
FrodoKEM-640-AES_run02,active,31.926511,5.3975,0.58557,3.160614,100.250847
FrodoKEM-640-AES_run02,active,31.941956,5.39625,0.57663,3.11164,100.298907
FrodoKEM-640-AES_run02,active,31.954717,5.385,0.584855,3.149443,100.339097
FrodoKEM-640-AES_run02,active,31.967469,5.385,0.586464,3.158109,100.379368
FrodoKEM-640-AES_run02,active,31.980215,5.4,0.577166,3.116699,100.419094
FrodoKEM-640-AES_run02,active,31.992966,5.39375,0.586285,3.162276,100.459417
FrodoKEM-640-AES_run02,active,32.005743,5.39875,0.584497,3.155554,100.499736
FrodoKEM-640-AES_run02,active,32.018489,5.39875,0.584497,3.155554,100.539956
FrodoKEM-640-AES_run02,active,32.031236,5.39625,0.576809,3.112604,100.579632
FrodoKEM-640-AES_run02,active,32.04398,5.395,0.584855,3.155292,100.619844
FrodoKEM-640-AES_run02,active,32.056724,5.39625,0.583961,3.151198,100.660002
FrodoKEM-640-AES_run02,active,32.069467,5.39875,0.583961,3.152658,100.700177
FrodoKEM-640-AES_run02,active,32.082212,5.39875,0.576451,3.112116,100.739839
FrodoKEM-640-AES_run02,active,32.094961,5.3925,0.58557,3.157686,100.780098
FrodoKEM-640-AES_run02,active,32.107711,5.3975,0.58414,3.152893,100.820297
FrodoKEM-640-AES_run02,active,32.120453,5.39625,0.576272,3.10971,100.859921
FrodoKEM-640-AES_run02,active,32.133194,5.395,0.577882,3.117671,100.899643
FrodoKEM-640-AES_run02,active,32.145941,5.39625,0.585212,3.157952,100.939897
FrodoKEM-640-AES_run02,active,32.158687,5.39875,0.58253,3.144936,100.979984
FrodoKEM-640-AES_run02,active,32.171432,5.39625,0.576988,3.113569,101.019664
FrodoKEM-640-AES_run02,active,32.184181,5.3975,0.585212,3.158684,101.059937
FrodoKEM-640-AES_run02,active,32.196933,5.39375,0.585212,3.156489,101.100188
FrodoKEM-640-AES_run02,active,32.209684,5.39,0.583603,3.145621,101.140296
FrodoKEM-640-AES_run02,active,32.222428,5.3975,0.577166,3.115256,101.179999
FrodoKEM-640-AES_run02,active,32.235173,5.39625,0.584855,3.156023,101.220222
FrodoKEM-640-AES_run02,active,32.247977,5.39625,0.580921,3.134796,101.26036
FrodoKEM-640-AES_run02,active,32.260853,5.39625,0.577166,3.114534,101.300462
FrodoKEM-640-AES_run02,active,32.273604,5.39375,0.580921,3.133344,101.340415
FrodoKEM-640-AES_run02,active,32.286357,5.3975,0.587716,3.172195,101.380869
FrodoKEM-640-AES_run02,active,32.299151,5.39,0.584497,3.15044,101.421178
FrodoKEM-640-AES_run02,active,32.31191,5.39625,0.576988,3.113569,101.460904
FrodoKEM-640-AES_run02,active,32.324655,5.3975,0.584855,3.156754,101.501137
FrodoKEM-640-AES_run02,active,32.337402,5.39625,0.584497,3.154093,101.54134
FrodoKEM-640-AES_run02,active,32.350146,5.39375,0.583603,3.14781,101.581458
FrodoKEM-640-AES_run02,active,32.362893,5.39625,0.57663,3.11164,101.621119
FrodoKEM-640-AES_run02,active,32.375642,5.39375,0.586464,3.16324,101.661448
FrodoKEM-640-AES_run02,active,32.388418,5.39375,0.585928,3.160347,101.701824
FrodoKEM-640-AES_run02,active,32.401169,5.39125,0.578954,3.121288,101.741626
FrodoKEM-640-AES_run02,active,32.41392,5.39625,0.576809,3.112604,101.781314
FrodoKEM-640-AES_run02,active,32.426666,5.4,0.587,3.169802,101.821715
FrodoKEM-640-AES_run02,active,32.439413,5.40125,0.585034,3.159913,101.861995
FrodoKEM-640-AES_run02,active,32.452158,5.3975,0.576809,3.113325,101.901674
FrodoKEM-640-AES_run02,active,32.464902,5.39875,0.58557,3.161346,101.941964
FrodoKEM-640-AES_run02,active,32.477647,5.39375,0.585034,3.155525,101.982179
FrodoKEM-640-AES_run02,active,32.490391,5.3975,0.584855,3.156754,102.02241
FrodoKEM-640-AES_run02,active,32.503145,5.38875,0.57663,3.107315,102.06204
FrodoKEM-640-AES_run02,active,32.515895,5.3975,0.590219,3.185706,102.102658
FrodoKEM-640-AES_run02,active,32.528638,5.39625,0.584497,3.154093,102.142852
FrodoKEM-640-AES_run02,active,32.541385,5.39625,0.575557,3.105851,102.18244
FrodoKEM-640-AES_run02,active,32.554129,5.39625,0.576809,3.112604,102.222109
FrodoKEM-640-AES_run02,active,32.566876,5.39625,0.585391,3.158917,102.262374
FrodoKEM-640-AES_run02,active,32.579622,5.39625,0.58253,3.14348,102.302443
FrodoKEM-640-AES_run02,active,32.592365,5.39625,0.576809,3.112604,102.342107
FrodoKEM-640-AES_run02,active,32.605119,5.3875,0.585034,3.151869,102.382306
FrodoKEM-640-AES_run02,active,32.617871,5.395,0.578597,3.12153,102.422111
FrodoKEM-640-AES_run02,active,32.630615,5.39625,0.585749,3.160847,102.462392
FrodoKEM-640-AES_run02,active,32.643362,5.39375,0.576272,3.108269,102.502012
FrodoKEM-640-AES_run02,active,32.656105,5.3975,0.584855,3.156754,102.54224
FrodoKEM-640-AES_run02,active,32.668849,5.39625,0.585034,3.156988,102.582472
FrodoKEM-640-AES_run02,active,32.681597,5.3975,0.58414,3.152893,102.622665
FrodoKEM-640-AES_run02,active,32.694343,5.39625,0.574306,3.099097,102.662166
FrodoKEM-640-AES_run02,active,32.707138,5.39125,0.583603,3.146351,102.702423
FrodoKEM-640-AES_run02,active,32.719893,5.39625,0.582709,3.144445,102.74253
FrodoKEM-640-AES_run02,active,32.732637,5.395,0.575021,3.102237,102.782065
FrodoKEM-640-AES_run02,active,32.745383,5.39625,0.585034,3.156988,102.822307
FrodoKEM-640-AES_run02,active,32.758128,5.4,0.580027,3.132147,102.862225
FrodoKEM-640-AES_run02,active,32.770875,5.3975,0.584497,3.154824,102.90244
FrodoKEM-640-AES_run02,active,32.783623,5.39625,0.576451,3.110675,102.942093
FrodoKEM-640-AES_run02,active,32.796373,5.3975,0.585749,3.161579,102.982403
FrodoKEM-640-AES_run02,active,32.809124,5.39375,0.592186,3.194101,103.023133
FrodoKEM-640-AES_run02,active,32.821873,5.39625,0.584855,3.156023,103.06337
FrodoKEM-640-AES_run02,active,32.834617,5.395,0.576809,3.111883,103.103026
FrodoKEM-640-AES_run02,active,32.847363,5.39625,0.586643,3.165671,103.143376
FrodoKEM-640-AES_run02,active,32.860108,5.395,0.585391,3.158186,103.183627
FrodoKEM-640-AES_run02,active,32.872851,5.39625,0.577345,3.115499,103.223327
FrodoKEM-640-AES_run02,active,32.885595,5.4025,0.584855,3.159678,103.263596
FrodoKEM-640-AES_run02,active,32.89834,5.4025,0.584497,3.157746,103.303839
FrodoKEM-640-AES_run02,active,32.911124,5.39,0.584855,3.152367,103.344139
FrodoKEM-640-AES_run02,active,32.923878,5.39625,0.576451,3.110675,103.383814
FrodoKEM-640-AES_run02,active,32.936622,5.39875,0.585749,3.162311,103.424114
FrodoKEM-640-AES_run02,active,32.949366,5.39625,0.584497,3.154093,103.464309
FrodoKEM-640-AES_run02,active,32.962111,5.39625,0.585391,3.158917,103.504569
FrodoKEM-640-AES_run02,active,32.974856,5.39625,0.576272,3.10971,103.544202
FrodoKEM-640-AES_run02,active,32.987602,5.395,0.586822,3.165903,103.584557
FrodoKEM-640-AES_run02,active,33.000347,5.39625,0.584497,3.154093,103.624755
FrodoKEM-640-AES_run02,active,33.013099,5.38625,0.575378,3.099132,103.664274
FrodoKEM-640-AES_run02,active,33.025848,5.39625,0.582888,3.145409,103.704377
FrodoKEM-640-AES_run02,active,33.038593,5.38875,0.582709,3.140074,103.744395
FrodoKEM-640-AES_run02,active,33.051342,5.39625,0.584497,3.154093,103.784608
FrodoKEM-640-AES_run02,active,33.064085,5.39375,0.576272,3.108269,103.824215
FrodoKEM-640-AES_run02,active,33.076828,5.39625,0.585212,3.157952,103.864457
FrodoKEM-640-AES_run02,active,33.089574,5.395,0.585749,3.160115,103.904736
FrodoKEM-640-AES_run02,active,33.102318,5.39625,0.584318,3.153128,103.944922
FrodoKEM-640-AES_run02,active,33.115071,5.39625,0.576451,3.110675,103.98459
FrodoKEM-640-AES_run02,active,33.127828,5.3975,0.582709,3.145173,104.024714
FrodoKEM-640-AES_run02,active,33.140572,5.39375,0.584676,3.153596,104.064904
FrodoKEM-640-AES_run02,active,33.153317,5.395,0.57663,3.110919,104.104552
FrodoKEM-640-AES_run02,active,33.166062,5.39625,0.576451,3.110675,104.144199
FrodoKEM-640-AES_run02,active,33.178845,5.38875,0.581279,3.132366,104.184239
FrodoKEM-640-AES_run02,active,33.191705,5.3925,0.585749,3.15865,104.224859
FrodoKEM-640-AES_run02,active,33.204474,5.3975,0.576988,3.114291,104.264625
FrodoKEM-640-AES_run02,active,33.220111,5.3925,0.589861,3.180827,104.314364
FrodoKEM-640-AES_run02,active,33.232888,5.3975,0.583782,3.150963,104.354625
FrodoKEM-640-AES_run02,active,33.245637,5.39875,0.576988,3.115012,104.394336
FrodoKEM-640-AES_run02,active,33.258384,5.39625,0.575557,3.105851,104.433926
FrodoKEM-640-AES_run02,active,33.271131,5.39875,0.58557,3.161346,104.474226
FrodoKEM-640-AES_run02,active,33.283878,5.39625,0.584497,3.154093,104.514429
FrodoKEM-640-AES_run02,active,33.296618,5.395,0.576272,3.10899,104.55404
FrodoKEM-640-AES_run02,active,33.309362,5.40375,0.584855,3.160409,104.594314
FrodoKEM-640-AES_run02,active,33.322111,5.3875,0.585391,3.153795,104.634522
FrodoKEM-640-AES_run02,active,33.334861,5.39625,0.585034,3.156988,104.674773
FrodoKEM-640-AES_run02,active,33.347607,5.3975,0.575378,3.105605,104.714359
FrodoKEM-640-AES_run02,active,33.36035,5.39625,0.586106,3.162777,104.754662
FrodoKEM-640-AES_run02,active,33.373093,5.395,0.584497,3.153362,104.794844
FrodoKEM-640-AES_run02,active,33.385834,5.39625,0.584855,3.156023,104.835057
FrodoKEM-640-AES_run02,active,33.398577,5.3975,0.582173,3.142278,104.875096
FrodoKEM-640-AES_run02,active,33.411322,5.39625,0.585749,3.160847,104.915383
FrodoKEM-640-AES_run02,active,33.424072,5.38875,0.584318,3.148746,104.955528
FrodoKEM-640-AES_run02,active,33.436817,5.39625,0.577166,3.114534,104.995225
FrodoKEM-640-AES_run02,active,33.449562,5.39625,0.583603,3.149269,105.035361
FrodoKEM-640-AES_run02,active,33.462303,5.3975,0.585034,3.157719,105.075594
FrodoKEM-640-AES_run02,active,33.475046,5.39625,0.585034,3.156988,105.115822
FrodoKEM-640-AES_run02,active,33.48779,5.3975,0.576988,3.114291,105.155511
FrodoKEM-640-AES_run02,active,33.50053,5.3975,0.584855,3.156754,105.19573
FrodoKEM-640-AES_run02,active,33.513273,5.39875,0.584676,3.15652,105.235951
FrodoKEM-640-AES_run02,active,33.526023,5.38875,0.583424,3.143928,105.276037
FrodoKEM-640-AES_run02,active,33.53877,5.39125,0.571445,3.080802,105.315308
FrodoKEM-640-AES_run02,active,33.551515,5.39625,0.585212,3.157952,105.355555
FrodoKEM-640-AES_run02,active,33.564258,5.39625,0.584855,3.156023,105.395773
FrodoKEM-640-AES_run02,active,33.577002,5.395,0.57663,3.110919,105.43542
FrodoKEM-640-AES_run02,active,33.589746,5.39625,0.584676,3.155058,105.475629
FrodoKEM-640-AES_run02,active,33.602489,5.3975,0.585212,3.158684,105.515879
FrodoKEM-640-AES_run02,active,33.615234,5.39625,0.584676,3.155058,105.556089
FrodoKEM-640-AES_run02,active,33.627984,5.3875,0.578954,3.119117,105.595859
FrodoKEM-640-AES_run02,active,33.640731,5.3975,0.584855,3.156754,105.636098
FrodoKEM-640-AES_run02,active,33.653476,5.39625,0.584497,3.154093,105.676298
FrodoKEM-640-AES_run02,active,33.666221,5.39625,0.586106,3.162777,105.716606
FrodoKEM-640-AES_run02,active,33.678964,5.3975,0.57663,3.11236,105.756268
FrodoKEM-640-AES_run02,active,33.69171,5.3975,0.584855,3.156754,105.796502
FrodoKEM-640-AES_run02,active,33.704452,5.39625,0.585391,3.158917,105.836754
FrodoKEM-640-AES_run02,active,33.717194,5.39375,0.576809,3.111162,105.876396
FrodoKEM-640-AES_run02,active,33.729944,5.3875,0.579848,3.123933,105.916225
FrodoKEM-640-AES_run02,active,33.74269,5.39875,0.585749,3.162311,105.956535
FrodoKEM-640-AES_run02,active,33.755436,5.39625,0.584855,3.156023,105.996759
FrodoKEM-640-AES_run02,active,33.768178,5.395,0.576809,3.111883,106.03641
FrodoKEM-640-AES_run02,active,33.780918,5.3975,0.585212,3.158684,106.076653
FrodoKEM-640-AES_run02,active,33.79366,5.395,0.585391,3.158186,106.116896
FrodoKEM-640-AES_run02,active,33.806403,5.39375,0.584855,3.154561,106.157095
FrodoKEM-640-AES_run02,active,33.81915,5.39875,0.57073,3.081226,106.196368
FrodoKEM-640-AES_run02,active,33.8319,5.395,0.585212,3.157221,106.236626
FrodoKEM-640-AES_run02,active,33.844645,5.395,0.584855,3.155292,106.27684
FrodoKEM-640-AES_run02,active,33.85739,5.39625,0.580027,3.129972,106.31673
FrodoKEM-640-AES_run02,active,33.870133,5.39875,0.577345,3.116942,106.356449
FrodoKEM-640-AES_run02,active,33.882876,5.395,0.585749,3.160115,106.396717
FrodoKEM-640-AES_run02,active,33.895622,5.395,0.584855,3.155292,106.436936
FrodoKEM-640-AES_run02,active,33.908365,5.39375,0.574842,3.100554,106.476447
FrodoKEM-640-AES_run02,active,33.921108,5.39625,0.585749,3.160847,106.516726
FrodoKEM-640-AES_run02,active,33.933858,5.39625,0.585749,3.160847,106.557026
FrodoKEM-640-AES_run02,active,33.946606,5.39625,0.588431,3.17532,106.597504
FrodoKEM-640-AES_run02,active,33.959351,5.3975,0.574663,3.101745,106.637036
FrodoKEM-640-AES_run02,active,33.972094,5.39625,0.585212,3.157952,106.67728
FrodoKEM-640-AES_run02,active,33.984837,5.39625,0.584676,3.155058,106.717484
FrodoKEM-640-AES_run02,active,33.997579,5.3975,0.5752,3.10464,106.757043
FrodoKEM-640-AES_run02,active,34.010323,5.3975,0.57663,3.11236,106.796707
FrodoKEM-640-AES_run02,active,34.023099,5.39625,0.585212,3.157952,106.837052
FrodoKEM-640-AES_run02,active,34.035855,5.3975,0.585034,3.157719,106.877333
FrodoKEM-640-AES_run02,active,34.048603,5.3975,0.580027,3.130697,106.917243
FrodoKEM-640-AES_run02,active,34.061348,5.39625,0.584497,3.154093,106.957441
FrodoKEM-640-AES_run02,active,34.07409,5.39625,0.584676,3.155058,106.997643
FrodoKEM-640-AES_run02,active,34.086831,5.395,0.58557,3.15915,107.037892
FrodoKEM-640-AES_run02,active,34.099576,5.3975,0.575915,3.1085,107.077511
FrodoKEM-640-AES_run02,active,34.112316,5.39625,0.58557,3.159882,107.11777
FrodoKEM-640-AES_run02,active,34.125061,5.39875,0.584318,3.154589,107.157975
FrodoKEM-640-AES_run02,active,34.137809,5.39875,0.585391,3.160381,107.198263
FrodoKEM-640-AES_run02,active,34.150556,5.39625,0.57663,3.11164,107.237926
FrodoKEM-640-AES_run02,active,34.163301,5.39625,0.585391,3.158917,107.278187
FrodoKEM-640-AES_run02,active,34.176049,5.39625,0.585212,3.157952,107.318443
FrodoKEM-640-AES_run02,active,34.188802,5.3925,0.578239,3.118155,107.35821
FrodoKEM-640-AES_run02,active,34.201553,5.39625,0.585928,3.161812,107.398527
FrodoKEM-640-AES_run02,active,34.214295,5.39625,0.585034,3.156988,107.438753
FrodoKEM-640-AES_run02,active,34.227041,5.39625,0.586106,3.162777,107.479065
FrodoKEM-640-AES_run02,active,34.239814,5.39625,0.576272,3.10971,107.518787
FrodoKEM-640-AES_run02,active,34.252594,5.39625,0.58557,3.159882,107.559169
FrodoKEM-640-AES_run02,active,34.265362,5.3975,0.584497,3.154824,107.599448
FrodoKEM-640-AES_run02,active,34.278112,5.4025,0.576451,3.114278,107.639156
FrodoKEM-640-AES_run02,active,34.290857,5.39625,0.576809,3.112604,107.678827
FrodoKEM-640-AES_run02,active,34.303605,5.395,0.585391,3.158186,107.719089
FrodoKEM-640-AES_run02,active,34.31635,5.3975,0.584497,3.154824,107.759295
FrodoKEM-640-AES_run02,active,34.329094,5.395,0.57806,3.118636,107.799041
FrodoKEM-640-AES_run02,active,34.341847,5.3975,0.585391,3.159649,107.839336
FrodoKEM-640-AES_run02,active,34.354598,5.3975,0.585391,3.159649,107.879623
FrodoKEM-640-AES_run02,active,34.367347,5.39625,0.586285,3.163742,107.919958
FrodoKEM-640-AES_run02,active,34.380093,5.3975,0.576451,3.111395,107.959616
FrodoKEM-640-AES_run02,active,34.392837,5.3975,0.585212,3.158684,107.999871
FrodoKEM-640-AES_run02,active,34.405586,5.39625,0.583603,3.149269,108.040021
FrodoKEM-640-AES_run02,active,34.418332,5.39875,0.586285,3.165207,108.080365
FrodoKEM-640-AES_run02,active,34.431119,5.39625,0.57663,3.11164,108.120151
FrodoKEM-640-AES_run02,active,34.443876,5.3975,0.585212,3.158684,108.160448
FrodoKEM-640-AES_run02,active,34.456625,5.3975,0.583961,3.151928,108.200632
FrodoKEM-640-AES_run02,active,34.469372,5.3975,0.574484,3.10078,108.240156
FrodoKEM-640-AES_run02,active,34.482117,5.3975,0.582709,3.145173,108.280243
FrodoKEM-640-AES_run02,active,34.497644,5.4,0.584318,3.155319,108.329234
FrodoKEM-640-AES_run02,active,34.510408,5.395,0.585212,3.157221,108.369535
FrodoKEM-640-AES_run02,active,34.523159,5.39625,0.576451,3.110675,108.409199
FrodoKEM-640-AES_run02,active,34.535906,5.395,0.585749,3.160115,108.449479
FrodoKEM-640-AES_run02,active,34.548655,5.39375,0.584855,3.154561,108.489697
FrodoKEM-640-AES_run02,active,34.561406,5.3975,0.577345,3.116221,108.529432
FrodoKEM-640-AES_run02,active,34.574152,5.39125,0.580921,3.131891,108.569351
FrodoKEM-640-AES_run02,active,34.586898,5.4,0.585391,3.161112,108.609642
FrodoKEM-640-AES_run02,active,34.599644,5.39875,0.587358,3.170999,108.65006
FrodoKEM-640-AES_run02,active,34.612428,5.39875,0.577166,3.115977,108.689894
FrodoKEM-640-AES_run02,active,34.625174,5.3975,0.585034,3.157719,108.730143
FrodoKEM-640-AES_run02,active,34.637918,5.3975,0.587358,3.170265,108.770544
FrodoKEM-640-AES_run02,active,34.650669,5.39625,0.585212,3.157952,108.810812
FrodoKEM-640-AES_run02,active,34.663419,5.3975,0.577703,3.118151,108.850569
FrodoKEM-640-AES_run02,active,34.676165,5.39625,0.585034,3.156988,108.890807
FrodoKEM-640-AES_run02,active,34.688907,5.3975,0.584318,3.153859,108.930993
FrodoKEM-640-AES_run02,active,34.701652,5.39625,0.583424,3.148304,108.971119
FrodoKEM-640-AES_run02,active,34.714398,5.39625,0.575021,3.102956,109.010671
FrodoKEM-640-AES_run02,active,34.727145,5.3975,0.586643,3.166405,109.051033
FrodoKEM-640-AES_run02,active,34.739891,5.3975,0.584855,3.156754,109.091268
FrodoKEM-640-AES_run02,active,34.75264,5.39625,0.577166,3.114534,109.130974
FrodoKEM-640-AES_run02,active,34.765389,5.395,0.584855,3.155292,109.171202
FrodoKEM-640-AES_run02,active,34.778132,5.39875,0.584318,3.154589,109.211401
FrodoKEM-640-AES_run02,active,34.790875,5.39375,0.585212,3.156489,109.251624
FrodoKEM-640-AES_run02,active,34.803635,5.39625,0.581815,3.13962,109.291684
FrodoKEM-640-AES_run02,active,34.816385,5.3975,0.583603,3.149998,109.331849
FrodoKEM-640-AES_run02,active,34.829132,5.39625,0.585391,3.158917,109.372115
FrodoKEM-640-AES_run02,active,34.841878,5.3975,0.584497,3.154824,109.412326
FrodoKEM-640-AES_run02,active,34.85463,5.39625,0.577345,3.115499,109.452055
FrodoKEM-640-AES_run02,active,34.867381,5.38875,0.587179,3.164162,109.4924
FrodoKEM-640-AES_run02,active,34.880128,5.3975,0.584855,3.156754,109.53264
FrodoKEM-640-AES_run02,active,34.892872,5.39625,0.577524,3.116464,109.572355
FrodoKEM-640-AES_run02,active,34.905617,5.395,0.590934,3.188089,109.612988
FrodoKEM-640-AES_run02,active,34.918365,5.395,0.585034,3.156256,109.653224
FrodoKEM-640-AES_run02,active,34.931151,5.395,0.585391,3.158186,109.693604
FrodoKEM-640-AES_run02,active,34.943901,5.3975,0.576451,3.111395,109.733276
FrodoKEM-640-AES_run02,active,34.956651,5.39625,0.58557,3.159882,109.773565
FrodoKEM-640-AES_run02,active,34.9694,5.4,0.584855,3.158216,109.813829
FrodoKEM-640-AES_run02,active,34.982145,5.39875,0.583782,3.151693,109.853997
FrodoKEM-640-AES_run02,active,34.99489,5.39625,0.575915,3.10778,109.893605
FrodoKEM-640-AES_run02,active,35.007637,5.3925,0.587537,3.168292,109.933992
FrodoKEM-640-AES_run02,active,35.020383,5.395,0.585212,3.157221,109.974234
FrodoKEM-640-AES_run02,active,35.033129,5.3975,0.576451,3.111395,110.013891
FrodoKEM-640-AES_run02,active,35.045871,5.3975,0.584676,3.155789,110.054101
FrodoKEM-640-AES_run02,active,35.058621,5.40125,0.586285,3.166673,110.094478
FrodoKEM-640-AES_run02,active,35.07137,5.39625,0.585212,3.157952,110.134739
FrodoKEM-640-AES_run02,active,35.084115,5.39875,0.57663,3.113081,110.174415
FrodoKEM-640-AES_run02,active,35.09686,5.4,0.584318,3.155319,110.214629
FrodoKEM-640-AES_run02,active,35.109602,5.39625,0.586643,3.165671,110.254966
FrodoKEM-640-AES_run02,active,35.122347,5.39875,0.58414,3.153624,110.295158
FrodoKEM-640-AES_run02,active,35.135136,5.3975,0.576094,3.109465,110.334926
FrodoKEM-640-AES_run02,active,35.147887,5.395,0.585212,3.157221,110.375183
FrodoKEM-640-AES_run02,active,35.160637,5.39625,0.584318,3.153128,110.415386
FrodoKEM-640-AES_run02,active,35.173389,5.39625,0.577166,3.114534,110.455101
FrodoKEM-640-AES_run02,active,35.186143,5.39625,0.578239,3.120323,110.494899
FrodoKEM-640-AES_run02,active,35.19889,5.39625,0.587537,3.170495,110.535312
FrodoKEM-640-AES_run02,active,35.211636,5.39625,0.590219,3.184968,110.575908
FrodoKEM-640-AES_run02,active,35.224405,5.3975,0.577166,3.115256,110.615688
FrodoKEM-640-AES_run02,active,35.237149,5.39625,0.583067,3.146374,110.655784
FrodoKEM-640-AES_run02,active,35.249894,5.3975,0.584318,3.153859,110.69598
FrodoKEM-640-AES_run02,active,35.262646,5.39625,0.585212,3.157952,110.73625
FrodoKEM-640-AES_run02,active,35.275396,5.39625,0.576451,3.110675,110.775912
FrodoKEM-640-AES_run02,active,35.288141,5.395,0.581636,3.137928,110.815905
FrodoKEM-640-AES_run02,active,35.300884,5.395,0.584855,3.155292,110.856111
FrodoKEM-640-AES_run02,active,35.313628,5.39625,0.580385,3.131901,110.896026
FrodoKEM-640-AES_run02,active,35.326374,5.3975,0.587,3.168335,110.93641
FrodoKEM-640-AES_run02,active,35.339151,5.39875,0.584855,3.157485,110.976752
FrodoKEM-640-AES_run02,active,35.3519,5.3975,0.584676,3.155789,111.016985
FrodoKEM-640-AES_run02,active,35.364649,5.39625,0.57663,3.11164,111.056657
FrodoKEM-640-AES_run02,active,35.377396,5.3925,0.585749,3.15865,111.09692
FrodoKEM-640-AES_run02,active,35.390141,5.395,0.584497,3.153362,111.137108
FrodoKEM-640-AES_run02,active,35.402885,5.39875,0.584855,3.157485,111.177348
FrodoKEM-640-AES_run02,active,35.415631,5.39625,0.580921,3.134796,111.217303
FrodoKEM-640-AES_run02,active,35.428374,5.3975,0.585212,3.158684,111.257555
FrodoKEM-640-AES_run02,active,35.441119,5.39625,0.584855,3.156023,111.297777
FrodoKEM-640-AES_run02,active,35.453862,5.39625,0.576988,3.113569,111.337454
FrodoKEM-640-AES_run02,active,35.466612,5.40125,0.576272,3.112591,111.377141
FrodoKEM-640-AES_run02,active,35.479364,5.39125,0.586285,3.16081,111.417447
FrodoKEM-640-AES_run02,active,35.492108,5.3975,0.586106,3.163509,111.457764
FrodoKEM-640-AES_run02,active,35.50485,5.3975,0.57663,3.11236,111.497419
FrodoKEM-640-AES_run02,active,35.517594,5.4,0.590398,3.188147,111.538051
FrodoKEM-640-AES_run02,active,35.530338,5.395,0.584318,3.152398,111.578224
FrodoKEM-640-AES_run02,active,35.543117,5.395,0.585391,3.158186,111.618582
FrodoKEM-640-AES_run02,active,35.555865,5.3975,0.577166,3.115256,111.658296
FrodoKEM-640-AES_run02,active,35.568613,5.40125,0.585391,3.161844,111.698603
FrodoKEM-640-AES_run02,active,35.581361,5.3975,0.584318,3.153859,111.738808
FrodoKEM-640-AES_run02,active,35.594105,5.3975,0.576809,3.113325,111.778486
FrodoKEM-640-AES_run02,active,35.606849,5.395,0.583782,3.149504,111.818621
FrodoKEM-640-AES_run02,active,35.619594,5.39625,0.584497,3.154093,111.85882
FrodoKEM-640-AES_run02,active,35.63234,5.3975,0.585212,3.158684,111.899081
FrodoKEM-640-AES_run02,active,35.645083,5.39625,0.576809,3.112604,111.938745
FrodoKEM-640-AES_run02,active,35.657827,5.4,0.584855,3.158216,111.978995
FrodoKEM-640-AES_run02,active,35.670578,5.3975,0.58557,3.160614,112.019294
FrodoKEM-640-AES_run02,active,35.68333,5.3975,0.584318,3.153859,112.059512
FrodoKEM-640-AES_run02,active,35.696076,5.39875,0.576451,3.112116,112.099179
FrodoKEM-640-AES_run02,active,35.708818,5.39625,0.584855,3.156023,112.139393
FrodoKEM-640-AES_run02,active,35.721562,5.39625,0.585749,3.160847,112.179676
FrodoKEM-640-AES_run02,active,35.734305,5.3975,0.579133,3.125871,112.21951
FrodoKEM-640-AES_run02,active,35.747049,5.39625,0.578597,3.122253,112.259299
FrodoKEM-640-AES_run02,active,35.759794,5.39625,0.585212,3.157952,112.299546
FrodoKEM-640-AES_run02,active,35.77533,5.3975,0.585034,3.157719,112.348605
FrodoKEM-640-AES_run02,active,35.7881,5.39625,0.576809,3.112604,112.388352
FrodoKEM-640-AES_run02,active,35.800847,5.39875,0.585749,3.162311,112.428664
FrodoKEM-640-AES_run02,active,35.813592,5.39625,0.584497,3.154093,112.468863
FrodoKEM-640-AES_run02,active,35.826336,5.3975,0.585391,3.159649,112.509129
FrodoKEM-640-AES_run02,active,35.839107,5.39625,0.576988,3.113569,112.548891
FrodoKEM-640-AES_run02,active,35.851855,5.39625,0.584855,3.156023,112.589125
FrodoKEM-640-AES_run02,active,35.864597,5.3975,0.585391,3.159649,112.629386
FrodoKEM-640-AES_run02,active,35.877347,5.39625,0.574663,3.101026,112.668925
FrodoKEM-640-AES_run02,active,35.890097,5.3975,0.585034,3.157719,112.709184
FrodoKEM-640-AES_run02,active,35.90284,5.39625,0.584855,3.156023,112.749401
FrodoKEM-640-AES_run02,active,35.915584,5.395,0.584497,3.153362,112.789589
FrodoKEM-640-AES_run02,active,35.928326,5.39875,0.574484,3.101498,112.829107
FrodoKEM-640-AES_run02,active,35.941068,5.3975,0.585928,3.162544,112.869405
FrodoKEM-640-AES_run02,active,35.953811,5.39625,0.585212,3.157952,112.909647
FrodoKEM-640-AES_run02,active,35.966554,5.39625,0.583424,3.148304,112.949764
FrodoKEM-640-AES_run02,active,35.979306,5.39625,0.576451,3.110675,112.989431
FrodoKEM-640-AES_run02,active,35.992056,5.39625,0.586106,3.162777,113.029759
FrodoKEM-640-AES_run02,active,36.004799,5.395,0.585212,3.157221,113.06999
FrodoKEM-640-AES_run02,active,36.017542,5.39625,0.573948,3.097167,113.109458
FrodoKEM-640-AES_run02,active,36.030285,5.39625,0.581279,3.136726,113.149428
FrodoKEM-640-AES_run02,active,36.043029,5.39875,0.584855,3.157485,113.189668
FrodoKEM-640-AES_run02,active,36.055776,5.3975,0.58253,3.144208,113.229745
FrodoKEM-640-AES_run02,active,36.068517,5.3975,0.573054,3.093059,113.269157
FrodoKEM-640-AES_run02,active,36.081268,5.395,0.585034,3.156256,113.3094
FrodoKEM-640-AES_run02,active,36.094016,5.395,0.586106,3.162044,113.349711
FrodoKEM-640-AES_run02,active,36.106762,5.395,0.58557,3.15915,113.389977
FrodoKEM-640-AES_run02,active,36.119508,5.3975,0.576988,3.114291,113.429673
FrodoKEM-640-AES_run02,active,36.132252,5.3975,0.585034,3.157719,113.469913
FrodoKEM-640-AES_run02,active,36.145028,5.39625,0.585034,3.156988,113.510248
FrodoKEM-640-AES_run02,active,36.157776,5.39,0.577345,3.111891,113.549917
FrodoKEM-640-AES_run02,active,36.170519,5.39375,0.576094,3.107305,113.589516
FrodoKEM-640-AES_run02,active,36.183297,5.3975,0.585749,3.161579,113.629913
FrodoKEM-640-AES_run02,active,36.196049,5.39625,0.584855,3.156023,113.670157
FrodoKEM-640-AES_run02,active,36.208792,5.3975,0.577166,3.115256,113.709857
FrodoKEM-640-AES_run02,active,36.221538,5.3975,0.585928,3.162544,113.750167
FrodoKEM-640-AES_run02,active,36.234282,5.39625,0.587537,3.170495,113.790572
FrodoKEM-640-AES_run02,active,36.247034,5.39625,0.585391,3.158917,113.830854
FrodoKEM-640-AES_run02,active,36.259783,5.3925,0.576809,3.110441,113.870508
FrodoKEM-640-AES_run02,active,36.272527,5.3975,0.584318,3.153859,113.910702
FrodoKEM-640-AES_run02,active,36.285279,5.39625,0.584497,3.154093,113.950922
FrodoKEM-640-AES_run02,active,36.298032,5.4025,0.576988,3.117176,113.990675
FrodoKEM-640-AES_run02,active,36.310777,5.39875,0.576272,3.111151,114.030328
FrodoKEM-640-AES_run02,active,36.323525,5.39625,0.585749,3.160847,114.070621
FrodoKEM-640-AES_run02,active,36.336269,5.39625,0.589325,3.180144,114.111148
FrodoKEM-640-AES_run02,active,36.349013,5.39625,0.575915,3.10778,114.150756
FrodoKEM-640-AES_run02,active,36.361758,5.39625,0.58557,3.159882,114.191028
FrodoKEM-640-AES_run02,active,36.374504,5.39625,0.583961,3.151198,114.231193
FrodoKEM-640-AES_run02,active,36.387258,5.39875,0.581815,3.141075,114.271255
FrodoKEM-640-AES_run02,active,36.400039,5.38375,0.576451,3.103469,114.310919
FrodoKEM-640-AES_run02,active,36.41281,5.3975,0.585212,3.158684,114.351258
FrodoKEM-640-AES_run02,active,36.425561,5.39625,0.58414,3.152163,114.391451
FrodoKEM-640-AES_run02,active,36.438308,5.39625,0.590755,3.187863,114.432089
FrodoKEM-640-AES_run02,active,36.451057,5.39625,0.57663,3.11164,114.471759
FrodoKEM-640-AES_run02,active,36.463808,5.39625,0.584855,3.156023,114.512001
FrodoKEM-640-AES_run02,active,36.476554,5.39625,0.588252,3.174355,114.55246
FrodoKEM-640-AES_run02,active,36.489311,5.3975,0.577345,3.116221,114.592213
FrodoKEM-640-AES_run02,active,36.502062,5.395,0.585391,3.158186,114.632483
FrodoKEM-640-AES_run02,active,36.514807,5.39625,0.586285,3.163742,114.672807
FrodoKEM-640-AES_run02,active,36.527555,5.39625,0.593437,3.202335,114.713629
FrodoKEM-640-AES_run02,active,36.5403,5.39625,0.577166,3.114534,114.753325
FrodoKEM-640-AES_run02,active,36.553046,5.39875,0.585749,3.162311,114.793632
FrodoKEM-640-AES_run02,active,36.565792,5.39875,0.583961,3.152658,114.833816
FrodoKEM-640-AES_run02,active,36.578536,5.39625,0.587179,3.168566,114.874195
FrodoKEM-640-AES_run02,active,36.591291,5.39625,0.576988,3.113569,114.913909
FrodoKEM-640-AES_run02,active,36.604043,5.39625,0.585391,3.158917,114.954191
FrodoKEM-640-AES_run02,active,36.616788,5.39625,0.583961,3.151198,114.994353
FrodoKEM-640-AES_run02,active,36.629532,5.39625,0.576988,3.113569,115.034034
FrodoKEM-640-AES_run02,active,36.642278,5.3975,0.585212,3.158684,115.074292
FrodoKEM-640-AES_run02,active,36.655022,5.39875,0.585391,3.160381,115.114569
FrodoKEM-640-AES_run02,active,36.667771,5.4,0.585391,3.161112,115.15487
FrodoKEM-640-AES_run02,active,36.680514,5.395,0.576451,3.109954,115.194502
FrodoKEM-640-AES_run02,active,36.693266,5.395,0.585391,3.158186,115.234773
FrodoKEM-640-AES_run02,active,36.706016,5.395,0.584497,3.153362,115.27498
FrodoKEM-640-AES_run02,active,36.718762,5.39625,0.584497,3.154093,115.315182
FrodoKEM-640-AES_run02,active,36.73151,5.39625,0.576451,3.110675,115.354835
FrodoKEM-640-AES_run02,active,36.744252,5.39625,0.585928,3.161812,115.395124
FrodoKEM-640-AES_run02,active,36.757032,5.395,0.584497,3.153362,115.435424
FrodoKEM-640-AES_run02,active,36.769781,5.39625,0.577345,3.115499,115.475143
FrodoKEM-640-AES_run02,active,36.782526,5.39625,0.585212,3.157952,115.515393
FrodoKEM-640-AES_run02,active,36.79528,5.39625,0.585749,3.160847,115.555705
FrodoKEM-640-AES_run02,active,36.808026,5.3925,0.586285,3.161543,115.596002
FrodoKEM-640-AES_run02,active,36.820776,5.39625,0.57663,3.11164,115.635676
FrodoKEM-640-AES_run02,active,36.833524,5.3975,0.585391,3.159649,115.675953
FrodoKEM-640-AES_run02,active,36.846268,5.39625,0.59004,3.184003,115.716533
FrodoKEM-640-AES_run02,active,36.859012,5.39625,0.584855,3.156023,115.756752
FrodoKEM-640-AES_run02,active,36.871761,5.39625,0.576809,3.112604,115.796433
FrodoKEM-640-AES_run02,active,36.884504,5.3975,0.58557,3.160614,115.836709
FrodoKEM-640-AES_run02,active,36.897259,5.39625,0.584497,3.154093,115.876939
FrodoKEM-640-AES_run02,active,36.910008,5.3975,0.577166,3.115256,115.916656
FrodoKEM-640-AES_run02,active,36.922752,5.3975,0.577345,3.116221,115.956371
FrodoKEM-640-AES_run02,active,36.935499,5.39625,0.585749,3.160847,115.996662
FrodoKEM-640-AES_run02,active,36.948243,5.39625,0.586285,3.163742,116.036979
FrodoKEM-640-AES_run02,active,36.961022,5.39625,0.57663,3.11164,116.076744
FrodoKEM-640-AES_run02,active,36.973773,5.3975,0.584855,3.156754,116.116994
FrodoKEM-640-AES_run02,active,36.986517,5.39625,0.587,3.167601,116.157364
FrodoKEM-640-AES_run02,active,36.999271,5.39625,0.584855,3.156023,116.197615
FrodoKEM-640-AES_run02,active,37.012019,5.3975,0.57663,3.11236,116.237293
FrodoKEM-640-AES_run02,active,37.024763,5.3975,0.585212,3.158684,116.277547
FrodoKEM-640-AES_run02,active,37.037508,5.39625,0.583424,3.148304,116.317671
FrodoKEM-640-AES_run02,active,37.052901,5.39625,0.576272,3.10971,116.365538
FrodoKEM-640-AES_run02,active,37.065658,5.3975,0.585391,3.159649,116.405847
FrodoKEM-640-AES_run02,active,37.078405,5.40375,0.585212,3.162342,116.446156
FrodoKEM-640-AES_run02,active,37.091152,5.39625,0.585212,3.157952,116.48641
FrodoKEM-640-AES_run02,active,37.103902,5.39625,0.576988,3.113569,116.52611
FrodoKEM-640-AES_run02,active,37.11665,5.40125,0.585391,3.161844,116.566416
FrodoKEM-640-AES_run02,active,37.129394,5.39625,0.585034,3.156988,116.60665
FrodoKEM-640-AES_run02,active,37.142137,5.395,0.585749,3.160115,116.646918
FrodoKEM-640-AES_run02,active,37.154878,5.3975,0.575557,3.10657,116.6865
FrodoKEM-640-AES_run02,active,37.167624,5.39625,0.583603,3.149269,116.726639
FrodoKEM-640-AES_run02,active,37.180372,5.39625,0.584855,3.156023,116.766873
FrodoKEM-640-AES_run02,active,37.193126,5.39625,0.577703,3.117429,116.806633
FrodoKEM-640-AES_run02,active,37.205879,5.39625,0.585391,3.158917,116.846919
FrodoKEM-640-AES_run02,active,37.21863,5.39625,0.583782,3.150234,116.887086
FrodoKEM-640-AES_run02,active,37.231376,5.39625,0.585034,3.156988,116.927324
FrodoKEM-640-AES_run02,active,37.244121,5.39625,0.577166,3.114534,116.967021
FrodoKEM-640-AES_run02,active,37.25686,5.3975,0.582352,3.143243,117.007062
FrodoKEM-640-AES_run02,active,37.269606,5.3975,0.585212,3.158684,117.047324
FrodoKEM-640-AES_run02,active,37.282348,5.39875,0.585928,3.163277,117.08763
FrodoKEM-640-AES_run02,active,37.295133,5.39625,0.57663,3.11164,117.12741
FrodoKEM-640-AES_run02,active,37.307887,5.39625,0.589682,3.182074,117.167996
FrodoKEM-640-AES_run02,active,37.320632,5.3825,0.585212,3.149906,117.208143
FrodoKEM-640-AES_run02,active,37.333374,5.39625,0.577345,3.115499,117.247838
FrodoKEM-640-AES_run02,active,37.346117,5.39625,0.587894,3.172425,117.288264
FrodoKEM-640-AES_run02,active,37.35886,5.3975,0.584855,3.156754,117.328491
FrodoKEM-640-AES_run02,active,37.371606,5.39625,0.585212,3.157952,117.368744
FrodoKEM-640-AES_run02,active,37.384348,5.3975,0.576988,3.114291,117.408426
FrodoKEM-640-AES_run02,active,37.397091,5.3925,0.583782,3.148044,117.448542
FrodoKEM-640-AES_run02,active,37.409841,5.39625,0.585212,3.157952,117.488805
FrodoKEM-640-AES_run02,active,37.422589,5.39625,0.584497,3.154093,117.529012
FrodoKEM-640-AES_run02,active,37.435333,5.39625,0.577166,3.114534,117.568706
FrodoKEM-640-AES_run02,active,37.448077,5.39625,0.585212,3.157952,117.608949
FrodoKEM-640-AES_run02,active,37.460817,5.39375,0.584497,3.152632,117.649114
FrodoKEM-640-AES_run02,active,37.47356,5.3925,0.576809,3.110441,117.688751
FrodoKEM-640-AES_run02,active,37.486302,5.4,0.580921,3.136974,117.728723
FrodoKEM-640-AES_run02,active,37.499045,5.39875,0.585212,3.159415,117.768982
FrodoKEM-640-AES_run02,active,37.511797,5.39625,0.585212,3.157952,117.809252
FrodoKEM-640-AES_run02,active,37.52454,5.39875,0.577166,3.115977,117.848961
FrodoKEM-640-AES_run02,active,37.537283,5.4,0.584855,3.158216,117.889204
FrodoKEM-640-AES_run02,active,37.550027,5.39625,0.586285,3.163742,117.929522
FrodoKEM-640-AES_run02,active,37.56277,5.395,0.584497,3.153362,117.969705
FrodoKEM-640-AES_run02,active,37.575515,5.3975,0.575915,3.1085,118.009324
FrodoKEM-640-AES_run02,active,37.588255,5.39625,0.585928,3.161812,118.049605
FrodoKEM-640-AES_run02,active,37.601027,5.3975,0.584855,3.156754,118.089924
FrodoKEM-640-AES_run02,active,37.613779,5.39875,0.576809,3.114047,118.129634
FrodoKEM-640-AES_run02,active,37.626525,5.3925,0.577166,3.11237,118.169305
FrodoKEM-640-AES_run02,active,37.639268,5.39625,0.585749,3.160847,118.209584
FrodoKEM-640-AES_run02,active,37.652013,5.395,0.584318,3.152398,118.24976
FrodoKEM-640-AES_run02,active,37.664756,5.3975,0.576809,3.113325,118.289433
FrodoKEM-640-AES_run02,active,37.6775,5.39,0.58414,3.148512,118.329557
FrodoKEM-640-AES_run02,active,37.690244,5.39625,0.584855,3.156023,118.369778
FrodoKEM-640-AES_run02,active,37.702985,5.395,0.584676,3.154327,118.409969
FrodoKEM-640-AES_run02,active,37.715737,5.3975,0.576809,3.113325,118.449669
FrodoKEM-640-AES_run02,active,37.728483,5.39875,0.584855,3.157485,118.489913
FrodoKEM-640-AES_run02,active,37.741227,5.3975,0.584318,3.153859,118.530107
FrodoKEM-640-AES_run02,active,37.75397,5.39625,0.57663,3.11164,118.569757
FrodoKEM-640-AES_run02,active,37.766709,5.39625,0.575378,3.104886,118.609312
FrodoKEM-640-AES_run02,active,37.779454,5.39625,0.585928,3.161812,118.64961
FrodoKEM-640-AES_run02,active,37.792195,5.39875,0.584855,3.157485,118.68984
FrodoKEM-640-AES_run02,active,37.804937,5.39625,0.577882,3.118394,118.729572
FrodoKEM-640-AES_run02,active,37.817688,5.39625,0.587179,3.168566,118.769977
FrodoKEM-640-AES_run02,active,37.830433,5.39375,0.584676,3.153596,118.810169
FrodoKEM-640-AES_run02,active,37.843178,5.3975,0.585034,3.157719,118.850414
FrodoKEM-640-AES_run02,active,37.85592,5.39875,0.57806,3.120804,118.89018
FrodoKEM-640-AES_run02,active,37.868662,5.3975,0.585212,3.158684,118.930427
FrodoKEM-640-AES_run02,active,37.881408,5.39625,0.584318,3.153128,118.970616
FrodoKEM-640-AES_run02,active,37.894151,5.395,0.584497,3.153362,119.010799
FrodoKEM-640-AES_run02,active,37.906894,5.39625,0.578954,3.124183,119.05061
FrodoKEM-640-AES_run02,active,37.919646,5.39625,0.584855,3.156023,119.090857
FrodoKEM-640-AES_run02,active,37.932427,5.395,0.585391,3.158186,119.131221
FrodoKEM-640-AES_run02,active,37.945179,5.3975,0.57663,3.11236,119.170911
FrodoKEM-640-AES_run02,active,37.957922,5.4025,0.584855,3.159678,119.211173
FrodoKEM-640-AES_run02,active,37.970664,5.39625,0.58557,3.159882,119.251438
FrodoKEM-640-AES_run02,active,37.983409,5.3975,0.585212,3.158684,119.291695
FrodoKEM-640-AES_run02,active,37.996152,5.3925,0.575915,3.105621,119.331271
FrodoKEM-640-AES_run02,active,38.008893,5.39875,0.585212,3.159415,119.371524
FrodoKEM-640-AES_run02,active,38.021642,5.39875,0.584497,3.155554,119.411754
FrodoKEM-640-AES_run02,active,38.034389,5.39625,0.577166,3.114534,119.451456
FrodoKEM-640-AES_run02,active,38.047135,5.4025,0.576451,3.114278,119.491149
FrodoKEM-640-AES_run02,active,38.059879,5.39625,0.585212,3.157952,119.531396
FrodoKEM-640-AES_run02,active,38.072622,5.39625,0.58557,3.159882,119.571661
FrodoKEM-640-AES_run02,active,38.085364,5.3975,0.576988,3.114291,119.611343
FrodoKEM-640-AES_run02,active,38.098106,5.39625,0.585749,3.160847,119.65162
FrodoKEM-640-AES_run02,active,38.110849,5.3975,0.585391,3.159649,119.691882
FrodoKEM-640-AES_run02,active,38.1236,5.39625,0.585212,3.157952,119.732149
FrodoKEM-640-AES_run02,active,38.136347,5.395,0.575021,3.102237,119.771692
FrodoKEM-640-AES_run02,active,38.149091,5.39625,0.590755,3.187863,119.812319
FrodoKEM-640-AES_run02,active,38.161834,5.395,0.584318,3.152398,119.852491
FrodoKEM-640-AES_run02,active,38.174579,5.39625,0.584676,3.155058,119.8927
FrodoKEM-640-AES_run02,active,38.187334,5.3975,0.575021,3.103675,119.932289
FrodoKEM-640-AES_run02,active,38.200077,5.3975,0.585212,3.158684,119.97254
FrodoKEM-640-AES_run02,active,38.212818,5.37875,0.584855,3.145788,120.012621
FrodoKEM-640-AES_run02,active,38.225566,5.39625,0.577166,3.114534,120.052324
FrodoKEM-640-AES_run02,active,38.239197,5.38625,0.584855,3.150174,120.095263
FrodoKEM-640-AES_run02,active,38.252106,5.39625,0.585749,3.160847,120.136069
FrodoKEM-640-AES_run02,active,38.264861,5.395,0.585034,3.156256,120.176325
FrodoKEM-640-AES_run02,active,38.277611,5.39625,0.57967,3.128042,120.216208
FrodoKEM-640-AES_run02,active,38.290363,5.3975,0.58557,3.160614,120.256512
FrodoKEM-640-AES_run02,active,38.303153,5.39625,0.586106,3.162777,120.296964
FrodoKEM-640-AES_run02,active,38.315905,5.3975,0.581815,3.140348,120.337011
FrodoKEM-640-AES_run02,active,38.331604,5.39,0.581994,3.136948,120.386258
FrodoKEM-640-AES_run02,active,38.344127,5.38875,0.585391,3.154527,120.425762
FrodoKEM-640-AES_run02,active,38.356571,5.3925,0.586106,3.160579,120.465091
FrodoKEM-640-AES_run02,active,38.369013,5.3875,0.577166,3.109484,120.50378
FrodoKEM-640-AES_run02,active,38.381455,5.38875,0.585212,3.153563,120.543016
FrodoKEM-640-AES_run02,active,38.393896,5.38625,0.58557,3.154026,120.582256
FrodoKEM-640-AES_run02,active,38.406336,5.385,0.585391,3.152332,120.621471
FrodoKEM-640-AES_run02,active,38.418775,5.38375,0.576094,3.101544,120.660051
FrodoKEM-640-AES_run02,active,38.431227,5.3925,0.585749,3.15865,120.699382
FrodoKEM-640-AES_run02,active,38.443683,5.39375,0.584855,3.154561,120.738676
FrodoKEM-640-AES_run02,active,38.456487,5.395,0.584318,3.152398,120.779038
FrodoKEM-640-AES_run02,active,38.469238,5.39375,0.576988,3.112127,120.818721
FrodoKEM-640-AES_run02,active,38.481984,5.39875,0.585391,3.160381,120.859004
FrodoKEM-640-AES_run02,active,38.494728,5.3975,0.584497,3.154824,120.89921
FrodoKEM-640-AES_run02,active,38.507476,5.40125,0.578597,3.125146,120.939047
FrodoKEM-640-AES_run02,active,38.520219,5.3975,0.58557,3.160614,120.979323
FrodoKEM-640-AES_run02,active,38.532968,5.3975,0.585391,3.159649,121.019606
FrodoKEM-640-AES_run02,active,38.545745,5.39625,0.585391,3.158917,121.059968
FrodoKEM-640-AES_run02,active,38.558489,5.39625,0.575736,3.106815,121.09956
FrodoKEM-640-AES_run02,active,38.571236,5.3975,0.586106,3.163509,121.139885
FrodoKEM-640-AES_run02,active,38.583981,5.39625,0.584676,3.155058,121.180099
FrodoKEM-640-AES_run02,active,38.596725,5.39625,0.586464,3.164706,121.220429
FrodoKEM-640-AES_run02,active,38.60947,5.3975,0.57663,3.11236,121.260095
FrodoKEM-640-AES_run02,active,38.622216,5.3975,0.58414,3.152893,121.300282
FrodoKEM-640-AES_run02,active,38.634966,5.39625,0.584676,3.155058,121.34051
FrodoKEM-640-AES_run02,active,38.647718,5.395,0.579848,3.128282,121.3804
FrodoKEM-640-AES_run02,active,38.660463,5.39625,0.585391,3.158917,121.420662
FrodoKEM-640-AES_run02,active,38.673208,5.39625,0.585212,3.157952,121.46091
FrodoKEM-640-AES_run02,active,38.685953,5.39625,0.582709,3.144445,121.500987
FrodoKEM-640-AES_run02,active,38.698699,5.3975,0.576272,3.11043,121.54063
FrodoKEM-640-AES_run02,active,38.711445,5.39625,0.585391,3.158917,121.580896
FrodoKEM-640-AES_run02,active,38.724188,5.38,0.584318,3.143633,121.620955
FrodoKEM-640-AES_run02,active,38.73694,5.39375,0.577703,3.115984,121.660688
FrodoKEM-640-AES_run02,active,38.749693,5.38375,0.576988,3.106357,121.700303
FrodoKEM-640-AES_run02,active,38.762439,5.39625,0.58557,3.159882,121.74058
FrodoKEM-640-AES_run02,active,38.775186,5.39625,0.584855,3.156023,121.780811
FrodoKEM-640-AES_run02,active,38.787932,5.395,0.573054,3.091626,121.820216
FrodoKEM-640-AES_run02,active,38.800676,5.3975,0.577166,3.115256,121.859917
FrodoKEM-640-AES_run02,active,38.813422,5.39625,0.586106,3.162777,121.90023
FrodoKEM-640-AES_run02,active,38.826167,5.39625,0.586464,3.164706,121.940565
FrodoKEM-640-AES_run02,active,38.838932,5.395,0.575378,3.104166,121.980187
FrodoKEM-640-AES_run02,active,38.851691,5.385,0.588431,3.1687,122.020619
FrodoKEM-640-AES_run02,active,38.864435,5.3975,0.58253,3.144208,122.060689
FrodoKEM-640-AES_run02,active,38.877179,5.39625,0.583961,3.151198,122.100845
FrodoKEM-640-AES_run02,active,38.889923,5.39625,0.577345,3.115499,122.140551
FrodoKEM-640-AES_run02,active,38.902668,5.39625,0.585391,3.158917,122.180812
FrodoKEM-640-AES_run02,active,38.915416,5.395,0.58414,3.151433,122.220984
FrodoKEM-640-AES_run02,active,38.928162,5.4,0.577166,3.116699,122.26071
FrodoKEM-640-AES_run02,active,38.940912,5.39625,0.581458,3.137691,122.300717
FrodoKEM-640-AES_run02,active,38.953662,5.385,0.585391,3.152332,122.340907
FrodoKEM-640-AES_run02,active,38.966408,5.39625,0.585391,3.158917,122.381174
FrodoKEM-640-AES_run02,active,38.979155,5.39625,0.577345,3.115499,122.420887
FrodoKEM-640-AES_run02,active,38.991901,5.39625,0.585749,3.160847,122.461172
FrodoKEM-640-AES_run02,active,39.004646,5.39625,0.585749,3.160847,122.501458
FrodoKEM-640-AES_run02,active,39.01739,5.39375,0.582173,3.140095,122.541475
FrodoKEM-640-AES_run02,active,39.030134,5.3975,0.576809,3.113325,122.581151
FrodoKEM-640-AES_run02,active,39.042885,5.3975,0.584855,3.156754,122.621405
FrodoKEM-640-AES_run02,active,39.055634,5.385,0.584855,3.149443,122.661558
FrodoKEM-640-AES_run02,active,39.068385,5.39625,0.574842,3.101991,122.701111
FrodoKEM-640-AES_run02,active,39.081131,5.39625,0.575915,3.10778,122.740722
FrodoKEM-640-AES_run02,active,39.093877,5.3975,0.586285,3.164474,122.781055
FrodoKEM-640-AES_run02,active,39.106621,5.39875,0.595046,3.212507,122.821998
FrodoKEM-640-AES_run02,active,39.119369,5.39875,0.576809,3.114047,122.861694
FrodoKEM-640-AES_run02,active,39.132114,5.3975,0.585928,3.162544,122.902001
FrodoKEM-640-AES_run02,active,39.144864,5.395,0.58557,3.15915,122.942279
FrodoKEM-640-AES_run02,active,39.157614,5.38625,0.583246,3.141507,122.982333
FrodoKEM-640-AES_run02,active,39.170358,5.40375,0.576809,3.116931,123.022056
FrodoKEM-640-AES_run02,active,39.183148,5.3975,0.584855,3.156754,123.062431
FrodoKEM-640-AES_run02,active,39.195896,5.3975,0.585749,3.161579,123.102735
FrodoKEM-640-AES_run02,active,39.208637,5.39875,0.576451,3.112116,123.142385
FrodoKEM-640-AES_run02,active,39.221382,5.39875,0.57663,3.113081,123.182062
FrodoKEM-640-AES_run02,active,39.234126,5.39625,0.585749,3.160847,123.222345
FrodoKEM-640-AES_run02,active,39.246878,5.39375,0.584855,3.154561,123.262571
FrodoKEM-640-AES_run02,active,39.259629,5.39625,0.576988,3.113569,123.302273
FrodoKEM-640-AES_run02,active,39.272373,5.3975,0.585212,3.158684,123.342528
FrodoKEM-640-AES_run02,active,39.285119,5.39875,0.584855,3.157485,123.382773
FrodoKEM-640-AES_run02,active,39.297865,5.39875,0.584318,3.154589,123.42298
FrodoKEM-640-AES_run02,active,39.31061,5.39625,0.577345,3.115499,123.462687
FrodoKEM-640-AES_run02,active,39.323366,5.39625,0.584855,3.156023,123.502944
FrodoKEM-640-AES_run02,active,39.336111,5.395,0.583782,3.149504,123.543087
FrodoKEM-640-AES_run02,active,39.348863,5.39625,0.583782,3.150234,123.583257
FrodoKEM-640-AES_run02,active,39.361613,5.39625,0.577703,3.117429,123.623004
FrodoKEM-640-AES_run02,active,39.374358,5.3975,0.584318,3.153859,123.663201
FrodoKEM-640-AES_run02,active,39.387136,5.3975,0.586822,3.16737,123.703674
FrodoKEM-640-AES_run02,active,39.399886,5.40375,0.577524,3.120795,123.743465
FrodoKEM-640-AES_run02,active,39.412631,5.3975,0.584855,3.156754,123.783698
FrodoKEM-640-AES_run02,active,39.425377,5.3975,0.584855,3.156754,123.823933
FrodoKEM-640-AES_run02,active,39.438122,5.395,0.584497,3.153362,123.864122
FrodoKEM-640-AES_run02,active,39.450874,5.39875,0.576451,3.112116,123.903807
FrodoKEM-640-AES_run02,active,39.463626,5.39625,0.58557,3.159882,123.944102
FrodoKEM-640-AES_run02,active,39.476372,5.40125,0.583782,3.153153,123.984291
FrodoKEM-640-AES_run02,active,39.489116,5.3975,0.584318,3.153859,124.024485
FrodoKEM-640-AES_run02,active,39.50186,5.39625,0.576988,3.113569,124.064166
FrodoKEM-640-AES_run02,active,39.514607,5.3975,0.585928,3.162544,124.104479
FrodoKEM-640-AES_run02,active,39.527356,5.395,0.585749,3.160115,124.144766
FrodoKEM-640-AES_run02,active,39.540101,5.3975,0.577166,3.115256,124.184469
FrodoKEM-640-AES_run02,active,39.552851,5.39625,0.585212,3.157952,124.224734
FrodoKEM-640-AES_run02,active,39.565599,5.3975,0.585212,3.158684,124.265002
FrodoKEM-640-AES_run02,active,39.578345,5.3975,0.584855,3.156754,124.305236
FrodoKEM-640-AES_run02,active,39.591127,5.395,0.576809,3.111883,124.345013
FrodoKEM-640-AES_run02,active,39.606661,5.40125,0.586285,3.166673,124.394205
FrodoKEM-640-AES_run02,active,39.619431,5.3975,0.58557,3.160614,124.434566
FrodoKEM-640-AES_run02,active,39.63218,5.39625,0.576988,3.113569,124.474262
FrodoKEM-640-AES_run02,active,39.644926,5.3975,0.577345,3.116221,124.51398
FrodoKEM-640-AES_run02,active,39.657681,5.39625,0.585391,3.158917,124.554272
FrodoKEM-640-AES_run02,active,39.670433,5.38625,0.583782,3.144396,124.594369
FrodoKEM-640-AES_run02,active,39.683181,5.39875,0.57663,3.113081,124.634054
FrodoKEM-640-AES_run02,active,39.695927,5.39125,0.585749,3.157918,124.674306
FrodoKEM-640-AES_run02,active,39.708671,5.39625,0.586106,3.162777,124.714612
FrodoKEM-640-AES_run02,active,39.721418,5.39875,0.585034,3.15845,124.754873
FrodoKEM-640-AES_run02,active,39.734163,5.39625,0.576451,3.110675,124.794518
FrodoKEM-640-AES_run02,active,39.746908,5.3975,0.584318,3.153859,124.834714
FrodoKEM-640-AES_run02,active,39.75966,5.3975,0.584318,3.153859,124.874933
FrodoKEM-640-AES_run02,active,39.772445,5.38125,0.583246,3.13859,124.91506
FrodoKEM-640-AES_run02,active,39.785192,5.39625,0.57663,3.11164,124.954724
FrodoKEM-640-AES_run02,active,39.797937,5.40125,0.585212,3.160878,124.995008
FrodoKEM-640-AES_run02,active,39.810681,5.39625,0.584855,3.156023,125.035228
FrodoKEM-640-AES_run02,active,39.823428,5.39625,0.576809,3.112604,125.074905
FrodoKEM-640-AES_run02,active,39.836173,5.39375,0.584855,3.154561,125.11511
FrodoKEM-640-AES_run02,active,39.848918,5.39625,0.586464,3.164706,125.155444
FrodoKEM-640-AES_run02,active,39.861672,5.39625,0.586822,3.166636,125.195832
FrodoKEM-640-AES_run02,active,39.874421,5.3825,0.576988,3.105636,125.235425
FrodoKEM-640-AES_run02,active,39.88717,5.39625,0.582709,3.144445,125.275512
FrodoKEM-640-AES_run02,active,39.899917,5.39625,0.584497,3.154093,125.315719
FrodoKEM-640-AES_run02,active,39.912661,5.39875,0.576809,3.114047,125.355403
FrodoKEM-640-AES_run02,active,39.925408,5.3975,0.573412,3.094989,125.394856
FrodoKEM-640-AES_run02,active,39.938154,5.39875,0.582173,3.143005,125.434916
FrodoKEM-640-AES_run02,active,39.950899,5.3975,0.584676,3.155789,125.475138
FrodoKEM-640-AES_run02,active,39.963654,5.39625,0.576451,3.110675,125.514814
FrodoKEM-640-AES_run02,active,39.976437,5.39625,0.585034,3.156988,125.555168
FrodoKEM-640-AES_run02,active,39.989182,5.3975,0.585212,3.158684,125.595428
FrodoKEM-640-AES_run02,active,40.001928,5.3975,0.585212,3.158684,125.635687
FrodoKEM-640-AES_run02,active,40.014673,5.39625,0.576451,3.110675,125.675334
FrodoKEM-640-AES_run02,active,40.027422,5.3925,0.582173,3.139367,125.715358
FrodoKEM-640-AES_run02,active,40.040168,5.3975,0.584497,3.154824,125.755569
FrodoKEM-640-AES_run02,active,40.052912,5.3975,0.587,3.168335,125.795945
FrodoKEM-640-AES_run02,active,40.065664,5.39875,0.577703,3.118873,125.835716
FrodoKEM-640-AES_run02,active,40.078411,5.39375,0.58557,3.158418,125.875978
FrodoKEM-640-AES_run02,active,40.091158,5.395,0.584676,3.154327,125.916184
FrodoKEM-640-AES_run02,active,40.103903,5.39625,0.577166,3.114534,125.955882
FrodoKEM-640-AES_run02,active,40.116648,5.39625,0.587179,3.168566,125.996263
FrodoKEM-640-AES_run02,active,40.129394,5.395,0.586643,3.164938,126.036604
FrodoKEM-640-AES_run02,active,40.142139,5.39375,0.585749,3.159383,126.07687
FrodoKEM-640-AES_run02,active,40.154886,5.39625,0.576451,3.110675,126.116522
FrodoKEM-640-AES_run02,active,40.16764,5.3975,0.585749,3.161579,126.156845
FrodoKEM-640-AES_run02,active,40.180435,5.3975,0.584497,3.154824,126.197212
FrodoKEM-640-AES_run02,active,40.193193,5.39875,0.583603,3.150728,126.23741
FrodoKEM-640-AES_run02,active,40.20594,5.3975,0.577166,3.115256,126.277119
FrodoKEM-640-AES_run02,active,40.218686,5.3975,0.585749,3.161579,126.317417
FrodoKEM-640-AES_run02,active,40.231434,5.39875,0.585212,3.159415,126.357692
FrodoKEM-640-AES_run02,active,40.24418,5.39625,0.577345,3.115499,126.397402
FrodoKEM-640-AES_run02,active,40.256925,5.39625,0.583067,3.146374,126.437502
FrodoKEM-640-AES_run02,active,40.269679,5.39875,0.585749,3.162311,126.477834
FrodoKEM-640-AES_run02,active,40.282431,5.395,0.585034,3.156256,126.518083
FrodoKEM-640-AES_run02,active,40.295181,5.3975,0.576809,3.113325,126.557778
FrodoKEM-640-AES_run02,active,40.307927,5.39625,0.582709,3.144445,126.597858
FrodoKEM-640-AES_run02,active,40.320673,5.39625,0.584855,3.156023,126.638084
FrodoKEM-640-AES_run02,active,40.333436,5.3975,0.584855,3.156754,126.678375
FrodoKEM-640-AES_run02,active,40.346224,5.395,0.579133,3.124424,126.718328
FrodoKEM-640-AES_run02,active,40.358991,5.395,0.585749,3.160115,126.758674
FrodoKEM-640-AES_run02,active,40.371752,5.39625,0.584855,3.156023,126.79895
FrodoKEM-640-AES_run02,active,40.384504,5.39625,0.576988,3.113569,126.838653
FrodoKEM-640-AES_run02,active,40.397251,5.39375,0.587358,3.168062,126.879036
FrodoKEM-640-AES_run02,active,40.409999,5.3975,0.585391,3.159649,126.919314
FrodoKEM-640-AES_run02,active,40.422744,5.3975,0.584676,3.155789,126.959536
FrodoKEM-640-AES_run02,active,40.435495,5.3975,0.573948,3.097884,126.999036
FrodoKEM-640-AES_run02,active,40.44824,5.3975,0.584855,3.156754,127.039269
FrodoKEM-640-AES_run02,active,40.46102,5.39625,0.586106,3.162777,127.07969
FrodoKEM-640-AES_run02,active,40.473778,5.39625,0.584497,3.154093,127.119929
FrodoKEM-640-AES_run02,active,40.486529,5.3975,0.576272,3.11043,127.15959
FrodoKEM-640-AES_run02,active,40.499278,5.39875,0.585212,3.159415,127.199869
FrodoKEM-640-AES_run02,active,40.512024,5.3975,0.585391,3.159649,127.240141
FrodoKEM-640-AES_run02,active,40.524769,5.39625,0.576809,3.112604,127.279813
FrodoKEM-640-AES_run02,active,40.537514,5.39875,0.572518,3.090879,127.319206
FrodoKEM-640-AES_run02,active,40.55026,5.3975,0.58557,3.160614,127.359492
FrodoKEM-640-AES_run02,active,40.563006,5.395,0.584676,3.154327,127.399696
FrodoKEM-640-AES_run02,active,40.575758,5.3975,0.576272,3.11043,127.43936
FrodoKEM-640-AES_run02,active,40.588506,5.39375,0.585749,3.159383,127.479638
FrodoKEM-640-AES_run02,active,40.601252,5.3975,0.584497,3.154824,127.519849
FrodoKEM-640-AES_run02,active,40.613997,5.39125,0.584855,3.153098,127.560033
FrodoKEM-640-AES_run02,active,40.626741,5.4025,0.575915,3.11138,127.599685
FrodoKEM-640-AES_run02,active,40.639488,5.395,0.584855,3.155292,127.639907
FrodoKEM-640-AES_run02,active,40.652233,5.39625,0.585212,3.157952,127.680155
FrodoKEM-640-AES_run02,active,40.664978,5.39625,0.577524,3.116464,127.719872
FrodoKEM-640-AES_run02,active,40.677765,5.39625,0.577166,3.114534,127.7597
FrodoKEM-640-AES_run02,active,40.690514,5.39875,0.586106,3.164242,127.800039
FrodoKEM-640-AES_run02,active,40.703261,5.3975,0.585212,3.158684,127.840304
FrodoKEM-640-AES_run02,active,40.716007,5.39625,0.576809,3.112604,127.879976
FrodoKEM-640-AES_run02,active,40.72875,5.39375,0.585212,3.156489,127.920199
FrodoKEM-640-AES_run02,active,40.741495,5.39625,0.585212,3.157952,127.960448
FrodoKEM-640-AES_run02,active,40.754241,5.39625,0.585391,3.158917,128.000712
FrodoKEM-640-AES_run02,active,40.766986,5.39875,0.577345,3.116942,128.040436
FrodoKEM-640-AES_run02,active,40.77974,5.3975,0.584855,3.156754,128.080697
FrodoKEM-640-AES_run02,active,40.792491,5.3975,0.585212,3.158684,128.120974
FrodoKEM-640-AES_run02,active,40.805236,5.395,0.583424,3.147575,128.16109
FrodoKEM-640-AES_run02,active,40.81798,5.39625,0.574663,3.101026,128.200609
FrodoKEM-640-AES_run02,active,40.830726,5.39625,0.586106,3.162777,128.240923
FrodoKEM-640-AES_run02,active,40.843476,5.3975,0.584855,3.156754,128.28117
FrodoKEM-640-AES_run02,active,40.856244,5.39375,0.575378,3.103447,128.320795
FrodoKEM-640-AES_run02,active,40.869016,5.39875,0.585391,3.160381,128.361161
FrodoKEM-640-AES_run02,active,40.884593,5.3975,0.584318,3.153859,128.410288
FrodoKEM-640-AES_run02,active,40.897365,5.39375,0.584318,3.151667,128.450542
FrodoKEM-640-AES_run02,active,40.910116,5.39625,0.576272,3.10971,128.490193
FrodoKEM-640-AES_run02,active,40.922861,5.39875,0.584855,3.157485,128.530435
FrodoKEM-640-AES_run02,active,40.93561,5.4,0.585212,3.160147,128.570725
FrodoKEM-640-AES_run02,active,40.948356,5.395,0.577345,3.114777,128.610424
FrodoKEM-640-AES_run02,active,40.961099,5.39625,0.585212,3.157952,128.650668
FrodoKEM-640-AES_run02,active,40.973843,5.39625,0.584855,3.156023,128.690889
FrodoKEM-640-AES_run02,active,40.986593,5.39625,0.58557,3.159882,128.731177
FrodoKEM-640-AES_run02,active,40.999346,5.3975,0.576809,3.113325,128.77088
FrodoKEM-640-AES_run02,active,41.01209,5.395,0.58557,3.15915,128.811141
FrodoKEM-640-AES_run02,active,41.024831,5.395,0.584497,3.153362,128.851318
FrodoKEM-640-AES_run02,active,41.037574,5.395,0.586822,3.165903,128.89166
FrodoKEM-640-AES_run02,active,41.050319,5.39625,0.57663,3.11164,128.931317
FrodoKEM-640-AES_run02,active,41.063063,5.3975,0.585212,3.158684,128.971571
FrodoKEM-640-AES_run02,active,41.075814,5.3975,0.586106,3.163509,129.01191
FrodoKEM-640-AES_run02,active,41.088562,5.3975,0.579491,3.127802,129.051782
FrodoKEM-640-AES_run02,active,41.101309,5.39625,0.57663,3.11164,129.091448
FrodoKEM-640-AES_run02,active,41.114053,5.39875,0.585212,3.159415,129.13171
FrodoKEM-640-AES_run02,active,41.126796,5.39625,0.583424,3.148304,129.171829
FrodoKEM-640-AES_run02,active,41.13954,5.3975,0.575736,3.107535,129.211432
FrodoKEM-640-AES_run02,active,41.152282,5.3975,0.585212,3.158684,129.251681
FrodoKEM-640-AES_run02,active,41.165025,5.3975,0.586464,3.165439,129.292017
FrodoKEM-640-AES_run02,active,41.177773,5.39875,0.583067,3.147832,129.332147
FrodoKEM-640-AES_run02,active,41.190532,5.39625,0.576272,3.10971,129.371824
FrodoKEM-640-AES_run02,active,41.203286,5.39625,0.585391,3.158917,129.412111
FrodoKEM-640-AES_run02,active,41.216031,5.39625,0.583424,3.148304,129.452236
FrodoKEM-640-AES_run02,active,41.228772,5.3975,0.577345,3.116221,129.491942
FrodoKEM-640-AES_run02,active,41.241517,5.3975,0.584318,3.153859,129.532136
FrodoKEM-640-AES_run02,active,41.254258,5.39625,0.585749,3.160847,129.57241
FrodoKEM-640-AES_run02,active,41.267001,5.39875,0.583961,3.152658,129.612583
FrodoKEM-640-AES_run02,active,41.279748,5.395,0.576809,3.111883,129.65225
FrodoKEM-640-AES_run02,active,41.292497,5.3975,0.584676,3.155789,129.692484
FrodoKEM-640-AES_run02,active,41.305246,5.39625,0.586106,3.162777,129.732807
FrodoKEM-640-AES_run02,active,41.317991,5.3975,0.585391,3.159649,129.773075
FrodoKEM-640-AES_run02,active,41.330734,5.3975,0.576809,3.113325,129.81275
FrodoKEM-640-AES_run02,active,41.343484,5.39625,0.585034,3.156988,129.853
FrodoKEM-640-AES_run02,active,41.356227,5.39875,0.584318,3.154589,129.8932
FrodoKEM-640-AES_run02,active,41.368971,5.39625,0.577166,3.114534,129.93289
FrodoKEM-640-AES_run02,active,41.381757,5.38625,0.576451,3.10491,129.97259
FrodoKEM-640-AES_run02,active,41.394508,5.39625,0.586822,3.166636,130.012969
FrodoKEM-640-AES_run02,active,41.407261,5.3975,0.585212,3.158684,130.053252
FrodoKEM-640-AES_run02,active,41.420006,5.3975,0.578239,3.121046,130.093028
FrodoKEM-640-AES_run02,active,41.432748,5.39625,0.585391,3.158917,130.13328
FrodoKEM-640-AES_run02,active,41.445491,5.3975,0.584676,3.155789,130.173495
FrodoKEM-640-AES_run02,active,41.458234,5.39875,0.584497,3.155554,130.213705
FrodoKEM-640-AES_run02,active,41.470978,5.39625,0.576809,3.112604,130.253373
FrodoKEM-640-AES_run02,active,41.483724,5.39625,0.585391,3.158917,130.293636
FrodoKEM-640-AES_run02,active,41.496472,5.3975,0.583067,3.147103,130.333755
FrodoKEM-640-AES_run02,active,41.509217,5.3975,0.586285,3.164474,130.374085
FrodoKEM-640-AES_run02,active,41.521964,5.39625,0.576451,3.110675,130.413737
FrodoKEM-640-AES_run02,active,41.534705,5.3975,0.584676,3.155789,130.453947
FrodoKEM-640-AES_run02,active,41.547449,5.39375,0.585391,3.157454,130.494183
FrodoKEM-640-AES_run02,active,41.560191,5.395,0.576809,3.111883,130.533836
FrodoKEM-640-AES_run02,active,41.572934,5.39875,0.585212,3.159415,130.574095
FrodoKEM-640-AES_run02,active,41.585678,5.39625,0.582888,3.145409,130.614182
FrodoKEM-640-AES_run02,active,41.598426,5.3975,0.585928,3.162544,130.654498
FrodoKEM-640-AES_run02,active,41.611174,5.395,0.57663,3.110919,130.694155
FrodoKEM-640-AES_run02,active,41.623917,5.39875,0.58557,3.161346,130.734439
FrodoKEM-640-AES_run02,active,41.636657,5.40125,0.585928,3.164741,130.774761
FrodoKEM-640-AES_run02,active,41.6494,5.39625,0.581815,3.13962,130.814767
FrodoKEM-640-AES_run02,active,41.662142,5.39625,0.577345,3.115499,130.854467
FrodoKEM-640-AES_run02,active,41.674885,5.39375,0.585212,3.156489,130.894687
FrodoKEM-640-AES_run02,active,41.687629,5.3975,0.59004,3.184741,130.935274
FrodoKEM-640-AES_run02,active,41.700378,5.395,0.577166,3.113813,130.974972
FrodoKEM-640-AES_run02,active,41.713127,5.39625,0.584855,3.156023,131.015209
FrodoKEM-640-AES_run02,active,41.725869,5.3975,0.586643,3.166405,131.055555
FrodoKEM-640-AES_run02,active,41.738611,5.3975,0.584497,3.154824,131.095753
FrodoKEM-640-AES_run02,active,41.751354,5.39625,0.576809,3.112604,131.135418
FrodoKEM-640-AES_run02,active,41.764098,5.3975,0.58414,3.152893,131.175599
FrodoKEM-640-AES_run02,active,41.776839,5.4025,0.58414,3.155814,131.215807
FrodoKEM-640-AES_run02,active,41.789582,5.3975,0.585391,3.159649,131.256069
FrodoKEM-640-AES_run02,active,41.80233,5.3975,0.57663,3.11236,131.295745
FrodoKEM-640-AES_run02,active,41.815108,5.395,0.585391,3.158186,131.336102
FrodoKEM-640-AES_run02,active,41.827856,5.395,0.584497,3.153362,131.3763
FrodoKEM-640-AES_run02,active,41.840597,5.3975,0.576988,3.114291,131.415978
FrodoKEM-640-AES_run02,active,41.853338,5.39625,0.582173,3.14155,131.456008
FrodoKEM-640-AES_run02,active,41.866083,5.3975,0.585212,3.158684,131.496265
FrodoKEM-640-AES_run02,active,41.878828,5.3975,0.585391,3.159649,131.536534
FrodoKEM-640-AES_run02,active,41.891574,5.39875,0.576451,3.112116,131.576201
FrodoKEM-640-AES_run02,active,41.904321,5.39875,0.585391,3.160381,131.616486
FrodoKEM-640-AES_run02,active,41.917066,5.3925,0.58557,3.157686,131.65673
FrodoKEM-640-AES_run02,active,41.929809,5.39625,0.584855,3.156023,131.696948
FrodoKEM-640-AES_run02,active,41.942552,5.39625,0.576988,3.113569,131.736623
FrodoKEM-640-AES_run02,active,41.955295,5.39875,0.586106,3.164242,131.776945
FrodoKEM-640-AES_run02,active,41.968037,5.40125,0.585391,3.161844,131.817236
FrodoKEM-640-AES_run02,active,41.980779,5.39875,0.576809,3.114047,131.856913
FrodoKEM-640-AES_run02,active,41.993522,5.3975,0.585212,3.158684,131.897166
FrodoKEM-640-AES_run02,active,42.006271,5.395,0.587894,3.17169,131.937601
FrodoKEM-640-AES_run02,active,42.019018,5.39625,0.585212,3.157952,131.977856
FrodoKEM-640-AES_run02,active,42.031763,5.39625,0.576809,3.112604,132.017525
FrodoKEM-640-AES_run02,active,42.044504,5.39625,0.585749,3.160847,132.057796
FrodoKEM-640-AES_run02,active,42.057246,5.39375,0.58414,3.150703,132.097943
FrodoKEM-640-AES_run02,active,42.069989,5.3975,0.584497,3.154824,132.138146
FrodoKEM-640-AES_run02,active,42.082731,5.3975,0.57663,3.11236,132.177803
FrodoKEM-640-AES_run02,active,42.095476,5.395,0.58557,3.15915,132.218068
FrodoKEM-640-AES_run02,active,42.108225,5.38625,0.587179,3.162694,132.258386
FrodoKEM-640-AES_run02,active,42.12097,5.39625,0.575915,3.10778,132.297997
FrodoKEM-640-AES_run02,active,42.13375,5.3975,0.576809,3.113325,132.337786
FrodoKEM-640-AES_run02,active,42.146493,5.39625,0.583246,3.147339,132.377892
FrodoKEM-640-AES_run02,active,42.161981,5.3975,0.585391,3.159649,132.426827
FrodoKEM-640-AES_run02,active,42.174743,5.3975,0.57663,3.11236,132.466548
FrodoKEM-640-AES_run02,active,42.187499,5.4,0.585749,3.163044,132.506896
FrodoKEM-640-AES_run02,active,42.200244,5.3975,0.584676,3.155789,132.547115
FrodoKEM-640-AES_run02,active,42.213018,5.3975,0.584676,3.155789,132.587427
FrodoKEM-640-AES_run02,active,42.225771,5.395,0.577166,3.113813,132.627139
FrodoKEM-640-AES_run02,active,42.238532,5.3975,0.585391,3.159649,132.667458
FrodoKEM-640-AES_run02,active,42.251312,5.3975,0.585391,3.159649,132.707838
FrodoKEM-640-AES_run02,active,42.264075,5.39625,0.576809,3.112604,132.747565
FrodoKEM-640-AES_run02,active,42.276823,5.3975,0.583603,3.149998,132.787722
FrodoKEM-640-AES_run02,active,42.289569,5.3975,0.584497,3.154824,132.827933
FrodoKEM-640-AES_run02,active,42.302314,5.3975,0.585034,3.157719,132.868179
FrodoKEM-640-AES_run02,active,42.315066,5.395,0.577166,3.113813,132.907886
FrodoKEM-640-AES_run02,active,42.327818,5.39625,0.587,3.167601,132.948277
FrodoKEM-640-AES_run02,active,42.340558,5.39625,0.584497,3.154093,132.988463
FrodoKEM-640-AES_run02,active,42.353302,5.3975,0.58557,3.160614,133.028742
FrodoKEM-640-AES_run02,active,42.366047,5.39625,0.57806,3.119358,133.068497
FrodoKEM-640-AES_run02,active,42.378794,5.39875,0.585212,3.159415,133.108771
FrodoKEM-640-AES_run02,active,42.391543,5.3975,0.585391,3.159649,133.149054
FrodoKEM-640-AES_run02,active,42.404286,5.39875,0.577345,3.116942,133.188772
FrodoKEM-640-AES_run02,active,42.417037,5.39625,0.581636,3.138655,133.228793
FrodoKEM-640-AES_run02,active,42.429786,5.395,0.586285,3.163009,133.269117
FrodoKEM-640-AES_run02,active,42.442532,5.39875,0.585391,3.160381,133.309401
FrodoKEM-640-AES_run02,active,42.455279,5.3975,0.57359,3.095954,133.348864
FrodoKEM-640-AES_run02,active,42.468024,5.3975,0.585391,3.159649,133.389134
FrodoKEM-640-AES_run02,active,42.480768,5.395,0.584497,3.153362,133.42932
FrodoKEM-640-AES_run02,active,42.493514,5.395,0.58414,3.151433,133.469489
FrodoKEM-640-AES_run02,active,42.506257,5.3975,0.577703,3.118151,133.509223
FrodoKEM-640-AES_run02,active,42.519007,5.3975,0.585391,3.159649,133.549509
FrodoKEM-640-AES_run02,active,42.531758,5.39875,0.585391,3.160381,133.589806
FrodoKEM-640-AES_run02,active,42.544501,5.38125,0.577345,3.106839,133.629398
FrodoKEM-640-AES_run02,active,42.557246,5.4,0.578597,3.124423,133.669219
FrodoKEM-640-AES_run02,active,42.569991,5.39625,0.585391,3.158917,133.709477
FrodoKEM-640-AES_run02,active,42.582736,5.39625,0.585391,3.158917,133.74974
FrodoKEM-640-AES_run02,active,42.595484,5.3975,0.57663,3.11236,133.789414
FrodoKEM-640-AES_run02,active,42.608228,5.39625,0.585749,3.160847,133.829697
FrodoKEM-640-AES_run02,active,42.620979,5.39625,0.584855,3.156023,133.869939
FrodoKEM-640-AES_run02,active,42.633871,5.39625,0.585212,3.157952,133.910652
FrodoKEM-640-AES_run02,active,42.646628,5.3925,0.577703,3.115262,133.950393
FrodoKEM-640-AES_run02,active,42.659379,5.395,0.585212,3.157221,133.990651
FrodoKEM-640-AES_run02,active,42.672127,5.39625,0.584855,3.156023,134.030884
FrodoKEM-640-AES_run02,active,42.684876,5.3975,0.577703,3.118151,134.070637
FrodoKEM-640-AES_run02,active,42.697621,5.4,0.584676,3.15725,134.110877
FrodoKEM-640-AES_run02,active,42.710366,5.3975,0.584676,3.155789,134.151098
FrodoKEM-640-AES_run02,active,42.723169,5.39375,0.584676,3.153596,134.191471
FrodoKEM-640-AES_run02,active,42.735925,5.39625,0.576272,3.10971,134.23114
FrodoKEM-640-AES_run02,active,42.74867,5.3975,0.585391,3.159649,134.271411
FrodoKEM-640-AES_run02,active,42.761416,5.3975,0.585391,3.159649,134.311684
FrodoKEM-640-AES_run02,active,42.774163,5.3975,0.584855,3.156754,134.351921
FrodoKEM-640-AES_run02,active,42.786908,5.39875,0.579133,3.126595,134.391771
FrodoKEM-640-AES_run02,active,42.799656,5.3975,0.585034,3.157719,134.432024
FrodoKEM-640-AES_run02,active,42.812429,5.3975,0.585212,3.158684,134.472371
FrodoKEM-640-AES_run02,active,42.825183,5.3975,0.576809,3.113325,134.512077
FrodoKEM-640-AES_run02,active,42.837934,5.39625,0.572339,3.088483,134.551458
FrodoKEM-640-AES_run02,active,42.850679,5.39625,0.584676,3.155058,134.591669
FrodoKEM-640-AES_run02,active,42.863424,5.39875,0.584497,3.155554,134.631886
FrodoKEM-640-AES_run02,active,42.876169,5.39625,0.580742,3.133831,134.671827
FrodoKEM-640-AES_run02,active,42.888911,5.3975,0.585212,3.158684,134.712077
FrodoKEM-640-AES_run02,active,42.901657,5.39625,0.584855,3.156023,134.752303
FrodoKEM-640-AES_run02,active,42.914402,5.39625,0.585212,3.157952,134.792551
FrodoKEM-640-AES_run02,active,42.927156,5.3975,0.578239,3.121046,134.832358
FrodoKEM-640-AES_run02,active,42.939904,5.3975,0.584497,3.154824,134.872573
FrodoKEM-640-AES_run02,active,42.952647,5.3975,0.586106,3.163509,134.912887
FrodoKEM-640-AES_run02,active,42.965392,5.3975,0.573412,3.094989,134.952334
FrodoKEM-640-AES_run02,active,42.978137,5.39625,0.579491,3.127077,134.992186
FrodoKEM-640-AES_run02,active,42.990882,5.39625,0.586106,3.162777,135.032496
FrodoKEM-640-AES_run02,active,43.003629,5.39625,0.584497,3.154093,135.072704
FrodoKEM-640-AES_run02,active,43.016376,5.39875,0.580742,3.135283,135.112668
FrodoKEM-640-AES_run02,active,43.029129,5.39625,0.587,3.167601,135.153064
FrodoKEM-640-AES_run02,active,43.041876,5.39625,0.584855,3.156023,135.193294
FrodoKEM-640-AES_run02,active,43.054622,5.395,0.584497,3.153362,135.233485
FrodoKEM-640-AES_run02,active,43.067369,5.38375,0.577882,3.11117,135.273144
FrodoKEM-640-AES_run02,active,43.080113,5.3975,0.587894,3.17316,135.313583
FrodoKEM-640-AES_run02,active,43.092856,5.39625,0.585749,3.160847,135.353861
FrodoKEM-640-AES_run02,active,43.1056,5.39875,0.580564,3.134318,135.393805
FrodoKEM-640-AES_run02,active,43.118346,5.3975,0.576988,3.114291,135.433501
FrodoKEM-640-AES_run02,active,43.131126,5.39625,0.584855,3.156023,135.473834
FrodoKEM-640-AES_run02,active,43.143879,5.3975,0.585034,3.157719,135.514105
FrodoKEM-640-AES_run02,active,43.156622,5.39875,0.5752,3.105359,135.553677
FrodoKEM-640-AES_run02,active,43.169366,5.3975,0.585212,3.158684,135.59393
FrodoKEM-640-AES_run02,active,43.182116,5.39625,0.585212,3.157952,135.634195
FrodoKEM-640-AES_run02,active,43.194863,5.39375,0.584676,3.153596,135.674393
FrodoKEM-640-AES_run02,active,43.20761,5.39875,0.577345,3.116942,135.714126
FrodoKEM-640-AES_run02,active,43.220353,5.39625,0.585928,3.161812,135.754417
FrodoKEM-640-AES_run02,active,43.233102,5.39625,0.58414,3.152163,135.794602
FrodoKEM-640-AES_run02,active,43.245848,5.39375,0.586106,3.161311,135.834899
FrodoKEM-640-AES_run02,active,43.258592,5.395,0.576809,3.111883,135.874555
FrodoKEM-640-AES_run02,active,43.271338,5.3975,0.585391,3.159649,135.914828
FrodoKEM-640-AES_run02,active,43.284082,5.39875,0.585034,3.15845,135.955078
FrodoKEM-640-AES_run02,active,43.296824,5.3975,0.573948,3.097884,135.994551
FrodoKEM-640-AES_run02,active,43.309568,5.3975,0.585391,3.159649,136.03482
FrodoKEM-640-AES_run02,active,43.322312,5.39625,0.584318,3.153128,136.075003
FrodoKEM-640-AES_run02,active,43.33506,5.39625,0.585212,3.157952,136.115261
FrodoKEM-640-AES_run02,active,43.347812,5.39625,0.57806,3.119358,136.155037
FrodoKEM-640-AES_run02,active,43.360554,5.39625,0.585928,3.161812,136.195327
FrodoKEM-640-AES_run02,active,43.373299,5.39625,0.584497,3.154093,136.235524
FrodoKEM-640-AES_run02,active,43.386042,5.39625,0.579848,3.129007,136.275399
FrodoKEM-640-AES_run02,active,43.398784,5.39625,0.576451,3.110675,136.315035
FrodoKEM-640-AES_run02,active,43.411533,5.39625,0.58557,3.159882,136.355318
FrodoKEM-640-AES_run02,active,43.424274,5.395,0.584855,3.155292,136.395522
FrodoKEM-640-AES_run02,active,43.439867,5.39125,0.576809,3.10972,136.444012
FrodoKEM-640-AES_run02,active,43.452652,5.3975,0.587179,3.1693,136.48453
FrodoKEM-640-AES_run02,active,43.465404,5.3975,0.585749,3.161579,136.524845
FrodoKEM-640-AES_run02,active,43.478149,5.39625,0.589504,3.181109,136.565389
FrodoKEM-640-AES_run02,active,43.490894,5.395,0.576988,3.112848,136.605063
FrodoKEM-640-AES_run02,active,43.503641,5.3975,0.585391,3.159649,136.645338
FrodoKEM-640-AES_run02,active,43.516413,5.4025,0.583961,3.154848,136.685634
FrodoKEM-640-AES_run02,active,43.529158,5.3975,0.576988,3.114291,136.725323
FrodoKEM-640-AES_run02,active,43.54191,5.39625,0.578954,3.124183,136.765164
FrodoKEM-640-AES_run02,active,43.554661,5.39625,0.58557,3.159882,136.805455
FrodoKEM-640-AES_run02,active,43.567407,5.39875,0.586285,3.165207,136.845801
FrodoKEM-640-AES_run02,active,43.580151,5.39625,0.582173,3.14155,136.885834
FrodoKEM-640-AES_run02,active,43.592901,5.39625,0.584318,3.153128,136.926037
FrodoKEM-640-AES_run02,active,43.605662,5.395,0.578954,3.123459,136.965895
FrodoKEM-640-AES_run02,active,43.618408,5.3975,0.584318,3.153859,137.006096
FrodoKEM-640-AES_run02,active,43.631155,5.3975,0.576809,3.113325,137.045781
FrodoKEM-640-AES_run02,active,43.643907,5.395,0.585391,3.158186,137.086055
FrodoKEM-640-AES_run02,active,43.656654,5.3975,0.584318,3.153859,137.126258
FrodoKEM-640-AES_run02,active,43.6694,5.3975,0.577345,3.116221,137.165977
FrodoKEM-640-AES_run02,active,43.682143,5.395,0.582352,3.141787,137.206011
FrodoKEM-640-AES_run02,active,43.694887,5.39625,0.585391,3.158917,137.246267
FrodoKEM-640-AES_run02,active,43.707633,5.3975,0.590219,3.185706,137.286872
FrodoKEM-640-AES_run02,active,43.720377,5.39625,0.577345,3.115499,137.326577
FrodoKEM-640-AES_run02,active,43.733123,5.39625,0.585212,3.157952,137.366828
FrodoKEM-640-AES_run02,active,43.745873,5.39875,0.583603,3.150728,137.407001
FrodoKEM-640-AES_run02,active,43.758622,5.39625,0.585212,3.157952,137.447262
FrodoKEM-640-AES_run02,active,43.771369,5.39875,0.57663,3.113081,137.486944
FrodoKEM-640-AES_run02,active,43.784113,5.3975,0.588073,3.174125,137.527396
FrodoKEM-640-AES_run02,active,43.796855,5.3975,0.584855,3.156754,137.567618
FrodoKEM-640-AES_run02,active,43.809598,5.39625,0.584676,3.155058,137.607824
FrodoKEM-640-AES_run02,active,43.822342,5.395,0.575915,3.10706,137.64742
FrodoKEM-640-AES_run02,active,43.835118,5.3975,0.585749,3.161579,137.687813
FrodoKEM-640-AES_run02,active,43.847876,5.395,0.584855,3.155292,137.728067
FrodoKEM-640-AES_run02,active,43.860622,5.39875,0.576809,3.114047,137.76776
FrodoKEM-640-AES_run02,active,43.873368,5.3975,0.58557,3.160614,137.808045
FrodoKEM-640-AES_run02,active,43.886112,5.39875,0.588788,3.178721,137.848553
FrodoKEM-640-AES_run02,active,43.898856,5.395,0.58557,3.15915,137.888815
FrodoKEM-640-AES_run02,active,43.911602,5.39875,0.576809,3.114047,137.928505
FrodoKEM-640-AES_run02,active,43.924351,5.39625,0.585749,3.160847,137.968803
FrodoKEM-640-AES_run02,active,43.937093,5.3925,0.58414,3.149973,138.008939
FrodoKEM-640-AES_run02,active,43.949844,5.3975,0.578597,3.122976,138.048762
FrodoKEM-640-AES_run02,active,43.962594,5.395,0.577345,3.114777,138.088474
FrodoKEM-640-AES_run02,active,43.975341,5.39375,0.585749,3.159383,138.128748
FrodoKEM-640-AES_run02,active,43.988087,5.39625,0.588252,3.174355,138.169206
FrodoKEM-640-AES_run02,active,44.000828,5.40125,0.574663,3.1039,138.208755
FrodoKEM-640-AES_run02,active,44.013572,5.39625,0.58253,3.14348,138.248815
FrodoKEM-640-AES_run02,active,44.026316,5.3975,0.58861,3.17702,138.289303
FrodoKEM-640-AES_run02,active,44.039065,5.39625,0.585212,3.157952,138.329563
FrodoKEM-640-AES_run02,active,44.051822,5.395,0.576094,3.108025,138.369214
FrodoKEM-640-AES_run02,active,44.064569,5.39625,0.585391,3.158917,138.40948
FrodoKEM-640-AES_run02,active,44.077317,5.39625,0.586285,3.163742,138.449811
FrodoKEM-640-AES_run02,active,44.090062,5.395,0.589861,3.182301,138.490369
FrodoKEM-640-AES_run02,active,44.102807,5.3975,0.57663,3.11236,138.530035
FrodoKEM-640-AES_run02,active,44.115555,5.3975,0.580385,3.132627,138.569972
FrodoKEM-640-AES_run02,active,44.1283,5.39625,0.585391,3.158917,138.61023
FrodoKEM-640-AES_run02,active,44.141042,5.395,0.577166,3.113813,138.649908
FrodoKEM-640-AES_run02,active,44.153792,5.39625,0.584497,3.154093,138.690123
FrodoKEM-640-AES_run02,active,44.166546,5.395,0.587,3.166867,138.730511
FrodoKEM-640-AES_run02,active,44.179342,5.39875,0.584318,3.154589,138.770877
FrodoKEM-640-AES_run02,active,44.192103,5.3975,0.580385,3.132627,138.810855
FrodoKEM-640-AES_run02,active,44.204847,5.39875,0.582709,3.145901,138.850946
FrodoKEM-640-AES_run02,active,44.217592,5.39625,0.582173,3.14155,138.890983
FrodoKEM-640-AES_run02,active,44.230338,5.3975,0.584855,3.156754,138.931221
FrodoKEM-640-AES_run02,active,44.243149,5.385,0.577524,3.109967,138.971062
FrodoKEM-640-AES_run02,active,44.256066,5.395,0.583424,3.147575,139.011721
FrodoKEM-640-AES_run02,active,44.268838,5.39625,0.585034,3.156988,139.052041
FrodoKEM-640-AES_run02,active,44.281588,5.39625,0.576809,3.112604,139.091727
FrodoKEM-640-AES_run02,active,44.294338,5.39625,0.587179,3.168566,139.132125
FrodoKEM-640-AES_run02,active,44.307114,5.4,0.58557,3.162078,139.172525
FrodoKEM-640-AES_run02,active,44.319866,5.39875,0.584855,3.157485,139.212788
FrodoKEM-640-AES_run02,active,44.332612,5.39625,0.576809,3.112604,139.25246
FrodoKEM-640-AES_run02,active,44.345358,5.3925,0.585749,3.15865,139.292722
FrodoKEM-640-AES_run02,active,44.358111,5.39375,0.584855,3.154561,139.332952
FrodoKEM-640-AES_run02,active,44.37086,5.3975,0.584676,3.155789,139.373185
FrodoKEM-640-AES_run02,active,44.383606,5.395,0.576809,3.111883,139.41285
FrodoKEM-640-AES_run02,active,44.396351,5.40375,0.585391,3.163308,139.453165
FrodoKEM-640-AES_run02,active,44.409094,5.395,0.585391,3.158186,139.493411
FrodoKEM-640-AES_run02,active,44.421839,5.395,0.576809,3.111883,139.53307
FrodoKEM-640-AES_run02,active,44.434583,5.39625,0.577703,3.117429,139.572801
FrodoKEM-640-AES_run02,active,44.447331,5.4,0.587716,3.173664,139.613256
FrodoKEM-640-AES_run02,active,44.460083,5.39375,0.585034,3.155525,139.653496
FrodoKEM-640-AES_run02,active,44.472829,5.39875,0.577703,3.118873,139.693249
FrodoKEM-640-AES_run02,active,44.485575,5.395,0.590576,3.18616,139.73386
FrodoKEM-640-AES_run02,active,44.49832,5.39625,0.587358,3.169531,139.774257
FrodoKEM-640-AES_run02,active,44.511093,5.395,0.585749,3.160115,139.814621
FrodoKEM-640-AES_run02,active,44.523844,5.3925,0.576809,3.110441,139.854281
FrodoKEM-640-AES_run02,active,44.536588,5.39625,0.583424,3.148304,139.894403
FrodoKEM-640-AES_run02,active,44.549333,5.39625,0.585212,3.157952,139.934652
FrodoKEM-640-AES_run02,active,44.562084,5.39625,0.577166,3.114534,139.974365
FrodoKEM-640-AES_run02,active,44.574832,5.3975,0.576094,3.109465,140.014004
FrodoKEM-640-AES_run02,active,44.587579,5.395,0.590576,3.18616,140.054618
FrodoKEM-640-AES_run02,active,44.600335,5.39625,0.588788,3.177249,140.095149
FrodoKEM-640-AES_run02,active,44.613111,5.3975,0.577345,3.116221,140.134961
FrodoKEM-640-AES_run02,active,44.625867,5.395,0.585391,3.158186,140.175247
FrodoKEM-640-AES_run02,active,44.638614,5.39625,0.584855,3.156023,140.215476
FrodoKEM-640-AES_run02,active,44.651362,5.395,0.585034,3.156256,140.255712
FrodoKEM-640-AES_run02,active,44.664116,5.39625,0.576272,3.10971,140.295372
FrodoKEM-640-AES_run02,active,44.676862,5.395,0.589682,3.181337,140.335923
FrodoKEM-640-AES_run02,active,44.689606,5.38625,0.585034,3.151137,140.37608
FrodoKEM-640-AES_run02,active,44.70235,5.39625,0.581636,3.138655,140.416079
FrodoKEM-640-AES_run02,active,44.717948,5.3975,0.587179,3.1693,140.465513
FrodoKEM-640-AES_run02,active,44.730715,5.39375,0.585928,3.160347,140.505862
FrodoKEM-640-AES_run02,active,44.743466,5.395,0.585391,3.158186,140.546132
FrodoKEM-640-AES_run02,active,44.756212,5.39875,0.573054,3.093775,140.585565
FrodoKEM-640-AES_run02,active,44.768964,5.3975,0.584318,3.153859,140.625783
FrodoKEM-640-AES_run02,active,44.781744,5.3975,0.584497,3.154824,140.666102
FrodoKEM-640-AES_run02,active,44.794488,5.39625,0.584855,3.156023,140.706324
FrodoKEM-640-AES_run02,active,44.807234,5.39625,0.574842,3.101991,140.745861
FrodoKEM-640-AES_run02,active,44.819978,5.39625,0.585034,3.156988,140.786094
FrodoKEM-640-AES_run02,active,44.832721,5.39625,0.585212,3.157952,140.826335
FrodoKEM-640-AES_run02,active,44.845464,5.39625,0.576809,3.112604,140.866
FrodoKEM-640-AES_run02,active,44.858207,5.3975,0.583782,3.150963,140.906152
FrodoKEM-640-AES_run02,active,44.870948,5.39875,0.58557,3.161346,140.946431
FrodoKEM-640-AES_run02,active,44.883693,5.395,0.585212,3.157221,140.986671
FrodoKEM-640-AES_run02,active,44.896436,5.3975,0.579133,3.125871,141.026504
FrodoKEM-640-AES_run02,active,44.909179,5.39625,0.585749,3.160847,141.066782
FrodoKEM-640-AES_run02,active,44.921923,5.39625,0.584497,3.154093,141.106977
FrodoKEM-640-AES_run02,active,44.934665,5.39625,0.584676,3.155058,141.147178
FrodoKEM-640-AES_run02,active,44.947412,5.395,0.575557,3.105131,141.186761
FrodoKEM-640-AES_run02,active,44.960155,5.39375,0.585391,3.157454,141.226995
FrodoKEM-640-AES_run02,active,44.972905,5.395,0.584855,3.155292,141.267224
FrodoKEM-640-AES_run02,active,44.985653,5.3975,0.577166,3.115256,141.306937
FrodoKEM-640-AES_run02,active,44.998397,5.39625,0.585928,3.161812,141.347231
FrodoKEM-640-AES_run02,active,45.011143,5.3975,0.585928,3.162544,141.387543
FrodoKEM-640-AES_run02,active,45.023888,5.39125,0.585212,3.155026,141.427752
FrodoKEM-640-AES_run02,active,45.036631,5.39375,0.575021,3.101518,141.467276
FrodoKEM-640-AES_run02,active,45.049376,5.39625,0.583067,3.146374,141.507376
FrodoKEM-640-AES_run02,active,45.06212,5.39875,0.581815,3.141075,141.547405
FrodoKEM-640-AES_run02,active,45.07487,5.3975,0.58253,3.144208,141.587494
FrodoKEM-640-AES_run02,active,45.08762,5.395,0.576809,3.111883,141.627171
FrodoKEM-640-AES_run02,active,45.100363,5.3975,0.586285,3.164474,141.667496
FrodoKEM-640-AES_run02,active,45.113107,5.3975,0.58557,3.160614,141.707775
FrodoKEM-640-AES_run02,active,45.125851,5.4,0.577166,3.116699,141.747493
FrodoKEM-640-AES_run02,active,45.138596,5.39625,0.577345,3.115499,141.787201
FrodoKEM-640-AES_run02,active,45.151341,5.39625,0.585928,3.161812,141.827499
FrodoKEM-640-AES_run02,active,45.164087,5.3975,0.585212,3.158684,141.867759
FrodoKEM-640-AES_run02,active,45.17684,5.3975,0.576451,3.111395,141.907438
FrodoKEM-640-AES_run02,active,45.189599,5.39625,0.590219,3.184968,141.948076
FrodoKEM-640-AES_run02,active,45.202345,5.39625,0.585034,3.156988,141.988316
FrodoKEM-640-AES_run02,active,45.215132,5.40125,0.585212,3.160878,142.028732
FrodoKEM-640-AES_run02,active,45.227879,5.395,0.577345,3.114777,142.068438
FrodoKEM-640-AES_run02,active,45.240625,5.39875,0.585928,3.163277,142.108755
FrodoKEM-640-AES_run02,active,45.253369,5.3975,0.585212,3.158684,142.149011
FrodoKEM-640-AES_run02,active,45.266112,5.3975,0.580027,3.130697,142.188906
FrodoKEM-640-AES_run02,active,45.278862,5.39875,0.581994,3.14204,142.228966
FrodoKEM-640-AES_run02,active,45.291611,5.39625,0.585928,3.161812,142.269274
FrodoKEM-640-AES_run02,active,45.304355,5.39625,0.584497,3.154093,142.309471
FrodoKEM-640-AES_run02,active,45.317099,5.39625,0.574127,3.098132,142.348955
FrodoKEM-640-AES_run02,active,45.329845,5.39625,0.586106,3.162777,142.389266
FrodoKEM-640-AES_run02,active,45.34259,5.3975,0.586643,3.166405,142.429622
FrodoKEM-640-AES_run02,active,45.355336,5.39625,0.589861,3.183039,142.470193
FrodoKEM-640-AES_run02,active,45.368081,5.39875,0.580027,3.131422,142.510104
FrodoKEM-640-AES_run02,active,45.380832,5.39625,0.585749,3.160847,142.550406
FrodoKEM-640-AES_run02,active,45.393581,5.39625,0.584497,3.154093,142.59062
FrodoKEM-640-AES_run02,active,45.406326,5.38375,0.576809,3.105394,142.630197
FrodoKEM-640-AES_run02,active,45.4191,5.3975,0.576809,3.113325,142.669966
FrodoKEM-640-AES_run02,active,45.43185,5.395,0.586106,3.162044,142.710284
FrodoKEM-640-AES_run02,active,45.444594,5.38875,0.58557,3.15549,142.750496
FrodoKEM-640-AES_run02,active,45.457342,5.39625,0.56912,3.071116,142.789647
FrodoKEM-640-AES_run02,active,45.470087,5.39625,0.585212,3.157952,142.829895
FrodoKEM-640-AES_run02,active,45.482838,5.39625,0.585212,3.157952,142.870162
FrodoKEM-640-AES_run02,active,45.495589,5.39875,0.585391,3.160381,142.910459
FrodoKEM-640-AES_run02,active,45.508333,5.3825,0.57806,3.11141,142.950111
FrodoKEM-640-AES_run02,active,45.521077,5.39625,0.58557,3.159882,142.990382
FrodoKEM-640-AES_run02,active,45.533823,5.3975,0.585212,3.158684,143.030643
FrodoKEM-640-AES_run02,active,45.54657,5.39625,0.586285,3.163742,143.070971
FrodoKEM-640-AES_run02,active,45.559317,5.3975,0.576809,3.113325,143.110656
FrodoKEM-640-AES_run02,active,45.572063,5.395,0.585749,3.160115,143.150935
FrodoKEM-640-AES_run02,active,45.584813,5.39625,0.584855,3.156023,143.191174
FrodoKEM-640-AES_run02,active,45.597571,5.39375,0.576988,3.112127,143.230879
FrodoKEM-640-AES_run02,active,45.610333,5.38375,0.585391,3.1516,143.271099
FrodoKEM-640-AES_run02,active,45.623125,5.3975,0.586106,3.163509,143.311568
FrodoKEM-640-AES_run02,active,45.635878,5.3875,0.58557,3.154758,143.3518
FrodoKEM-640-AES_run02,active,45.648622,5.39375,0.577166,3.113091,143.391472
FrodoKEM-640-AES_run02,active,45.661367,5.39875,0.585749,3.162311,143.431776
FrodoKEM-640-AES_run02,active,45.674112,5.39625,0.584676,3.155058,143.471987
FrodoKEM-640-AES_run02,active,45.686863,5.39875,0.584855,3.157485,143.51225
FrodoKEM-640-AES_run02,active,45.699617,5.395,0.576809,3.111883,143.551939
FrodoKEM-640-AES_run02,active,45.712363,5.38375,0.585034,3.149675,143.592085
FrodoKEM-640-AES_run02,active,45.725108,5.39875,0.586643,3.167138,143.632449
FrodoKEM-640-AES_run02,active,45.737852,5.395,0.577166,3.113813,143.67213
FrodoKEM-640-AES_run02,active,45.750596,5.39875,0.584497,3.155554,143.712345
FrodoKEM-640-AES_run02,active,45.763343,5.3975,0.58557,3.160614,143.752634
FrodoKEM-640-AES_run02,active,45.776087,5.39375,0.584497,3.152632,143.792812
FrodoKEM-640-AES_run02,active,45.788838,5.3975,0.577166,3.115256,143.832535
FrodoKEM-640-AES_run02,active,45.801588,5.39625,0.585928,3.161812,143.872845
FrodoKEM-640-AES_run02,active,45.814331,5.38375,0.585034,3.149675,143.912983
FrodoKEM-640-AES_run02,active,45.827107,5.39625,0.590398,3.185933,143.953687
FrodoKEM-640-AES_run02,active,45.839857,5.39625,0.576809,3.112604,143.993371
FrodoKEM-640-AES_run02,active,45.852601,5.3975,0.585391,3.159649,144.033638
FrodoKEM-640-AES_run02,active,45.865346,5.39625,0.586106,3.162777,144.073949
FrodoKEM-640-AES_run02,active,45.878091,5.3975,0.577345,3.116221,144.113666
FrodoKEM-640-AES_run02,active,45.890844,5.3975,0.580921,3.135522,144.153652
FrodoKEM-640-AES_run02,active,45.903597,5.3975,0.585928,3.162544,144.193983
FrodoKEM-640-AES_run02,active,45.916342,5.38,0.584497,3.144595,144.234061
FrodoKEM-640-AES_run02,active,45.929085,5.3975,0.577166,3.115256,144.27376
FrodoKEM-640-AES_run02,active,45.94183,5.39875,0.58557,3.161346,144.314051
FrodoKEM-640-AES_run02,active,45.954575,5.3975,0.581458,3.138417,144.354049
FrodoKEM-640-AES_run02,active,45.967322,5.3975,0.587179,3.1693,144.394449
FrodoKEM-640-AES_run02,active,45.98007,5.39,0.576451,3.107072,144.434058
FrodoKEM-640-AES_run02,active,45.99565,5.3975,0.588967,3.17895,144.483587
FrodoKEM-640-AES_run02,active,46.008443,5.395,0.586464,3.163973,144.524064
FrodoKEM-640-AES_run02,active,46.021192,5.39625,0.577345,3.115499,144.563781
FrodoKEM-640-AES_run02,active,46.033939,5.395,0.585391,3.158186,144.60404
FrodoKEM-640-AES_run02,active,46.046684,5.40125,0.585749,3.163776,144.644361
FrodoKEM-640-AES_run02,active,46.059433,5.39625,0.585391,3.158917,144.684636
FrodoKEM-640-AES_run02,active,46.072178,5.39625,0.575557,3.105851,144.724219
FrodoKEM-640-AES_run02,active,46.084924,5.3975,0.585212,3.158684,144.764478
FrodoKEM-640-AES_run02,active,46.097675,5.395,0.587894,3.17169,144.804921
FrodoKEM-640-AES_run02,active,46.110424,5.395,0.581994,3.139858,144.844951
FrodoKEM-640-AES_run02,active,46.123172,5.38375,0.57663,3.104432,144.884526
FrodoKEM-640-AES_run02,active,46.135916,5.39875,0.587894,3.173895,144.924974
FrodoKEM-640-AES_run02,active,46.148657,5.395,0.58557,3.15915,144.965226
FrodoKEM-640-AES_run02,active,46.1614,5.39625,0.576272,3.10971,145.004853
FrodoKEM-640-AES_run02,active,46.174145,5.3975,0.585212,3.158684,145.045111
FrodoKEM-640-AES_run02,active,46.186898,5.39625,0.58253,3.14348,145.085198
FrodoKEM-640-AES_run02,active,46.199654,5.39625,0.585212,3.157952,145.125482
FrodoKEM-640-AES_run02,active,46.212441,5.39875,0.576451,3.112116,145.165278
FrodoKEM-640-AES_run02,active,46.225187,5.38375,0.585391,3.1516,145.205449
FrodoKEM-640-AES_run02,active,46.237933,5.39625,0.58557,3.159882,145.245724
FrodoKEM-640-AES_run02,active,46.250679,5.39625,0.576988,3.113569,145.285408
FrodoKEM-640-AES_run02,active,46.263426,5.3975,0.576451,3.111395,145.32507
FrodoKEM-640-AES_run02,active,46.276171,5.39625,0.582709,3.144445,145.365147
FrodoKEM-640-AES_run02,active,46.288916,5.395,0.585928,3.161079,145.405433
FrodoKEM-640-AES_run02,active,46.301669,5.39625,0.577166,3.114534,145.445153
FrodoKEM-640-AES_run02,active,46.314418,5.39625,0.585749,3.160847,145.485452
FrodoKEM-640-AES_run02,active,46.327165,5.38,0.584855,3.146519,145.525561
FrodoKEM-640-AES_run02,active,46.339911,5.39625,0.585212,3.157952,145.565811
FrodoKEM-640-AES_run02,active,46.352654,5.39625,0.576809,3.112604,145.605475
FrodoKEM-640-AES_run02,active,46.365397,5.39375,0.585391,3.157454,145.645712
FrodoKEM-640-AES_run02,active,46.378143,5.3975,0.584497,3.154824,145.685922
FrodoKEM-640-AES_run02,active,46.390887,5.395,0.586106,3.162044,145.72622
FrodoKEM-640-AES_run02,active,46.403639,5.39625,0.576451,3.110675,145.765887
FrodoKEM-640-AES_run02,active,46.416417,5.4025,0.585212,3.16161,145.806285
FrodoKEM-640-AES_run02,active,46.429165,5.3825,0.585928,3.153755,145.846489
FrodoKEM-640-AES_run02,active,46.44191,5.3975,0.577345,3.116221,145.886206
FrodoKEM-640-AES_run02,active,46.454655,5.39625,0.586285,3.163742,145.926527
FrodoKEM-640-AES_run02,active,46.467402,5.39625,0.587716,3.17146,145.966954
FrodoKEM-640-AES_run02,active,46.480147,5.3975,0.585212,3.158684,146.007212
FrodoKEM-640-AES_run02,active,46.492893,5.39625,0.577524,3.116464,146.046933
FrodoKEM-640-AES_run02,active,46.505644,5.39625,0.589682,3.182074,146.087509
FrodoKEM-640-AES_run02,active,46.518393,5.39625,0.585212,3.157952,146.12777
FrodoKEM-640-AES_run02,active,46.531141,5.38,0.58557,3.150367,146.16793
FrodoKEM-640-AES_run02,active,46.543887,5.39625,0.577166,3.114534,146.207627
FrodoKEM-640-AES_run02,active,46.556627,5.3925,0.585749,3.15865,146.247869
FrodoKEM-640-AES_run02,active,46.569373,5.39625,0.585212,3.157952,146.288119
FrodoKEM-640-AES_run02,active,46.582116,5.39625,0.577345,3.115499,146.327822
FrodoKEM-640-AES_run02,active,46.594871,5.39625,0.59147,3.191722,146.36853
FrodoKEM-640-AES_run02,active,46.607663,5.395,0.589146,3.178443,146.409191
FrodoKEM-640-AES_run02,active,46.62046,5.39625,0.584855,3.156023,146.449578
FrodoKEM-640-AES_run02,active,46.633215,5.36625,0.576272,3.092422,146.489022
FrodoKEM-640-AES_run02,active,46.645975,5.39,0.586106,3.159113,146.529332
FrodoKEM-640-AES_run02,active,46.658739,5.3975,0.584318,3.153859,146.569586
FrodoKEM-640-AES_run02,active,46.671493,5.39875,0.584676,3.15652,146.609845
FrodoKEM-640-AES_run02,active,46.68424,5.39625,0.577703,3.117429,146.649585
FrodoKEM-640-AES_run02,active,46.697009,5.39625,0.586643,3.165671,146.690007
FrodoKEM-640-AES_run02,active,46.709766,5.39625,0.586106,3.162777,146.730355
FrodoKEM-640-AES_run02,active,46.722521,5.39625,0.577166,3.114534,146.77008
FrodoKEM-640-AES_run02,active,46.735275,5.39625,0.58253,3.14348,146.810171
FrodoKEM-640-AES_run02,active,46.748022,5.3975,0.585034,3.157719,146.850422
FrodoKEM-640-AES_run02,active,46.760765,5.3975,0.585212,3.158684,146.890673
FrodoKEM-640-AES_run02,active,46.77351,5.39875,0.577703,3.118873,146.930423
FrodoKEM-640-AES_run02,active,46.786255,5.39625,0.588788,3.177249,146.970917
FrodoKEM-640-AES_run02,active,46.798998,5.39625,0.587537,3.170495,147.01132
FrodoKEM-640-AES_run02,active,46.811751,5.3975,0.585391,3.159649,147.051614
FrodoKEM-640-AES_run02,active,46.824498,5.39625,0.576451,3.110675,147.091268
FrodoKEM-640-AES_run02,active,46.837243,5.395,0.585749,3.160115,147.131544
FrodoKEM-640-AES_run02,active,46.849988,5.3975,0.585212,3.158684,147.1718
FrodoKEM-640-AES_run02,active,46.862734,5.395,0.57663,3.110919,147.211452
FrodoKEM-640-AES_run02,active,46.875481,5.39625,0.576809,3.112604,147.251128
FrodoKEM-640-AES_run02,active,46.888223,5.39625,0.586106,3.162777,147.291427
FrodoKEM-640-AES_run02,active,46.900966,5.3975,0.585034,3.157719,147.331667
FrodoKEM-640-AES_run02,active,46.913753,5.3975,0.57663,3.11236,147.371464
FrodoKEM-640-AES_run02,active,46.926504,5.39,0.585391,3.155259,147.411696
FrodoKEM-640-AES_run02,active,46.939252,5.39625,0.584855,3.156023,147.451932
FrodoKEM-640-AES_run02,active,46.951998,5.39625,0.585749,3.160847,147.492219
FrodoKEM-640-AES_run02,idle_post,46.964854,5.39375,0.434484,2.343498,147.492257
FrodoKEM-640-AES_run02,idle_post,46.977621,5.39875,0.434126,2.34374,147.522179
FrodoKEM-640-AES_run02,idle_post,46.990359,5.3975,0.432517,2.334512,147.551917
FrodoKEM-640-AES_run02,idle_post,47.003123,5.3975,0.431981,2.331616,147.581678
FrodoKEM-640-AES_run02,idle_post,47.015871,5.39375,0.431266,2.326139,147.611332
FrodoKEM-640-AES_run02,idle_post,47.028609,5.39625,0.43502,2.347479,147.641234
FrodoKEM-640-AES_run02,idle_post,47.04135,5.39625,0.433769,2.340725,147.671055
FrodoKEM-640-AES_run02,idle_post,47.054087,5.39625,0.433411,2.338795,147.700846
FrodoKEM-640-AES_run02,idle_post,47.066821,5.39625,0.437702,2.361952,147.730924
FrodoKEM-640-AES_run02,idle_post,47.079557,5.3975,0.433769,2.341267,147.760741
FrodoKEM-640-AES_run02,idle_post,47.092289,5.39625,0.434305,2.343619,147.79058
FrodoKEM-640-AES_run02,idle_post,47.105021,5.39625,0.433411,2.338795,147.820358
FrodoKEM-640-AES_run02,idle_post,47.117762,5.39875,0.433769,2.341809,147.850194
FrodoKEM-640-AES_run02,idle_post,47.1305,5.3925,0.433948,2.340062,147.880003
FrodoKEM-640-AES_run02,idle_post,47.143238,5.39625,0.433769,2.340725,147.909817
FrodoKEM-640-AES_run02,idle_post,47.155973,5.395,0.432338,2.332466,147.939522
FrodoKEM-640-AES_run02,idle_post,47.168704,5.39875,0.434126,2.34374,147.969362
FrodoKEM-640-AES_run02,idle_post,47.181448,5.39875,0.433769,2.341809,147.999205
FrodoKEM-640-AES_run02,idle_post,47.194188,5.39625,0.434126,2.342655,148.02905
FrodoKEM-640-AES_run02,idle_post,47.206924,5.39625,0.432875,2.335901,148.058799
FrodoKEM-640-AES_run02,idle_post,47.219669,5.39625,0.432875,2.335901,148.088571
FrodoKEM-640-AES_run02,idle_post,47.232451,5.3975,0.433769,2.341267,148.118497
FrodoKEM-640-AES_run02,idle_post,47.245186,5.3975,0.433769,2.341267,148.148313
FrodoKEM-640-AES_run02,idle_post,47.25792,5.3975,0.434126,2.343197,148.178151
FrodoKEM-640-AES_run02,idle_post,47.273522,5.3975,0.43502,2.348023,148.214786
FrodoKEM-640-AES_run02,idle_post,47.286278,5.3975,0.435378,2.349953,148.244762
FrodoKEM-640-AES_run02,idle_post,47.299015,5.39625,0.438239,2.364846,148.274882
FrodoKEM-640-AES_run02,idle_post,47.311752,5.39625,0.433948,2.34169,148.304708
FrodoKEM-640-AES_run02,idle_post,47.324491,5.3975,0.433948,2.342232,148.334545
FrodoKEM-640-AES_run02,idle_post,47.337228,5.39625,0.436808,2.357127,148.364569
FrodoKEM-640-AES_run02,idle_post,47.349963,5.38125,0.433948,2.335181,148.394307
FrodoKEM-640-AES_run02,idle_post,47.362697,5.39625,0.433769,2.340725,148.424114
FrodoKEM-640-AES_run02,idle_post,47.375432,5.39625,0.431087,2.326252,148.45374
FrodoKEM-640-AES_run02,idle_post,47.388166,5.3875,0.43359,2.335966,148.483486
FrodoKEM-640-AES_run02,idle_post,47.400896,5.39875,0.433769,2.341809,148.513296
FrodoKEM-640-AES_run02,idle_post,47.413629,5.39625,0.433948,2.34169,148.543113
FrodoKEM-640-AES_run02,idle_post,47.426369,5.3975,0.429656,2.31907,148.572658
FrodoKEM-640-AES_run02,idle_post,47.439135,5.3975,0.433769,2.341267,148.602547
FrodoKEM-640-AES_run02,idle_post,47.451871,5.395,0.43359,2.339218,148.63234
FrodoKEM-640-AES_run02,idle_post,47.464603,5.3975,0.433054,2.337407,148.6621
FrodoKEM-640-AES_run02,idle_post,47.477337,5.3975,0.433948,2.342232,148.691925
FrodoKEM-640-AES_run02,idle_post,47.49007,5.39625,0.434126,2.342655,148.721753
FrodoKEM-640-AES_run02,idle_post,47.502802,5.39625,0.433769,2.340725,148.751556
FrodoKEM-640-AES_run02,idle_post,47.515543,5.395,0.43502,2.346935,148.781459
FrodoKEM-640-AES_run02,idle_post,47.528282,5.3975,0.434663,2.346092,148.811346
FrodoKEM-640-AES_run02,idle_post,47.54102,5.3975,0.434663,2.346092,148.84123
FrodoKEM-640-AES_run02,idle_post,47.553754,5.39375,0.433769,2.33964,148.871022
FrodoKEM-640-AES_run02,idle_post,47.566487,5.395,0.435378,2.348864,148.900932
FrodoKEM-640-AES_run02,idle_post,47.579223,5.39625,0.43359,2.33976,148.93073
FrodoKEM-640-AES_run02,idle_post,47.591958,5.4,0.43359,2.341386,148.960548
