run_id,phase,time_s,voltage_v,current_a,power_w,energy_j
FrodoKEM-640-AES_run20,active,0.000505,5.38125,0.576451,3.102028,3.3e-05
FrodoKEM-640-AES_run20,active,0.013354,5.38375,0.584318,3.145824,0.040453
FrodoKEM-640-AES_run20,active,0.026114,5.38125,0.588788,3.168418,0.080883
FrodoKEM-640-AES_run20,active,0.038896,5.38375,0.587894,3.165076,0.121338
FrodoKEM-640-AES_run20,active,0.051645,5.3825,0.580027,3.121996,0.161142
FrodoKEM-640-AES_run20,active,0.064394,5.37875,0.583961,3.140979,0.201186
FrodoKEM-640-AES_run20,active,0.077137,5.38375,0.590755,3.180478,0.241715
FrodoKEM-640-AES_run20,active,0.089882,5.385,0.590576,3.180254,0.282247
FrodoKEM-640-AES_run20,active,0.102625,5.38375,0.58253,3.136198,0.322211
FrodoKEM-640-AES_run20,active,0.115367,5.385,0.593795,3.197585,0.362955
FrodoKEM-640-AES_run20,active,0.128109,5.38375,0.59147,3.184329,0.40353
FrodoKEM-640-AES_run20,active,0.140851,5.3825,0.590576,3.178777,0.444034
FrodoKEM-640-AES_run20,active,0.153621,5.38,0.583246,3.137861,0.484104
FrodoKEM-640-AES_run20,active,0.166369,5.38,0.588967,3.168644,0.524498
FrodoKEM-640-AES_run20,active,0.179109,5.3825,0.589861,3.174928,0.564948
FrodoKEM-640-AES_run20,active,0.191859,5.38375,0.583424,3.141011,0.604993
FrodoKEM-640-AES_run20,active,0.204605,5.385,0.583067,3.139815,0.645016
FrodoKEM-640-AES_run20,active,0.217351,5.38375,0.590755,3.180478,0.685552
FrodoKEM-640-AES_run20,active,0.230093,5.38125,0.589325,3.171304,0.725963
FrodoKEM-640-AES_run20,active,0.242834,5.385,0.583246,3.140778,0.765977
FrodoKEM-640-AES_run20,active,0.255573,5.3875,0.596119,3.211592,0.80689
FrodoKEM-640-AES_run20,active,0.268319,5.385,0.59004,3.177365,0.847389
FrodoKEM-640-AES_run20,active,0.281061,5.38375,0.590219,3.17759,0.887879
FrodoKEM-640-AES_run20,active,0.293812,5.385,0.583067,3.139815,0.927914
FrodoKEM-640-AES_run20,active,0.306557,5.38375,0.592007,3.187217,0.968536
FrodoKEM-640-AES_run20,active,0.319297,5.3825,0.59004,3.17589,1.008997
FrodoKEM-640-AES_run20,active,0.332044,5.3825,0.582709,3.136432,1.048976
FrodoKEM-640-AES_run20,active,0.344784,5.38375,0.583961,3.143899,1.08903
FrodoKEM-640-AES_run20,active,0.357528,5.38375,0.59147,3.184329,1.129611
FrodoKEM-640-AES_run20,active,0.370273,5.38375,0.589861,3.175665,1.170084
FrodoKEM-640-AES_run20,active,0.383011,5.38375,0.583246,3.140048,1.210083
FrodoKEM-640-AES_run20,active,0.395759,5.38375,0.595404,3.205506,1.250948
FrodoKEM-640-AES_run20,active,0.408505,5.385,0.590755,3.181217,1.291494
FrodoKEM-640-AES_run20,active,0.421247,5.3825,0.590219,3.176853,1.331975
FrodoKEM-640-AES_run20,active,0.433991,5.385,0.58253,3.136926,1.371949
FrodoKEM-640-AES_run20,active,0.44673,5.38375,0.591292,3.183366,1.412502
FrodoKEM-640-AES_run20,active,0.4595,5.385,0.589861,3.176403,1.453065
FrodoKEM-640-AES_run20,active,0.472246,5.3825,0.588431,3.167229,1.493436
FrodoKEM-640-AES_run20,active,0.48499,5.38125,0.580921,3.126082,1.533274
FrodoKEM-640-AES_run20,active,0.497741,5.385,0.590755,3.181217,1.573838
FrodoKEM-640-AES_run20,active,0.510487,5.38375,0.59004,3.176628,1.614328
FrodoKEM-640-AES_run20,active,0.523229,5.38375,0.580385,3.124647,1.65414
FrodoKEM-640-AES_run20,active,0.53597,5.385,0.591292,3.184105,1.69471
FrodoKEM-640-AES_run20,active,0.548711,5.3825,0.591113,3.181665,1.735248
FrodoKEM-640-AES_run20,active,0.561452,5.38125,0.590576,3.178039,1.77574
FrodoKEM-640-AES_run20,active,0.574195,5.3825,0.583424,3.140282,1.815757
FrodoKEM-640-AES_run20,active,0.586936,5.3825,0.591113,3.181665,1.856294
FrodoKEM-640-AES_run20,active,0.599684,5.385,0.589861,3.176403,1.896788
FrodoKEM-640-AES_run20,active,0.61243,5.385,0.583961,3.144629,1.936868
FrodoKEM-640-AES_run20,active,0.625172,5.38875,0.580921,3.130439,1.976757
FrodoKEM-640-AES_run20,active,0.637915,5.3825,0.591113,3.181665,2.0173
FrodoKEM-640-AES_run20,active,0.650655,5.38375,0.590755,3.180478,2.05782
FrodoKEM-640-AES_run20,active,0.663396,5.38375,0.582709,3.137161,2.09779
FrodoKEM-640-AES_run20,active,0.676146,5.38125,0.590934,3.179964,2.138334
FrodoKEM-640-AES_run20,active,0.688893,5.3825,0.591113,3.181665,2.17889
FrodoKEM-640-AES_run20,active,0.701673,5.38375,0.590576,3.179516,2.219525
FrodoKEM-640-AES_run20,active,0.714419,5.38625,0.582709,3.138617,2.25953
FrodoKEM-640-AES_run20,active,0.72716,5.38375,0.590934,3.181441,2.300065
FrodoKEM-640-AES_run20,active,0.739902,5.38125,0.589682,3.173228,2.340497
FrodoKEM-640-AES_run20,active,0.752645,5.37875,0.591113,3.179448,2.381013
FrodoKEM-640-AES_run20,active,0.765782,5.38125,0.582709,3.135704,2.422208
FrodoKEM-640-AES_run20,active,0.778633,5.38375,0.591113,3.182404,2.463106
FrodoKEM-640-AES_run20,active,0.791385,5.38375,0.589504,3.17374,2.503578
FrodoKEM-640-AES_run20,active,0.804167,5.3875,0.584676,3.149942,2.543839
FrodoKEM-640-AES_run20,active,0.816918,5.38375,0.592722,3.191067,2.584528
FrodoKEM-640-AES_run20,active,0.829669,5.3825,0.590934,3.180702,2.625084
FrodoKEM-640-AES_run20,active,0.842414,5.38375,0.589682,3.174703,2.665545
FrodoKEM-640-AES_run20,active,0.855154,5.38,0.587179,3.159024,2.705794
FrodoKEM-640-AES_run20,active,0.867896,5.38,0.591649,3.183073,2.746352
FrodoKEM-640-AES_run20,active,0.880636,5.385,0.590934,3.18218,2.786893
FrodoKEM-640-AES_run20,active,0.893375,5.38375,0.587,3.160263,2.82715
FrodoKEM-640-AES_run20,active,0.906124,5.38375,0.586106,3.15545,2.86738
FrodoKEM-640-AES_run20,active,0.918914,5.385,0.59147,3.185068,2.908116
FrodoKEM-640-AES_run20,active,0.931657,5.38375,0.590219,3.17759,2.948609
FrodoKEM-640-AES_run20,active,0.944398,5.38375,0.581279,3.12946,2.988483
FrodoKEM-640-AES_run20,active,0.957137,5.38375,0.590755,3.180478,3.028999
FrodoKEM-640-AES_run20,active,0.969878,5.38375,0.590755,3.180478,3.06952
FrodoKEM-640-AES_run20,active,0.982622,5.385,0.590755,3.181217,3.11006
FrodoKEM-640-AES_run20,active,0.99537,5.3825,0.479184,2.579208,3.142941
FrodoKEM-640-AES_run20,active,1.008149,5.385,0.478826,2.57848,3.175892
FrodoKEM-640-AES_run20,active,1.020902,5.38375,0.482581,2.598097,3.209026
FrodoKEM-640-AES_run20,active,1.033648,5.38375,0.484369,2.607723,3.242262
FrodoKEM-640-AES_run20,active,1.046389,5.38375,0.482402,2.597134,3.275353
FrodoKEM-640-AES_run20,active,1.059124,5.3825,0.48276,2.598456,3.308445
FrodoKEM-640-AES_run20,active,1.071865,5.3825,0.478648,2.576321,3.34127
FrodoKEM-640-AES_run20,active,1.084604,5.38375,0.479899,2.583657,3.374183
FrodoKEM-640-AES_run20,active,1.09735,5.38125,0.590576,3.178039,3.414688
FrodoKEM-640-AES_run20,active,1.110101,5.38125,0.590219,3.176115,3.455188
FrodoKEM-640-AES_run20,active,1.122845,5.3825,0.582352,3.134507,3.495135
FrodoKEM-640-AES_run20,active,1.135586,5.38,0.587179,3.159024,3.535385
FrodoKEM-640-AES_run20,active,1.148325,5.385,0.592186,3.188919,3.576005
FrodoKEM-640-AES_run20,active,1.161064,5.3825,0.589325,3.172041,3.616415
FrodoKEM-640-AES_run20,active,1.173807,5.38625,0.584318,3.147285,3.656522
FrodoKEM-640-AES_run20,active,1.186551,5.38375,0.591113,3.182404,3.697078
FrodoKEM-640-AES_run20,active,1.19929,5.385,0.59147,3.185068,3.737653
FrodoKEM-640-AES_run20,active,1.212037,5.38375,0.589146,3.171815,3.778082
FrodoKEM-640-AES_run20,active,1.224778,5.3775,0.579491,3.116212,3.817789
FrodoKEM-640-AES_run20,active,1.237518,5.385,0.59147,3.185068,3.858365
FrodoKEM-640-AES_run20,active,1.25026,5.3825,0.590219,3.176853,3.898843
FrodoKEM-640-AES_run20,active,1.262997,5.3825,0.583424,3.140282,3.938843
FrodoKEM-640-AES_run20,active,1.278303,5.3825,0.591649,3.184552,3.987584
FrodoKEM-640-AES_run20,active,1.29106,5.38375,0.591292,3.183366,4.028194
FrodoKEM-640-AES_run20,active,1.303803,5.3825,0.589504,3.173003,4.06863
FrodoKEM-640-AES_run20,active,1.316553,5.38375,0.583603,3.141974,4.108688
FrodoKEM-640-AES_run20,active,1.329296,5.38375,0.591292,3.183366,4.149255
FrodoKEM-640-AES_run20,active,1.34204,5.3825,0.589682,3.173966,4.189703
FrodoKEM-640-AES_run20,active,1.35478,5.38,0.591113,3.180187,4.230218
FrodoKEM-640-AES_run20,active,1.367517,5.38375,0.582888,3.138123,4.270191
FrodoKEM-640-AES_run20,active,1.380257,5.38625,0.591649,3.186771,4.310789
FrodoKEM-640-AES_run20,active,1.392997,5.38375,0.59147,3.184329,4.351355
FrodoKEM-640-AES_run20,active,1.405736,5.38375,0.582352,3.135235,4.391296
FrodoKEM-640-AES_run20,active,1.418482,5.385,0.591113,3.183142,4.431868
FrodoKEM-640-AES_run20,active,1.431223,5.385,0.59147,3.185068,4.472449
FrodoKEM-640-AES_run20,active,1.443962,5.385,0.591113,3.183142,4.513001
FrodoKEM-640-AES_run20,active,1.456703,5.3825,0.582709,3.136432,4.55296
FrodoKEM-640-AES_run20,active,1.469442,5.3825,0.592007,3.186477,4.593555
FrodoKEM-640-AES_run20,active,1.482183,5.385,0.590219,3.178328,4.634049
FrodoKEM-640-AES_run20,active,1.494922,5.38,0.590576,3.177301,4.674524
FrodoKEM-640-AES_run20,active,1.50766,5.3825,0.582709,3.136432,4.714478
FrodoKEM-640-AES_run20,active,1.520405,5.3825,0.591292,3.182627,4.755039
FrodoKEM-640-AES_run20,active,1.533147,5.38875,0.590219,3.180542,4.795566
FrodoKEM-640-AES_run20,active,1.545889,5.375,0.583246,3.134945,4.835511
FrodoKEM-640-AES_run20,active,1.558628,5.38375,0.591292,3.183366,4.876064
FrodoKEM-640-AES_run20,active,1.571368,5.3825,0.591292,3.182627,4.916611
FrodoKEM-640-AES_run20,active,1.584108,5.38875,0.588967,3.173797,4.957043
FrodoKEM-640-AES_run20,active,1.596847,5.38375,0.583246,3.140048,4.997046
FrodoKEM-640-AES_run20,active,1.609627,5.38375,0.59147,3.184329,5.037741
FrodoKEM-640-AES_run20,active,1.62238,5.3825,0.589682,3.173966,5.078218
FrodoKEM-640-AES_run20,active,1.635123,5.39125,0.591292,3.187801,5.118843
FrodoKEM-640-AES_run20,active,1.647864,5.38375,0.583782,3.142936,5.158885
FrodoKEM-640-AES_run20,active,1.660602,5.39875,0.591113,3.19127,5.199536
FrodoKEM-640-AES_run20,active,1.673342,5.39625,0.590219,3.184968,5.240112
FrodoKEM-640-AES_run20,active,1.686085,5.39375,0.583067,3.144917,5.280187
FrodoKEM-640-AES_run20,active,1.698838,5.39625,0.583424,3.148304,5.320339
FrodoKEM-640-AES_run20,active,1.711578,5.39625,0.591649,3.192687,5.361014
FrodoKEM-640-AES_run20,active,1.724323,5.39875,0.590219,3.186444,5.401623
FrodoKEM-640-AES_run20,active,1.737067,5.39625,0.583603,3.149269,5.441759
FrodoKEM-640-AES_run20,active,1.749811,5.39625,0.591649,3.192687,5.482446
FrodoKEM-640-AES_run20,active,1.762551,5.39625,0.590398,3.185933,5.523035
FrodoKEM-640-AES_run20,active,1.775289,5.39625,0.593258,3.201371,5.563813
FrodoKEM-640-AES_run20,active,1.788028,5.39625,0.583424,3.148304,5.60392
FrodoKEM-640-AES_run20,active,1.80077,5.395,0.590219,3.18423,5.644494
FrodoKEM-640-AES_run20,active,1.813509,5.3975,0.587,3.168335,5.684855
FrodoKEM-640-AES_run20,active,1.826258,5.395,0.582709,3.143716,5.724933
FrodoKEM-640-AES_run20,active,1.838999,5.39875,0.587894,3.173895,5.765373
FrodoKEM-640-AES_run20,active,1.85174,5.3975,0.591113,3.190531,5.806023
FrodoKEM-640-AES_run20,active,1.864478,5.39625,0.59594,3.215843,5.846988
FrodoKEM-640-AES_run20,active,1.877217,5.39625,0.583961,3.151198,5.887131
FrodoKEM-640-AES_run20,active,1.889958,5.39875,0.591292,3.192236,5.927803
FrodoKEM-640-AES_run20,active,1.902696,5.3975,0.590219,3.185706,5.968383
FrodoKEM-640-AES_run20,active,1.915432,5.39875,0.591649,3.194166,6.009063
FrodoKEM-640-AES_run20,active,1.928212,5.39625,0.583603,3.149269,6.049309
FrodoKEM-640-AES_run20,active,1.940954,5.39625,0.592543,3.197511,6.090053
FrodoKEM-640-AES_run20,active,1.953696,5.39125,0.587537,3.167558,6.130414
FrodoKEM-640-AES_run20,active,1.966435,5.3975,0.583067,3.147103,6.170504
FrodoKEM-640-AES_run20,active,1.979172,5.39625,0.583603,3.149269,6.210619
FrodoKEM-640-AES_run20,active,1.99192,5.3975,0.591649,3.193427,6.251328
FrodoKEM-640-AES_run20,active,2.004675,5.4025,0.590755,3.191555,6.292036
FrodoKEM-640-AES_run20,active,2.017419,5.3975,0.583424,3.149033,6.332167
FrodoKEM-640-AES_run20,active,2.030169,5.395,0.590219,3.18423,6.372766
FrodoKEM-640-AES_run20,active,2.042914,5.4,0.591292,3.192975,6.41346
FrodoKEM-640-AES_run20,active,2.055656,5.3925,0.591113,3.187576,6.454076
FrodoKEM-640-AES_run20,active,2.068396,5.3975,0.583424,3.149033,6.494194
FrodoKEM-640-AES_run20,active,2.081134,5.39625,0.591113,3.189792,6.534828
FrodoKEM-640-AES_run20,active,2.093876,5.40125,0.590755,3.190817,6.575485
FrodoKEM-640-AES_run20,active,2.106614,5.39625,0.591113,3.189792,6.616116
FrodoKEM-640-AES_run20,active,2.119352,5.39625,0.583424,3.148304,6.656219
FrodoKEM-640-AES_run20,active,2.132099,5.39875,0.59147,3.193201,6.696921
FrodoKEM-640-AES_run20,active,2.144842,5.4025,0.590934,3.192521,6.737604
FrodoKEM-640-AES_run20,active,2.157614,5.39625,0.583067,3.146374,6.777791
FrodoKEM-640-AES_run20,active,2.170358,5.39875,0.592007,3.196097,6.818521
FrodoKEM-640-AES_run20,active,2.183095,5.4,0.591113,3.192009,6.859179
FrodoKEM-640-AES_run20,active,2.195836,5.39625,0.592007,3.194617,6.899879
FrodoKEM-640-AES_run20,active,2.208576,5.3975,0.584318,3.153859,6.940061
FrodoKEM-640-AES_run20,active,2.221315,5.3975,0.590755,3.188601,6.98068
FrodoKEM-640-AES_run20,active,2.234065,5.39625,0.595404,3.212949,7.021644
FrodoKEM-640-AES_run20,active,2.246808,5.39625,0.583961,3.151198,7.061802
FrodoKEM-640-AES_run20,active,2.25955,5.395,0.583424,3.147575,7.101908
FrodoKEM-640-AES_run20,active,2.272291,5.39625,0.591292,3.190757,7.142562
FrodoKEM-640-AES_run20,active,2.285033,5.39375,0.59147,3.190243,7.183209
FrodoKEM-640-AES_run20,active,2.297775,5.39375,0.581815,3.138166,7.223197
FrodoKEM-640-AES_run20,active,2.310514,5.39875,0.591113,3.19127,7.26385
FrodoKEM-640-AES_run20,active,2.323256,5.39875,0.588073,3.17486,7.304304
FrodoKEM-640-AES_run20,active,2.336003,5.39625,0.59004,3.184003,7.344893
FrodoKEM-640-AES_run20,active,2.348749,5.39625,0.583603,3.149269,7.385034
FrodoKEM-640-AES_run20,active,2.36149,5.3825,0.592186,3.187439,7.425644
FrodoKEM-640-AES_run20,active,2.374232,5.39625,0.584497,3.154093,7.465833
FrodoKEM-640-AES_run20,active,2.386972,5.39875,0.588967,3.179687,7.506341
FrodoKEM-640-AES_run20,active,2.399712,5.3975,0.583782,3.150963,7.546484
FrodoKEM-640-AES_run20,active,2.412452,5.3975,0.589682,3.182811,7.587034
FrodoKEM-640-AES_run20,active,2.425193,5.3975,0.589861,3.183776,7.627598
FrodoKEM-640-AES_run20,active,2.437942,5.3975,0.583603,3.149998,7.667758
FrodoKEM-640-AES_run20,active,2.450686,5.3975,0.589504,3.181846,7.708306
FrodoKEM-640-AES_run20,active,2.463448,5.3925,0.590398,3.183719,7.748938
FrodoKEM-640-AES_run20,active,2.476272,5.3975,0.589146,3.179916,7.789716
FrodoKEM-640-AES_run20,active,2.489019,5.39875,0.580921,3.136248,7.829697
FrodoKEM-640-AES_run20,active,2.501766,5.39625,0.589146,3.179179,7.870219
FrodoKEM-640-AES_run20,active,2.514508,5.395,0.589861,3.182301,7.910767
FrodoKEM-640-AES_run20,active,2.527246,5.39625,0.59004,3.184003,7.951326
FrodoKEM-640-AES_run20,active,2.539994,5.39625,0.583067,3.146374,7.991438
FrodoKEM-640-AES_run20,active,2.555522,5.39125,0.592901,3.196476,8.041072
FrodoKEM-640-AES_run20,active,2.568311,5.3975,0.590219,3.185706,8.081812
FrodoKEM-640-AES_run20,active,2.581058,5.395,0.583246,3.14661,8.121923
FrodoKEM-640-AES_run20,active,2.593804,5.3975,0.632594,3.414428,8.165442
FrodoKEM-640-AES_run20,active,2.606544,5.37375,0.596477,3.205317,8.20628
FrodoKEM-640-AES_run20,active,2.619285,5.39875,0.590398,3.187409,8.246889
FrodoKEM-640-AES_run20,active,2.632025,5.3975,0.583424,3.149033,8.28701
FrodoKEM-640-AES_run20,active,2.644775,5.3975,0.593437,3.203077,8.327849
FrodoKEM-640-AES_run20,active,2.657522,5.39625,0.589861,3.183039,8.368422
FrodoKEM-640-AES_run20,active,2.670265,5.3975,0.583961,3.151928,8.408587
FrodoKEM-640-AES_run20,active,2.683007,5.3975,0.583067,3.147103,8.448689
FrodoKEM-640-AES_run20,active,2.695765,5.39625,0.591649,3.192687,8.489419
FrodoKEM-640-AES_run20,active,2.708511,5.39625,0.595404,3.212949,8.530371
FrodoKEM-640-AES_run20,active,2.721247,5.39625,0.583067,3.146374,8.570446
FrodoKEM-640-AES_run20,active,2.734004,5.39375,0.584676,3.153596,8.610674
FrodoKEM-640-AES_run20,active,2.746752,5.39625,0.591649,3.192687,8.651375
FrodoKEM-640-AES_run20,active,2.759497,5.39625,0.590755,3.187863,8.692003
FrodoKEM-640-AES_run20,active,2.772239,5.39625,0.58414,3.152163,8.73217
FrodoKEM-640-AES_run20,active,2.784979,5.39625,0.591292,3.190757,8.772819
FrodoKEM-640-AES_run20,active,2.79772,5.3975,0.59004,3.184741,8.813395
FrodoKEM-640-AES_run20,active,2.810456,5.39375,0.592364,3.195065,8.854089
FrodoKEM-640-AES_run20,active,2.823196,5.3975,0.5811,3.136487,8.894049
FrodoKEM-640-AES_run20,active,2.835937,5.39625,0.591292,3.190757,8.9347
FrodoKEM-640-AES_run20,active,2.848683,5.39875,0.598801,3.232778,8.975906
FrodoKEM-640-AES_run20,active,2.861426,5.3725,0.582352,3.128684,9.015774
FrodoKEM-640-AES_run20,active,2.874169,5.395,0.593258,3.200629,9.056561
FrodoKEM-640-AES_run20,active,2.886907,5.39875,0.591649,3.194166,9.097249
FrodoKEM-640-AES_run20,active,2.899647,5.39625,0.589861,3.183039,9.137798
FrodoKEM-640-AES_run20,active,2.912385,5.39875,0.585749,3.162311,9.178081
FrodoKEM-640-AES_run20,active,2.925122,5.4,0.591292,3.192975,9.218751
FrodoKEM-640-AES_run20,active,2.937866,5.39875,0.59147,3.193201,9.259443
FrodoKEM-640-AES_run20,active,2.950612,5.3975,0.585749,3.161579,9.299743
FrodoKEM-640-AES_run20,active,2.963354,5.4025,0.583246,3.150984,9.339891
FrodoKEM-640-AES_run20,active,2.976096,5.39875,0.592722,3.199958,9.380665
FrodoKEM-640-AES_run20,active,2.988846,5.39625,0.590219,3.184968,9.421275
FrodoKEM-640-AES_run20,active,3.001621,5.395,0.583603,3.148539,9.461497
FrodoKEM-640-AES_run20,active,3.014372,5.39875,0.593258,3.202854,9.502336
FrodoKEM-640-AES_run20,active,3.027114,5.39625,0.591113,3.189792,9.542982
FrodoKEM-640-AES_run20,active,3.039855,5.39625,0.590219,3.184968,9.583561
FrodoKEM-640-AES_run20,active,3.052603,5.39625,0.580027,3.129972,9.623462
FrodoKEM-640-AES_run20,active,3.065347,5.39625,0.59147,3.191722,9.664135
FrodoKEM-640-AES_run20,active,3.078092,5.3975,0.590576,3.187636,9.704762
FrodoKEM-640-AES_run20,active,3.090829,5.39125,0.590934,3.185873,9.74534
FrodoKEM-640-AES_run20,active,3.103567,5.39625,0.581279,3.136726,9.785297
FrodoKEM-640-AES_run20,active,3.116307,5.395,0.593974,3.204488,9.826123
FrodoKEM-640-AES_run20,active,3.129048,5.3975,0.590219,3.185706,9.866712
FrodoKEM-640-AES_run20,active,3.141791,5.39875,0.583603,3.150728,9.906862
FrodoKEM-640-AES_run20,active,3.15454,5.39625,0.587894,3.172425,9.947306
FrodoKEM-640-AES_run20,active,3.167283,5.39625,0.59147,3.191722,9.987977
FrodoKEM-640-AES_run20,active,3.180022,5.39625,0.589682,3.182074,10.028514
FrodoKEM-640-AES_run20,active,3.192762,5.39625,0.587,3.167601,10.068868
FrodoKEM-640-AES_run20,active,3.205501,5.39625,0.59147,3.191722,10.10953
FrodoKEM-640-AES_run20,active,3.218243,5.3975,0.595046,3.211763,10.150453
FrodoKEM-640-AES_run20,active,3.230983,5.39625,0.590755,3.187863,10.191067
FrodoKEM-640-AES_run20,active,3.243724,5.39625,0.588252,3.174355,10.231511
FrodoKEM-640-AES_run20,active,3.256472,5.395,0.59147,3.190983,10.272188
FrodoKEM-640-AES_run20,active,3.269216,5.3975,0.589861,3.183776,10.312764
FrodoKEM-640-AES_run20,active,3.281958,5.39625,0.579133,3.125148,10.352584
FrodoKEM-640-AES_run20,active,3.294698,5.39125,0.591113,3.186837,10.393184
FrodoKEM-640-AES_run20,active,3.307438,5.39875,0.59147,3.193201,10.433866
FrodoKEM-640-AES_run20,active,3.320219,5.39625,0.592007,3.194617,10.474698
FrodoKEM-640-AES_run20,active,3.33296,5.39125,0.579312,3.123216,10.514488
FrodoKEM-640-AES_run20,active,3.345701,5.39625,0.590755,3.187863,10.555107
FrodoKEM-640-AES_run20,active,3.358449,5.39625,0.589682,3.182074,10.59567
FrodoKEM-640-AES_run20,active,3.371191,5.39625,0.589682,3.182074,10.636216
FrodoKEM-640-AES_run20,active,3.383932,5.3975,0.583782,3.150963,10.676363
FrodoKEM-640-AES_run20,active,3.396672,5.3975,0.591649,3.193427,10.717048
FrodoKEM-640-AES_run20,active,3.409412,5.39625,0.590576,3.186898,10.75765
FrodoKEM-640-AES_run20,active,3.422153,5.40625,0.583067,3.152205,10.797812
FrodoKEM-640-AES_run20,active,3.434919,5.3975,0.587358,3.170265,10.838283
FrodoKEM-640-AES_run20,active,3.44766,5.39625,0.591292,3.190757,10.878935
FrodoKEM-640-AES_run20,active,3.460406,5.39625,0.592364,3.196546,10.919681
FrodoKEM-640-AES_run20,active,3.473149,5.39375,0.585391,3.157454,10.959914
FrodoKEM-640-AES_run20,active,3.48589,5.395,0.590755,3.187124,11.000523
FrodoKEM-640-AES_run20,active,3.498632,5.395,0.592901,3.1987,11.041279
FrodoKEM-640-AES_run20,active,3.511369,5.40125,0.589861,3.185988,11.081859
FrodoKEM-640-AES_run20,active,3.524107,5.39875,0.584676,3.15652,11.122068
FrodoKEM-640-AES_run20,active,3.536848,5.3975,0.59147,3.192461,11.162743
FrodoKEM-640-AES_run20,active,3.549616,5.3975,0.590219,3.185706,11.203416
FrodoKEM-640-AES_run20,active,3.562365,5.40375,0.58253,3.147849,11.24355
FrodoKEM-640-AES_run20,active,3.575107,5.3975,0.585391,3.159649,11.28381
FrodoKEM-640-AES_run20,active,3.587847,5.39875,0.59147,3.193201,11.324491
FrodoKEM-640-AES_run20,active,3.600587,5.39625,0.590219,3.184968,11.365069
FrodoKEM-640-AES_run20,active,3.613328,5.4,0.583603,3.151457,11.405219
FrodoKEM-640-AES_run20,active,3.626068,5.39875,0.59451,3.209611,11.446111
FrodoKEM-640-AES_run20,active,3.638807,5.3975,0.590219,3.185706,11.486693
FrodoKEM-640-AES_run20,active,3.651547,5.39625,0.590398,3.185933,11.527283
FrodoKEM-640-AES_run20,active,3.664294,5.3975,0.580564,3.133592,11.567227
FrodoKEM-640-AES_run20,active,3.677038,5.39625,0.590934,3.188828,11.607864
FrodoKEM-640-AES_run20,active,3.689806,5.39625,0.590576,3.186898,11.648554
FrodoKEM-640-AES_run20,active,3.702635,5.395,0.581815,3.138893,11.688825
FrodoKEM-640-AES_run20,active,3.715402,5.3975,0.583603,3.149998,11.729039
FrodoKEM-640-AES_run20,active,3.728148,5.39625,0.59755,3.224527,11.77014
FrodoKEM-640-AES_run20,active,3.740894,5.39625,0.590398,3.185933,11.810746
FrodoKEM-640-AES_run20,active,3.753638,5.3925,0.584676,3.152865,11.850929
FrodoKEM-640-AES_run20,active,3.766389,5.3975,0.592543,3.198252,11.891707
FrodoKEM-640-AES_run20,active,3.779133,5.39625,0.590755,3.187863,11.932336
FrodoKEM-640-AES_run20,active,3.791875,5.3975,0.587358,3.170265,11.972729
FrodoKEM-640-AES_run20,active,3.804612,5.38125,0.583603,3.140515,12.012732
FrodoKEM-640-AES_run20,active,3.817356,5.395,0.591113,3.189054,12.053372
FrodoKEM-640-AES_run20,active,3.832831,5.39125,0.589861,3.180089,12.102584
FrodoKEM-640-AES_run20,active,3.845633,5.39625,0.582709,3.144445,12.14284
FrodoKEM-640-AES_run20,active,3.858384,5.39625,0.587358,3.169531,12.183255
FrodoKEM-640-AES_run20,active,3.871133,5.39625,0.591113,3.189792,12.223919
FrodoKEM-640-AES_run20,active,3.883879,5.39125,0.590398,3.182981,12.26449
FrodoKEM-640-AES_run20,active,3.896618,5.3975,0.583961,3.151928,12.304644
FrodoKEM-640-AES_run20,active,3.909357,5.3975,0.591292,3.191496,12.3453
FrodoKEM-640-AES_run20,active,3.9221,5.40375,0.591292,3.195192,12.386016
FrodoKEM-640-AES_run20,active,3.934838,5.3975,0.594868,3.210798,12.426914
FrodoKEM-640-AES_run20,active,3.947575,5.395,0.583603,3.148539,12.467018
FrodoKEM-640-AES_run20,active,3.960313,5.3975,0.59147,3.192461,12.507685
FrodoKEM-640-AES_run20,active,3.973059,5.3975,0.59147,3.192461,12.548376
FrodoKEM-640-AES_run20,active,3.985805,5.39625,0.583067,3.146374,12.588478
FrodoKEM-640-AES_run20,active,3.998557,5.3975,0.591649,3.193427,12.6292
FrodoKEM-640-AES_run20,active,4.011322,5.39375,0.59451,3.206638,12.670134
FrodoKEM-640-AES_run20,active,4.024068,5.3975,0.593437,3.203077,12.710961
FrodoKEM-640-AES_run20,active,4.036809,5.39625,0.588252,3.174355,12.751406
FrodoKEM-640-AES_run20,active,4.049586,5.3975,0.591113,3.190531,12.79217
FrodoKEM-640-AES_run20,active,4.06233,5.3975,0.578776,3.123941,12.831982
FrodoKEM-640-AES_run20,active,4.075075,5.39625,0.590219,3.184968,12.872573
FrodoKEM-640-AES_run20,active,4.087818,5.39625,0.582709,3.144445,12.912642
FrodoKEM-640-AES_run20,active,4.100558,5.39625,0.589682,3.182074,12.953183
FrodoKEM-640-AES_run20,active,4.113298,5.395,0.588073,3.172655,12.993604
FrodoKEM-640-AES_run20,active,4.126041,5.3975,0.580564,3.133592,13.033534
FrodoKEM-640-AES_run20,active,4.138779,5.39625,0.584676,3.155058,13.073722
FrodoKEM-640-AES_run20,active,4.151519,5.3975,0.589861,3.183776,13.114284
FrodoKEM-640-AES_run20,active,4.164256,5.39625,0.590576,3.186898,13.154878
FrodoKEM-640-AES_run20,active,4.177003,5.39625,0.582709,3.144445,13.194959
FrodoKEM-640-AES_run20,active,4.189749,5.39625,0.591113,3.189792,13.235615
FrodoKEM-640-AES_run20,active,4.202489,5.39375,0.592007,3.193137,13.276296
FrodoKEM-640-AES_run20,active,4.215226,5.3975,0.592007,3.195357,13.316997
FrodoKEM-640-AES_run20,active,4.227966,5.3975,0.583961,3.151928,13.357152
FrodoKEM-640-AES_run20,active,4.240705,5.3975,0.592364,3.197287,13.397882
FrodoKEM-640-AES_run20,active,4.253446,5.39625,0.591113,3.189792,13.438522
FrodoKEM-640-AES_run20,active,4.266188,5.3975,0.583424,3.149033,13.478646
FrodoKEM-640-AES_run20,active,4.278932,5.39625,0.583424,3.148304,13.518769
FrodoKEM-640-AES_run20,active,4.291674,5.39625,0.592007,3.194617,13.559475
FrodoKEM-640-AES_run20,active,4.304414,5.39875,0.590219,3.186444,13.60007
FrodoKEM-640-AES_run20,active,4.317153,5.39625,0.583424,3.148304,13.640176
FrodoKEM-640-AES_run20,active,4.329891,5.39625,0.59147,3.191722,13.680832
FrodoKEM-640-AES_run20,active,4.34263,5.39625,0.591828,3.193652,13.721516
FrodoKEM-640-AES_run20,active,4.35537,5.3975,0.592364,3.197287,13.762251
FrodoKEM-640-AES_run20,active,4.368109,5.3975,0.583603,3.149998,13.802377
FrodoKEM-640-AES_run20,active,4.380854,5.39625,0.591828,3.193652,13.843081
FrodoKEM-640-AES_run20,active,4.393598,5.395,0.590576,3.18616,13.883685
FrodoKEM-640-AES_run20,active,4.406339,5.3975,0.582888,3.146138,13.923771
FrodoKEM-640-AES_run20,active,4.419076,5.39625,0.583782,3.150234,13.963896
FrodoKEM-640-AES_run20,active,4.431814,5.40125,0.592007,3.197577,14.004627
FrodoKEM-640-AES_run20,active,4.444554,5.39625,0.595225,3.211984,14.045546
FrodoKEM-640-AES_run20,active,4.457293,5.39625,0.583603,3.149269,14.085665
FrodoKEM-640-AES_run20,active,4.470033,5.39625,0.591649,3.192687,14.126341
FrodoKEM-640-AES_run20,active,4.482776,5.39625,0.590219,3.184968,14.166926
FrodoKEM-640-AES_run20,active,4.495517,5.39875,0.59147,3.193201,14.207609
FrodoKEM-640-AES_run20,active,4.508256,5.3975,0.584318,3.153859,14.247789
FrodoKEM-640-AES_run20,active,4.520994,5.39875,0.591292,3.192236,14.288451
FrodoKEM-640-AES_run20,active,4.533734,5.39625,0.590934,3.188828,14.329076
FrodoKEM-640-AES_run20,active,4.546472,5.39625,0.594331,3.20716,14.36993
FrodoKEM-640-AES_run20,active,4.559209,5.39625,0.583603,3.149269,14.410041
FrodoKEM-640-AES_run20,active,4.571947,5.395,0.592007,3.193877,14.450724
FrodoKEM-640-AES_run20,active,4.584691,5.39625,0.590755,3.187863,14.491351
FrodoKEM-640-AES_run20,active,4.597433,5.39625,0.583424,3.148304,14.531466
FrodoKEM-640-AES_run20,active,4.610172,5.39625,0.591828,3.193652,14.57215
FrodoKEM-640-AES_run20,active,4.622909,5.39625,0.590576,3.186898,14.612743
FrodoKEM-640-AES_run20,active,4.635647,5.39625,0.590576,3.186898,14.653337
FrodoKEM-640-AES_run20,active,4.648385,5.39625,0.587179,3.168566,14.693696
FrodoKEM-640-AES_run20,active,4.661123,5.39625,0.593795,3.204265,14.734513
FrodoKEM-640-AES_run20,active,4.673862,5.39625,0.592007,3.194617,14.775209
FrodoKEM-640-AES_run20,active,4.6866,5.39125,0.590576,3.183945,14.815766
FrodoKEM-640-AES_run20,active,4.699352,5.39625,0.583067,3.146374,14.85589
FrodoKEM-640-AES_run20,active,4.712095,5.39375,0.586643,3.164205,14.896211
FrodoKEM-640-AES_run20,active,4.724836,5.38125,0.595404,3.204018,14.937035
FrodoKEM-640-AES_run20,active,4.737614,5.39875,0.583603,3.150728,14.977295
FrodoKEM-640-AES_run20,active,4.750358,5.3975,0.595046,3.211763,15.018225
FrodoKEM-640-AES_run20,active,4.763092,5.39625,0.592364,3.196546,15.058928
FrodoKEM-640-AES_run20,active,4.775831,5.36875,0.592186,3.179296,15.09943
FrodoKEM-640-AES_run20,active,4.788577,5.3975,0.584318,3.153859,15.139629
FrodoKEM-640-AES_run20,active,4.801321,5.3975,0.587537,3.17123,15.180042
FrodoKEM-640-AES_run20,active,4.814063,5.3975,0.590755,3.188601,15.220672
FrodoKEM-640-AES_run20,active,4.826801,5.3825,0.591649,3.184552,15.261237
FrodoKEM-640-AES_run20,active,4.839539,5.3975,0.58253,3.144208,15.301288
FrodoKEM-640-AES_run20,active,4.852278,5.4,0.591649,3.194906,15.341988
FrodoKEM-640-AES_run20,active,4.865018,5.39625,0.590398,3.185933,15.382576
FrodoKEM-640-AES_run20,active,4.877761,5.3975,0.583067,3.147103,15.42268
FrodoKEM-640-AES_run20,active,4.890507,5.3975,0.590576,3.187636,15.463309
FrodoKEM-640-AES_run20,active,4.903248,5.395,0.591649,3.191947,15.503979
FrodoKEM-640-AES_run20,active,4.915989,5.39625,0.590755,3.187863,15.544594
FrodoKEM-640-AES_run20,active,4.928728,5.38375,0.583961,3.143899,15.584645
FrodoKEM-640-AES_run20,active,4.941467,5.39625,0.592543,3.197511,15.625379
FrodoKEM-640-AES_run20,active,4.954211,5.395,0.595046,3.210275,15.66629
FrodoKEM-640-AES_run20,active,4.966948,5.3925,0.589861,3.180827,15.706803
FrodoKEM-640-AES_run20,active,4.979687,5.39625,0.582173,3.14155,15.746826
FrodoKEM-640-AES_run20,active,4.992441,5.40125,0.593974,3.2082,15.787742
FrodoKEM-640-AES_run20,active,5.0052,5.39625,0.59004,3.184003,15.828366
FrodoKEM-640-AES_run20,active,5.017954,5.39625,0.583782,3.150234,15.868545
FrodoKEM-640-AES_run20,active,5.030694,5.37875,0.583603,3.139056,15.908536
FrodoKEM-640-AES_run20,active,5.043436,5.39375,0.591649,3.191208,15.949198
FrodoKEM-640-AES_run20,active,5.056218,5.395,0.594689,3.208346,15.990207
FrodoKEM-640-AES_run20,active,5.068961,5.3975,0.583424,3.149033,16.030335
FrodoKEM-640-AES_run20,active,5.081703,5.39375,0.588967,3.176742,16.070814
FrodoKEM-640-AES_run20,active,5.094451,5.3975,0.590755,3.188601,16.111463
FrodoKEM-640-AES_run20,active,5.109941,5.3975,0.581458,3.138417,16.160075
FrodoKEM-640-AES_run20,active,5.122702,5.3975,0.583424,3.149033,16.20026
FrodoKEM-640-AES_run20,active,5.135445,5.39625,0.592543,3.197511,16.241007
FrodoKEM-640-AES_run20,active,5.148212,5.39625,0.590576,3.186898,16.281695
FrodoKEM-640-AES_run20,active,5.160953,5.3975,0.586106,3.163509,16.321999
FrodoKEM-640-AES_run20,active,5.173696,5.39875,0.591292,3.192236,16.36268
FrodoKEM-640-AES_run20,active,5.186436,5.39625,0.590219,3.184968,16.403254
FrodoKEM-640-AES_run20,active,5.19918,5.3975,0.590219,3.185706,16.443854
FrodoKEM-640-AES_run20,active,5.211925,5.3925,0.583603,3.14708,16.483962
FrodoKEM-640-AES_run20,active,5.224665,5.39625,0.591292,3.190757,16.524613
FrodoKEM-640-AES_run20,active,5.237404,5.38875,0.589861,3.178615,16.565105
FrodoKEM-640-AES_run20,active,5.250145,5.395,0.589861,3.182301,16.605651
FrodoKEM-640-AES_run20,active,5.262915,5.3975,0.584318,3.153859,16.645925
FrodoKEM-640-AES_run20,active,5.275655,5.39625,0.591292,3.190757,16.686578
FrodoKEM-640-AES_run20,active,5.288396,5.39875,0.590219,3.186444,16.727174
FrodoKEM-640-AES_run20,active,5.301143,5.39375,0.583246,3.145881,16.767275
FrodoKEM-640-AES_run20,active,5.313888,5.3975,0.591113,3.190531,16.80794
FrodoKEM-640-AES_run20,active,5.326629,5.39625,0.591113,3.189792,16.848581
FrodoKEM-640-AES_run20,active,5.339366,5.3925,0.590398,3.183719,16.889132
FrodoKEM-640-AES_run20,active,5.352105,5.39875,0.583424,3.149762,16.929257
FrodoKEM-640-AES_run20,active,5.364843,5.39625,0.59147,3.191722,16.969912
FrodoKEM-640-AES_run20,active,5.377611,5.3975,0.590398,3.186671,17.0106
FrodoKEM-640-AES_run20,active,5.390354,5.39,0.590398,3.182243,17.051152
FrodoKEM-640-AES_run20,active,5.4031,5.39625,0.583782,3.150234,17.091304
FrodoKEM-640-AES_run20,active,5.415842,5.39625,0.591649,3.192687,17.131984
FrodoKEM-640-AES_run20,active,5.42858,5.395,0.594868,3.209311,17.172866
FrodoKEM-640-AES_run20,active,5.44132,5.3875,0.583961,3.146089,17.212946
FrodoKEM-640-AES_run20,active,5.45406,5.39,0.592901,3.195735,17.253662
FrodoKEM-640-AES_run20,active,5.466801,5.3975,0.591113,3.190531,17.294311
FrodoKEM-640-AES_run20,active,5.479544,5.3925,0.588073,3.171185,17.334721
FrodoKEM-640-AES_run20,active,5.492284,5.3975,0.579848,3.129732,17.374595
FrodoKEM-640-AES_run20,active,5.505031,5.39625,0.592007,3.194617,17.415315
FrodoKEM-640-AES_run20,active,5.517776,5.395,0.590755,3.187124,17.455936
FrodoKEM-640-AES_run20,active,5.530519,5.4025,0.59308,3.204113,17.496764
FrodoKEM-640-AES_run20,active,5.543256,5.3825,0.583603,3.141244,17.536776
FrodoKEM-640-AES_run20,active,5.555996,5.39625,0.59147,3.191722,17.57744
FrodoKEM-640-AES_run20,active,5.568735,5.3975,0.590219,3.185706,17.61802
FrodoKEM-640-AES_run20,active,5.581474,5.39625,0.583782,3.150234,17.658151
FrodoKEM-640-AES_run20,active,5.594215,5.3975,0.593437,3.203077,17.698961
FrodoKEM-640-AES_run20,active,5.60696,5.39875,0.591292,3.192236,17.739646
FrodoKEM-640-AES_run20,active,5.619703,5.3975,0.58861,3.17702,17.780133
FrodoKEM-640-AES_run20,active,5.632445,5.39625,0.583961,3.151198,17.820285
FrodoKEM-640-AES_run20,active,5.645186,5.385,0.591828,3.186994,17.860889
FrodoKEM-640-AES_run20,active,5.657928,5.395,0.589504,3.180372,17.901414
FrodoKEM-640-AES_run20,active,5.670668,5.39625,0.59594,3.215843,17.942383
FrodoKEM-640-AES_run20,active,5.683406,5.39625,0.583424,3.148304,17.982489
FrodoKEM-640-AES_run20,active,5.696156,5.39625,0.591649,3.192687,18.023194
FrodoKEM-640-AES_run20,active,5.708904,5.3975,0.591113,3.190531,18.063868
FrodoKEM-640-AES_run20,active,5.721657,5.3975,0.58253,3.144208,18.103965
FrodoKEM-640-AES_run20,active,5.734398,5.395,0.583424,3.147575,18.144069
FrodoKEM-640-AES_run20,active,5.747137,5.3825,0.59147,3.183589,18.184623
FrodoKEM-640-AES_run20,active,5.75988,5.3925,0.588967,3.176006,18.225096
FrodoKEM-640-AES_run20,active,5.772622,5.39625,0.583424,3.148304,18.265212
FrodoKEM-640-AES_run20,active,5.785362,5.395,0.592007,3.193877,18.3059
FrodoKEM-640-AES_run20,active,5.798106,5.39625,0.590398,3.185933,18.346502
FrodoKEM-640-AES_run20,active,5.810851,5.395,0.589504,3.180372,18.387036
FrodoKEM-640-AES_run20,active,5.823593,5.3975,0.584676,3.155789,18.427247
FrodoKEM-640-AES_run20,active,5.836332,5.3975,0.59147,3.192461,18.467916
FrodoKEM-640-AES_run20,active,5.849072,5.3975,0.590576,3.187636,18.508527
FrodoKEM-640-AES_run20,active,5.861813,5.39875,0.583603,3.150728,18.548672
FrodoKEM-640-AES_run20,active,5.874553,5.39625,0.590398,3.185933,18.58926
FrodoKEM-640-AES_run20,active,5.887291,5.39625,0.59147,3.191722,18.629914
FrodoKEM-640-AES_run20,active,5.900032,5.395,0.589682,3.181337,18.670449
FrodoKEM-640-AES_run20,active,5.912777,5.39625,0.583603,3.149269,18.710586
FrodoKEM-640-AES_run20,active,5.92552,5.39875,0.591649,3.194166,18.75129
FrodoKEM-640-AES_run20,active,5.938263,5.39875,0.592007,3.196097,18.792017
FrodoKEM-640-AES_run20,active,5.951,5.39625,0.589861,3.183039,18.832559
FrodoKEM-640-AES_run20,active,5.963741,5.3975,0.583424,3.149033,18.872682
FrodoKEM-640-AES_run20,active,5.97648,5.39625,0.593258,3.201371,18.913463
FrodoKEM-640-AES_run20,active,5.989218,5.39625,0.590219,3.184968,18.954033
FrodoKEM-640-AES_run20,active,6.001985,5.3975,0.583424,3.149033,18.994237
FrodoKEM-640-AES_run20,active,6.014742,5.39875,0.584318,3.154589,19.03448
FrodoKEM-640-AES_run20,active,6.027489,5.3975,0.591828,3.194392,19.075201
FrodoKEM-640-AES_run20,active,6.040232,5.3975,0.589504,3.181846,19.115745
FrodoKEM-640-AES_run20,active,6.052972,5.39625,0.58253,3.14348,19.155793
FrodoKEM-640-AES_run20,active,6.065713,5.39875,0.590934,3.190305,19.196442
FrodoKEM-640-AES_run20,active,6.078453,5.395,0.59594,3.215098,19.237403
FrodoKEM-640-AES_run20,active,6.091194,5.395,0.588788,3.176513,19.277873
FrodoKEM-640-AES_run20,active,6.103933,5.39875,0.583603,3.150728,19.318012
FrodoKEM-640-AES_run20,active,6.116679,5.3975,0.592722,3.199217,19.358787
FrodoKEM-640-AES_run20,active,6.129421,5.3975,0.582173,3.142278,19.398828
FrodoKEM-640-AES_run20,active,6.142163,5.39625,0.583067,3.146374,19.438918
FrodoKEM-640-AES_run20,active,6.15495,5.39375,0.583961,3.149739,19.479195
FrodoKEM-640-AES_run20,active,6.167692,5.39625,0.591292,3.190757,19.51985
FrodoKEM-640-AES_run20,active,6.180432,5.3975,0.596119,3.217553,19.560841
FrodoKEM-640-AES_run20,active,6.193172,5.39875,0.583782,3.151693,19.600993
FrodoKEM-640-AES_run20,active,6.205913,5.3975,0.59147,3.192461,19.64167
FrodoKEM-640-AES_run20,active,6.218659,5.39625,0.59147,3.191722,19.682353
FrodoKEM-640-AES_run20,active,6.231402,5.39625,0.586285,3.163742,19.722666
FrodoKEM-640-AES_run20,active,6.244142,5.39625,0.583782,3.150234,19.7628
FrodoKEM-640-AES_run20,active,6.25688,5.39625,0.591649,3.192687,19.80347
FrodoKEM-640-AES_run20,active,6.269622,5.3975,0.588788,3.177985,19.843963
FrodoKEM-640-AES_run20,active,6.282361,5.3975,0.584676,3.155789,19.884166
FrodoKEM-640-AES_run20,active,6.2951,5.39625,0.583246,3.147339,19.924261
FrodoKEM-640-AES_run20,active,6.307851,5.39625,0.591113,3.189792,19.964934
FrodoKEM-640-AES_run20,active,6.320597,5.3975,0.58861,3.17702,20.005427
FrodoKEM-640-AES_run20,active,6.333341,5.39625,0.583603,3.149269,20.04556
FrodoKEM-640-AES_run20,active,6.346082,5.39625,0.592364,3.196546,20.086288
FrodoKEM-640-AES_run20,active,6.35882,5.39625,0.59147,3.191722,20.126943
FrodoKEM-640-AES_run20,active,6.371558,5.39625,0.590576,3.186898,20.167538
FrodoKEM-640-AES_run20,active,6.387042,5.39625,0.583424,3.148304,20.216287
FrodoKEM-640-AES_run20,active,6.399806,5.39625,0.588252,3.174355,20.256803
FrodoKEM-640-AES_run20,active,6.412549,5.3975,0.590219,3.185706,20.2974
FrodoKEM-640-AES_run20,active,6.425297,5.39875,0.583424,3.149762,20.337555
FrodoKEM-640-AES_run20,active,6.438045,5.39625,0.583067,3.146374,20.377664
FrodoKEM-640-AES_run20,active,6.450787,5.39625,0.587,3.167601,20.418023
FrodoKEM-640-AES_run20,active,6.463525,5.37,0.589861,3.167555,20.458373
FrodoKEM-640-AES_run20,active,6.476267,5.3975,0.583603,3.149998,20.49851
FrodoKEM-640-AES_run20,active,6.489007,5.395,0.591292,3.190018,20.539152
FrodoKEM-640-AES_run20,active,6.501747,5.3975,0.590755,3.188601,20.579773
FrodoKEM-640-AES_run20,active,6.514485,5.39875,0.59004,3.185478,20.620352
FrodoKEM-640-AES_run20,active,6.527228,5.3975,0.583424,3.149033,20.66048
FrodoKEM-640-AES_run20,active,6.53997,5.39625,0.584855,3.156023,20.700693
FrodoKEM-640-AES_run20,active,6.552709,5.3975,0.591649,3.193427,20.741375
FrodoKEM-640-AES_run20,active,6.565447,5.3975,0.583424,3.149033,20.781487
FrodoKEM-640-AES_run20,active,6.578187,5.395,0.59147,3.190983,20.822141
FrodoKEM-640-AES_run20,active,6.590925,5.395,0.593437,3.201594,20.862922
FrodoKEM-640-AES_run20,active,6.603668,5.39625,0.589325,3.180144,20.903446
FrodoKEM-640-AES_run20,active,6.616408,5.395,0.583067,3.145645,20.943523
FrodoKEM-640-AES_run20,active,6.629154,5.39875,0.592901,3.200923,20.98432
FrodoKEM-640-AES_run20,active,6.641901,5.39625,0.591649,3.192687,21.025017
FrodoKEM-640-AES_run20,active,6.65464,5.39625,0.590576,3.186898,21.065617
FrodoKEM-640-AES_run20,active,6.667379,5.39375,0.583424,3.146845,21.105704
FrodoKEM-640-AES_run20,active,6.680119,5.39875,0.584318,3.154589,21.145894
FrodoKEM-640-AES_run20,active,6.692861,5.39625,0.590219,3.184968,21.186477
FrodoKEM-640-AES_run20,active,6.705617,5.39625,0.583424,3.148304,21.226636
FrodoKEM-640-AES_run20,active,6.718356,5.3975,0.58253,3.144208,21.266691
FrodoKEM-640-AES_run20,active,6.731106,5.395,0.591649,3.191947,21.307387
FrodoKEM-640-AES_run20,active,6.74385,5.39625,0.590576,3.186898,21.348001
FrodoKEM-640-AES_run20,active,6.756616,5.39625,0.583246,3.147339,21.38818
FrodoKEM-640-AES_run20,active,6.769434,5.395,0.590576,3.18616,21.429018
FrodoKEM-640-AES_run20,active,6.782185,5.395,0.590398,3.185195,21.469635
FrodoKEM-640-AES_run20,active,6.794931,5.39625,0.591649,3.192687,21.510328
FrodoKEM-640-AES_run20,active,6.807672,5.39625,0.583424,3.148304,21.550442
FrodoKEM-640-AES_run20,active,6.820417,5.39125,0.592901,3.196476,21.591178
FrodoKEM-640-AES_run20,active,6.83317,5.3975,0.589682,3.182811,21.631771
FrodoKEM-640-AES_run20,active,6.845919,5.3975,0.583603,3.149998,21.671929
FrodoKEM-640-AES_run20,active,6.858659,5.39375,0.583961,3.149739,21.712058
FrodoKEM-640-AES_run20,active,6.871399,5.39375,0.591292,3.189279,21.752688
FrodoKEM-640-AES_run20,active,6.884139,5.39875,0.589861,3.184513,21.793259
FrodoKEM-640-AES_run20,active,6.896879,5.39375,0.582709,3.142988,21.833301
FrodoKEM-640-AES_run20,active,6.909623,5.39625,0.592543,3.197511,21.874051
FrodoKEM-640-AES_run20,active,6.922366,5.39875,0.592007,3.196097,21.914778
FrodoKEM-640-AES_run20,active,6.935111,5.39625,0.591649,3.192687,21.955468
FrodoKEM-640-AES_run20,active,6.947854,5.395,0.583424,3.147575,21.995578
FrodoKEM-640-AES_run20,active,6.960594,5.39625,0.591113,3.189792,22.036217
FrodoKEM-640-AES_run20,active,6.973333,5.3975,0.589861,3.183776,22.076775
FrodoKEM-640-AES_run20,active,6.986076,5.3975,0.583424,3.149033,22.116901
FrodoKEM-640-AES_run20,active,6.998827,5.39375,0.578954,3.122735,22.15672
FrodoKEM-640-AES_run20,active,7.011595,5.39625,0.590934,3.188828,22.197436
FrodoKEM-640-AES_run20,active,7.024346,5.3975,0.59004,3.184741,22.238042
FrodoKEM-640-AES_run20,active,7.037095,5.395,0.583424,3.147575,22.278174
FrodoKEM-640-AES_run20,active,7.049844,5.39875,0.590934,3.190305,22.318846
FrodoKEM-640-AES_run20,active,7.062589,5.39625,0.591649,3.192687,22.359535
FrodoKEM-640-AES_run20,active,7.075329,5.3975,0.591113,3.190531,22.400182
FrodoKEM-640-AES_run20,active,7.08807,5.39625,0.581279,3.136726,22.440148
FrodoKEM-640-AES_run20,active,7.10081,5.39625,0.591292,3.190757,22.480798
FrodoKEM-640-AES_run20,active,7.113601,5.39625,0.591292,3.190757,22.521613
FrodoKEM-640-AES_run20,active,7.12635,5.395,0.592186,3.194841,22.562343
FrodoKEM-640-AES_run20,active,7.139098,5.40125,0.579491,3.129975,22.602245
FrodoKEM-640-AES_run20,active,7.151843,5.39875,0.591649,3.194166,22.642955
FrodoKEM-640-AES_run20,active,7.164585,5.3975,0.590576,3.187636,22.683569
FrodoKEM-640-AES_run20,active,7.177324,5.3975,0.580385,3.132627,22.723477
FrodoKEM-640-AES_run20,active,7.190066,5.39875,0.588967,3.179687,22.763993
FrodoKEM-640-AES_run20,active,7.202806,5.3975,0.591649,3.193427,22.804677
FrodoKEM-640-AES_run20,active,7.215547,5.3975,0.591113,3.190531,22.845328
FrodoKEM-640-AES_run20,active,7.228286,5.3975,0.581636,3.139382,22.885319
FrodoKEM-640-AES_run20,active,7.241031,5.39625,0.591649,3.192687,22.926011
FrodoKEM-640-AES_run20,active,7.253778,5.3975,0.591649,3.193427,22.966717
FrodoKEM-640-AES_run20,active,7.266519,5.3975,0.588073,3.174125,23.007157
FrodoKEM-640-AES_run20,active,7.279258,5.39875,0.583067,3.147832,23.047259
FrodoKEM-640-AES_run20,active,7.292001,5.395,0.590755,3.187124,23.087871
FrodoKEM-640-AES_run20,active,7.304741,5.395,0.590576,3.18616,23.128465
FrodoKEM-640-AES_run20,active,7.317484,5.3975,0.583603,3.149998,23.168603
FrodoKEM-640-AES_run20,active,7.330225,5.395,0.591649,3.191947,23.209272
FrodoKEM-640-AES_run20,active,7.342971,5.39625,0.592901,3.199441,23.250052
FrodoKEM-640-AES_run20,active,7.355714,5.39625,0.590934,3.188828,23.290688
FrodoKEM-640-AES_run20,active,7.368457,5.4025,0.584855,3.159678,23.330952
FrodoKEM-640-AES_run20,active,7.381198,5.3975,0.592901,3.200182,23.371725
FrodoKEM-640-AES_run20,active,7.393941,5.39875,0.590755,3.18934,23.412367
FrodoKEM-640-AES_run20,active,7.406679,5.39625,0.589682,3.182074,23.452902
FrodoKEM-640-AES_run20,active,7.419417,5.40125,0.583246,3.150255,23.493028
FrodoKEM-640-AES_run20,active,7.432158,5.3975,0.591292,3.191496,23.53369
FrodoKEM-640-AES_run20,active,7.444905,5.3975,0.589861,3.183776,23.574277
FrodoKEM-640-AES_run20,active,7.457654,5.39875,0.583424,3.149762,23.614431
FrodoKEM-640-AES_run20,active,7.470396,5.39625,0.588967,3.178214,23.654927
FrodoKEM-640-AES_run20,active,7.483136,5.3975,0.59147,3.192461,23.695599
FrodoKEM-640-AES_run20,active,7.495877,5.39625,0.589861,3.183039,23.736154
FrodoKEM-640-AES_run20,active,7.508617,5.39875,0.581815,3.141075,23.776172
FrodoKEM-640-AES_run20,active,7.521358,5.39625,0.591828,3.193652,23.816864
FrodoKEM-640-AES_run20,active,7.5341,5.3975,0.592901,3.200182,23.857639
FrodoKEM-640-AES_run20,active,7.546847,5.39625,0.590576,3.186898,23.898263
FrodoKEM-640-AES_run20,active,7.55959,5.39875,0.583603,3.150728,23.938413
FrodoKEM-640-AES_run20,active,7.572335,5.3975,0.591292,3.191496,23.979087
FrodoKEM-640-AES_run20,active,7.585076,5.39625,0.589504,3.181109,24.019618
FrodoKEM-640-AES_run20,active,7.59782,5.40125,0.582173,3.144461,24.059691
FrodoKEM-640-AES_run20,active,7.61056,5.3975,0.584497,3.154824,24.099886
FrodoKEM-640-AES_run20,active,7.623298,5.39625,0.591292,3.190757,24.140528
FrodoKEM-640-AES_run20,active,7.636038,5.3975,0.590576,3.187636,24.181137
FrodoKEM-640-AES_run20,active,7.648784,5.3975,0.585928,3.162544,24.221447
FrodoKEM-640-AES_run20,active,7.664306,5.395,0.591828,3.192912,24.271008
FrodoKEM-640-AES_run20,active,7.67707,5.4,0.590219,3.187182,24.31169
FrodoKEM-640-AES_run20,active,7.689821,5.4,0.583246,3.149526,24.35185
FrodoKEM-640-AES_run20,active,7.702576,5.39625,0.583782,3.150234,24.392032
FrodoKEM-640-AES_run20,active,7.715314,5.39625,0.59147,3.191722,24.432686
FrodoKEM-640-AES_run20,active,7.728053,5.405,0.59004,3.189166,24.473315
FrodoKEM-640-AES_run20,active,7.740796,5.39625,0.583603,3.149269,24.513445
FrodoKEM-640-AES_run20,active,7.753545,5.39625,0.591292,3.190757,24.554123
FrodoKEM-640-AES_run20,active,7.766293,5.3975,0.591649,3.193427,24.594832
FrodoKEM-640-AES_run20,active,7.779032,5.3925,0.589504,3.178898,24.635331
FrodoKEM-640-AES_run20,active,7.791771,5.39875,0.583961,3.152658,24.675492
FrodoKEM-640-AES_run20,active,7.804512,5.39625,0.59147,3.191722,24.716157
FrodoKEM-640-AES_run20,active,7.81725,5.3975,0.590219,3.185706,24.756737
FrodoKEM-640-AES_run20,active,7.829992,5.39625,0.591649,3.192687,24.797418
FrodoKEM-640-AES_run20,active,7.842731,5.395,0.583961,3.150469,24.837551
FrodoKEM-640-AES_run20,active,7.855503,5.3975,0.592007,3.195357,24.878363
FrodoKEM-640-AES_run20,active,7.86825,5.39125,0.586285,3.16081,24.918655
FrodoKEM-640-AES_run20,active,7.880993,5.39875,0.583067,3.147832,24.958766
FrodoKEM-640-AES_run20,active,7.893737,5.39875,0.592007,3.196097,24.999497
FrodoKEM-640-AES_run20,active,7.906478,5.39625,0.590576,3.186898,25.040101
FrodoKEM-640-AES_run20,active,7.919216,5.39875,0.591113,3.19127,25.080752
FrodoKEM-640-AES_run20,active,7.931957,5.3975,0.583067,3.147103,25.12085
FrodoKEM-640-AES_run20,active,7.9447,5.3975,0.592007,3.195357,25.161567
FrodoKEM-640-AES_run20,active,7.957447,5.3975,0.584318,3.153859,25.201771
FrodoKEM-640-AES_run20,active,7.970194,5.3975,0.618827,3.340118,25.244348
FrodoKEM-640-AES_run20,active,7.982935,5.3975,0.583246,3.148068,25.284455
FrodoKEM-640-AES_run20,active,7.995687,5.39625,0.592007,3.194617,25.325193
FrodoKEM-640-AES_run20,active,8.008456,5.39625,0.592364,3.196546,25.36601
FrodoKEM-640-AES_run20,active,8.021205,5.39625,0.583424,3.148304,25.406147
FrodoKEM-640-AES_run20,active,8.033951,5.39625,0.59308,3.200406,25.446939
FrodoKEM-640-AES_run20,active,8.046693,5.39875,0.591113,3.19127,25.487604
FrodoKEM-640-AES_run20,active,8.059442,5.3975,0.590219,3.185706,25.528218
FrodoKEM-640-AES_run20,active,8.072229,5.3975,0.583603,3.149998,25.568497
FrodoKEM-640-AES_run20,active,8.084973,5.39625,0.591113,3.189792,25.609147
FrodoKEM-640-AES_run20,active,8.097717,5.3975,0.590576,3.187636,25.649771
FrodoKEM-640-AES_run20,active,8.110459,5.395,0.591113,3.189054,25.690408
FrodoKEM-640-AES_run20,active,8.123198,5.39375,0.583424,3.146845,25.730496
FrodoKEM-640-AES_run20,active,8.135938,5.3975,0.591649,3.193427,25.771177
FrodoKEM-640-AES_run20,active,8.14868,5.4,0.595583,3.216147,25.812158
FrodoKEM-640-AES_run20,active,8.161428,5.39875,0.583424,3.149762,25.852313
FrodoKEM-640-AES_run20,active,8.174176,5.39625,0.588788,3.177249,25.892816
FrodoKEM-640-AES_run20,active,8.18692,5.39875,0.59147,3.193201,25.933508
FrodoKEM-640-AES_run20,active,8.199659,5.39625,0.590576,3.186898,25.974108
FrodoKEM-640-AES_run20,active,8.212401,5.39625,0.583603,3.149269,26.014236
FrodoKEM-640-AES_run20,active,8.225141,5.4,0.591292,3.192975,26.054912
FrodoKEM-640-AES_run20,active,8.237884,5.39375,0.589682,3.180599,26.095443
FrodoKEM-640-AES_run20,active,8.250622,5.3975,0.590576,3.187636,26.136047
FrodoKEM-640-AES_run20,active,8.263369,5.395,0.583603,3.148539,26.176184
FrodoKEM-640-AES_run20,active,8.276115,5.39625,0.59147,3.191722,26.216864
FrodoKEM-640-AES_run20,active,8.288857,5.3975,0.590398,3.186671,26.257468
FrodoKEM-640-AES_run20,active,8.3016,5.3975,0.58253,3.144208,26.297536
FrodoKEM-640-AES_run20,active,8.314344,5.3975,0.583603,3.149998,26.337678
FrodoKEM-640-AES_run20,active,8.327082,5.39875,0.591292,3.192236,26.378342
FrodoKEM-640-AES_run20,active,8.339826,5.3975,0.590398,3.186671,26.418953
FrodoKEM-640-AES_run20,active,8.35256,5.39875,0.583246,3.148797,26.45905
FrodoKEM-640-AES_run20,active,8.365315,5.39875,0.591292,3.192236,26.499765
FrodoKEM-640-AES_run20,active,8.378062,5.39875,0.589325,3.181617,26.540322
FrodoKEM-640-AES_run20,active,8.390802,5.39625,0.590576,3.186898,26.580923
FrodoKEM-640-AES_run20,active,8.403541,5.3975,0.583961,3.151928,26.621077
FrodoKEM-640-AES_run20,active,8.416281,5.39875,0.592007,3.196097,26.661793
FrodoKEM-640-AES_run20,active,8.42902,5.395,0.590398,3.185195,26.702371
FrodoKEM-640-AES_run20,active,8.44176,5.39625,0.583067,3.146374,26.742455
FrodoKEM-640-AES_run20,active,8.454499,5.3975,0.589325,3.180881,26.782976
FrodoKEM-640-AES_run20,active,8.467245,5.395,0.590219,3.18423,26.823564
FrodoKEM-640-AES_run20,active,8.479989,5.39625,0.590398,3.185933,26.864163
FrodoKEM-640-AES_run20,active,8.49273,5.39625,0.583603,3.149269,26.904289
FrodoKEM-640-AES_run20,active,8.50547,5.39375,0.590755,3.186386,26.944885
FrodoKEM-640-AES_run20,active,8.518213,5.40375,0.595225,3.216448,26.98587
FrodoKEM-640-AES_run20,active,8.530951,5.39625,0.59004,3.184003,27.026428
FrodoKEM-640-AES_run20,active,8.54369,5.39625,0.583424,3.148304,27.066534
FrodoKEM-640-AES_run20,active,8.556428,5.39375,0.594331,3.205674,27.10737
FrodoKEM-640-AES_run20,active,8.569175,5.39625,0.592186,3.195582,27.148102
FrodoKEM-640-AES_run20,active,8.581922,5.39875,0.583782,3.151693,27.188276
FrodoKEM-640-AES_run20,active,8.594661,5.395,0.58557,3.15915,27.228522
FrodoKEM-640-AES_run20,active,8.607399,5.39875,0.592364,3.198027,27.269257
FrodoKEM-640-AES_run20,active,8.620142,5.3975,0.588073,3.174125,27.309705
FrodoKEM-640-AES_run20,active,8.632881,5.39625,0.581815,3.13962,27.349703
FrodoKEM-640-AES_run20,active,8.645625,5.3975,0.591292,3.191496,27.390375
FrodoKEM-640-AES_run20,active,8.658364,5.39625,0.588788,3.177249,27.43085
FrodoKEM-640-AES_run20,active,8.67111,5.39625,0.591292,3.190757,27.471517
FrodoKEM-640-AES_run20,active,8.683854,5.3975,0.583067,3.147103,27.511626
FrodoKEM-640-AES_run20,active,8.696604,5.39625,0.590398,3.185933,27.552245
FrodoKEM-640-AES_run20,active,8.709345,5.3975,0.590219,3.185706,27.592835
FrodoKEM-640-AES_run20,active,8.722089,5.3975,0.582888,3.146138,27.632928
FrodoKEM-640-AES_run20,active,8.734828,5.39625,0.583424,3.148304,27.673035
FrodoKEM-640-AES_run20,active,8.747567,5.395,0.59147,3.190983,27.713685
FrodoKEM-640-AES_run20,active,8.760308,5.39625,0.590219,3.184968,27.754266
FrodoKEM-640-AES_run20,active,8.773057,5.3975,0.583424,3.149033,27.794412
FrodoKEM-640-AES_run20,active,8.785804,5.39375,0.590755,3.186386,27.835028
FrodoKEM-640-AES_run20,active,8.798545,5.39875,0.592364,3.198027,27.875775
FrodoKEM-640-AES_run20,active,8.811283,5.39625,0.590576,3.186898,27.916371
FrodoKEM-640-AES_run20,active,8.824022,5.39375,0.583603,3.14781,27.956471
FrodoKEM-640-AES_run20,active,8.836767,5.38625,0.591292,3.184844,27.997062
FrodoKEM-640-AES_run20,active,8.849512,5.395,0.590398,3.185195,28.037657
FrodoKEM-640-AES_run20,active,8.862256,5.39625,0.587716,3.17146,28.078073
FrodoKEM-640-AES_run20,active,8.875005,5.39625,0.583603,3.149269,28.118223
FrodoKEM-640-AES_run20,active,8.88775,5.39375,0.591649,3.191208,28.158896
FrodoKEM-640-AES_run20,active,8.900491,5.39625,0.590934,3.188828,28.199525
FrodoKEM-640-AES_run20,active,8.913232,5.39625,0.583961,3.151198,28.239673
FrodoKEM-640-AES_run20,active,8.925974,5.3925,0.59147,3.189504,28.280314
FrodoKEM-640-AES_run20,active,8.941449,5.39125,0.590934,3.185873,28.329616
FrodoKEM-640-AES_run20,active,8.954225,5.39625,0.591113,3.189792,28.370367
FrodoKEM-640-AES_run20,active,8.966972,5.39875,0.583067,3.147832,28.410494
FrodoKEM-640-AES_run20,active,8.979725,5.3975,0.59147,3.192461,28.451206
FrodoKEM-640-AES_run20,active,8.992469,5.395,0.590219,3.18423,28.491785
FrodoKEM-640-AES_run20,active,9.005235,5.39625,0.583603,3.149269,28.531992
FrodoKEM-640-AES_run20,active,9.01799,5.3975,0.582352,3.143243,28.572084
FrodoKEM-640-AES_run20,active,9.030732,5.39625,0.591828,3.193652,28.612777
FrodoKEM-640-AES_run20,active,9.043517,5.39625,0.59004,3.184003,28.653484
FrodoKEM-640-AES_run20,active,9.056265,5.39625,0.580385,3.131901,28.693409
FrodoKEM-640-AES_run20,active,9.069005,5.3975,0.59147,3.192461,28.734081
FrodoKEM-640-AES_run20,active,9.081755,5.39625,0.590219,3.184968,28.774689
FrodoKEM-640-AES_run20,active,9.094499,5.39625,0.590398,3.185933,28.815289
FrodoKEM-640-AES_run20,active,9.107237,5.39625,0.583067,3.146374,28.855369
FrodoKEM-640-AES_run20,active,9.119976,5.3975,0.591649,3.193427,28.896049
FrodoKEM-640-AES_run20,active,9.132714,5.3975,0.590219,3.185706,28.936629
FrodoKEM-640-AES_run20,active,9.145452,5.3975,0.583782,3.150963,28.976768
FrodoKEM-640-AES_run20,active,9.158195,5.39875,0.588431,3.176791,29.017249
FrodoKEM-640-AES_run20,active,9.170933,5.39875,0.591649,3.194166,29.057935
FrodoKEM-640-AES_run20,active,9.18368,5.3975,0.590755,3.188601,29.098581
FrodoKEM-640-AES_run20,active,9.196424,5.3925,0.585212,3.155758,29.138798
FrodoKEM-640-AES_run20,active,9.209164,5.3975,0.59147,3.192461,29.17947
FrodoKEM-640-AES_run20,active,9.221907,5.3975,0.592364,3.197287,29.220213
FrodoKEM-640-AES_run20,active,9.234644,5.395,0.592186,3.194841,29.260905
FrodoKEM-640-AES_run20,active,9.247384,5.39875,0.583603,3.150728,29.301046
FrodoKEM-640-AES_run20,active,9.260127,5.395,0.592007,3.193877,29.341746
FrodoKEM-640-AES_run20,active,9.272867,5.395,0.589146,3.178443,29.382239
FrodoKEM-640-AES_run20,active,9.285617,5.3925,0.581815,3.137438,29.422241
FrodoKEM-640-AES_run20,active,9.29836,5.39625,0.581815,3.13962,29.462251
FrodoKEM-640-AES_run20,active,9.311098,5.40125,0.591828,3.196611,29.502967
FrodoKEM-640-AES_run20,active,9.323839,5.39625,0.590755,3.187863,29.543584
FrodoKEM-640-AES_run20,active,9.336579,5.39625,0.578776,3.123218,29.583374
FrodoKEM-640-AES_run20,active,9.349319,5.39875,0.590576,3.188374,29.623994
FrodoKEM-640-AES_run20,active,9.362063,5.3975,0.591649,3.193427,29.664691
FrodoKEM-640-AES_run20,active,9.374802,5.395,0.592543,3.196771,29.705415
FrodoKEM-640-AES_run20,active,9.387548,5.39875,0.585749,3.162311,29.745721
FrodoKEM-640-AES_run20,active,9.400291,5.39625,0.592543,3.197511,29.786467
FrodoKEM-640-AES_run20,active,9.413031,5.39875,0.590755,3.18934,29.827098
FrodoKEM-640-AES_run20,active,9.425774,5.39625,0.584855,3.156023,29.867318
FrodoKEM-640-AES_run20,active,9.438514,5.39625,0.586285,3.163742,29.907624
FrodoKEM-640-AES_run20,active,9.451252,5.39625,0.591649,3.192687,29.948293
FrodoKEM-640-AES_run20,active,9.463992,5.39625,0.590576,3.186898,29.988893
FrodoKEM-640-AES_run20,active,9.476732,5.395,0.584855,3.155292,30.029089
FrodoKEM-640-AES_run20,active,9.489478,5.3975,0.591292,3.191496,30.06977
FrodoKEM-640-AES_run20,active,9.502224,5.3975,0.591828,3.194392,30.110485
FrodoKEM-640-AES_run20,active,9.514964,5.39625,0.59004,3.184003,30.15105
FrodoKEM-640-AES_run20,active,9.527702,5.39625,0.582173,3.14155,30.191066
FrodoKEM-640-AES_run20,active,9.540441,5.395,0.591292,3.190018,30.231704
FrodoKEM-640-AES_run20,active,9.553181,5.39625,0.59004,3.184003,30.272269
FrodoKEM-640-AES_run20,active,9.565922,5.39625,0.588073,3.17339,30.3127
FrodoKEM-640-AES_run20,active,9.57866,5.39625,0.583424,3.148304,30.352803
FrodoKEM-640-AES_run20,active,9.591403,5.3975,0.591649,3.193427,30.393497
FrodoKEM-640-AES_run20,active,9.604147,5.39625,0.590934,3.188828,30.434136
FrodoKEM-640-AES_run20,active,9.616888,5.3975,0.582709,3.145173,30.474208
FrodoKEM-640-AES_run20,active,9.629629,5.3975,0.590934,3.189566,30.514848
FrodoKEM-640-AES_run20,active,9.642366,5.395,0.591113,3.189054,30.555466
FrodoKEM-640-AES_run20,active,9.655106,5.39625,0.588431,3.17532,30.59592
FrodoKEM-640-AES_run20,active,9.667848,5.39625,0.584855,3.156023,30.636133
FrodoKEM-640-AES_run20,active,9.680587,5.39625,0.592007,3.194617,30.676831
FrodoKEM-640-AES_run20,active,9.693339,5.3975,0.590219,3.185706,30.717453
FrodoKEM-640-AES_run20,active,9.706097,5.39625,0.592007,3.194617,30.75821
FrodoKEM-640-AES_run20,active,9.718836,5.39625,0.583782,3.150234,30.79834
FrodoKEM-640-AES_run20,active,9.731573,5.39625,0.59147,3.191722,30.838994
FrodoKEM-640-AES_run20,active,9.744313,5.39625,0.590755,3.187863,30.879607
FrodoKEM-640-AES_run20,active,9.757052,5.395,0.583782,3.149504,30.91973
FrodoKEM-640-AES_run20,active,9.769794,5.395,0.588073,3.172655,30.960157
FrodoKEM-640-AES_run20,active,9.782534,5.39625,0.591649,3.192687,31.00083
FrodoKEM-640-AES_run20,active,9.795279,5.40125,0.592722,3.20144,31.041632
FrodoKEM-640-AES_run20,active,9.808022,5.39625,0.583067,3.146374,31.081726
FrodoKEM-640-AES_run20,active,9.82076,5.39625,0.591113,3.189792,31.122359
FrodoKEM-640-AES_run20,active,9.833501,5.39875,0.592007,3.196097,31.16308
FrodoKEM-640-AES_run20,active,9.846243,5.40375,0.589861,3.187462,31.203695
FrodoKEM-640-AES_run20,active,9.85898,5.39625,0.583067,3.146374,31.243771
FrodoKEM-640-AES_run20,active,9.87172,5.39625,0.591113,3.189792,31.284406
FrodoKEM-640-AES_run20,active,9.884459,5.39875,0.590576,3.188374,31.325024
FrodoKEM-640-AES_run20,active,9.897206,5.39625,0.583782,3.150234,31.365179
FrodoKEM-640-AES_run20,active,9.909952,5.395,0.59147,3.190983,31.405852
FrodoKEM-640-AES_run20,active,9.922691,5.39875,0.59147,3.193201,31.446532
FrodoKEM-640-AES_run20,active,9.935429,5.39375,0.592364,3.195065,31.48723
FrodoKEM-640-AES_run20,active,9.948202,5.395,0.583067,3.145645,31.52741
FrodoKEM-640-AES_run20,active,9.960942,5.39625,0.592364,3.196546,31.568133
FrodoKEM-640-AES_run20,active,9.973683,5.39625,0.590398,3.185933,31.608724
FrodoKEM-640-AES_run20,active,9.986423,5.39625,0.588073,3.17339,31.649154
FrodoKEM-640-AES_run20,active,9.99918,5.39625,0.583603,3.149269,31.68933
FrodoKEM-640-AES_run20,active,10.01195,5.39875,0.591649,3.194166,31.730118
FrodoKEM-640-AES_run20,active,10.024701,5.3975,0.589861,3.183776,31.770715
FrodoKEM-640-AES_run20,active,10.037444,5.39625,0.585212,3.157952,31.810956
FrodoKEM-640-AES_run20,active,10.050186,5.39625,0.583603,3.149269,31.851086
FrodoKEM-640-AES_run20,active,10.062927,5.3975,0.592007,3.195357,31.891797
FrodoKEM-640-AES_run20,active,10.075667,5.39875,0.58414,3.153624,31.931973
FrodoKEM-640-AES_run20,active,10.088407,5.39625,0.583961,3.151198,31.97212
FrodoKEM-640-AES_run20,active,10.101155,5.3975,0.59147,3.192461,32.012816
FrodoKEM-640-AES_run20,active,10.1139,5.39875,0.594331,3.208646,32.053713
FrodoKEM-640-AES_run20,active,10.126644,5.39625,0.587,3.167601,32.09408
FrodoKEM-640-AES_run20,active,10.139384,5.3975,0.583603,3.149998,32.134211
FrodoKEM-640-AES_run20,active,10.152123,5.3825,0.59147,3.183589,32.174765
FrodoKEM-640-AES_run20,active,10.164861,5.39625,0.589682,3.182074,32.215299
FrodoKEM-640-AES_run20,active,10.1776,5.3975,0.583782,3.150963,32.255441
FrodoKEM-640-AES_run20,active,10.190342,5.39625,0.583961,3.151198,32.295593
FrodoKEM-640-AES_run20,active,10.203086,5.39625,0.591649,3.192687,32.33628
FrodoKEM-640-AES_run20,active,10.218586,5.39625,0.590219,3.184968,32.385648
FrodoKEM-640-AES_run20,active,10.231348,5.39625,0.583067,3.146374,32.425801
FrodoKEM-640-AES_run20,active,10.244093,5.39375,0.591828,3.192172,32.466485
FrodoKEM-640-AES_run20,active,10.256834,5.3825,0.590576,3.178777,32.506986
FrodoKEM-640-AES_run20,active,10.269606,5.3975,0.588073,3.174125,32.547527
FrodoKEM-640-AES_run20,active,10.282352,5.395,0.583961,3.150469,32.587681
FrodoKEM-640-AES_run20,active,10.295091,5.3975,0.592901,3.200182,32.628451
FrodoKEM-640-AES_run20,active,10.307842,5.39625,0.590755,3.187863,32.669096
FrodoKEM-640-AES_run20,active,10.320587,5.3975,0.583603,3.149998,32.709244
FrodoKEM-640-AES_run20,active,10.333328,5.39625,0.59147,3.191722,32.749912
FrodoKEM-640-AES_run20,active,10.34607,5.39875,0.588252,3.175825,32.790378
FrodoKEM-640-AES_run20,active,10.358806,5.395,0.592364,3.195806,32.831078
FrodoKEM-640-AES_run20,active,10.371544,5.395,0.583067,3.145645,32.871148
FrodoKEM-640-AES_run20,active,10.38428,5.395,0.591828,3.192912,32.911812
FrodoKEM-640-AES_run20,active,10.397022,5.39625,0.59308,3.200406,32.952592
FrodoKEM-640-AES_run20,active,10.409772,5.3975,0.58861,3.17702,32.993099
FrodoKEM-640-AES_run20,active,10.422516,5.39875,0.5811,3.137214,33.033079
FrodoKEM-640-AES_run20,active,10.435256,5.39875,0.585212,3.159415,33.073329
FrodoKEM-640-AES_run20,active,10.447997,5.3975,0.590755,3.188601,33.113956
FrodoKEM-640-AES_run20,active,10.460736,5.3975,0.583067,3.147103,33.154047
FrodoKEM-640-AES_run20,active,10.473474,5.395,0.588967,3.177478,33.194523
FrodoKEM-640-AES_run20,active,10.486215,5.3975,0.592543,3.198252,33.235272
FrodoKEM-640-AES_run20,active,10.498956,5.395,0.590398,3.185195,33.275853
FrodoKEM-640-AES_run20,active,10.511702,5.39625,0.583424,3.148304,33.315982
FrodoKEM-640-AES_run20,active,10.524444,5.39875,0.59147,3.193201,33.35667
FrodoKEM-640-AES_run20,active,10.537187,5.39875,0.590576,3.188374,33.3973
FrodoKEM-640-AES_run20,active,10.549928,5.39875,0.590755,3.18934,33.437934
FrodoKEM-640-AES_run20,active,10.562665,5.39625,0.583067,3.146374,33.47801
FrodoKEM-640-AES_run20,active,10.575403,5.3825,0.593437,3.194176,33.518698
FrodoKEM-640-AES_run20,active,10.588142,5.39875,0.590219,3.186444,33.55929
FrodoKEM-640-AES_run20,active,10.600882,5.3975,0.583603,3.149998,33.59942
FrodoKEM-640-AES_run20,active,10.61363,5.3975,0.593437,3.203077,33.640254
FrodoKEM-640-AES_run20,active,10.626374,5.39625,0.591828,3.193652,33.680954
FrodoKEM-640-AES_run20,active,10.639114,5.3975,0.590576,3.187636,33.721565
FrodoKEM-640-AES_run20,active,10.651855,5.3975,0.581994,3.141313,33.761588
FrodoKEM-640-AES_run20,active,10.664594,5.39625,0.596834,3.220668,33.802616
FrodoKEM-640-AES_run20,active,10.677333,5.39625,0.59004,3.184003,33.843177
FrodoKEM-640-AES_run20,active,10.690079,5.3975,0.590219,3.185706,33.883781
FrodoKEM-640-AES_run20,active,10.702826,5.3975,0.584855,3.156754,33.924022
FrodoKEM-640-AES_run20,active,10.715571,5.40125,0.591649,3.195645,33.964749
FrodoKEM-640-AES_run20,active,10.728316,5.39625,0.59147,3.191722,34.005427
FrodoKEM-640-AES_run20,active,10.741055,5.3975,0.583782,3.150963,34.045568
FrodoKEM-640-AES_run20,active,10.753797,5.39625,0.583067,3.146374,34.085658
FrodoKEM-640-AES_run20,active,10.76654,5.38125,0.592007,3.185737,34.126254
FrodoKEM-640-AES_run20,active,10.779278,5.395,0.590576,3.18616,34.166839
FrodoKEM-640-AES_run20,active,10.792018,5.39875,0.583961,3.152658,34.207005
FrodoKEM-640-AES_run20,active,10.804757,5.38625,0.590755,3.181955,34.24754
FrodoKEM-640-AES_run20,active,10.817503,5.3975,0.591649,3.193427,34.288244
FrodoKEM-640-AES_run20,active,10.830249,5.395,0.589861,3.182301,34.328806
FrodoKEM-640-AES_run20,active,10.842987,5.3975,0.583782,3.150963,34.368943
FrodoKEM-640-AES_run20,active,10.855728,5.3875,0.592543,3.192326,34.409614
FrodoKEM-640-AES_run20,active,10.868468,5.38375,0.590934,3.181441,34.450146
FrodoKEM-640-AES_run20,active,10.881206,5.395,0.583603,3.148539,34.490251
FrodoKEM-640-AES_run20,active,10.89395,5.39875,0.583424,3.149762,34.530392
FrodoKEM-640-AES_run20,active,10.906687,5.3975,0.592007,3.195357,34.571093
FrodoKEM-640-AES_run20,active,10.919433,5.39625,0.590219,3.184968,34.611687
FrodoKEM-640-AES_run20,active,10.932213,5.39625,0.582709,3.144445,34.651875
FrodoKEM-640-AES_run20,active,10.944954,5.3975,0.588073,3.174125,34.692316
FrodoKEM-640-AES_run20,active,10.957697,5.3975,0.592543,3.198252,34.733071
FrodoKEM-640-AES_run20,active,10.970437,5.3825,0.590576,3.178777,34.773567
FrodoKEM-640-AES_run20,active,10.983175,5.395,0.583603,3.148539,34.813675
FrodoKEM-640-AES_run20,active,10.995923,5.3975,0.586643,3.166405,34.854039
FrodoKEM-640-AES_run20,active,11.008701,5.39625,0.591113,3.189792,34.894799
FrodoKEM-640-AES_run20,active,11.02147,5.39625,0.583961,3.151198,34.935038
FrodoKEM-640-AES_run20,active,11.034223,5.39625,0.586285,3.163742,34.975383
FrodoKEM-640-AES_run20,active,11.046965,5.39625,0.590755,3.187863,35.016003
FrodoKEM-640-AES_run20,active,11.059705,5.3975,0.591292,3.191496,35.056663
FrodoKEM-640-AES_run20,active,11.072446,5.3825,0.583782,3.142207,35.096697
FrodoKEM-640-AES_run20,active,11.085188,5.38,0.589325,3.170567,35.137097
FrodoKEM-640-AES_run20,active,11.097933,5.3825,0.590576,3.178777,35.17761
FrodoKEM-640-AES_run20,active,11.110676,5.385,0.59004,3.177365,35.218101
FrodoKEM-640-AES_run20,active,11.12343,5.39,0.581279,3.133093,35.258061
FrodoKEM-640-AES_run20,active,11.13621,5.38875,0.593795,3.199812,35.298954
FrodoKEM-640-AES_run20,active,11.148953,5.39125,0.589682,3.179125,35.339464
FrodoKEM-640-AES_run20,active,11.161693,5.38,0.590219,3.175377,35.37992
FrodoKEM-640-AES_run20,active,11.174435,5.3825,0.587179,3.160492,35.420189
FrodoKEM-640-AES_run20,active,11.187174,5.38125,0.592186,3.186699,35.460785
FrodoKEM-640-AES_run20,active,11.199918,5.38375,0.590576,3.179516,35.501304
FrodoKEM-640-AES_run20,active,11.212658,5.38,0.58253,3.134014,35.541233
FrodoKEM-640-AES_run20,active,11.225404,5.38125,0.592364,3.187661,35.581861
FrodoKEM-640-AES_run20,active,11.23815,5.38375,0.595225,3.204544,35.622708
FrodoKEM-640-AES_run20,active,11.250917,5.38375,0.590219,3.17759,35.663275
FrodoKEM-640-AES_run20,active,11.263658,5.3825,0.585212,3.149906,35.703409
FrodoKEM-640-AES_run20,active,11.276397,5.38375,0.59147,3.184329,35.743975
FrodoKEM-640-AES_run20,active,11.289137,5.385,0.590398,3.179291,35.784479
FrodoKEM-640-AES_run20,active,11.301879,5.385,0.583603,3.142703,35.824523
FrodoKEM-640-AES_run20,active,11.31462,5.3875,0.585391,3.153795,35.864706
FrodoKEM-640-AES_run20,active,11.327365,5.3825,0.591292,3.182627,35.905269
FrodoKEM-640-AES_run20,active,11.340109,5.38125,0.590219,3.176115,35.945743
FrodoKEM-640-AES_run20,active,11.352849,5.38375,0.583782,3.142936,35.985783
FrodoKEM-640-AES_run20,active,11.365616,5.38375,0.592007,3.187217,36.026477
FrodoKEM-640-AES_run20,active,11.37836,5.38375,0.591828,3.186254,36.067083
FrodoKEM-640-AES_run20,active,11.3911,5.3825,0.590576,3.178777,36.107579
FrodoKEM-640-AES_run20,active,11.403842,5.3875,0.583424,3.143199,36.147631
FrodoKEM-640-AES_run20,active,11.416582,5.3825,0.591828,3.185514,36.188212
FrodoKEM-640-AES_run20,active,11.429328,5.38125,0.590576,3.178039,36.228719
FrodoKEM-640-AES_run20,active,11.442074,5.3825,0.591828,3.185514,36.269322
FrodoKEM-640-AES_run20,active,11.454813,5.38375,0.582173,3.134273,36.309251
FrodoKEM-640-AES_run20,active,11.467552,5.385,0.592007,3.187957,36.349861
FrodoKEM-640-AES_run20,active,11.480291,5.38375,0.590755,3.180478,36.390377
FrodoKEM-640-AES_run20,active,11.495825,5.385,0.581815,3.133075,36.439047
FrodoKEM-640-AES_run20,active,11.508586,5.385,0.590576,3.180254,36.47963
FrodoKEM-640-AES_run20,active,11.52133,5.38,0.592364,3.18692,36.520245
FrodoKEM-640-AES_run20,active,11.534082,5.38625,0.592901,3.193512,36.560969
FrodoKEM-640-AES_run20,active,11.546827,5.38375,0.583782,3.142936,36.601025
FrodoKEM-640-AES_run20,active,11.559568,5.3825,0.591828,3.185514,36.641611
FrodoKEM-640-AES_run20,active,11.572308,5.3825,0.590576,3.178777,36.68211
FrodoKEM-640-AES_run20,active,11.585048,5.38625,0.585034,3.151137,36.722256
FrodoKEM-640-AES_run20,active,11.59779,5.3825,0.583603,3.141244,36.762281
FrodoKEM-640-AES_run20,active,11.610532,5.38375,0.592364,3.189142,36.802918
FrodoKEM-640-AES_run20,active,11.623271,5.3825,0.589325,3.172041,36.843325
FrodoKEM-640-AES_run20,active,11.636016,5.38375,0.583603,3.141974,36.883369
FrodoKEM-640-AES_run20,active,11.648758,5.38375,0.594152,3.198768,36.924128
FrodoKEM-640-AES_run20,active,11.661498,5.3825,0.592364,3.188401,36.964749
FrodoKEM-640-AES_run20,active,11.674238,5.38625,0.590219,3.179066,37.005251
FrodoKEM-640-AES_run20,active,11.686976,5.38,0.583603,3.139785,37.045245
FrodoKEM-640-AES_run20,active,11.699725,5.38125,0.590934,3.179964,37.085786
FrodoKEM-640-AES_run20,active,11.712467,5.3825,0.590576,3.178777,37.126289
FrodoKEM-640-AES_run20,active,11.725206,5.38125,0.584497,3.145326,37.16636
FrodoKEM-640-AES_run20,active,11.737956,5.385,0.583961,3.144629,37.206454
FrodoKEM-640-AES_run20,active,11.750698,5.38375,0.59147,3.184329,37.247028
FrodoKEM-640-AES_run20,active,11.763441,5.37375,0.591649,3.179375,37.28754
FrodoKEM-640-AES_run20,active,11.776235,5.3825,0.583782,3.142207,37.327744
FrodoKEM-640-AES_run20,active,11.788979,5.38125,0.59147,3.18285,37.368305
FrodoKEM-640-AES_run20,active,11.801723,5.3825,0.590219,3.176853,37.40879
FrodoKEM-640-AES_run20,active,11.814463,5.385,0.593437,3.195659,37.449503
FrodoKEM-640-AES_run20,active,11.827202,5.3825,0.583603,3.141244,37.489521
FrodoKEM-640-AES_run20,active,11.839951,5.3825,0.591649,3.184552,37.530119
FrodoKEM-640-AES_run20,active,11.852694,5.3825,0.590219,3.176853,37.570603
FrodoKEM-640-AES_run20,active,11.865433,5.3825,0.59004,3.17589,37.611061
FrodoKEM-640-AES_run20,active,11.878176,5.38125,0.583961,3.142439,37.651105
FrodoKEM-640-AES_run20,active,11.890915,5.385,0.592007,3.187957,37.691715
FrodoKEM-640-AES_run20,active,11.903655,5.38125,0.588788,3.168418,37.73208
FrodoKEM-640-AES_run20,active,11.916396,5.38375,0.583961,3.143899,37.772137
FrodoKEM-640-AES_run20,active,11.929133,5.3825,0.591113,3.181665,37.812662
FrodoKEM-640-AES_run20,active,11.941881,5.3825,0.591828,3.185514,37.853272
FrodoKEM-640-AES_run20,active,11.954624,5.38375,0.591828,3.186254,37.893874
FrodoKEM-640-AES_run20,active,11.967363,5.38375,0.583782,3.142936,37.933912
FrodoKEM-640-AES_run20,active,11.980104,5.3875,0.591292,3.185583,37.974498
FrodoKEM-640-AES_run20,active,11.992843,5.385,0.585034,3.150406,38.014633
FrodoKEM-640-AES_run20,active,12.005625,5.385,0.583603,3.142703,38.054801
FrodoKEM-640-AES_run20,active,12.018397,5.3825,0.584497,3.146056,38.094984
FrodoKEM-640-AES_run20,active,12.031145,5.38125,0.591649,3.183812,38.13557
FrodoKEM-640-AES_run20,active,12.043896,5.38125,0.594331,3.198245,38.176352
FrodoKEM-640-AES_run20,active,12.056639,5.38125,0.583961,3.142439,38.216398
FrodoKEM-640-AES_run20,active,12.069381,5.3825,0.591828,3.185514,38.256988
FrodoKEM-640-AES_run20,active,12.082125,5.38375,0.592007,3.187217,38.297603
FrodoKEM-640-AES_run20,active,12.094889,5.38125,0.592007,3.185737,38.338267
FrodoKEM-640-AES_run20,active,12.107631,5.38375,0.583067,3.139086,38.378265
FrodoKEM-640-AES_run20,active,12.120371,5.3825,0.592186,3.187439,38.418872
FrodoKEM-640-AES_run20,active,12.133111,5.37625,0.589861,3.171241,38.459274
FrodoKEM-640-AES_run20,active,12.145859,5.38375,0.591828,3.186254,38.499894
FrodoKEM-640-AES_run20,active,12.158604,5.38375,0.583782,3.142936,38.539948
FrodoKEM-640-AES_run20,active,12.171345,5.38375,0.591649,3.185291,38.580532
FrodoKEM-640-AES_run20,active,12.184083,5.3825,0.590219,3.176853,38.620999
FrodoKEM-640-AES_run20,active,12.196824,5.38375,0.583246,3.140048,38.661007
FrodoKEM-640-AES_run20,active,12.209609,5.3825,0.592722,3.190326,38.701795
FrodoKEM-640-AES_run20,active,12.222357,5.38,0.59147,3.182111,38.74236
FrodoKEM-640-AES_run20,active,12.235097,5.3825,0.590934,3.180702,38.782882
FrodoKEM-640-AES_run20,active,12.247843,5.385,0.583246,3.140778,38.822917
FrodoKEM-640-AES_run20,active,12.260587,5.38375,0.593616,3.19588,38.863644
FrodoKEM-640-AES_run20,active,12.273328,5.37875,0.590219,3.174639,38.904094
FrodoKEM-640-AES_run20,active,12.286073,5.3825,0.591649,3.184552,38.944678
FrodoKEM-640-AES_run20,active,12.298811,5.38375,0.58414,3.144862,38.984738
FrodoKEM-640-AES_run20,active,12.311553,5.38375,0.59147,3.184329,39.025313
FrodoKEM-640-AES_run20,active,12.324294,5.385,0.589682,3.17544,39.065772
FrodoKEM-640-AES_run20,active,12.337033,5.38375,0.583782,3.142936,39.105811
FrodoKEM-640-AES_run20,active,12.349782,5.385,0.59147,3.185068,39.146415
FrodoKEM-640-AES_run20,active,12.362527,5.3825,0.591649,3.184552,39.187002
FrodoKEM-640-AES_run20,active,12.375264,5.3825,0.592186,3.187439,39.227602
FrodoKEM-640-AES_run20,active,12.388004,5.3825,0.582888,3.137395,39.26757
FrodoKEM-640-AES_run20,active,12.400743,5.38375,0.59147,3.184329,39.308136
FrodoKEM-640-AES_run20,active,12.413482,5.38875,0.595225,3.20752,39.348997
FrodoKEM-640-AES_run20,active,12.426223,5.3825,0.59004,3.17589,39.389461
FrodoKEM-640-AES_run20,active,12.438961,5.385,0.583603,3.142703,39.429493
FrodoKEM-640-AES_run20,active,12.451708,5.38375,0.591828,3.186254,39.470109
FrodoKEM-640-AES_run20,active,12.46445,5.38125,0.585391,3.150136,39.510249
FrodoKEM-640-AES_run20,active,12.477194,5.3825,0.583782,3.142207,39.550292
FrodoKEM-640-AES_run20,active,12.489935,5.3825,0.590755,3.17974,39.590806
FrodoKEM-640-AES_run20,active,12.502676,5.38375,0.593616,3.19588,39.631523
FrodoKEM-640-AES_run20,active,12.515415,5.38125,0.591649,3.183812,39.672083
FrodoKEM-640-AES_run20,active,12.528154,5.38375,0.583603,3.141974,39.712109
FrodoKEM-640-AES_run20,active,12.540894,5.38375,0.591292,3.183366,39.752665
FrodoKEM-640-AES_run20,active,12.553644,5.3825,0.587894,3.164342,39.793008
FrodoKEM-640-AES_run20,active,12.566388,5.38375,0.590398,3.178553,39.833516
FrodoKEM-640-AES_run20,active,12.579127,5.38375,0.583424,3.141011,39.873531
FrodoKEM-640-AES_run20,active,12.591868,5.38375,0.590576,3.179516,39.91404
FrodoKEM-640-AES_run20,active,12.604607,5.38375,0.59004,3.176628,39.954509
FrodoKEM-640-AES_run20,active,12.617347,5.3825,0.582888,3.137395,39.994477
FrodoKEM-640-AES_run20,active,12.63009,5.38125,0.583603,3.140515,40.034496
FrodoKEM-640-AES_run20,active,12.642829,5.3825,0.592186,3.187439,40.075101
FrodoKEM-640-AES_run20,active,12.655574,5.385,0.590755,3.181217,40.115646
FrodoKEM-640-AES_run20,active,12.668317,5.38375,0.583424,3.141011,40.155674
FrodoKEM-640-AES_run20,active,12.681061,5.3825,0.589861,3.174928,40.196133
FrodoKEM-640-AES_run20,active,12.693805,5.385,0.587537,3.163886,40.236455
FrodoKEM-640-AES_run20,active,12.706556,5.3825,0.590576,3.178777,40.276987
FrodoKEM-640-AES_run20,active,12.719294,5.38125,0.583424,3.139553,40.316977
FrodoKEM-640-AES_run20,active,12.732034,5.38375,0.590755,3.180478,40.357498
FrodoKEM-640-AES_run20,active,12.744782,5.38125,0.590576,3.178039,40.39801
FrodoKEM-640-AES_run20,active,12.757653,5.3825,0.583782,3.142207,40.438454
FrodoKEM-640-AES_run20,active,12.773243,5.38375,0.589682,3.174703,40.487948
FrodoKEM-640-AES_run20,active,12.786012,5.385,0.590576,3.180254,40.528556
FrodoKEM-640-AES_run20,active,12.798758,5.3825,0.590755,3.17974,40.569086
FrodoKEM-640-AES_run20,active,12.811499,5.3825,0.58557,3.151831,40.609244
FrodoKEM-640-AES_run20,active,12.824243,5.3825,0.592364,3.188401,40.649877
FrodoKEM-640-AES_run20,active,12.836985,5.3825,0.589861,3.174928,40.690332
FrodoKEM-640-AES_run20,active,12.849728,5.38375,0.590934,3.181441,40.730872
FrodoKEM-640-AES_run20,active,12.862478,5.3825,0.5811,3.127771,40.770751
FrodoKEM-640-AES_run20,active,12.87522,5.3825,0.59147,3.183589,40.811318
FrodoKEM-640-AES_run20,active,12.88796,5.3825,0.590755,3.17974,40.851827
FrodoKEM-640-AES_run20,active,12.900698,5.3825,0.583961,3.143169,40.891866
FrodoKEM-640-AES_run20,active,12.913437,5.3825,0.593437,3.194176,40.932556
FrodoKEM-640-AES_run20,active,12.926178,5.38,0.591649,3.183073,40.97311
FrodoKEM-640-AES_run20,active,12.938917,5.38375,0.590398,3.178553,41.013603
FrodoKEM-640-AES_run20,active,12.951653,5.3825,0.584497,3.146056,41.05367
FrodoKEM-640-AES_run20,active,12.964398,5.38375,0.591828,3.186254,41.094281
FrodoKEM-640-AES_run20,active,12.977143,5.385,0.589682,3.17544,41.13475
FrodoKEM-640-AES_run20,active,12.989887,5.38375,0.590219,3.17759,41.175247
FrodoKEM-640-AES_run20,active,13.002637,5.38,0.585928,3.15229,41.215437
FrodoKEM-640-AES_run20,active,13.015406,5.38375,0.597728,3.21802,41.256527
FrodoKEM-640-AES_run20,active,13.028153,5.3825,0.591113,3.181665,41.297084
FrodoKEM-640-AES_run20,active,13.040897,5.38375,0.583246,3.140048,41.337103
FrodoKEM-640-AES_run20,active,13.053641,5.3825,0.59308,3.192251,41.377783
FrodoKEM-640-AES_run20,active,13.066393,5.3825,0.591649,3.184552,41.418393
FrodoKEM-640-AES_run20,active,13.079136,5.3825,0.590576,3.178777,41.458899
FrodoKEM-640-AES_run20,active,13.091878,5.38,0.582173,3.13209,41.49881
FrodoKEM-640-AES_run20,active,13.10462,5.3825,0.591649,3.184552,41.539386
FrodoKEM-640-AES_run20,active,13.117361,5.38375,0.595762,3.207432,41.580253
FrodoKEM-640-AES_run20,active,13.130104,5.38375,0.592007,3.187217,41.620867
FrodoKEM-640-AES_run20,active,13.142843,5.3825,0.583246,3.139319,41.660859
FrodoKEM-640-AES_run20,active,13.155583,5.385,0.593258,3.194696,41.701559
FrodoKEM-640-AES_run20,active,13.168329,5.38,0.590398,3.176339,41.742045
FrodoKEM-640-AES_run20,active,13.181072,5.39,0.583067,3.14273,41.782094
FrodoKEM-640-AES_run20,active,13.193818,5.385,0.592543,3.190845,41.822762
FrodoKEM-640-AES_run20,active,13.206557,5.38375,0.59147,3.184329,41.863329
FrodoKEM-640-AES_run20,active,13.219297,5.3975,0.595583,3.214658,41.904282
FrodoKEM-640-AES_run20,active,13.232036,5.38875,0.583424,3.143928,41.944335
FrodoKEM-640-AES_run20,active,13.244777,5.39625,0.591649,3.192687,41.98501
FrodoKEM-640-AES_run20,active,13.257516,5.3975,0.590219,3.185706,42.025594
FrodoKEM-640-AES_run20,active,13.270266,5.4,0.589861,3.18525,42.066205
FrodoKEM-640-AES_run20,active,13.283006,5.4,0.583246,3.149526,42.106331
FrodoKEM-640-AES_run20,active,13.295746,5.3975,0.591649,3.193427,42.147017
FrodoKEM-640-AES_run20,active,13.308486,5.3975,0.590755,3.188601,42.187637
FrodoKEM-640-AES_run20,active,13.321225,5.3975,0.584497,3.154824,42.227827
FrodoKEM-640-AES_run20,active,13.333966,5.39625,0.58414,3.152163,42.267989
FrodoKEM-640-AES_run20,active,13.346705,5.39625,0.59147,3.191722,42.308648
FrodoKEM-640-AES_run20,active,13.359443,5.39625,0.590398,3.185933,42.349233
FrodoKEM-640-AES_run20,active,13.372245,5.39875,0.582709,3.145901,42.389504
FrodoKEM-640-AES_run20,active,13.38499,5.4,0.59147,3.19394,42.430213
FrodoKEM-640-AES_run20,active,13.397734,5.39625,0.590576,3.186898,42.470825
FrodoKEM-640-AES_run20,active,13.410473,5.3975,0.591113,3.190531,42.511468
FrodoKEM-640-AES_run20,active,13.423211,5.3975,0.585391,3.159649,42.551719
FrodoKEM-640-AES_run20,active,13.435951,5.3975,0.59147,3.192461,42.592388
FrodoKEM-640-AES_run20,active,13.448691,5.39625,0.590576,3.186898,42.632992
FrodoKEM-640-AES_run20,active,13.461431,5.4,0.586643,3.167871,42.673349
FrodoKEM-640-AES_run20,active,13.474178,5.3975,0.58861,3.17702,42.713846
FrodoKEM-640-AES_run20,active,13.486921,5.3975,0.589682,3.182811,42.754404
FrodoKEM-640-AES_run20,active,13.49966,5.39875,0.588073,3.17486,42.794851
FrodoKEM-640-AES_run20,active,13.512399,5.395,0.581994,3.139858,42.83485
FrodoKEM-640-AES_run20,active,13.525139,5.39875,0.594331,3.208646,42.875725
FrodoKEM-640-AES_run20,active,13.53788,5.3975,0.592364,3.197287,42.916463
FrodoKEM-640-AES_run20,active,13.550619,5.39625,0.593795,3.204265,42.957282
FrodoKEM-640-AES_run20,active,13.563356,5.39625,0.583424,3.148304,42.997381
FrodoKEM-640-AES_run20,active,13.576101,5.395,0.59308,3.199664,43.038162
FrodoKEM-640-AES_run20,active,13.588844,5.39625,0.590755,3.187863,43.078784
FrodoKEM-640-AES_run20,active,13.601614,5.395,0.580385,3.131176,43.118772
FrodoKEM-640-AES_run20,active,13.614358,5.39625,0.585212,3.157952,43.159016
FrodoKEM-640-AES_run20,active,13.627095,5.3975,0.59594,3.216588,43.199985
FrodoKEM-640-AES_run20,active,13.639835,5.395,0.589682,3.181337,43.240515
FrodoKEM-640-AES_run20,active,13.652575,5.39375,0.583424,3.146845,43.280606
FrodoKEM-640-AES_run20,active,13.665313,5.39625,0.590576,3.186898,43.3212
FrodoKEM-640-AES_run20,active,13.67806,5.39625,0.59147,3.191722,43.361885
FrodoKEM-640-AES_run20,active,13.690805,5.39875,0.590755,3.18934,43.402535
FrodoKEM-640-AES_run20,active,13.703559,5.3975,0.583424,3.149033,43.442696
FrodoKEM-640-AES_run20,active,13.716299,5.39625,0.591649,3.192687,43.48337
FrodoKEM-640-AES_run20,active,13.729039,5.3975,0.59594,3.216588,43.524351
FrodoKEM-640-AES_run20,active,13.741782,5.39375,0.591292,3.189279,43.564991
FrodoKEM-640-AES_run20,active,13.754523,5.39625,0.583603,3.149269,43.605117
FrodoKEM-640-AES_run20,active,13.767261,5.39625,0.59147,3.191722,43.645771
FrodoKEM-640-AES_run20,active,13.780008,5.395,0.590576,3.18616,43.686388
FrodoKEM-640-AES_run20,active,13.792753,5.3925,0.583067,3.144188,43.726458
FrodoKEM-640-AES_run20,active,13.805494,5.39625,0.591649,3.192687,43.767136
FrodoKEM-640-AES_run20,active,13.818236,5.39625,0.592901,3.199441,43.807904
FrodoKEM-640-AES_run20,active,13.830974,5.39375,0.590576,3.185421,43.848479
FrodoKEM-640-AES_run20,active,13.843714,5.39625,0.583961,3.151198,43.888626
FrodoKEM-640-AES_run20,active,13.856454,5.39625,0.591649,3.192687,43.9293
FrodoKEM-640-AES_run20,active,13.869194,5.39625,0.590219,3.184968,43.969877
FrodoKEM-640-AES_run20,active,13.881941,5.4,0.586106,3.164975,44.010221
FrodoKEM-640-AES_run20,active,13.894683,5.3975,0.583067,3.147103,44.050322
FrodoKEM-640-AES_run20,active,13.907424,5.395,0.59147,3.190983,44.090977
FrodoKEM-640-AES_run20,active,13.920166,5.395,0.590576,3.18616,44.131578
FrodoKEM-640-AES_run20,active,13.932907,5.3975,0.586643,3.166405,44.171918
FrodoKEM-640-AES_run20,active,13.945649,5.39875,0.591649,3.194166,44.21262
FrodoKEM-640-AES_run20,active,13.958392,5.395,0.591113,3.189054,44.253257
FrodoKEM-640-AES_run20,active,13.97113,5.39625,0.588073,3.17339,44.293681
FrodoKEM-640-AES_run20,active,13.983876,5.3975,0.583961,3.151928,44.333856
FrodoKEM-640-AES_run20,active,13.996619,5.39625,0.591113,3.189792,44.374503
FrodoKEM-640-AES_run20,active,14.009383,5.3975,0.590219,3.185706,44.415166
FrodoKEM-640-AES_run20,active,14.022141,5.39625,0.588967,3.178214,44.455711
FrodoKEM-640-AES_run20,active,14.034913,5.39875,0.588073,3.17486,44.496263
FrodoKEM-640-AES_run20,active,14.050431,5.39625,0.592722,3.198476,44.545896
FrodoKEM-640-AES_run20,active,14.063196,5.4,0.590755,3.190078,44.586616
FrodoKEM-640-AES_run20,active,14.075942,5.3975,0.582173,3.142278,44.626668
FrodoKEM-640-AES_run20,active,14.088692,5.395,0.591292,3.190018,44.667342
FrodoKEM-640-AES_run20,active,14.101437,5.39625,0.590576,3.186898,44.707959
FrodoKEM-640-AES_run20,active,14.114182,5.39625,0.590219,3.184968,44.748552
FrodoKEM-640-AES_run20,active,14.126924,5.39125,0.583961,3.148279,44.788665
FrodoKEM-640-AES_run20,active,14.139665,5.40125,0.592007,3.197577,44.829405
FrodoKEM-640-AES_run20,active,14.152406,5.3975,0.590219,3.185706,44.869994
FrodoKEM-640-AES_run20,active,14.165147,5.3975,0.583782,3.150963,44.910141
FrodoKEM-640-AES_run20,active,14.177888,5.39625,0.588967,3.178214,44.950635
FrodoKEM-640-AES_run20,active,14.190636,5.39625,0.59147,3.191722,44.991323
FrodoKEM-640-AES_run20,active,14.203377,5.39625,0.590398,3.185933,45.031914
FrodoKEM-640-AES_run20,active,14.216119,5.395,0.583782,3.149504,45.072046
FrodoKEM-640-AES_run20,active,14.228858,5.3975,0.59147,3.192461,45.112716
FrodoKEM-640-AES_run20,active,14.241601,5.4,0.592364,3.198768,45.153478
FrodoKEM-640-AES_run20,active,14.254343,5.3975,0.592543,3.198252,45.194228
FrodoKEM-640-AES_run20,active,14.267081,5.3975,0.583424,3.149033,45.234341
FrodoKEM-640-AES_run20,active,14.27982,5.395,0.591113,3.189054,45.274967
FrodoKEM-640-AES_run20,active,14.292566,5.395,0.589325,3.179407,45.315491
FrodoKEM-640-AES_run20,active,14.30531,5.39625,0.584497,3.154093,45.355689
FrodoKEM-640-AES_run20,active,14.318054,5.3975,0.58414,3.152893,45.395868
FrodoKEM-640-AES_run20,active,14.330793,5.39625,0.590576,3.186898,45.436466
FrodoKEM-640-AES_run20,active,14.343534,5.395,0.590934,3.188089,45.477086
FrodoKEM-640-AES_run20,active,14.356272,5.39875,0.583782,3.151693,45.517232
FrodoKEM-640-AES_run20,active,14.369013,5.3975,0.591649,3.193427,45.557921
FrodoKEM-640-AES_run20,active,14.381757,5.39625,0.59308,3.200406,45.598704
FrodoKEM-640-AES_run20,active,14.394505,5.3975,0.591649,3.193427,45.639414
FrodoKEM-640-AES_run20,active,14.407247,5.39625,0.582173,3.14155,45.679444
FrodoKEM-640-AES_run20,active,14.419988,5.3975,0.592007,3.195357,45.720158
FrodoKEM-640-AES_run20,active,14.43273,5.3975,0.590219,3.185706,45.760747
FrodoKEM-640-AES_run20,active,14.44547,5.39625,0.596477,3.218738,45.801754
FrodoKEM-640-AES_run20,active,14.458212,5.39625,0.583782,3.150234,45.841896
FrodoKEM-640-AES_run20,active,14.470952,5.39375,0.593437,3.200852,45.882676
FrodoKEM-640-AES_run20,active,14.483691,5.3975,0.590398,3.186671,45.923269
FrodoKEM-640-AES_run20,active,14.496435,5.39625,0.583603,3.149269,45.963405
FrodoKEM-640-AES_run20,active,14.50918,5.3975,0.591113,3.190531,46.004066
FrodoKEM-640-AES_run20,active,14.521921,5.4,0.592186,3.197802,46.04481
FrodoKEM-640-AES_run20,active,14.534659,5.39625,0.590219,3.184968,46.08538
FrodoKEM-640-AES_run20,active,14.547398,5.39625,0.588252,3.174355,46.125818
FrodoKEM-640-AES_run20,active,14.560136,5.3975,0.593437,3.203077,46.16662
FrodoKEM-640-AES_run20,active,14.572876,5.395,0.59147,3.190983,46.207274
FrodoKEM-640-AES_run20,active,14.585617,5.39875,0.588967,3.179687,46.247784
FrodoKEM-640-AES_run20,active,14.598363,5.39875,0.583961,3.152658,46.287968
FrodoKEM-640-AES_run20,active,14.611105,5.39125,0.592007,3.191657,46.328638
FrodoKEM-640-AES_run20,active,14.623848,5.3975,0.590576,3.187636,46.369256
FrodoKEM-640-AES_run20,active,14.636588,5.39625,0.583246,3.147339,46.409354
FrodoKEM-640-AES_run20,active,14.649329,5.39875,0.594689,3.210576,46.45026
FrodoKEM-640-AES_run20,active,14.662072,5.4,0.591828,3.195871,46.490984
FrodoKEM-640-AES_run20,active,14.674812,5.3975,0.589682,3.182811,46.531533
FrodoKEM-640-AES_run20,active,14.687554,5.3975,0.583424,3.149033,46.57166
FrodoKEM-640-AES_run20,active,14.700326,5.40375,0.59147,3.196158,46.612479
FrodoKEM-640-AES_run20,active,14.713073,5.395,0.59004,3.183266,46.653058
FrodoKEM-640-AES_run20,active,14.72582,5.39875,0.590934,3.190305,46.693724
FrodoKEM-640-AES_run20,active,14.738561,5.39625,0.584318,3.153128,46.733897
FrodoKEM-640-AES_run20,active,14.751298,5.3975,0.594331,3.207903,46.774758
FrodoKEM-640-AES_run20,active,14.76404,5.3975,0.591113,3.190531,46.815411
FrodoKEM-640-AES_run20,active,14.776779,5.3975,0.583424,3.149033,46.855527
FrodoKEM-640-AES_run20,active,14.789519,5.395,0.588967,3.177478,46.896007
FrodoKEM-640-AES_run20,active,14.80227,5.395,0.592186,3.194841,46.936746
FrodoKEM-640-AES_run20,active,14.815011,5.39625,0.592543,3.197511,46.977484
FrodoKEM-640-AES_run20,active,14.827751,5.3975,0.583603,3.149998,47.017616
FrodoKEM-640-AES_run20,active,14.84049,5.395,0.592364,3.195806,47.058326
FrodoKEM-640-AES_run20,active,14.853228,5.39625,0.592543,3.197511,47.099058
FrodoKEM-640-AES_run20,active,14.865971,5.39625,0.590755,3.187863,47.13968
FrodoKEM-640-AES_run20,active,14.878712,5.39625,0.584855,3.156023,47.17989
FrodoKEM-640-AES_run20,active,14.891451,5.39625,0.593795,3.204265,47.220709
FrodoKEM-640-AES_run20,active,14.904247,5.39875,0.590755,3.18934,47.261519
FrodoKEM-640-AES_run20,active,14.91699,5.3975,0.583961,3.151928,47.301686
FrodoKEM-640-AES_run20,active,14.929732,5.39875,0.591113,3.19127,47.34235
FrodoKEM-640-AES_run20,active,14.942473,5.39625,0.592364,3.196546,47.383075
FrodoKEM-640-AES_run20,active,14.955211,5.3975,0.594689,3.209833,47.423962
FrodoKEM-640-AES_run20,active,14.967949,5.39375,0.581636,3.137201,47.463924
FrodoKEM-640-AES_run20,active,14.980689,5.39875,0.596834,3.22216,47.504974
FrodoKEM-640-AES_run20,active,14.993428,5.3975,0.591113,3.190531,47.545618
FrodoKEM-640-AES_run20,active,15.006188,5.39625,0.590219,3.184968,47.58626
FrodoKEM-640-AES_run20,active,15.018958,5.39625,0.58253,3.14348,47.626403
FrodoKEM-640-AES_run20,active,15.031711,5.3975,0.597192,3.223344,47.66751
FrodoKEM-640-AES_run20,active,15.044457,5.395,0.590219,3.18423,47.708096
FrodoKEM-640-AES_run20,active,15.057198,5.39625,0.588073,3.17339,47.748528
FrodoKEM-640-AES_run20,active,15.069941,5.3975,0.585391,3.159649,47.788791
FrodoKEM-640-AES_run20,active,15.082682,5.395,0.59147,3.190983,47.829446
FrodoKEM-640-AES_run20,active,15.095423,5.3975,0.590219,3.185706,47.870034
FrodoKEM-640-AES_run20,active,15.108176,5.3975,0.584855,3.156754,47.910294
FrodoKEM-640-AES_run20,active,15.120922,5.4025,0.593258,3.205079,47.951147
FrodoKEM-640-AES_run20,active,15.133667,5.39625,0.591649,3.192687,47.991836
FrodoKEM-640-AES_run20,active,15.146409,5.3975,0.591113,3.190531,48.032489
FrodoKEM-640-AES_run20,active,15.159149,5.39625,0.586285,3.163742,48.072796
FrodoKEM-640-AES_run20,active,15.17189,5.4025,0.591649,3.196385,48.11352
FrodoKEM-640-AES_run20,active,15.184631,5.3975,0.590219,3.185706,48.154111
FrodoKEM-640-AES_run20,active,15.197373,5.3975,0.583782,3.150963,48.194259
FrodoKEM-640-AES_run20,active,15.210121,5.39875,0.584676,3.15652,48.2345
FrodoKEM-640-AES_run20,active,15.222894,5.39625,0.591649,3.192687,48.275279
FrodoKEM-640-AES_run20,active,15.235639,5.39625,0.590219,3.184968,48.315873
FrodoKEM-640-AES_run20,active,15.24838,5.39625,0.583424,3.148304,48.355983
FrodoKEM-640-AES_run20,active,15.261119,5.39625,0.59594,3.215843,48.39695
FrodoKEM-640-AES_run20,active,15.273862,5.3925,0.592543,3.195289,48.437668
FrodoKEM-640-AES_run20,active,15.286601,5.39625,0.595225,3.211984,48.478585
FrodoKEM-640-AES_run20,active,15.299339,5.40125,0.583424,3.151221,48.518728
FrodoKEM-640-AES_run20,active,15.312086,5.39625,0.59147,3.191722,48.559412
FrodoKEM-640-AES_run20,active,15.327614,5.39,0.590576,3.183207,48.608839
FrodoKEM-640-AES_run20,active,15.340393,5.39375,0.583961,3.149739,48.649089
FrodoKEM-640-AES_run20,active,15.353137,5.3975,0.591113,3.190531,48.689751
FrodoKEM-640-AES_run20,active,15.365881,5.3975,0.592007,3.195357,48.730474
FrodoKEM-640-AES_run20,active,15.378623,5.3975,0.589504,3.181846,48.771014
FrodoKEM-640-AES_run20,active,15.391365,5.39875,0.583603,3.150728,48.811162
FrodoKEM-640-AES_run20,active,15.404105,5.39625,0.591292,3.190757,48.851812
FrodoKEM-640-AES_run20,active,15.416854,5.39625,0.590398,3.185933,48.892429
FrodoKEM-640-AES_run20,active,15.429601,5.395,0.589861,3.182301,48.932996
FrodoKEM-640-AES_run20,active,15.442344,5.3975,0.583246,3.148068,48.973111
FrodoKEM-640-AES_run20,active,15.455082,5.3975,0.591649,3.193427,49.013788
FrodoKEM-640-AES_run20,active,15.467821,5.3975,0.590755,3.188601,49.054407
FrodoKEM-640-AES_run20,active,15.48056,5.3925,0.577703,3.115262,49.094092
FrodoKEM-640-AES_run20,active,15.4933,5.39625,0.588967,3.178214,49.134584
FrodoKEM-640-AES_run20,active,15.506042,5.39375,0.59147,3.190243,49.175235
FrodoKEM-640-AES_run20,active,15.518788,5.39625,0.591113,3.189792,49.215891
FrodoKEM-640-AES_run20,active,15.53153,5.395,0.583603,3.148539,49.25601
FrodoKEM-640-AES_run20,active,15.544271,5.39625,0.59147,3.191722,49.296676
FrodoKEM-640-AES_run20,active,15.55701,5.395,0.589682,3.181337,49.337202
FrodoKEM-640-AES_run20,active,15.569752,5.3975,0.590219,3.185706,49.377795
FrodoKEM-640-AES_run20,active,15.582491,5.39625,0.583424,3.148304,49.417902
FrodoKEM-640-AES_run20,active,15.59523,5.3975,0.592722,3.199217,49.458654
FrodoKEM-640-AES_run20,active,15.607967,5.3975,0.590934,3.189566,49.499281
FrodoKEM-640-AES_run20,active,15.620714,5.40125,0.583961,3.154118,49.539485
FrodoKEM-640-AES_run20,active,15.633457,5.3975,0.593258,3.202112,49.58029
FrodoKEM-640-AES_run20,active,15.646201,5.3975,0.592364,3.197287,49.621037
FrodoKEM-640-AES_run20,active,15.658939,5.395,0.590219,3.18423,49.661598
FrodoKEM-640-AES_run20,active,15.671678,5.39625,0.582888,3.145409,49.701668
FrodoKEM-640-AES_run20,active,15.684417,5.39875,0.591113,3.19127,49.742321
FrodoKEM-640-AES_run20,active,15.697176,5.3975,0.590398,3.186671,49.782981
FrodoKEM-640-AES_run20,active,15.70992,5.38875,0.587179,3.164162,49.823305
FrodoKEM-640-AES_run20,active,15.722671,5.3975,0.582888,3.146138,49.863419
FrodoKEM-640-AES_run20,active,15.735415,5.3975,0.592722,3.199217,49.90419
FrodoKEM-640-AES_run20,active,15.748157,5.39625,0.59004,3.184003,49.944762
FrodoKEM-640-AES_run20,active,15.760897,5.39625,0.584318,3.153128,49.984933
FrodoKEM-640-AES_run20,active,15.77364,5.3975,0.587,3.168335,50.025305
FrodoKEM-640-AES_run20,active,15.786378,5.395,0.591292,3.190018,50.065942
FrodoKEM-640-AES_run20,active,15.799119,5.3975,0.592722,3.199217,50.106701
FrodoKEM-640-AES_run20,active,15.811859,5.39625,0.58414,3.152163,50.146861
FrodoKEM-640-AES_run20,active,15.824606,5.3975,0.591649,3.193427,50.187567
FrodoKEM-640-AES_run20,active,15.837352,5.3975,0.591649,3.193427,50.22827
FrodoKEM-640-AES_run20,active,15.850096,5.3975,0.592007,3.195357,50.268992
FrodoKEM-640-AES_run20,active,15.862835,5.3975,0.583424,3.149033,50.309108
FrodoKEM-640-AES_run20,active,15.875575,5.39625,0.592364,3.196546,50.349832
FrodoKEM-640-AES_run20,active,15.888314,5.3975,0.59594,3.216588,50.390808
FrodoKEM-640-AES_run20,active,15.901053,5.39625,0.585034,3.156988,50.431024
FrodoKEM-640-AES_run20,active,15.913795,5.39625,0.583961,3.151198,50.471176
FrodoKEM-640-AES_run20,active,15.926542,5.39625,0.592007,3.194617,50.511898
FrodoKEM-640-AES_run20,active,15.939285,5.39875,0.589682,3.183548,50.552468
FrodoKEM-640-AES_run20,active,15.952026,5.39625,0.583424,3.148304,50.592581
FrodoKEM-640-AES_run20,active,15.964767,5.3975,0.591113,3.190531,50.63323
FrodoKEM-640-AES_run20,active,15.977506,5.39875,0.590219,3.186444,50.673824
FrodoKEM-640-AES_run20,active,15.99025,5.39625,0.599516,3.23514,50.71505
FrodoKEM-640-AES_run20,active,16.002997,5.39625,0.583603,3.149269,50.755196
FrodoKEM-640-AES_run20,active,16.015754,5.395,0.59147,3.190983,50.795901
FrodoKEM-640-AES_run20,active,16.028505,5.3975,0.590219,3.185706,50.836522
FrodoKEM-640-AES_run20,active,16.041249,5.3975,0.583424,3.149033,50.876655
FrodoKEM-640-AES_run20,active,16.053992,5.39625,0.586106,3.162777,50.916957
FrodoKEM-640-AES_run20,active,16.066731,5.3975,0.591649,3.193427,50.957639
FrodoKEM-640-AES_run20,active,16.079504,5.40125,0.590755,3.190817,50.998394
FrodoKEM-640-AES_run20,active,16.092248,5.39625,0.583961,3.151198,51.038555
FrodoKEM-640-AES_run20,active,16.104988,5.3975,0.591649,3.193427,51.079237
FrodoKEM-640-AES_run20,active,16.117729,5.39625,0.592186,3.195582,51.119954
FrodoKEM-640-AES_run20,active,16.130477,5.4,0.59147,3.19394,51.16067
FrodoKEM-640-AES_run20,active,16.143221,5.3975,0.584497,3.154824,51.200874
FrodoKEM-640-AES_run20,active,16.155963,5.39625,0.593437,3.202335,51.241679
FrodoKEM-640-AES_run20,active,16.168703,5.38875,0.590755,3.183432,51.282235
FrodoKEM-640-AES_run20,active,16.181442,5.3975,0.590398,3.186671,51.322832
FrodoKEM-640-AES_run20,active,16.194186,5.3825,0.583424,3.140282,51.362849
FrodoKEM-640-AES_run20,active,16.206924,5.39625,0.591828,3.193652,51.40353
FrodoKEM-640-AES_run20,active,16.219665,5.40625,0.590755,3.19377,51.444222
FrodoKEM-640-AES_run20,active,16.232411,5.39625,0.583961,3.151198,51.484389
FrodoKEM-640-AES_run20,active,16.245155,5.39625,0.590576,3.186898,51.525001
FrodoKEM-640-AES_run20,active,16.257898,5.39375,0.595404,3.21146,51.565926
FrodoKEM-640-AES_run20,active,16.270638,5.39625,0.59147,3.191722,51.606587
FrodoKEM-640-AES_run20,active,16.283376,5.39875,0.583424,3.149762,51.646709
FrodoKEM-640-AES_run20,active,16.296115,5.3825,0.59147,3.183589,51.687266
FrodoKEM-640-AES_run20,active,16.308856,5.4,0.592186,3.197802,51.728008
FrodoKEM-640-AES_run20,active,16.321598,5.3975,0.590755,3.188601,51.768637
FrodoKEM-640-AES_run20,active,16.334346,5.39625,0.583246,3.147339,51.808761
FrodoKEM-640-AES_run20,active,16.347087,5.39625,0.591113,3.189792,51.8494
FrodoKEM-640-AES_run20,active,16.359826,5.39625,0.591649,3.192687,51.890072
FrodoKEM-640-AES_run20,active,16.372566,5.3975,0.583782,3.150963,51.930217
FrodoKEM-640-AES_run20,active,16.385305,5.39875,0.592007,3.196097,51.970932
FrodoKEM-640-AES_run20,active,16.398048,5.3825,0.590934,3.180702,52.011463
FrodoKEM-640-AES_run20,active,16.410787,5.3975,0.588073,3.174125,52.0519
FrodoKEM-640-AES_run20,active,16.423525,5.395,0.583961,3.150469,52.092028
FrodoKEM-640-AES_run20,active,16.436269,5.39625,0.592364,3.196546,52.132767
FrodoKEM-640-AES_run20,active,16.449013,5.3975,0.593795,3.205007,52.173612
FrodoKEM-640-AES_run20,active,16.461756,5.3975,0.591649,3.193427,52.214305
FrodoKEM-640-AES_run20,active,16.474495,5.39625,0.583961,3.151198,52.254446
FrodoKEM-640-AES_run20,active,16.487232,5.3975,0.595046,3.211763,52.295357
FrodoKEM-640-AES_run20,active,16.499973,5.3825,0.590755,3.17974,52.335868
FrodoKEM-640-AES_run20,active,16.512716,5.395,0.583603,3.148539,52.375991
FrodoKEM-640-AES_run20,active,16.525457,5.39625,0.592007,3.194617,52.416693
FrodoKEM-640-AES_run20,active,16.538204,5.3975,0.587716,3.172195,52.45713
FrodoKEM-640-AES_run20,active,16.550946,5.4,0.589861,3.18525,52.497716
FrodoKEM-640-AES_run20,active,16.563687,5.3975,0.584497,3.154824,52.537911
FrodoKEM-640-AES_run20,active,16.576426,5.39625,0.591828,3.193652,52.578596
FrodoKEM-640-AES_run20,active,16.589167,5.40125,0.595225,3.21496,52.619557
FrodoKEM-640-AES_run20,active,16.604485,5.3975,0.581279,3.137452,52.667616
FrodoKEM-640-AES_run20,active,16.617237,5.39625,0.581458,3.137691,52.707627
FrodoKEM-640-AES_run20,active,16.629981,5.40125,0.592364,3.199508,52.748404
FrodoKEM-640-AES_run20,active,16.642728,5.3975,0.590934,3.189566,52.789059
FrodoKEM-640-AES_run20,active,16.655501,5.39875,0.583782,3.151693,52.829318
FrodoKEM-640-AES_run20,active,16.668245,5.39375,0.593974,3.203745,52.870144
FrodoKEM-640-AES_run20,active,16.680985,5.39625,0.590755,3.187863,52.910759
FrodoKEM-640-AES_run20,active,16.69373,5.39625,0.595404,3.212949,52.951707
FrodoKEM-640-AES_run20,active,16.706481,5.39625,0.583067,3.146374,52.991826
FrodoKEM-640-AES_run20,active,16.719218,5.4,0.593795,3.206492,53.032669
FrodoKEM-640-AES_run20,active,16.73196,5.39875,0.590934,3.190305,53.073318
FrodoKEM-640-AES_run20,active,16.744708,5.3975,0.583603,3.149998,53.113474
FrodoKEM-640-AES_run20,active,16.757452,5.39625,0.583424,3.148304,53.153597
FrodoKEM-640-AES_run20,active,16.770194,5.39625,0.596477,3.218738,53.194611
FrodoKEM-640-AES_run20,active,16.782932,5.3975,0.590576,3.187636,53.235216
FrodoKEM-640-AES_run20,active,16.795671,5.3975,0.583603,3.149998,53.275343
FrodoKEM-640-AES_run20,active,16.808411,5.38375,0.593437,3.194918,53.316047
FrodoKEM-640-AES_run20,active,16.821152,5.3975,0.592364,3.197287,53.356781
FrodoKEM-640-AES_run20,active,16.833894,5.39625,0.592543,3.197511,53.397525
FrodoKEM-640-AES_run20,active,16.84664,5.39625,0.583961,3.151198,53.437689
FrodoKEM-640-AES_run20,active,16.859383,5.395,0.588967,3.177478,53.478181
FrodoKEM-640-AES_run20,active,16.872124,5.39625,0.590576,3.186898,53.518785
FrodoKEM-640-AES_run20,active,16.884864,5.3975,0.587894,3.17316,53.559211
FrodoKEM-640-AES_run20,active,16.897607,5.39875,0.583067,3.147832,53.599323
FrodoKEM-640-AES_run20,active,16.910349,5.385,0.591649,3.186031,53.639921
FrodoKEM-640-AES_run20,active,16.92309,5.39625,0.590755,3.187863,53.680537
FrodoKEM-640-AES_run20,active,16.935829,5.3975,0.585391,3.159649,53.720787
FrodoKEM-640-AES_run20,active,16.948576,5.395,0.587,3.166867,53.761154
FrodoKEM-640-AES_run20,active,16.961319,5.39625,0.592007,3.194617,53.801865
FrodoKEM-640-AES_run20,active,16.974061,5.395,0.592364,3.195806,53.842586
FrodoKEM-640-AES_run20,active,16.986801,5.39625,0.583603,3.149269,53.882709
FrodoKEM-640-AES_run20,active,16.999541,5.39625,0.591828,3.193652,53.923394
FrodoKEM-640-AES_run20,active,17.01229,5.3825,0.590219,3.176853,53.963896
FrodoKEM-640-AES_run20,active,17.025047,5.39625,0.590219,3.184968,54.004527
FrodoKEM-640-AES_run20,active,17.037792,5.39875,0.583603,3.150728,54.044684
FrodoKEM-640-AES_run20,active,17.050537,5.39625,0.59147,3.191722,54.08536
FrodoKEM-640-AES_run20,active,17.063283,5.395,0.590576,3.18616,54.125972
FrodoKEM-640-AES_run20,active,17.076025,5.3975,0.583603,3.149998,54.16611
FrodoKEM-640-AES_run20,active,17.088765,5.38875,0.591649,3.18825,54.206729
FrodoKEM-640-AES_run20,active,17.101505,5.39875,0.59147,3.193201,54.24741
FrodoKEM-640-AES_run20,active,17.114249,5.38125,0.590219,3.176115,54.287885
FrodoKEM-640-AES_run20,active,17.126989,5.39625,0.582709,3.144445,54.327945
FrodoKEM-640-AES_run20,active,17.139729,5.3925,0.591292,3.18854,54.368568
FrodoKEM-640-AES_run20,active,17.152477,5.39625,0.59004,3.184003,54.409157
FrodoKEM-640-AES_run20,active,17.165224,5.39625,0.590576,3.186898,54.44978
FrodoKEM-640-AES_run20,active,17.177967,5.395,0.583424,3.147575,54.489889
FrodoKEM-640-AES_run20,active,17.190706,5.39625,0.592543,3.197511,54.530625
FrodoKEM-640-AES_run20,active,17.203447,5.395,0.591113,3.189054,54.571254
FrodoKEM-640-AES_run20,active,17.216228,5.39625,0.583961,3.151198,54.611531
FrodoKEM-640-AES_run20,active,17.22897,5.39625,0.592007,3.194617,54.652237
FrodoKEM-640-AES_run20,active,17.241713,5.39625,0.591828,3.193652,54.692932
FrodoKEM-640-AES_run20,active,17.25446,5.3975,0.591113,3.190531,54.733603
FrodoKEM-640-AES_run20,active,17.267204,5.3975,0.583424,3.149033,54.773734
FrodoKEM-640-AES_run20,active,17.279946,5.395,0.595046,3.210275,54.814639
FrodoKEM-640-AES_run20,active,17.292685,5.39625,0.589682,3.182074,54.855177
FrodoKEM-640-AES_run20,active,17.305426,5.39625,0.590934,3.188828,54.895804
FrodoKEM-640-AES_run20,active,17.318167,5.39375,0.577882,3.116949,54.935519
FrodoKEM-640-AES_run20,active,17.330941,5.39625,0.591649,3.192687,54.9763
FrodoKEM-640-AES_run20,active,17.343682,5.39,0.590576,3.183207,55.01686
FrodoKEM-640-AES_run20,active,17.356429,5.39875,0.583424,3.149762,55.057009
FrodoKEM-640-AES_run20,active,17.369173,5.39875,0.589325,3.181617,55.097555
FrodoKEM-640-AES_run20,active,17.381915,5.395,0.592722,3.197735,55.138302
FrodoKEM-640-AES_run20,active,17.394655,5.39875,0.593437,3.203819,55.179116
FrodoKEM-640-AES_run20,active,17.407392,5.39875,0.581994,3.14204,55.219138
FrodoKEM-640-AES_run20,active,17.420132,5.3975,0.590755,3.188601,55.25976
FrodoKEM-640-AES_run20,active,17.432872,5.3975,0.591828,3.194392,55.300456
FrodoKEM-640-AES_run20,active,17.445613,5.395,0.590755,3.187124,55.341063
FrodoKEM-640-AES_run20,active,17.458359,5.3925,0.580385,3.129725,55.380956
FrodoKEM-640-AES_run20,active,17.4711,5.3975,0.592186,3.196322,55.421678
FrodoKEM-640-AES_run20,active,17.48384,5.395,0.59004,3.183266,55.462232
FrodoKEM-640-AES_run20,active,17.496578,5.39625,0.583782,3.150234,55.502363
FrodoKEM-640-AES_run20,active,17.509319,5.395,0.592007,3.193877,55.543054
FrodoKEM-640-AES_run20,active,17.52206,5.39625,0.591649,3.192687,55.583734
FrodoKEM-640-AES_run20,active,17.534799,5.39625,0.592007,3.194617,55.624428
FrodoKEM-640-AES_run20,active,17.547536,5.3975,0.581815,3.140348,55.664429
FrodoKEM-640-AES_run20,active,17.560273,5.395,0.591828,3.192912,55.705097
FrodoKEM-640-AES_run20,active,17.573012,5.3975,0.59004,3.184741,55.745665
FrodoKEM-640-AES_run20,active,17.585754,5.39875,0.590219,3.186444,55.786267
FrodoKEM-640-AES_run20,active,17.598494,5.39625,0.583782,3.150234,55.826403
FrodoKEM-640-AES_run20,active,17.611231,5.39625,0.59147,3.191722,55.867056
FrodoKEM-640-AES_run20,active,17.623969,5.395,0.590576,3.18616,55.907641
FrodoKEM-640-AES_run20,active,17.63671,5.3975,0.583246,3.148068,55.947748
FrodoKEM-640-AES_run20,active,17.649449,5.4025,0.583961,3.154848,55.987938
FrodoKEM-640-AES_run20,active,17.662197,5.39875,0.592007,3.196097,56.028683
FrodoKEM-640-AES_run20,active,17.674938,5.39875,0.590755,3.18934,56.069318
FrodoKEM-640-AES_run20,active,17.687678,5.40625,0.583603,3.155105,56.109516
FrodoKEM-640-AES_run20,active,17.700426,5.395,0.591292,3.190018,56.15018
FrodoKEM-640-AES_run20,active,17.713167,5.39625,0.592364,3.196546,56.190908
FrodoKEM-640-AES_run20,active,17.72591,5.39625,0.591292,3.190757,56.231567
FrodoKEM-640-AES_run20,active,17.738649,5.3875,0.583603,3.144162,56.271621
FrodoKEM-640-AES_run20,active,17.751386,5.39625,0.59147,3.191722,56.312275
FrodoKEM-640-AES_run20,active,17.764134,5.39875,0.590219,3.186444,56.352894
FrodoKEM-640-AES_run20,active,17.776878,5.405,0.587179,3.173704,56.393342
FrodoKEM-640-AES_run20,active,17.789623,5.39625,0.584497,3.154093,56.433539
FrodoKEM-640-AES_run20,active,17.802364,5.3975,0.591649,3.193427,56.474226
FrodoKEM-640-AES_run20,active,17.815103,5.395,0.590755,3.187124,56.514827
FrodoKEM-640-AES_run20,active,17.827843,5.4,0.582173,3.143733,56.55488
FrodoKEM-640-AES_run20,active,17.840584,5.3975,0.59147,3.192461,56.595555
FrodoKEM-640-AES_run20,active,17.853324,5.3975,0.59147,3.192461,56.636227
FrodoKEM-640-AES_run20,active,17.866072,5.3975,0.590576,3.187636,56.676863
FrodoKEM-640-AES_run20,active,17.881648,5.39625,0.583782,3.150234,56.72593
FrodoKEM-640-AES_run20,active,17.894414,5.395,0.592186,3.194841,56.766715
FrodoKEM-640-AES_run20,active,17.907157,5.3975,0.589861,3.183776,56.807285
FrodoKEM-640-AES_run20,active,17.919898,5.39125,0.583961,3.148279,56.847399
FrodoKEM-640-AES_run20,active,17.932636,5.39625,0.592364,3.196546,56.888117
FrodoKEM-640-AES_run20,active,17.945376,5.395,0.591649,3.191947,56.928783
FrodoKEM-640-AES_run20,active,17.958117,5.3975,0.590576,3.187636,56.969397
FrodoKEM-640-AES_run20,active,17.970863,5.39625,0.583603,3.149269,57.009536
FrodoKEM-640-AES_run20,active,17.983606,5.38875,0.591649,3.18825,57.050164
FrodoKEM-640-AES_run20,active,17.996347,5.3975,0.589861,3.183776,57.090728
FrodoKEM-640-AES_run20,active,18.009096,5.395,0.59004,3.183266,57.131311
FrodoKEM-640-AES_run20,active,18.021854,5.3975,0.583603,3.149998,57.171498
FrodoKEM-640-AES_run20,active,18.034596,5.395,0.592007,3.193877,57.212197
FrodoKEM-640-AES_run20,active,18.047337,5.40125,0.591292,3.193714,57.252886
FrodoKEM-640-AES_run20,active,18.060077,5.39625,0.583603,3.149269,57.293009
FrodoKEM-640-AES_run20,active,18.072814,5.3975,0.588788,3.177985,57.333486
FrodoKEM-640-AES_run20,active,18.085589,5.3975,0.591649,3.193427,57.374281
FrodoKEM-640-AES_run20,active,18.098335,5.39625,0.590398,3.185933,57.414891
FrodoKEM-640-AES_run20,active,18.111074,5.3975,0.582709,3.145173,57.454958
FrodoKEM-640-AES_run20,active,18.123813,5.39625,0.591828,3.193652,57.495642
FrodoKEM-640-AES_run20,active,18.136553,5.39375,0.592543,3.19603,57.536357
FrodoKEM-640-AES_run20,active,18.149293,5.39625,0.59004,3.184003,57.576923
FrodoKEM-640-AES_run20,active,18.162035,5.39625,0.583603,3.149269,57.61705
FrodoKEM-640-AES_run20,active,18.174783,5.395,0.59308,3.199664,57.657838
FrodoKEM-640-AES_run20,active,18.187528,5.39375,0.594152,3.20471,57.698684
FrodoKEM-640-AES_run20,active,18.20027,5.39625,0.584318,3.153128,57.738862
FrodoKEM-640-AES_run20,active,18.21301,5.3975,0.592543,3.198252,57.779606
FrodoKEM-640-AES_run20,active,18.225753,5.39625,0.592543,3.197511,57.820352
FrodoKEM-640-AES_run20,active,18.238491,5.39375,0.590219,3.183493,57.860905
FrodoKEM-640-AES_run20,active,18.25123,5.3975,0.583246,3.148068,57.901006
FrodoKEM-640-AES_run20,active,18.26397,5.3975,0.591649,3.193427,57.941692
FrodoKEM-640-AES_run20,active,18.276717,5.3975,0.587716,3.172195,57.982128
FrodoKEM-640-AES_run20,active,18.28946,5.3975,0.59004,3.184741,58.02271
FrodoKEM-640-AES_run20,active,18.302203,5.39625,0.583961,3.151198,58.062866
FrodoKEM-640-AES_run20,active,18.314941,5.3975,0.593795,3.205007,58.103692
FrodoKEM-640-AES_run20,active,18.32768,5.39125,0.593437,3.199368,58.144447
FrodoKEM-640-AES_run20,active,18.340428,5.39,0.583603,3.145621,58.18455
FrodoKEM-640-AES_run20,active,18.353172,5.3975,0.586643,3.166405,58.224901
FrodoKEM-640-AES_run20,active,18.365914,5.3975,0.591828,3.194392,58.265603
FrodoKEM-640-AES_run20,active,18.378659,5.3975,0.590576,3.187636,58.306231
FrodoKEM-640-AES_run20,active,18.391402,5.3975,0.583424,3.149033,58.346359
FrodoKEM-640-AES_run20,active,18.404144,5.3975,0.59147,3.192461,58.387038
FrodoKEM-640-AES_run20,active,18.416884,5.39625,0.590576,3.186898,58.427637
FrodoKEM-640-AES_run20,active,18.429625,5.3975,0.590755,3.188601,58.468264
FrodoKEM-640-AES_run20,active,18.442365,5.39625,0.583603,3.149269,58.508385
FrodoKEM-640-AES_run20,active,18.455104,5.39875,0.592364,3.198027,58.549125
FrodoKEM-640-AES_run20,active,18.467843,5.3975,0.590219,3.185706,58.589709
FrodoKEM-640-AES_run20,active,18.480589,5.39625,0.584855,3.156023,58.629935
FrodoKEM-640-AES_run20,active,18.493332,5.3975,0.584497,3.154824,58.670138
FrodoKEM-640-AES_run20,active,18.506075,5.3975,0.591292,3.191496,58.710807
FrodoKEM-640-AES_run20,active,18.518815,5.39625,0.59004,3.184003,58.751369
FrodoKEM-640-AES_run20,active,18.531554,5.3975,0.583782,3.150963,58.791509
FrodoKEM-640-AES_run20,active,18.544288,5.3975,0.591649,3.193427,58.832176
FrodoKEM-640-AES_run20,active,18.557029,5.395,0.590755,3.187124,58.872783
FrodoKEM-640-AES_run20,active,18.569771,5.39625,0.59004,3.184003,58.913352
FrodoKEM-640-AES_run20,active,18.582517,5.3975,0.583424,3.149033,58.953491
FrodoKEM-640-AES_run20,active,18.595258,5.39625,0.591292,3.190757,58.994145
FrodoKEM-640-AES_run20,active,18.607998,5.39875,0.591113,3.19127,59.034802
FrodoKEM-640-AES_run20,active,18.620737,5.3975,0.583603,3.149998,59.074928
FrodoKEM-640-AES_run20,active,18.633476,5.3975,0.58557,3.160614,59.115193
FrodoKEM-640-AES_run20,active,18.646218,5.39625,0.59147,3.191722,59.155859
FrodoKEM-640-AES_run20,active,18.658955,5.39375,0.590755,3.186386,59.196446
FrodoKEM-640-AES_run20,active,18.671693,5.3975,0.583424,3.149033,59.236559
FrodoKEM-640-AES_run20,active,18.684439,5.39625,0.591113,3.189792,59.277217
FrodoKEM-640-AES_run20,active,18.697204,5.395,0.591113,3.189054,59.317922
FrodoKEM-640-AES_run20,active,18.709949,5.3975,0.590576,3.187636,59.358549
FrodoKEM-640-AES_run20,active,18.722688,5.3975,0.583961,3.151928,59.398702
FrodoKEM-640-AES_run20,active,18.735427,5.3975,0.593437,3.203077,59.439507
FrodoKEM-640-AES_run20,active,18.748179,5.3925,0.592901,3.197218,59.480277
FrodoKEM-640-AES_run20,active,18.761,5.395,0.588788,3.176513,59.521002
FrodoKEM-640-AES_run20,active,18.773799,5.39625,0.584318,3.153128,59.561359
FrodoKEM-640-AES_run20,active,18.786555,5.39375,0.591649,3.191208,59.602068
FrodoKEM-640-AES_run20,active,18.799305,5.39875,0.59004,3.185478,59.642682
FrodoKEM-640-AES_run20,active,18.812047,5.3975,0.583246,3.148068,59.682796
FrodoKEM-640-AES_run20,active,18.824788,5.395,0.59147,3.190983,59.723452
FrodoKEM-640-AES_run20,active,18.837531,5.395,0.586643,3.164938,59.763781
FrodoKEM-640-AES_run20,active,18.850274,5.39625,0.590755,3.187863,59.804405
FrodoKEM-640-AES_run20,active,18.863016,5.3975,0.583603,3.149998,59.844541
FrodoKEM-640-AES_run20,active,18.875757,5.3975,0.588967,3.17895,59.885045
FrodoKEM-640-AES_run20,active,18.888503,5.39625,0.590755,3.187863,59.925676
FrodoKEM-640-AES_run20,active,18.901247,5.39875,0.59004,3.185478,59.966272
FrodoKEM-640-AES_run20,active,18.913992,5.39625,0.583961,3.151198,60.006435
FrodoKEM-640-AES_run20,active,18.926732,5.40125,0.590398,3.188885,60.047062
FrodoKEM-640-AES_run20,active,18.939499,5.39625,0.591113,3.189792,60.087786
FrodoKEM-640-AES_run20,active,18.952243,5.3975,0.583782,3.150963,60.127943
FrodoKEM-640-AES_run20,active,18.964987,5.3975,0.593258,3.202112,60.168748
FrodoKEM-640-AES_run20,active,18.977729,5.40125,0.591113,3.192748,60.20943
FrodoKEM-640-AES_run20,active,18.990476,5.39625,0.589682,3.182074,60.249995
FrodoKEM-640-AES_run20,active,19.003218,5.395,0.583961,3.150469,60.290137
FrodoKEM-640-AES_run20,active,19.015994,5.3975,0.592364,3.197287,60.330986
FrodoKEM-640-AES_run20,active,19.028755,5.395,0.590576,3.18616,60.371644
FrodoKEM-640-AES_run20,active,19.041501,5.3975,0.590219,3.185706,60.412248
FrodoKEM-640-AES_run20,active,19.054246,5.3975,0.58414,3.152893,60.452432
FrodoKEM-640-AES_run20,active,19.066989,5.39875,0.588967,3.179687,60.492951
FrodoKEM-640-AES_run20,active,19.079731,5.39625,0.590934,3.188828,60.533583
FrodoKEM-640-AES_run20,active,19.092478,5.39625,0.583067,3.146374,60.573692
FrodoKEM-640-AES_run20,active,19.105225,5.3975,0.591292,3.191496,60.614372
FrodoKEM-640-AES_run20,active,19.11797,5.39875,0.591828,3.195131,60.655092
FrodoKEM-640-AES_run20,active,19.13071,5.39625,0.590219,3.184968,60.695671
FrodoKEM-640-AES_run20,active,19.14345,5.39625,0.583961,3.151198,60.735816
FrodoKEM-640-AES_run20,active,19.159045,5.39875,0.591828,3.195131,60.785644
FrodoKEM-640-AES_run20,active,19.171808,5.39625,0.590755,3.187863,60.82633
FrodoKEM-640-AES_run20,active,19.184552,5.4025,0.583424,3.15195,60.866501
FrodoKEM-640-AES_run20,active,19.197304,5.395,0.580564,3.132141,60.906442
FrodoKEM-640-AES_run20,active,19.210056,5.39625,0.591649,3.192687,60.947153
FrodoKEM-640-AES_run20,active,19.222796,5.39625,0.59147,3.191722,60.987817
FrodoKEM-640-AES_run20,active,19.235539,5.3975,0.584676,3.155789,61.02803
FrodoKEM-640-AES_run20,active,19.248279,5.3925,0.591649,3.190468,61.068677
FrodoKEM-640-AES_run20,active,19.26102,5.3975,0.588967,3.17895,61.109179
FrodoKEM-640-AES_run20,active,19.273764,5.395,0.590755,3.187124,61.149797
FrodoKEM-640-AES_run20,active,19.286505,5.3925,0.583603,3.14708,61.189894
FrodoKEM-640-AES_run20,active,19.299249,5.3975,0.591649,3.193427,61.23059
FrodoKEM-640-AES_run20,active,19.311994,5.3975,0.590755,3.188601,61.27123
FrodoKEM-640-AES_run20,active,19.324733,5.3975,0.583603,3.149998,61.311358
FrodoKEM-640-AES_run20,active,19.337471,5.395,0.585749,3.160115,61.351612
FrodoKEM-640-AES_run20,active,19.350214,5.39625,0.59147,3.191722,61.392285
FrodoKEM-640-AES_run20,active,19.362953,5.39625,0.590398,3.185933,61.432867
FrodoKEM-640-AES_run20,active,19.375694,5.39875,0.585212,3.159415,61.473122
FrodoKEM-640-AES_run20,active,19.388434,5.3975,0.59147,3.192461,61.513794
FrodoKEM-640-AES_run20,active,19.401179,5.3975,0.592007,3.195357,61.554521
FrodoKEM-640-AES_run20,active,19.413925,5.395,0.592543,3.196771,61.595266
FrodoKEM-640-AES_run20,active,19.426666,5.3975,0.583246,3.148068,61.635374
FrodoKEM-640-AES_run20,active,19.439406,5.3975,0.59147,3.192461,61.676048
FrodoKEM-640-AES_run20,active,19.452148,5.3975,0.590219,3.185706,61.716639
FrodoKEM-640-AES_run20,active,19.464888,5.3975,0.59147,3.192461,61.757312
FrodoKEM-640-AES_run20,active,19.477633,5.40125,0.583603,3.152187,61.797486
FrodoKEM-640-AES_run20,active,19.490373,5.3975,0.592722,3.199217,61.838245
FrodoKEM-640-AES_run20,active,19.503119,5.39875,0.590934,3.190305,61.878907
FrodoKEM-640-AES_run20,active,19.515863,5.3975,0.586822,3.16737,61.919273
FrodoKEM-640-AES_run20,active,19.528604,5.395,0.59147,3.190983,61.959929
FrodoKEM-640-AES_run20,active,19.541344,5.39875,0.592543,3.198993,62.000685
FrodoKEM-640-AES_run20,active,19.554086,5.39625,0.59147,3.191722,62.041353
FrodoKEM-640-AES_run20,active,19.566826,5.39,0.589682,3.178388,62.081845
FrodoKEM-640-AES_run20,active,19.579567,5.3975,0.591828,3.194392,62.122547
FrodoKEM-640-AES_run20,active,19.592308,5.39875,0.590219,3.186444,62.163143
FrodoKEM-640-AES_run20,active,19.605053,5.39625,0.590219,3.184968,62.203737
FrodoKEM-640-AES_run20,active,19.617799,5.39625,0.58557,3.159882,62.244013
FrodoKEM-640-AES_run20,active,19.630541,5.395,0.59147,3.190983,62.28467
FrodoKEM-640-AES_run20,active,19.643281,5.39625,0.591292,3.190757,62.325323
FrodoKEM-640-AES_run20,active,19.656022,5.39375,0.584676,3.153596,62.365503
FrodoKEM-640-AES_run20,active,19.668763,5.4,0.591113,3.192009,62.406173
FrodoKEM-640-AES_run20,active,19.681506,5.39875,0.592007,3.196097,62.4469
FrodoKEM-640-AES_run20,active,19.694252,5.3975,0.590219,3.185706,62.487505
FrodoKEM-640-AES_run20,active,19.707006,5.3975,0.583961,3.151928,62.527704
FrodoKEM-640-AES_run20,active,19.719751,5.39875,0.591649,3.194166,62.568413
FrodoKEM-640-AES_run20,active,19.732493,5.39875,0.590219,3.186444,62.609015
FrodoKEM-640-AES_run20,active,19.745234,5.39875,0.579491,3.128526,62.648876
FrodoKEM-640-AES_run20,active,19.757977,5.39875,0.584318,3.154589,62.689074
FrodoKEM-640-AES_run20,active,19.770718,5.39625,0.592007,3.194617,62.729779
FrodoKEM-640-AES_run20,active,19.783459,5.395,0.591113,3.189054,62.770408
FrodoKEM-640-AES_run20,active,19.796246,5.4,0.586464,3.166906,62.810904
FrodoKEM-640-AES_run20,active,19.808994,5.3975,0.59147,3.192461,62.8516
FrodoKEM-640-AES_run20,active,19.821741,5.3975,0.59147,3.192461,62.892295
FrodoKEM-640-AES_run20,active,19.834488,5.39625,0.59147,3.191722,62.932981
FrodoKEM-640-AES_run20,active,19.847227,5.39625,0.583961,3.151198,62.973123
FrodoKEM-640-AES_run20,active,19.859968,5.3975,0.591828,3.194392,63.013823
FrodoKEM-640-AES_run20,active,19.872708,5.395,0.589325,3.179407,63.054329
FrodoKEM-640-AES_run20,active,19.885448,5.39625,0.591649,3.192687,63.095006
FrodoKEM-640-AES_run20,active,19.898191,5.3975,0.583246,3.148068,63.135121
FrodoKEM-640-AES_run20,active,19.910935,5.39625,0.591649,3.192687,63.175808
FrodoKEM-640-AES_run20,active,19.923679,5.3925,0.590398,3.183719,63.216382
FrodoKEM-640-AES_run20,active,19.936419,5.40125,0.583603,3.152187,63.25654
FrodoKEM-640-AES_run20,active,19.949158,5.3975,0.588788,3.177985,63.297026
FrodoKEM-640-AES_run20,active,19.961901,5.39625,0.592543,3.197511,63.33777
FrodoKEM-640-AES_run20,active,19.97464,5.395,0.59147,3.190983,63.378421
FrodoKEM-640-AES_run20,active,19.987381,5.40125,0.583424,3.151221,63.41857
FrodoKEM-640-AES_run20,active,20.000122,5.3975,0.591649,3.193427,63.459257
FrodoKEM-640-AES_run20,active,20.01288,5.39625,0.592007,3.194617,63.500015
FrodoKEM-640-AES_run20,active,20.025654,5.39375,0.590576,3.185421,63.540704
FrodoKEM-640-AES_run20,active,20.038404,5.39625,0.583782,3.150234,63.580869
FrodoKEM-640-AES_run20,active,20.051146,5.39625,0.592722,3.198476,63.621625
FrodoKEM-640-AES_run20,active,20.063888,5.3975,0.590934,3.189566,63.662266
FrodoKEM-640-AES_run20,active,20.076629,5.3925,0.583067,3.144188,63.702328
FrodoKEM-640-AES_run20,active,20.089371,5.3975,0.59147,3.192461,63.743004
FrodoKEM-640-AES_run20,active,20.102115,5.39375,0.59147,3.190243,63.783661
FrodoKEM-640-AES_run20,active,20.114862,5.3975,0.591649,3.193427,63.824368
FrodoKEM-640-AES_run20,active,20.12761,5.39625,0.583067,3.146374,63.86448
FrodoKEM-640-AES_run20,active,20.140356,5.39375,0.59147,3.190243,63.90514
FrodoKEM-640-AES_run20,active,20.153097,5.3975,0.590576,3.187636,63.945756
FrodoKEM-640-AES_run20,active,20.165843,5.39625,0.592901,3.199441,63.986536
FrodoKEM-640-AES_run20,active,20.178586,5.3975,0.583424,3.149033,64.026663
FrodoKEM-640-AES_run20,active,20.191327,5.39875,0.591649,3.194166,64.067359
FrodoKEM-640-AES_run20,active,20.20407,5.395,0.590219,3.18423,64.107935
FrodoKEM-640-AES_run20,active,20.21681,5.39625,0.585391,3.158917,64.148181
FrodoKEM-640-AES_run20,active,20.229582,5.39875,0.585749,3.162311,64.18857
FrodoKEM-640-AES_run20,active,20.242331,5.39625,0.591649,3.192687,64.229273
FrodoKEM-640-AES_run20,active,20.25507,5.3975,0.586643,3.166405,64.269611
FrodoKEM-640-AES_run20,active,20.267813,5.3975,0.583603,3.149998,64.309751
FrodoKEM-640-AES_run20,active,20.280555,5.39625,0.591113,3.189792,64.350396
FrodoKEM-640-AES_run20,active,20.293296,5.395,0.591828,3.192912,64.391077
FrodoKEM-640-AES_run20,active,20.30604,5.3975,0.589146,3.179916,64.431601
FrodoKEM-640-AES_run20,active,20.318788,5.3975,0.58414,3.152893,64.471793
FrodoKEM-640-AES_run20,active,20.331531,5.3975,0.590755,3.188601,64.512426
FrodoKEM-640-AES_run20,active,20.344277,5.395,0.583961,3.150469,64.552581
FrodoKEM-640-AES_run20,active,20.357018,5.39625,0.58414,3.152163,64.592744
FrodoKEM-640-AES_run20,active,20.369762,5.39625,0.583961,3.151198,64.632902
FrodoKEM-640-AES_run20,active,20.382502,5.39625,0.59147,3.191722,64.673567
FrodoKEM-640-AES_run20,active,20.395242,5.4,0.589682,3.184285,64.714135
FrodoKEM-640-AES_run20,active,20.407984,5.3975,0.583782,3.150963,64.754283
FrodoKEM-640-AES_run20,active,20.420732,5.3975,0.59147,3.192461,64.794982
FrodoKEM-640-AES_run20,active,20.436293,5.39625,0.590219,3.184968,64.844542
FrodoKEM-640-AES_run20,active,20.449054,5.3975,0.587,3.168335,64.884974
FrodoKEM-640-AES_run20,active,20.461802,5.39875,0.583782,3.151693,64.925151
FrodoKEM-640-AES_run20,active,20.474544,5.40125,0.591828,3.196611,64.965883
FrodoKEM-640-AES_run20,active,20.487286,5.395,0.590576,3.18616,65.006479
FrodoKEM-640-AES_run20,active,20.500027,5.395,0.583961,3.150469,65.04662
FrodoKEM-640-AES_run20,active,20.51277,5.3975,0.592186,3.196322,65.087351
FrodoKEM-640-AES_run20,active,20.525519,5.39625,0.591828,3.193652,65.128066
FrodoKEM-640-AES_run20,active,20.538267,5.3975,0.590755,3.188601,65.168714
FrodoKEM-640-AES_run20,active,20.551006,5.395,0.583603,3.148539,65.208824
FrodoKEM-640-AES_run20,active,20.56375,5.3975,0.591113,3.190531,65.249484
FrodoKEM-640-AES_run20,active,20.576491,5.39625,0.588967,3.178214,65.289977
FrodoKEM-640-AES_run20,active,20.589231,5.39625,0.590934,3.188828,65.330605
FrodoKEM-640-AES_run20,active,20.601975,5.39625,0.583782,3.150234,65.370749
FrodoKEM-640-AES_run20,active,20.614714,5.39625,0.593974,3.20523,65.411583
FrodoKEM-640-AES_run20,active,20.627486,5.39625,0.589861,3.183039,65.452236
FrodoKEM-640-AES_run20,active,20.640233,5.39625,0.583424,3.148304,65.492368
FrodoKEM-640-AES_run20,active,20.65298,5.39625,0.590576,3.186898,65.532991
FrodoKEM-640-AES_run20,active,20.665723,5.4,0.588073,3.175595,65.573456
FrodoKEM-640-AES_run20,active,20.678464,5.39875,0.590219,3.186444,65.614054
FrodoKEM-640-AES_run20,active,20.691203,5.39625,0.583067,3.146374,65.654138
FrodoKEM-640-AES_run20,active,20.703955,5.375,0.593437,3.189725,65.694812
FrodoKEM-640-AES_run20,active,20.716697,5.39625,0.590576,3.186898,65.735419
FrodoKEM-640-AES_run20,active,20.729436,5.3975,0.590398,3.186671,65.776015
FrodoKEM-640-AES_run20,active,20.74218,5.3975,0.583961,3.151928,65.816182
FrodoKEM-640-AES_run20,active,20.754921,5.39625,0.592722,3.198476,65.856936
FrodoKEM-640-AES_run20,active,20.767663,5.3975,0.590934,3.189566,65.897577
FrodoKEM-640-AES_run20,active,20.780405,5.39875,0.584676,3.15652,65.937797
FrodoKEM-640-AES_run20,active,20.793145,5.3975,0.591649,3.193427,65.978482
FrodoKEM-640-AES_run20,active,20.805889,5.39625,0.592007,3.194617,66.019194
FrodoKEM-640-AES_run20,active,20.81863,5.3975,0.591113,3.190531,66.059843
FrodoKEM-640-AES_run20,active,20.831378,5.3975,0.582173,3.142278,66.0999
FrodoKEM-640-AES_run20,active,20.844124,5.39625,0.592007,3.194617,66.140618
FrodoKEM-640-AES_run20,active,20.856867,5.39875,0.589325,3.181617,66.181162
FrodoKEM-640-AES_run20,active,20.86961,5.39625,0.590576,3.186898,66.221775
FrodoKEM-640-AES_run20,active,20.882353,5.39625,0.583603,3.149269,66.261904
FrodoKEM-640-AES_run20,active,20.895091,5.39875,0.593437,3.203819,66.302715
FrodoKEM-640-AES_run20,active,20.907831,5.39125,0.590934,3.185873,66.343303
FrodoKEM-640-AES_run20,active,20.920571,5.3975,0.581636,3.139382,66.3833
FrodoKEM-640-AES_run20,active,20.933319,5.39625,0.58253,3.14348,66.423371
FrodoKEM-640-AES_run20,active,20.946065,5.4025,0.59147,3.195419,66.464101
FrodoKEM-640-AES_run20,active,20.958807,5.39625,0.590755,3.187863,66.50472
FrodoKEM-640-AES_run20,active,20.971545,5.3975,0.583067,3.147103,66.544809
FrodoKEM-640-AES_run20,active,20.984286,5.4075,0.590755,3.194509,66.585509
FrodoKEM-640-AES_run20,active,20.997026,5.39625,0.592007,3.194617,66.62621
FrodoKEM-640-AES_run20,active,21.009779,5.3975,0.59004,3.184741,66.666823
FrodoKEM-640-AES_run20,active,21.022545,5.39625,0.583961,3.151198,66.707052
FrodoKEM-640-AES_run20,active,21.035299,5.4,0.593437,3.204561,66.747922
FrodoKEM-640-AES_run20,active,21.048047,5.39625,0.591113,3.189792,66.788585
FrodoKEM-640-AES_run20,active,21.06079,5.3975,0.582352,3.143243,66.82864
FrodoKEM-640-AES_run20,active,21.07353,5.39625,0.584497,3.154093,66.868824
FrodoKEM-640-AES_run20,active,21.086272,5.39375,0.593437,3.200852,66.90961
FrodoKEM-640-AES_run20,active,21.099011,5.39625,0.590219,3.184968,66.950182
FrodoKEM-640-AES_run20,active,21.111752,5.39625,0.583603,3.149269,66.990308
FrodoKEM-640-AES_run20,active,21.124493,5.3925,0.592543,3.195289,67.03102
FrodoKEM-640-AES_run20,active,21.137241,5.39625,0.591649,3.192687,67.071721
FrodoKEM-640-AES_run20,active,21.149988,5.3975,0.590755,3.188601,67.112366
FrodoKEM-640-AES_run20,active,21.16273,5.3975,0.583424,3.149033,67.152488
FrodoKEM-640-AES_run20,active,21.175501,5.39625,0.595583,3.213914,67.193534
FrodoKEM-640-AES_run20,active,21.188245,5.3975,0.590576,3.187636,67.234157
FrodoKEM-640-AES_run20,active,21.200984,5.395,0.58414,3.151433,67.274304
FrodoKEM-640-AES_run20,active,21.213727,5.39375,0.588252,3.172884,67.314736
FrodoKEM-640-AES_run20,active,21.226468,5.3975,0.59147,3.192461,67.355412
FrodoKEM-640-AES_run20,active,21.239213,5.3975,0.590576,3.187636,67.396038
FrodoKEM-640-AES_run20,active,21.25196,5.39625,0.583961,3.151198,67.436207
FrodoKEM-640-AES_run20,active,21.264702,5.39875,0.590576,3.188374,67.476831
FrodoKEM-640-AES_run20,active,21.27744,5.3975,0.590755,3.188601,67.51745
FrodoKEM-640-AES_run20,active,21.290183,5.39625,0.590219,3.184968,67.558034
FrodoKEM-640-AES_run20,active,21.302921,5.39625,0.583067,3.146374,67.598113
FrodoKEM-640-AES_run20,active,21.31566,5.395,0.592007,3.193877,67.638799
FrodoKEM-640-AES_run20,active,21.3284,5.395,0.59004,3.183266,67.679355
FrodoKEM-640-AES_run20,active,21.341146,5.395,0.590934,3.188089,67.719991
FrodoKEM-640-AES_run20,active,21.353891,5.39875,0.583603,3.150728,67.760147
FrodoKEM-640-AES_run20,active,21.366632,5.3975,0.591828,3.194392,67.800844
FrodoKEM-640-AES_run20,active,21.379371,5.39625,0.590219,3.184968,67.841418
FrodoKEM-640-AES_run20,active,21.392111,5.3975,0.586106,3.163509,67.881722
FrodoKEM-640-AES_run20,active,21.404851,5.4025,0.586643,3.169338,67.9221
FrodoKEM-640-AES_run20,active,21.417621,5.39625,0.591649,3.192687,67.96287
FrodoKEM-640-AES_run20,active,21.430364,5.3975,0.590398,3.186671,68.003479
FrodoKEM-640-AES_run20,active,21.44311,5.3975,0.583424,3.149033,68.043616
FrodoKEM-640-AES_run20,active,21.455853,5.4,0.592007,3.196837,68.084353
FrodoKEM-640-AES_run20,active,21.468593,5.3975,0.59147,3.192461,68.125026
FrodoKEM-640-AES_run20,active,21.481334,5.39625,0.592186,3.195582,68.16574
FrodoKEM-640-AES_run20,active,21.494076,5.3975,0.584318,3.153859,68.205924
FrodoKEM-640-AES_run20,active,21.506815,5.395,0.59147,3.190983,68.246576
FrodoKEM-640-AES_run20,active,21.519555,5.39625,0.590576,3.186898,68.287178
FrodoKEM-640-AES_run20,active,21.532296,5.39625,0.583603,3.149269,68.327302
FrodoKEM-640-AES_run20,active,21.545042,5.39875,0.59147,3.193201,68.368003
FrodoKEM-640-AES_run20,active,21.557789,5.39625,0.592007,3.194617,68.408723
FrodoKEM-640-AES_run20,active,21.570528,5.39625,0.591113,3.189792,68.449358
FrodoKEM-640-AES_run20,active,21.583267,5.39625,0.583603,3.149269,68.489476
FrodoKEM-640-AES_run20,active,21.596006,5.39625,0.590755,3.187863,68.530088
FrodoKEM-640-AES_run20,active,21.608745,5.39625,0.591649,3.192687,68.570759
FrodoKEM-640-AES_run20,active,21.621486,5.385,0.595762,3.208176,68.611635
FrodoKEM-640-AES_run20,active,21.634228,5.4025,0.583424,3.15195,68.651797
FrodoKEM-640-AES_run20,active,21.646972,5.3975,0.591292,3.191496,68.692469
FrodoKEM-640-AES_run20,active,21.659715,5.39875,0.590755,3.18934,68.73311
FrodoKEM-640-AES_run20,active,21.672455,5.39625,0.583424,3.148304,68.773219
FrodoKEM-640-AES_run20,active,21.685193,5.39625,0.581815,3.13962,68.813213
FrodoKEM-640-AES_run20,active,21.697946,5.3975,0.591113,3.190531,68.853901
FrodoKEM-640-AES_run20,active,21.713457,5.395,0.590398,3.185195,68.903308
FrodoKEM-640-AES_run20,active,21.726218,5.3975,0.583246,3.148068,68.943481
FrodoKEM-640-AES_run20,active,21.738961,5.3975,0.591649,3.193427,68.984174
FrodoKEM-640-AES_run20,active,21.7517,5.39625,0.590755,3.187863,69.024783
FrodoKEM-640-AES_run20,active,21.764441,5.39875,0.591292,3.192236,69.065455
FrodoKEM-640-AES_run20,active,21.777184,5.3975,0.583603,3.149998,69.105598
FrodoKEM-640-AES_run20,active,21.789926,5.39625,0.591649,3.192687,69.146278
FrodoKEM-640-AES_run20,active,21.802665,5.39625,0.591113,3.189792,69.186911
FrodoKEM-640-AES_run20,active,21.815404,5.3925,0.58253,3.141295,69.226928
FrodoKEM-640-AES_run20,active,21.828146,5.39625,0.589146,3.179179,69.267437
FrodoKEM-640-AES_run20,active,21.840886,5.39625,0.588788,3.177249,69.307916
FrodoKEM-640-AES_run20,active,21.853649,5.4,0.590219,3.187182,69.348595
FrodoKEM-640-AES_run20,active,21.8664,5.3975,0.583603,3.149998,69.388762
FrodoKEM-640-AES_run20,active,21.87914,5.395,0.591649,3.191947,69.429426
FrodoKEM-640-AES_run20,active,21.891881,5.39625,0.589861,3.183039,69.469981
FrodoKEM-640-AES_run20,active,21.90462,5.39875,0.588967,3.179687,69.510488
FrodoKEM-640-AES_run20,active,21.917359,5.39875,0.583961,3.152658,69.55065
FrodoKEM-640-AES_run20,active,21.930104,5.38125,0.591113,3.180926,69.591188
FrodoKEM-640-AES_run20,active,21.942845,5.395,0.590398,3.185195,69.631771
FrodoKEM-640-AES_run20,active,21.955591,5.39625,0.581458,3.137691,69.671766
FrodoKEM-640-AES_run20,active,21.968336,5.39625,0.591113,3.189792,69.712418
FrodoKEM-640-AES_run20,active,21.981079,5.39625,0.592007,3.194617,69.753128
FrodoKEM-640-AES_run20,active,21.993822,5.39625,0.592543,3.197511,69.793872
FrodoKEM-640-AES_run20,active,22.006569,5.3975,0.583961,3.151928,69.834052
FrodoKEM-640-AES_run20,active,22.019346,5.3975,0.59147,3.192461,69.874841
FrodoKEM-640-AES_run20,active,22.032108,5.3825,0.590219,3.176853,69.915385
FrodoKEM-640-AES_run20,active,22.044855,5.39625,0.591649,3.192687,69.95608
FrodoKEM-640-AES_run20,active,22.057607,5.39625,0.583246,3.147339,69.996218
FrodoKEM-640-AES_run20,active,22.070357,5.3975,0.592364,3.197287,70.036982
FrodoKEM-640-AES_run20,active,22.083098,5.3975,0.588252,3.17509,70.077436
FrodoKEM-640-AES_run20,active,22.09584,5.39625,0.586464,3.164706,70.11776
FrodoKEM-640-AES_run20,active,22.108582,5.3975,0.587716,3.172195,70.158181
FrodoKEM-640-AES_run20,active,22.121324,5.3975,0.59147,3.192461,70.198858
FrodoKEM-640-AES_run20,active,22.13407,5.3825,0.589861,3.174928,70.239328
FrodoKEM-640-AES_run20,active,22.146811,5.385,0.583424,3.14174,70.279356
FrodoKEM-640-AES_run20,active,22.159557,5.38375,0.591828,3.186254,70.319969
FrodoKEM-640-AES_run20,active,22.172301,5.38375,0.590398,3.178553,70.360475
FrodoKEM-640-AES_run20,active,22.185043,5.3875,0.592543,3.192326,70.401153
FrodoKEM-640-AES_run20,active,22.197786,5.39,0.583782,3.146585,70.441247
FrodoKEM-640-AES_run20,active,22.210527,5.39,0.59147,3.188025,70.481866
FrodoKEM-640-AES_run20,active,22.223265,5.38,0.592007,3.184997,70.522438
FrodoKEM-640-AES_run20,active,22.236012,5.3825,0.583782,3.142207,70.562491
FrodoKEM-640-AES_run20,active,22.248751,5.38125,0.592364,3.187661,70.603099
FrodoKEM-640-AES_run20,active,22.2615,5.3825,0.591649,3.184552,70.643697
FrodoKEM-640-AES_run20,active,22.274247,5.38625,0.591649,3.186771,70.684319
FrodoKEM-640-AES_run20,active,22.286988,5.3825,0.583961,3.143169,70.724369
FrodoKEM-640-AES_run20,active,22.299728,5.38,0.59147,3.182111,70.764909
FrodoKEM-640-AES_run20,active,22.312469,5.38375,0.589861,3.175665,70.805369
FrodoKEM-640-AES_run20,active,22.325211,5.3825,0.595583,3.205724,70.846216
FrodoKEM-640-AES_run20,active,22.337953,5.3825,0.584318,3.145094,70.886291
FrodoKEM-640-AES_run20,active,22.350692,5.385,0.591828,3.186994,70.926889
FrodoKEM-640-AES_run20,active,22.363439,5.38375,0.591113,3.182404,70.967456
FrodoKEM-640-AES_run20,active,22.376226,5.3825,0.583961,3.143169,71.007648
FrodoKEM-640-AES_run20,active,22.38897,5.38375,0.583246,3.140048,71.047665
FrodoKEM-640-AES_run20,active,22.401713,5.385,0.592007,3.187957,71.088289
FrodoKEM-640-AES_run20,active,22.414455,5.39125,0.593258,3.198404,71.129044
FrodoKEM-640-AES_run20,active,22.427194,5.38375,0.583603,3.141974,71.169069
FrodoKEM-640-AES_run20,active,22.439934,5.3825,0.591292,3.182627,71.209614
FrodoKEM-640-AES_run20,active,22.452674,5.38125,0.592007,3.185737,71.250201
FrodoKEM-640-AES_run20,active,22.465421,5.3825,0.589504,3.173003,71.290648
FrodoKEM-640-AES_run20,active,22.478168,5.38375,0.583603,3.141974,71.330698
FrodoKEM-640-AES_run20,active,22.490943,5.38375,0.591113,3.182404,71.371353
FrodoKEM-640-AES_run20,active,22.503686,5.38375,0.588431,3.167964,71.411722
FrodoKEM-640-AES_run20,active,22.516427,5.38375,0.583603,3.141974,71.451754
FrodoKEM-640-AES_run20,active,22.529167,5.3825,0.583603,3.141244,71.491775
FrodoKEM-640-AES_run20,active,22.541911,5.3825,0.591828,3.185514,71.532371
FrodoKEM-640-AES_run20,active,22.55465,5.38125,0.593437,3.193434,71.573052
FrodoKEM-640-AES_run20,active,22.567396,5.3825,0.583424,3.140282,71.613078
FrodoKEM-640-AES_run20,active,22.580141,5.3825,0.591113,3.181665,71.653629
FrodoKEM-640-AES_run20,active,22.592882,5.385,0.588073,3.166774,71.693977
FrodoKEM-640-AES_run20,active,22.605624,5.385,0.59147,3.185068,71.73456
FrodoKEM-640-AES_run20,active,22.618365,5.38125,0.582709,3.135704,71.774511
FrodoKEM-640-AES_run20,active,22.631103,5.38375,0.592364,3.189142,71.815137
FrodoKEM-640-AES_run20,active,22.643844,5.38,0.591292,3.181149,71.855667
FrodoKEM-640-AES_run20,active,22.656585,5.3825,0.582352,3.134507,71.895603
FrodoKEM-640-AES_run20,active,22.669331,5.3825,0.581815,3.13162,71.935519
FrodoKEM-640-AES_run20,active,22.682075,5.38375,0.59594,3.208394,71.976407
FrodoKEM-640-AES_run20,active,22.694819,5.3825,0.590398,3.177815,72.016903
FrodoKEM-640-AES_run20,active,22.707569,5.385,0.583067,3.139815,72.056937
FrodoKEM-640-AES_run20,active,22.720309,5.3825,0.590576,3.178777,72.097434
FrodoKEM-640-AES_run20,active,22.733049,5.3825,0.593437,3.194176,72.138127
FrodoKEM-640-AES_run20,active,22.745791,5.3825,0.590576,3.178777,72.178632
FrodoKEM-640-AES_run20,active,22.758532,5.38375,0.583067,3.139086,72.218628
FrodoKEM-640-AES_run20,active,22.771279,5.3825,0.59147,3.183589,72.25921
FrodoKEM-640-AES_run20,active,22.784025,5.38125,0.587894,3.163607,72.299531
FrodoKEM-640-AES_run20,active,22.796769,5.3825,0.59004,3.17589,72.340006
FrodoKEM-640-AES_run20,active,22.809508,5.38,0.581815,3.130166,72.379881
FrodoKEM-640-AES_run20,active,22.822252,5.38375,0.59004,3.176628,72.420364
FrodoKEM-640-AES_run20,active,22.834991,5.38375,0.590219,3.17759,72.460842
FrodoKEM-640-AES_run20,active,22.847731,5.3825,0.583603,3.141244,72.500863
FrodoKEM-640-AES_run20,active,22.860473,5.385,0.592364,3.189882,72.541507
FrodoKEM-640-AES_run20,active,22.873219,5.38625,0.592007,3.188697,72.58215
FrodoKEM-640-AES_run20,active,22.885964,5.3825,0.590755,3.17974,72.622678
FrodoKEM-640-AES_run20,active,22.898708,5.385,0.584318,3.146555,72.662777
FrodoKEM-640-AES_run20,active,22.911449,5.3825,0.590755,3.17974,72.703291
FrodoKEM-640-AES_run20,active,22.924228,5.37875,0.589682,3.171754,72.74382
FrodoKEM-640-AES_run20,active,22.936968,5.38125,0.583961,3.142439,72.783855
FrodoKEM-640-AES_run20,active,22.94971,5.3825,0.583603,3.141244,72.823882
FrodoKEM-640-AES_run20,active,22.962454,5.38375,0.591828,3.186254,72.864486
FrodoKEM-640-AES_run20,active,22.975199,5.38,0.593258,3.19173,72.905167
FrodoKEM-640-AES_run20,active,22.990774,5.37625,0.583246,3.135674,72.954005
FrodoKEM-640-AES_run20,active,23.003555,5.38,0.593437,3.192692,72.994809
FrodoKEM-640-AES_run20,active,23.01631,5.3825,0.595046,3.202837,73.035661
FrodoKEM-640-AES_run20,active,23.029078,5.38375,0.595583,3.206469,73.076603
FrodoKEM-640-AES_run20,active,23.041831,5.375,0.583424,3.135906,73.116594
FrodoKEM-640-AES_run20,active,23.054575,5.38125,0.591649,3.183812,73.15717
FrodoKEM-640-AES_run20,active,23.067316,5.38375,0.590576,3.179516,73.19768
FrodoKEM-640-AES_run20,active,23.080067,5.3825,0.583246,3.139319,73.237709
FrodoKEM-640-AES_run20,active,23.092814,5.3875,0.583961,3.146089,73.277813
FrodoKEM-640-AES_run20,active,23.105599,5.3825,0.592543,3.189364,73.318587
FrodoKEM-640-AES_run20,active,23.118345,5.385,0.595225,3.205288,73.359442
FrodoKEM-640-AES_run20,active,23.131085,5.385,0.583424,3.14174,73.399467
FrodoKEM-640-AES_run20,active,23.143826,5.38,0.59147,3.182111,73.440011
FrodoKEM-640-AES_run20,active,23.156565,5.3825,0.592543,3.189364,73.480641
FrodoKEM-640-AES_run20,active,23.169304,5.38125,0.590576,3.178039,73.521125
FrodoKEM-640-AES_run20,active,23.182052,5.385,0.583424,3.14174,73.561177
FrodoKEM-640-AES_run20,active,23.194793,5.3775,0.593616,3.19217,73.601848
FrodoKEM-640-AES_run20,active,23.207535,5.38375,0.590576,3.179516,73.642363
FrodoKEM-640-AES_run20,active,23.220276,5.38375,0.586643,3.158338,73.682602
FrodoKEM-640-AES_run20,active,23.233016,5.37625,0.593258,3.189505,73.723235
FrodoKEM-640-AES_run20,active,23.245758,5.3825,0.59147,3.183589,73.763801
FrodoKEM-640-AES_run20,active,23.258497,5.38,0.590755,3.178263,73.804291
FrodoKEM-640-AES_run20,active,23.271237,5.3825,0.583961,3.143169,73.844333
FrodoKEM-640-AES_run20,active,23.283984,5.38375,0.59147,3.184329,73.884925
FrodoKEM-640-AES_run20,active,23.296729,5.37875,0.592007,3.184257,73.925508
FrodoKEM-640-AES_run20,active,23.309483,5.38375,0.590755,3.180478,73.966072
FrodoKEM-640-AES_run20,active,23.322227,5.38625,0.587894,3.166546,74.006426
FrodoKEM-640-AES_run20,active,23.334968,5.38375,0.593258,3.193955,74.047122
FrodoKEM-640-AES_run20,active,23.34771,5.3825,0.590934,3.180702,74.087647
FrodoKEM-640-AES_run20,active,23.360451,5.3825,0.584855,3.147981,74.127756
FrodoKEM-640-AES_run20,active,23.373191,5.3825,0.582352,3.134507,74.16769
FrodoKEM-640-AES_run20,active,23.385941,5.38375,0.592007,3.187217,74.208327
FrodoKEM-640-AES_run20,active,23.398683,5.3825,0.590576,3.178777,74.248833
FrodoKEM-640-AES_run20,active,23.411427,5.38125,0.582888,3.136666,74.288807
FrodoKEM-640-AES_run20,active,23.424177,5.3825,0.592722,3.190326,74.329481
FrodoKEM-640-AES_run20,active,23.436918,5.38125,0.590576,3.178039,74.369974
FrodoKEM-640-AES_run20,active,23.449659,5.385,0.588252,3.167737,74.410335
FrodoKEM-640-AES_run20,active,23.462401,5.3825,0.58253,3.13547,74.450287
FrodoKEM-640-AES_run20,active,23.475142,5.38375,0.589325,3.172777,74.490709
FrodoKEM-640-AES_run20,active,23.48789,5.38375,0.590219,3.17759,74.531219
FrodoKEM-640-AES_run20,active,23.500636,5.3825,0.588967,3.170116,74.571624
FrodoKEM-640-AES_run20,active,23.513378,5.38,0.582709,3.134975,74.611571
FrodoKEM-640-AES_run20,active,23.526122,5.38375,0.595404,3.205506,74.652422
FrodoKEM-640-AES_run20,active,23.538891,5.3875,0.59004,3.178841,74.693012
FrodoKEM-640-AES_run20,active,23.551638,5.38375,0.585391,3.1516,74.733186
FrodoKEM-640-AES_run20,active,23.56438,5.3825,0.591649,3.184552,74.773762
FrodoKEM-640-AES_run20,active,23.577118,5.3825,0.591649,3.184552,74.814328
FrodoKEM-640-AES_run20,active,23.589868,5.38125,0.590398,3.177077,74.854835
FrodoKEM-640-AES_run20,active,23.602613,5.38375,0.583424,3.141011,74.894867
FrodoKEM-640-AES_run20,active,23.615354,5.38375,0.591292,3.183366,74.935428
FrodoKEM-640-AES_run20,active,23.628095,5.3825,0.59594,3.207649,74.976294
FrodoKEM-640-AES_run20,active,23.640835,5.38375,0.583424,3.141011,75.016313
FrodoKEM-640-AES_run20,active,23.653617,5.385,0.58557,3.153294,75.056616
FrodoKEM-640-AES_run20,active,23.666363,5.3825,0.591828,3.185514,75.097221
FrodoKEM-640-AES_run20,active,23.679104,5.3825,0.590755,3.17974,75.137732
FrodoKEM-640-AES_run20,active,23.691844,5.385,0.583603,3.142703,75.177772
FrodoKEM-640-AES_run20,active,23.704601,5.3825,0.591649,3.184552,75.218397
FrodoKEM-640-AES_run20,active,23.717346,5.3825,0.59147,3.183589,75.258971
FrodoKEM-640-AES_run20,active,23.730091,5.38125,0.59755,3.215564,75.299952
FrodoKEM-640-AES_run20,active,23.742829,5.385,0.583246,3.140778,75.339961
FrodoKEM-640-AES_run20,active,23.755569,5.3825,0.593616,3.195138,75.380667
FrodoKEM-640-AES_run20,active,23.76831,5.3825,0.589861,3.174928,75.421117
FrodoKEM-640-AES_run20,active,23.781049,5.3825,0.592543,3.189364,75.461747
FrodoKEM-640-AES_run20,active,23.7938,5.385,0.583424,3.14174,75.501807
FrodoKEM-640-AES_run20,active,23.806545,5.38375,0.591649,3.185291,75.542403
FrodoKEM-640-AES_run20,active,23.819285,5.38375,0.590398,3.178553,75.5829
FrodoKEM-640-AES_run20,active,23.832025,5.3825,0.583961,3.143169,75.622944
FrodoKEM-640-AES_run20,active,23.844764,5.38375,0.592543,3.190104,75.663582
FrodoKEM-640-AES_run20,active,23.857504,5.3825,0.591828,3.185514,75.704164
FrodoKEM-640-AES_run20,active,23.870244,5.3825,0.590219,3.176853,75.744638
FrodoKEM-640-AES_run20,active,23.882983,5.38625,0.583603,3.143433,75.784683
FrodoKEM-640-AES_run20,active,23.895728,5.3825,0.591828,3.185514,75.825283
FrodoKEM-640-AES_run20,active,23.908473,5.38375,0.590934,3.181441,75.86583
FrodoKEM-640-AES_run20,active,23.921214,5.3825,0.592007,3.186477,75.906428
FrodoKEM-640-AES_run20,active,23.933955,5.38375,0.585749,3.153525,75.946609
FrodoKEM-640-AES_run20,active,23.946695,5.3825,0.591649,3.184552,75.98718
FrodoKEM-640-AES_run20,active,23.959434,5.38375,0.589325,3.172777,76.027596
FrodoKEM-640-AES_run20,active,23.972213,5.3825,0.586106,3.154718,76.067911
FrodoKEM-640-AES_run20,active,23.984955,5.3825,0.591292,3.182627,76.108463
FrodoKEM-640-AES_run20,active,23.997703,5.3825,0.591649,3.184552,76.14906
FrodoKEM-640-AES_run20,active,24.010452,5.3775,0.590576,3.175825,76.18955
FrodoKEM-640-AES_run20,active,24.023204,5.38375,0.580742,3.126572,76.229418
FrodoKEM-640-AES_run20,active,24.035946,5.38375,0.59594,3.208394,76.270301
FrodoKEM-640-AES_run20,active,24.048686,5.38375,0.589861,3.175665,76.310758
FrodoKEM-640-AES_run20,active,24.061427,5.385,0.590576,3.180254,76.351277
FrodoKEM-640-AES_run20,active,24.07417,5.37125,0.583782,3.135639,76.391235
FrodoKEM-640-AES_run20,active,24.086909,5.38375,0.59147,3.184329,76.431802
FrodoKEM-640-AES_run20,active,24.099657,5.3825,0.590755,3.17974,76.472336
FrodoKEM-640-AES_run20,active,24.112402,5.38375,0.581815,3.132348,76.512258
FrodoKEM-640-AES_run20,active,24.125142,5.38375,0.591113,3.182404,76.552801
FrodoKEM-640-AES_run20,active,24.137884,5.3825,0.597013,3.213424,76.593746
FrodoKEM-640-AES_run20,active,24.150623,5.3825,0.590755,3.17974,76.634254
FrodoKEM-640-AES_run20,active,24.163361,5.38375,0.58414,3.144862,76.674314
FrodoKEM-640-AES_run20,active,24.176104,5.3825,0.591649,3.184552,76.714893
FrodoKEM-640-AES_run20,active,24.188843,5.38,0.592364,3.18692,76.755491
FrodoKEM-640-AES_run20,active,24.201621,5.38625,0.59004,3.178103,76.796101
FrodoKEM-640-AES_run20,active,24.21437,5.38125,0.585391,3.150136,76.836261
FrodoKEM-640-AES_run20,active,24.227109,5.38125,0.592007,3.185737,76.876845
FrodoKEM-640-AES_run20,active,24.239848,5.3825,0.595583,3.205724,76.917684
FrodoKEM-640-AES_run20,active,24.252587,5.385,0.583603,3.142703,76.957717
FrodoKEM-640-AES_run20,active,24.268158,5.3825,0.591113,3.181665,77.007262
FrodoKEM-640-AES_run20,active,24.280917,5.3925,0.591649,3.190468,77.047968
FrodoKEM-640-AES_run20,active,24.293663,5.39875,0.585391,3.160381,77.088251
FrodoKEM-640-AES_run20,active,24.306414,5.39625,0.583961,3.151198,77.128431
FrodoKEM-640-AES_run20,active,24.319157,5.39625,0.59147,3.191722,77.169104
FrodoKEM-640-AES_run20,active,24.331902,5.39625,0.587,3.167601,77.209474
FrodoKEM-640-AES_run20,active,24.344643,5.3975,0.58414,3.152893,77.249645
FrodoKEM-640-AES_run20,active,24.357382,5.3975,0.584318,3.153859,77.289823
FrodoKEM-640-AES_run20,active,24.370125,5.39625,0.592364,3.196546,77.330554
FrodoKEM-640-AES_run20,active,24.3829,5.39125,0.586643,3.162738,77.370958
FrodoKEM-640-AES_run20,active,24.395639,5.39625,0.584318,3.153128,77.411128
FrodoKEM-640-AES_run20,active,24.408386,5.39875,0.59147,3.193201,77.451831
FrodoKEM-640-AES_run20,active,24.421129,5.39625,0.591113,3.189792,77.492478
FrodoKEM-640-AES_run20,active,24.43387,5.4,0.592543,3.199733,77.533247
FrodoKEM-640-AES_run20,active,24.446607,5.39625,0.58861,3.176285,77.573702
FrodoKEM-640-AES_run20,active,24.459345,5.39625,0.591649,3.192687,77.61437
FrodoKEM-640-AES_run20,active,24.472085,5.39625,0.588788,3.177249,77.654849
FrodoKEM-640-AES_run20,active,24.484825,5.39625,0.590576,3.186898,77.695451
FrodoKEM-640-AES_run20,active,24.497594,5.3975,0.583603,3.149998,77.735674
FrodoKEM-640-AES_run20,active,24.510344,5.39875,0.591292,3.192236,77.776374
FrodoKEM-640-AES_run20,active,24.523086,5.3975,0.590219,3.185706,77.816964
FrodoKEM-640-AES_run20,active,24.535826,5.3975,0.585212,3.158684,77.857208
FrodoKEM-640-AES_run20,active,24.548567,5.39625,0.594152,3.206195,77.898059
FrodoKEM-640-AES_run20,active,24.561308,5.39375,0.59147,3.190243,77.938704
FrodoKEM-640-AES_run20,active,24.574051,5.40125,0.592186,3.198542,77.979462
FrodoKEM-640-AES_run20,active,24.586791,5.39875,0.583603,3.150728,78.019603
FrodoKEM-640-AES_run20,active,24.59953,5.3975,0.59147,3.192461,78.060272
FrodoKEM-640-AES_run20,active,24.612277,5.3975,0.59147,3.192461,78.100968
FrodoKEM-640-AES_run20,active,24.62502,5.39625,0.590219,3.184968,78.141553
FrodoKEM-640-AES_run20,active,24.637762,5.39625,0.583961,3.151198,78.181707
FrodoKEM-640-AES_run20,active,24.650502,5.39625,0.593437,3.202335,78.222503
FrodoKEM-640-AES_run20,active,24.663242,5.39125,0.591113,3.186837,78.263104
FrodoKEM-640-AES_run20,active,24.675982,5.39625,0.58253,3.14348,78.303153
FrodoKEM-640-AES_run20,active,24.688727,5.3975,0.591828,3.194392,78.343863
FrodoKEM-640-AES_run20,active,24.701478,5.39625,0.591113,3.189792,78.384538
FrodoKEM-640-AES_run20,active,24.714228,5.39375,0.59147,3.190243,78.425214
FrodoKEM-640-AES_run20,active,24.72697,5.40125,0.583424,3.151221,78.465366
FrodoKEM-640-AES_run20,active,24.739711,5.3975,0.592007,3.195357,78.506077
FrodoKEM-640-AES_run20,active,24.752469,5.4,0.590934,3.191044,78.54679
FrodoKEM-640-AES_run20,active,24.765327,5.39625,0.592186,3.195582,78.587879
FrodoKEM-640-AES_run20,active,24.778205,5.395,0.582888,3.144681,78.628374
FrodoKEM-640-AES_run20,active,24.790957,5.39625,0.589325,3.180144,78.668928
FrodoKEM-640-AES_run20,active,24.803708,5.3975,0.589682,3.182811,78.709512
FrodoKEM-640-AES_run20,active,24.81648,5.37875,0.583603,3.139056,78.749606
FrodoKEM-640-AES_run20,active,24.82923,5.39625,0.592364,3.196546,78.790359
FrodoKEM-640-AES_run20,active,24.841977,5.3975,0.588073,3.174125,78.830821
FrodoKEM-640-AES_run20,active,24.854721,5.39875,0.591113,3.19127,78.871491
FrodoKEM-640-AES_run20,active,24.867497,5.3975,0.583603,3.149998,78.911735
FrodoKEM-640-AES_run20,active,24.880246,5.3975,0.590576,3.187636,78.952373
FrodoKEM-640-AES_run20,active,24.892989,5.39875,0.591649,3.194166,78.993078
FrodoKEM-640-AES_run20,active,24.905734,5.39625,0.590576,3.186898,79.033695
FrodoKEM-640-AES_run20,active,24.918482,5.3975,0.583782,3.150963,79.073862
FrodoKEM-640-AES_run20,active,24.931225,5.3975,0.589682,3.182811,79.114422
FrodoKEM-640-AES_run20,active,24.943969,5.3975,0.590576,3.187636,79.155044
FrodoKEM-640-AES_run20,active,24.956709,5.39625,0.583782,3.150234,79.195177
FrodoKEM-640-AES_run20,active,24.96945,5.3975,0.583782,3.150963,79.235323
FrodoKEM-640-AES_run20,active,24.982193,5.40125,0.589325,3.183091,79.275887
FrodoKEM-640-AES_run20,active,24.994933,5.39625,0.592186,3.195582,79.316597
FrodoKEM-640-AES_run20,active,25.007675,5.39375,0.583782,3.148774,79.356719
FrodoKEM-640-AES_run20,active,25.020453,5.39125,0.59147,3.188765,79.397467
FrodoKEM-640-AES_run20,active,25.033212,5.39375,0.590755,3.186386,79.438122
FrodoKEM-640-AES_run20,active,25.04596,5.39625,0.590576,3.186898,79.478749
FrodoKEM-640-AES_run20,active,25.058701,5.3975,0.587179,3.1693,79.519129
FrodoKEM-640-AES_run20,active,25.071442,5.3975,0.591292,3.191496,79.559791
FrodoKEM-640-AES_run20,active,25.084223,5.3975,0.590576,3.187636,79.600532
FrodoKEM-640-AES_run20,active,25.096966,5.3975,0.583246,3.148068,79.640649
FrodoKEM-640-AES_run20,active,25.109711,5.39625,0.590398,3.185933,79.681252
FrodoKEM-640-AES_run20,active,25.122458,5.39625,0.592007,3.194617,79.721975
FrodoKEM-640-AES_run20,active,25.135203,5.3975,0.589504,3.181846,79.762528
FrodoKEM-640-AES_run20,active,25.147944,5.39625,0.582888,3.145409,79.802603
FrodoKEM-640-AES_run20,active,25.160684,5.395,0.592364,3.195806,79.843318
FrodoKEM-640-AES_run20,active,25.173425,5.3975,0.592543,3.198252,79.884065
FrodoKEM-640-AES_run20,active,25.186167,5.395,0.591649,3.191947,79.924737
FrodoKEM-640-AES_run20,active,25.198929,5.39625,0.582888,3.145409,79.96488
FrodoKEM-640-AES_run20,active,25.211669,5.395,0.589146,3.178443,80.005372
FrodoKEM-640-AES_run20,active,25.224409,5.39,0.591649,3.188989,80.046001
FrodoKEM-640-AES_run20,active,25.237148,5.395,0.583067,3.145645,80.086072
FrodoKEM-640-AES_run20,active,25.249892,5.39625,0.583603,3.149269,80.126207
FrodoKEM-640-AES_run20,active,25.262635,5.3975,0.592007,3.195357,80.166926
FrodoKEM-640-AES_run20,active,25.275375,5.3975,0.589861,3.183776,80.207486
FrodoKEM-640-AES_run20,active,25.288115,5.39875,0.583961,3.152658,80.247652
FrodoKEM-640-AES_run20,active,25.300855,5.3975,0.589682,3.182811,80.288202
FrodoKEM-640-AES_run20,active,25.313598,5.3975,0.587179,3.1693,80.328587
FrodoKEM-640-AES_run20,active,25.326346,5.39625,0.590219,3.184968,80.369189
FrodoKEM-640-AES_run20,active,25.339086,5.3975,0.583603,3.149998,80.40932
FrodoKEM-640-AES_run20,active,25.351829,5.3975,0.586464,3.165439,80.449658
FrodoKEM-640-AES_run20,active,25.364571,5.39625,0.591113,3.189792,80.490302
FrodoKEM-640-AES_run20,active,25.377312,5.3975,0.583424,3.149033,80.530423
FrodoKEM-640-AES_run20,active,25.390054,5.39625,0.583961,3.151198,80.570577
FrodoKEM-640-AES_run20,active,25.402797,5.395,0.595225,3.21124,80.611496
FrodoKEM-640-AES_run20,active,25.415536,5.39625,0.591292,3.190757,80.652143
FrodoKEM-640-AES_run20,active,25.428283,5.39625,0.583424,3.148304,80.692276
FrodoKEM-640-AES_run20,active,25.441029,5.39875,0.591649,3.194166,80.732988
FrodoKEM-640-AES_run20,active,25.453775,5.39625,0.594331,3.20716,80.773866
FrodoKEM-640-AES_run20,active,25.466513,5.3975,0.590219,3.185706,80.814447
FrodoKEM-640-AES_run20,active,25.479252,5.3975,0.584497,3.154824,80.854637
FrodoKEM-640-AES_run20,active,25.491994,5.39375,0.588073,3.17192,80.895052
FrodoKEM-640-AES_run20,active,25.504734,5.39625,0.590219,3.184968,80.935627
FrodoKEM-640-AES_run20,active,25.517474,5.3725,0.583424,3.134448,80.97556
FrodoKEM-640-AES_run20,active,25.530223,5.395,0.583067,3.145645,81.015664
FrodoKEM-640-AES_run20,active,25.545848,5.3975,0.591649,3.193427,81.065562
FrodoKEM-640-AES_run20,active,25.558615,5.3975,0.589325,3.180881,81.106173
FrodoKEM-640-AES_run20,active,25.571362,5.3975,0.585212,3.158684,81.146436
FrodoKEM-640-AES_run20,active,25.584105,5.3975,0.59147,3.192461,81.187117
FrodoKEM-640-AES_run20,active,25.596845,5.3975,0.59004,3.184741,81.227692
FrodoKEM-640-AES_run20,active,25.609619,5.39625,0.590755,3.187863,81.268412
FrodoKEM-640-AES_run20,active,25.622365,5.38625,0.578418,3.115504,81.308124
FrodoKEM-640-AES_run20,active,25.635109,5.3975,0.591828,3.194392,81.348834
FrodoKEM-640-AES_run20,active,25.647855,5.3975,0.590755,3.188601,81.389474
FrodoKEM-640-AES_run20,active,25.660597,5.3975,0.583067,3.147103,81.429577
FrodoKEM-640-AES_run20,active,25.673338,5.39875,0.586643,3.167138,81.469926
FrodoKEM-640-AES_run20,active,25.686079,5.3925,0.592543,3.195289,81.510639
FrodoKEM-640-AES_run20,active,25.69883,5.39625,0.59004,3.184003,81.55124
FrodoKEM-640-AES_run20,active,25.71157,5.39625,0.588788,3.177249,81.591716
FrodoKEM-640-AES_run20,active,25.72431,5.39375,0.590576,3.185421,81.632299
FrodoKEM-640-AES_run20,active,25.737057,5.39875,0.590219,3.186444,81.672917
FrodoKEM-640-AES_run20,active,25.749803,5.3975,0.591113,3.190531,81.713584
FrodoKEM-640-AES_run20,active,25.762544,5.37125,0.583603,3.134679,81.753523
FrodoKEM-640-AES_run20,active,25.775284,5.3975,0.594152,3.206938,81.794378
FrodoKEM-640-AES_run20,active,25.788023,5.3975,0.589861,3.183776,81.834937
FrodoKEM-640-AES_run20,active,25.800763,5.3975,0.583603,3.149998,81.875066
FrodoKEM-640-AES_run20,active,25.813501,5.3975,0.59147,3.192461,81.915733
FrodoKEM-640-AES_run20,active,25.826244,5.39625,0.591649,3.192687,81.956419
FrodoKEM-640-AES_run20,active,25.838991,5.39375,0.590219,3.183493,81.996999
FrodoKEM-640-AES_run20,active,25.851735,5.39125,0.583961,3.148279,82.037118
FrodoKEM-640-AES_run20,active,25.864477,5.39625,0.592007,3.194617,82.077826
FrodoKEM-640-AES_run20,active,25.877217,5.39625,0.591649,3.192687,82.118499
FrodoKEM-640-AES_run20,active,25.889956,5.3975,0.591113,3.190531,82.159145
FrodoKEM-640-AES_run20,active,25.902699,5.39625,0.583603,3.149269,82.199274
FrodoKEM-640-AES_run20,active,25.915437,5.395,0.592543,3.196771,82.239995
FrodoKEM-640-AES_run20,active,25.928211,5.39625,0.590755,3.187863,82.280719
FrodoKEM-640-AES_run20,active,25.94096,5.4,0.583782,3.152423,82.320907
FrodoKEM-640-AES_run20,active,25.953705,5.395,0.585034,3.156256,82.361135
FrodoKEM-640-AES_run20,active,25.966447,5.39625,0.592007,3.194617,82.40184
FrodoKEM-640-AES_run20,active,25.979186,5.39875,0.590576,3.188374,82.442456
FrodoKEM-640-AES_run20,active,25.991926,5.39375,0.585212,3.156489,82.48267
FrodoKEM-640-AES_run20,active,26.004666,5.39625,0.59147,3.191722,82.523331
FrodoKEM-640-AES_run20,active,26.017417,5.39625,0.590755,3.187863,82.563982
FrodoKEM-640-AES_run20,active,26.030187,5.39625,0.590576,3.186898,82.604677
FrodoKEM-640-AES_run20,active,26.04294,5.39625,0.584497,3.154093,82.644903
FrodoKEM-640-AES_run20,active,26.055687,5.39625,0.592007,3.194617,82.685624
FrodoKEM-640-AES_run20,active,26.06843,5.3975,0.590934,3.189566,82.726268
FrodoKEM-640-AES_run20,active,26.081171,5.39875,0.583603,3.150728,82.766412
FrodoKEM-640-AES_run20,active,26.093914,5.39875,0.591828,3.195131,82.807127
FrodoKEM-640-AES_run20,active,26.106653,5.39625,0.591828,3.193652,82.847811
FrodoKEM-640-AES_run20,active,26.119392,5.39625,0.590219,3.184968,82.888383
FrodoKEM-640-AES_run20,active,26.132132,5.39375,0.583067,3.144917,82.928449
FrodoKEM-640-AES_run20,active,26.144878,5.39625,0.59147,3.191722,82.969132
FrodoKEM-640-AES_run20,active,26.157623,5.39625,0.592901,3.199441,83.009909
FrodoKEM-640-AES_run20,active,26.170365,5.3975,0.587,3.168335,83.05028
FrodoKEM-640-AES_run20,active,26.183103,5.39625,0.576809,3.112604,83.089928
FrodoKEM-640-AES_run20,active,26.195843,5.39625,0.592186,3.195582,83.13064
FrodoKEM-640-AES_run20,active,26.208583,5.39625,0.590576,3.186898,83.17124
FrodoKEM-640-AES_run20,active,26.221323,5.39875,0.583424,3.149762,83.211369
FrodoKEM-640-AES_run20,active,26.234065,5.39875,0.584855,3.157485,83.251601
FrodoKEM-640-AES_run20,active,26.24681,5.3975,0.591828,3.194392,83.292314
FrodoKEM-640-AES_run20,active,26.259553,5.39875,0.59147,3.193201,83.333006
FrodoKEM-640-AES_run20,active,26.272293,5.3975,0.585212,3.158684,83.373247
FrodoKEM-640-AES_run20,active,26.285033,5.3975,0.59147,3.192461,83.413918
FrodoKEM-640-AES_run20,active,26.297772,5.39625,0.591649,3.192687,83.454592
FrodoKEM-640-AES_run20,active,26.310513,5.39625,0.591649,3.192687,83.495268
FrodoKEM-640-AES_run20,active,26.323249,5.39875,0.583603,3.150728,83.535396
FrodoKEM-640-AES_run20,active,26.335988,5.3975,0.59147,3.192461,83.576064
FrodoKEM-640-AES_run20,active,26.348733,5.39875,0.589325,3.181617,83.616615
FrodoKEM-640-AES_run20,active,26.361472,5.39125,0.597907,3.223467,83.65768
FrodoKEM-640-AES_run20,active,26.374218,5.39625,0.583603,3.149269,83.69782
FrodoKEM-640-AES_run20,active,26.386955,5.3975,0.591649,3.193427,83.738494
FrodoKEM-640-AES_run20,active,26.399696,5.395,0.590576,3.18616,83.779089
FrodoKEM-640-AES_run20,active,26.412434,5.395,0.583424,3.147575,83.819184
FrodoKEM-640-AES_run20,active,26.425173,5.39625,0.592007,3.194617,83.859879
FrodoKEM-640-AES_run20,active,26.437913,5.38375,0.592007,3.187217,83.900484
FrodoKEM-640-AES_run20,active,26.450658,5.39625,0.590755,3.187863,83.941114
FrodoKEM-640-AES_run20,active,26.463399,5.39625,0.583961,3.151198,83.981264
FrodoKEM-640-AES_run20,active,26.476139,5.39625,0.592901,3.199441,84.022024
FrodoKEM-640-AES_run20,active,26.488878,5.3975,0.591113,3.190531,84.062667
FrodoKEM-640-AES_run20,active,26.50162,5.39875,0.585391,3.160381,84.102938
FrodoKEM-640-AES_run20,active,26.51436,5.3975,0.584676,3.155789,84.143143
FrodoKEM-640-AES_run20,active,26.527099,5.39625,0.591649,3.192687,84.183814
FrodoKEM-640-AES_run20,active,26.539838,5.39875,0.59004,3.185478,84.224395
FrodoKEM-640-AES_run20,active,26.552577,5.39625,0.583961,3.151198,84.264537
FrodoKEM-640-AES_run20,active,26.565317,5.39375,0.59147,3.190243,84.30518
FrodoKEM-640-AES_run20,active,26.578055,5.39625,0.591828,3.193652,84.345862
FrodoKEM-640-AES_run20,active,26.590794,5.395,0.594331,3.206417,84.386709
FrodoKEM-640-AES_run20,active,26.603532,5.39625,0.582709,3.144445,84.42676
FrodoKEM-640-AES_run20,active,26.616271,5.39625,0.592007,3.194617,84.467456
FrodoKEM-640-AES_run20,active,26.629009,5.39625,0.590219,3.184968,84.508028
FrodoKEM-640-AES_run20,active,26.64175,5.39875,0.589504,3.182583,84.548578
FrodoKEM-640-AES_run20,active,26.654497,5.395,0.585391,3.158186,84.588835
FrodoKEM-640-AES_run20,active,26.667241,5.3975,0.591828,3.194392,84.629543
FrodoKEM-640-AES_run20,active,26.679981,5.3975,0.590755,3.188601,84.670167
FrodoKEM-640-AES_run20,active,26.692724,5.39625,0.584676,3.155058,84.710372
FrodoKEM-640-AES_run20,active,26.705477,5.3975,0.589861,3.183776,84.750975
FrodoKEM-640-AES_run20,active,26.71822,5.3975,0.592186,3.196322,84.791706
FrodoKEM-640-AES_run20,active,26.730961,5.3975,0.588431,3.176055,84.832172
FrodoKEM-640-AES_run20,active,26.743701,5.39875,0.584855,3.157485,84.872397
FrodoKEM-640-AES_run20,active,26.75645,5.39875,0.591828,3.195131,84.913133
FrodoKEM-640-AES_run20,active,26.769196,5.3975,0.59308,3.201147,84.953933
FrodoKEM-640-AES_run20,active,26.781939,5.39625,0.587894,3.172425,84.994359
FrodoKEM-640-AES_run20,active,26.794677,5.3975,0.585212,3.158684,85.034594
FrodoKEM-640-AES_run20,active,26.807414,5.39875,0.591292,3.192236,85.075256
FrodoKEM-640-AES_run20,active,26.822995,5.39625,0.590219,3.184968,85.12488
FrodoKEM-640-AES_run20,active,26.835757,5.39625,0.583603,3.149269,85.165071
FrodoKEM-640-AES_run20,active,26.848499,5.3975,0.592007,3.195357,85.205786
FrodoKEM-640-AES_run20,active,26.861248,5.39875,0.590934,3.190305,85.246461
FrodoKEM-640-AES_run20,active,26.873992,5.395,0.59147,3.190983,85.287125
FrodoKEM-640-AES_run20,active,26.886735,5.3975,0.583961,3.151928,85.327291
FrodoKEM-640-AES_run20,active,26.899492,5.39625,0.59147,3.191722,85.368007
FrodoKEM-640-AES_run20,active,26.912234,5.3975,0.590755,3.188601,85.408635
FrodoKEM-640-AES_run20,active,26.924973,5.3975,0.583961,3.151928,85.448788
FrodoKEM-640-AES_run20,active,26.937716,5.3975,0.583603,3.149998,85.488928
FrodoKEM-640-AES_run20,active,26.950453,5.39875,0.588431,3.176791,85.529392
FrodoKEM-640-AES_run20,active,26.963199,5.4,0.590576,3.189113,85.570041
FrodoKEM-640-AES_run20,active,26.975943,5.39625,0.584855,3.156023,85.61026
FrodoKEM-640-AES_run20,active,26.988683,5.3975,0.591649,3.193427,85.650945
FrodoKEM-640-AES_run20,active,27.001423,5.39625,0.587537,3.170495,85.691336
FrodoKEM-640-AES_run20,active,27.014173,5.3975,0.59147,3.192461,85.73204
FrodoKEM-640-AES_run20,active,27.026931,5.3975,0.583603,3.149998,85.772228
FrodoKEM-640-AES_run20,active,27.039677,5.39625,0.592543,3.197511,85.812984
FrodoKEM-640-AES_run20,active,27.052419,5.3975,0.588252,3.17509,85.853441
FrodoKEM-640-AES_run20,active,27.065167,5.39625,0.59147,3.191722,85.894129
FrodoKEM-640-AES_run20,active,27.077913,5.39625,0.582709,3.144445,85.934207
FrodoKEM-640-AES_run20,active,27.090653,5.39625,0.587358,3.169531,85.974588
FrodoKEM-640-AES_run20,active,27.103392,5.39625,0.590934,3.188828,86.015209
FrodoKEM-640-AES_run20,active,27.116131,5.395,0.583424,3.147575,86.055307
FrodoKEM-640-AES_run20,active,27.128869,5.3975,0.592543,3.198252,86.096047
FrodoKEM-640-AES_run20,active,27.141612,5.39625,0.592901,3.199441,86.136818
FrodoKEM-640-AES_run20,active,27.154349,5.39375,0.591649,3.191208,86.177464
FrodoKEM-640-AES_run20,active,27.167097,5.3975,0.583424,3.149033,86.217607
FrodoKEM-640-AES_run20,active,27.179842,5.39625,0.59451,3.208125,86.258495
FrodoKEM-640-AES_run20,active,27.192582,5.39875,0.589861,3.184513,86.299064
FrodoKEM-640-AES_run20,active,27.205321,5.395,0.584497,3.153362,86.339236
FrodoKEM-640-AES_run20,active,27.218064,5.39875,0.583603,3.150728,86.379385
FrodoKEM-640-AES_run20,active,27.230802,5.39875,0.593437,3.203819,86.420196
FrodoKEM-640-AES_run20,active,27.243542,5.39625,0.59147,3.191722,86.46086
FrodoKEM-640-AES_run20,active,27.256281,5.395,0.583782,3.149504,86.500981
FrodoKEM-640-AES_run20,active,27.269027,5.39625,0.592901,3.199441,86.541759
FrodoKEM-640-AES_run20,active,27.281771,5.39875,0.591649,3.194166,86.582468
FrodoKEM-640-AES_run20,active,27.294511,5.39625,0.589861,3.183039,86.62302
FrodoKEM-640-AES_run20,active,27.30725,5.39625,0.583603,3.149269,86.663138
FrodoKEM-640-AES_run20,active,27.31999,5.39625,0.592364,3.196546,86.703863
FrodoKEM-640-AES_run20,active,27.33273,5.39625,0.589861,3.183039,86.744414
FrodoKEM-640-AES_run20,active,27.345473,5.3975,0.590576,3.187636,86.785032
FrodoKEM-640-AES_run20,active,27.358214,5.39625,0.583782,3.150234,86.825171
FrodoKEM-640-AES_run20,active,27.370958,5.39625,0.592186,3.195582,86.865896
FrodoKEM-640-AES_run20,active,27.383699,5.39625,0.590398,3.185933,86.906488
FrodoKEM-640-AES_run20,active,27.396441,5.3975,0.583067,3.147103,86.946586
FrodoKEM-640-AES_run20,active,27.40918,5.4,0.591828,3.195871,86.987301
FrodoKEM-640-AES_run20,active,27.421923,5.39375,0.590576,3.185421,87.027891
FrodoKEM-640-AES_run20,active,27.434663,5.39875,0.591649,3.194166,87.068584
FrodoKEM-640-AES_run20,active,27.447401,5.3975,0.583603,3.149998,87.108711
FrodoKEM-640-AES_run20,active,27.460141,5.3975,0.587358,3.170265,87.149099
FrodoKEM-640-AES_run20,active,27.472886,5.39625,0.590934,3.188828,87.18974
FrodoKEM-640-AES_run20,active,27.48563,5.3975,0.591113,3.190531,87.2304
FrodoKEM-640-AES_run20,active,27.498372,5.39625,0.583067,3.146374,87.270492
FrodoKEM-640-AES_run20,active,27.51111,5.3925,0.596834,3.21843,87.311489
FrodoKEM-640-AES_run20,active,27.52385,5.3975,0.589682,3.182811,87.352036
FrodoKEM-640-AES_run20,active,27.536588,5.3975,0.583961,3.151928,87.392187
FrodoKEM-640-AES_run20,active,27.549328,5.3975,0.591292,3.191496,87.432847
FrodoKEM-640-AES_run20,active,27.562069,5.39625,0.588967,3.178214,87.473341
FrodoKEM-640-AES_run20,active,27.574814,5.395,0.592543,3.196771,87.514084
FrodoKEM-640-AES_run20,active,27.587557,5.39875,0.58253,3.144936,87.554158
FrodoKEM-640-AES_run20,active,27.600298,5.39625,0.592364,3.196546,87.594885
FrodoKEM-640-AES_run20,active,27.613037,5.39625,0.590219,3.184968,87.635458
FrodoKEM-640-AES_run20,active,27.625777,5.39625,0.590755,3.187863,87.676072
FrodoKEM-640-AES_run20,active,27.638516,5.4,0.583603,3.151457,87.716218
FrodoKEM-640-AES_run20,active,27.651256,5.39625,0.593437,3.202335,87.757018
FrodoKEM-640-AES_run20,active,27.663995,5.395,0.589861,3.182301,87.797555
FrodoKEM-640-AES_run20,active,27.676744,5.39375,0.583603,3.14781,87.837688
FrodoKEM-640-AES_run20,active,27.689489,5.3925,0.588431,3.173113,87.878129
FrodoKEM-640-AES_run20,active,27.702248,5.3975,0.591649,3.193427,87.918875
FrodoKEM-640-AES_run20,active,27.714988,5.39625,0.589504,3.181109,87.9594
FrodoKEM-640-AES_run20,active,27.727728,5.3975,0.583603,3.149998,87.999532
FrodoKEM-640-AES_run20,active,27.74047,5.39375,0.592364,3.195065,88.040243
FrodoKEM-640-AES_run20,active,27.753209,5.39625,0.592901,3.199441,88.081002
FrodoKEM-640-AES_run20,active,27.765952,5.39,0.591292,3.187062,88.121614
FrodoKEM-640-AES_run20,active,27.778698,5.3975,0.583782,3.150963,88.161776
FrodoKEM-640-AES_run20,active,27.791442,5.39875,0.591828,3.195131,88.202494
FrodoKEM-640-AES_run20,active,27.80425,5.3975,0.590398,3.186671,88.24331
FrodoKEM-640-AES_run20,active,27.817035,5.39625,0.583961,3.151198,88.283598
FrodoKEM-640-AES_run20,active,27.829785,5.3925,0.583961,3.149009,88.323749
FrodoKEM-640-AES_run20,active,27.842529,5.39875,0.591649,3.194166,88.364454
FrodoKEM-640-AES_run20,active,27.855272,5.39625,0.590576,3.186898,88.405064
FrodoKEM-640-AES_run20,active,27.868013,5.3925,0.585928,3.159615,88.445322
FrodoKEM-640-AES_run20,active,27.880763,5.405,0.591113,3.194965,88.486057
FrodoKEM-640-AES_run20,active,27.893508,5.39,0.591828,3.189953,88.526712
FrodoKEM-640-AES_run20,active,27.906249,5.39625,0.590576,3.186898,88.567318
FrodoKEM-640-AES_run20,active,27.918991,5.3975,0.583961,3.151928,88.60748
FrodoKEM-640-AES_run20,active,27.931733,5.40125,0.59147,3.194679,88.648187
FrodoKEM-640-AES_run20,active,27.944473,5.3975,0.590755,3.188601,88.688809
FrodoKEM-640-AES_run20,active,27.957213,5.3975,0.58861,3.17702,88.729283
FrodoKEM-640-AES_run20,active,27.969955,5.39375,0.586106,3.161311,88.769565
FrodoKEM-640-AES_run20,active,27.982702,5.39625,0.590755,3.187863,88.8102
FrodoKEM-640-AES_run20,active,27.995446,5.39625,0.592364,3.196546,88.850939
FrodoKEM-640-AES_run20,active,28.008229,5.39625,0.583782,3.150234,88.891207
FrodoKEM-640-AES_run20,active,28.020981,5.3975,0.591649,3.193427,88.93193
FrodoKEM-640-AES_run20,active,28.033752,5.3975,0.59451,3.208868,88.972911
FrodoKEM-640-AES_run20,active,28.046499,5.39875,0.590934,3.190305,89.013576
FrodoKEM-640-AES_run20,active,28.059242,5.395,0.588788,3.176513,89.054055
FrodoKEM-640-AES_run20,active,28.071983,5.39,0.592007,3.190917,89.094712
FrodoKEM-640-AES_run20,active,28.084733,5.395,0.589861,3.182301,89.135284
FrodoKEM-640-AES_run20,active,28.100298,5.3975,0.586643,3.166405,89.18457
FrodoKEM-640-AES_run20,active,28.113062,5.395,0.59147,3.190983,89.225299
FrodoKEM-640-AES_run20,active,28.125808,5.395,0.591649,3.191947,89.265984
FrodoKEM-640-AES_run20,active,28.138549,5.395,0.590755,3.187124,89.306592
FrodoKEM-640-AES_run20,active,28.151289,5.395,0.583424,3.147575,89.346692
FrodoKEM-640-AES_run20,active,28.16403,5.3975,0.59147,3.192461,89.387368
FrodoKEM-640-AES_run20,active,28.176771,5.3875,0.589325,3.174987,89.427821
FrodoKEM-640-AES_run20,active,28.18952,5.39875,0.590934,3.190305,89.468494
FrodoKEM-640-AES_run20,active,28.202268,5.39625,0.583782,3.150234,89.508653
FrodoKEM-640-AES_run20,active,28.215008,5.39625,0.593258,3.201371,89.549438
FrodoKEM-640-AES_run20,active,28.227749,5.39875,0.590398,3.187409,89.590048
FrodoKEM-640-AES_run20,active,28.24049,5.4,0.584676,3.15725,89.630273
FrodoKEM-640-AES_run20,active,28.253229,5.39625,0.593258,3.201371,89.671058
FrodoKEM-640-AES_run20,active,28.265971,5.39625,0.592007,3.194617,89.711764
FrodoKEM-640-AES_run20,active,28.27871,5.4,0.59147,3.19394,89.752451
FrodoKEM-640-AES_run20,active,28.291456,5.395,0.583424,3.147575,89.792569
FrodoKEM-640-AES_run20,active,28.304233,5.3975,0.590934,3.189566,89.833323
FrodoKEM-640-AES_run20,active,28.316974,5.39625,0.590934,3.188828,89.873951
FrodoKEM-640-AES_run20,active,28.329717,5.39625,0.59147,3.191722,89.914623
FrodoKEM-640-AES_run20,active,28.342457,5.3975,0.583067,3.147103,89.954719
FrodoKEM-640-AES_run20,active,28.355196,5.39625,0.593616,3.2033,89.995524
FrodoKEM-640-AES_run20,active,28.367936,5.395,0.590755,3.187124,90.03613
FrodoKEM-640-AES_run20,active,28.380675,5.3875,0.586106,3.157648,90.076353
FrodoKEM-640-AES_run20,active,28.393427,5.39625,0.590576,3.186898,90.116993
FrodoKEM-640-AES_run20,active,28.406173,5.395,0.590755,3.187124,90.157616
FrodoKEM-640-AES_run20,active,28.41892,5.39875,0.587894,3.173895,90.198073
FrodoKEM-640-AES_run20,active,28.43166,5.39875,0.58253,3.144936,90.238139
FrodoKEM-640-AES_run20,active,28.444399,5.39625,0.591649,3.192687,90.27881
FrodoKEM-640-AES_run20,active,28.457139,5.3975,0.592364,3.197287,90.319547
FrodoKEM-640-AES_run20,active,28.469883,5.3975,0.58414,3.152893,90.359726
FrodoKEM-640-AES_run20,active,28.48262,5.38125,0.583782,3.141477,90.399737
FrodoKEM-640-AES_run20,active,28.495368,5.395,0.591649,3.191947,90.440431
FrodoKEM-640-AES_run20,active,28.508115,5.395,0.591828,3.192912,90.481129
FrodoKEM-640-AES_run20,active,28.520859,5.39625,0.582173,3.14155,90.521164
FrodoKEM-640-AES_run20,active,28.533601,5.3975,0.584676,3.155789,90.561376
FrodoKEM-640-AES_run20,active,28.546343,5.3975,0.592364,3.197287,90.602116
FrodoKEM-640-AES_run20,active,28.559082,5.39625,0.591113,3.189792,90.642752
FrodoKEM-640-AES_run20,active,28.571822,5.39625,0.583603,3.149269,90.682874
FrodoKEM-640-AES_run20,active,28.584564,5.39,0.591113,3.186098,90.723471
FrodoKEM-640-AES_run20,active,28.597311,5.4,0.590576,3.189113,90.764123
FrodoKEM-640-AES_run20,active,28.610057,5.39625,0.587,3.167601,90.804496
FrodoKEM-640-AES_run20,active,28.622798,5.3975,0.583603,3.149998,90.844629
FrodoKEM-640-AES_run20,active,28.635538,5.3975,0.591649,3.193427,90.885315
FrodoKEM-640-AES_run20,active,28.648278,5.3975,0.590934,3.189566,90.925949
FrodoKEM-640-AES_run20,active,28.661017,5.395,0.588431,3.174584,90.966391
FrodoKEM-640-AES_run20,active,28.67376,5.39625,0.588967,3.178214,91.006891
FrodoKEM-640-AES_run20,active,28.686501,5.39,0.591113,3.186098,91.047484
FrodoKEM-640-AES_run20,active,28.699255,5.39625,0.589682,3.182074,91.088068
FrodoKEM-640-AES_run20,active,28.712001,5.39625,0.583424,3.148304,91.128196
FrodoKEM-640-AES_run20,active,28.724742,5.3975,0.591292,3.191496,91.168859
FrodoKEM-640-AES_run20,active,28.737482,5.39875,0.592364,3.198027,91.209603
FrodoKEM-640-AES_run20,active,28.750225,5.4025,0.59004,3.187691,91.250224
FrodoKEM-640-AES_run20,active,28.762964,5.3975,0.58253,3.144208,91.290278
FrodoKEM-640-AES_run20,active,28.775706,5.39625,0.593258,3.201371,91.33107
FrodoKEM-640-AES_run20,active,28.788446,5.395,0.590219,3.18423,91.371637
FrodoKEM-640-AES_run20,active,28.801192,5.405,0.585212,3.163073,91.411952
FrodoKEM-640-AES_run20,active,28.813937,5.395,0.585391,3.158186,91.452205
FrodoKEM-640-AES_run20,active,28.826678,5.39625,0.591649,3.192687,91.492881
FrodoKEM-640-AES_run20,active,28.839417,5.39375,0.589325,3.178671,91.533375
FrodoKEM-640-AES_run20,active,28.852155,5.39625,0.583961,3.151198,91.573515
FrodoKEM-640-AES_run20,active,28.864895,5.3975,0.590576,3.187636,91.614125
FrodoKEM-640-AES_run20,active,28.877637,5.39875,0.591649,3.194166,91.654825
FrodoKEM-640-AES_run20,active,28.890377,5.3975,0.589146,3.179916,91.695339
FrodoKEM-640-AES_run20,active,28.903123,5.39625,0.583246,3.147339,91.735453
FrodoKEM-640-AES_run20,active,28.915868,5.39625,0.591649,3.192687,91.776144
FrodoKEM-640-AES_run20,active,28.928611,5.39375,0.592186,3.194101,91.816846
FrodoKEM-640-AES_run20,active,28.941351,5.3975,0.592543,3.198252,91.857592
FrodoKEM-640-AES_run20,active,28.954092,5.39625,0.583603,3.149269,91.897719
FrodoKEM-640-AES_run20,active,28.966831,5.3975,0.591649,3.193427,91.938399
FrodoKEM-640-AES_run20,active,28.979569,5.39625,0.590576,3.186898,91.978995
FrodoKEM-640-AES_run20,active,28.992308,5.3925,0.583603,3.14708,92.019083
FrodoKEM-640-AES_run20,active,29.00508,5.39625,0.589504,3.181109,92.059712
FrodoKEM-640-AES_run20,active,29.017877,5.3975,0.587358,3.170265,92.100282
FrodoKEM-640-AES_run20,active,29.030641,5.39625,0.590576,3.186898,92.140959
FrodoKEM-640-AES_run20,active,29.043388,5.3975,0.583424,3.149033,92.181101
FrodoKEM-640-AES_run20,active,29.056133,5.3975,0.59147,3.192461,92.221789
FrodoKEM-640-AES_run20,active,29.068876,5.3975,0.591113,3.190531,92.262446
FrodoKEM-640-AES_run20,active,29.08162,5.39625,0.585749,3.160847,92.30273
FrodoKEM-640-AES_run20,active,29.094364,5.3925,0.583246,3.145152,92.342811
FrodoKEM-640-AES_run20,active,29.107113,5.39875,0.591649,3.194166,92.383532
FrodoKEM-640-AES_run20,active,29.119858,5.39625,0.591113,3.189792,92.424188
FrodoKEM-640-AES_run20,active,29.1326,5.39625,0.583424,3.148304,92.464302
FrodoKEM-640-AES_run20,active,29.145342,5.39875,0.591292,3.192236,92.504978
FrodoKEM-640-AES_run20,active,29.158088,5.39875,0.589861,3.184513,92.545566
FrodoKEM-640-AES_run20,active,29.170828,5.39625,0.590576,3.186898,92.586168
FrodoKEM-640-AES_run20,active,29.183569,5.39875,0.583603,3.150728,92.626311
FrodoKEM-640-AES_run20,active,29.196311,5.39,0.592007,3.190917,92.666972
FrodoKEM-640-AES_run20,active,29.20906,5.38125,0.59004,3.175153,92.707452
FrodoKEM-640-AES_run20,active,29.221809,5.3825,0.589861,3.174928,92.747928
FrodoKEM-640-AES_run20,active,29.234551,5.3825,0.58557,3.151831,92.788089
FrodoKEM-640-AES_run20,active,29.247291,5.38375,0.591292,3.183366,92.828644
FrodoKEM-640-AES_run20,active,29.260032,5.385,0.590755,3.181217,92.869177
FrodoKEM-640-AES_run20,active,29.272774,5.3825,0.583424,3.140282,92.90919
FrodoKEM-640-AES_run20,active,29.285517,5.385,0.589682,3.17544,92.949655
FrodoKEM-640-AES_run20,active,29.298261,5.38875,0.592186,3.19114,92.990322
FrodoKEM-640-AES_run20,active,29.311006,5.38125,0.59004,3.175153,93.030788
FrodoKEM-640-AES_run20,active,29.323751,5.37125,0.583782,3.135639,93.070752
FrodoKEM-640-AES_run20,active,29.336491,5.3925,0.592543,3.195289,93.111462
FrodoKEM-640-AES_run20,active,29.349235,5.39125,0.590398,3.182981,93.152024
FrodoKEM-640-AES_run20,active,29.361977,5.39875,0.591649,3.194166,93.192724
FrodoKEM-640-AES_run20,active,29.377534,5.39125,0.588431,3.172378,93.242077
FrodoKEM-640-AES_run20,active,29.390309,5.395,0.595404,3.212205,93.283113
FrodoKEM-640-AES_run20,active,29.403052,5.39,0.59004,3.180316,93.32364
FrodoKEM-640-AES_run20,active,29.415803,5.3975,0.583782,3.150963,93.363818
FrodoKEM-640-AES_run20,active,29.428549,5.39625,0.590398,3.185933,93.404428
FrodoKEM-640-AES_run20,active,29.441293,5.3975,0.592543,3.198252,93.445185
FrodoKEM-640-AES_run20,active,29.454039,5.3975,0.591828,3.194392,93.4859
FrodoKEM-640-AES_run20,active,29.466778,5.39625,0.583424,3.148304,93.526007
FrodoKEM-640-AES_run20,active,29.479517,5.39875,0.592364,3.198027,93.566747
FrodoKEM-640-AES_run20,active,29.492259,5.395,0.591113,3.189054,93.607383
FrodoKEM-640-AES_run20,active,29.505,5.39,0.583424,3.144658,93.647447
FrodoKEM-640-AES_run20,active,29.517751,5.3975,0.583067,3.147103,93.687575
FrodoKEM-640-AES_run20,active,29.530495,5.39875,0.592364,3.198027,93.728333
FrodoKEM-640-AES_run20,active,29.543235,5.39625,0.590755,3.187863,93.768945
FrodoKEM-640-AES_run20,active,29.555976,5.39625,0.584855,3.156023,93.809156
FrodoKEM-640-AES_run20,active,29.568715,5.395,0.592364,3.195806,93.849869
FrodoKEM-640-AES_run20,active,29.581456,5.39625,0.590934,3.188828,93.890497
FrodoKEM-640-AES_run20,active,29.5942,5.39625,0.592186,3.195582,93.931222
FrodoKEM-640-AES_run20,active,29.606938,5.39,0.583603,3.145621,93.97129
FrodoKEM-640-AES_run20,active,29.619686,5.39,0.59147,3.188025,94.01193
FrodoKEM-640-AES_run20,active,29.632429,5.39625,0.590219,3.184968,94.052517
FrodoKEM-640-AES_run20,active,29.645169,5.39625,0.590755,3.187863,94.09313
FrodoKEM-640-AES_run20,active,29.657912,5.3875,0.583603,3.144162,94.133196
FrodoKEM-640-AES_run20,active,29.670652,5.39625,0.591649,3.192687,94.173871
FrodoKEM-640-AES_run20,active,29.683391,5.3975,0.590755,3.188601,94.214491
FrodoKEM-640-AES_run20,active,29.696147,5.39625,0.583603,3.149269,94.254662
FrodoKEM-640-AES_run20,active,29.708891,5.38875,0.590755,3.183432,94.295232
FrodoKEM-640-AES_run20,active,29.721642,5.3975,0.592722,3.199217,94.336025
FrodoKEM-640-AES_run20,active,29.734385,5.395,0.59004,3.183266,94.376591
FrodoKEM-640-AES_run20,active,29.747125,5.3975,0.583067,3.147103,94.416685
FrodoKEM-640-AES_run20,active,29.759867,5.38875,0.590755,3.183432,94.457246
FrodoKEM-640-AES_run20,active,29.772606,5.39625,0.590398,3.185933,94.497834
FrodoKEM-640-AES_run20,active,29.785346,5.3975,0.583603,3.149998,94.537964
FrodoKEM-640-AES_run20,active,29.798089,5.39625,0.586643,3.165671,94.578305
FrodoKEM-640-AES_run20,active,29.810827,5.39,0.590219,3.181279,94.618829
FrodoKEM-640-AES_run20,active,29.823574,5.39625,0.590755,3.187863,94.659462
FrodoKEM-640-AES_run20,active,29.836318,5.39625,0.584497,3.154093,94.699657
FrodoKEM-640-AES_run20,active,29.849057,5.3925,0.597371,3.221322,94.740696
FrodoKEM-640-AES_run20,active,29.861798,5.38625,0.591649,3.186771,94.781297
FrodoKEM-640-AES_run20,active,29.874537,5.39875,0.590398,3.187409,94.821904
FrodoKEM-640-AES_run20,active,29.887277,5.39625,0.586106,3.162777,94.862197
FrodoKEM-640-AES_run20,active,29.900019,5.3975,0.586464,3.165439,94.90253
FrodoKEM-640-AES_run20,active,29.912758,5.39,0.59004,3.180316,94.943044
FrodoKEM-640-AES_run20,active,29.925507,5.3975,0.592364,3.197287,94.983807
FrodoKEM-640-AES_run20,active,29.938254,5.39625,0.586106,3.162777,95.024123
FrodoKEM-640-AES_run20,active,29.950993,5.39625,0.592186,3.195582,95.06483
FrodoKEM-640-AES_run20,active,29.963734,5.39625,0.59147,3.191722,95.105495
FrodoKEM-640-AES_run20,active,29.976473,5.3975,0.582352,3.143243,95.145537
FrodoKEM-640-AES_run20,active,29.989214,5.3975,0.592364,3.197287,95.186274
FrodoKEM-640-AES_run20,active,30.001956,5.39625,0.591649,3.192687,95.226956
FrodoKEM-640-AES_run20,active,30.014702,5.3975,0.592186,3.196322,95.267697
FrodoKEM-640-AES_run20,active,30.027487,5.3975,0.581279,3.137452,95.307808
FrodoKEM-640-AES_run20,active,30.040249,5.39625,0.59147,3.191722,95.34854
FrodoKEM-640-AES_run20,active,30.052996,5.39625,0.591649,3.192687,95.389238
FrodoKEM-640-AES_run20,active,30.065741,5.3975,0.590398,3.186671,95.429854
FrodoKEM-640-AES_run20,active,30.078482,5.39625,0.583246,3.147339,95.469953
FrodoKEM-640-AES_run20,active,30.091223,5.395,0.592722,3.197735,95.510695
FrodoKEM-640-AES_run20,active,30.103964,5.3975,0.590755,3.188601,95.551321
FrodoKEM-640-AES_run20,active,30.116705,5.39625,0.583961,3.151198,95.591472
FrodoKEM-640-AES_run20,active,30.129452,5.39875,0.591292,3.192236,95.632161
FrodoKEM-640-AES_run20,active,30.142198,5.395,0.591649,3.191947,95.672845
FrodoKEM-640-AES_run20,active,30.154937,5.39625,0.592364,3.196546,95.713569
FrodoKEM-640-AES_run20,active,30.167677,5.40375,0.582709,3.148815,95.753683
FrodoKEM-640-AES_run20,active,30.180418,5.40125,0.59147,3.194679,95.794386
FrodoKEM-640-AES_run20,active,30.193158,5.3975,0.590755,3.188601,95.835009
FrodoKEM-640-AES_run20,active,30.205902,5.39625,0.590576,3.186898,95.875624
FrodoKEM-640-AES_run20,active,30.218642,5.39875,0.581815,3.141075,95.915641
FrodoKEM-640-AES_run20,active,30.231387,5.3975,0.591649,3.193427,95.956342
FrodoKEM-640-AES_run20,active,30.24413,5.395,0.590219,3.18423,95.996918
FrodoKEM-640-AES_run20,active,30.256869,5.39875,0.58414,3.153624,96.037092
FrodoKEM-640-AES_run20,active,30.269611,5.4,0.587537,3.172699,96.077518
FrodoKEM-640-AES_run20,active,30.282352,5.395,0.591292,3.190018,96.118161
FrodoKEM-640-AES_run20,active,30.295089,5.39625,0.590398,3.185933,96.158742
FrodoKEM-640-AES_run20,active,30.30783,5.39625,0.58253,3.14348,96.198791
FrodoKEM-640-AES_run20,active,30.32057,5.39625,0.59147,3.191722,96.239456
FrodoKEM-640-AES_run20,active,30.333318,5.39375,0.592007,3.193137,96.28016
FrodoKEM-640-AES_run20,active,30.346065,5.39375,0.590755,3.186386,96.320777
FrodoKEM-640-AES_run20,active,30.358807,5.4,0.579312,3.128285,96.360637
FrodoKEM-640-AES_run20,active,30.371547,5.3975,0.592186,3.196322,96.40136
FrodoKEM-640-AES_run20,active,30.384285,5.3975,0.590576,3.187636,96.441965
FrodoKEM-640-AES_run20,active,30.397025,5.39875,0.584318,3.154589,96.482152
FrodoKEM-640-AES_run20,active,30.409767,5.3975,0.585391,3.159649,96.522415
FrodoKEM-640-AES_run20,active,30.422506,5.395,0.591649,3.191947,96.563076
FrodoKEM-640-AES_run20,active,30.435251,5.39875,0.590398,3.187409,96.6037
FrodoKEM-640-AES_run20,active,30.447996,5.39625,0.581815,3.13962,96.643713
FrodoKEM-640-AES_run20,active,30.460736,5.39875,0.590576,3.188374,96.684335
FrodoKEM-640-AES_run20,active,30.473477,5.39625,0.591828,3.193652,96.725023
FrodoKEM-640-AES_run20,active,30.48622,5.39625,0.590755,3.187863,96.765647
FrodoKEM-640-AES_run20,active,30.498956,5.3975,0.579848,3.129732,96.805508
FrodoKEM-640-AES_run20,active,30.511696,5.395,0.591649,3.191947,96.846173
FrodoKEM-640-AES_run20,active,30.524437,5.39625,0.59147,3.191722,96.88684
FrodoKEM-640-AES_run20,active,30.537185,5.39625,0.585212,3.157952,96.927095
FrodoKEM-640-AES_run20,active,30.549932,5.39875,0.583782,3.151693,96.967272
FrodoKEM-640-AES_run20,active,30.562676,5.39875,0.591649,3.194166,97.007978
FrodoKEM-640-AES_run20,active,30.575415,5.39375,0.592364,3.195065,97.04868
FrodoKEM-640-AES_run20,active,30.588155,5.38625,0.583782,3.144396,97.08874
FrodoKEM-640-AES_run20,active,30.600895,5.3975,0.590755,3.188601,97.129361
FrodoKEM-640-AES_run20,active,30.613637,5.3975,0.593258,3.202112,97.170162
FrodoKEM-640-AES_run20,active,30.626376,5.39625,0.591113,3.189792,97.210798
FrodoKEM-640-AES_run20,active,30.639121,5.39875,0.583067,3.147832,97.250917
FrodoKEM-640-AES_run20,active,30.654714,5.3975,0.591292,3.191496,97.300683
FrodoKEM-640-AES_run20,active,30.667499,5.4025,0.59451,3.21184,97.341743
FrodoKEM-640-AES_run20,active,30.680247,5.39875,0.583782,3.151693,97.381923
FrodoKEM-640-AES_run20,active,30.693012,5.38875,0.590576,3.182469,97.422548
FrodoKEM-640-AES_run20,active,30.705856,5.395,0.591649,3.191947,97.463543
FrodoKEM-640-AES_run20,active,30.71861,5.395,0.588788,3.176513,97.504056
FrodoKEM-640-AES_run20,active,30.731361,5.39625,0.583603,3.149269,97.544215
FrodoKEM-640-AES_run20,active,30.744475,5.395,0.591649,3.191947,97.586073
FrodoKEM-640-AES_run20,active,30.757289,5.3875,0.588431,3.170171,97.626697
FrodoKEM-640-AES_run20,active,30.769798,5.385,0.592186,3.188919,97.666585
FrodoKEM-640-AES_run20,active,30.782241,5.3875,0.583782,3.145126,97.705721
FrodoKEM-640-AES_run20,active,30.794685,5.37,0.593258,3.185798,97.745363
FrodoKEM-640-AES_run20,active,30.807127,5.39,0.592364,3.192844,97.785089
FrodoKEM-640-AES_run20,active,30.819583,5.39,0.58253,3.139839,97.824201
FrodoKEM-640-AES_run20,active,30.832026,5.3875,0.583603,3.144162,97.863322
FrodoKEM-640-AES_run20,active,30.84451,5.38875,0.591649,3.18825,97.903125
FrodoKEM-640-AES_run20,active,30.856963,5.39625,0.587716,3.17146,97.942619
FrodoKEM-640-AES_run20,active,30.869718,5.39625,0.586285,3.163742,97.982974
FrodoKEM-640-AES_run20,active,30.882464,5.39625,0.592186,3.195582,98.023702
FrodoKEM-640-AES_run20,active,30.895206,5.39625,0.592901,3.199441,98.064472
FrodoKEM-640-AES_run20,active,30.907948,5.39625,0.588431,3.17532,98.104929
FrodoKEM-640-AES_run20,active,30.92069,5.3975,0.583067,3.147103,98.145031
FrodoKEM-640-AES_run20,active,30.933433,5.3975,0.593437,3.203077,98.185847
FrodoKEM-640-AES_run20,active,30.946185,5.39625,0.591113,3.189792,98.226524
FrodoKEM-640-AES_run20,active,30.958929,5.3975,0.589861,3.183776,98.267099
FrodoKEM-640-AES_run20,active,30.971673,5.39625,0.583424,3.148304,98.307219
FrodoKEM-640-AES_run20,active,30.984414,5.39625,0.591828,3.193652,98.347909
FrodoKEM-640-AES_run20,active,30.997155,5.39625,0.588073,3.17339,98.388341
FrodoKEM-640-AES_run20,active,31.009896,5.39625,0.583603,3.149269,98.428468
FrodoKEM-640-AES_run20,active,31.022648,5.3975,0.591649,3.193427,98.46919
FrodoKEM-640-AES_run20,active,31.035415,5.39875,0.59308,3.201888,98.510068
FrodoKEM-640-AES_run20,active,31.04817,5.395,0.593437,3.201594,98.550906
FrodoKEM-640-AES_run20,active,31.060917,5.39625,0.583782,3.150234,98.591062
FrodoKEM-640-AES_run20,active,31.073663,5.39625,0.59147,3.191722,98.631741
FrodoKEM-640-AES_run20,active,31.086402,5.39625,0.591292,3.190757,98.672391
FrodoKEM-640-AES_run20,active,31.099145,5.40125,0.583603,3.152187,98.712559
FrodoKEM-640-AES_run20,active,31.111886,5.3975,0.583961,3.151928,98.752717
FrodoKEM-640-AES_run20,active,31.124626,5.39625,0.591649,3.192687,98.793392
FrodoKEM-640-AES_run20,active,31.137367,5.39625,0.589682,3.182074,98.833934
FrodoKEM-640-AES_run20,active,31.150116,5.39375,0.584855,3.154561,98.874153
FrodoKEM-640-AES_run20,active,31.162899,5.39375,0.59147,3.190243,98.914933
FrodoKEM-640-AES_run20,active,31.175641,5.39625,0.59147,3.191722,98.955603
FrodoKEM-640-AES_run20,active,31.188383,5.39875,0.591113,3.19127,98.996266
FrodoKEM-640-AES_run20,active,31.201126,5.39875,0.583067,3.147832,99.036376
FrodoKEM-640-AES_run20,active,31.213869,5.3975,0.591649,3.193427,99.077071
FrodoKEM-640-AES_run20,active,31.226609,5.39125,0.590219,3.182017,99.117609
FrodoKEM-640-AES_run20,active,31.239348,5.40125,0.592186,3.198542,99.158355
FrodoKEM-640-AES_run20,active,31.252096,5.39625,0.583424,3.148304,99.19849
FrodoKEM-640-AES_run20,active,31.26484,5.3975,0.592007,3.195357,99.239214
FrodoKEM-640-AES_run20,active,31.277612,5.39125,0.589861,3.180089,99.279829
FrodoKEM-640-AES_run20,active,31.290358,5.39875,0.583961,3.152658,99.320012
FrodoKEM-640-AES_run20,active,31.303098,5.3975,0.592186,3.196322,99.360734
FrodoKEM-640-AES_run20,active,31.315839,5.4,0.590755,3.190078,99.401379
FrodoKEM-640-AES_run20,active,31.32858,5.39,0.591113,3.186098,99.441974
FrodoKEM-640-AES_run20,active,31.341321,5.39875,0.583603,3.150728,99.482117
FrodoKEM-640-AES_run20,active,31.354073,5.39625,0.593974,3.20523,99.52299
FrodoKEM-640-AES_run20,active,31.366819,5.39625,0.59147,3.191722,99.56367
FrodoKEM-640-AES_run20,active,31.379558,5.3975,0.589682,3.182811,99.604218
FrodoKEM-640-AES_run20,active,31.392298,5.39625,0.583603,3.149269,99.644339
FrodoKEM-640-AES_run20,active,31.405038,5.39625,0.59147,3.191722,99.685001
FrodoKEM-640-AES_run20,active,31.41778,5.4,0.584855,3.158216,99.725244
FrodoKEM-640-AES_run20,active,31.430521,5.395,0.583782,3.149504,99.76537
FrodoKEM-640-AES_run20,active,31.443259,5.39625,0.591649,3.192687,99.806039
FrodoKEM-640-AES_run20,active,31.456006,5.3975,0.592901,3.200182,99.846831
FrodoKEM-640-AES_run20,active,31.46875,5.3975,0.59147,3.192461,99.887516
FrodoKEM-640-AES_run20,active,31.481491,5.39375,0.583961,3.149739,99.927647
FrodoKEM-640-AES_run20,active,31.494236,5.3975,0.59308,3.201147,99.968447
FrodoKEM-640-AES_run20,active,31.506975,5.3975,0.596477,3.219484,100.00946
FrodoKEM-640-AES_run20,active,31.519715,5.39625,0.590576,3.186898,100.050061
FrodoKEM-640-AES_run20,active,31.532456,5.3975,0.583424,3.149033,100.090182
FrodoKEM-640-AES_run20,active,31.545197,5.39875,0.590755,3.18934,100.130818
FrodoKEM-640-AES_run20,active,31.557945,5.39875,0.590576,3.188374,100.171464
FrodoKEM-640-AES_run20,active,31.570689,5.39625,0.583603,3.149269,100.211598
FrodoKEM-640-AES_run20,active,31.583432,5.39625,0.590755,3.187863,100.252219
FrodoKEM-640-AES_run20,active,31.596216,5.3975,0.592364,3.197287,100.293093
FrodoKEM-640-AES_run20,active,31.608955,5.3975,0.589682,3.182811,100.333639
FrodoKEM-640-AES_run20,active,31.621697,5.39625,0.583782,3.150234,100.37378
FrodoKEM-640-AES_run20,active,31.634438,5.39625,0.591113,3.189792,100.414421
FrodoKEM-640-AES_run20,active,31.647178,5.395,0.592543,3.196771,100.455148
FrodoKEM-640-AES_run20,active,31.659924,5.3975,0.590755,3.188601,100.495788
FrodoKEM-640-AES_run20,active,31.672667,5.3975,0.584318,3.153859,100.535979
FrodoKEM-640-AES_run20,active,31.685407,5.3975,0.59308,3.201147,100.576761
FrodoKEM-640-AES_run20,active,31.698168,5.39125,0.590934,3.185873,100.617418
FrodoKEM-640-AES_run20,active,31.710933,5.39625,0.583782,3.150234,100.65763
FrodoKEM-640-AES_run20,active,31.723675,5.395,0.582352,3.141787,100.697662
FrodoKEM-640-AES_run20,active,31.736416,5.39875,0.591292,3.192236,100.738336
FrodoKEM-640-AES_run20,active,31.749156,5.39625,0.59147,3.191722,100.778997
FrodoKEM-640-AES_run20,active,31.761906,5.3975,0.583603,3.149998,100.81916
FrodoKEM-640-AES_run20,active,31.774649,5.3975,0.591649,3.193427,100.859855
FrodoKEM-640-AES_run20,active,31.78739,5.38875,0.590219,3.180542,100.900377
FrodoKEM-640-AES_run20,active,31.80013,5.3975,0.590219,3.185706,100.940962
FrodoKEM-640-AES_run20,active,31.81287,5.395,0.583067,3.145645,100.98104
FrodoKEM-640-AES_run20,active,31.825613,5.39125,0.591649,3.189729,101.021684
FrodoKEM-640-AES_run20,active,31.838356,5.39375,0.589146,3.177706,101.06218
FrodoKEM-640-AES_run20,active,31.851094,5.3975,0.583603,3.149998,101.102303
FrodoKEM-640-AES_run20,active,31.86384,5.39625,0.587537,3.170495,101.142715
FrodoKEM-640-AES_run20,active,31.876588,5.39625,0.59308,3.200406,101.183512
FrodoKEM-640-AES_run20,active,31.889329,5.39375,0.591649,3.191208,101.224171
FrodoKEM-640-AES_run20,active,31.902073,5.39375,0.582709,3.142988,101.264226
FrodoKEM-640-AES_run20,active,31.914812,5.39625,0.592901,3.199441,101.304984
FrodoKEM-640-AES_run20,active,31.930443,5.395,0.590398,3.185195,101.354773
FrodoKEM-640-AES_run20,active,31.94321,5.40375,0.59147,3.196158,101.395578
FrodoKEM-640-AES_run20,active,31.955956,5.39875,0.583603,3.150728,101.435736
FrodoKEM-640-AES_run20,active,31.968706,5.3975,0.592007,3.195357,101.476476
FrodoKEM-640-AES_run20,active,31.98145,5.39625,0.590398,3.185933,101.51708
FrodoKEM-640-AES_run20,active,31.994191,5.3975,0.583603,3.149998,101.557212
FrodoKEM-640-AES_run20,active,32.006928,5.39875,0.591292,3.192236,101.597871
FrodoKEM-640-AES_run20,active,32.019678,5.39625,0.59147,3.191722,101.638566
FrodoKEM-640-AES_run20,active,32.032432,5.3975,0.589861,3.183776,101.679174
FrodoKEM-640-AES_run20,active,32.045179,5.3975,0.583782,3.150963,101.719339
FrodoKEM-640-AES_run20,active,32.057921,5.39875,0.591649,3.194166,101.760039
FrodoKEM-640-AES_run20,active,32.07067,5.39625,0.590576,3.186898,101.800668
FrodoKEM-640-AES_run20,active,32.083413,5.39625,0.590755,3.187863,101.841292
FrodoKEM-640-AES_run20,active,32.096157,5.40125,0.583961,3.154118,101.881486
FrodoKEM-640-AES_run20,active,32.108898,5.39625,0.591828,3.193652,101.922176
FrodoKEM-640-AES_run20,active,32.12164,5.39625,0.590219,3.184968,101.96276
FrodoKEM-640-AES_run20,active,32.134381,5.3975,0.586106,3.163509,102.003067
FrodoKEM-640-AES_run20,active,32.147121,5.39625,0.590755,3.187863,102.043679
FrodoKEM-640-AES_run20,active,32.159861,5.39625,0.592543,3.197511,102.084416
FrodoKEM-640-AES_run20,active,32.172607,5.3975,0.590219,3.185706,102.125022
FrodoKEM-640-AES_run20,active,32.18535,5.39625,0.584855,3.156023,102.165238
FrodoKEM-640-AES_run20,active,32.198093,5.4,0.590219,3.187182,102.205853
FrodoKEM-640-AES_run20,active,32.210834,5.39625,0.590219,3.184968,102.246432
FrodoKEM-640-AES_run20,active,32.223575,5.3975,0.591113,3.190531,102.287082
FrodoKEM-640-AES_run20,active,32.236315,5.4,0.583603,3.151457,102.327233
FrodoKEM-640-AES_run20,active,32.249057,5.3975,0.592007,3.195357,102.367946
FrodoKEM-640-AES_run20,active,32.261798,5.3975,0.590398,3.186671,102.40855
FrodoKEM-640-AES_run20,active,32.274544,5.395,0.58557,3.15915,102.448815
FrodoKEM-640-AES_run20,active,32.287288,5.39625,0.588967,3.178214,102.489319
FrodoKEM-640-AES_run20,active,32.300029,5.3975,0.591649,3.193427,102.530006
FrodoKEM-640-AES_run20,active,32.312768,5.3975,0.590576,3.187636,102.570614
FrodoKEM-640-AES_run20,active,32.325507,5.39625,0.582352,3.142515,102.610646
FrodoKEM-640-AES_run20,active,32.338248,5.3975,0.59147,3.192461,102.651321
FrodoKEM-640-AES_run20,active,32.350988,5.3975,0.590576,3.187636,102.691931
FrodoKEM-640-AES_run20,active,32.363726,5.39625,0.590755,3.187863,102.732538
FrodoKEM-640-AES_run20,active,32.376471,5.39875,0.577524,3.117908,102.772275
FrodoKEM-640-AES_run20,active,32.389215,5.39875,0.592007,3.196097,102.813006
FrodoKEM-640-AES_run20,active,32.401958,5.39875,0.592364,3.198027,102.853759
FrodoKEM-640-AES_run20,active,32.414698,5.3975,0.583782,3.150963,102.893902
FrodoKEM-640-AES_run20,active,32.427439,5.39625,0.580742,3.133831,102.93383
FrodoKEM-640-AES_run20,active,32.440218,5.39625,0.592364,3.196546,102.974679
FrodoKEM-640-AES_run20,active,32.45296,5.39625,0.59147,3.191722,103.01535
FrodoKEM-640-AES_run20,active,32.465703,5.39875,0.583246,3.148797,103.055475
FrodoKEM-640-AES_run20,active,32.478449,5.39625,0.591649,3.192687,103.096168
FrodoKEM-640-AES_run20,active,32.491192,5.39625,0.588967,3.178214,103.136669
FrodoKEM-640-AES_run20,active,32.503931,5.39625,0.590219,3.184968,103.177243
FrodoKEM-640-AES_run20,active,32.516673,5.4025,0.578954,3.127801,103.217095
FrodoKEM-640-AES_run20,active,32.529414,5.39625,0.591649,3.192687,103.257774
FrodoKEM-640-AES_run20,active,32.542158,5.39625,0.591113,3.189792,103.298423
FrodoKEM-640-AES_run20,active,32.554921,5.3975,0.583603,3.149998,103.338628
FrodoKEM-640-AES_run20,active,32.567661,5.39625,0.588431,3.17532,103.379083
FrodoKEM-640-AES_run20,active,32.580407,5.39625,0.59147,3.191722,103.419762
FrodoKEM-640-AES_run20,active,32.59315,5.3975,0.590219,3.185706,103.460357
FrodoKEM-640-AES_run20,active,32.605894,5.3975,0.583782,3.150963,103.500513
FrodoKEM-640-AES_run20,active,32.618633,5.39625,0.591292,3.190757,103.541162
FrodoKEM-640-AES_run20,active,32.631372,5.3975,0.592901,3.200182,103.581929
FrodoKEM-640-AES_run20,active,32.644113,5.395,0.590219,3.18423,103.622499
FrodoKEM-640-AES_run20,active,32.656852,5.38875,0.583424,3.143928,103.662549
FrodoKEM-640-AES_run20,active,32.669619,5.39625,0.591649,3.192687,103.70331
FrodoKEM-640-AES_run20,active,32.682369,5.39625,0.590576,3.186898,103.743942
FrodoKEM-640-AES_run20,active,32.695114,5.39625,0.585928,3.161812,103.78424
FrodoKEM-640-AES_run20,active,32.707866,5.4,0.585212,3.160147,103.824539
FrodoKEM-640-AES_run20,active,32.720605,5.4,0.591649,3.194906,103.865239
FrodoKEM-640-AES_run20,active,32.733344,5.3975,0.592007,3.195357,103.905943
FrodoKEM-640-AES_run20,active,32.746086,5.39625,0.582709,3.144445,103.94601
FrodoKEM-640-AES_run20,active,32.758825,5.39875,0.591113,3.19127,103.986664
FrodoKEM-640-AES_run20,active,32.771565,5.39625,0.592007,3.194617,104.027365
FrodoKEM-640-AES_run20,active,32.784312,5.395,0.589861,3.182301,104.06793
FrodoKEM-640-AES_run20,active,32.797054,5.3975,0.583424,3.149033,104.108054
FrodoKEM-640-AES_run20,active,32.809796,5.39875,0.591649,3.194166,104.148754
FrodoKEM-640-AES_run20,active,32.822534,5.395,0.590398,3.185195,104.189328
FrodoKEM-640-AES_run20,active,32.835273,5.3975,0.583424,3.149033,104.229443
FrodoKEM-640-AES_run20,active,32.848012,5.39625,0.583246,3.147339,104.269536
FrodoKEM-640-AES_run20,active,32.860752,5.39625,0.591649,3.192687,104.310211
FrodoKEM-640-AES_run20,active,32.873492,5.39625,0.590755,3.187863,104.350825
FrodoKEM-640-AES_run20,active,32.88624,5.39375,0.585749,3.159383,104.391101
FrodoKEM-640-AES_run20,active,32.898983,5.39625,0.59147,3.191722,104.431771
FrodoKEM-640-AES_run20,active,32.911725,5.39625,0.59147,3.191722,104.472441
FrodoKEM-640-AES_run20,active,32.924463,5.39625,0.590755,3.187863,104.51305
FrodoKEM-640-AES_run20,active,32.937203,5.395,0.577345,3.114777,104.552731
FrodoKEM-640-AES_run20,active,32.949946,5.3975,0.59147,3.192461,104.593412
FrodoKEM-640-AES_run20,active,32.962687,5.39875,0.590219,3.186444,104.63401
FrodoKEM-640-AES_run20,active,32.975427,5.3975,0.582173,3.142278,104.674043
FrodoKEM-640-AES_run20,active,32.988175,5.3875,0.583782,3.145126,104.714137
FrodoKEM-640-AES_run20,active,33.00092,5.39625,0.591649,3.192687,104.754828
FrodoKEM-640-AES_run20,active,33.013661,5.395,0.591292,3.190018,104.795472
FrodoKEM-640-AES_run20,active,33.026411,5.3925,0.5811,3.133582,104.835425
FrodoKEM-640-AES_run20,active,33.039168,5.3975,0.59147,3.192461,104.876153
FrodoKEM-640-AES_run20,active,33.051913,5.3975,0.59147,3.192461,104.916839
FrodoKEM-640-AES_run20,active,33.064653,5.39625,0.590934,3.188828,104.957466
FrodoKEM-640-AES_run20,active,33.077394,5.4,0.582888,3.147595,104.997569
FrodoKEM-640-AES_run20,active,33.090144,5.39375,0.592186,3.194101,105.038294
FrodoKEM-640-AES_run20,active,33.102915,5.39625,0.590755,3.187863,105.079006
FrodoKEM-640-AES_run20,active,33.11566,5.39875,0.59004,3.185478,105.119605
FrodoKEM-640-AES_run20,active,33.128403,5.39375,0.583603,3.14781,105.159718
FrodoKEM-640-AES_run20,active,33.141143,5.395,0.592007,3.193877,105.200407
FrodoKEM-640-AES_run20,active,33.153885,5.3975,0.592007,3.195357,105.241122
FrodoKEM-640-AES_run20,active,33.166626,5.39625,0.583424,3.148304,105.281235
FrodoKEM-640-AES_run20,active,33.179365,5.395,0.590219,3.18423,105.321799
FrodoKEM-640-AES_run20,active,33.192113,5.38375,0.591113,3.182404,105.362367
FrodoKEM-640-AES_run20,active,33.207703,5.39625,0.594152,3.206195,105.412352
FrodoKEM-640-AES_run20,active,33.220464,5.39875,0.586643,3.167138,105.452767
FrodoKEM-640-AES_run20,active,33.233205,5.39625,0.591113,3.189792,105.493411
FrodoKEM-640-AES_run20,active,33.245949,5.3975,0.590934,3.189566,105.534059
FrodoKEM-640-AES_run20,active,33.258688,5.39875,0.583961,3.152658,105.57422
FrodoKEM-640-AES_run20,active,33.271428,5.3975,0.590934,3.189566,105.614856
FrodoKEM-640-AES_run20,active,33.28417,5.39625,0.592007,3.194617,105.655561
FrodoKEM-640-AES_run20,active,33.296918,5.3925,0.59004,3.181791,105.696123
FrodoKEM-640-AES_run20,active,33.309665,5.39625,0.583067,3.146374,105.736229
FrodoKEM-640-AES_run20,active,33.322408,5.39625,0.596477,3.218738,105.777244
FrodoKEM-640-AES_run20,active,33.335148,5.3975,0.591292,3.191496,105.817904
FrodoKEM-640-AES_run20,active,33.347888,5.39625,0.589861,3.183039,105.858455
FrodoKEM-640-AES_run20,active,33.360626,5.3975,0.583782,3.150963,105.898594
FrodoKEM-640-AES_run20,active,33.373366,5.39625,0.590934,3.188828,105.939218
FrodoKEM-640-AES_run20,active,33.386107,5.39875,0.587894,3.173895,105.979659
FrodoKEM-640-AES_run20,active,33.398855,5.395,0.583603,3.148539,106.019794
FrodoKEM-640-AES_run20,active,33.411599,5.3975,0.583961,3.151928,106.059963
FrodoKEM-640-AES_run20,active,33.424338,5.39625,0.598444,3.229351,106.101103
FrodoKEM-640-AES_run20,active,33.437079,5.4,0.588788,3.179457,106.141612
FrodoKEM-640-AES_run20,active,33.449825,5.39875,0.582709,3.145901,106.181709
FrodoKEM-640-AES_run20,active,33.462563,5.39625,0.589325,3.180144,106.222219
FrodoKEM-640-AES_run20,active,33.475302,5.39875,0.593258,3.202854,106.26302
FrodoKEM-640-AES_run20,active,33.488042,5.3975,0.590576,3.187636,106.30363
FrodoKEM-640-AES_run20,active,33.50078,5.3825,0.583246,3.139319,106.343618
FrodoKEM-640-AES_run20,active,33.513532,5.395,0.593258,3.200629,106.384432
FrodoKEM-640-AES_run20,active,33.526276,5.3975,0.594868,3.210798,106.425352
FrodoKEM-640-AES_run20,active,33.539019,5.3975,0.583603,3.149998,106.465492
FrodoKEM-640-AES_run20,active,33.551762,5.3975,0.583603,3.149998,106.50563
FrodoKEM-640-AES_run20,active,33.564502,5.4,0.591649,3.194906,106.546334
FrodoKEM-640-AES_run20,active,33.577241,5.39375,0.590219,3.183493,106.58689
FrodoKEM-640-AES_run20,active,33.589983,5.39875,0.58861,3.177756,106.627381
FrodoKEM-640-AES_run20,active,33.60273,5.39375,0.590934,3.18735,106.668008
FrodoKEM-640-AES_run20,active,33.615505,5.395,0.591113,3.189054,106.70875
FrodoKEM-640-AES_run20,active,33.628252,5.3975,0.59004,3.184741,106.749346
FrodoKEM-640-AES_run20,active,33.640993,5.3975,0.583067,3.147103,106.789443
FrodoKEM-640-AES_run20,active,33.653736,5.39625,0.591649,3.192687,106.830127
FrodoKEM-640-AES_run20,active,33.666475,5.3975,0.587,3.168335,106.870488
FrodoKEM-640-AES_run20,active,33.679214,5.39875,0.583603,3.150728,106.910626
FrodoKEM-640-AES_run20,active,33.691963,5.385,0.583067,3.139815,106.950657
FrodoKEM-640-AES_run20,active,33.704745,5.38,0.587894,3.162872,106.991082
FrodoKEM-640-AES_run20,active,33.717504,5.39,0.587358,3.16586,107.031475
FrodoKEM-640-AES_run20,active,33.730257,5.39375,0.581815,3.138166,107.071497
FrodoKEM-640-AES_run20,active,33.742997,5.3975,0.592007,3.195357,107.112206
FrodoKEM-640-AES_run20,active,33.75574,5.4,0.585391,3.161112,107.152487
FrodoKEM-640-AES_run20,active,33.768482,5.3975,0.590755,3.188601,107.193118
FrodoKEM-640-AES_run20,active,33.781223,5.39625,0.583424,3.148304,107.233231
FrodoKEM-640-AES_run20,active,33.793966,5.3975,0.593437,3.203077,107.274047
FrodoKEM-640-AES_run20,active,33.806714,5.3925,0.591113,3.187576,107.314682
FrodoKEM-640-AES_run20,active,33.81946,5.3975,0.590755,3.188601,107.355323
FrodoKEM-640-AES_run20,active,33.832237,5.39625,0.583961,3.151198,107.395587
FrodoKEM-640-AES_run20,active,33.844979,5.39625,0.593258,3.201371,107.436379
FrodoKEM-640-AES_run20,active,33.857722,5.39625,0.590576,3.186898,107.476988
FrodoKEM-640-AES_run20,active,33.87046,5.39625,0.581815,3.13962,107.516981
FrodoKEM-640-AES_run20,active,33.883202,5.3975,0.587,3.168335,107.557351
FrodoKEM-640-AES_run20,active,33.895943,5.41,0.59147,3.199855,107.598121
FrodoKEM-640-AES_run20,active,33.908691,5.3925,0.590219,3.182755,107.638696
FrodoKEM-640-AES_run20,active,33.921436,5.3975,0.58414,3.152893,107.678879
FrodoKEM-640-AES_run20,active,33.934178,5.39875,0.597728,3.226986,107.719999
FrodoKEM-640-AES_run20,active,33.946917,5.39625,0.589682,3.182074,107.760533
FrodoKEM-640-AES_run20,active,33.959658,5.3975,0.591113,3.190531,107.801185
FrodoKEM-640-AES_run20,active,33.972397,5.39625,0.582709,3.144445,107.841242
FrodoKEM-640-AES_run20,active,33.985138,5.395,0.592364,3.195806,107.881958
FrodoKEM-640-AES_run20,active,33.9979,5.39625,0.591113,3.189792,107.922666
FrodoKEM-640-AES_run20,active,34.01069,5.39,0.583782,3.146585,107.962911
FrodoKEM-640-AES_run20,active,34.02345,5.39875,0.589325,3.181617,108.00351
FrodoKEM-640-AES_run20,active,34.036259,5.395,0.59451,3.207381,108.044594
FrodoKEM-640-AES_run20,active,34.049005,5.39625,0.588252,3.174355,108.085054
FrodoKEM-640-AES_run20,active,34.061752,5.39625,0.583246,3.147339,108.125172
FrodoKEM-640-AES_run20,active,34.074492,5.3975,0.592543,3.198252,108.165918
FrodoKEM-640-AES_run20,active,34.087235,5.395,0.59004,3.183266,108.206484
FrodoKEM-640-AES_run20,active,34.099978,5.3975,0.590576,3.187636,108.247102
FrodoKEM-640-AES_run20,active,34.112725,5.39,0.583961,3.147549,108.287226
FrodoKEM-640-AES_run20,active,34.125471,5.38875,0.59147,3.187286,108.327848
FrodoKEM-640-AES_run20,active,34.138216,5.39375,0.595583,3.212425,108.368793
FrodoKEM-640-AES_run20,active,34.150953,5.3975,0.583424,3.149033,108.408902
FrodoKEM-640-AES_run20,active,34.163693,5.39625,0.584497,3.154093,108.449085
FrodoKEM-640-AES_run20,active,34.176433,5.4,0.591649,3.194906,108.489788
FrodoKEM-640-AES_run20,active,34.189175,5.3975,0.590755,3.188601,108.530417
FrodoKEM-640-AES_run20,active,34.201919,5.3975,0.582173,3.142278,108.570461
FrodoKEM-640-AES_run20,active,34.214665,5.39,0.593437,3.198627,108.611231
FrodoKEM-640-AES_run20,active,34.227408,5.3975,0.592007,3.195357,108.65195
FrodoKEM-640-AES_run20,active,34.24015,5.39625,0.590576,3.186898,108.692556
FrodoKEM-640-AES_run20,active,34.252891,5.39625,0.583246,3.147339,108.732657
FrodoKEM-640-AES_run20,active,34.265634,5.39625,0.590934,3.188828,108.773293
FrodoKEM-640-AES_run20,active,34.278375,5.39625,0.590398,3.185933,108.813886
FrodoKEM-640-AES_run20,active,34.291115,5.3975,0.588431,3.176055,108.854348
FrodoKEM-640-AES_run20,active,34.303855,5.3975,0.588967,3.17895,108.894847
FrodoKEM-640-AES_run20,active,34.316601,5.38625,0.594152,3.200253,108.935639
FrodoKEM-640-AES_run20,active,34.329346,5.39625,0.590755,3.187863,108.976269
FrodoKEM-640-AES_run20,active,34.342091,5.395,0.585749,3.160115,109.016544
FrodoKEM-640-AES_run20,active,34.35483,5.3975,0.597728,3.226239,109.057641
FrodoKEM-640-AES_run20,active,34.367572,5.39625,0.591649,3.192687,109.098323
FrodoKEM-640-AES_run20,active,34.380314,5.39625,0.59147,3.191722,109.138993
FrodoKEM-640-AES_run20,active,34.393057,5.3975,0.583067,3.147103,109.179096
FrodoKEM-640-AES_run20,active,34.4058,5.3975,0.587537,3.17123,109.219508
FrodoKEM-640-AES_run20,active,34.418547,5.3875,0.590219,3.179804,109.260039
FrodoKEM-640-AES_run20,active,34.43129,5.39625,0.583424,3.148304,109.30016
FrodoKEM-640-AES_run20,active,34.444031,5.3975,0.588252,3.17509,109.340612
FrodoKEM-640-AES_run20,active,34.456768,5.39875,0.59147,3.193201,109.381286
FrodoKEM-640-AES_run20,active,34.469509,5.39625,0.591113,3.189792,109.421926
FrodoKEM-640-AES_run20,active,34.485095,5.39875,0.582173,3.143005,109.470912
FrodoKEM-640-AES_run20,active,34.497856,5.3975,0.591649,3.193427,109.511665
FrodoKEM-640-AES_run20,active,34.510601,5.39875,0.591292,3.192236,109.552349
FrodoKEM-640-AES_run20,active,34.523341,5.38875,0.590219,3.180542,109.592869
FrodoKEM-640-AES_run20,active,34.536085,5.39375,0.582709,3.142988,109.632923
FrodoKEM-640-AES_run20,active,34.548829,5.39625,0.590576,3.186898,109.673538
FrodoKEM-640-AES_run20,active,34.561618,5.3975,0.590576,3.187636,109.714303
FrodoKEM-640-AES_run20,active,34.574367,5.39375,0.590755,3.186386,109.754928
FrodoKEM-640-AES_run20,active,34.587106,5.3975,0.591649,3.193427,109.795609
FrodoKEM-640-AES_run20,active,34.599849,5.395,0.591113,3.189054,109.836247
FrodoKEM-640-AES_run20,active,34.612587,5.39625,0.590576,3.186898,109.876842
FrodoKEM-640-AES_run20,active,34.625335,5.38875,0.586285,3.159344,109.917116
FrodoKEM-640-AES_run20,active,34.638081,5.3875,0.591828,3.188473,109.957757
FrodoKEM-640-AES_run20,active,34.65082,5.39625,0.590219,3.184968,109.99833
FrodoKEM-640-AES_run20,active,34.663559,5.39875,0.588788,3.178721,110.038825
FrodoKEM-640-AES_run20,active,34.6763,5.3975,0.580027,3.130697,110.07871
FrodoKEM-640-AES_run20,active,34.689045,5.39625,0.592364,3.196546,110.119451
FrodoKEM-640-AES_run20,active,34.701804,5.39625,0.590755,3.187863,110.160125
FrodoKEM-640-AES_run20,active,34.714541,5.3975,0.586822,3.16737,110.200469
FrodoKEM-640-AES_run20,active,34.727287,5.38875,0.591292,3.186323,110.241082
FrodoKEM-640-AES_run20,active,34.740033,5.39625,0.592543,3.197511,110.281836
FrodoKEM-640-AES_run20,active,34.752775,5.3975,0.590219,3.185706,110.322429
FrodoKEM-640-AES_run20,active,34.765515,5.395,0.583246,3.14661,110.362518
FrodoKEM-640-AES_run20,active,34.778258,5.39625,0.591113,3.189792,110.403163
FrodoKEM-640-AES_run20,active,34.790997,5.39625,0.589861,3.183039,110.443713
FrodoKEM-640-AES_run20,active,34.803738,5.39625,0.590934,3.188828,110.484343
FrodoKEM-640-AES_run20,active,34.816479,5.395,0.583782,3.149504,110.52447
FrodoKEM-640-AES_run20,active,34.829227,5.3875,0.59147,3.186547,110.565091
FrodoKEM-640-AES_run20,active,34.841972,5.39625,0.590398,3.185933,110.605697
FrodoKEM-640-AES_run20,active,34.854713,5.3975,0.588967,3.17895,110.6462
FrodoKEM-640-AES_run20,active,34.867453,5.39625,0.581636,3.138655,110.686186
FrodoKEM-640-AES_run20,active,34.880232,5.39625,0.59147,3.191722,110.726972
FrodoKEM-640-AES_run20,active,34.892972,5.39625,0.590398,3.185933,110.767562
FrodoKEM-640-AES_run20,active,34.905716,5.4,0.583603,3.151457,110.807723
FrodoKEM-640-AES_run20,active,34.918456,5.3975,0.591828,3.194392,110.84842
FrodoKEM-640-AES_run20,active,34.931201,5.38875,0.591649,3.18825,110.889054
FrodoKEM-640-AES_run20,active,34.943944,5.39875,0.589504,3.182583,110.92961
FrodoKEM-640-AES_run20,active,34.956685,5.39625,0.587537,3.170495,110.970005
FrodoKEM-640-AES_run20,active,34.969425,5.3975,0.59147,3.192461,111.010679
FrodoKEM-640-AES_run20,active,34.982169,5.3975,0.590576,3.187636,111.051301
FrodoKEM-640-AES_run20,active,34.994908,5.39625,0.586643,3.165671,111.091628
FrodoKEM-640-AES_run20,active,35.00765,5.39625,0.59147,3.191722,111.132296
FrodoKEM-640-AES_run20,active,35.020398,5.39625,0.59147,3.191722,111.172985
FrodoKEM-640-AES_run20,active,35.033172,5.38875,0.591649,3.18825,111.213712
FrodoKEM-640-AES_run20,active,35.045927,5.3975,0.581815,3.140348,111.253767
FrodoKEM-640-AES_run20,active,35.058669,5.39875,0.593258,3.202854,111.294579
FrodoKEM-640-AES_run20,active,35.071413,5.39625,0.591292,3.190757,111.335239
FrodoKEM-640-AES_run20,active,35.084155,5.39625,0.588431,3.17532,111.375702
FrodoKEM-640-AES_run20,active,35.096897,5.395,0.583424,3.147575,111.415809
FrodoKEM-640-AES_run20,active,35.109642,5.39625,0.591649,3.192687,111.456497
FrodoKEM-640-AES_run20,active,35.122382,5.3975,0.590576,3.187636,111.497108
FrodoKEM-640-AES_run20,active,35.135127,5.3975,0.583603,3.149998,111.537256
FrodoKEM-640-AES_run20,active,35.147873,5.39875,0.583424,3.149762,111.577403
FrodoKEM-640-AES_run20,active,35.160616,5.3975,0.591649,3.193427,111.618096
FrodoKEM-640-AES_run20,active,35.173357,5.39625,0.588252,3.174355,111.65854
FrodoKEM-640-AES_run20,active,35.1861,5.3975,0.584318,3.153859,111.698729
FrodoKEM-640-AES_run20,active,35.198839,5.39625,0.591649,3.192687,111.739402
FrodoKEM-640-AES_run20,active,35.21158,5.39625,0.588073,3.17339,111.779835
FrodoKEM-640-AES_run20,active,35.224321,5.3975,0.583961,3.151928,111.819992
FrodoKEM-640-AES_run20,active,35.237068,5.3975,0.580742,3.134557,111.859948
FrodoKEM-640-AES_run20,active,35.249815,5.3975,0.591649,3.193427,111.900656
FrodoKEM-640-AES_run20,active,35.262556,5.3975,0.590755,3.188601,111.941281
FrodoKEM-640-AES_run20,active,35.275297,5.39375,0.589325,3.178671,111.98178
FrodoKEM-640-AES_run20,active,35.288038,5.39625,0.583424,3.148304,112.021892
FrodoKEM-640-AES_run20,active,35.300779,5.3975,0.592543,3.198252,112.062643
FrodoKEM-640-AES_run20,active,35.313521,5.3975,0.589682,3.182811,112.103198
FrodoKEM-640-AES_run20,active,35.326264,5.3975,0.583782,3.150963,112.143351
FrodoKEM-640-AES_run20,active,35.33901,5.39625,0.591113,3.189792,112.184008
FrodoKEM-640-AES_run20,active,35.351753,5.39625,0.59147,3.191722,112.224681
FrodoKEM-640-AES_run20,active,35.364495,5.39,0.591828,3.189953,112.265325
FrodoKEM-640-AES_run20,active,35.377235,5.3975,0.583961,3.151928,112.305482
FrodoKEM-640-AES_run20,active,35.389978,5.39875,0.591649,3.194166,112.346185
FrodoKEM-640-AES_run20,active,35.402719,5.3975,0.589861,3.183776,112.386748
FrodoKEM-640-AES_run20,active,35.415488,5.4025,0.583603,3.152916,112.427009
FrodoKEM-640-AES_run20,active,35.428238,5.3975,0.584676,3.155789,112.467246
FrodoKEM-640-AES_run20,active,35.440986,5.395,0.592364,3.195806,112.507984
FrodoKEM-640-AES_run20,active,35.453731,5.39375,0.590576,3.185421,112.548584
FrodoKEM-640-AES_run20,active,35.466473,5.39625,0.586643,3.165671,112.588919
FrodoKEM-640-AES_run20,active,35.479214,5.39625,0.591649,3.192687,112.629597
FrodoKEM-640-AES_run20,active,35.491955,5.39625,0.591649,3.192687,112.670277
FrodoKEM-640-AES_run20,active,35.504697,5.3975,0.591113,3.190531,112.71093
FrodoKEM-640-AES_run20,active,35.517438,5.39875,0.583961,3.152658,112.751097
FrodoKEM-640-AES_run20,active,35.530183,5.39625,0.590934,3.188828,112.791739
FrodoKEM-640-AES_run20,active,35.54293,5.39625,0.590219,3.184968,112.832337
FrodoKEM-640-AES_run20,active,35.555674,5.4025,0.592722,3.202181,112.873146
FrodoKEM-640-AES_run20,active,35.568416,5.3975,0.586106,3.163509,112.913457
FrodoKEM-640-AES_run20,active,35.581158,5.39625,0.591292,3.190757,112.954113
FrodoKEM-640-AES_run20,active,35.593903,5.395,0.583961,3.150469,112.994267
FrodoKEM-640-AES_run20,active,35.606642,5.39625,0.583424,3.148304,113.034373
FrodoKEM-640-AES_run20,active,35.619383,5.39875,0.591828,3.195131,113.075081
FrodoKEM-640-AES_run20,active,35.632123,5.3975,0.591649,3.193427,113.115767
FrodoKEM-640-AES_run20,active,35.644871,5.395,0.592722,3.197735,113.156529
FrodoKEM-640-AES_run20,active,35.657618,5.39625,0.583424,3.148304,113.196661
FrodoKEM-640-AES_run20,active,35.670362,5.39375,0.595046,3.209532,113.237565
FrodoKEM-640-AES_run20,active,35.683105,5.39375,0.59147,3.190243,113.278217
FrodoKEM-640-AES_run20,active,35.695861,5.39625,0.588788,3.177249,113.318745
FrodoKEM-640-AES_run20,active,35.708603,5.39625,0.583424,3.148304,113.358862
FrodoKEM-640-AES_run20,active,35.721344,5.39625,0.59147,3.191722,113.399528
FrodoKEM-640-AES_run20,active,35.734088,5.39625,0.588967,3.178214,113.440032
FrodoKEM-640-AES_run20,active,35.746833,5.3975,0.583246,3.148068,113.480154
FrodoKEM-640-AES_run20,active,35.762253,5.39625,0.592007,3.194617,113.529416
FrodoKEM-640-AES_run20,active,35.775007,5.40125,0.590755,3.190817,113.570111
FrodoKEM-640-AES_run20,active,35.787751,5.3975,0.591113,3.190531,113.61077
FrodoKEM-640-AES_run20,active,35.800492,5.3975,0.583961,3.151928,113.650927
FrodoKEM-640-AES_run20,active,35.813233,5.39875,0.592186,3.197062,113.691661
FrodoKEM-640-AES_run20,active,35.825977,5.39625,0.590219,3.184968,113.732252
FrodoKEM-640-AES_run20,active,35.838716,5.4025,0.583424,3.15195,113.772405
FrodoKEM-640-AES_run20,active,35.85148,5.3975,0.583424,3.149033,113.812599
FrodoKEM-640-AES_run20,active,35.864232,5.40875,0.593258,3.208786,113.853516
FrodoKEM-640-AES_run20,active,35.876974,5.3975,0.590219,3.185706,113.894109
FrodoKEM-640-AES_run20,active,35.889714,5.39,0.582173,3.137911,113.934086
FrodoKEM-640-AES_run20,active,35.902452,5.39375,0.59147,3.190243,113.974724
FrodoKEM-640-AES_run20,active,35.91519,5.395,0.590219,3.18423,114.015284
FrodoKEM-640-AES_run20,active,35.927928,5.3975,0.590576,3.187636,114.055888
FrodoKEM-640-AES_run20,active,35.940667,5.39625,0.583782,3.150234,114.096019
FrodoKEM-640-AES_run20,active,35.953412,5.3925,0.598444,3.227107,114.137149
FrodoKEM-640-AES_run20,active,35.966158,5.39875,0.59004,3.185478,114.177749
FrodoKEM-640-AES_run20,active,35.978928,5.39625,0.590576,3.186898,114.218447
FrodoKEM-640-AES_run20,active,35.991669,5.3975,0.583782,3.150963,114.258595
FrodoKEM-640-AES_run20,active,36.004409,5.3975,0.590576,3.187636,114.299204
FrodoKEM-640-AES_run20,active,36.017148,5.3975,0.590576,3.187636,114.339812
FrodoKEM-640-AES_run20,active,36.0299,5.39625,0.584497,3.154093,114.380032
FrodoKEM-640-AES_run20,active,36.042652,5.3975,0.592901,3.200182,114.420842
FrodoKEM-640-AES_run20,active,36.055403,5.39625,0.594868,3.210054,114.461771
FrodoKEM-640-AES_run20,active,36.068146,5.39625,0.59147,3.191722,114.502446
FrodoKEM-640-AES_run20,active,36.080888,5.39625,0.584318,3.153128,114.542623
FrodoKEM-640-AES_run20,active,36.09363,5.395,0.584855,3.155292,114.582825
FrodoKEM-640-AES_run20,active,36.106369,5.4,0.590576,3.189113,114.623454
FrodoKEM-640-AES_run20,active,36.119109,5.3975,0.582709,3.145173,114.663521
FrodoKEM-640-AES_run20,active,36.131849,5.39625,0.583961,3.151198,114.70367
FrodoKEM-640-AES_run20,active,36.144589,5.3975,0.590755,3.188601,114.744291
FrodoKEM-640-AES_run20,active,36.157334,5.3975,0.590755,3.188601,114.784931
FrodoKEM-640-AES_run20,active,36.17008,5.39625,0.583603,3.149269,114.82507
FrodoKEM-640-AES_run20,active,36.182822,5.39875,0.590398,3.187409,114.865685
FrodoKEM-640-AES_run20,active,36.195562,5.3975,0.591292,3.191496,114.906345
FrodoKEM-640-AES_run20,active,36.208301,5.3975,0.59004,3.184741,114.946916
FrodoKEM-640-AES_run20,active,36.221041,5.39625,0.583603,3.149269,114.987036
FrodoKEM-640-AES_run20,active,36.233783,5.39375,0.591292,3.189279,115.027675
FrodoKEM-640-AES_run20,active,36.246523,5.39625,0.588967,3.178214,115.068164
FrodoKEM-640-AES_run20,active,36.259268,5.3975,0.592007,3.195357,115.108889
FrodoKEM-640-AES_run20,active,36.272011,5.39625,0.583067,3.146374,115.148985
FrodoKEM-640-AES_run20,active,36.284755,5.4025,0.59147,3.195419,115.189706
FrodoKEM-640-AES_run20,active,36.297495,5.39625,0.591113,3.189792,115.230345
FrodoKEM-640-AES_run20,active,36.310236,5.39625,0.583424,3.148304,115.270456
FrodoKEM-640-AES_run20,active,36.322974,5.39625,0.592901,3.199441,115.311211
FrodoKEM-640-AES_run20,active,36.335713,5.39875,0.59147,3.193201,115.351891
FrodoKEM-640-AES_run20,active,36.348453,5.39875,0.589861,3.184513,115.392459
FrodoKEM-640-AES_run20,active,36.361199,5.39625,0.583424,3.148304,115.43259
FrodoKEM-640-AES_run20,active,36.373945,5.39875,0.593258,3.202854,115.473413
FrodoKEM-640-AES_run20,active,36.386684,5.3975,0.589861,3.183776,115.513972
FrodoKEM-640-AES_run20,active,36.399424,5.3975,0.590398,3.186671,115.554569
FrodoKEM-640-AES_run20,active,36.412166,5.39625,0.582709,3.144445,115.594633
FrodoKEM-640-AES_run20,active,36.424907,5.39875,0.591113,3.19127,115.635293
FrodoKEM-640-AES_run20,active,36.43765,5.39875,0.590755,3.18934,115.675935
FrodoKEM-640-AES_run20,active,36.450388,5.3975,0.583961,3.151928,115.716087
FrodoKEM-640-AES_run20,active,36.463134,5.395,0.587,3.166867,115.75645
FrodoKEM-640-AES_run20,active,36.475878,5.39375,0.592186,3.194101,115.797156
FrodoKEM-640-AES_run20,active,36.48862,5.395,0.590219,3.18423,115.837731
FrodoKEM-640-AES_run20,active,36.501361,5.395,0.583603,3.148539,115.877846
FrodoKEM-640-AES_run20,active,36.514103,5.4,0.589861,3.18525,115.918432
FrodoKEM-640-AES_run20,active,36.526845,5.39625,0.59004,3.184003,115.959002
FrodoKEM-640-AES_run20,active,36.539584,5.38875,0.59004,3.179578,115.999507
FrodoKEM-640-AES_run20,active,36.552323,5.39625,0.583603,3.149269,116.039627
FrodoKEM-640-AES_run20,active,36.56507,5.39625,0.590219,3.184968,116.080226
FrodoKEM-640-AES_run20,active,36.577816,5.39625,0.590398,3.185933,116.120833
FrodoKEM-640-AES_run20,active,36.590556,5.3975,0.58414,3.152893,116.161001
FrodoKEM-640-AES_run20,active,36.603292,5.4,0.587179,3.170768,116.201384
FrodoKEM-640-AES_run20,active,36.616034,5.3975,0.591649,3.193427,116.242073
FrodoKEM-640-AES_run20,active,36.628774,5.3975,0.590219,3.185706,116.282658
FrodoKEM-640-AES_run20,active,36.641513,5.3975,0.583603,3.149998,116.322788
FrodoKEM-640-AES_run20,active,36.654255,5.39625,0.586643,3.165671,116.363126
FrodoKEM-640-AES_run20,active,36.667001,5.39625,0.591828,3.193652,116.403829
FrodoKEM-640-AES_run20,active,36.679744,5.395,0.590576,3.18616,116.444431
FrodoKEM-640-AES_run20,active,36.692487,5.3975,0.580206,3.131662,116.484338
FrodoKEM-640-AES_run20,active,36.705235,5.3975,0.590755,3.188601,116.524987
FrodoKEM-640-AES_run20,active,36.717977,5.39625,0.590219,3.184968,116.565571
FrodoKEM-640-AES_run20,active,36.730715,5.395,0.583067,3.145645,116.60564
FrodoKEM-640-AES_run20,active,36.743457,5.39375,0.582173,3.140095,116.64565
FrodoKEM-640-AES_run20,active,36.756258,5.3925,0.59147,3.189504,116.686479
FrodoKEM-640-AES_run20,active,36.769067,5.385,0.591113,3.183142,116.727252
FrodoKEM-640-AES_run20,active,36.781834,5.39375,0.58253,3.142023,116.767365
FrodoKEM-640-AES_run20,active,36.794578,5.39875,0.591649,3.194166,116.808074
FrodoKEM-640-AES_run20,active,36.80732,5.395,0.589861,3.182301,116.848622
FrodoKEM-640-AES_run20,active,36.82006,5.3975,0.590755,3.188601,116.889244
FrodoKEM-640-AES_run20,active,36.832802,5.39125,0.580742,3.130927,116.929139
FrodoKEM-640-AES_run20,active,36.845543,5.39625,0.591649,3.192687,116.969817
FrodoKEM-640-AES_run20,active,36.858289,5.37625,0.590934,3.177009,117.010312
FrodoKEM-640-AES_run20,active,36.871038,5.39625,0.583424,3.148304,117.050449
FrodoKEM-640-AES_run20,active,36.883784,5.395,0.586464,3.163973,117.090777
FrodoKEM-640-AES_run20,active,36.896525,5.3975,0.59451,3.208868,117.131662
FrodoKEM-640-AES_run20,active,36.909266,5.3975,0.590576,3.187636,117.172274
FrodoKEM-640-AES_run20,active,36.922008,5.39625,0.584497,3.154093,117.212464
FrodoKEM-640-AES_run20,active,36.934748,5.39625,0.593795,3.204265,117.253286
FrodoKEM-640-AES_run20,active,36.947492,5.3975,0.591828,3.194392,117.293997
FrodoKEM-640-AES_run20,active,36.960232,5.3975,0.590576,3.187636,117.334606
FrodoKEM-640-AES_run20,active,36.972978,5.39125,0.585212,3.155026,117.37482
FrodoKEM-640-AES_run20,active,36.985724,5.39625,0.591649,3.192687,117.415513
FrodoKEM-640-AES_run20,active,36.998465,5.39625,0.590755,3.187863,117.456131
FrodoKEM-640-AES_run20,active,37.011204,5.39625,0.583603,3.149269,117.49625
FrodoKEM-640-AES_run20,active,37.023955,5.40125,0.583603,3.152187,117.536441
FrodoKEM-640-AES_run20,active,37.03963,5.39625,0.591292,3.190757,117.586458
FrodoKEM-640-AES_run20,active,37.052396,5.39875,0.588788,3.178721,117.627038
FrodoKEM-640-AES_run20,active,37.065142,5.395,0.584855,3.155292,117.667254
FrodoKEM-640-AES_run20,active,37.077896,5.39875,0.59147,3.193201,117.707982
FrodoKEM-640-AES_run20,active,37.090642,5.39625,0.590398,3.185933,117.748589
FrodoKEM-640-AES_run20,active,37.103383,5.39375,0.587537,3.169027,117.788965
FrodoKEM-640-AES_run20,active,37.116124,5.39625,0.583246,3.147339,117.829067
FrodoKEM-640-AES_run20,active,37.128865,5.395,0.59147,3.190983,117.869722
FrodoKEM-640-AES_run20,active,37.141607,5.3975,0.590755,3.188601,117.910351
FrodoKEM-640-AES_run20,active,37.154348,5.3975,0.584855,3.156754,117.950571
FrodoKEM-640-AES_run20,active,37.167087,5.39625,0.591113,3.189792,117.991205
FrodoKEM-640-AES_run20,active,37.179832,5.3975,0.59147,3.192461,118.031894
FrodoKEM-640-AES_run20,active,37.192576,5.39375,0.591292,3.189279,118.072538
FrodoKEM-640-AES_run20,active,37.205317,5.395,0.583782,3.149504,118.112664
FrodoKEM-640-AES_run20,active,37.218058,5.395,0.591292,3.190018,118.153311
FrodoKEM-640-AES_run20,active,37.2308,5.39625,0.589682,3.182074,118.193856
FrodoKEM-640-AES_run20,active,37.24354,5.3975,0.590576,3.187636,118.234468
FrodoKEM-640-AES_run20,active,37.256284,5.3975,0.583603,3.149998,118.274609
FrodoKEM-640-AES_run20,active,37.269032,5.395,0.59147,3.190983,118.315288
FrodoKEM-640-AES_run20,active,37.281781,5.39375,0.590755,3.186386,118.355911
FrodoKEM-640-AES_run20,active,37.294522,5.3975,0.584318,3.153859,118.396096
FrodoKEM-640-AES_run20,active,37.307263,5.39625,0.591649,3.192687,118.436773
FrodoKEM-640-AES_run20,active,37.320004,5.4,0.592543,3.199733,118.47754
FrodoKEM-640-AES_run20,active,37.332743,5.395,0.59147,3.190983,118.518192
FrodoKEM-640-AES_run20,active,37.345483,5.3975,0.583246,3.148068,118.558296
FrodoKEM-640-AES_run20,active,37.358226,5.3975,0.592364,3.197287,118.599041
FrodoKEM-640-AES_run20,active,37.370964,5.39625,0.590219,3.184968,118.639611
FrodoKEM-640-AES_run20,active,37.383711,5.395,0.592364,3.195806,118.680346
FrodoKEM-640-AES_run20,active,37.396453,5.3975,0.583603,3.149998,118.720484
FrodoKEM-640-AES_run20,active,37.409192,5.3975,0.591828,3.194392,118.761177
FrodoKEM-640-AES_run20,active,37.421934,5.395,0.58557,3.15915,118.801432
FrodoKEM-640-AES_run20,active,37.434673,5.3975,0.580206,3.131662,118.841325
FrodoKEM-640-AES_run20,active,37.447412,5.395,0.583424,3.147575,118.881424
FrodoKEM-640-AES_run20,active,37.460157,5.39625,0.592007,3.194617,118.922138
FrodoKEM-640-AES_run20,active,37.472897,5.3975,0.587358,3.170265,118.962527
FrodoKEM-640-AES_run20,active,37.485645,5.395,0.583603,3.148539,119.002665
FrodoKEM-640-AES_run20,active,37.498388,5.39625,0.59147,3.191722,119.043337
FrodoKEM-640-AES_run20,active,37.511128,5.39625,0.584318,3.153128,119.083507
FrodoKEM-640-AES_run20,active,37.523869,5.40375,0.588788,3.181665,119.124046
FrodoKEM-640-AES_run20,active,37.53661,5.39625,0.583424,3.148304,119.164157
FrodoKEM-640-AES_run20,active,37.549349,5.3975,0.591649,3.193427,119.20484
FrodoKEM-640-AES_run20,active,37.56209,5.39625,0.590219,3.184968,119.245418
FrodoKEM-640-AES_run20,active,37.574831,5.3975,0.583424,3.149033,119.28554
FrodoKEM-640-AES_run20,active,37.587576,5.3975,0.588252,3.17509,119.326006
FrodoKEM-640-AES_run20,active,37.600319,5.3975,0.591649,3.193427,119.366701
FrodoKEM-640-AES_run20,active,37.613059,5.3975,0.588252,3.17509,119.40715
FrodoKEM-640-AES_run20,active,37.625796,5.3975,0.584318,3.153859,119.447323
FrodoKEM-640-AES_run20,active,37.638542,5.3975,0.591649,3.193427,119.488025
FrodoKEM-640-AES_run20,active,37.65128,5.3975,0.591828,3.194392,119.528716
FrodoKEM-640-AES_run20,active,37.664021,5.3975,0.590755,3.188601,119.569343
FrodoKEM-640-AES_run20,active,37.676761,5.3975,0.583424,3.149033,119.609462
FrodoKEM-640-AES_run20,active,37.689513,5.39625,0.590576,3.186898,119.650099
FrodoKEM-640-AES_run20,active,37.702271,5.3975,0.592543,3.198252,119.690903
FrodoKEM-640-AES_run20,active,37.715012,5.39625,0.585391,3.158917,119.73115
FrodoKEM-640-AES_run20,active,37.727753,5.39625,0.583067,3.146374,119.771238
FrodoKEM-640-AES_run20,active,37.740493,5.39625,0.592007,3.194617,119.811938
FrodoKEM-640-AES_run20,active,37.753234,5.39875,0.591649,3.194166,119.852635
FrodoKEM-640-AES_run20,active,37.765976,5.39625,0.583067,3.146374,119.892725
FrodoKEM-640-AES_run20,active,37.778714,5.395,0.591292,3.190018,119.933362
FrodoKEM-640-AES_run20,active,37.791461,5.40625,0.591828,3.19957,119.974145
FrodoKEM-640-AES_run20,active,37.804242,5.3925,0.590576,3.184683,120.01485
FrodoKEM-640-AES_run20,active,37.816983,5.39875,0.583424,3.149762,120.05498
FrodoKEM-640-AES_run20,active,37.829725,5.3975,0.592007,3.195357,120.095694
FrodoKEM-640-AES_run20,active,37.842463,5.37625,0.590219,3.173164,120.136117
FrodoKEM-640-AES_run20,active,37.855204,5.39875,0.593437,3.203819,120.176934
FrodoKEM-640-AES_run20,active,37.867945,5.39625,0.583424,3.148304,120.217048
FrodoKEM-640-AES_run20,active,37.880684,5.39375,0.592543,3.19603,120.257763
FrodoKEM-640-AES_run20,active,37.893431,5.39125,0.590219,3.182017,120.298322
FrodoKEM-640-AES_run20,active,37.906178,5.39625,0.583603,3.149269,120.338466
FrodoKEM-640-AES_run20,active,37.918917,5.4,0.591649,3.194906,120.379168
FrodoKEM-640-AES_run20,active,37.931657,5.39875,0.590576,3.188374,120.419786
FrodoKEM-640-AES_run20,active,37.944397,5.39625,0.59004,3.184003,120.46035
FrodoKEM-640-AES_run20,active,37.957137,5.3975,0.583424,3.149033,120.500469
FrodoKEM-640-AES_run20,active,37.969879,5.39625,0.59147,3.191722,120.541139
FrodoKEM-640-AES_run20,active,37.982618,5.40125,0.581994,3.143495,120.581182
FrodoKEM-640-AES_run20,active,37.995363,5.3975,0.584855,3.156754,120.621418
FrodoKEM-640-AES_run20,active,38.008107,5.39625,0.583961,3.151198,120.661577
FrodoKEM-640-AES_run20,active,38.020847,5.3975,0.592007,3.195357,120.702285
FrodoKEM-640-AES_run20,active,38.033641,5.39875,0.589325,3.181617,120.74299
FrodoKEM-640-AES_run20,active,38.046398,5.39625,0.582888,3.145409,120.783116
FrodoKEM-640-AES_run20,active,38.05914,5.39875,0.591113,3.19127,120.823777
FrodoKEM-640-AES_run20,active,38.071882,5.37125,0.588967,3.16349,120.864088
FrodoKEM-640-AES_run20,active,38.084623,5.3975,0.590576,3.187636,120.904703
FrodoKEM-640-AES_run20,active,38.097372,5.3975,0.583424,3.149033,120.94485
FrodoKEM-640-AES_run20,active,38.110121,5.3975,0.59147,3.192461,120.98555
FrodoKEM-640-AES_run20,active,38.122902,5.39375,0.588431,3.173849,121.026113
FrodoKEM-640-AES_run20,active,38.13564,5.3975,0.590755,3.188601,121.066732
FrodoKEM-640-AES_run20,active,38.14838,5.39625,0.584676,3.155058,121.106927
FrodoKEM-640-AES_run20,active,38.161119,5.3975,0.596656,3.220449,121.147953
FrodoKEM-640-AES_run20,active,38.173864,5.39625,0.592364,3.196546,121.18869
FrodoKEM-640-AES_run20,active,38.186604,5.39625,0.581636,3.138655,121.228677
FrodoKEM-640-AES_run20,active,38.199351,5.3975,0.588967,3.17895,121.269199
FrodoKEM-640-AES_run20,active,38.212095,5.395,0.59147,3.190983,121.309867
FrodoKEM-640-AES_run20,active,38.224838,5.39625,0.590576,3.186898,121.350477
FrodoKEM-640-AES_run20,active,38.23761,5.39625,0.583424,3.148304,121.390685
FrodoKEM-640-AES_run20,active,38.250354,5.3975,0.591828,3.194392,121.431396
FrodoKEM-640-AES_run20,active,38.263094,5.395,0.589682,3.181337,121.471927
FrodoKEM-640-AES_run20,active,38.275835,5.39625,0.591828,3.193652,121.512616
FrodoKEM-640-AES_run20,active,38.288575,5.39625,0.583424,3.148304,121.552726
FrodoKEM-640-AES_run20,active,38.301322,5.40125,0.592007,3.197577,121.593485
FrodoKEM-640-AES_run20,active,38.316887,5.395,0.590576,3.18616,121.643077
FrodoKEM-640-AES_run20,active,38.32965,5.39625,0.583961,3.151198,121.683296
FrodoKEM-640-AES_run20,active,38.342394,5.39875,0.589504,3.182583,121.723856
FrodoKEM-640-AES_run20,active,38.355135,5.395,0.593437,3.201594,121.764648
FrodoKEM-640-AES_run20,active,38.367877,5.39625,0.591113,3.189792,121.805291
FrodoKEM-640-AES_run20,active,38.380619,5.39875,0.585749,3.162311,121.845584
FrodoKEM-640-AES_run20,active,38.393356,5.3975,0.588431,3.176055,121.88604
FrodoKEM-640-AES_run20,active,38.406106,5.395,0.590219,3.18423,121.926639
FrodoKEM-640-AES_run20,active,38.418849,5.39625,0.583782,3.150234,121.966781
FrodoKEM-640-AES_run20,active,38.431589,5.39625,0.582173,3.14155,122.006806
FrodoKEM-640-AES_run20,active,38.444329,5.3975,0.592007,3.195357,122.047513
FrodoKEM-640-AES_run20,active,38.45707,5.39625,0.590755,3.187863,122.08813
FrodoKEM-640-AES_run20,active,38.469812,5.39625,0.583782,3.150234,122.12827
FrodoKEM-640-AES_run20,active,38.482552,5.39625,0.593258,3.201371,122.169056
FrodoKEM-640-AES_run20,active,38.495292,5.39875,0.592722,3.199958,122.209823
FrodoKEM-640-AES_run20,active,38.508039,5.3975,0.590576,3.187636,122.250457
FrodoKEM-640-AES_run20,active,38.520784,5.3975,0.586285,3.164474,122.290788
FrodoKEM-640-AES_run20,active,38.533525,5.3975,0.593258,3.202112,122.331585
FrodoKEM-640-AES_run20,active,38.546267,5.3975,0.590219,3.185706,122.372177
FrodoKEM-640-AES_run20,active,38.559005,5.3975,0.592186,3.196322,122.412892
FrodoKEM-640-AES_run20,active,38.571746,5.39,0.578418,3.117673,122.452613
FrodoKEM-640-AES_run20,active,38.584487,5.39625,0.59147,3.191722,122.493279
FrodoKEM-640-AES_run20,active,38.597228,5.3975,0.590219,3.185706,122.533869
FrodoKEM-640-AES_run20,active,38.609977,5.39875,0.583961,3.152658,122.574064
FrodoKEM-640-AES_run20,active,38.622719,5.3975,0.591828,3.194392,122.614765
FrodoKEM-640-AES_run20,active,38.63546,5.39625,0.592007,3.194617,122.655469
FrodoKEM-640-AES_run20,active,38.648242,5.39625,0.590755,3.187863,122.696215
FrodoKEM-640-AES_run20,active,38.660985,5.39,0.583603,3.145621,122.7363
FrodoKEM-640-AES_run20,active,38.673727,5.395,0.59147,3.190983,122.77696
FrodoKEM-640-AES_run20,active,38.686464,5.3975,0.590219,3.185706,122.817536
FrodoKEM-640-AES_run20,active,38.699213,5.39625,0.583782,3.150234,122.857698
FrodoKEM-640-AES_run20,active,38.711963,5.3975,0.58253,3.144208,122.897786
FrodoKEM-640-AES_run20,active,38.724708,5.39625,0.591828,3.193652,122.93849
FrodoKEM-640-AES_run20,active,38.73745,5.3975,0.590755,3.188601,122.979121
FrodoKEM-640-AES_run20,active,38.75019,5.39625,0.583603,3.149269,123.019242
FrodoKEM-640-AES_run20,active,38.76293,5.39,0.591828,3.189953,123.05988
FrodoKEM-640-AES_run20,active,38.77567,5.39625,0.591292,3.190757,123.10053
FrodoKEM-640-AES_run20,active,38.788409,5.39625,0.590576,3.186898,123.14113
FrodoKEM-640-AES_run20,active,38.801148,5.395,0.581279,3.135999,123.181079
FrodoKEM-640-AES_run20,active,38.813896,5.39875,0.592007,3.196097,123.221824
FrodoKEM-640-AES_run20,active,38.826641,5.3975,0.589861,3.183776,123.2624
FrodoKEM-640-AES_run20,active,38.839383,5.3975,0.591649,3.193427,123.303091
FrodoKEM-640-AES_run20,active,38.852121,5.39375,0.584318,3.151667,123.343238
FrodoKEM-640-AES_run20,active,38.864862,5.39625,0.591292,3.190757,123.383889
FrodoKEM-640-AES_run20,active,38.877604,5.3975,0.591649,3.193427,123.42458
FrodoKEM-640-AES_run20,active,38.890345,5.3975,0.580385,3.132627,123.464492
FrodoKEM-640-AES_run20,active,38.903084,5.3975,0.591649,3.193427,123.505174
FrodoKEM-640-AES_run20,active,38.91583,5.3975,0.592901,3.200182,123.545962
FrodoKEM-640-AES_run20,active,38.928574,5.38125,0.590398,3.177077,123.586453
FrodoKEM-640-AES_run20,active,38.941314,5.39625,0.58253,3.14348,123.6265
FrodoKEM-640-AES_run20,active,38.954056,5.39625,0.593258,3.201371,123.667293
FrodoKEM-640-AES_run20,active,38.966793,5.39625,0.590219,3.184968,123.707861
FrodoKEM-640-AES_run20,active,38.979532,5.39875,0.590755,3.18934,123.748487
FrodoKEM-640-AES_run20,active,38.992272,5.3975,0.583961,3.151928,123.788644
FrodoKEM-640-AES_run20,active,39.005011,5.395,0.591649,3.191947,123.829305
FrodoKEM-640-AES_run20,active,39.017759,5.3975,0.590755,3.188601,123.869955
FrodoKEM-640-AES_run20,active,39.030514,5.385,0.58557,3.153294,123.910174
FrodoKEM-640-AES_run20,active,39.043281,5.39625,0.59147,3.191722,123.950924
FrodoKEM-640-AES_run20,active,39.056032,5.39625,0.591649,3.192687,123.991633
FrodoKEM-640-AES_run20,active,39.068776,5.3975,0.591113,3.190531,124.032292
FrodoKEM-640-AES_run20,active,39.081516,5.39375,0.58253,3.142023,124.072324
FrodoKEM-640-AES_run20,active,39.094262,5.39625,0.592901,3.199441,124.113101
FrodoKEM-640-AES_run20,active,39.107001,5.39875,0.590219,3.186444,124.153693
FrodoKEM-640-AES_run20,active,39.119749,5.39625,0.590398,3.185933,124.194309
FrodoKEM-640-AES_run20,active,39.132494,5.39,0.583782,3.146585,124.234411
FrodoKEM-640-AES_run20,active,39.145241,5.395,0.592543,3.196771,124.275162
FrodoKEM-640-AES_run20,active,39.157984,5.395,0.590219,3.18423,124.315737
FrodoKEM-640-AES_run20,active,39.170725,5.39125,0.585034,3.154062,124.355925
FrodoKEM-640-AES_run20,active,39.183501,5.3975,0.590755,3.188601,124.39666
FrodoKEM-640-AES_run20,active,39.196245,5.3975,0.591649,3.193427,124.43736
FrodoKEM-640-AES_run20,active,39.208987,5.3975,0.590576,3.187636,124.477977
FrodoKEM-640-AES_run20,active,39.221737,5.39625,0.588073,3.17339,124.518435
FrodoKEM-640-AES_run20,active,39.234482,5.38125,0.590934,3.179964,124.558965
FrodoKEM-640-AES_run20,active,39.247226,5.39625,0.592543,3.197511,124.599713
FrodoKEM-640-AES_run20,active,39.259966,5.4,0.590755,3.190078,124.640354
FrodoKEM-640-AES_run20,active,39.272706,5.40125,0.583961,3.154118,124.680538
FrodoKEM-640-AES_run20,active,39.285446,5.3975,0.59147,3.192461,124.72121
FrodoKEM-640-AES_run20,active,39.298191,5.3975,0.590219,3.185706,124.761813
FrodoKEM-640-AES_run20,active,39.310929,5.3975,0.586643,3.166405,124.802147
FrodoKEM-640-AES_run20,active,39.323678,5.3975,0.583246,3.148068,124.842282
FrodoKEM-640-AES_run20,active,39.336423,5.395,0.591292,3.190018,124.882939
FrodoKEM-640-AES_run20,active,39.349164,5.4,0.590576,3.189113,124.923572
FrodoKEM-640-AES_run20,active,39.361909,5.4025,0.584318,3.15678,124.963805
FrodoKEM-640-AES_run20,active,39.374651,5.395,0.59147,3.190983,125.004463
FrodoKEM-640-AES_run20,active,39.387392,5.3975,0.589325,3.180881,125.044992
FrodoKEM-640-AES_run20,active,39.400135,5.3975,0.586643,3.166405,125.085341
FrodoKEM-640-AES_run20,active,39.412877,5.395,0.581815,3.138893,125.125336
FrodoKEM-640-AES_run20,active,39.425626,5.39625,0.591649,3.192687,125.166038
FrodoKEM-640-AES_run20,active,39.438368,5.385,0.591113,3.183142,125.206599
FrodoKEM-640-AES_run20,active,39.451109,5.39875,0.580027,3.131422,125.246498
FrodoKEM-640-AES_run20,active,39.463853,5.3975,0.583961,3.151928,125.286664
FrodoKEM-640-AES_run20,active,39.476593,5.39625,0.591649,3.192687,125.327338
FrodoKEM-640-AES_run20,active,39.489333,5.3975,0.590576,3.187636,125.367949
FrodoKEM-640-AES_run20,active,39.502078,5.3975,0.593437,3.203077,125.408772
FrodoKEM-640-AES_run20,active,39.514818,5.39875,0.594152,3.20768,125.449639
FrodoKEM-640-AES_run20,active,39.527563,5.3975,0.592186,3.196322,125.490377
FrodoKEM-640-AES_run20,active,39.540307,5.3875,0.588967,3.173061,125.530814
FrodoKEM-640-AES_run20,active,39.553049,5.3975,0.583424,3.149033,125.570938
FrodoKEM-640-AES_run20,active,39.565791,5.3975,0.590576,3.187636,125.611557
FrodoKEM-640-AES_run20,active,39.578531,5.39625,0.590576,3.186898,125.652158
FrodoKEM-640-AES_run20,active,39.594138,5.3975,0.583603,3.149998,125.70132
FrodoKEM-640-AES_run20,active,39.606921,5.39625,0.591113,3.189792,125.742092
FrodoKEM-640-AES_run20,active,39.619665,5.39375,0.591649,3.191208,125.782762
FrodoKEM-640-AES_run20,active,39.632412,5.39625,0.590398,3.185933,125.823375
FrodoKEM-640-AES_run20,active,39.645157,5.395,0.584676,3.154327,125.863575
FrodoKEM-640-AES_run20,active,39.657901,5.3975,0.59147,3.192461,125.90426
FrodoKEM-640-AES_run20,active,39.67064,5.4,0.591828,3.195871,125.944973
FrodoKEM-640-AES_run20,active,39.683381,5.395,0.58861,3.175549,125.985433
FrodoKEM-640-AES_run20,active,39.696134,5.395,0.583424,3.147575,126.025574
FrodoKEM-640-AES_run20,active,39.708878,5.39625,0.59147,3.191722,126.06625
FrodoKEM-640-AES_run20,active,39.721623,5.39875,0.588967,3.179687,126.106775
FrodoKEM-640-AES_run20,active,39.73437,5.39625,0.585034,3.156988,126.147017
FrodoKEM-640-AES_run20,active,39.747113,5.3975,0.590576,3.187636,126.187635
FrodoKEM-640-AES_run20,active,39.759854,5.39625,0.595583,3.213914,126.228584
FrodoKEM-640-AES_run20,active,39.772592,5.3975,0.588073,3.174125,126.269015
FrodoKEM-640-AES_run20,active,39.785332,5.3975,0.583246,3.148068,126.309122
FrodoKEM-640-AES_run20,active,39.798075,5.39625,0.591649,3.192687,126.349807
FrodoKEM-640-AES_run20,active,39.810816,5.3975,0.595046,3.211763,126.390728
FrodoKEM-640-AES_run20,active,39.823555,5.39625,0.590219,3.184968,126.431302
FrodoKEM-640-AES_run20,active,39.836302,5.3975,0.583603,3.149998,126.471456
FrodoKEM-640-AES_run20,active,39.849043,5.39375,0.592364,3.195065,126.512164
FrodoKEM-640-AES_run20,active,39.861792,5.395,0.59308,3.199664,126.552955
FrodoKEM-640-AES_run20,active,39.874532,5.395,0.584855,3.155292,126.593154
FrodoKEM-640-AES_run20,active,39.887271,5.39625,0.589504,3.181109,126.633679
FrodoKEM-640-AES_run20,active,39.900013,5.39625,0.591292,3.190757,126.674334
FrodoKEM-640-AES_run20,active,39.912755,5.395,0.591828,3.192912,126.715018
FrodoKEM-640-AES_run20,active,39.925494,5.39625,0.588252,3.174355,126.755458
FrodoKEM-640-AES_run20,active,39.938243,5.39875,0.592007,3.196097,126.796204
FrodoKEM-640-AES_run20,active,39.950986,5.39125,0.596298,3.214792,126.83717
FrodoKEM-640-AES_run20,active,39.963726,5.3975,0.590219,3.185706,126.877755
FrodoKEM-640-AES_run20,active,39.976466,5.39625,0.583424,3.148304,126.917866
FrodoKEM-640-AES_run20,active,39.989207,5.39875,0.589861,3.184513,126.958439
FrodoKEM-640-AES_run20,active,40.001949,5.395,0.590755,3.187124,126.999048
FrodoKEM-640-AES_run20,active,40.01469,5.3975,0.583603,3.149998,127.039182
FrodoKEM-640-AES_run20,active,40.027437,5.39625,0.583603,3.149269,127.079328
FrodoKEM-640-AES_run20,active,40.040242,5.3975,0.592364,3.197287,127.120267
FrodoKEM-640-AES_run20,active,40.052988,5.395,0.590576,3.18616,127.160879
FrodoKEM-640-AES_run20,active,40.065733,5.39625,0.583424,3.148304,127.201003
FrodoKEM-640-AES_run20,active,40.078473,5.39625,0.59147,3.191722,127.241667
FrodoKEM-640-AES_run20,active,40.091213,5.395,0.589861,3.182301,127.282209
FrodoKEM-640-AES_run20,active,40.103954,5.39625,0.590934,3.188828,127.322838
FrodoKEM-640-AES_run20,active,40.116696,5.3975,0.583246,3.148068,127.36295
FrodoKEM-640-AES_run20,active,40.129436,5.39875,0.591649,3.194166,127.403644
FrodoKEM-640-AES_run20,active,40.142185,5.395,0.590576,3.18616,127.444264
FrodoKEM-640-AES_run20,active,40.154927,5.385,0.583782,3.143666,127.48432
FrodoKEM-640-AES_run20,active,40.167669,5.3975,0.587,3.168335,127.524691
FrodoKEM-640-AES_run20,active,40.180411,5.3925,0.590934,3.186612,127.565297
FrodoKEM-640-AES_run20,active,40.193151,5.39875,0.589861,3.184513,127.605868
FrodoKEM-640-AES_run20,active,40.205896,5.39625,0.584676,3.155058,127.646078
FrodoKEM-640-AES_run20,active,40.218635,5.39625,0.591292,3.190757,127.686725
FrodoKEM-640-AES_run20,active,40.231374,5.4075,0.590934,3.195476,127.727431
FrodoKEM-640-AES_run20,active,40.244119,5.39875,0.590576,3.188374,127.768069
FrodoKEM-640-AES_run20,active,40.256863,5.385,0.583782,3.143666,127.80813
FrodoKEM-640-AES_run20,active,40.269608,5.39375,0.59147,3.190243,127.848789
FrodoKEM-640-AES_run20,active,40.282349,5.39625,0.590755,3.187863,127.889406
FrodoKEM-640-AES_run20,active,40.295087,5.39625,0.586106,3.162777,127.929694
FrodoKEM-640-AES_run20,active,40.307827,5.39625,0.583067,3.146374,127.969779
FrodoKEM-640-AES_run20,active,40.320567,5.4,0.601126,3.246078,128.011136
FrodoKEM-640-AES_run20,active,40.333307,5.3975,0.590934,3.189566,128.051771
FrodoKEM-640-AES_run20,active,40.346055,5.3975,0.583782,3.150963,128.091938
FrodoKEM-640-AES_run20,active,40.358799,5.385,0.590934,3.18218,128.132491
FrodoKEM-640-AES_run20,active,40.371539,5.39625,0.585212,3.157952,128.172724
FrodoKEM-640-AES_run20,active,40.384278,5.39625,0.590576,3.186898,128.213323
FrodoKEM-640-AES_run20,active,40.397019,5.39625,0.583603,3.149269,128.253447
FrodoKEM-640-AES_run20,active,40.409758,5.395,0.594331,3.206417,128.294293
FrodoKEM-640-AES_run20,active,40.422499,5.39625,0.590576,3.186898,128.334898
FrodoKEM-640-AES_run20,active,40.435238,5.395,0.584497,3.153362,128.375068
FrodoKEM-640-AES_run20,active,40.447983,5.39875,0.582888,3.146867,128.415174
FrodoKEM-640-AES_run20,active,40.460726,5.38625,0.591828,3.187734,128.455797
FrodoKEM-640-AES_run20,active,40.473466,5.39625,0.591649,3.192687,128.496471
FrodoKEM-640-AES_run20,active,40.486207,5.39625,0.583603,3.149269,128.536597
FrodoKEM-640-AES_run20,active,40.498946,5.39625,0.59594,3.215843,128.577564
FrodoKEM-640-AES_run20,active,40.511686,5.39875,0.592186,3.197062,128.618293
FrodoKEM-640-AES_run20,active,40.524425,5.3975,0.590576,3.187636,128.658901
FrodoKEM-640-AES_run20,active,40.537165,5.3975,0.583782,3.150963,128.699045
FrodoKEM-640-AES_run20,active,40.549913,5.39375,0.587894,3.170955,128.739468
FrodoKEM-640-AES_run20,active,40.562656,5.39625,0.590576,3.186898,128.780078
FrodoKEM-640-AES_run20,active,40.575399,5.39625,0.588073,3.17339,128.820515
FrodoKEM-640-AES_run20,active,40.588137,5.3975,0.583424,3.149033,128.860628
FrodoKEM-640-AES_run20,active,40.600874,5.39875,0.59147,3.193201,128.901299
FrodoKEM-640-AES_run20,active,40.613615,5.39625,0.590755,3.187863,128.941917
FrodoKEM-640-AES_run20,active,40.626355,5.39625,0.583603,3.149269,128.982039
FrodoKEM-640-AES_run20,active,40.639095,5.39,0.59147,3.188025,129.022655
FrodoKEM-640-AES_run20,active,40.651841,5.39625,0.59147,3.191722,129.063337
FrodoKEM-640-AES_run20,active,40.664584,5.39375,0.590219,3.183493,129.103905
FrodoKEM-640-AES_run20,active,40.677326,5.3975,0.58253,3.144208,129.143967
FrodoKEM-640-AES_run20,active,40.690069,5.40375,0.592186,3.200023,129.184744
FrodoKEM-640-AES_run20,active,40.702817,5.3975,0.590398,3.186671,129.225368
FrodoKEM-640-AES_run20,active,40.715562,5.39625,0.590576,3.186898,129.265985
FrodoKEM-640-AES_run20,active,40.728303,5.40125,0.583782,3.153153,129.306159
FrodoKEM-640-AES_run20,active,40.741043,5.39375,0.592543,3.19603,129.346876
FrodoKEM-640-AES_run20,active,40.753792,5.3975,0.592186,3.196322,129.387627
FrodoKEM-640-AES_run20,active,40.766536,5.395,0.583424,3.147575,129.427738
FrodoKEM-640-AES_run20,active,40.779279,5.4025,0.58861,3.179963,129.468263
FrodoKEM-640-AES_run20,active,40.792022,5.3975,0.592007,3.195357,129.508982
FrodoKEM-640-AES_run20,active,40.804764,5.3975,0.590755,3.188601,129.54961
FrodoKEM-640-AES_run20,active,40.817504,5.39625,0.583961,3.151198,129.589757
FrodoKEM-640-AES_run20,active,40.830248,5.38875,0.591292,3.186323,129.630362
FrodoKEM-640-AES_run20,active,40.842987,5.39875,0.589861,3.184513,129.67093
FrodoKEM-640-AES_run20,active,40.855733,5.3975,0.589146,3.179916,129.71146
FrodoKEM-640-AES_run20,active,40.871326,5.3825,0.58861,3.168191,129.760863
FrodoKEM-640-AES_run20,active,40.884089,5.39625,0.591649,3.192687,129.801611
FrodoKEM-640-AES_run20,active,40.896836,5.39875,0.590755,3.18934,129.842265
FrodoKEM-640-AES_run20,active,40.9096,5.40125,0.584318,3.15605,129.88255
FrodoKEM-640-AES_run20,active,40.922344,5.39875,0.591828,3.195131,129.923268
FrodoKEM-640-AES_run20,active,40.935087,5.39875,0.593437,3.203819,129.964094
FrodoKEM-640-AES_run20,active,40.94783,5.3975,0.591113,3.190531,130.004752
FrodoKEM-640-AES_run20,active,40.960578,5.39125,0.584318,3.150207,130.044911
FrodoKEM-640-AES_run20,active,40.973324,5.385,0.593258,3.194696,130.085629
FrodoKEM-640-AES_run20,active,40.986068,5.3975,0.590934,3.189566,130.126279
FrodoKEM-640-AES_run20,active,40.998808,5.4025,0.583961,3.154848,130.166472
FrodoKEM-640-AES_run20,active,41.011548,5.39625,0.583603,3.149269,130.206592
FrodoKEM-640-AES_run20,active,41.024288,5.3975,0.591649,3.193427,130.247275
FrodoKEM-640-AES_run20,active,41.037053,5.39625,0.59004,3.184003,130.287919
FrodoKEM-640-AES_run20,active,41.049813,5.40125,0.584855,3.158947,130.32823
FrodoKEM-640-AES_run20,active,41.062565,5.3975,0.591649,3.193427,130.36895
FrodoKEM-640-AES_run20,active,41.075309,5.385,0.593616,3.196622,130.40969
FrodoKEM-640-AES_run20,active,41.088053,5.395,0.59004,3.183266,130.450255
FrodoKEM-640-AES_run20,active,41.100797,5.3925,0.583067,3.144188,130.490324
FrodoKEM-640-AES_run20,active,41.113536,5.39375,0.592364,3.195065,130.531028
FrodoKEM-640-AES_run20,active,41.126282,5.3975,0.590398,3.186671,130.571644
FrodoKEM-640-AES_run20,active,41.139022,5.395,0.581994,3.139858,130.611646
FrodoKEM-640-AES_run20,active,41.151763,5.39875,0.582709,3.145901,130.651727
FrodoKEM-640-AES_run20,active,41.16451,5.4,0.591649,3.194906,130.692455
FrodoKEM-640-AES_run20,active,41.177255,5.385,0.590398,3.179291,130.732973
FrodoKEM-640-AES_run20,active,41.189999,5.40125,0.583603,3.152187,130.773144
FrodoKEM-640-AES_run20,active,41.202737,5.3975,0.592007,3.195357,130.81385
FrodoKEM-640-AES_run20,active,41.215501,5.3975,0.591113,3.190531,130.854573
FrodoKEM-640-AES_run20,active,41.228244,5.3975,0.592901,3.200182,130.895352
FrodoKEM-640-AES_run20,active,41.240985,5.395,0.582352,3.141787,130.93538
FrodoKEM-640-AES_run20,active,41.253728,5.39625,0.591292,3.190757,130.976042
FrodoKEM-640-AES_run20,active,41.266474,5.3975,0.590219,3.185706,131.016648
FrodoKEM-640-AES_run20,active,41.279218,5.3975,0.581636,3.139382,131.056654
FrodoKEM-640-AES_run20,active,41.29196,5.3975,0.58414,3.152893,131.096829
FrodoKEM-640-AES_run20,active,41.3047,5.3975,0.59147,3.192461,131.1375
FrodoKEM-640-AES_run20,active,41.317439,5.3975,0.590219,3.185706,131.178085
FrodoKEM-640-AES_run20,active,41.330181,5.39625,0.575915,3.10778,131.217682
FrodoKEM-640-AES_run20,active,41.342921,5.39625,0.591292,3.190757,131.258332
FrodoKEM-640-AES_run20,active,41.355661,5.39625,0.59147,3.191722,131.298994
FrodoKEM-640-AES_run20,active,41.368407,5.3975,0.592543,3.198252,131.33976
FrodoKEM-640-AES_run20,active,41.381152,5.395,0.583603,3.148539,131.379888
FrodoKEM-640-AES_run20,active,41.393894,5.39625,0.592007,3.194617,131.420595
FrodoKEM-640-AES_run20,active,41.406639,5.39375,0.587894,3.170955,131.461008
FrodoKEM-640-AES_run20,active,41.419377,5.395,0.586822,3.165903,131.501335
FrodoKEM-640-AES_run20,active,41.432117,5.3975,0.581994,3.141313,131.541356
FrodoKEM-640-AES_run20,active,41.444857,5.3975,0.591113,3.190531,131.582002
FrodoKEM-640-AES_run20,active,41.457598,5.39625,0.590934,3.188828,131.622631
FrodoKEM-640-AES_run20,active,41.470347,5.3975,0.584855,3.156754,131.662879
FrodoKEM-640-AES_run20,active,41.483091,5.39625,0.59147,3.191722,131.703552
FrodoKEM-640-AES_run20,active,41.495832,5.3975,0.592543,3.198252,131.744301
FrodoKEM-640-AES_run20,active,41.508571,5.3925,0.590755,3.185647,131.784885
FrodoKEM-640-AES_run20,active,41.521311,5.39875,0.583246,3.148797,131.824999
FrodoKEM-640-AES_run20,active,41.534053,5.39875,0.592901,3.200923,131.865785
FrodoKEM-640-AES_run20,active,41.546792,5.39625,0.590219,3.184968,131.90636
FrodoKEM-640-AES_run20,active,41.559529,5.395,0.588967,3.177478,131.94683
FrodoKEM-640-AES_run20,active,41.572273,5.39625,0.583603,3.149269,131.986966
FrodoKEM-640-AES_run20,active,41.585016,5.395,0.592007,3.193877,132.027664
FrodoKEM-640-AES_run20,active,41.597758,5.39625,0.589861,3.183039,132.068223
FrodoKEM-640-AES_run20,active,41.610496,5.38875,0.58253,3.139111,132.108209
FrodoKEM-640-AES_run20,active,41.623234,5.3975,0.591292,3.191496,132.148863
FrodoKEM-640-AES_run20,active,41.635976,5.39875,0.591649,3.194166,132.189561
FrodoKEM-640-AES_run20,active,41.648716,5.39875,0.590398,3.187409,132.23017
FrodoKEM-640-AES_run20,active,41.661456,5.39625,0.583424,3.148304,132.270279
FrodoKEM-640-AES_run20,active,41.674205,5.3975,0.592364,3.197287,132.311042
FrodoKEM-640-AES_run20,active,41.686948,5.3975,0.590576,3.187636,132.35166
FrodoKEM-640-AES_run20,active,41.699699,5.3975,0.59147,3.192461,132.392369
FrodoKEM-640-AES_run20,active,41.712438,5.3975,0.583961,3.151928,132.432522
FrodoKEM-640-AES_run20,active,41.725178,5.39625,0.591649,3.192687,132.473195
FrodoKEM-640-AES_run20,active,41.737924,5.39625,0.590576,3.186898,132.513817
FrodoKEM-640-AES_run20,active,41.750666,5.3975,0.583782,3.150963,132.553964
FrodoKEM-640-AES_run20,active,41.763404,5.395,0.589146,3.178443,132.594453
FrodoKEM-640-AES_run20,active,41.776151,5.39625,0.592007,3.194617,132.635173
FrodoKEM-640-AES_run20,active,41.788895,5.4025,0.592901,3.203147,132.675994
FrodoKEM-640-AES_run20,active,41.801636,5.39625,0.583067,3.146374,132.716084
FrodoKEM-640-AES_run20,active,41.814374,5.3975,0.591292,3.191496,132.756738
FrodoKEM-640-AES_run20,active,41.827113,5.395,0.592543,3.196771,132.797461
FrodoKEM-640-AES_run20,active,41.839852,5.39375,0.590219,3.183493,132.838015
FrodoKEM-640-AES_run20,active,41.852593,5.395,0.583961,3.150469,132.878154
FrodoKEM-640-AES_run20,active,41.865333,5.3975,0.59147,3.192461,132.918825
FrodoKEM-640-AES_run20,active,41.878081,5.39875,0.59004,3.185478,132.959435
FrodoKEM-640-AES_run20,active,41.890823,5.39875,0.583424,3.149762,132.99957
FrodoKEM-640-AES_run20,active,41.903565,5.39625,0.583067,3.146374,133.03966
FrodoKEM-640-AES_run20,active,41.916308,5.39375,0.59147,3.190243,133.080312
FrodoKEM-640-AES_run20,active,41.929045,5.39375,0.579848,3.127557,133.120148
FrodoKEM-640-AES_run20,active,41.94179,5.3975,0.583603,3.149998,133.160295
FrodoKEM-640-AES_run20,active,41.954529,5.3975,0.592722,3.199217,133.201052
FrodoKEM-640-AES_run20,active,41.967269,5.39625,0.589861,3.183039,133.241603
FrodoKEM-640-AES_run20,active,41.980015,5.39875,0.590398,3.187409,133.282229
FrodoKEM-640-AES_run20,active,41.992757,5.3975,0.582888,3.146138,133.322318
FrodoKEM-640-AES_run20,active,42.005497,5.39625,0.591828,3.193652,133.363006
FrodoKEM-640-AES_run20,active,42.01824,5.39375,0.591649,3.191208,133.40367
FrodoKEM-640-AES_run20,active,42.030992,5.39625,0.584318,3.153128,133.443879
FrodoKEM-640-AES_run20,active,42.043762,5.3975,0.585391,3.159649,133.484227
FrodoKEM-640-AES_run20,active,42.056515,5.395,0.59147,3.190983,133.524923
FrodoKEM-640-AES_run20,active,42.06926,5.39875,0.590398,3.187409,133.565545
FrodoKEM-640-AES_run20,active,42.082012,5.3975,0.583424,3.149033,133.605703
FrodoKEM-640-AES_run20,active,42.094761,5.395,0.592186,3.194841,133.646433
FrodoKEM-640-AES_run20,active,42.107504,5.3975,0.591828,3.194392,133.687138
FrodoKEM-640-AES_run20,active,42.120244,5.3975,0.589861,3.183776,133.727701
FrodoKEM-640-AES_run20,active,42.132986,5.3975,0.583424,3.149033,133.767825
FrodoKEM-640-AES_run20,active,42.148557,5.3925,0.596656,3.217465,133.817924
FrodoKEM-640-AES_run20,active,42.161331,5.395,0.589861,3.182301,133.858575
FrodoKEM-640-AES_run20,active,42.174082,5.3975,0.58414,3.152893,133.898779
FrodoKEM-640-AES_run20,active,42.186832,5.39625,0.592364,3.196546,133.939535
FrodoKEM-640-AES_run20,active,42.199578,5.395,0.587,3.166867,133.9799
FrodoKEM-640-AES_run20,active,42.212321,5.39625,0.590219,3.184968,134.020485
FrodoKEM-640-AES_run20,active,42.225061,5.39875,0.583961,3.152658,134.06065
FrodoKEM-640-AES_run20,active,42.237803,5.3975,0.599874,3.23782,134.101907
FrodoKEM-640-AES_run20,active,42.250543,5.3975,0.590755,3.188601,134.142528
FrodoKEM-640-AES_run20,active,42.263283,5.3975,0.585212,3.158684,134.18277
FrodoKEM-640-AES_run20,active,42.276023,5.3975,0.583782,3.150963,134.222913
FrodoKEM-640-AES_run20,active,42.288769,5.395,0.588967,3.177478,134.263413
FrodoKEM-640-AES_run20,active,42.301511,5.39625,0.591113,3.189792,134.304059
FrodoKEM-640-AES_run20,active,42.314255,5.39625,0.585391,3.158917,134.344316
FrodoKEM-640-AES_run20,active,42.326994,5.39625,0.590755,3.187863,134.384925
FrodoKEM-640-AES_run20,active,42.339733,5.39625,0.591649,3.192687,134.425598
FrodoKEM-640-AES_run20,active,42.352475,5.39375,0.591113,3.188315,134.466223
FrodoKEM-640-AES_run20,active,42.365216,5.39625,0.583603,3.149269,134.506346
FrodoKEM-640-AES_run20,active,42.377958,5.40125,0.591649,3.195645,134.547065
FrodoKEM-640-AES_run20,active,42.390704,5.39875,0.589861,3.184513,134.587656
FrodoKEM-640-AES_run20,active,42.403447,5.3975,0.593258,3.202112,134.628462
FrodoKEM-640-AES_run20,active,42.416228,5.3975,0.583603,3.149998,134.668722
FrodoKEM-640-AES_run20,active,42.42897,5.40375,0.590755,3.192293,134.709396
FrodoKEM-640-AES_run20,active,42.441712,5.39875,0.590576,3.188374,134.750022
FrodoKEM-640-AES_run20,active,42.45445,5.39625,0.58414,3.152163,134.790177
FrodoKEM-640-AES_run20,active,42.467191,5.4025,0.590576,3.190589,134.830826
FrodoKEM-640-AES_run20,active,42.47993,5.3975,0.591292,3.191496,134.871484
FrodoKEM-640-AES_run20,active,42.492678,5.3975,0.590934,3.189566,134.912143
FrodoKEM-640-AES_run20,active,42.505422,5.39625,0.588431,3.17532,134.952611
FrodoKEM-640-AES_run20,active,42.518166,5.39875,0.591292,3.192236,134.993292
FrodoKEM-640-AES_run20,active,42.530929,5.39625,0.592364,3.196546,135.034088
FrodoKEM-640-AES_run20,active,42.543671,5.39625,0.590398,3.185933,135.074684
FrodoKEM-640-AES_run20,active,42.55641,5.395,0.583424,3.147575,135.114783
FrodoKEM-640-AES_run20,active,42.569151,5.39375,0.592901,3.197959,135.155527
FrodoKEM-640-AES_run20,active,42.581894,5.39625,0.590576,3.186898,135.196137
FrodoKEM-640-AES_run20,active,42.59464,5.40375,0.583782,3.154612,135.236345
FrodoKEM-640-AES_run20,active,42.607383,5.39625,0.583782,3.150234,135.27649
FrodoKEM-640-AES_run20,active,42.620125,5.39375,0.592007,3.193137,135.317177
FrodoKEM-640-AES_run20,active,42.632865,5.395,0.590576,3.18616,135.357769
FrodoKEM-640-AES_run20,active,42.645609,5.39375,0.582709,3.142988,135.397823
FrodoKEM-640-AES_run20,active,42.658352,5.4,0.590219,3.187182,135.438437
FrodoKEM-640-AES_run20,active,42.671094,5.39625,0.589861,3.183039,135.478994
FrodoKEM-640-AES_run20,active,42.683833,5.39875,0.590219,3.186444,135.519588
FrodoKEM-640-AES_run20,active,42.696594,5.39625,0.583603,3.149269,135.559777
FrodoKEM-640-AES_run20,active,42.709341,5.39625,0.589861,3.183039,135.600348
FrodoKEM-640-AES_run20,active,42.722086,5.39625,0.590398,3.185933,135.640953
FrodoKEM-640-AES_run20,active,42.734823,5.395,0.583603,3.148539,135.681058
FrodoKEM-640-AES_run20,active,42.747569,5.3975,0.583424,3.149033,135.721194
FrodoKEM-640-AES_run20,active,42.760429,5.395,0.592007,3.193877,135.762269
FrodoKEM-640-AES_run20,active,42.773314,5.39625,0.592186,3.195582,135.803443
FrodoKEM-640-AES_run20,active,42.786068,5.3975,0.583424,3.149033,135.843604
FrodoKEM-640-AES_run20,active,42.798851,5.395,0.592543,3.196771,135.884471
FrodoKEM-640-AES_run20,active,42.811601,5.395,0.592543,3.196771,135.925229
FrodoKEM-640-AES_run20,active,42.82435,5.3975,0.590398,3.186671,135.965854
FrodoKEM-640-AES_run20,active,42.837093,5.39,0.583424,3.144658,136.005929
FrodoKEM-640-AES_run20,active,42.849838,5.3975,0.591649,3.193427,136.046629
FrodoKEM-640-AES_run20,active,42.86258,5.39625,0.590219,3.184968,136.087211
FrodoKEM-640-AES_run20,active,42.875322,5.3975,0.585749,3.161579,136.127495
FrodoKEM-640-AES_run20,active,42.888064,5.39625,0.581815,3.13962,136.167501
FrodoKEM-640-AES_run20,active,42.900814,5.39625,0.591649,3.192687,136.208207
FrodoKEM-640-AES_run20,active,42.913614,5.3975,0.589861,3.183776,136.248961
FrodoKEM-640-AES_run20,active,42.926363,5.3975,0.583782,3.150963,136.289132
FrodoKEM-640-AES_run20,active,42.939106,5.3975,0.59147,3.192461,136.329812
FrodoKEM-640-AES_run20,active,42.951847,5.3975,0.59004,3.184741,136.370389
FrodoKEM-640-AES_run20,active,42.964587,5.39875,0.590219,3.186444,136.410985
FrodoKEM-640-AES_run20,active,42.97733,5.40125,0.584318,3.15605,136.451203
FrodoKEM-640-AES_run20,active,42.990073,5.395,0.59147,3.190983,136.491865
FrodoKEM-640-AES_run20,active,43.002821,5.39625,0.590576,3.186898,136.532492
FrodoKEM-640-AES_run20,active,43.015567,5.39625,0.583961,3.151198,136.572656
FrodoKEM-640-AES_run20,active,43.028318,5.38875,0.586285,3.159344,136.612941
FrodoKEM-640-AES_run20,active,43.041098,5.3875,0.591113,3.18462,136.653642
FrodoKEM-640-AES_run20,active,43.053861,5.39875,0.592007,3.196097,136.694432
FrodoKEM-640-AES_run20,active,43.066605,5.405,0.583603,3.154375,136.734631
FrodoKEM-640-AES_run20,active,43.079346,5.395,0.591292,3.190018,136.775275
FrodoKEM-640-AES_run20,active,43.092087,5.3975,0.592186,3.196322,136.816001
FrodoKEM-640-AES_run20,active,43.104836,5.3975,0.590576,3.187636,136.856639
FrodoKEM-640-AES_run20,active,43.117614,5.39875,0.588252,3.175825,136.897222
FrodoKEM-640-AES_run20,active,43.130361,5.3975,0.591113,3.190531,136.937891
FrodoKEM-640-AES_run20,active,43.143104,5.39625,0.590576,3.186898,136.9785
FrodoKEM-640-AES_run20,active,43.155844,5.39625,0.584676,3.155058,137.018697
FrodoKEM-640-AES_run20,active,43.168584,5.40125,0.581815,3.142529,137.058731
FrodoKEM-640-AES_run20,active,43.181323,5.39625,0.59147,3.191722,137.099393
FrodoKEM-640-AES_run20,active,43.194066,5.39625,0.592364,3.196546,137.140125
FrodoKEM-640-AES_run20,active,43.20681,5.39625,0.581994,3.140585,137.180148
FrodoKEM-640-AES_run20,active,43.219554,5.3975,0.590219,3.185706,137.220749
FrodoKEM-640-AES_run20,active,43.232294,5.39625,0.591649,3.192687,137.261423
FrodoKEM-640-AES_run20,active,43.245033,5.39625,0.590576,3.186898,137.302021
FrodoKEM-640-AES_run20,active,43.257772,5.3975,0.581994,3.141313,137.342038
FrodoKEM-640-AES_run20,active,43.270512,5.395,0.591649,3.191947,137.382704
FrodoKEM-640-AES_run20,active,43.283251,5.39625,0.590755,3.187863,137.423313
FrodoKEM-640-AES_run20,active,43.295991,5.3975,0.584855,3.156754,137.463531
FrodoKEM-640-AES_run20,active,43.308738,5.39375,0.580206,3.129486,137.503423
FrodoKEM-640-AES_run20,active,43.321483,5.395,0.592543,3.196771,137.544164
FrodoKEM-640-AES_run20,active,43.334229,5.39625,0.592007,3.194617,137.584885
FrodoKEM-640-AES_run20,active,43.346969,5.39875,0.577345,3.116942,137.624593
FrodoKEM-640-AES_run20,active,43.359711,5.3975,0.591113,3.190531,137.665248
FrodoKEM-640-AES_run20,active,43.372452,5.3975,0.591828,3.194392,137.705946
FrodoKEM-640-AES_run20,active,43.385193,5.39875,0.59004,3.185478,137.746533
FrodoKEM-640-AES_run20,active,43.397935,5.39375,0.580921,3.133344,137.786456
FrodoKEM-640-AES_run20,active,43.41068,5.3975,0.591113,3.190531,137.82712
FrodoKEM-640-AES_run20,active,43.426356,5.39375,0.595404,3.21146,137.877464
FrodoKEM-640-AES_run20,active,43.439126,5.3975,0.581279,3.137452,137.917529
FrodoKEM-640-AES_run20,active,43.451873,5.3975,0.587716,3.172195,137.957965
FrodoKEM-640-AES_run20,active,43.464615,5.3975,0.589325,3.180881,137.998495
FrodoKEM-640-AES_run20,active,43.477356,5.39375,0.588967,3.176742,138.038971
FrodoKEM-640-AES_run20,active,43.4901,5.39625,0.584318,3.153128,138.079155
FrodoKEM-640-AES_run20,active,43.50284,5.39625,0.591828,3.193652,138.11984
FrodoKEM-640-AES_run20,active,43.515585,5.3975,0.592543,3.198252,138.160603
FrodoKEM-640-AES_run20,active,43.52833,5.39625,0.593437,3.202335,138.201417
FrodoKEM-640-AES_run20,active,43.541072,5.3975,0.584497,3.154824,138.241614
FrodoKEM-640-AES_run20,active,43.553813,5.3975,0.593258,3.202112,138.282414
FrodoKEM-640-AES_run20,active,43.566554,5.39625,0.593795,3.204265,138.323239
FrodoKEM-640-AES_run20,active,43.579291,5.39375,0.583067,3.144917,138.363296
FrodoKEM-640-AES_run20,active,43.592031,5.39875,0.583424,3.149762,138.403424
FrodoKEM-640-AES_run20,active,43.604773,5.39625,0.592007,3.194617,138.444129
FrodoKEM-640-AES_run20,active,43.61752,5.39625,0.595404,3.212949,138.485086
FrodoKEM-640-AES_run20,active,43.630267,5.39625,0.584497,3.154093,138.52529
FrodoKEM-640-AES_run20,active,43.643007,5.39625,0.592007,3.194617,138.56599
FrodoKEM-640-AES_run20,active,43.655747,5.3975,0.588788,3.177985,138.606478
FrodoKEM-640-AES_run20,active,43.668486,5.39625,0.594152,3.206195,138.647321
FrodoKEM-640-AES_run20,active,43.681226,5.395,0.584318,3.152398,138.687482
FrodoKEM-640-AES_run20,active,43.693973,5.39625,0.59147,3.191722,138.728168
FrodoKEM-640-AES_run20,active,43.706726,5.3975,0.588073,3.174125,138.768649
FrodoKEM-640-AES_run20,active,43.71951,5.3975,0.583782,3.150963,138.80893
FrodoKEM-640-AES_run20,active,43.732259,5.3975,0.587716,3.172195,138.849371
FrodoKEM-640-AES_run20,active,43.744998,5.39625,0.592186,3.195582,138.890079
FrodoKEM-640-AES_run20,active,43.757739,5.395,0.591649,3.191947,138.93075
FrodoKEM-640-AES_run20,active,43.77048,5.39375,0.583782,3.148774,138.970866
FrodoKEM-640-AES_run20,active,43.783221,5.3975,0.591828,3.194392,139.011567
FrodoKEM-640-AES_run20,active,43.79596,5.3975,0.593795,3.205007,139.052396
FrodoKEM-640-AES_run20,active,43.8087,5.39875,0.589861,3.184513,139.092966
FrodoKEM-640-AES_run20,active,43.821447,5.39875,0.583961,3.152658,139.133154
FrodoKEM-640-AES_run20,active,43.834195,5.39875,0.592722,3.199958,139.173946
FrodoKEM-640-AES_run20,active,43.846937,5.39625,0.59147,3.191722,139.214615
FrodoKEM-640-AES_run20,active,43.859677,5.39625,0.584497,3.154093,139.254798
FrodoKEM-640-AES_run20,active,43.872418,5.3975,0.583603,3.149998,139.294931
FrodoKEM-640-AES_run20,active,43.885159,5.39625,0.592007,3.194617,139.335634
FrodoKEM-640-AES_run20,active,43.897901,5.40375,0.59004,3.188429,139.376263
FrodoKEM-640-AES_run20,active,43.91064,5.3975,0.583603,3.149998,139.416389
FrodoKEM-640-AES_run20,active,43.923386,5.3975,0.59147,3.192461,139.457082
FrodoKEM-640-AES_run20,active,43.936131,5.3925,0.596298,3.215537,139.498064
FrodoKEM-640-AES_run20,active,43.948875,5.3975,0.590576,3.187636,139.538686
FrodoKEM-640-AES_run20,active,43.961618,5.39625,0.583424,3.148304,139.578807
FrodoKEM-640-AES_run20,active,43.974359,5.39875,0.593795,3.20575,139.619648
FrodoKEM-640-AES_run20,active,43.987097,5.395,0.592722,3.197735,139.660384
FrodoKEM-640-AES_run20,active,43.999839,5.3975,0.584497,3.154824,139.70058
FrodoKEM-640-AES_run20,active,44.012578,5.39625,0.583246,3.147339,139.740677
FrodoKEM-640-AES_run20,active,44.025324,5.39375,0.592007,3.193137,139.781376
FrodoKEM-640-AES_run20,active,44.038082,5.39625,0.59451,3.208125,139.822305
FrodoKEM-640-AES_run20,active,44.050852,5.39625,0.584318,3.153128,139.862571
FrodoKEM-640-AES_run20,active,44.063604,5.3975,0.591649,3.193427,139.903291
FrodoKEM-640-AES_run20,active,44.076349,5.39375,0.588431,3.173849,139.943744
FrodoKEM-640-AES_run20,active,44.089092,5.3975,0.590755,3.188601,139.984376
FrodoKEM-640-AES_run20,active,44.101837,5.39625,0.58414,3.152163,140.02455
FrodoKEM-640-AES_run20,active,44.114578,5.39625,0.593616,3.2033,140.065363
FrodoKEM-640-AES_run20,active,44.127326,5.3975,0.598801,3.232029,140.106564
FrodoKEM-640-AES_run20,active,44.140071,5.39625,0.593616,3.2033,140.147391
FrodoKEM-640-AES_run20,active,44.152812,5.3975,0.583782,3.150963,140.187537
FrodoKEM-640-AES_run20,active,44.165588,5.39875,0.59147,3.193201,140.228334
FrodoKEM-640-AES_run20,active,44.178333,5.3975,0.589504,3.181846,140.268887
FrodoKEM-640-AES_run20,active,44.191074,5.3975,0.583246,3.148068,140.308996
FrodoKEM-640-AES_run20,active,44.203816,5.3975,0.591292,3.191496,140.349661
FrodoKEM-640-AES_run20,active,44.216556,5.3975,0.592543,3.198252,140.390408
FrodoKEM-640-AES_run20,active,44.229304,5.39625,0.590576,3.186898,140.431034
FrodoKEM-640-AES_run20,active,44.242052,5.3975,0.586464,3.165439,140.471386
FrodoKEM-640-AES_run20,active,44.254796,5.39875,0.591113,3.19127,140.512055
FrodoKEM-640-AES_run20,active,44.267537,5.39875,0.587894,3.173895,140.552494
FrodoKEM-640-AES_run20,active,44.280276,5.395,0.590219,3.18423,140.593059
FrodoKEM-640-AES_run20,active,44.293016,5.395,0.583424,3.147575,140.633159
FrodoKEM-640-AES_run20,active,44.305759,5.39875,0.591113,3.19127,140.673826
FrodoKEM-640-AES_run20,active,44.318499,5.3975,0.59147,3.192461,140.714498
FrodoKEM-640-AES_run20,active,44.331246,5.3975,0.583424,3.149033,140.754638
FrodoKEM-640-AES_run20,active,44.34399,5.39875,0.592364,3.198027,140.795395
FrodoKEM-640-AES_run20,active,44.356732,5.395,0.59451,3.207381,140.836261
FrodoKEM-640-AES_run20,active,44.369472,5.39625,0.590755,3.187863,140.876876
FrodoKEM-640-AES_run20,active,44.382216,5.39875,0.583603,3.150728,140.917027
FrodoKEM-640-AES_run20,active,44.394954,5.39625,0.592364,3.196546,140.957747
FrodoKEM-640-AES_run20,active,44.407696,5.3975,0.589682,3.182811,140.998302
FrodoKEM-640-AES_run20,active,44.420436,5.3975,0.589682,3.182811,141.038851
FrodoKEM-640-AES_run20,active,44.433183,5.3975,0.583067,3.147103,141.078967
FrodoKEM-640-AES_run20,active,44.445931,5.395,0.596656,3.218957,141.12
FrodoKEM-640-AES_run20,active,44.458672,5.39625,0.590219,3.184968,141.160581
FrodoKEM-640-AES_run20,active,44.471413,5.395,0.583782,3.149504,141.200708
FrodoKEM-640-AES_run20,active,44.484155,5.3975,0.591113,3.190531,141.241364
FrodoKEM-640-AES_run20,active,44.496897,5.39375,0.591113,3.188315,141.281987
FrodoKEM-640-AES_run20,active,44.50964,5.39625,0.590755,3.187863,141.322612
FrodoKEM-640-AES_run20,active,44.522381,5.3975,0.583603,3.149998,141.362747
FrodoKEM-640-AES_run20,active,44.535128,5.39625,0.592901,3.199441,141.403528
FrodoKEM-640-AES_run20,active,44.547872,5.3975,0.595225,3.212728,141.444472
FrodoKEM-640-AES_run20,active,44.560614,5.395,0.590398,3.185195,141.485057
FrodoKEM-640-AES_run20,active,44.573357,5.39625,0.584318,3.153128,141.525237
FrodoKEM-640-AES_run20,active,44.5861,5.39875,0.591649,3.194166,141.565941
FrodoKEM-640-AES_run20,active,44.598843,5.39875,0.590398,3.187409,141.606557
FrodoKEM-640-AES_run20,active,44.611586,5.3975,0.583782,3.150963,141.646711
FrodoKEM-640-AES_run20,active,44.624327,5.39625,0.586464,3.164706,141.687033
FrodoKEM-640-AES_run20,active,44.637076,5.39625,0.599874,3.23707,141.728301
FrodoKEM-640-AES_run20,active,44.649824,5.39625,0.593974,3.20523,141.769162
FrodoKEM-640-AES_run20,active,44.662564,5.39625,0.58253,3.14348,141.809211
FrodoKEM-640-AES_run20,active,44.675306,5.39625,0.592901,3.199441,141.849977
FrodoKEM-640-AES_run20,active,44.688049,5.3975,0.593437,3.203077,141.890794
FrodoKEM-640-AES_run20,active,44.703679,5.39625,0.583424,3.148304,141.940001
FrodoKEM-640-AES_run20,active,44.71645,5.4025,0.583067,3.150018,141.980233
FrodoKEM-640-AES_run20,active,44.729196,5.39625,0.591649,3.192687,142.020926
FrodoKEM-640-AES_run20,active,44.741952,5.395,0.590576,3.18616,142.061567
FrodoKEM-640-AES_run20,active,44.754696,5.3975,0.585212,3.158684,142.101822
FrodoKEM-640-AES_run20,active,44.767438,5.4,0.591113,3.192009,142.142495
FrodoKEM-640-AES_run20,active,44.780207,5.39875,0.592186,3.197062,142.183317
FrodoKEM-640-AES_run20,active,44.792943,5.40125,0.593258,3.204337,142.22413
FrodoKEM-640-AES_run20,active,44.805688,5.39125,0.583603,3.146351,142.26423
FrodoKEM-640-AES_run20,active,44.818429,5.3975,0.592543,3.198252,142.304979
FrodoKEM-640-AES_run20,active,44.831167,5.39625,0.590576,3.186898,142.345573
FrodoKEM-640-AES_run20,active,44.843913,5.3975,0.584318,3.153859,142.385772
FrodoKEM-640-AES_run20,active,44.856655,5.40125,0.585749,3.163776,142.426085
FrodoKEM-640-AES_run20,active,44.869395,5.39875,0.591649,3.194166,142.466777
FrodoKEM-640-AES_run20,active,44.882137,5.39625,0.59004,3.184003,142.507349
FrodoKEM-640-AES_run20,active,44.894908,5.39625,0.58557,3.159882,142.547705
FrodoKEM-640-AES_run20,active,44.907648,5.3975,0.592186,3.196322,142.588425
FrodoKEM-640-AES_run20,active,44.920389,5.3975,0.591828,3.194392,142.629126
FrodoKEM-640-AES_run20,active,44.933131,5.3975,0.590576,3.187636,142.66974
FrodoKEM-640-AES_run20,active,44.945878,5.3925,0.578597,3.120083,142.709514
FrodoKEM-640-AES_run20,active,44.958622,5.3975,0.592186,3.196322,142.750245
FrodoKEM-640-AES_run20,active,44.971362,5.3975,0.590934,3.189566,142.790882
FrodoKEM-640-AES_run20,active,44.984101,5.39375,0.590934,3.18735,142.831487
FrodoKEM-640-AES_run20,active,44.996842,5.39625,0.582352,3.142515,142.871523
FrodoKEM-640-AES_run20,active,45.009606,5.3975,0.591649,3.193427,142.912287
FrodoKEM-640-AES_run20,active,45.02235,5.39875,0.589682,3.183548,142.952857
FrodoKEM-640-AES_run20,active,45.035101,5.3975,0.581636,3.139382,142.992887
FrodoKEM-640-AES_run20,active,45.047866,5.3975,0.591649,3.193427,143.033651
FrodoKEM-640-AES_run20,active,45.060615,5.39875,0.591649,3.194166,143.074373
FrodoKEM-640-AES_run20,active,45.073358,5.39625,0.590398,3.185933,143.11497
FrodoKEM-640-AES_run20,active,45.0861,5.39625,0.584497,3.154093,143.155162
FrodoKEM-640-AES_run20,active,45.09884,5.39625,0.591113,3.189792,143.195799
FrodoKEM-640-AES_run20,active,45.111581,5.3975,0.589682,3.182811,143.236352
FrodoKEM-640-AES_run20,active,45.124323,5.3975,0.590755,3.188601,143.276979
FrodoKEM-640-AES_run20,active,45.137063,5.39625,0.583424,3.148304,143.317089
FrodoKEM-640-AES_run20,active,45.149812,5.39625,0.592186,3.195582,143.35783
FrodoKEM-640-AES_run20,active,45.162556,5.395,0.590755,3.187124,143.398448
FrodoKEM-640-AES_run20,active,45.175297,5.3825,0.582709,3.136432,143.438408
FrodoKEM-640-AES_run20,active,45.188038,5.39625,0.591292,3.190757,143.47906
FrodoKEM-640-AES_run20,active,45.200778,5.39625,0.591649,3.192687,143.519735
FrodoKEM-640-AES_run20,active,45.213516,5.3975,0.592186,3.196322,143.560452
FrodoKEM-640-AES_run20,active,45.22626,5.39875,0.583961,3.152658,143.600628
FrodoKEM-640-AES_run20,active,45.238999,5.39625,0.591113,3.189792,143.641263
FrodoKEM-640-AES_run20,active,45.251745,5.39375,0.590219,3.183493,143.68184
FrodoKEM-640-AES_run20,active,45.264489,5.395,0.590219,3.18423,143.72242
FrodoKEM-640-AES_run20,active,45.277227,5.3925,0.583603,3.14708,143.762507
FrodoKEM-640-AES_run20,active,45.289974,5.39625,0.591649,3.192687,143.803206
FrodoKEM-640-AES_run20,active,45.302713,5.395,0.590934,3.188089,143.843819
FrodoKEM-640-AES_run20,active,45.315456,5.39375,0.584318,3.151667,143.883978
FrodoKEM-640-AES_run20,active,45.328233,5.39625,0.586285,3.163742,143.924403
FrodoKEM-640-AES_run20,active,45.340975,5.395,0.592364,3.195806,143.965122
FrodoKEM-640-AES_run20,active,45.353725,5.3975,0.592722,3.199217,144.005914
FrodoKEM-640-AES_run20,active,45.366469,5.39875,0.582709,3.145901,144.046005
FrodoKEM-640-AES_run20,active,45.379211,5.3975,0.591828,3.194392,144.086707
FrodoKEM-640-AES_run20,active,45.391951,5.3975,0.591649,3.193427,144.127392
FrodoKEM-640-AES_run20,active,45.40469,5.40125,0.59004,3.186954,144.167992
FrodoKEM-640-AES_run20,active,45.417433,5.3975,0.581636,3.139382,144.207996
FrodoKEM-640-AES_run20,active,45.430176,5.39625,0.59147,3.191722,144.248669
FrodoKEM-640-AES_run20,active,45.442916,5.3975,0.590755,3.188601,144.28929
FrodoKEM-640-AES_run20,active,45.455663,5.39875,0.580385,3.133352,144.329231
FrodoKEM-640-AES_run20,active,45.468408,5.39625,0.591113,3.189792,144.369886
FrodoKEM-640-AES_run20,active,45.481149,5.395,0.59147,3.190983,144.410543
FrodoKEM-640-AES_run20,active,45.493892,5.39625,0.590219,3.184968,144.451128
FrodoKEM-640-AES_run20,active,45.506632,5.39875,0.580742,3.135283,144.49107
FrodoKEM-640-AES_run20,active,45.51937,5.3975,0.59147,3.192461,144.531738
FrodoKEM-640-AES_run20,active,45.532113,5.39875,0.589682,3.183548,144.572305
FrodoKEM-640-AES_run20,active,45.544853,5.3975,0.583067,3.147103,144.612399
FrodoKEM-640-AES_run20,active,45.557626,5.39625,0.587179,3.168566,144.652872
FrodoKEM-640-AES_run20,active,45.570374,5.3975,0.591649,3.193427,144.693579
FrodoKEM-640-AES_run20,active,45.583113,5.39625,0.590755,3.187863,144.734192
FrodoKEM-640-AES_run20,active,45.595854,5.39625,0.579312,3.126112,144.77402
FrodoKEM-640-AES_run20,active,45.608594,5.39625,0.584318,3.153128,144.814192
FrodoKEM-640-AES_run20,active,45.621335,5.39875,0.592007,3.196097,144.854914
FrodoKEM-640-AES_run20,active,45.634078,5.3975,0.591828,3.194392,144.895619
FrodoKEM-640-AES_run20,active,45.646817,5.3975,0.585034,3.157719,144.935845
FrodoKEM-640-AES_run20,active,45.659564,5.39625,0.591113,3.189792,144.976506
FrodoKEM-640-AES_run20,active,45.672308,5.39625,0.590755,3.187863,145.017132
FrodoKEM-640-AES_run20,active,45.68505,5.38125,0.591828,3.184774,145.057713
FrodoKEM-640-AES_run20,active,45.697806,5.39625,0.583424,3.148304,145.097872
FrodoKEM-640-AES_run20,active,45.710547,5.3975,0.59147,3.192461,145.138546
FrodoKEM-640-AES_run20,active,45.723284,5.395,0.590398,3.185195,145.179118
FrodoKEM-640-AES_run20,active,45.736026,5.39625,0.591113,3.189792,145.219762
FrodoKEM-640-AES_run20,active,45.748769,5.3975,0.583067,3.147103,145.259864
FrodoKEM-640-AES_run20,active,45.761516,5.3975,0.590934,3.189566,145.300521
FrodoKEM-640-AES_run20,active,45.774261,5.39625,0.590576,3.186898,145.34114
FrodoKEM-640-AES_run20,active,45.787001,5.38625,0.583424,3.14247,145.381176
FrodoKEM-640-AES_run20,active,45.799741,5.39625,0.59147,3.191722,145.421837
FrodoKEM-640-AES_run20,active,45.812481,5.39625,0.59147,3.191722,145.4625
FrodoKEM-640-AES_run20,active,45.825221,5.40125,0.589861,3.185988,145.50309
FrodoKEM-640-AES_run20,active,45.837969,5.39625,0.583603,3.149269,145.543235
FrodoKEM-640-AES_run20,active,45.850709,5.39625,0.591113,3.189792,145.583873
FrodoKEM-640-AES_run20,active,45.863455,5.39625,0.59004,3.184003,145.624456
FrodoKEM-640-AES_run20,active,45.87624,5.40125,0.584855,3.158947,145.664844
FrodoKEM-640-AES_run20,active,45.888983,5.38375,0.583424,3.141011,145.70487
FrodoKEM-640-AES_run20,active,45.901727,5.395,0.592543,3.196771,145.745611
FrodoKEM-640-AES_run20,active,45.914467,5.39875,0.592007,3.196097,145.786329
FrodoKEM-640-AES_run20,active,45.927206,5.395,0.583067,3.145645,145.826402
FrodoKEM-640-AES_run20,active,45.939947,5.3975,0.59147,3.192461,145.867074
FrodoKEM-640-AES_run20,active,45.952687,5.395,0.594689,3.208346,145.907951
FrodoKEM-640-AES_run20,active,45.965432,5.4025,0.589861,3.186725,145.948566
FrodoKEM-640-AES_run20,active,45.980996,5.39875,0.582173,3.143005,145.997481
FrodoKEM-640-AES_run20,active,45.993756,5.39625,0.594152,3.206195,146.038393
FrodoKEM-640-AES_run20,active,46.0065,5.39625,0.590398,3.185933,146.078995
FrodoKEM-640-AES_run20,active,46.019241,5.3975,0.583067,3.147103,146.119091
FrodoKEM-640-AES_run20,active,46.031987,5.395,0.583961,3.150469,146.159249
FrodoKEM-640-AES_run20,active,46.044743,5.39625,0.592901,3.199441,146.20006
FrodoKEM-640-AES_run20,active,46.057489,5.3975,0.589504,3.181846,146.240617
FrodoKEM-640-AES_run20,active,46.07024,5.39625,0.583246,3.147339,146.280748
FrodoKEM-640-AES_run20,active,46.082984,5.3975,0.592722,3.199217,146.321519
FrodoKEM-640-AES_run20,active,46.095726,5.3975,0.593795,3.205007,146.362357
FrodoKEM-640-AES_run20,active,46.108465,5.39625,0.591292,3.190757,146.403004
FrodoKEM-640-AES_run20,active,46.121204,5.39625,0.583603,3.149269,146.443121
FrodoKEM-640-AES_run20,active,46.133942,5.39875,0.592543,3.198993,146.483872
FrodoKEM-640-AES_run20,active,46.146679,5.395,0.59004,3.183266,146.524417
FrodoKEM-640-AES_run20,active,46.159417,5.39625,0.583603,3.149269,146.564532
FrodoKEM-640-AES_run20,active,46.172162,5.39625,0.589861,3.183039,146.6051
FrodoKEM-640-AES_run20,active,46.184906,5.41,0.590755,3.195986,146.645828
FrodoKEM-640-AES_run20,active,46.197647,5.3875,0.591292,3.185583,146.686418
FrodoKEM-640-AES_run20,active,46.210386,5.395,0.583603,3.148539,146.726526
FrodoKEM-640-AES_run20,active,46.223123,5.39875,0.59147,3.193201,146.767199
FrodoKEM-640-AES_run20,active,46.235863,5.39625,0.591649,3.192687,146.807872
FrodoKEM-640-AES_run20,active,46.248602,5.39625,0.589682,3.182074,146.848409
FrodoKEM-640-AES_run20,active,46.261341,5.3975,0.586643,3.166405,146.888747
FrodoKEM-640-AES_run20,active,46.27409,5.3975,0.591649,3.193427,146.92946
FrodoKEM-640-AES_run20,active,46.286832,5.395,0.590576,3.18616,146.970058
FrodoKEM-640-AES_run20,active,46.299574,5.3825,0.581815,3.13162,147.009959
FrodoKEM-640-AES_run20,active,46.312313,5.39875,0.581994,3.14204,147.049986
FrodoKEM-640-AES_run20,active,46.325051,5.395,0.596298,3.217028,147.090964
FrodoKEM-640-AES_run20,active,46.337791,5.3975,0.590576,3.187636,147.131576
FrodoKEM-640-AES_run20,active,46.35053,5.3975,0.583961,3.151928,147.171729
FrodoKEM-640-AES_run20,active,46.363269,5.3975,0.591292,3.191496,147.212384
FrodoKEM-640-AES_run20,active,46.376014,5.39625,0.592007,3.194617,147.253099
FrodoKEM-640-AES_run20,active,46.388757,5.39625,0.590755,3.187863,147.293722
FrodoKEM-640-AES_run20,active,46.401498,5.3825,0.583424,3.140282,147.333732
FrodoKEM-640-AES_run20,active,46.414243,5.39375,0.591292,3.189279,147.37438
FrodoKEM-640-AES_run20,active,46.426984,5.39375,0.590219,3.183493,147.41494
FrodoKEM-640-AES_run20,active,46.439725,5.39375,0.592364,3.195065,147.45565
FrodoKEM-640-AES_run20,active,46.452466,5.39875,0.583246,3.148797,147.49577
FrodoKEM-640-AES_run20,active,46.465206,5.39625,0.59594,3.215843,147.536739
FrodoKEM-640-AES_run20,active,46.477954,5.3975,0.590934,3.189566,147.577398
FrodoKEM-640-AES_run20,active,46.490696,5.39625,0.583782,3.150234,147.617538
FrodoKEM-640-AES_run20,active,46.503436,5.3825,0.593616,3.195138,147.658246
FrodoKEM-640-AES_run20,active,46.516214,5.39625,0.591828,3.193652,147.699054
FrodoKEM-640-AES_run20,active,46.528953,5.39625,0.590755,3.187863,147.739664
FrodoKEM-640-AES_run20,active,46.541694,5.3975,0.58253,3.144208,147.779724
FrodoKEM-640-AES_run20,active,46.554434,5.39875,0.598444,3.230847,147.820887
FrodoKEM-640-AES_run20,active,46.567172,5.3975,0.590219,3.185706,147.861466
FrodoKEM-640-AES_run20,active,46.579919,5.39625,0.589504,3.181109,147.902014
FrodoKEM-640-AES_run20,active,46.592664,5.3975,0.583067,3.147103,147.942123
FrodoKEM-640-AES_run20,active,46.605404,5.3825,0.588073,3.165304,147.982452
FrodoKEM-640-AES_run20,active,46.618145,5.3975,0.590576,3.187636,148.023064
FrodoKEM-640-AES_run20,active,46.63091,5.39625,0.583603,3.149269,148.063263
FrodoKEM-640-AES_run20,active,46.643649,5.3975,0.591113,3.190531,148.103908
FrodoKEM-640-AES_run20,active,46.656389,5.39625,0.59147,3.191722,148.144573
FrodoKEM-640-AES_run20,active,46.669129,5.39625,0.590755,3.187863,148.185186
FrodoKEM-640-AES_run20,active,46.681877,5.39875,0.583603,3.150728,148.225351
FrodoKEM-640-AES_run20,active,46.694623,5.395,0.592722,3.197735,148.266109
FrodoKEM-640-AES_run20,active,46.707373,5.385,0.590219,3.178328,148.306631
FrodoKEM-640-AES_run20,active,46.720114,5.39625,0.590755,3.187863,148.347248
FrodoKEM-640-AES_run20,active,46.732853,5.39625,0.584318,3.153128,148.387417
FrodoKEM-640-AES_run20,active,46.745621,5.39375,0.591649,3.191208,148.428161
FrodoKEM-640-AES_run20,active,46.758364,5.39625,0.590219,3.184968,148.468748
FrodoKEM-640-AES_run20,active,46.771105,5.3975,0.58414,3.152893,148.508919
FrodoKEM-640-AES_run20,active,46.783853,5.3925,0.587894,3.170221,148.549333
FrodoKEM-640-AES_run20,active,46.796598,5.3975,0.59147,3.192461,148.590022
FrodoKEM-640-AES_run20,active,46.80934,5.39625,0.590755,3.187863,148.630641
FrodoKEM-640-AES_run20,active,46.822082,5.3975,0.583603,3.149998,148.670778
FrodoKEM-640-AES_run20,active,46.834821,5.3875,0.590576,3.18173,148.711311
FrodoKEM-640-AES_run20,active,46.847561,5.39625,0.590219,3.184968,148.751887
FrodoKEM-640-AES_run20,active,46.860305,5.39625,0.590398,3.185933,148.792487
FrodoKEM-640-AES_run20,active,46.873044,5.3975,0.583782,3.150963,148.832627
FrodoKEM-640-AES_run20,active,46.885792,5.395,0.591649,3.191947,148.873318
FrodoKEM-640-AES_run20,active,46.898533,5.3975,0.590755,3.188601,148.913944
FrodoKEM-640-AES_run20,active,46.911271,5.39625,0.582709,3.144445,148.953999
FrodoKEM-640-AES_run20,active,46.92401,5.39625,0.593437,3.202335,148.994794
FrodoKEM-640-AES_run20,active,46.936748,5.4,0.591828,3.195871,149.035503
FrodoKEM-640-AES_run20,active,46.949486,5.39625,0.590576,3.186898,149.076097
FrodoKEM-640-AES_run20,idle_post,46.962329,5.3925,0.438775,2.366095,149.076134
FrodoKEM-640-AES_run20,idle_post,46.975126,5.39625,0.438239,2.364846,149.106397
FrodoKEM-640-AES_run20,idle_post,46.98788,5.3975,0.436808,2.357673,149.136466
FrodoKEM-640-AES_run20,idle_post,47.000622,5.3975,0.436808,2.357673,149.166508
FrodoKEM-640-AES_run20,idle_post,47.013358,5.395,0.438239,2.364298,149.196621
FrodoKEM-640-AES_run20,idle_post,47.026096,5.3975,0.435199,2.348988,149.226541
FrodoKEM-640-AES_run20,idle_post,47.03884,5.39625,0.438239,2.364846,149.256679
FrodoKEM-640-AES_run20,idle_post,47.051601,5.39625,0.438596,2.366776,149.286883
FrodoKEM-640-AES_run20,idle_post,47.064344,5.39625,0.435199,2.348444,149.316808
FrodoKEM-640-AES_run20,idle_post,47.077082,5.3975,0.43949,2.372149,149.347024
FrodoKEM-640-AES_run20,idle_post,47.089829,5.3975,0.438596,2.367324,149.3772
FrodoKEM-640-AES_run20,idle_post,47.102568,5.3975,0.438775,2.368289,149.40737
FrodoKEM-640-AES_run20,idle_post,47.115304,5.39625,0.441815,2.384143,149.437734
FrodoKEM-640-AES_run20,idle_post,47.128039,5.395,0.438418,2.365263,149.467856
FrodoKEM-640-AES_run20,idle_post,47.140773,5.3975,0.438596,2.367324,149.498001
FrodoKEM-640-AES_run20,idle_post,47.153507,5.39875,0.439669,2.373664,149.528229
FrodoKEM-640-AES_run20,idle_post,47.166246,5.39625,0.43949,2.3716,149.55844
FrodoKEM-640-AES_run20,idle_post,47.17898,5.39625,0.438596,2.366776,149.588578
FrodoKEM-640-AES_run20,idle_post,47.19172,5.39625,0.43806,2.363881,149.618694
FrodoKEM-640-AES_run20,idle_post,47.204455,5.4,0.439669,2.374214,149.648931
FrodoKEM-640-AES_run20,idle_post,47.217192,5.395,0.438596,2.366228,149.679069
FrodoKEM-640-AES_run20,idle_post,47.22993,5.39625,0.437702,2.361952,149.709154
FrodoKEM-640-AES_run20,idle_post,47.242662,5.39375,0.438775,2.366644,149.739287
FrodoKEM-640-AES_run20,idle_post,47.258281,5.395,0.438596,2.366228,149.776244
FrodoKEM-640-AES_run20,idle_post,47.271039,5.39625,0.438239,2.364846,149.806416
FrodoKEM-640-AES_run20,idle_post,47.283776,5.395,0.440206,2.374909,149.836666
FrodoKEM-640-AES_run20,idle_post,47.296519,5.4,0.437881,2.364558,149.866796
FrodoKEM-640-AES_run20,idle_post,47.309255,5.3975,0.43806,2.364429,149.89691
FrodoKEM-640-AES_run20,idle_post,47.321991,5.38375,0.437881,2.357443,149.926936
FrodoKEM-640-AES_run20,idle_post,47.334724,5.39625,0.438418,2.365811,149.957059
FrodoKEM-640-AES_run20,idle_post,47.347457,5.39625,0.43806,2.363881,149.987159
FrodoKEM-640-AES_run20,idle_post,47.360223,5.39625,0.438239,2.364846,150.017348
FrodoKEM-640-AES_run20,idle_post,47.372959,5.3975,0.435736,2.351883,150.047302
FrodoKEM-640-AES_run20,idle_post,47.385696,5.3975,0.438418,2.366359,150.077442
FrodoKEM-640-AES_run20,idle_post,47.398435,5.39625,0.438418,2.365811,150.107579
FrodoKEM-640-AES_run20,idle_post,47.41117,5.395,0.438954,2.368157,150.137738
FrodoKEM-640-AES_run20,idle_post,47.423903,5.3975,0.438596,2.367324,150.167882
FrodoKEM-640-AES_run20,idle_post,47.436636,5.39875,0.438418,2.366907,150.198019
FrodoKEM-640-AES_run20,idle_post,47.449368,5.39625,0.438596,2.366776,150.228153
FrodoKEM-640-AES_run20,idle_post,47.462102,5.3975,0.436987,2.358638,150.258188
FrodoKEM-640-AES_run20,idle_post,47.474835,5.39125,0.439669,2.370367,150.288369
FrodoKEM-640-AES_run20,idle_post,47.487567,5.3975,0.43806,2.364429,150.318473
FrodoKEM-640-AES_run20,idle_post,47.500306,5.3975,0.438418,2.366359,150.348618
FrodoKEM-640-AES_run20,idle_post,47.513042,5.3975,0.439848,2.37408,150.378854
FrodoKEM-640-AES_run20,idle_post,47.525777,5.39625,0.43806,2.363881,150.408959
FrodoKEM-640-AES_run20,idle_post,47.53851,5.39625,0.43806,2.363881,150.439058
FrodoKEM-640-AES_run20,idle_post,47.551244,5.39625,0.437881,2.362916,150.469146
FrodoKEM-640-AES_run20,idle_post,47.563975,5.3975,0.441815,2.384695,150.499508
FrodoKEM-640-AES_run20,idle_post,47.576706,5.3975,0.43806,2.364429,150.529609
FrodoKEM-640-AES_run20,idle_post,47.589439,5.3975,0.43806,2.364429,150.559716
