run_id,phase,time_s,voltage_v,current_a,power_w,energy_j
FrodoKEM-640-AES_run04,active,0.000592,5.3875,0.571624,3.079622,3.7e-05
FrodoKEM-640-AES_run04,active,0.013457,5.39625,0.584855,3.156023,0.040639
FrodoKEM-640-AES_run04,active,0.026222,5.3975,0.581458,3.138417,0.080702
FrodoKEM-640-AES_run04,active,0.03898,5.4,0.585749,3.163044,0.121055
FrodoKEM-640-AES_run04,active,0.051732,5.39625,0.581994,3.140585,0.161106
FrodoKEM-640-AES_run04,active,0.064488,5.39625,0.586643,3.165671,0.201486
FrodoKEM-640-AES_run04,active,0.077239,5.40375,0.581815,3.143984,0.241574
FrodoKEM-640-AES_run04,active,0.089987,5.39625,0.587358,3.169531,0.28198
FrodoKEM-640-AES_run04,active,0.102745,5.39625,0.583961,3.151198,0.322185
FrodoKEM-640-AES_run04,active,0.115497,5.39625,0.583961,3.151198,0.362368
FrodoKEM-640-AES_run04,active,0.128247,5.40375,0.587179,3.17297,0.402823
FrodoKEM-640-AES_run04,active,0.140995,5.39625,0.587894,3.172425,0.443264
FrodoKEM-640-AES_run04,active,0.153741,5.3975,0.58414,3.152893,0.483453
FrodoKEM-640-AES_run04,active,0.166522,5.39375,0.586106,3.161311,0.523858
FrodoKEM-640-AES_run04,active,0.179272,5.3975,0.587716,3.172195,0.564302
FrodoKEM-640-AES_run04,active,0.192019,5.3975,0.58414,3.152893,0.604492
FrodoKEM-640-AES_run04,active,0.204763,5.39625,0.583961,3.151198,0.64465
FrodoKEM-640-AES_run04,active,0.217509,5.395,0.584855,3.155292,0.684867
FrodoKEM-640-AES_run04,active,0.230255,5.3975,0.588252,3.17509,0.725337
FrodoKEM-640-AES_run04,active,0.243002,5.39625,0.585391,3.158917,0.765606
FrodoKEM-640-AES_run04,active,0.255749,5.3975,0.58414,3.152893,0.805796
FrodoKEM-640-AES_run04,active,0.268495,5.39625,0.588431,3.17532,0.846269
FrodoKEM-640-AES_run04,active,0.281245,5.39625,0.587,3.167601,0.886655
FrodoKEM-640-AES_run04,active,0.293994,5.39625,0.583961,3.151198,0.926827
FrodoKEM-640-AES_run04,active,0.306749,5.39625,0.593258,3.201371,0.967662
FrodoKEM-640-AES_run04,active,0.319499,5.39875,0.587537,3.171964,1.008104
FrodoKEM-640-AES_run04,active,0.332249,5.39375,0.587358,3.168062,1.048499
FrodoKEM-640-AES_run04,active,0.345012,5.39625,0.583961,3.151198,1.088716
FrodoKEM-640-AES_run04,active,0.35776,5.39625,0.578597,3.122253,1.12852
FrodoKEM-640-AES_run04,active,0.370511,5.3975,0.587537,3.17123,1.168954
FrodoKEM-640-AES_run04,active,0.38326,5.39625,0.583603,3.149269,1.209105
FrodoKEM-640-AES_run04,active,0.396008,5.39625,0.585034,3.156988,1.249349
FrodoKEM-640-AES_run04,active,0.408764,5.39625,0.587894,3.172425,1.289817
FrodoKEM-640-AES_run04,active,0.421517,5.39625,0.588252,3.174355,1.330301
FrodoKEM-640-AES_run04,active,0.434265,5.3925,0.584318,3.150937,1.370467
FrodoKEM-640-AES_run04,active,0.447013,5.3975,0.587358,3.170265,1.410884
FrodoKEM-640-AES_run04,active,0.45976,5.39625,0.587537,3.170495,1.451297
FrodoKEM-640-AES_run04,active,0.472508,5.39875,0.58414,3.153624,1.4915
FrodoKEM-640-AES_run04,active,0.485254,5.3975,0.585034,3.157719,1.531748
FrodoKEM-640-AES_run04,active,0.497999,5.39625,0.585034,3.156988,1.571985
FrodoKEM-640-AES_run04,active,0.510754,5.39625,0.588073,3.17339,1.612459
FrodoKEM-640-AES_run04,active,0.523504,5.39625,0.584497,3.154093,1.652676
FrodoKEM-640-AES_run04,active,0.536251,5.39625,0.585391,3.158917,1.692943
FrodoKEM-640-AES_run04,active,0.548999,5.39875,0.583424,3.149762,1.733096
FrodoKEM-640-AES_run04,active,0.561746,5.3975,0.587537,3.17123,1.77352
FrodoKEM-640-AES_run04,active,0.574523,5.39875,0.583424,3.149762,1.813763
FrodoKEM-640-AES_run04,active,0.587272,5.395,0.584855,3.155292,1.85399
FrodoKEM-640-AES_run04,active,0.600017,5.39625,0.587894,3.172425,1.894424
FrodoKEM-640-AES_run04,active,0.612768,5.395,0.588252,3.17362,1.934889
FrodoKEM-640-AES_run04,active,0.625519,5.39625,0.584318,3.153128,1.975095
FrodoKEM-640-AES_run04,active,0.638264,5.40375,0.583782,3.154612,2.015302
FrodoKEM-640-AES_run04,active,0.651011,5.39625,0.587894,3.172425,2.055739
FrodoKEM-640-AES_run04,active,0.663756,5.3975,0.583961,3.151928,2.09591
FrodoKEM-640-AES_run04,active,0.676502,5.39,0.585391,3.155259,2.136128
FrodoKEM-640-AES_run04,active,0.689248,5.3975,0.58414,3.152893,2.176315
FrodoKEM-640-AES_run04,active,0.701993,5.39625,0.587894,3.172425,2.216748
FrodoKEM-640-AES_run04,active,0.714748,5.3975,0.584497,3.154824,2.256986
FrodoKEM-640-AES_run04,active,0.727496,5.40625,0.580921,3.140605,2.297025
FrodoKEM-640-AES_run04,active,0.740242,5.39625,0.586643,3.165671,2.337372
FrodoKEM-640-AES_run04,active,0.752987,5.3975,0.58414,3.152893,2.377555
FrodoKEM-640-AES_run04,active,0.765732,5.3975,0.585391,3.159649,2.417827
FrodoKEM-640-AES_run04,active,0.77851,5.3975,0.582173,3.142278,2.457978
FrodoKEM-640-AES_run04,active,0.791257,5.39625,0.588073,3.17339,2.49843
FrodoKEM-640-AES_run04,active,0.804003,5.39625,0.47078,2.540449,2.530811
FrodoKEM-640-AES_run04,active,0.816755,5.39625,0.471853,2.546238,2.56328
FrodoKEM-640-AES_run04,active,0.829506,5.3975,0.469886,2.536212,2.595618
FrodoKEM-640-AES_run04,active,0.842252,5.3975,0.469886,2.536212,2.627947
FrodoKEM-640-AES_run04,active,0.855,5.395,0.469529,2.533108,2.660237
FrodoKEM-640-AES_run04,active,0.867747,5.395,0.47078,2.53986,2.692613
FrodoKEM-640-AES_run04,active,0.880493,5.39625,0.471317,2.543343,2.725029
FrodoKEM-640-AES_run04,active,0.893242,5.39625,0.469529,2.533695,2.757333
FrodoKEM-640-AES_run04,active,0.905987,5.39875,0.477038,2.575411,2.790156
FrodoKEM-640-AES_run04,active,0.918744,5.3975,0.584497,3.154824,2.830402
FrodoKEM-640-AES_run04,active,0.931493,5.39375,0.587358,3.168062,2.870791
FrodoKEM-640-AES_run04,active,0.944237,5.39625,0.583603,3.149269,2.910927
FrodoKEM-640-AES_run04,active,0.956983,5.39875,0.589146,3.180652,2.951466
FrodoKEM-640-AES_run04,active,0.969729,5.3975,0.585391,3.159649,2.991739
FrodoKEM-640-AES_run04,active,0.982519,5.39625,0.588252,3.174355,3.032338
FrodoKEM-640-AES_run04,active,0.995269,5.39625,0.58414,3.152163,3.072531
FrodoKEM-640-AES_run04,active,1.008015,5.3975,0.585391,3.159649,3.112802
FrodoKEM-640-AES_run04,active,1.020767,5.39625,0.587894,3.172425,3.153257
FrodoKEM-640-AES_run04,active,1.033516,5.3975,0.588252,3.17509,3.193738
FrodoKEM-640-AES_run04,active,1.046262,5.39375,0.586643,3.164205,3.234068
FrodoKEM-640-AES_run04,active,1.05901,5.39875,0.585391,3.160381,3.274356
FrodoKEM-640-AES_run04,active,1.071755,5.39625,0.588073,3.17339,3.314801
FrodoKEM-640-AES_run04,active,1.0845,5.395,0.584318,3.152398,3.35498
FrodoKEM-640-AES_run04,active,1.097247,5.4,0.58414,3.154354,3.395186
FrodoKEM-640-AES_run04,active,1.109991,5.3975,0.584497,3.154824,3.435393
FrodoKEM-640-AES_run04,active,1.122747,5.3975,0.587894,3.17316,3.475869
FrodoKEM-640-AES_run04,active,1.135495,5.395,0.583782,3.149504,3.516019
FrodoKEM-640-AES_run04,active,1.148239,5.4025,0.585391,3.162576,3.556324
FrodoKEM-640-AES_run04,active,1.160984,5.39625,0.588073,3.17339,3.596768
FrodoKEM-640-AES_run04,active,1.17373,5.395,0.588073,3.172655,3.637206
FrodoKEM-640-AES_run04,active,1.186511,5.39625,0.584676,3.155058,3.677532
FrodoKEM-640-AES_run04,active,1.199262,5.3975,0.584497,3.154824,3.717758
FrodoKEM-640-AES_run04,active,1.212007,5.39625,0.588073,3.17339,3.758203
FrodoKEM-640-AES_run04,active,1.224759,5.39625,0.58414,3.152163,3.7984
FrodoKEM-640-AES_run04,active,1.237509,5.39375,0.585749,3.159383,3.838681
FrodoKEM-640-AES_run04,active,1.250255,5.3975,0.58414,3.152893,3.878869
FrodoKEM-640-AES_run04,active,1.263004,5.39625,0.588788,3.177249,3.919374
FrodoKEM-640-AES_run04,active,1.278253,5.3975,0.583961,3.151928,3.96744
FrodoKEM-640-AES_run04,active,1.291013,5.3975,0.584318,3.153859,4.007683
FrodoKEM-640-AES_run04,active,1.303762,5.395,0.588252,3.17362,4.048142
FrodoKEM-640-AES_run04,active,1.316509,5.39375,0.590398,3.184457,4.088735
FrodoKEM-640-AES_run04,active,1.329262,5.39625,0.583603,3.149269,4.128897
FrodoKEM-640-AES_run04,active,1.342023,5.39625,0.584855,3.156023,4.169171
FrodoKEM-640-AES_run04,active,1.354773,5.38,0.587179,3.159024,4.209449
FrodoKEM-640-AES_run04,active,1.367519,5.39125,0.584497,3.151171,4.249614
FrodoKEM-640-AES_run04,active,1.380265,5.3975,0.58557,3.160614,4.289897
FrodoKEM-640-AES_run04,active,1.393011,5.39625,0.585212,3.157952,4.330149
FrodoKEM-640-AES_run04,active,1.405759,5.39375,0.588967,3.176742,4.370648
FrodoKEM-640-AES_run04,active,1.418533,5.3825,0.583424,3.140282,4.410763
FrodoKEM-640-AES_run04,active,1.43129,5.3975,0.584497,3.154824,4.451007
FrodoKEM-640-AES_run04,active,1.444037,5.3975,0.588073,3.174125,4.491469
FrodoKEM-640-AES_run04,active,1.456782,5.39375,0.584497,3.152632,4.531648
FrodoKEM-640-AES_run04,active,1.469527,5.3975,0.584318,3.153859,4.571843
FrodoKEM-640-AES_run04,active,1.48227,5.39625,0.583961,3.151198,4.612001
FrodoKEM-640-AES_run04,active,1.495017,5.39375,0.587537,3.169027,4.652396
FrodoKEM-640-AES_run04,active,1.507763,5.40375,0.584318,3.157511,4.692642
FrodoKEM-640-AES_run04,active,1.52051,5.395,0.584855,3.155292,4.732861
FrodoKEM-640-AES_run04,active,1.533262,5.39625,0.585749,3.160847,4.773169
FrodoKEM-640-AES_run04,active,1.546012,5.39875,0.577524,3.117908,4.812922
FrodoKEM-640-AES_run04,active,1.558762,5.3975,0.585212,3.158684,4.853195
FrodoKEM-640-AES_run04,active,1.571508,5.395,0.584855,3.155292,4.893412
FrodoKEM-640-AES_run04,active,1.584254,5.39625,0.587358,3.169531,4.933811
FrodoKEM-640-AES_run04,active,1.597001,5.40125,0.58557,3.16281,4.974128
FrodoKEM-640-AES_run04,active,1.609746,5.3975,0.584318,3.153859,5.014325
FrodoKEM-640-AES_run04,active,1.62252,5.3975,0.583961,3.151928,5.054587
FrodoKEM-640-AES_run04,active,1.635277,5.39875,0.585391,3.160381,5.094905
FrodoKEM-640-AES_run04,active,1.648028,5.395,0.584676,3.154327,5.135123
FrodoKEM-640-AES_run04,active,1.660774,5.39625,0.586643,3.165671,5.175475
FrodoKEM-640-AES_run04,active,1.67352,5.3975,0.584855,3.156754,5.215711
FrodoKEM-640-AES_run04,active,1.686265,5.3975,0.582352,3.143243,5.255771
FrodoKEM-640-AES_run04,active,1.699014,5.3975,0.58414,3.152893,5.295968
FrodoKEM-640-AES_run04,active,1.711761,5.39625,0.585212,3.157952,5.336221
FrodoKEM-640-AES_run04,active,1.724507,5.3975,0.587179,3.1693,5.376618
FrodoKEM-640-AES_run04,active,1.737261,5.39875,0.581815,3.141075,5.416679
FrodoKEM-640-AES_run04,active,1.750011,5.39625,0.583603,3.149269,5.456831
FrodoKEM-640-AES_run04,active,1.762757,5.39625,0.584676,3.155058,5.497046
FrodoKEM-640-AES_run04,active,1.775502,5.3975,0.587894,3.17316,5.537489
FrodoKEM-640-AES_run04,active,1.788248,5.3975,0.584318,3.153859,5.577687
FrodoKEM-640-AES_run04,active,1.800996,5.39625,0.584676,3.155058,5.617909
FrodoKEM-640-AES_run04,active,1.813744,5.39625,0.584676,3.155058,5.658128
FrodoKEM-640-AES_run04,active,1.826518,5.39625,0.591113,3.189792,5.698875
FrodoKEM-640-AES_run04,active,1.839272,5.3975,0.583961,3.151928,5.739075
FrodoKEM-640-AES_run04,active,1.852022,5.3975,0.584855,3.156754,5.779322
FrodoKEM-640-AES_run04,active,1.864768,5.39625,0.588252,3.174355,5.819783
FrodoKEM-640-AES_run04,active,1.877514,5.3925,0.587894,3.170221,5.86019
FrodoKEM-640-AES_run04,active,1.890259,5.395,0.583961,3.150469,5.900345
FrodoKEM-640-AES_run04,active,1.903004,5.39875,0.584497,3.155554,5.940563
FrodoKEM-640-AES_run04,active,1.915752,5.39625,0.587894,3.172425,5.981003
FrodoKEM-640-AES_run04,active,1.928495,5.395,0.584676,3.154327,6.021198
FrodoKEM-640-AES_run04,active,1.941244,5.3975,0.585749,3.161579,6.061506
FrodoKEM-640-AES_run04,active,1.953994,5.3975,0.584318,3.153859,6.101716
FrodoKEM-640-AES_run04,active,1.966742,5.39375,0.59147,3.190243,6.142388
FrodoKEM-640-AES_run04,active,1.979488,5.39625,0.584318,3.153128,6.182577
FrodoKEM-640-AES_run04,active,1.992234,5.39625,0.58414,3.152163,6.222753
FrodoKEM-640-AES_run04,active,2.004979,5.39375,0.588073,3.17192,6.263181
FrodoKEM-640-AES_run04,active,2.017726,5.4,0.588788,3.179457,6.303707
FrodoKEM-640-AES_run04,active,2.030505,5.3975,0.584318,3.153859,6.344011
FrodoKEM-640-AES_run04,active,2.04326,5.39625,0.583961,3.151198,6.384206
FrodoKEM-640-AES_run04,active,2.056007,5.3975,0.590219,3.185706,6.424814
FrodoKEM-640-AES_run04,active,2.068753,5.39625,0.584855,3.156023,6.465041
FrodoKEM-640-AES_run04,active,2.081499,5.395,0.584855,3.155292,6.505259
FrodoKEM-640-AES_run04,active,2.094245,5.3975,0.584318,3.153859,6.545458
FrodoKEM-640-AES_run04,active,2.106994,5.39,0.577345,3.111891,6.58513
FrodoKEM-640-AES_run04,active,2.119739,5.4,0.582709,3.14663,6.625235
FrodoKEM-640-AES_run04,active,2.132484,5.39625,0.582352,3.142515,6.665285
FrodoKEM-640-AES_run04,active,2.145236,5.3975,0.589146,3.179916,6.705836
FrodoKEM-640-AES_run04,active,2.157985,5.39625,0.588431,3.17532,6.746317
FrodoKEM-640-AES_run04,active,2.170733,5.39375,0.584497,3.152632,6.786508
FrodoKEM-640-AES_run04,active,2.183478,5.39875,0.58414,3.153624,6.8267
FrodoKEM-640-AES_run04,active,2.196223,5.39875,0.586285,3.165207,6.867041
FrodoKEM-640-AES_run04,active,2.208968,5.39625,0.583961,3.151198,6.907204
FrodoKEM-640-AES_run04,active,2.22171,5.39625,0.583603,3.149269,6.947332
FrodoKEM-640-AES_run04,active,2.234486,5.3975,0.583961,3.151928,6.987601
FrodoKEM-640-AES_run04,active,2.247242,5.39625,0.589861,3.183039,7.028203
FrodoKEM-640-AES_run04,active,2.259993,5.3975,0.584318,3.153859,7.068417
FrodoKEM-640-AES_run04,active,2.272739,5.39625,0.582709,3.144445,7.108495
FrodoKEM-640-AES_run04,active,2.285483,5.3975,0.584855,3.156754,7.148728
FrodoKEM-640-AES_run04,active,2.29823,5.3975,0.588073,3.174125,7.189186
FrodoKEM-640-AES_run04,active,2.310978,5.39625,0.583424,3.148304,7.229322
FrodoKEM-640-AES_run04,active,2.323722,5.395,0.585212,3.157221,7.269559
FrodoKEM-640-AES_run04,active,2.336468,5.4,0.587537,3.172699,7.309995
FrodoKEM-640-AES_run04,active,2.349227,5.39625,0.588431,3.17532,7.35051
FrodoKEM-640-AES_run04,active,2.361977,5.39375,0.58557,3.158418,7.390781
FrodoKEM-640-AES_run04,active,2.374724,5.38375,0.58414,3.144862,7.430869
FrodoKEM-640-AES_run04,active,2.387468,5.4,0.588073,3.175595,7.471339
FrodoKEM-640-AES_run04,active,2.400214,5.39125,0.584855,3.153098,7.511526
FrodoKEM-640-AES_run04,active,2.412956,5.39625,0.584318,3.153128,7.551704
FrodoKEM-640-AES_run04,active,2.425701,5.405,0.585391,3.164039,7.59203
FrodoKEM-640-AES_run04,active,2.438451,5.395,0.587179,3.167832,7.632419
FrodoKEM-640-AES_run04,active,2.451206,5.3975,0.584497,3.154824,7.672658
FrodoKEM-640-AES_run04,active,2.463957,5.39875,0.584497,3.155554,7.712895
FrodoKEM-640-AES_run04,active,2.4767,5.38375,0.588431,3.167964,7.753265
FrodoKEM-640-AES_run04,active,2.489444,5.39625,0.584497,3.154093,7.793461
FrodoKEM-640-AES_run04,active,2.502188,5.3975,0.584318,3.153859,7.833653
FrodoKEM-640-AES_run04,active,2.514936,5.39625,0.583961,3.151198,7.873824
FrodoKEM-640-AES_run04,active,2.52768,5.395,0.587537,3.169761,7.914222
FrodoKEM-640-AES_run04,active,2.540424,5.39625,0.584497,3.154093,7.954416
FrodoKEM-640-AES_run04,active,2.555894,5.3975,0.585212,3.158684,8.003282
FrodoKEM-640-AES_run04,active,2.568665,5.39625,0.588073,3.17339,8.04381
FrodoKEM-640-AES_run04,active,2.581418,5.395,0.588073,3.172655,8.084268
FrodoKEM-640-AES_run04,active,2.594174,5.3975,0.584497,3.154824,8.124512
FrodoKEM-640-AES_run04,active,2.606923,5.40125,0.587179,3.171502,8.164946
FrodoKEM-640-AES_run04,active,2.619669,5.39625,0.588431,3.17532,8.205418
FrodoKEM-640-AES_run04,active,2.632415,5.39625,0.584497,3.154093,8.245619
FrodoKEM-640-AES_run04,active,2.64516,5.3975,0.585749,3.161579,8.285916
FrodoKEM-640-AES_run04,active,2.657913,5.3975,0.584318,3.153859,8.326137
FrodoKEM-640-AES_run04,active,2.670669,5.39875,0.588073,3.17486,8.366634
FrodoKEM-640-AES_run04,active,2.683414,5.3975,0.584855,3.156754,8.406868
FrodoKEM-640-AES_run04,active,2.69616,5.3975,0.58414,3.152893,8.447054
FrodoKEM-640-AES_run04,active,2.708907,5.39625,0.587179,3.168566,8.487443
FrodoKEM-640-AES_run04,active,2.721652,5.395,0.596477,3.217992,8.528457
FrodoKEM-640-AES_run04,active,2.734398,5.39625,0.584676,3.155058,8.568671
FrodoKEM-640-AES_run04,active,2.747144,5.39875,0.584855,3.157485,8.608917
FrodoKEM-640-AES_run04,active,2.759896,5.3975,0.587894,3.17316,8.649383
FrodoKEM-640-AES_run04,active,2.772645,5.39625,0.584318,3.153128,8.68958
FrodoKEM-640-AES_run04,active,2.785391,5.38875,0.585212,3.153563,8.729775
FrodoKEM-640-AES_run04,active,2.798138,5.39625,0.584855,3.156023,8.770006
FrodoKEM-640-AES_run04,active,2.810886,5.3975,0.587894,3.17316,8.810458
FrodoKEM-640-AES_run04,active,2.823633,5.4,0.585034,3.159181,8.850728
FrodoKEM-640-AES_run04,active,2.836416,5.4,0.584855,3.158216,8.891098
FrodoKEM-640-AES_run04,active,2.849169,5.395,0.588252,3.17362,8.931572
FrodoKEM-640-AES_run04,active,2.861922,5.39875,0.589325,3.181617,8.972146
FrodoKEM-640-AES_run04,active,2.874675,5.3975,0.584318,3.153859,9.012369
FrodoKEM-640-AES_run04,active,2.88742,5.39625,0.584318,3.153128,9.052555
FrodoKEM-640-AES_run04,active,2.900166,5.3975,0.587179,3.1693,9.092949
FrodoKEM-640-AES_run04,active,2.912912,5.39875,0.584497,3.155554,9.133172
FrodoKEM-640-AES_run04,active,2.925658,5.39625,0.585034,3.156988,9.173409
FrodoKEM-640-AES_run04,active,2.938404,5.39625,0.584855,3.156023,9.213636
FrodoKEM-640-AES_run04,active,2.951151,5.39875,0.588252,3.175825,9.254118
FrodoKEM-640-AES_run04,active,2.963902,5.39625,0.583961,3.151198,9.294301
FrodoKEM-640-AES_run04,active,2.976653,5.395,0.587358,3.168796,9.334706
FrodoKEM-640-AES_run04,active,2.989401,5.385,0.585034,3.150406,9.374867
FrodoKEM-640-AES_run04,active,3.002149,5.39625,0.588431,3.17532,9.415345
FrodoKEM-640-AES_run04,active,3.014897,5.39625,0.582709,3.144445,9.455432
FrodoKEM-640-AES_run04,active,3.027643,5.38875,0.585212,3.153563,9.495626
FrodoKEM-640-AES_run04,active,3.040389,5.39625,0.588073,3.17339,9.536074
FrodoKEM-640-AES_run04,active,3.053135,5.3975,0.587716,3.172195,9.576507
FrodoKEM-640-AES_run04,active,3.065888,5.3925,0.583961,3.149009,9.616665
FrodoKEM-640-AES_run04,active,3.078641,5.4,0.581636,3.140837,9.656722
FrodoKEM-640-AES_run04,active,3.091388,5.38375,0.589146,3.171815,9.697153
FrodoKEM-640-AES_run04,active,3.104133,5.395,0.584676,3.154327,9.737355
FrodoKEM-640-AES_run04,active,3.116879,5.39875,0.585928,3.163277,9.777672
FrodoKEM-640-AES_run04,active,3.129624,5.39625,0.584318,3.153128,9.817861
FrodoKEM-640-AES_run04,active,3.142371,5.39625,0.588073,3.17339,9.85831
FrodoKEM-640-AES_run04,active,3.155118,5.3975,0.583603,3.149998,9.898466
FrodoKEM-640-AES_run04,active,3.167869,5.39875,0.586464,3.166173,9.938835
FrodoKEM-640-AES_run04,active,3.180621,5.3975,0.588431,3.176055,9.979339
FrodoKEM-640-AES_run04,active,3.193367,5.38375,0.583067,3.139086,10.019348
FrodoKEM-640-AES_run04,active,3.206116,5.3925,0.581458,3.13551,10.059322
FrodoKEM-640-AES_run04,active,3.218872,5.39375,0.582709,3.142988,10.099415
FrodoKEM-640-AES_run04,active,3.231618,5.39625,0.588431,3.17532,10.139888
FrodoKEM-640-AES_run04,active,3.244367,5.3975,0.584318,3.153859,10.180095
FrodoKEM-640-AES_run04,active,3.25715,5.395,0.585749,3.160115,10.220491
FrodoKEM-640-AES_run04,active,3.269902,5.3975,0.584676,3.155789,10.260735
FrodoKEM-640-AES_run04,active,3.282654,5.39625,0.58861,3.176285,10.301239
FrodoKEM-640-AES_run04,active,3.295401,5.37875,0.584497,3.143864,10.341314
FrodoKEM-640-AES_run04,active,3.308151,5.39625,0.584676,3.155058,10.381541
FrodoKEM-640-AES_run04,active,3.320898,5.3975,0.587,3.168335,10.421927
FrodoKEM-640-AES_run04,active,3.33365,5.395,0.587716,3.170726,10.462359
FrodoKEM-640-AES_run04,active,3.346408,5.3925,0.580564,3.130689,10.502301
FrodoKEM-640-AES_run04,active,3.359169,5.39125,0.586106,3.159846,10.542624
FrodoKEM-640-AES_run04,active,3.371929,5.39625,0.593258,3.201371,10.583472
FrodoKEM-640-AES_run04,active,3.384682,5.39875,0.585749,3.162311,10.623803
FrodoKEM-640-AES_run04,active,3.397429,5.38375,0.586643,3.158338,10.664061
FrodoKEM-640-AES_run04,active,3.410175,5.3975,0.585034,3.157719,10.704309
FrodoKEM-640-AES_run04,active,3.422924,5.3975,0.587537,3.17123,10.74474
FrodoKEM-640-AES_run04,active,3.435668,5.3975,0.589682,3.182811,10.785302
FrodoKEM-640-AES_run04,active,3.448413,5.3975,0.584497,3.154824,10.825511
FrodoKEM-640-AES_run04,active,3.461158,5.39625,0.588788,3.177249,10.866005
FrodoKEM-640-AES_run04,active,3.473909,5.39625,0.588073,3.17339,10.90647
FrodoKEM-640-AES_run04,active,3.486661,5.395,0.632594,3.412847,10.949987
FrodoKEM-640-AES_run04,active,3.499405,5.39375,0.584497,3.152632,10.990167
FrodoKEM-640-AES_run04,active,3.51215,5.3975,0.588252,3.17509,11.030632
FrodoKEM-640-AES_run04,active,3.524896,5.39625,0.584497,3.154093,11.070833
FrodoKEM-640-AES_run04,active,3.537643,5.3975,0.585212,3.158684,11.111098
FrodoKEM-640-AES_run04,active,3.550388,5.39625,0.584318,3.153128,11.151284
FrodoKEM-640-AES_run04,active,3.563135,5.39625,0.588431,3.17532,11.191759
FrodoKEM-640-AES_run04,active,3.575886,5.39875,0.585749,3.162311,11.232084
FrodoKEM-640-AES_run04,active,3.588635,5.39875,0.584676,3.15652,11.272325
FrodoKEM-640-AES_run04,active,3.601382,5.39625,0.588073,3.17339,11.312776
FrodoKEM-640-AES_run04,active,3.614127,5.39625,0.588073,3.17339,11.35322
FrodoKEM-640-AES_run04,active,3.626873,5.4,0.584855,3.158216,11.393476
FrodoKEM-640-AES_run04,active,3.639617,5.3975,0.584676,3.155789,11.433693
FrodoKEM-640-AES_run04,active,3.65236,5.395,0.589325,3.179407,11.47421
FrodoKEM-640-AES_run04,active,3.665153,5.4,0.584855,3.158216,11.514613
FrodoKEM-640-AES_run04,active,3.677906,5.39875,0.585749,3.162311,11.554939
FrodoKEM-640-AES_run04,active,3.690657,5.39875,0.584497,3.155554,11.595177
FrodoKEM-640-AES_run04,active,3.703401,5.39625,0.588252,3.174355,11.63563
FrodoKEM-640-AES_run04,active,3.716146,5.39375,0.582888,3.143952,11.675701
FrodoKEM-640-AES_run04,active,3.728892,5.39625,0.584855,3.156023,11.715928
FrodoKEM-640-AES_run04,active,3.741639,5.395,0.587537,3.169761,11.756334
FrodoKEM-640-AES_run04,active,3.754385,5.3975,0.588431,3.176055,11.796814
FrodoKEM-640-AES_run04,active,3.76713,5.3975,0.584855,3.156754,11.837047
FrodoKEM-640-AES_run04,active,3.779879,5.39625,0.583961,3.151198,11.877221
FrodoKEM-640-AES_run04,active,3.792627,5.39875,0.588073,3.17486,11.917695
FrodoKEM-640-AES_run04,active,3.805371,5.39875,0.585034,3.15845,11.957948
FrodoKEM-640-AES_run04,active,3.818116,5.395,0.584497,3.153362,11.998136
FrodoKEM-640-AES_run04,active,3.833559,5.39625,0.585391,3.158917,12.04692
FrodoKEM-640-AES_run04,active,3.846326,5.39625,0.590934,3.188828,12.08763
FrodoKEM-640-AES_run04,active,3.859077,5.3975,0.585391,3.159649,12.12792
FrodoKEM-640-AES_run04,active,3.871825,5.3975,0.58414,3.152893,12.168112
FrodoKEM-640-AES_run04,active,3.884578,5.39625,0.58861,3.176285,12.208619
FrodoKEM-640-AES_run04,active,3.897329,5.39375,0.586285,3.162276,12.248941
FrodoKEM-640-AES_run04,active,3.910074,5.385,0.583961,3.144629,12.289022
FrodoKEM-640-AES_run04,active,3.922821,5.39625,0.584318,3.153128,12.329214
FrodoKEM-640-AES_run04,active,3.935566,5.39125,0.588788,3.174305,12.369671
FrodoKEM-640-AES_run04,active,3.948312,5.39625,0.584318,3.153128,12.409858
FrodoKEM-640-AES_run04,active,3.96106,5.395,0.584318,3.152398,12.450046
FrodoKEM-640-AES_run04,active,3.973805,5.39625,0.584318,3.153128,12.490233
FrodoKEM-640-AES_run04,active,3.986559,5.39375,0.588788,3.175777,12.530736
FrodoKEM-640-AES_run04,active,3.999306,5.39625,0.584318,3.153128,12.570931
FrodoKEM-640-AES_run04,active,4.012051,5.3825,0.583961,3.143169,12.610988
FrodoKEM-640-AES_run04,active,4.024796,5.39625,0.587894,3.172425,12.65142
FrodoKEM-640-AES_run04,active,4.037541,5.40375,0.588431,3.179733,12.691947
FrodoKEM-640-AES_run04,active,4.050288,5.39625,0.584855,3.156023,12.732176
FrodoKEM-640-AES_run04,active,4.063032,5.3975,0.584497,3.154824,12.772383
FrodoKEM-640-AES_run04,active,4.075816,5.4,0.592007,3.196837,12.813251
FrodoKEM-640-AES_run04,active,4.08857,5.3975,0.584497,3.154824,12.853487
FrodoKEM-640-AES_run04,active,4.10132,5.39625,0.586285,3.163742,12.893824
FrodoKEM-640-AES_run04,active,4.114066,5.38375,0.585749,3.153525,12.934019
FrodoKEM-640-AES_run04,active,4.126813,5.3975,0.588788,3.177985,12.97453
FrodoKEM-640-AES_run04,active,4.139558,5.3975,0.58414,3.152893,13.014713
FrodoKEM-640-AES_run04,active,4.152303,5.3975,0.584855,3.156754,13.054945
FrodoKEM-640-AES_run04,active,4.165048,5.39625,0.59004,3.184003,13.095525
FrodoKEM-640-AES_run04,active,4.177794,5.395,0.588431,3.174584,13.135988
FrodoKEM-640-AES_run04,active,4.190547,5.39625,0.584676,3.155058,13.176227
FrodoKEM-640-AES_run04,active,4.203296,5.395,0.583603,3.148539,13.216367
FrodoKEM-640-AES_run04,active,4.216042,5.39375,0.586285,3.162276,13.256672
FrodoKEM-640-AES_run04,active,4.228787,5.39625,0.583961,3.151198,13.296835
FrodoKEM-640-AES_run04,active,4.241534,5.3975,0.584497,3.154824,13.337049
FrodoKEM-640-AES_run04,active,4.25428,5.39625,0.587,3.167601,13.377425
FrodoKEM-640-AES_run04,active,4.267027,5.39375,0.586285,3.162276,13.417733
FrodoKEM-640-AES_run04,active,4.279814,5.39625,0.584318,3.153128,13.458052
FrodoKEM-640-AES_run04,active,4.292566,5.3975,0.584855,3.156754,13.498308
FrodoKEM-640-AES_run04,active,4.305314,5.39625,0.582173,3.14155,13.538356
FrodoKEM-640-AES_run04,active,4.31806,5.37375,0.58861,3.163041,13.578672
FrodoKEM-640-AES_run04,active,4.330843,5.3975,0.584497,3.154824,13.619001
FrodoKEM-640-AES_run04,active,4.343682,5.39875,0.585212,3.159415,13.659565
FrodoKEM-640-AES_run04,active,4.35646,5.3975,0.586643,3.166405,13.700024
FrodoKEM-640-AES_run04,active,4.369225,5.38625,0.583961,3.145359,13.740176
FrodoKEM-640-AES_run04,active,4.382009,5.3875,0.587179,3.163428,13.780617
FrodoKEM-640-AES_run04,active,4.394787,5.3975,0.583246,3.148068,13.820841
FrodoKEM-640-AES_run04,active,4.407548,5.395,0.588073,3.172655,13.861327
FrodoKEM-640-AES_run04,active,4.4203,5.39625,0.584497,3.154093,13.901549
FrodoKEM-640-AES_run04,active,4.433047,5.3975,0.584497,3.154824,13.941764
FrodoKEM-640-AES_run04,active,4.445796,5.395,0.590219,3.18423,13.98236
FrodoKEM-640-AES_run04,active,4.458546,5.3975,0.588431,3.176055,14.022855
FrodoKEM-640-AES_run04,active,4.47129,5.3975,0.584855,3.156754,14.063085
FrodoKEM-640-AES_run04,active,4.484035,5.3975,0.584855,3.156754,14.103318
FrodoKEM-640-AES_run04,active,4.496788,5.4,0.588073,3.175595,14.143816
FrodoKEM-640-AES_run04,active,4.509539,5.3975,0.584855,3.156754,14.184067
FrodoKEM-640-AES_run04,active,4.522286,5.39375,0.586106,3.161311,14.224364
FrodoKEM-640-AES_run04,active,4.535033,5.3925,0.584676,3.152865,14.264553
FrodoKEM-640-AES_run04,active,4.547819,5.39625,0.588431,3.17532,14.305154
FrodoKEM-640-AES_run04,active,4.560564,5.39625,0.584855,3.156023,14.345377
FrodoKEM-640-AES_run04,active,4.573307,5.4,0.584855,3.158216,14.385623
FrodoKEM-640-AES_run04,active,4.586053,5.39625,0.587894,3.172425,14.426058
FrodoKEM-640-AES_run04,active,4.598808,5.3975,0.587537,3.17123,14.466508
FrodoKEM-640-AES_run04,active,4.611555,5.39625,0.584676,3.155058,14.506725
FrodoKEM-640-AES_run04,active,4.624299,5.39375,0.584318,3.151667,14.546888
FrodoKEM-640-AES_run04,active,4.637043,5.395,0.586285,3.163009,14.587197
FrodoKEM-640-AES_run04,active,4.649785,5.39625,0.585212,3.157952,14.627439
FrodoKEM-640-AES_run04,active,4.662534,5.39625,0.583424,3.148304,14.667573
FrodoKEM-640-AES_run04,active,4.675277,5.3975,0.587537,3.17123,14.707985
FrodoKEM-640-AES_run04,active,4.68802,5.3975,0.588073,3.174125,14.748434
FrodoKEM-640-AES_run04,active,4.700771,5.39625,0.58414,3.152163,14.788626
FrodoKEM-640-AES_run04,active,4.713519,5.3975,0.584855,3.156754,14.828869
FrodoKEM-640-AES_run04,active,4.726262,5.39625,0.591649,3.192687,14.869554
FrodoKEM-640-AES_run04,active,4.739006,5.39625,0.588252,3.174355,14.910009
FrodoKEM-640-AES_run04,active,4.75175,5.39625,0.584676,3.155058,14.950216
FrodoKEM-640-AES_run04,active,4.764492,5.39625,0.583424,3.148304,14.990333
FrodoKEM-640-AES_run04,active,4.777237,5.3975,0.590219,3.185706,15.030933
FrodoKEM-640-AES_run04,active,4.789981,5.3975,0.587358,3.170265,15.071335
FrodoKEM-640-AES_run04,active,4.802733,5.39625,0.584497,3.154093,15.111557
FrodoKEM-640-AES_run04,active,4.815478,5.39625,0.57806,3.119358,15.151311
FrodoKEM-640-AES_run04,active,4.828222,5.3975,0.58861,3.17702,15.191799
FrodoKEM-640-AES_run04,active,4.840965,5.3975,0.584497,3.154824,15.232002
FrodoKEM-640-AES_run04,active,4.853709,5.3975,0.585212,3.158684,15.272257
FrodoKEM-640-AES_run04,active,4.866479,5.3975,0.591649,3.193427,15.313038
FrodoKEM-640-AES_run04,active,4.879225,5.39625,0.587894,3.172425,15.353471
FrodoKEM-640-AES_run04,active,4.891969,5.39625,0.58414,3.152163,15.393642
FrodoKEM-640-AES_run04,active,4.904719,5.39625,0.585749,3.160847,15.433945
FrodoKEM-640-AES_run04,active,4.917466,5.39875,0.588967,3.179687,15.474476
FrodoKEM-640-AES_run04,active,4.930209,5.39875,0.584855,3.157485,15.514711
FrodoKEM-640-AES_run04,active,4.942953,5.39875,0.584855,3.157485,15.554951
FrodoKEM-640-AES_run04,active,4.955696,5.395,0.584497,3.153362,15.595134
FrodoKEM-640-AES_run04,active,4.968441,5.39625,0.588252,3.174355,15.635591
FrodoKEM-640-AES_run04,active,4.981184,5.39625,0.584497,3.154093,15.675785
FrodoKEM-640-AES_run04,active,4.99393,5.38625,0.584318,3.147285,15.715898
FrodoKEM-640-AES_run04,active,5.006685,5.39,0.583067,3.14273,15.755984
FrodoKEM-640-AES_run04,active,5.019434,5.3975,0.588967,3.17895,15.796512
FrodoKEM-640-AES_run04,active,5.032177,5.3975,0.584676,3.155789,15.836728
FrodoKEM-640-AES_run04,active,5.044923,5.39125,0.584318,3.150207,15.87688
FrodoKEM-640-AES_run04,active,5.057667,5.39625,0.587537,3.170495,15.917286
FrodoKEM-640-AES_run04,active,5.070411,5.39625,0.588431,3.17532,15.957752
FrodoKEM-640-AES_run04,active,5.083157,5.3975,0.584318,3.153859,15.99795
FrodoKEM-640-AES_run04,active,5.095902,5.39875,0.58414,3.153624,16.038141
FrodoKEM-640-AES_run04,active,5.11143,5.39625,0.589325,3.180144,16.087523
FrodoKEM-640-AES_run04,active,5.124199,5.39625,0.583961,3.151198,16.127762
FrodoKEM-640-AES_run04,active,5.136948,5.39375,0.585034,3.155525,16.167992
FrodoKEM-640-AES_run04,active,5.149697,5.395,0.589146,3.178443,16.208512
FrodoKEM-640-AES_run04,active,5.162479,5.39375,0.587716,3.169991,16.249033
FrodoKEM-640-AES_run04,active,5.175227,5.39875,0.580921,3.136248,16.289014
FrodoKEM-640-AES_run04,active,5.187972,5.3975,0.583782,3.150963,16.329171
FrodoKEM-640-AES_run04,active,5.200715,5.3975,0.588073,3.174125,16.36962
FrodoKEM-640-AES_run04,active,5.213465,5.39375,0.584855,3.154561,16.40984
FrodoKEM-640-AES_run04,active,5.226213,5.3975,0.586106,3.163509,16.450171
FrodoKEM-640-AES_run04,active,5.238957,5.395,0.584497,3.153362,16.490354
FrodoKEM-640-AES_run04,active,5.251699,5.395,0.587537,3.169761,16.530745
FrodoKEM-640-AES_run04,active,5.264443,5.395,0.584676,3.154327,16.570944
FrodoKEM-640-AES_run04,active,5.277185,5.39375,0.585034,3.155525,16.61115
FrodoKEM-640-AES_run04,active,5.289926,5.39875,0.587894,3.173895,16.651588
FrodoKEM-640-AES_run04,active,5.302672,5.3975,0.588431,3.176055,16.69207
FrodoKEM-640-AES_run04,active,5.31542,5.39625,0.584497,3.154093,16.73228
FrodoKEM-640-AES_run04,active,5.328168,5.395,0.58414,3.151433,16.772454
FrodoKEM-640-AES_run04,active,5.340925,5.395,0.588431,3.174584,16.812953
FrodoKEM-640-AES_run04,active,5.35368,5.3975,0.584676,3.155789,16.853205
FrodoKEM-640-AES_run04,active,5.366515,5.39875,0.58414,3.153624,16.89368
FrodoKEM-640-AES_run04,active,5.379273,5.3975,0.585212,3.158684,16.933981
FrodoKEM-640-AES_run04,active,5.392023,5.39625,0.588073,3.17339,16.974439
FrodoKEM-640-AES_run04,active,5.404811,5.39375,0.588431,3.173849,17.015028
FrodoKEM-640-AES_run04,active,5.41768,5.39375,0.586285,3.162276,17.055723
FrodoKEM-640-AES_run04,active,5.430442,5.39625,0.586822,3.166636,17.096137
FrodoKEM-640-AES_run04,active,5.4432,5.395,0.588788,3.176513,17.136661
FrodoKEM-640-AES_run04,active,5.455947,5.395,0.58557,3.15915,17.176932
FrodoKEM-640-AES_run04,active,5.468697,5.39625,0.585034,3.156988,17.217182
FrodoKEM-640-AES_run04,active,5.481446,5.39625,0.588431,3.17532,17.257666
FrodoKEM-640-AES_run04,active,5.494194,5.3975,0.58253,3.144208,17.297748
FrodoKEM-640-AES_run04,active,5.506944,5.39375,0.587537,3.169027,17.338154
FrodoKEM-640-AES_run04,active,5.519701,5.395,0.583603,3.148539,17.378317
FrodoKEM-640-AES_run04,active,5.532452,5.395,0.588431,3.174584,17.418799
FrodoKEM-640-AES_run04,active,5.545199,5.3975,0.583961,3.151928,17.458976
FrodoKEM-640-AES_run04,active,5.557946,5.39875,0.584676,3.15652,17.499212
FrodoKEM-640-AES_run04,active,5.570694,5.39625,0.588073,3.17339,17.539667
FrodoKEM-640-AES_run04,active,5.583441,5.3975,0.586106,3.163509,17.57999
FrodoKEM-640-AES_run04,active,5.596187,5.395,0.583961,3.150469,17.620146
FrodoKEM-640-AES_run04,active,5.608932,5.395,0.584855,3.155292,17.660362
FrodoKEM-640-AES_run04,active,5.621683,5.39625,0.588252,3.174355,17.700838
FrodoKEM-640-AES_run04,active,5.634436,5.39875,0.587179,3.170034,17.741264
FrodoKEM-640-AES_run04,active,5.647183,5.39625,0.584676,3.155058,17.781482
FrodoKEM-640-AES_run04,active,5.659929,5.39625,0.586643,3.165671,17.821831
FrodoKEM-640-AES_run04,active,5.672675,5.39625,0.589504,3.181109,17.86238
FrodoKEM-640-AES_run04,active,5.685421,5.395,0.580742,3.133105,17.902313
FrodoKEM-640-AES_run04,active,5.698166,5.3975,0.584497,3.154824,17.94252
FrodoKEM-640-AES_run04,active,5.710916,5.3975,0.585212,3.158684,17.982793
FrodoKEM-640-AES_run04,active,5.723668,5.395,0.588431,3.174584,18.023276
FrodoKEM-640-AES_run04,active,5.736417,5.39875,0.584497,3.155554,18.063508
FrodoKEM-640-AES_run04,active,5.749163,5.3975,0.585212,3.158684,18.103768
FrodoKEM-640-AES_run04,active,5.761909,5.39625,0.58861,3.176285,18.144253
FrodoKEM-640-AES_run04,active,5.774658,5.40125,0.588788,3.180193,18.184798
FrodoKEM-640-AES_run04,active,5.787406,5.3975,0.584497,3.154824,18.225015
FrodoKEM-640-AES_run04,active,5.80015,5.39625,0.584497,3.154093,18.265209
FrodoKEM-640-AES_run04,active,5.812895,5.39625,0.588252,3.174355,18.305666
FrodoKEM-640-AES_run04,active,5.825649,5.39875,0.588073,3.17486,18.34616
FrodoKEM-640-AES_run04,active,5.838399,5.39625,0.583603,3.149269,18.386312
FrodoKEM-640-AES_run04,active,5.851146,5.3975,0.584676,3.155789,18.426539
FrodoKEM-640-AES_run04,active,5.86389,5.39625,0.588431,3.17532,18.467007
FrodoKEM-640-AES_run04,active,5.876636,5.39625,0.585034,3.156988,18.507244
FrodoKEM-640-AES_run04,active,5.889383,5.39625,0.585034,3.156988,18.547486
FrodoKEM-640-AES_run04,active,5.902124,5.39375,0.588252,3.172884,18.587914
FrodoKEM-640-AES_run04,active,5.914872,5.39625,0.587,3.167601,18.628294
FrodoKEM-640-AES_run04,active,5.927623,5.39625,0.585034,3.156988,18.668546
FrodoKEM-640-AES_run04,active,5.940409,5.3925,0.584855,3.15383,18.708873
FrodoKEM-640-AES_run04,active,5.953162,5.3975,0.588252,3.17509,18.749366
FrodoKEM-640-AES_run04,active,5.965909,5.395,0.584676,3.154327,18.789574
FrodoKEM-640-AES_run04,active,5.978658,5.3975,0.584318,3.153859,18.829782
FrodoKEM-640-AES_run04,active,5.991404,5.39625,0.584676,3.155058,18.869994
FrodoKEM-640-AES_run04,active,6.004149,5.3975,0.59147,3.192461,18.910684
FrodoKEM-640-AES_run04,active,6.016897,5.39625,0.581815,3.13962,18.950707
FrodoKEM-640-AES_run04,active,6.029648,5.39625,0.585212,3.157952,18.990975
FrodoKEM-640-AES_run04,active,6.042399,5.39625,0.588073,3.17339,19.031439
FrodoKEM-640-AES_run04,active,6.055146,5.39625,0.585391,3.158917,19.071706
FrodoKEM-640-AES_run04,active,6.067892,5.3975,0.584676,3.155789,19.111928
FrodoKEM-640-AES_run04,active,6.08064,5.39375,0.584855,3.154561,19.152144
FrodoKEM-640-AES_run04,active,6.093386,5.395,0.589146,3.178443,19.192655
FrodoKEM-640-AES_run04,active,6.106131,5.39625,0.587179,3.168566,19.233038
FrodoKEM-640-AES_run04,active,6.118878,5.39625,0.587,3.167601,19.273418
FrodoKEM-640-AES_run04,active,6.131628,5.395,0.584676,3.154327,19.313635
FrodoKEM-640-AES_run04,active,6.144405,5.3975,0.591649,3.193427,19.354437
FrodoKEM-640-AES_run04,active,6.157156,5.39625,0.584318,3.153128,19.394642
FrodoKEM-640-AES_run04,active,6.169902,5.3975,0.586106,3.163509,19.434963
FrodoKEM-640-AES_run04,active,6.182651,5.395,0.588073,3.172655,19.475412
FrodoKEM-640-AES_run04,active,6.195396,5.39,0.587179,3.164896,19.51575
FrodoKEM-640-AES_run04,active,6.20814,5.39625,0.58557,3.159882,19.556019
FrodoKEM-640-AES_run04,active,6.220885,5.395,0.584676,3.154327,19.596221
FrodoKEM-640-AES_run04,active,6.233637,5.395,0.587179,3.167832,19.636616
FrodoKEM-640-AES_run04,active,6.246387,5.3975,0.584855,3.156754,19.676864
FrodoKEM-640-AES_run04,active,6.259135,5.39625,0.584855,3.156023,19.717098
FrodoKEM-640-AES_run04,active,6.271878,5.3975,0.585212,3.158684,19.75735
FrodoKEM-640-AES_run04,active,6.284623,5.3925,0.588788,3.175041,19.797817
FrodoKEM-640-AES_run04,active,6.297372,5.395,0.584855,3.155292,19.838042
FrodoKEM-640-AES_run04,active,6.310118,5.3975,0.585391,3.159649,19.878313
FrodoKEM-640-AES_run04,active,6.322865,5.3975,0.588073,3.174125,19.918775
FrodoKEM-640-AES_run04,active,6.335624,5.40125,0.586643,3.168604,19.959203
FrodoKEM-640-AES_run04,active,6.348422,5.39625,0.584855,3.156023,19.999595
FrodoKEM-640-AES_run04,active,6.361174,5.39625,0.585034,3.156988,20.039853
FrodoKEM-640-AES_run04,active,6.373919,5.3975,0.58861,3.17702,20.080344
FrodoKEM-640-AES_run04,active,6.389398,5.3975,0.584855,3.156754,20.129208
FrodoKEM-640-AES_run04,active,6.402162,5.395,0.583961,3.150469,20.16942
FrodoKEM-640-AES_run04,active,6.414911,5.395,0.590934,3.188089,20.210064
FrodoKEM-640-AES_run04,active,6.427658,5.4,0.587537,3.172699,20.250508
FrodoKEM-640-AES_run04,active,6.440408,5.39625,0.584855,3.156023,20.290745
FrodoKEM-640-AES_run04,active,6.453157,5.39625,0.584676,3.155058,20.33097
FrodoKEM-640-AES_run04,active,6.465901,5.39625,0.588073,3.17339,20.371412
FrodoKEM-640-AES_run04,active,6.478648,5.39625,0.592186,3.195582,20.412146
FrodoKEM-640-AES_run04,active,6.491392,5.39625,0.584318,3.153128,20.452329
FrodoKEM-640-AES_run04,active,6.504137,5.39125,0.584676,3.152134,20.492503
FrodoKEM-640-AES_run04,active,6.516882,5.3975,0.595583,3.214658,20.533473
FrodoKEM-640-AES_run04,active,6.529627,5.3975,0.585212,3.158684,20.573732
FrodoKEM-640-AES_run04,active,6.542378,5.39625,0.585034,3.156988,20.613985
FrodoKEM-640-AES_run04,active,6.555127,5.40125,0.585928,3.164741,20.654334
FrodoKEM-640-AES_run04,active,6.567869,5.3975,0.588431,3.176055,20.694803
FrodoKEM-640-AES_run04,active,6.580613,5.39625,0.589682,3.182074,20.735356
FrodoKEM-640-AES_run04,active,6.593358,5.3975,0.584855,3.156754,20.775587
FrodoKEM-640-AES_run04,active,6.606102,5.39625,0.589861,3.183039,20.816153
FrodoKEM-640-AES_run04,active,6.618848,5.39625,0.584855,3.156023,20.85638
FrodoKEM-640-AES_run04,active,6.631592,5.39625,0.585212,3.157952,20.896624
FrodoKEM-640-AES_run04,active,6.644342,5.3925,0.584855,3.15383,20.936837
FrodoKEM-640-AES_run04,active,6.657127,5.39625,0.588967,3.178214,20.977469
FrodoKEM-640-AES_run04,active,6.669873,5.395,0.585928,3.161079,21.017761
FrodoKEM-640-AES_run04,active,6.682624,5.395,0.590398,3.185195,21.058375
FrodoKEM-640-AES_run04,active,6.695375,5.39625,0.587537,3.170495,21.098803
FrodoKEM-640-AES_run04,active,6.708122,5.395,0.588073,3.172655,21.139244
FrodoKEM-640-AES_run04,active,6.720868,5.3975,0.583603,3.149998,21.179392
FrodoKEM-640-AES_run04,active,6.733612,5.3975,0.585391,3.159649,21.219661
FrodoKEM-640-AES_run04,active,6.746364,5.39625,0.59147,3.191722,21.26036
FrodoKEM-640-AES_run04,active,6.759115,5.39625,0.589325,3.180144,21.300911
FrodoKEM-640-AES_run04,active,6.77186,5.39625,0.585034,3.156988,21.341145
FrodoKEM-640-AES_run04,active,6.784604,5.40125,0.592901,3.202405,21.381959
FrodoKEM-640-AES_run04,active,6.797351,5.39625,0.58861,3.176285,21.422447
FrodoKEM-640-AES_run04,active,6.810098,5.39625,0.584497,3.154093,21.462652
FrodoKEM-640-AES_run04,active,6.822847,5.395,0.584497,3.153362,21.502853
FrodoKEM-640-AES_run04,active,6.835591,5.39625,0.579491,3.127077,21.542706
FrodoKEM-640-AES_run04,active,6.848341,5.39375,0.588431,3.173849,21.583173
FrodoKEM-640-AES_run04,active,6.861136,5.39625,0.584318,3.153128,21.623516
FrodoKEM-640-AES_run04,active,6.873883,5.39625,0.584497,3.154093,21.66372
FrodoKEM-640-AES_run04,active,6.886629,5.3975,0.592901,3.200182,21.704509
FrodoKEM-640-AES_run04,active,6.899373,5.395,0.58861,3.175549,21.74498
FrodoKEM-640-AES_run04,active,6.91212,5.3975,0.584855,3.156754,21.785217
FrodoKEM-640-AES_run04,active,6.924861,5.39125,0.586106,3.159846,21.82548
FrodoKEM-640-AES_run04,active,6.937607,5.3975,0.589504,3.181846,21.866035
FrodoKEM-640-AES_run04,active,6.950358,5.3975,0.583961,3.151928,21.906225
FrodoKEM-640-AES_run04,active,6.963107,5.39625,0.584676,3.155058,21.94645
FrodoKEM-640-AES_run04,active,6.975853,5.39375,0.58557,3.158418,21.986706
FrodoKEM-640-AES_run04,active,6.988599,5.39875,0.588431,3.176791,22.027196
FrodoKEM-640-AES_run04,active,7.001345,5.39625,0.585212,3.157952,22.067448
FrodoKEM-640-AES_run04,active,7.014092,5.40125,0.584676,3.157981,22.107703
FrodoKEM-640-AES_run04,active,7.026839,5.39875,0.588073,3.17486,22.148174
FrodoKEM-640-AES_run04,active,7.039585,5.39625,0.588967,3.178214,22.188684
FrodoKEM-640-AES_run04,active,7.052337,5.39625,0.584497,3.154093,22.228904
FrodoKEM-640-AES_run04,active,7.06512,5.4,0.586106,3.164975,22.269362
FrodoKEM-640-AES_run04,active,7.077867,5.395,0.588073,3.172655,22.309802
FrodoKEM-640-AES_run04,active,7.090615,5.39625,0.587,3.167601,22.350182
FrodoKEM-640-AES_run04,active,7.103358,5.39875,0.587179,3.170034,22.390578
FrodoKEM-640-AES_run04,active,7.116101,5.3975,0.583961,3.151928,22.430745
FrodoKEM-640-AES_run04,active,7.128846,5.3975,0.588073,3.174125,22.471199
FrodoKEM-640-AES_run04,active,7.141592,5.3975,0.584676,3.155789,22.511421
FrodoKEM-640-AES_run04,active,7.154343,5.40125,0.584855,3.158947,22.551701
FrodoKEM-640-AES_run04,active,7.167092,5.38375,0.590755,3.180478,22.59225
FrodoKEM-640-AES_run04,active,7.179837,5.39625,0.588431,3.17532,22.632718
FrodoKEM-640-AES_run04,active,7.192579,5.3925,0.589682,3.179862,22.673238
FrodoKEM-640-AES_run04,active,7.205328,5.39875,0.585034,3.15845,22.713506
FrodoKEM-640-AES_run04,active,7.218076,5.39375,0.588073,3.17192,22.75394
FrodoKEM-640-AES_run04,active,7.230821,5.3975,0.584855,3.156754,22.794172
FrodoKEM-640-AES_run04,active,7.243568,5.3975,0.583603,3.149998,22.834327
FrodoKEM-640-AES_run04,active,7.256321,5.39625,0.583603,3.149269,22.874489
FrodoKEM-640-AES_run04,active,7.269072,5.39625,0.58861,3.176285,22.91499
FrodoKEM-640-AES_run04,active,7.281816,5.39875,0.584676,3.15652,22.955216
FrodoKEM-640-AES_run04,active,7.294564,5.3975,0.591292,3.191496,22.995902
FrodoKEM-640-AES_run04,active,7.30731,5.39625,0.587894,3.172425,23.036336
FrodoKEM-640-AES_run04,active,7.320054,5.395,0.588431,3.174584,23.076792
FrodoKEM-640-AES_run04,active,7.332804,5.395,0.584676,3.154327,23.117011
FrodoKEM-640-AES_run04,active,7.345559,5.39625,0.581815,3.13962,23.157057
FrodoKEM-640-AES_run04,active,7.358313,5.39625,0.588431,3.17532,23.197556
FrodoKEM-640-AES_run04,active,7.371065,5.39375,0.584855,3.154561,23.237783
FrodoKEM-640-AES_run04,active,7.383837,5.39625,0.587894,3.172425,23.278302
FrodoKEM-640-AES_run04,active,7.396584,5.3975,0.589861,3.183776,23.318883
FrodoKEM-640-AES_run04,active,7.40933,5.3975,0.588252,3.17509,23.359355
FrodoKEM-640-AES_run04,active,7.422075,5.39625,0.584497,3.154093,23.399554
FrodoKEM-640-AES_run04,active,7.434824,5.4,0.581636,3.140837,23.439596
FrodoKEM-640-AES_run04,active,7.447571,5.39875,0.588967,3.179687,23.480126
FrodoKEM-640-AES_run04,active,7.460325,5.39625,0.589146,3.179179,23.520672
FrodoKEM-640-AES_run04,active,7.473076,5.3975,0.58557,3.160614,23.560973
FrodoKEM-640-AES_run04,active,7.485823,5.39625,0.584855,3.156023,23.601206
FrodoKEM-640-AES_run04,active,7.498572,5.39625,0.589682,3.182074,23.641773
FrodoKEM-640-AES_run04,active,7.511317,5.3975,0.584676,3.155789,23.681993
FrodoKEM-640-AES_run04,active,7.524063,5.385,0.584497,3.147517,23.722113
FrodoKEM-640-AES_run04,active,7.536809,5.39625,0.585212,3.157952,23.762363
FrodoKEM-640-AES_run04,active,7.549553,5.3975,0.588252,3.17509,23.802826
FrodoKEM-640-AES_run04,active,7.562304,5.3975,0.583961,3.151928,23.843018
FrodoKEM-640-AES_run04,active,7.575057,5.3975,0.585391,3.159649,23.883311
FrodoKEM-640-AES_run04,active,7.587833,5.3975,0.584318,3.153859,23.923605
FrodoKEM-640-AES_run04,active,7.600581,5.39375,0.591292,3.189279,23.964262
FrodoKEM-640-AES_run04,active,7.613328,5.39625,0.585034,3.156988,24.004504
FrodoKEM-640-AES_run04,active,7.626073,5.39875,0.586464,3.166173,24.044857
FrodoKEM-640-AES_run04,active,7.638821,5.4,0.588073,3.175595,24.085341
FrodoKEM-640-AES_run04,active,7.651566,5.3975,0.585212,3.158684,24.125597
FrodoKEM-640-AES_run04,active,7.667061,5.3975,0.585212,3.158684,24.17454
FrodoKEM-640-AES_run04,active,7.679851,5.3975,0.585749,3.161579,24.214977
FrodoKEM-640-AES_run04,active,7.6926,5.3975,0.587894,3.17316,24.255433
FrodoKEM-640-AES_run04,active,7.70535,5.3975,0.583782,3.150963,24.295606
FrodoKEM-640-AES_run04,active,7.7181,5.395,0.584497,3.153362,24.335811
FrodoKEM-640-AES_run04,active,7.730847,5.3925,0.588073,3.171185,24.376234
FrodoKEM-640-AES_run04,active,7.743593,5.39875,0.588073,3.17486,24.416703
FrodoKEM-640-AES_run04,active,7.756338,5.39625,0.584855,3.156023,24.456925
FrodoKEM-640-AES_run04,active,7.769116,5.39625,0.585212,3.157952,24.497278
FrodoKEM-640-AES_run04,active,7.781867,5.39625,0.588967,3.178214,24.537803
FrodoKEM-640-AES_run04,active,7.794614,5.4,0.584318,3.155319,24.578026
FrodoKEM-640-AES_run04,active,7.80736,5.39625,0.587179,3.168566,24.618409
FrodoKEM-640-AES_run04,active,7.820103,5.39875,0.585391,3.160381,24.658685
FrodoKEM-640-AES_run04,active,7.832847,5.39625,0.588431,3.17532,24.699149
FrodoKEM-640-AES_run04,active,7.845591,5.40125,0.587,3.170536,24.739555
FrodoKEM-640-AES_run04,active,7.858337,5.395,0.584855,3.155292,24.779774
FrodoKEM-640-AES_run04,active,7.871088,5.3975,0.587894,3.17316,24.820233
FrodoKEM-640-AES_run04,active,7.883837,5.39125,0.588431,3.172378,24.860679
FrodoKEM-640-AES_run04,active,7.896583,5.39625,0.584855,3.156023,24.900904
FrodoKEM-640-AES_run04,active,7.909328,5.39875,0.584318,3.154589,24.941111
FrodoKEM-640-AES_run04,active,7.922075,5.39625,0.588073,3.17339,24.98156
FrodoKEM-640-AES_run04,active,7.934823,5.3775,0.587537,3.159479,25.021838
FrodoKEM-640-AES_run04,active,7.947569,5.3975,0.584855,3.156754,25.062073
FrodoKEM-640-AES_run04,active,7.960315,5.39625,0.586106,3.162777,25.102385
FrodoKEM-640-AES_run04,active,7.973066,5.39875,0.589504,3.182583,25.142968
FrodoKEM-640-AES_run04,active,7.985817,5.395,0.584855,3.155292,25.183201
FrodoKEM-640-AES_run04,active,7.998566,5.3975,0.584497,3.154824,25.223421
FrodoKEM-640-AES_run04,active,8.011311,5.3975,0.588073,3.174125,25.263878
FrodoKEM-640-AES_run04,active,8.024057,5.39625,0.592543,3.197511,25.304632
FrodoKEM-640-AES_run04,active,8.036804,5.39625,0.585391,3.158917,25.344899
FrodoKEM-640-AES_run04,active,8.049551,5.3975,0.583424,3.149033,25.38504
FrodoKEM-640-AES_run04,active,8.062299,5.39625,0.588788,3.177249,25.425543
FrodoKEM-640-AES_run04,active,8.075054,5.395,0.585212,3.157221,25.465812
FrodoKEM-640-AES_run04,active,8.087849,5.395,0.587,3.166867,25.506333
FrodoKEM-640-AES_run04,active,8.100596,5.3975,0.585034,3.157719,25.546584
FrodoKEM-640-AES_run04,active,8.113345,5.395,0.586822,3.165903,25.586945
FrodoKEM-640-AES_run04,active,8.126091,5.395,0.583246,3.14661,25.627053
FrodoKEM-640-AES_run04,active,8.13884,5.39375,0.585034,3.155525,25.667282
FrodoKEM-640-AES_run04,active,8.151586,5.39875,0.588788,3.178721,25.707798
FrodoKEM-640-AES_run04,active,8.164331,5.3975,0.586464,3.165439,25.748142
FrodoKEM-640-AES_run04,active,8.177084,5.3975,0.584676,3.155789,25.78839
FrodoKEM-640-AES_run04,active,8.189836,5.3975,0.584855,3.156754,25.828643
FrodoKEM-640-AES_run04,active,8.202584,5.3975,0.587179,3.1693,25.869044
FrodoKEM-640-AES_run04,active,8.215327,5.39875,0.583067,3.147832,25.909159
FrodoKEM-640-AES_run04,active,8.228073,5.3975,0.584855,3.156754,25.949395
FrodoKEM-640-AES_run04,active,8.240819,5.3975,0.585749,3.161579,25.989692
FrodoKEM-640-AES_run04,active,8.253564,5.39625,0.588073,3.17339,26.030137
FrodoKEM-640-AES_run04,active,8.26631,5.39625,0.584855,3.156023,26.070362
FrodoKEM-640-AES_run04,active,8.279063,5.3975,0.585212,3.158684,26.110647
FrodoKEM-640-AES_run04,active,8.291845,5.39625,0.587537,3.170495,26.15117
FrodoKEM-640-AES_run04,active,8.304592,5.395,0.587716,3.170726,26.191587
FrodoKEM-640-AES_run04,active,8.317336,5.39625,0.58557,3.159882,26.231859
FrodoKEM-640-AES_run04,active,8.33008,5.39375,0.584497,3.152632,26.272035
FrodoKEM-640-AES_run04,active,8.342843,5.395,0.588073,3.172655,26.312527
FrodoKEM-640-AES_run04,active,8.355592,5.39375,0.584855,3.154561,26.352746
FrodoKEM-640-AES_run04,active,8.368338,5.39875,0.584318,3.154589,26.392955
FrodoKEM-640-AES_run04,active,8.381121,5.39625,0.585212,3.157952,26.433321
FrodoKEM-640-AES_run04,active,8.393872,5.39375,0.588431,3.173849,26.473793
FrodoKEM-640-AES_run04,active,8.406622,5.39625,0.586106,3.162777,26.514119
FrodoKEM-640-AES_run04,active,8.419368,5.39625,0.58414,3.152163,26.554295
FrodoKEM-640-AES_run04,active,8.432112,5.3975,0.586643,3.166405,26.594647
FrodoKEM-640-AES_run04,active,8.444857,5.40375,0.591113,3.194226,26.635356
FrodoKEM-640-AES_run04,active,8.457602,5.39625,0.585212,3.157952,26.675606
FrodoKEM-640-AES_run04,active,8.470346,5.395,0.584318,3.152398,26.71578
FrodoKEM-640-AES_run04,active,8.483099,5.3925,0.588431,3.173113,26.756246
FrodoKEM-640-AES_run04,active,8.495846,5.395,0.587894,3.17169,26.796677
FrodoKEM-640-AES_run04,active,8.508591,5.395,0.585212,3.157221,26.836916
FrodoKEM-640-AES_run04,active,8.521336,5.3975,0.583961,3.151928,26.877086
FrodoKEM-640-AES_run04,active,8.53408,5.395,0.586822,3.165903,26.917434
FrodoKEM-640-AES_run04,active,8.546827,5.39625,0.585212,3.157952,26.957688
FrodoKEM-640-AES_run04,active,8.559568,5.3975,0.584318,3.153859,26.997871
FrodoKEM-640-AES_run04,active,8.572312,5.39625,0.584855,3.156023,27.038092
FrodoKEM-640-AES_run04,active,8.585064,5.39625,0.586822,3.166636,27.078472
FrodoKEM-640-AES_run04,active,8.597814,5.3975,0.582709,3.145173,27.118571
FrodoKEM-640-AES_run04,active,8.610562,5.39875,0.592901,3.200923,27.159378
FrodoKEM-640-AES_run04,active,8.623304,5.39625,0.588431,3.17532,27.199839
FrodoKEM-640-AES_run04,active,8.636051,5.39375,0.585391,3.157454,27.240085
FrodoKEM-640-AES_run04,active,8.648796,5.39375,0.584497,3.152632,27.280267
FrodoKEM-640-AES_run04,active,8.661541,5.39625,0.585212,3.157952,27.320515
FrodoKEM-640-AES_run04,active,8.674286,5.3975,0.586643,3.166405,27.36087
FrodoKEM-640-AES_run04,active,8.687038,5.3975,0.585034,3.157719,27.401137
FrodoKEM-640-AES_run04,active,8.699821,5.3975,0.584855,3.156754,27.441491
FrodoKEM-640-AES_run04,active,8.712567,5.39625,0.583961,3.151198,27.481655
FrodoKEM-640-AES_run04,active,8.725312,5.3975,0.590576,3.187636,27.522282
FrodoKEM-640-AES_run04,active,8.738057,5.395,0.584676,3.154327,27.562484
FrodoKEM-640-AES_run04,active,8.750806,5.39625,0.584855,3.156023,27.602719
FrodoKEM-640-AES_run04,active,8.763551,5.3975,0.588431,3.176055,27.643197
FrodoKEM-640-AES_run04,active,8.776294,5.395,0.589861,3.182301,27.683751
FrodoKEM-640-AES_run04,active,8.789047,5.3975,0.585212,3.158684,27.724033
FrodoKEM-640-AES_run04,active,8.801797,5.395,0.585034,3.156256,27.764274
FrodoKEM-640-AES_run04,active,8.814545,5.395,0.590755,3.187124,27.804904
FrodoKEM-640-AES_run04,active,8.827286,5.3925,0.58557,3.157686,27.845138
FrodoKEM-640-AES_run04,active,8.840046,5.39375,0.586464,3.16324,27.885499
FrodoKEM-640-AES_run04,active,8.852795,5.395,0.585749,3.160115,27.925788
FrodoKEM-640-AES_run04,active,8.865541,5.39625,0.589504,3.181109,27.966334
FrodoKEM-640-AES_run04,active,8.878287,5.39875,0.583603,3.150728,28.006494
FrodoKEM-640-AES_run04,active,8.89104,5.3975,0.584855,3.156754,28.046752
FrodoKEM-640-AES_run04,active,8.903822,5.39875,0.587894,3.173895,28.087322
FrodoKEM-640-AES_run04,active,8.91657,5.39625,0.588431,3.17532,28.127798
FrodoKEM-640-AES_run04,active,8.929315,5.3975,0.587716,3.172195,28.168229
FrodoKEM-640-AES_run04,active,8.944802,5.38875,0.586106,3.158381,28.217144
FrodoKEM-640-AES_run04,active,8.957587,5.39625,0.589325,3.180144,28.2578
FrodoKEM-640-AES_run04,active,8.970335,5.39625,0.585928,3.161812,28.298107
FrodoKEM-640-AES_run04,active,8.983083,5.3975,0.58557,3.160614,28.338401
FrodoKEM-640-AES_run04,active,8.99584,5.3975,0.588431,3.176055,28.378916
FrodoKEM-640-AES_run04,active,9.008591,5.3975,0.588431,3.176055,28.419416
FrodoKEM-640-AES_run04,active,9.021338,5.395,0.585034,3.156256,28.459646
FrodoKEM-640-AES_run04,active,9.034083,5.3975,0.587358,3.170265,28.500053
FrodoKEM-640-AES_run04,active,9.046831,5.395,0.588431,3.174584,28.540523
FrodoKEM-640-AES_run04,active,9.059576,5.39625,0.584497,3.154093,28.580722
FrodoKEM-640-AES_run04,active,9.072318,5.3975,0.584855,3.156754,28.620943
FrodoKEM-640-AES_run04,active,9.085063,5.40125,0.586822,3.16957,28.661341
FrodoKEM-640-AES_run04,active,9.097816,5.3975,0.587894,3.17316,28.701807
FrodoKEM-640-AES_run04,active,9.110568,5.3975,0.584497,3.154824,28.742039
FrodoKEM-640-AES_run04,active,9.123312,5.39625,0.584497,3.154093,28.782234
FrodoKEM-640-AES_run04,active,9.136057,5.395,0.587,3.166867,28.822594
FrodoKEM-640-AES_run04,active,9.148809,5.39625,0.58861,3.176285,28.863099
FrodoKEM-640-AES_run04,active,9.161556,5.395,0.585212,3.157221,28.903344
FrodoKEM-640-AES_run04,active,9.174302,5.4,0.584318,3.155319,28.943561
FrodoKEM-640-AES_run04,active,9.187047,5.39625,0.590755,3.187863,28.984192
FrodoKEM-640-AES_run04,active,9.199838,5.39625,0.588431,3.17532,29.024806
FrodoKEM-640-AES_run04,active,9.212588,5.395,0.584855,3.155292,29.065038
FrodoKEM-640-AES_run04,active,9.225336,5.395,0.587894,3.17169,29.10547
FrodoKEM-640-AES_run04,active,9.238081,5.39625,0.589146,3.179179,29.145988
FrodoKEM-640-AES_run04,active,9.250832,5.3975,0.585212,3.158684,29.186263
FrodoKEM-640-AES_run04,active,9.263577,5.3975,0.586643,3.166405,29.226619
FrodoKEM-640-AES_run04,active,9.276321,5.39625,0.585212,3.157952,29.266866
FrodoKEM-640-AES_run04,active,9.289067,5.39625,0.588431,3.17532,29.307338
FrodoKEM-640-AES_run04,active,9.301819,5.39625,0.583961,3.151198,29.347522
FrodoKEM-640-AES_run04,active,9.31457,5.3975,0.582709,3.145173,29.387628
FrodoKEM-640-AES_run04,active,9.327316,5.38875,0.588788,3.172833,29.428067
FrodoKEM-640-AES_run04,active,9.340062,5.395,0.583424,3.147575,29.468185
FrodoKEM-640-AES_run04,active,9.352829,5.395,0.584497,3.153362,29.508445
FrodoKEM-640-AES_run04,active,9.365579,5.39625,0.586643,3.165671,29.548808
FrodoKEM-640-AES_run04,active,9.378328,5.395,0.588431,3.174584,29.58928
FrodoKEM-640-AES_run04,active,9.391076,5.39625,0.584855,3.156023,29.629512
FrodoKEM-640-AES_run04,active,9.403832,5.39625,0.583961,3.151198,29.66971
FrodoKEM-640-AES_run04,active,9.416584,5.39625,0.584676,3.155058,29.709943
FrodoKEM-640-AES_run04,active,9.429331,5.39625,0.588788,3.177249,29.750445
FrodoKEM-640-AES_run04,active,9.442077,5.395,0.584855,3.155292,29.79066
FrodoKEM-640-AES_run04,active,9.454842,5.39375,0.588073,3.17192,29.831151
FrodoKEM-640-AES_run04,active,9.467598,5.395,0.585212,3.157221,29.871425
FrodoKEM-640-AES_run04,active,9.480347,5.39625,0.587,3.167601,29.911807
FrodoKEM-640-AES_run04,active,9.493138,5.39875,0.583424,3.149762,29.952096
FrodoKEM-640-AES_run04,active,9.505894,5.39625,0.585749,3.160847,29.992415
FrodoKEM-640-AES_run04,active,9.518648,5.3975,0.58861,3.17702,30.032937
FrodoKEM-640-AES_run04,active,9.531395,5.39625,0.586106,3.162777,30.073251
FrodoKEM-640-AES_run04,active,9.544142,5.3975,0.586643,3.166405,30.113613
FrodoKEM-640-AES_run04,active,9.55689,5.39625,0.585212,3.157952,30.153871
FrodoKEM-640-AES_run04,active,9.569638,5.39375,0.588788,3.175777,30.194356
FrodoKEM-640-AES_run04,active,9.582383,5.395,0.584497,3.153362,30.234546
FrodoKEM-640-AES_run04,active,9.595133,5.4,0.584855,3.158216,30.274812
FrodoKEM-640-AES_run04,active,9.607884,5.3975,0.58861,3.17702,30.315323
FrodoKEM-640-AES_run04,active,9.620636,5.39625,0.588967,3.178214,30.355853
FrodoKEM-640-AES_run04,active,9.633385,5.39375,0.585212,3.156489,30.396095
FrodoKEM-640-AES_run04,active,9.64613,5.39625,0.586285,3.163742,30.436417
FrodoKEM-640-AES_run04,active,9.658889,5.395,0.588252,3.17362,30.476908
FrodoKEM-640-AES_run04,active,9.671636,5.395,0.585212,3.157221,30.517154
FrodoKEM-640-AES_run04,active,9.68441,5.3975,0.585212,3.158684,30.557501
FrodoKEM-640-AES_run04,active,9.697161,5.3975,0.584497,3.154824,30.59773
FrodoKEM-640-AES_run04,active,9.709917,5.39625,0.593258,3.201371,30.638565
FrodoKEM-640-AES_run04,active,9.722671,5.3975,0.584855,3.156754,30.678826
FrodoKEM-640-AES_run04,active,9.735418,5.3975,0.584497,3.154824,30.719041
FrodoKEM-640-AES_run04,active,9.748165,5.385,0.587894,3.165811,30.759395
FrodoKEM-640-AES_run04,active,9.760916,5.39625,0.589325,3.180144,30.799947
FrodoKEM-640-AES_run04,active,9.773664,5.39625,0.587179,3.168566,30.840341
FrodoKEM-640-AES_run04,active,9.786412,5.39625,0.586643,3.165671,30.880695
FrodoKEM-640-AES_run04,active,9.79916,5.395,0.588431,3.174584,30.921165
FrodoKEM-640-AES_run04,active,9.811914,5.3975,0.584855,3.156754,30.961427
FrodoKEM-640-AES_run04,active,9.824666,5.39625,0.583961,3.151198,31.001611
FrodoKEM-640-AES_run04,active,9.837416,5.39625,0.584855,3.156023,31.04185
FrodoKEM-640-AES_run04,active,9.850162,5.38125,0.588431,3.166493,31.08221
FrodoKEM-640-AES_run04,active,9.86291,5.39625,0.583067,3.146374,31.122321
FrodoKEM-640-AES_run04,active,9.875659,5.395,0.584318,3.152398,31.162509
FrodoKEM-640-AES_run04,active,9.888406,5.39625,0.588073,3.17339,31.20296
FrodoKEM-640-AES_run04,active,9.901153,5.39,0.587894,3.168751,31.243354
FrodoKEM-640-AES_run04,active,9.913907,5.39625,0.585749,3.160847,31.283665
FrodoKEM-640-AES_run04,active,9.926661,5.3975,0.584676,3.155789,31.323916
FrodoKEM-640-AES_run04,active,9.939407,5.39625,0.588788,3.177249,31.364414
FrodoKEM-640-AES_run04,active,9.952154,5.38875,0.585212,3.153563,31.404612
FrodoKEM-640-AES_run04,active,9.9649,5.39875,0.582173,3.143005,31.444672
FrodoKEM-640-AES_run04,active,9.977648,5.39625,0.585212,3.157952,31.484928
FrodoKEM-640-AES_run04,active,9.990395,5.39625,0.58861,3.176285,31.525417
FrodoKEM-640-AES_run04,active,10.003144,5.39625,0.587358,3.169531,31.565826
FrodoKEM-640-AES_run04,active,10.015897,5.39875,0.585749,3.162311,31.606156
FrodoKEM-640-AES_run04,active,10.028647,5.39625,0.588967,3.178214,31.646678
FrodoKEM-640-AES_run04,active,10.041395,5.39625,0.58861,3.176285,31.687169
FrodoKEM-640-AES_run04,active,10.054142,5.39,0.587894,3.168751,31.727561
FrodoKEM-640-AES_run04,active,10.066893,5.39375,0.586106,3.161311,31.767871
FrodoKEM-640-AES_run04,active,10.079639,5.3975,0.588431,3.176055,31.808353
FrodoKEM-640-AES_run04,active,10.092421,5.39875,0.584855,3.157485,31.84871
FrodoKEM-640-AES_run04,active,10.105176,5.395,0.588788,3.176513,31.889227
FrodoKEM-640-AES_run04,active,10.117932,5.3975,0.584855,3.156754,31.929494
FrodoKEM-640-AES_run04,active,10.130687,5.39625,0.588252,3.174355,31.969985
FrodoKEM-640-AES_run04,active,10.143434,5.39875,0.584855,3.157485,32.010232
FrodoKEM-640-AES_run04,active,10.15618,5.38375,0.583782,3.142936,32.050293
FrodoKEM-640-AES_run04,active,10.168927,5.39375,0.589325,3.178671,32.09081
FrodoKEM-640-AES_run04,active,10.181676,5.395,0.588073,3.172655,32.13126
FrodoKEM-640-AES_run04,active,10.194425,5.39125,0.58557,3.156954,32.171506
FrodoKEM-640-AES_run04,active,10.207172,5.39625,0.585212,3.157952,32.21176
FrodoKEM-640-AES_run04,active,10.222689,5.39625,0.588788,3.177249,32.261062
FrodoKEM-640-AES_run04,active,10.235463,5.3975,0.586106,3.163509,32.301472
FrodoKEM-640-AES_run04,active,10.248212,5.3975,0.58557,3.160614,32.341767
FrodoKEM-640-AES_run04,active,10.260964,5.3875,0.586285,3.158612,32.382048
FrodoKEM-640-AES_run04,active,10.273742,5.38625,0.586464,3.158842,32.422411
FrodoKEM-640-AES_run04,active,10.286526,5.39875,0.584676,3.15652,32.462762
FrodoKEM-640-AES_run04,active,10.299279,5.3975,0.584497,3.154824,32.502997
FrodoKEM-640-AES_run04,active,10.312028,5.39625,0.588252,3.174355,32.543467
FrodoKEM-640-AES_run04,active,10.324785,5.39625,0.586643,3.165671,32.583851
FrodoKEM-640-AES_run04,active,10.337558,5.3975,0.588788,3.177985,32.624445
FrodoKEM-640-AES_run04,active,10.350323,5.39625,0.584497,3.154093,32.664705
FrodoKEM-640-AES_run04,active,10.363076,5.39875,0.588431,3.176791,32.705218
FrodoKEM-640-AES_run04,active,10.375823,5.39625,0.584855,3.156023,32.745449
FrodoKEM-640-AES_run04,active,10.388567,5.39625,0.585391,3.158917,32.785706
FrodoKEM-640-AES_run04,active,10.401312,5.39625,0.585212,3.157952,32.825954
FrodoKEM-640-AES_run04,active,10.414058,5.4025,0.589325,3.183827,32.866534
FrodoKEM-640-AES_run04,active,10.426814,5.39625,0.586106,3.162777,32.90688
FrodoKEM-640-AES_run04,active,10.439566,5.39625,0.585749,3.160847,32.947187
FrodoKEM-640-AES_run04,active,10.452313,5.3975,0.588073,3.174125,32.987647
FrodoKEM-640-AES_run04,active,10.465055,5.3875,0.589325,3.174987,33.028104
FrodoKEM-640-AES_run04,active,10.477804,5.3975,0.584497,3.154824,33.068323
FrodoKEM-640-AES_run04,active,10.490553,5.3975,0.585928,3.162544,33.108644
FrodoKEM-640-AES_run04,active,10.503299,5.3925,0.58414,3.149973,33.148794
FrodoKEM-640-AES_run04,active,10.516045,5.395,0.584855,3.155292,33.189009
FrodoKEM-640-AES_run04,active,10.528797,5.3975,0.589682,3.182811,33.229596
FrodoKEM-640-AES_run04,active,10.541546,5.39375,0.585212,3.156489,33.269838
FrodoKEM-640-AES_run04,active,10.554292,5.3975,0.591828,3.194392,33.310555
FrodoKEM-640-AES_run04,active,10.56704,5.39125,0.584497,3.151171,33.350726
FrodoKEM-640-AES_run04,active,10.57982,5.3975,0.585391,3.159649,33.391107
FrodoKEM-640-AES_run04,active,10.592568,5.39875,0.588431,3.176791,33.431606
FrodoKEM-640-AES_run04,active,10.605311,5.395,0.588073,3.172655,33.472034
FrodoKEM-640-AES_run04,active,10.618057,5.39625,0.585212,3.157952,33.512285
FrodoKEM-640-AES_run04,active,10.630813,5.3975,0.584497,3.154824,33.552529
FrodoKEM-640-AES_run04,active,10.643562,5.3975,0.592901,3.200182,33.593327
FrodoKEM-640-AES_run04,active,10.656309,5.3975,0.585212,3.158684,33.633589
FrodoKEM-640-AES_run04,active,10.669055,5.38875,0.585212,3.153563,33.673787
FrodoKEM-640-AES_run04,active,10.681801,5.3975,0.58557,3.160614,33.714072
FrodoKEM-640-AES_run04,active,10.69455,5.39625,0.589146,3.179179,33.754601
FrodoKEM-640-AES_run04,active,10.707295,5.39625,0.584855,3.156023,33.794825
FrodoKEM-640-AES_run04,active,10.720041,5.39625,0.585928,3.161812,33.835125
FrodoKEM-640-AES_run04,active,10.732793,5.39625,0.589682,3.182074,33.875705
FrodoKEM-640-AES_run04,active,10.745543,5.3975,0.59004,3.184741,33.916308
FrodoKEM-640-AES_run04,active,10.758287,5.3975,0.586106,3.163509,33.956626
FrodoKEM-640-AES_run04,active,10.771036,5.37875,0.585212,3.147711,33.996754
FrodoKEM-640-AES_run04,active,10.783815,5.3975,0.584676,3.155789,34.037084
FrodoKEM-640-AES_run04,active,10.796561,5.395,0.585212,3.157221,34.077326
FrodoKEM-640-AES_run04,active,10.809306,5.3975,0.587,3.168335,34.117705
FrodoKEM-640-AES_run04,active,10.822049,5.39625,0.584497,3.154093,34.157898
FrodoKEM-640-AES_run04,active,10.834804,5.3725,0.588788,3.163266,34.198245
FrodoKEM-640-AES_run04,active,10.847553,5.3975,0.584855,3.156754,34.238491
FrodoKEM-640-AES_run04,active,10.860297,5.39625,0.584318,3.153128,34.278674
FrodoKEM-640-AES_run04,active,10.873042,5.3925,0.589146,3.17697,34.319164
FrodoKEM-640-AES_run04,active,10.885787,5.40125,0.59004,3.186954,34.359781
FrodoKEM-640-AES_run04,active,10.898535,5.3975,0.585034,3.157719,34.400037
FrodoKEM-640-AES_run04,active,10.911279,5.39625,0.584855,3.156023,34.440259
FrodoKEM-640-AES_run04,active,10.924024,5.39,0.588788,3.173569,34.480705
FrodoKEM-640-AES_run04,active,10.936775,5.3975,0.585212,3.158684,34.520982
FrodoKEM-640-AES_run04,active,10.949523,5.395,0.585034,3.156256,34.561219
FrodoKEM-640-AES_run04,active,10.96227,5.395,0.585212,3.157221,34.601462
FrodoKEM-640-AES_run04,active,10.975015,5.395,0.588788,3.176513,34.641948
FrodoKEM-640-AES_run04,active,10.987761,5.39625,0.585212,3.157952,34.6822
FrodoKEM-640-AES_run04,active,11.000508,5.39625,0.583603,3.149269,34.722342
FrodoKEM-640-AES_run04,active,11.013253,5.395,0.587,3.166867,34.762705
FrodoKEM-640-AES_run04,active,11.025998,5.3975,0.588967,3.17895,34.803219
FrodoKEM-640-AES_run04,active,11.038751,5.39375,0.58414,3.150703,34.843399
FrodoKEM-640-AES_run04,active,11.051501,5.3975,0.58557,3.160614,34.883698
FrodoKEM-640-AES_run04,active,11.064246,5.39375,0.59147,3.190243,34.924359
FrodoKEM-640-AES_run04,active,11.076992,5.395,0.585212,3.157221,34.9646
FrodoKEM-640-AES_run04,active,11.089738,5.39625,0.584318,3.153128,35.004788
FrodoKEM-640-AES_run04,active,11.10251,5.395,0.583067,3.145645,35.044966
FrodoKEM-640-AES_run04,active,11.115258,5.39625,0.586285,3.163742,35.085298
FrodoKEM-640-AES_run04,active,11.128006,5.39625,0.585212,3.157952,35.125556
FrodoKEM-640-AES_run04,active,11.14076,5.3975,0.585749,3.161579,35.165878
FrodoKEM-640-AES_run04,active,11.153507,5.39875,0.587716,3.17293,35.206323
FrodoKEM-640-AES_run04,active,11.166253,5.3975,0.588788,3.177985,35.246831
FrodoKEM-640-AES_run04,active,11.179001,5.39375,0.584497,3.152632,35.28702
FrodoKEM-640-AES_run04,active,11.19175,5.395,0.585391,3.158186,35.327282
FrodoKEM-640-AES_run04,active,11.204505,5.39375,0.588788,3.175777,35.367791
FrodoKEM-640-AES_run04,active,11.217253,5.39375,0.587894,3.170955,35.408212
FrodoKEM-640-AES_run04,active,11.229998,5.39625,0.584497,3.154093,35.448413
FrodoKEM-640-AES_run04,active,11.242753,5.39625,0.584855,3.156023,35.488668
FrodoKEM-640-AES_run04,active,11.2555,5.39875,0.58861,3.177756,35.529175
FrodoKEM-640-AES_run04,active,11.268245,5.39625,0.584676,3.155058,35.569386
FrodoKEM-640-AES_run04,active,11.28099,5.39125,0.585928,3.158882,35.609646
FrodoKEM-640-AES_run04,active,11.293735,5.3925,0.583603,3.14708,35.649754
FrodoKEM-640-AES_run04,active,11.306525,5.3975,0.591113,3.190531,35.69056
FrodoKEM-640-AES_run04,active,11.319275,5.3975,0.586106,3.163509,35.730897
FrodoKEM-640-AES_run04,active,11.332018,5.395,0.584497,3.153362,35.771081
FrodoKEM-640-AES_run04,active,11.344783,5.405,0.589682,3.187233,35.811765
FrodoKEM-640-AES_run04,active,11.357532,5.3975,0.585212,3.158684,35.852036
FrodoKEM-640-AES_run04,active,11.370278,5.39625,0.584855,3.156023,35.892261
FrodoKEM-640-AES_run04,active,11.383026,5.395,0.584855,3.155292,35.932485
FrodoKEM-640-AES_run04,active,11.395795,5.38875,0.588431,3.170906,35.972973
FrodoKEM-640-AES_run04,active,11.408582,5.39375,0.585034,3.155525,36.013324
FrodoKEM-640-AES_run04,active,11.42133,5.395,0.584676,3.154327,36.053534
FrodoKEM-640-AES_run04,active,11.434076,5.38875,0.583424,3.143928,36.093608
FrodoKEM-640-AES_run04,active,11.446833,5.39625,0.58861,3.176285,36.134126
FrodoKEM-640-AES_run04,active,11.459582,5.395,0.584318,3.152398,36.174317
FrodoKEM-640-AES_run04,active,11.472326,5.395,0.585034,3.156256,36.214542
FrodoKEM-640-AES_run04,active,11.485073,5.39375,0.58861,3.174813,36.255011
FrodoKEM-640-AES_run04,active,11.500671,5.39375,0.585212,3.156489,36.304247
FrodoKEM-640-AES_run04,active,11.51344,5.39875,0.586285,3.165207,36.344661
FrodoKEM-640-AES_run04,active,11.526187,5.3975,0.587,3.168335,36.385048
FrodoKEM-640-AES_run04,active,11.538936,5.39625,0.589325,3.180144,36.425593
FrodoKEM-640-AES_run04,active,11.551689,5.39625,0.585212,3.157952,36.465866
FrodoKEM-640-AES_run04,active,11.564438,5.39875,0.585928,3.163277,36.506194
FrodoKEM-640-AES_run04,active,11.577184,5.39625,0.588788,3.177249,36.546691
FrodoKEM-640-AES_run04,active,11.589928,5.39125,0.588431,3.172378,36.587122
FrodoKEM-640-AES_run04,active,11.602675,5.3975,0.586106,3.163509,36.627446
FrodoKEM-640-AES_run04,active,11.61542,5.3975,0.584676,3.155789,36.667665
FrodoKEM-640-AES_run04,active,11.628163,5.3975,0.588788,3.177985,36.708164
FrodoKEM-640-AES_run04,active,11.640908,5.3975,0.585034,3.157719,36.748407
FrodoKEM-640-AES_run04,active,11.65366,5.39125,0.584497,3.151171,36.788591
FrodoKEM-640-AES_run04,active,11.666407,5.39625,0.587,3.167601,36.82897
FrodoKEM-640-AES_run04,active,11.679151,5.395,0.588788,3.176513,36.869451
FrodoKEM-640-AES_run04,active,11.691895,5.39375,0.585034,3.155525,36.909665
FrodoKEM-640-AES_run04,active,11.704639,5.39875,0.585212,3.159415,36.949929
FrodoKEM-640-AES_run04,active,11.717384,5.3975,0.588073,3.174125,36.990382
FrodoKEM-640-AES_run04,active,11.730128,5.39625,0.588788,3.177249,37.030874
FrodoKEM-640-AES_run04,active,11.742874,5.395,0.584497,3.153362,37.071066
FrodoKEM-640-AES_run04,active,11.755623,5.39625,0.584855,3.156023,37.111303
FrodoKEM-640-AES_run04,active,11.768398,5.3975,0.588252,3.17509,37.151863
FrodoKEM-640-AES_run04,active,11.781147,5.39625,0.586106,3.162777,37.192188
FrodoKEM-640-AES_run04,active,11.793893,5.39375,0.584318,3.151667,37.232358
FrodoKEM-640-AES_run04,active,11.80664,5.3975,0.585391,3.159649,37.272632
FrodoKEM-640-AES_run04,active,11.819386,5.39625,0.592722,3.198476,37.3134
FrodoKEM-640-AES_run04,active,11.832129,5.395,0.584855,3.155292,37.35361
FrodoKEM-640-AES_run04,active,11.844874,5.39625,0.586285,3.163742,37.393933
FrodoKEM-640-AES_run04,active,11.857625,5.39625,0.586643,3.165671,37.434298
FrodoKEM-640-AES_run04,active,11.870375,5.3975,0.588252,3.17509,37.47478
FrodoKEM-640-AES_run04,active,11.883122,5.395,0.580742,3.133105,37.514718
FrodoKEM-640-AES_run04,active,11.895865,5.3925,0.585749,3.15865,37.554969
FrodoKEM-640-AES_run04,active,11.908609,5.39625,0.587894,3.172425,37.595398
FrodoKEM-640-AES_run04,active,11.921355,5.395,0.586822,3.165903,37.635751
FrodoKEM-640-AES_run04,active,11.934101,5.39625,0.586106,3.162777,37.676061
FrodoKEM-640-AES_run04,active,11.946848,5.39625,0.585749,3.160847,37.716355
FrodoKEM-640-AES_run04,active,11.959599,5.39625,0.58861,3.176285,37.756855
FrodoKEM-640-AES_run04,active,11.972348,5.39375,0.584318,3.151667,37.797035
FrodoKEM-640-AES_run04,active,11.985129,5.395,0.586464,3.163973,37.837474
FrodoKEM-640-AES_run04,active,11.997874,5.3925,0.585749,3.15865,37.877731
FrodoKEM-640-AES_run04,active,12.010621,5.39625,0.588788,3.177249,37.918231
FrodoKEM-640-AES_run04,active,12.023367,5.395,0.584497,3.153362,37.958424
FrodoKEM-640-AES_run04,active,12.036111,5.39625,0.58557,3.159882,37.998694
FrodoKEM-640-AES_run04,active,12.048854,5.3975,0.589682,3.182811,38.039253
FrodoKEM-640-AES_run04,active,12.061604,5.3975,0.584676,3.155789,38.079489
FrodoKEM-640-AES_run04,active,12.074351,5.395,0.584855,3.155292,38.119709
FrodoKEM-640-AES_run04,active,12.087097,5.3975,0.587894,3.17316,38.160154
FrodoKEM-640-AES_run04,active,12.09984,5.39,0.588967,3.174533,38.200608
FrodoKEM-640-AES_run04,active,12.112586,5.39,0.584855,3.152367,38.240786
FrodoKEM-640-AES_run04,active,12.12533,5.395,0.586822,3.165903,38.281135
FrodoKEM-640-AES_run04,active,12.138074,5.3975,0.584855,3.156754,38.321364
FrodoKEM-640-AES_run04,active,12.150823,5.3975,0.588967,3.17895,38.36189
FrodoKEM-640-AES_run04,active,12.163575,5.395,0.585034,3.156256,38.402141
FrodoKEM-640-AES_run04,active,12.176324,5.39375,0.585749,3.159383,38.44242
FrodoKEM-640-AES_run04,active,12.189072,5.39625,0.588431,3.17532,38.482899
FrodoKEM-640-AES_run04,active,12.201818,5.39625,0.588788,3.177249,38.523397
FrodoKEM-640-AES_run04,active,12.214563,5.39875,0.58253,3.144936,38.563479
FrodoKEM-640-AES_run04,active,12.227311,5.4,0.584497,3.156285,38.603714
FrodoKEM-640-AES_run04,active,12.240055,5.39625,0.58861,3.176285,38.644192
FrodoKEM-640-AES_run04,active,12.252801,5.40625,0.585212,3.163805,38.684517
FrodoKEM-640-AES_run04,active,12.26555,5.395,0.58557,3.15915,38.724795
FrodoKEM-640-AES_run04,active,12.278298,5.39625,0.585391,3.158917,38.765063
FrodoKEM-640-AES_run04,active,12.291043,5.39625,0.589325,3.180144,38.805596
FrodoKEM-640-AES_run04,active,12.303815,5.3975,0.585391,3.159649,38.845951
FrodoKEM-640-AES_run04,active,12.316559,5.39875,0.586285,3.165207,38.886288
FrodoKEM-640-AES_run04,active,12.329305,5.39625,0.588252,3.174355,38.926748
FrodoKEM-640-AES_run04,active,12.342062,5.39875,0.588788,3.178721,38.967297
FrodoKEM-640-AES_run04,active,12.35481,5.39625,0.587179,3.168566,39.007693
FrodoKEM-640-AES_run04,active,12.367562,5.395,0.58557,3.15915,39.047978
FrodoKEM-640-AES_run04,active,12.380312,5.39625,0.589325,3.180144,39.088523
FrodoKEM-640-AES_run04,active,12.393058,5.395,0.58557,3.15915,39.128791
FrodoKEM-640-AES_run04,active,12.405804,5.395,0.585034,3.156256,39.16902
FrodoKEM-640-AES_run04,active,12.418552,5.39625,0.585928,3.161812,39.209328
FrodoKEM-640-AES_run04,active,12.431297,5.395,0.588967,3.177478,39.249824
FrodoKEM-640-AES_run04,active,12.444041,5.39625,0.583603,3.149269,39.289958
FrodoKEM-640-AES_run04,active,12.456787,5.3975,0.585749,3.161579,39.330254
FrodoKEM-640-AES_run04,active,12.469538,5.39625,0.58861,3.176285,39.370758
FrodoKEM-640-AES_run04,active,12.482288,5.39625,0.590576,3.186898,39.41139
FrodoKEM-640-AES_run04,active,12.495034,5.395,0.585391,3.158186,39.451644
FrodoKEM-640-AES_run04,active,12.507815,5.3975,0.583782,3.150963,39.491916
FrodoKEM-640-AES_run04,active,12.52056,5.39625,0.588788,3.177249,39.532411
FrodoKEM-640-AES_run04,active,12.533306,5.3925,0.584318,3.150937,39.572572
FrodoKEM-640-AES_run04,active,12.546052,5.39625,0.588967,3.178214,39.61308
FrodoKEM-640-AES_run04,active,12.558798,5.3975,0.585212,3.158684,39.653342
FrodoKEM-640-AES_run04,active,12.571552,5.39625,0.588788,3.177249,39.693866
FrodoKEM-640-AES_run04,active,12.584301,5.4,0.585749,3.163044,39.734191
FrodoKEM-640-AES_run04,active,12.597048,5.3975,0.58557,3.160614,39.77448
FrodoKEM-640-AES_run04,active,12.609793,5.39625,0.588967,3.178214,39.814986
FrodoKEM-640-AES_run04,active,12.622541,5.395,0.589146,3.178443,39.855503
FrodoKEM-640-AES_run04,active,12.635286,5.4,0.585034,3.159181,39.895768
FrodoKEM-640-AES_run04,active,12.648031,5.3975,0.585212,3.158684,39.936024
FrodoKEM-640-AES_run04,active,12.660777,5.39625,0.588252,3.174355,39.976485
FrodoKEM-640-AES_run04,active,12.673531,5.40125,0.584855,3.158947,40.016775
FrodoKEM-640-AES_run04,active,12.686282,5.39625,0.586285,3.163742,40.057117
FrodoKEM-640-AES_run04,active,12.699031,5.3975,0.585391,3.159649,40.097396
FrodoKEM-640-AES_run04,active,12.71181,5.4,0.588431,3.177526,40.138002
FrodoKEM-640-AES_run04,active,12.724556,5.4,0.585212,3.160147,40.178283
FrodoKEM-640-AES_run04,active,12.737301,5.39625,0.585391,3.158917,40.218543
FrodoKEM-640-AES_run04,active,12.750045,5.39625,0.587894,3.172425,40.258973
FrodoKEM-640-AES_run04,active,12.762793,5.38875,0.589682,3.177651,40.29948
FrodoKEM-640-AES_run04,active,12.778283,5.39625,0.58557,3.159882,40.348429
FrodoKEM-640-AES_run04,active,12.791049,5.39875,0.584855,3.157485,40.388737
FrodoKEM-640-AES_run04,active,12.803824,5.4,0.588431,3.177526,40.429328
FrodoKEM-640-AES_run04,active,12.816572,5.38875,0.586285,3.159344,40.469603
FrodoKEM-640-AES_run04,active,12.829319,5.3975,0.585391,3.159649,40.509879
FrodoKEM-640-AES_run04,active,12.842065,5.3975,0.584497,3.154824,40.550093
FrodoKEM-640-AES_run04,active,12.854813,5.39625,0.588788,3.177249,40.590597
FrodoKEM-640-AES_run04,active,12.867559,5.3975,0.585391,3.159649,40.630868
FrodoKEM-640-AES_run04,active,12.880311,5.3975,0.584855,3.156754,40.671122
FrodoKEM-640-AES_run04,active,12.893063,5.3975,0.588788,3.177985,40.71165
FrodoKEM-640-AES_run04,active,12.905809,5.395,0.590755,3.187124,40.752271
FrodoKEM-640-AES_run04,active,12.918556,5.39625,0.585391,3.158917,40.79254
FrodoKEM-640-AES_run04,active,12.9313,5.39625,0.584855,3.156023,40.832758
FrodoKEM-640-AES_run04,active,12.944043,5.40375,0.58861,3.180699,40.873291
FrodoKEM-640-AES_run04,active,12.956789,5.385,0.581994,3.134038,40.913235
FrodoKEM-640-AES_run04,active,12.969535,5.3975,0.587358,3.170265,40.953645
FrodoKEM-640-AES_run04,active,12.982286,5.39625,0.584676,3.155058,40.993876
FrodoKEM-640-AES_run04,active,12.995036,5.39375,0.588967,3.176742,41.03438
FrodoKEM-640-AES_run04,active,13.007811,5.39625,0.584676,3.155058,41.074683
FrodoKEM-640-AES_run04,active,13.020555,5.3975,0.584676,3.155789,41.114903
FrodoKEM-640-AES_run04,active,13.033301,5.39875,0.586643,3.167138,41.15527
FrodoKEM-640-AES_run04,active,13.046047,5.3975,0.587894,3.17316,41.195717
FrodoKEM-640-AES_run04,active,13.058796,5.39625,0.584497,3.154093,41.235926
FrodoKEM-640-AES_run04,active,13.07154,5.39875,0.58557,3.161346,41.276215
FrodoKEM-640-AES_run04,active,13.084292,5.395,0.587894,3.17169,41.316662
FrodoKEM-640-AES_run04,active,13.097042,5.39625,0.584497,3.154093,41.356874
FrodoKEM-640-AES_run04,active,13.109787,5.3975,0.584855,3.156754,41.397109
FrodoKEM-640-AES_run04,active,13.122536,5.3975,0.585034,3.157719,41.437365
FrodoKEM-640-AES_run04,active,13.135284,5.39625,0.588788,3.177249,41.477869
FrodoKEM-640-AES_run04,active,13.148035,5.395,0.585391,3.158186,41.518141
FrodoKEM-640-AES_run04,active,13.160779,5.39125,0.585212,3.155026,41.558346
FrodoKEM-640-AES_run04,active,13.173525,5.39875,0.585391,3.160381,41.59863
FrodoKEM-640-AES_run04,active,13.186279,5.39,0.588252,3.170678,41.639069
FrodoKEM-640-AES_run04,active,13.199032,5.39625,0.585212,3.157952,41.679342
FrodoKEM-640-AES_run04,active,13.211828,5.3975,0.587716,3.172195,41.719932
FrodoKEM-640-AES_run04,active,13.224574,5.3975,0.586464,3.165439,41.760278
FrodoKEM-640-AES_run04,active,13.237319,5.3975,0.585391,3.159649,41.800551
FrodoKEM-640-AES_run04,active,13.250067,5.39625,0.586822,3.166636,41.840918
FrodoKEM-640-AES_run04,active,13.262816,5.39875,0.583246,3.148797,41.881062
FrodoKEM-640-AES_run04,active,13.275562,5.3975,0.589325,3.180881,41.921605
FrodoKEM-640-AES_run04,active,13.288313,5.3975,0.584855,3.156754,41.961858
FrodoKEM-640-AES_run04,active,13.301064,5.39625,0.585212,3.157952,42.002124
FrodoKEM-640-AES_run04,active,13.313811,5.3975,0.590219,3.185706,42.042733
FrodoKEM-640-AES_run04,active,13.326559,5.395,0.59004,3.183266,42.083313
FrodoKEM-640-AES_run04,active,13.339306,5.39625,0.586464,3.164706,42.123652
FrodoKEM-640-AES_run04,active,13.352061,5.3975,0.584676,3.155789,42.163904
FrodoKEM-640-AES_run04,active,13.364807,5.3975,0.58861,3.17702,42.2044
FrodoKEM-640-AES_run04,active,13.377551,5.39625,0.584676,3.155058,42.244608
FrodoKEM-640-AES_run04,active,13.390305,5.3975,0.584318,3.153859,42.284831
FrodoKEM-640-AES_run04,active,13.403059,5.40125,0.587179,3.171502,42.32528
FrodoKEM-640-AES_run04,active,13.415847,5.395,0.588788,3.176513,42.365902
FrodoKEM-640-AES_run04,active,13.428595,5.39375,0.585391,3.157454,42.406152
FrodoKEM-640-AES_run04,active,13.44134,5.38875,0.584318,3.148746,42.446283
FrodoKEM-640-AES_run04,active,13.454085,5.4,0.588431,3.177526,42.486782
FrodoKEM-640-AES_run04,active,13.466833,5.39625,0.588967,3.178214,42.527299
FrodoKEM-640-AES_run04,active,13.479577,5.3975,0.584676,3.155789,42.567515
FrodoKEM-640-AES_run04,active,13.492327,5.39625,0.585391,3.158917,42.607792
FrodoKEM-640-AES_run04,active,13.505079,5.39375,0.587716,3.169991,42.648214
FrodoKEM-640-AES_run04,active,13.517824,5.3975,0.585212,3.158684,42.688474
FrodoKEM-640-AES_run04,active,13.530571,5.39625,0.703936,3.798612,42.736894
FrodoKEM-640-AES_run04,active,13.543315,5.3975,0.583246,3.148068,42.777013
FrodoKEM-640-AES_run04,active,13.55606,5.3975,0.588967,3.17895,42.817527
FrodoKEM-640-AES_run04,active,13.568802,5.3975,0.585212,3.158684,42.857777
FrodoKEM-640-AES_run04,active,13.581547,5.39875,0.584855,3.157485,42.898019
FrodoKEM-640-AES_run04,active,13.594297,5.39625,0.585928,3.161812,42.93833
FrodoKEM-640-AES_run04,active,13.607046,5.395,0.589325,3.179407,42.978866
FrodoKEM-640-AES_run04,active,13.619818,5.39625,0.585034,3.156988,43.019187
FrodoKEM-640-AES_run04,active,13.632563,5.395,0.586106,3.162044,43.059486
FrodoKEM-640-AES_run04,active,13.645308,5.395,0.590576,3.18616,43.100094
FrodoKEM-640-AES_run04,active,13.658053,5.395,0.585212,3.157221,43.140334
FrodoKEM-640-AES_run04,active,13.670799,5.395,0.584855,3.155292,43.180551
FrodoKEM-640-AES_run04,active,13.683544,5.395,0.583424,3.147575,43.220667
FrodoKEM-640-AES_run04,active,13.696294,5.395,0.589325,3.179407,43.261205
FrodoKEM-640-AES_run04,active,13.709042,5.395,0.584318,3.152398,43.30139
FrodoKEM-640-AES_run04,active,13.721787,5.39875,0.587,3.169068,43.34178
FrodoKEM-640-AES_run04,active,13.734533,5.40125,0.585391,3.161844,43.382082
FrodoKEM-640-AES_run04,active,13.747276,5.395,0.589325,3.179407,43.422596
FrodoKEM-640-AES_run04,active,13.760021,5.39375,0.584497,3.152632,43.462776
FrodoKEM-640-AES_run04,active,13.772766,5.395,0.590576,3.18616,43.503384
FrodoKEM-640-AES_run04,active,13.785509,5.3975,0.589861,3.183776,43.543956
FrodoKEM-640-AES_run04,active,13.798262,5.3975,0.585212,3.158684,43.584238
FrodoKEM-640-AES_run04,active,13.811012,5.39625,0.585212,3.157952,43.624503
FrodoKEM-640-AES_run04,active,13.823756,5.3975,0.583603,3.149998,43.664645
FrodoKEM-640-AES_run04,active,13.836502,5.395,0.588788,3.176513,43.705132
FrodoKEM-640-AES_run04,active,13.849247,5.39625,0.584676,3.155058,43.745343
FrodoKEM-640-AES_run04,active,13.861991,5.39625,0.586106,3.162777,43.785651
FrodoKEM-640-AES_run04,active,13.87474,5.39625,0.587358,3.169531,43.826058
FrodoKEM-640-AES_run04,active,13.887482,5.395,0.589146,3.178443,43.86656
FrodoKEM-640-AES_run04,active,13.900232,5.395,0.585034,3.156256,43.906802
FrodoKEM-640-AES_run04,active,13.912982,5.39125,0.585034,3.154062,43.947015
FrodoKEM-640-AES_run04,active,13.925731,5.39625,0.588967,3.178214,43.987533
FrodoKEM-640-AES_run04,active,13.938507,5.39625,0.588431,3.17532,44.028103
FrodoKEM-640-AES_run04,active,13.951255,5.39875,0.584855,3.157485,44.068354
FrodoKEM-640-AES_run04,active,13.964002,5.4,0.585212,3.160147,44.108637
FrodoKEM-640-AES_run04,active,13.976748,5.3975,0.587716,3.172195,44.149068
FrodoKEM-640-AES_run04,active,13.989492,5.395,0.585212,3.157221,44.189305
FrodoKEM-640-AES_run04,active,14.002242,5.39875,0.584676,3.15652,44.22955
FrodoKEM-640-AES_run04,active,14.014989,5.39625,0.584855,3.156023,44.269781
FrodoKEM-640-AES_run04,active,14.027734,5.3975,0.59147,3.192461,44.310469
FrodoKEM-640-AES_run04,active,14.04048,5.3975,0.585212,3.158684,44.350728
FrodoKEM-640-AES_run04,active,14.056014,5.39625,0.583424,3.148304,44.399635
FrodoKEM-640-AES_run04,active,14.068779,5.39625,0.588967,3.178214,44.440204
FrodoKEM-640-AES_run04,active,14.081528,5.3975,0.585391,3.159649,44.480487
FrodoKEM-640-AES_run04,active,14.094272,5.3975,0.58557,3.160614,44.520766
FrodoKEM-640-AES_run04,active,14.107029,5.3975,0.587537,3.17123,44.56122
FrodoKEM-640-AES_run04,active,14.119801,5.39625,0.588788,3.177249,44.6018
FrodoKEM-640-AES_run04,active,14.132549,5.395,0.591292,3.190018,44.642466
FrodoKEM-640-AES_run04,active,14.145293,5.39625,0.585391,3.158917,44.682725
FrodoKEM-640-AES_run04,active,14.158037,5.38625,0.588073,3.167509,44.723091
FrodoKEM-640-AES_run04,active,14.170785,5.3975,0.588788,3.177985,44.763605
FrodoKEM-640-AES_run04,active,14.18353,5.40125,0.585212,3.160878,44.803888
FrodoKEM-640-AES_run04,active,14.196275,5.39625,0.584855,3.156023,44.844113
FrodoKEM-640-AES_run04,active,14.20903,5.39625,0.588431,3.17532,44.884613
FrodoKEM-640-AES_run04,active,14.221782,5.39375,0.585391,3.157454,44.924877
FrodoKEM-640-AES_run04,active,14.234529,5.39375,0.590219,3.183493,44.965459
FrodoKEM-640-AES_run04,active,14.247271,5.3975,0.585034,3.157719,45.005694
FrodoKEM-640-AES_run04,active,14.260014,5.39625,0.588788,3.177249,45.046181
FrodoKEM-640-AES_run04,active,14.272759,5.39625,0.585391,3.158917,45.086441
FrodoKEM-640-AES_run04,active,14.285501,5.3975,0.585391,3.159649,45.126703
FrodoKEM-640-AES_run04,active,14.298244,5.39625,0.586822,3.166636,45.167056
FrodoKEM-640-AES_run04,active,14.310996,5.39875,0.58861,3.177756,45.207579
FrodoKEM-640-AES_run04,active,14.323746,5.3925,0.585749,3.15865,45.247851
FrodoKEM-640-AES_run04,active,14.336516,5.39625,0.586285,3.163742,45.28825
FrodoKEM-640-AES_run04,active,14.349338,5.39625,0.588967,3.178214,45.329004
FrodoKEM-640-AES_run04,active,14.362107,5.39625,0.58557,3.159882,45.369351
FrodoKEM-640-AES_run04,active,14.374862,5.395,0.586106,3.162044,45.409683
FrodoKEM-640-AES_run04,active,14.387608,5.39625,0.58557,3.159882,45.449958
FrodoKEM-640-AES_run04,active,14.400353,5.39625,0.588252,3.174355,45.490414
FrodoKEM-640-AES_run04,active,14.413158,5.3975,0.591113,3.190531,45.531269
FrodoKEM-640-AES_run04,active,14.425908,5.3875,0.585212,3.152832,45.57147
FrodoKEM-640-AES_run04,active,14.438656,5.39875,0.59004,3.185478,45.612077
FrodoKEM-640-AES_run04,active,14.451399,5.4,0.587894,3.17463,45.652533
FrodoKEM-640-AES_run04,active,14.464143,5.39625,0.587,3.167601,45.692901
FrodoKEM-640-AES_run04,active,14.476891,5.39625,0.58557,3.159882,45.733181
FrodoKEM-640-AES_run04,active,14.489636,5.39625,0.588788,3.177249,45.773676
FrodoKEM-640-AES_run04,active,14.50238,5.3975,0.584855,3.156754,45.813906
FrodoKEM-640-AES_run04,active,14.515132,5.3975,0.584855,3.156754,45.85416
FrodoKEM-640-AES_run04,active,14.527881,5.3975,0.587,3.168335,45.894554
FrodoKEM-640-AES_run04,active,14.540624,5.39625,0.593258,3.201371,45.935349
FrodoKEM-640-AES_run04,active,14.553368,5.3975,0.58253,3.144208,45.975418
FrodoKEM-640-AES_run04,active,14.566114,5.3975,0.585749,3.161579,46.015716
FrodoKEM-640-AES_run04,active,14.578862,5.3975,0.586106,3.163509,46.056045
FrodoKEM-640-AES_run04,active,14.591606,5.3975,0.59004,3.184741,46.09663
FrodoKEM-640-AES_run04,active,14.604349,5.3975,0.586106,3.163509,46.136945
FrodoKEM-640-AES_run04,active,14.617152,5.3975,0.585391,3.159649,46.177397
FrodoKEM-640-AES_run04,active,14.629901,5.3975,0.588788,3.177985,46.217911
FrodoKEM-640-AES_run04,active,14.642648,5.39375,0.596119,3.215318,46.258897
FrodoKEM-640-AES_run04,active,14.655391,5.395,0.585212,3.157221,46.299132
FrodoKEM-640-AES_run04,active,14.668138,5.39875,0.585212,3.159415,46.339405
FrodoKEM-640-AES_run04,active,14.680884,5.3975,0.587179,3.1693,46.379799
FrodoKEM-640-AES_run04,active,14.693629,5.39625,0.584497,3.154093,46.419997
FrodoKEM-640-AES_run04,active,14.706375,5.3975,0.585391,3.159649,46.460271
FrodoKEM-640-AES_run04,active,14.719126,5.395,0.585212,3.157221,46.50053
FrodoKEM-640-AES_run04,active,14.731875,5.395,0.588788,3.176513,46.541027
FrodoKEM-640-AES_run04,active,14.744622,5.39625,0.589682,3.182074,46.581589
FrodoKEM-640-AES_run04,active,14.757366,5.39625,0.584855,3.156023,46.62181
FrodoKEM-640-AES_run04,active,14.77011,5.3975,0.58861,3.17702,46.662295
FrodoKEM-640-AES_run04,active,14.782857,5.39,0.585034,3.153331,46.702492
FrodoKEM-640-AES_run04,active,14.795601,5.39625,0.584497,3.154093,46.742688
FrodoKEM-640-AES_run04,active,14.808343,5.39625,0.585212,3.157952,46.782927
FrodoKEM-640-AES_run04,active,14.821127,5.3925,0.58861,3.174077,46.823505
FrodoKEM-640-AES_run04,active,14.833876,5.40125,0.585749,3.163776,46.863839
FrodoKEM-640-AES_run04,active,14.846622,5.39375,0.587894,3.170955,46.904257
FrodoKEM-640-AES_run04,active,14.859366,5.3975,0.585212,3.158684,46.94451
FrodoKEM-640-AES_run04,active,14.872109,5.395,0.586643,3.164938,46.98484
FrodoKEM-640-AES_run04,active,14.884853,5.3975,0.584855,3.156754,47.025071
FrodoKEM-640-AES_run04,active,14.897596,5.39625,0.586285,3.163742,47.065387
FrodoKEM-640-AES_run04,active,14.91034,5.3975,0.589325,3.180881,47.105922
FrodoKEM-640-AES_run04,active,14.92309,5.395,0.586106,3.162044,47.14624
FrodoKEM-640-AES_run04,active,14.935836,5.3975,0.585212,3.158684,47.186501
FrodoKEM-640-AES_run04,active,14.94858,5.3975,0.58557,3.160614,47.22678
FrodoKEM-640-AES_run04,active,14.961324,5.3975,0.586643,3.166405,47.267133
FrodoKEM-640-AES_run04,active,14.974068,5.3975,0.583067,3.147103,47.307239
FrodoKEM-640-AES_run04,active,14.986814,5.39625,0.588073,3.17339,47.347686
FrodoKEM-640-AES_run04,active,14.999557,5.39625,0.584497,3.154093,47.387878
FrodoKEM-640-AES_run04,active,15.0123,5.3975,0.586464,3.165439,47.428215
FrodoKEM-640-AES_run04,active,15.02505,5.3975,0.59594,3.216588,47.469227
FrodoKEM-640-AES_run04,active,15.037799,5.3975,0.585034,3.157719,47.509484
FrodoKEM-640-AES_run04,active,15.050547,5.3975,0.587894,3.17316,47.549938
FrodoKEM-640-AES_run04,active,15.06329,5.395,0.594331,3.206417,47.590797
FrodoKEM-640-AES_run04,active,15.076036,5.3975,0.584855,3.156754,47.631031
FrodoKEM-640-AES_run04,active,15.088781,5.3975,0.585749,3.161579,47.671326
FrodoKEM-640-AES_run04,active,15.101525,5.39625,0.587537,3.170495,47.711731
FrodoKEM-640-AES_run04,active,15.114269,5.39625,0.584318,3.153128,47.751916
FrodoKEM-640-AES_run04,active,15.127022,5.39625,0.585034,3.156988,47.792174
FrodoKEM-640-AES_run04,active,15.1398,5.39875,0.584855,3.157485,47.832522
FrodoKEM-640-AES_run04,active,15.152547,5.395,0.589504,3.180372,47.873061
FrodoKEM-640-AES_run04,active,15.165292,5.39625,0.58557,3.159882,47.913335
FrodoKEM-640-AES_run04,active,15.178038,5.3825,0.584676,3.147019,47.953445
FrodoKEM-640-AES_run04,active,15.190785,5.39625,0.588788,3.177249,47.993947
FrodoKEM-640-AES_run04,active,15.20353,5.4025,0.589146,3.182861,48.034511
FrodoKEM-640-AES_run04,active,15.216272,5.39875,0.585391,3.160381,48.074781
FrodoKEM-640-AES_run04,active,15.229028,5.39625,0.585928,3.161812,48.115116
FrodoKEM-640-AES_run04,active,15.24178,5.4,0.58861,3.178492,48.155646
FrodoKEM-640-AES_run04,active,15.254526,5.39625,0.588967,3.178214,48.196156
FrodoKEM-640-AES_run04,active,15.267271,5.3975,0.586643,3.166405,48.236511
FrodoKEM-640-AES_run04,active,15.280016,5.39625,0.585391,3.158917,48.276771
FrodoKEM-640-AES_run04,active,15.292771,5.4,0.588967,3.180423,48.317339
FrodoKEM-640-AES_run04,active,15.305519,5.395,0.584855,3.155292,48.357561
FrodoKEM-640-AES_run04,active,15.318264,5.39625,0.585212,3.157952,48.397812
FrodoKEM-640-AES_run04,active,15.333831,5.3875,0.589325,3.174987,48.447234
FrodoKEM-640-AES_run04,active,15.346649,5.39625,0.591113,3.189792,48.488123
FrodoKEM-640-AES_run04,active,15.359404,5.39625,0.585212,3.157952,48.528403
FrodoKEM-640-AES_run04,active,15.372197,5.38875,0.588431,3.170906,48.568968
FrodoKEM-640-AES_run04,active,15.384951,5.3975,0.587894,3.17316,48.609437
FrodoKEM-640-AES_run04,active,15.397704,5.39875,0.585212,3.159415,48.649729
FrodoKEM-640-AES_run04,active,15.410499,5.39625,0.585212,3.157952,48.690135
FrodoKEM-640-AES_run04,active,15.423251,5.395,0.587537,3.169761,48.730557
FrodoKEM-640-AES_run04,active,15.436004,5.39625,0.588788,3.177249,48.771074
FrodoKEM-640-AES_run04,active,15.448757,5.39625,0.584318,3.153128,48.811288
FrodoKEM-640-AES_run04,active,15.461501,5.39625,0.584855,3.156023,48.851509
FrodoKEM-640-AES_run04,active,15.474247,5.39625,0.588788,3.177249,48.892004
FrodoKEM-640-AES_run04,active,15.486993,5.39625,0.585749,3.160847,48.932294
FrodoKEM-640-AES_run04,active,15.499738,5.39875,0.585212,3.159415,48.97256
FrodoKEM-640-AES_run04,active,15.512482,5.4,0.584497,3.156285,49.012783
FrodoKEM-640-AES_run04,active,15.525226,5.39625,0.588788,3.177249,49.053276
FrodoKEM-640-AES_run04,active,15.537977,5.39625,0.585034,3.156988,49.093528
FrodoKEM-640-AES_run04,active,15.550729,5.39625,0.584855,3.156023,49.133775
FrodoKEM-640-AES_run04,active,15.563473,5.4,0.585212,3.160147,49.174049
FrodoKEM-640-AES_run04,active,15.576216,5.39625,0.589146,3.179179,49.214559
FrodoKEM-640-AES_run04,active,15.588959,5.39625,0.584855,3.156023,49.254778
FrodoKEM-640-AES_run04,active,15.601705,5.39375,0.585391,3.157454,49.295024
FrodoKEM-640-AES_run04,active,15.61445,5.395,0.588431,3.174584,49.335483
FrodoKEM-640-AES_run04,active,15.627198,5.39875,0.589325,3.181617,49.37604
FrodoKEM-640-AES_run04,active,15.639951,5.39625,0.585749,3.160847,49.416351
FrodoKEM-640-AES_run04,active,15.652701,5.38,0.584497,3.144595,49.456446
FrodoKEM-640-AES_run04,active,15.665447,5.39875,0.590755,3.18934,49.497096
FrodoKEM-640-AES_run04,active,15.678192,5.3975,0.584676,3.155789,49.537319
FrodoKEM-640-AES_run04,active,15.690941,5.39625,0.585034,3.156988,49.577567
FrodoKEM-640-AES_run04,active,15.703688,5.3975,0.582709,3.145173,49.617657
FrodoKEM-640-AES_run04,active,15.716433,5.3975,0.586643,3.166405,49.658012
FrodoKEM-640-AES_run04,active,15.729178,5.39625,0.584676,3.155058,49.698225
FrodoKEM-640-AES_run04,active,15.741932,5.39875,0.587,3.169068,49.738643
FrodoKEM-640-AES_run04,active,15.754688,5.39625,0.588431,3.17532,49.779146
FrodoKEM-640-AES_run04,active,15.767433,5.39625,0.589861,3.183039,49.819714
FrodoKEM-640-AES_run04,active,15.780177,5.39625,0.584855,3.156023,49.859936
FrodoKEM-640-AES_run04,active,15.792922,5.39375,0.582173,3.140095,49.899955
FrodoKEM-640-AES_run04,active,15.805668,5.39625,0.590398,3.185933,49.940562
FrodoKEM-640-AES_run04,active,15.818412,5.3975,0.585212,3.158684,49.980817
FrodoKEM-640-AES_run04,active,15.831158,5.39625,0.581279,3.136726,50.020799
FrodoKEM-640-AES_run04,active,15.843908,5.39625,0.585391,3.158917,50.061075
FrodoKEM-640-AES_run04,active,15.856659,5.39375,0.58861,3.174813,50.101557
FrodoKEM-640-AES_run04,active,15.869405,5.39625,0.584497,3.154093,50.141759
FrodoKEM-640-AES_run04,active,15.88215,5.39875,0.582709,3.145901,50.181853
FrodoKEM-640-AES_run04,active,15.894895,5.395,0.588967,3.177478,50.22235
FrodoKEM-640-AES_run04,active,15.907641,5.39625,0.588431,3.17532,50.262822
FrodoKEM-640-AES_run04,active,15.920418,5.3975,0.585212,3.158684,50.303182
FrodoKEM-640-AES_run04,active,15.933169,5.39625,0.584676,3.155058,50.343412
FrodoKEM-640-AES_run04,active,15.945922,5.39875,0.588788,3.178721,50.383951
FrodoKEM-640-AES_run04,active,15.958674,5.3975,0.585212,3.158684,50.424229
FrodoKEM-640-AES_run04,active,15.971418,5.39875,0.586106,3.164242,50.464556
FrodoKEM-640-AES_run04,active,15.984162,5.395,0.585034,3.156256,50.504779
FrodoKEM-640-AES_run04,active,15.996907,5.39625,0.588967,3.178214,50.545285
FrodoKEM-640-AES_run04,active,16.009653,5.3975,0.585212,3.158684,50.585546
FrodoKEM-640-AES_run04,active,16.022397,5.3975,0.585034,3.157719,50.625787
FrodoKEM-640-AES_run04,active,16.035142,5.39625,0.589325,3.180144,50.666319
FrodoKEM-640-AES_run04,active,16.047892,5.395,0.588788,3.176513,50.70682
FrodoKEM-640-AES_run04,active,16.060641,5.39625,0.585034,3.156988,50.747067
FrodoKEM-640-AES_run04,active,16.073387,5.39375,0.585212,3.156489,50.7873
FrodoKEM-640-AES_run04,active,16.086132,5.39625,0.588967,3.178214,50.827807
FrodoKEM-640-AES_run04,active,16.098878,5.39625,0.585212,3.157952,50.868058
FrodoKEM-640-AES_run04,active,16.111623,5.37625,0.585212,3.146248,50.908157
FrodoKEM-640-AES_run04,active,16.124392,5.39625,0.585391,3.158917,50.948491
FrodoKEM-640-AES_run04,active,16.137144,5.39625,0.588431,3.17532,50.988984
FrodoKEM-640-AES_run04,active,16.149896,5.3975,0.585212,3.158684,51.029264
FrodoKEM-640-AES_run04,active,16.16265,5.395,0.586106,3.162044,51.069593
FrodoKEM-640-AES_run04,active,16.175397,5.3975,0.588431,3.176055,51.110077
FrodoKEM-640-AES_run04,active,16.188142,5.3975,0.588967,3.17895,51.150594
FrodoKEM-640-AES_run04,active,16.200886,5.39625,0.585749,3.160847,51.190876
FrodoKEM-640-AES_run04,active,16.213631,5.39625,0.584855,3.156023,51.231099
FrodoKEM-640-AES_run04,active,16.226376,5.39875,0.590398,3.187409,51.271723
FrodoKEM-640-AES_run04,active,16.239121,5.39625,0.584855,3.156023,51.311946
FrodoKEM-640-AES_run04,active,16.251874,5.39875,0.579133,3.126595,51.351818
FrodoKEM-640-AES_run04,active,16.264622,5.3975,0.585749,3.161579,51.392123
FrodoKEM-640-AES_run04,active,16.277367,5.39625,0.588431,3.17532,51.432591
FrodoKEM-640-AES_run04,active,16.290111,5.39625,0.584855,3.156023,51.472813
FrodoKEM-640-AES_run04,active,16.302858,5.395,0.583603,3.148539,51.512946
FrodoKEM-640-AES_run04,active,16.315604,5.395,0.587179,3.167832,51.553325
FrodoKEM-640-AES_run04,active,16.32835,5.3975,0.588073,3.174125,51.59378
FrodoKEM-640-AES_run04,active,16.34114,5.39625,0.583424,3.148304,51.63405
FrodoKEM-640-AES_run04,active,16.35391,5.39875,0.585034,3.15845,51.674383
FrodoKEM-640-AES_run04,active,16.366663,5.3975,0.588431,3.176055,51.714887
FrodoKEM-640-AES_run04,active,16.37941,5.3975,0.587894,3.17316,51.755333
FrodoKEM-640-AES_run04,active,16.392157,5.3975,0.586822,3.16737,51.795709
FrodoKEM-640-AES_run04,active,16.4049,5.39375,0.584855,3.154561,51.835909
FrodoKEM-640-AES_run04,active,16.417651,5.3975,0.588788,3.177985,51.87643
FrodoKEM-640-AES_run04,active,16.430397,5.39625,0.585212,3.157952,51.91668
FrodoKEM-640-AES_run04,active,16.443144,5.39125,0.585391,3.15599,51.95691
FrodoKEM-640-AES_run04,active,16.455895,5.39625,0.585928,3.161812,51.997225
FrodoKEM-640-AES_run04,active,16.468643,5.39625,0.588967,3.178214,52.037743
FrodoKEM-640-AES_run04,active,16.48139,5.39125,0.586106,3.159846,52.07802
FrodoKEM-640-AES_run04,active,16.494135,5.3975,0.584855,3.156754,52.118254
FrodoKEM-640-AES_run04,active,16.50688,5.39375,0.588073,3.17192,52.15868
FrodoKEM-640-AES_run04,active,16.519627,5.3975,0.585212,3.158684,52.198944
FrodoKEM-640-AES_run04,active,16.5324,5.40625,0.584676,3.160905,52.239317
FrodoKEM-640-AES_run04,active,16.545151,5.39625,0.585212,3.157952,52.279585
FrodoKEM-640-AES_run04,active,16.557903,5.39375,0.588788,3.175777,52.320082
FrodoKEM-640-AES_run04,active,16.570654,5.39625,0.58557,3.159882,52.360374
FrodoKEM-640-AES_run04,active,16.583398,5.38625,0.584676,3.149211,52.400507
FrodoKEM-640-AES_run04,active,16.596142,5.39625,0.585391,3.158917,52.440764
FrodoKEM-640-AES_run04,active,16.611506,5.3975,0.586643,3.166405,52.489414
FrodoKEM-640-AES_run04,active,16.624265,5.39875,0.584497,3.155554,52.529675
FrodoKEM-640-AES_run04,active,16.637013,5.3975,0.586464,3.165439,52.570027
FrodoKEM-640-AES_run04,active,16.649759,5.39625,0.588788,3.177249,52.610526
FrodoKEM-640-AES_run04,active,16.662543,5.385,0.580385,3.125372,52.650481
FrodoKEM-640-AES_run04,active,16.675336,5.3975,0.587179,3.1693,52.691024
FrodoKEM-640-AES_run04,active,16.688084,5.39875,0.585928,3.163277,52.73135
FrodoKEM-640-AES_run04,active,16.700833,5.39875,0.589325,3.181617,52.771912
FrodoKEM-640-AES_run04,active,16.713579,5.39625,0.584676,3.155058,52.812127
FrodoKEM-640-AES_run04,active,16.726326,5.3975,0.585212,3.158684,52.852391
FrodoKEM-640-AES_run04,active,16.739073,5.39625,0.589325,3.180144,52.892927
FrodoKEM-640-AES_run04,active,16.751839,5.39625,0.588431,3.17532,52.933465
FrodoKEM-640-AES_run04,active,16.764606,5.39625,0.585391,3.158917,52.973795
FrodoKEM-640-AES_run04,active,16.777357,5.3975,0.58557,3.160614,53.014095
FrodoKEM-640-AES_run04,active,16.790101,5.39625,0.588788,3.177249,53.054587
FrodoKEM-640-AES_run04,active,16.802849,5.4025,0.584676,3.158712,53.094853
FrodoKEM-640-AES_run04,active,16.815594,5.39625,0.585749,3.160847,53.13514
FrodoKEM-640-AES_run04,active,16.828339,5.3975,0.585212,3.158684,53.175395
FrodoKEM-640-AES_run04,active,16.841115,5.39625,0.588967,3.178214,53.216002
FrodoKEM-640-AES_run04,active,16.853861,5.3975,0.584855,3.156754,53.256238
FrodoKEM-640-AES_run04,active,16.866611,5.38,0.584497,3.144595,53.296331
FrodoKEM-640-AES_run04,active,16.879362,5.39625,0.588252,3.174355,53.336808
FrodoKEM-640-AES_run04,active,16.892107,5.40125,0.59004,3.186954,53.377423
FrodoKEM-640-AES_run04,active,16.904852,5.3975,0.587358,3.170265,53.417828
FrodoKEM-640-AES_run04,active,16.917596,5.39625,0.586106,3.162777,53.458136
FrodoKEM-640-AES_run04,active,16.930344,5.3975,0.589146,3.179916,53.498673
FrodoKEM-640-AES_run04,active,16.943091,5.39625,0.581636,3.138655,53.538681
FrodoKEM-640-AES_run04,active,16.955835,5.39875,0.586285,3.165207,53.57902
FrodoKEM-640-AES_run04,active,16.968587,5.39875,0.585034,3.15845,53.619295
FrodoKEM-640-AES_run04,active,16.981335,5.3975,0.587179,3.1693,53.659699
FrodoKEM-640-AES_run04,active,16.994078,5.39625,0.587358,3.169531,53.700089
FrodoKEM-640-AES_run04,active,17.006826,5.395,0.587179,3.167832,53.74047
FrodoKEM-640-AES_run04,active,17.01957,5.395,0.587,3.166867,53.78083
FrodoKEM-640-AES_run04,active,17.032316,5.3975,0.590576,3.187636,53.82146
FrodoKEM-640-AES_run04,active,17.045062,5.39625,0.585928,3.161812,53.861759
FrodoKEM-640-AES_run04,active,17.057806,5.395,0.585212,3.157221,53.901996
FrodoKEM-640-AES_run04,active,17.070559,5.3975,0.586643,3.166405,53.942376
FrodoKEM-640-AES_run04,active,17.083307,5.3975,0.584676,3.155789,53.982606
FrodoKEM-640-AES_run04,active,17.096052,5.39625,0.585034,3.156988,54.022843
FrodoKEM-640-AES_run04,active,17.108798,5.3975,0.585391,3.159649,54.063116
FrodoKEM-640-AES_run04,active,17.121541,5.38875,0.582173,3.137184,54.103093
FrodoKEM-640-AES_run04,active,17.134297,5.395,0.584855,3.155292,54.143341
FrodoKEM-640-AES_run04,active,17.147047,5.39375,0.585034,3.155525,54.183573
FrodoKEM-640-AES_run04,active,17.159829,5.3975,0.590755,3.188601,54.224331
FrodoKEM-640-AES_run04,active,17.172582,5.3975,0.589682,3.182811,54.264923
FrodoKEM-640-AES_run04,active,17.185333,5.39625,0.585034,3.156988,54.305175
FrodoKEM-640-AES_run04,active,17.19808,5.39375,0.586106,3.161311,54.345473
FrodoKEM-640-AES_run04,active,17.210829,5.39625,0.587894,3.172425,54.385917
FrodoKEM-640-AES_run04,active,17.223572,5.3925,0.585034,3.154794,54.426118
FrodoKEM-640-AES_run04,active,17.236318,5.3975,0.584855,3.156754,54.466356
FrodoKEM-640-AES_run04,active,17.249065,5.39625,0.585212,3.157952,54.506612
FrodoKEM-640-AES_run04,active,17.261809,5.39375,0.588788,3.175777,54.547083
FrodoKEM-640-AES_run04,active,17.274569,5.39625,0.585212,3.157952,54.587379
FrodoKEM-640-AES_run04,active,17.28732,5.39375,0.585391,3.157454,54.627638
FrodoKEM-640-AES_run04,active,17.300067,5.39625,0.586643,3.165671,54.667991
FrodoKEM-640-AES_run04,active,17.312816,5.4025,0.587716,3.175134,54.70847
FrodoKEM-640-AES_run04,active,17.325562,5.39125,0.586285,3.16081,54.748757
FrodoKEM-640-AES_run04,active,17.338313,5.39625,0.585391,3.158917,54.789037
FrodoKEM-640-AES_run04,active,17.351071,5.39375,0.588431,3.173849,54.829531
FrodoKEM-640-AES_run04,active,17.363844,5.3975,0.588252,3.17509,54.870084
FrodoKEM-640-AES_run04,active,17.3766,5.39625,0.583424,3.148304,54.910246
FrodoKEM-640-AES_run04,active,17.389349,5.39625,0.585391,3.158917,54.950518
FrodoKEM-640-AES_run04,active,17.402126,5.38625,0.589325,3.174251,54.991077
FrodoKEM-640-AES_run04,active,17.414965,5.395,0.585212,3.157221,55.031611
FrodoKEM-640-AES_run04,active,17.427714,5.39375,0.586285,3.162276,55.071929
FrodoKEM-640-AES_run04,active,17.440469,5.3925,0.585212,3.155758,55.112178
FrodoKEM-640-AES_run04,active,17.453216,5.39625,0.592543,3.197511,55.152938
FrodoKEM-640-AES_run04,active,17.465965,5.3975,0.587179,3.1693,55.193342
FrodoKEM-640-AES_run04,active,17.478745,5.39625,0.585212,3.157952,55.233701
FrodoKEM-640-AES_run04,active,17.491497,5.39625,0.587,3.167601,55.274095
FrodoKEM-640-AES_run04,active,17.504244,5.39625,0.585749,3.160847,55.314386
FrodoKEM-640-AES_run04,active,17.516991,5.3975,0.584855,3.156754,55.354625
FrodoKEM-640-AES_run04,active,17.529737,5.39375,0.58557,3.158418,55.394882
FrodoKEM-640-AES_run04,active,17.542521,5.39625,0.588252,3.174355,55.435463
FrodoKEM-640-AES_run04,active,17.555269,5.39625,0.585391,3.158917,55.475735
FrodoKEM-640-AES_run04,active,17.568013,5.39875,0.585391,3.160381,55.516009
FrodoKEM-640-AES_run04,active,17.580766,5.3975,0.585212,3.158684,55.556292
FrodoKEM-640-AES_run04,active,17.593517,5.3975,0.589146,3.179916,55.596839
FrodoKEM-640-AES_run04,active,17.606263,5.39875,0.585391,3.160381,55.637121
FrodoKEM-640-AES_run04,active,17.619011,5.39625,0.584497,3.154093,55.67733
FrodoKEM-640-AES_run04,active,17.631757,5.3925,0.588252,3.172149,55.717761
FrodoKEM-640-AES_run04,active,17.644502,5.39625,0.589504,3.181109,55.758305
FrodoKEM-640-AES_run04,active,17.65725,5.3975,0.585391,3.159649,55.798585
FrodoKEM-640-AES_run04,active,17.669996,5.3975,0.585212,3.158684,55.838845
FrodoKEM-640-AES_run04,active,17.682751,5.4,0.588431,3.177526,55.879374
FrodoKEM-640-AES_run04,active,17.6955,5.39625,0.585212,3.157952,55.919636
FrodoKEM-640-AES_run04,active,17.708246,5.395,0.588073,3.172655,55.960074
FrodoKEM-640-AES_run04,active,17.720992,5.39625,0.586643,3.165671,56.000425
FrodoKEM-640-AES_run04,active,17.733739,5.3875,0.588967,3.173061,56.04087
FrodoKEM-640-AES_run04,active,17.746516,5.3975,0.584676,3.155789,56.08119
FrodoKEM-640-AES_run04,active,17.759265,5.39625,0.584497,3.154093,56.121404
FrodoKEM-640-AES_run04,active,17.772012,5.3975,0.588252,3.17509,56.161876
FrodoKEM-640-AES_run04,active,17.784764,5.39625,0.588788,3.177249,56.202394
FrodoKEM-640-AES_run04,active,17.797515,5.39625,0.585391,3.158917,56.242672
FrodoKEM-640-AES_run04,active,17.810262,5.3975,0.585212,3.158684,56.282934
FrodoKEM-640-AES_run04,active,17.823008,5.39875,0.589146,3.180652,56.323476
FrodoKEM-640-AES_run04,active,17.835755,5.38875,0.584676,3.150673,56.363637
FrodoKEM-640-AES_run04,active,17.848502,5.3975,0.584855,3.156754,56.403876
FrodoKEM-640-AES_run04,active,17.861246,5.40125,0.586285,3.166673,56.444233
FrodoKEM-640-AES_run04,active,17.87399,5.39625,0.58861,3.176285,56.484713
FrodoKEM-640-AES_run04,active,17.88959,5.39875,0.585212,3.159415,56.533998
FrodoKEM-640-AES_run04,active,17.902361,5.395,0.5811,3.135035,56.574036
FrodoKEM-640-AES_run04,active,17.915117,5.3975,0.588788,3.177985,56.614574
FrodoKEM-640-AES_run04,active,17.927864,5.39625,0.585749,3.160847,56.654866
FrodoKEM-640-AES_run04,active,17.940612,5.39125,0.589325,3.177197,56.695367
FrodoKEM-640-AES_run04,active,17.95336,5.39875,0.585034,3.15845,56.735632
FrodoKEM-640-AES_run04,active,17.966105,5.39625,0.588967,3.178214,56.776138
FrodoKEM-640-AES_run04,active,17.978852,5.39375,0.585391,3.157454,56.816386
FrodoKEM-640-AES_run04,active,17.991606,5.39375,0.585034,3.155525,56.856632
FrodoKEM-640-AES_run04,active,18.004357,5.395,0.585212,3.157221,56.896889
FrodoKEM-640-AES_run04,active,18.01714,5.39125,0.58861,3.173342,56.937455
FrodoKEM-640-AES_run04,active,18.029887,5.3975,0.584855,3.156754,56.977694
FrodoKEM-640-AES_run04,active,18.042635,5.38625,0.584855,3.150174,57.017853
FrodoKEM-640-AES_run04,active,18.05538,5.39625,0.588431,3.17532,57.058322
FrodoKEM-640-AES_run04,active,18.068125,5.39875,0.588252,3.175825,57.098798
FrodoKEM-640-AES_run04,active,18.080872,5.3975,0.584855,3.156754,57.139038
FrodoKEM-640-AES_run04,active,18.093624,5.395,0.584676,3.154327,57.17926
FrodoKEM-640-AES_run04,active,18.106374,5.3975,0.588967,3.17895,57.219793
FrodoKEM-640-AES_run04,active,18.119122,5.39625,0.585391,3.158917,57.260062
FrodoKEM-640-AES_run04,active,18.131867,5.3975,0.585391,3.159649,57.300331
FrodoKEM-640-AES_run04,active,18.144612,5.39125,0.590934,3.185873,57.340935
FrodoKEM-640-AES_run04,active,18.157357,5.3975,0.594331,3.207903,57.381819
FrodoKEM-640-AES_run04,active,18.170103,5.39625,0.584855,3.156023,57.422047
FrodoKEM-640-AES_run04,active,18.18285,5.40125,0.585212,3.160878,57.46234
FrodoKEM-640-AES_run04,active,18.195603,5.3975,0.588967,3.17895,57.50288
FrodoKEM-640-AES_run04,active,18.208354,5.39625,0.585391,3.158917,57.54316
FrodoKEM-640-AES_run04,active,18.221141,5.39375,0.589861,3.181564,57.583842
FrodoKEM-640-AES_run04,active,18.233887,5.39625,0.585212,3.157952,57.624095
FrodoKEM-640-AES_run04,active,18.246636,5.3925,0.590398,3.183719,57.664683
FrodoKEM-640-AES_run04,active,18.259382,5.39375,0.585212,3.156489,57.704914
FrodoKEM-640-AES_run04,active,18.272127,5.39875,0.584497,3.155554,57.745132
FrodoKEM-640-AES_run04,active,18.284871,5.39625,0.584855,3.156023,57.785352
FrodoKEM-640-AES_run04,active,18.297625,5.39625,0.588788,3.177249,57.825876
FrodoKEM-640-AES_run04,active,18.310377,5.3975,0.585749,3.161579,57.866193
FrodoKEM-640-AES_run04,active,18.323124,5.3975,0.584497,3.154824,57.906408
FrodoKEM-640-AES_run04,active,18.335874,5.39625,0.588252,3.174355,57.94688
FrodoKEM-640-AES_run04,active,18.348635,5.39375,0.589504,3.179635,57.987454
FrodoKEM-640-AES_run04,active,18.361381,5.3975,0.581636,3.139382,58.027469
FrodoKEM-640-AES_run04,active,18.37413,5.39625,0.584676,3.155058,58.067693
FrodoKEM-640-AES_run04,active,18.386876,5.3975,0.58861,3.17702,58.108188
FrodoKEM-640-AES_run04,active,18.399629,5.39625,0.585391,3.158917,58.148474
FrodoKEM-640-AES_run04,active,18.412409,5.39375,0.584855,3.154561,58.188788
FrodoKEM-640-AES_run04,active,18.425157,5.395,0.585212,3.157221,58.229038
FrodoKEM-640-AES_run04,active,18.437904,5.39625,0.588252,3.174355,58.2695
FrodoKEM-640-AES_run04,active,18.450652,5.385,0.585212,3.151369,58.309674
FrodoKEM-640-AES_run04,active,18.463398,5.39625,0.58557,3.159882,58.34995
FrodoKEM-640-AES_run04,active,18.476142,5.3975,0.588431,3.176055,58.390426
FrodoKEM-640-AES_run04,active,18.488889,5.39875,0.585391,3.160381,58.43071
FrodoKEM-640-AES_run04,active,18.501639,5.39875,0.586285,3.165207,58.471068
FrodoKEM-640-AES_run04,active,18.514387,5.39625,0.584855,3.156023,58.511301
FrodoKEM-640-AES_run04,active,18.527135,5.39625,0.588788,3.177249,58.551803
FrodoKEM-640-AES_run04,active,18.539879,5.39625,0.585391,3.158917,58.592061
FrodoKEM-640-AES_run04,active,18.552624,5.39125,0.585391,3.15599,58.632285
FrodoKEM-640-AES_run04,active,18.565372,5.3975,0.587,3.168335,58.672673
FrodoKEM-640-AES_run04,active,18.578116,5.3975,0.588788,3.177985,58.713174
FrodoKEM-640-AES_run04,active,18.590863,5.39375,0.584855,3.154561,58.753386
FrodoKEM-640-AES_run04,active,18.603616,5.39625,0.58557,3.159882,58.793685
FrodoKEM-640-AES_run04,active,18.616365,5.3975,0.588431,3.176055,58.834175
FrodoKEM-640-AES_run04,active,18.629155,5.39625,0.58861,3.176285,58.8748
FrodoKEM-640-AES_run04,active,18.641902,5.4,0.587537,3.172699,58.915242
FrodoKEM-640-AES_run04,active,18.65465,5.3875,0.585212,3.152832,58.955436
FrodoKEM-640-AES_run04,active,18.667395,5.3975,0.588967,3.17895,58.995951
FrodoKEM-640-AES_run04,active,18.68014,5.395,0.584855,3.155292,59.036164
FrodoKEM-640-AES_run04,active,18.692885,5.395,0.585928,3.161079,59.076452
FrodoKEM-640-AES_run04,active,18.705637,5.39375,0.586822,3.165169,59.116816
FrodoKEM-640-AES_run04,active,18.718387,5.3975,0.589861,3.183776,59.157407
FrodoKEM-640-AES_run04,active,18.731134,5.39625,0.584676,3.155058,59.197626
FrodoKEM-640-AES_run04,active,18.743879,5.395,0.585391,3.158186,59.237877
FrodoKEM-640-AES_run04,active,18.756624,5.38875,0.590576,3.182469,59.278437
FrodoKEM-640-AES_run04,active,18.769369,5.39625,0.588788,3.177249,59.318933
FrodoKEM-640-AES_run04,active,18.782113,5.39625,0.586106,3.162777,59.359239
FrodoKEM-640-AES_run04,active,18.794859,5.395,0.585212,3.157221,59.39948
FrodoKEM-640-AES_run04,active,18.80761,5.36875,0.588431,3.159138,59.439762
FrodoKEM-640-AES_run04,active,18.820359,5.4,0.585391,3.161112,59.480061
FrodoKEM-640-AES_run04,active,18.833144,5.3975,0.585212,3.158684,59.520448
FrodoKEM-640-AES_run04,active,18.845891,5.3975,0.584676,3.155789,59.560673
FrodoKEM-640-AES_run04,active,18.858638,5.3875,0.590576,3.18173,59.60123
FrodoKEM-640-AES_run04,active,18.871384,5.39875,0.580921,3.136248,59.641206
FrodoKEM-640-AES_run04,active,18.884128,5.39625,0.585391,3.158917,59.681464
FrodoKEM-640-AES_run04,active,18.896874,5.39625,0.588788,3.177249,59.721959
FrodoKEM-640-AES_run04,active,18.909626,5.39625,0.588431,3.17532,59.762451
FrodoKEM-640-AES_run04,active,18.922376,5.395,0.583961,3.150469,59.802619
FrodoKEM-640-AES_run04,active,18.935122,5.39625,0.585391,3.158917,59.842885
FrodoKEM-640-AES_run04,active,18.947867,5.39625,0.588431,3.17532,59.883354
FrodoKEM-640-AES_run04,active,18.960612,5.39625,0.585749,3.160847,59.923637
FrodoKEM-640-AES_run04,active,18.973357,5.3975,0.586643,3.166405,59.963993
FrodoKEM-640-AES_run04,active,18.986104,5.39625,0.586285,3.163742,60.004322
FrodoKEM-640-AES_run04,active,18.99885,5.39625,0.588788,3.177249,60.044819
FrodoKEM-640-AES_run04,active,19.011602,5.4,0.587179,3.170768,60.085253
FrodoKEM-640-AES_run04,active,19.02435,5.3975,0.583603,3.149998,60.12541
FrodoKEM-640-AES_run04,active,19.037131,5.39875,0.587,3.169068,60.165912
FrodoKEM-640-AES_run04,active,19.049878,5.3975,0.588967,3.17895,60.206435
FrodoKEM-640-AES_run04,active,19.062626,5.39875,0.585212,3.159415,60.246713
FrodoKEM-640-AES_run04,active,19.075375,5.39625,0.585212,3.157952,60.286971
FrodoKEM-640-AES_run04,active,19.088119,5.395,0.58861,3.175549,60.327442
FrodoKEM-640-AES_run04,active,19.100867,5.39375,0.585749,3.159383,60.367716
FrodoKEM-640-AES_run04,active,19.113618,5.39375,0.584676,3.153596,60.407929
FrodoKEM-640-AES_run04,active,19.126367,5.395,0.587179,3.167832,60.448316
FrodoKEM-640-AES_run04,active,19.139114,5.39625,0.588431,3.17532,60.48879
FrodoKEM-640-AES_run04,active,19.151859,5.3975,0.585391,3.159649,60.529062
FrodoKEM-640-AES_run04,active,19.167392,5.3875,0.585212,3.152832,60.578034
FrodoKEM-640-AES_run04,active,19.180163,5.395,0.58557,3.15915,60.618378
FrodoKEM-640-AES_run04,active,19.192918,5.39375,0.588252,3.172884,60.658851
FrodoKEM-640-AES_run04,active,19.205667,5.39625,0.585034,3.156988,60.699099
FrodoKEM-640-AES_run04,active,19.218421,5.395,0.586285,3.163009,60.739438
FrodoKEM-640-AES_run04,active,19.231175,5.3925,0.587537,3.168292,60.779847
FrodoKEM-640-AES_run04,active,19.243919,5.395,0.584676,3.154327,60.820046
FrodoKEM-640-AES_run04,active,19.256664,5.39625,0.58557,3.159882,60.860319
FrodoKEM-640-AES_run04,active,19.269408,5.3725,0.584855,3.142132,60.900363
FrodoKEM-640-AES_run04,active,19.282157,5.3975,0.588967,3.17895,60.940891
FrodoKEM-640-AES_run04,active,19.294902,5.3975,0.585212,3.158684,60.981147
FrodoKEM-640-AES_run04,active,19.307649,5.3975,0.585749,3.161579,61.021448
FrodoKEM-640-AES_run04,active,19.320403,5.40375,0.588431,3.179733,61.062004
FrodoKEM-640-AES_run04,active,19.333157,5.39875,0.58861,3.177756,61.102533
FrodoKEM-640-AES_run04,active,19.345918,5.39875,0.587,3.169068,61.142971
FrodoKEM-640-AES_run04,active,19.358666,5.3975,0.584855,3.156754,61.183214
FrodoKEM-640-AES_run04,active,19.371411,5.39,0.588073,3.169715,61.223614
FrodoKEM-640-AES_run04,active,19.384159,5.3975,0.585212,3.158684,61.26388
FrodoKEM-640-AES_run04,active,19.396907,5.39875,0.587358,3.170999,61.304302
FrodoKEM-640-AES_run04,active,19.409654,5.3975,0.584676,3.155789,61.344531
FrodoKEM-640-AES_run04,active,19.422407,5.39625,0.588788,3.177249,61.38505
FrodoKEM-640-AES_run04,active,19.435158,5.39625,0.585212,3.157952,61.425317
FrodoKEM-640-AES_run04,active,19.447903,5.39625,0.591292,3.190757,61.465983
FrodoKEM-640-AES_run04,active,19.46065,5.39625,0.588252,3.174355,61.506446
FrodoKEM-640-AES_run04,active,19.473397,5.3875,0.587358,3.164391,61.546783
FrodoKEM-640-AES_run04,active,19.486144,5.39875,0.584318,3.154589,61.586994
FrodoKEM-640-AES_run04,active,19.498891,5.4025,0.582888,3.149052,61.627136
FrodoKEM-640-AES_run04,active,19.511639,5.39875,0.585391,3.160381,61.667423
FrodoKEM-640-AES_run04,active,19.524391,5.39875,0.585391,3.160381,61.707726
FrodoKEM-640-AES_run04,active,19.537142,5.39875,0.586643,3.167138,61.748111
FrodoKEM-640-AES_run04,active,19.549888,5.3975,0.58557,3.160614,61.788395
FrodoKEM-640-AES_run04,active,19.562637,5.39625,0.587894,3.172425,61.82884
FrodoKEM-640-AES_run04,active,19.575383,5.38875,0.58557,3.15549,61.869061
FrodoKEM-640-AES_run04,active,19.588131,5.39625,0.585212,3.157952,61.909318
FrodoKEM-640-AES_run04,active,19.600876,5.39875,0.590576,3.188374,61.949953
FrodoKEM-640-AES_run04,active,19.613622,5.3975,0.588967,3.17895,61.990471
FrodoKEM-640-AES_run04,active,19.626374,5.3975,0.585749,3.161579,62.03079
FrodoKEM-640-AES_run04,active,19.639123,5.39625,0.58557,3.159882,62.071075
FrodoKEM-640-AES_run04,active,19.651871,5.395,0.587358,3.168796,62.111468
FrodoKEM-640-AES_run04,active,19.664618,5.39625,0.584676,3.155058,62.151688
FrodoKEM-640-AES_run04,active,19.677364,5.39625,0.584676,3.155058,62.191902
FrodoKEM-640-AES_run04,active,19.690115,5.39375,0.587179,3.167098,62.232286
FrodoKEM-640-AES_run04,active,19.702873,5.395,0.58861,3.175549,62.2728
FrodoKEM-640-AES_run04,active,19.715619,5.3975,0.586285,3.164474,62.313133
FrodoKEM-640-AES_run04,active,19.728407,5.39625,0.585391,3.158917,62.353529
FrodoKEM-640-AES_run04,active,19.741157,5.3875,0.585749,3.155722,62.393766
FrodoKEM-640-AES_run04,active,19.753903,5.395,0.588431,3.174584,62.434227
FrodoKEM-640-AES_run04,active,19.76665,5.3975,0.584676,3.155789,62.474456
FrodoKEM-640-AES_run04,active,19.779397,5.3975,0.586106,3.163509,62.514781
FrodoKEM-640-AES_run04,active,19.792143,5.4025,0.588788,3.180929,62.555324
FrodoKEM-640-AES_run04,active,19.804889,5.3975,0.587,3.168335,62.59571
FrodoKEM-640-AES_run04,active,19.817637,5.39625,0.584855,3.156023,62.635941
FrodoKEM-640-AES_run04,active,19.83038,5.4,0.585391,3.161112,62.676223
FrodoKEM-640-AES_run04,active,19.84313,5.39125,0.588431,3.172378,62.71667
FrodoKEM-640-AES_run04,active,19.855875,5.3975,0.58557,3.160614,62.756952
FrodoKEM-640-AES_run04,active,19.868622,5.3975,0.585212,3.158684,62.797215
FrodoKEM-640-AES_run04,active,19.881367,5.4025,0.588788,3.180929,62.837758
FrodoKEM-640-AES_run04,active,19.894114,5.39625,0.588431,3.17532,62.878233
FrodoKEM-640-AES_run04,active,19.906861,5.39625,0.587179,3.168566,62.918624
FrodoKEM-640-AES_run04,active,19.919607,5.39625,0.584497,3.154093,62.958827
FrodoKEM-640-AES_run04,active,19.932361,5.39875,0.588788,3.178721,62.999368
FrodoKEM-640-AES_run04,active,19.945143,5.3975,0.587179,3.1693,63.039877
FrodoKEM-640-AES_run04,active,19.95789,5.39625,0.584855,3.156023,63.080106
FrodoKEM-640-AES_run04,active,19.970637,5.3975,0.585212,3.158684,63.120372
FrodoKEM-640-AES_run04,active,19.983383,5.39625,0.588788,3.177249,63.160867
FrodoKEM-640-AES_run04,active,19.996129,5.39625,0.583424,3.148304,63.200995
FrodoKEM-640-AES_run04,active,20.008874,5.395,0.586106,3.162044,63.241297
FrodoKEM-640-AES_run04,active,20.021621,5.40125,0.587537,3.173433,63.281748
FrodoKEM-640-AES_run04,active,20.034372,5.3975,0.588788,3.177985,63.322272
FrodoKEM-640-AES_run04,active,20.047124,5.3975,0.584676,3.155789,63.362514
FrodoKEM-640-AES_run04,active,20.059872,5.39625,0.582173,3.14155,63.402561
FrodoKEM-640-AES_run04,active,20.072617,5.3975,0.585928,3.162544,63.442869
FrodoKEM-640-AES_run04,active,20.085362,5.3975,0.589504,3.181846,63.483421
FrodoKEM-640-AES_run04,active,20.098109,5.39625,0.584855,3.156023,63.52365
FrodoKEM-640-AES_run04,active,20.110855,5.395,0.586464,3.163973,63.563979
FrodoKEM-640-AES_run04,active,20.123602,5.39625,0.588788,3.177249,63.604478
FrodoKEM-640-AES_run04,active,20.136353,5.39625,0.584855,3.156023,63.644722
FrodoKEM-640-AES_run04,active,20.149136,5.39625,0.585749,3.160847,63.685126
FrodoKEM-640-AES_run04,active,20.161882,5.39625,0.587894,3.172425,63.725563
FrodoKEM-640-AES_run04,active,20.174629,5.39625,0.588967,3.178214,63.766074
FrodoKEM-640-AES_run04,active,20.187374,5.4,0.584497,3.156285,63.8063
FrodoKEM-640-AES_run04,active,20.20012,5.39625,0.585212,3.157952,63.846552
FrodoKEM-640-AES_run04,active,20.212866,5.39625,0.588788,3.177249,63.887049
FrodoKEM-640-AES_run04,active,20.225613,5.3975,0.586106,3.163509,63.927375
FrodoKEM-640-AES_run04,active,20.238357,5.39625,0.585212,3.157952,63.967621
FrodoKEM-640-AES_run04,active,20.251105,5.4,0.582709,3.14663,64.007734
FrodoKEM-640-AES_run04,active,20.263851,5.3975,0.588252,3.17509,64.048202
FrodoKEM-640-AES_run04,active,20.276598,5.3975,0.587,3.168335,64.08859
FrodoKEM-640-AES_run04,active,20.289344,5.3975,0.584318,3.153859,64.128788
FrodoKEM-640-AES_run04,active,20.302091,5.395,0.583961,3.150469,64.168947
FrodoKEM-640-AES_run04,active,20.314838,5.39625,0.589504,3.181109,64.209499
FrodoKEM-640-AES_run04,active,20.327584,5.39625,0.584855,3.156023,64.249724
FrodoKEM-640-AES_run04,active,20.340342,5.39625,0.585212,3.157952,64.290014
FrodoKEM-640-AES_run04,active,20.353151,5.39625,0.587894,3.172425,64.33065
FrodoKEM-640-AES_run04,active,20.365898,5.3975,0.590755,3.188601,64.371295
FrodoKEM-640-AES_run04,active,20.378646,5.3975,0.584855,3.156754,64.411536
FrodoKEM-640-AES_run04,active,20.391391,5.40375,0.586285,3.168139,64.451915
FrodoKEM-640-AES_run04,active,20.404135,5.3975,0.588788,3.177985,64.492415
FrodoKEM-640-AES_run04,active,20.416881,5.395,0.585928,3.161079,64.532705
FrodoKEM-640-AES_run04,active,20.429626,5.3875,0.587,3.162465,64.573012
FrodoKEM-640-AES_run04,active,20.445193,5.39625,0.586285,3.163742,64.622262
FrodoKEM-640-AES_run04,active,20.457964,5.395,0.589325,3.179407,64.662864
FrodoKEM-640-AES_run04,active,20.470716,5.39625,0.583067,3.146374,64.702987
FrodoKEM-640-AES_run04,active,20.483461,5.395,0.586106,3.162044,64.74329
FrodoKEM-640-AES_run04,active,20.496205,5.39875,0.588431,3.176791,64.783775
FrodoKEM-640-AES_run04,active,20.508951,5.3975,0.585391,3.159649,64.824047
FrodoKEM-640-AES_run04,active,20.521696,5.3975,0.588967,3.17895,64.864562
FrodoKEM-640-AES_run04,active,20.53444,5.3975,0.585391,3.159649,64.904828
FrodoKEM-640-AES_run04,active,20.547193,5.395,0.588252,3.17362,64.945301
FrodoKEM-640-AES_run04,active,20.559941,5.3975,0.586822,3.16737,64.985679
FrodoKEM-640-AES_run04,active,20.572684,5.39875,0.585212,3.159415,65.025941
FrodoKEM-640-AES_run04,active,20.585429,5.3975,0.591292,3.191496,65.066614
FrodoKEM-640-AES_run04,active,20.598172,5.39625,0.588431,3.17532,65.107078
FrodoKEM-640-AES_run04,active,20.610916,5.39875,0.583424,3.149762,65.14722
FrodoKEM-640-AES_run04,active,20.623657,5.39625,0.584855,3.156023,65.187431
FrodoKEM-640-AES_run04,active,20.636401,5.395,0.588788,3.176513,65.227912
FrodoKEM-640-AES_run04,active,20.649151,5.39625,0.584855,3.156023,65.26815
FrodoKEM-640-AES_run04,active,20.6619,5.395,0.589146,3.178443,65.308674
FrodoKEM-640-AES_run04,active,20.674647,5.395,0.585391,3.158186,65.348932
FrodoKEM-640-AES_run04,active,20.68739,5.39875,0.588967,3.179687,65.38945
FrodoKEM-640-AES_run04,active,20.700135,5.39375,0.585212,3.156489,65.429677
FrodoKEM-640-AES_run04,active,20.71288,5.3975,0.585212,3.158684,65.469936
FrodoKEM-640-AES_run04,active,20.725625,5.39625,0.587179,3.168566,65.51032
FrodoKEM-640-AES_run04,active,20.738371,5.39625,0.588431,3.17532,65.550791
FrodoKEM-640-AES_run04,active,20.751123,5.395,0.581458,3.136964,65.590795
FrodoKEM-640-AES_run04,active,20.763871,5.39625,0.591113,3.189792,65.631459
FrodoKEM-640-AES_run04,active,20.776617,5.3975,0.588431,3.176055,65.671941
FrodoKEM-640-AES_run04,active,20.789362,5.39625,0.590219,3.184968,65.712533
FrodoKEM-640-AES_run04,active,20.802106,5.39625,0.587537,3.170495,65.752937
FrodoKEM-640-AES_run04,active,20.814853,5.39625,0.585212,3.157952,65.793191
FrodoKEM-640-AES_run04,active,20.827599,5.395,0.588431,3.174584,65.833653
FrodoKEM-640-AES_run04,active,20.840343,5.39625,0.582888,3.145409,65.87374
FrodoKEM-640-AES_run04,active,20.853129,5.39625,0.585212,3.157952,65.914116
FrodoKEM-640-AES_run04,active,20.865879,5.395,0.585749,3.160115,65.954409
FrodoKEM-640-AES_run04,active,20.878626,5.3975,0.588788,3.177985,65.994919
FrodoKEM-640-AES_run04,active,20.89137,5.39625,0.58557,3.159882,66.035189
FrodoKEM-640-AES_run04,active,20.904115,5.395,0.585391,3.158186,66.075439
FrodoKEM-640-AES_run04,active,20.91686,5.39875,0.588788,3.178721,66.115951
FrodoKEM-640-AES_run04,active,20.929605,5.39625,0.585391,3.158917,66.156212
FrodoKEM-640-AES_run04,active,20.942348,5.3975,0.585212,3.158684,66.196463
FrodoKEM-640-AES_run04,active,20.955099,5.39625,0.585391,3.158917,66.236744
FrodoKEM-640-AES_run04,active,20.967849,5.395,0.589861,3.182301,66.277317
FrodoKEM-640-AES_run04,active,20.980594,5.4,0.588431,3.177526,66.317815
FrodoKEM-640-AES_run04,active,20.993339,5.39625,0.584676,3.155058,66.358026
FrodoKEM-640-AES_run04,active,21.006083,5.39875,0.586106,3.164242,66.398353
FrodoKEM-640-AES_run04,active,21.01883,5.3975,0.589682,3.182811,66.438921
FrodoKEM-640-AES_run04,active,21.031574,5.39875,0.583961,3.152658,66.479101
FrodoKEM-640-AES_run04,active,21.044318,5.39625,0.586106,3.162777,66.519407
FrodoKEM-640-AES_run04,active,21.05707,5.39375,0.588073,3.17192,66.559855
FrodoKEM-640-AES_run04,active,21.069818,5.39625,0.591113,3.189792,66.600518
FrodoKEM-640-AES_run04,active,21.082566,5.4,0.584676,3.15725,66.640766
FrodoKEM-640-AES_run04,active,21.095309,5.395,0.585749,3.160115,66.681035
FrodoKEM-640-AES_run04,active,21.108052,5.39625,0.588431,3.17532,66.7215
FrodoKEM-640-AES_run04,active,21.120799,5.3975,0.58414,3.152893,66.761689
FrodoKEM-640-AES_run04,active,21.133544,5.395,0.587,3.166867,66.802052
FrodoKEM-640-AES_run04,active,21.146289,5.4,0.587537,3.172699,66.842488
FrodoKEM-640-AES_run04,active,21.159042,5.3975,0.589504,3.181846,66.883063
FrodoKEM-640-AES_run04,active,21.171822,5.3975,0.585212,3.158684,66.923432
FrodoKEM-640-AES_run04,active,21.184567,5.395,0.584855,3.155292,66.963647
FrodoKEM-640-AES_run04,active,21.19731,5.39625,0.588431,3.17532,67.004109
FrodoKEM-640-AES_run04,active,21.210054,5.3975,0.588788,3.177985,67.04461
FrodoKEM-640-AES_run04,active,21.222804,5.395,0.585391,3.158186,67.084877
FrodoKEM-640-AES_run04,active,21.235554,5.395,0.584497,3.153362,67.125083
FrodoKEM-640-AES_run04,active,21.248302,5.39625,0.588967,3.178214,67.165597
FrodoKEM-640-AES_run04,active,21.261045,5.3975,0.58253,3.144208,67.205665
FrodoKEM-640-AES_run04,active,21.273792,5.39625,0.58861,3.176285,67.246153
FrodoKEM-640-AES_run04,active,21.28654,5.3975,0.58557,3.160614,67.286444
FrodoKEM-640-AES_run04,active,21.299286,5.39625,0.58861,3.176285,67.32693
FrodoKEM-640-AES_run04,active,21.31203,5.39625,0.591649,3.192687,67.367618
FrodoKEM-640-AES_run04,active,21.324776,5.39625,0.585391,3.158917,67.40788
FrodoKEM-640-AES_run04,active,21.337526,5.3975,0.588252,3.17509,67.448362
FrodoKEM-640-AES_run04,active,21.350283,5.3975,0.589682,3.182811,67.488966
FrodoKEM-640-AES_run04,active,21.363041,5.3975,0.584497,3.154824,67.529215
FrodoKEM-640-AES_run04,active,21.375827,5.39625,0.585212,3.157952,67.569594
FrodoKEM-640-AES_run04,active,21.388573,5.395,0.588788,3.176513,67.610081
FrodoKEM-640-AES_run04,active,21.40132,5.395,0.581636,3.137928,67.650081
FrodoKEM-640-AES_run04,active,21.414066,5.39625,0.586643,3.165671,67.690429
FrodoKEM-640-AES_run04,active,21.426814,5.3975,0.585391,3.159649,67.730707
FrodoKEM-640-AES_run04,active,21.43956,5.39625,0.585749,3.160847,67.770997
FrodoKEM-640-AES_run04,active,21.452305,5.395,0.585034,3.156256,67.811222
FrodoKEM-640-AES_run04,active,21.465058,5.39625,0.585391,3.158917,67.851509
FrodoKEM-640-AES_run04,active,21.477807,5.395,0.589146,3.178443,67.892031
FrodoKEM-640-AES_run04,active,21.490555,5.395,0.588073,3.172655,67.932475
FrodoKEM-640-AES_run04,active,21.503298,5.395,0.585391,3.158186,67.972722
FrodoKEM-640-AES_run04,active,21.516044,5.3975,0.585391,3.159649,68.012993
FrodoKEM-640-AES_run04,active,21.528791,5.39625,0.588252,3.174355,68.053456
FrodoKEM-640-AES_run04,active,21.541535,5.39625,0.585928,3.161812,68.093753
FrodoKEM-640-AES_run04,active,21.554281,5.39625,0.584676,3.155058,68.133967
FrodoKEM-640-AES_run04,active,21.567035,5.39625,0.585749,3.160847,68.174281
FrodoKEM-640-AES_run04,active,21.57982,5.39625,0.589325,3.180144,68.214937
FrodoKEM-640-AES_run04,active,21.592567,5.39625,0.585212,3.157952,68.255192
FrodoKEM-640-AES_run04,active,21.605313,5.3975,0.587,3.168335,68.295577
FrodoKEM-640-AES_run04,active,21.61806,5.3975,0.588073,3.174125,68.336035
FrodoKEM-640-AES_run04,active,21.630809,5.39625,0.587894,3.172425,68.376481
FrodoKEM-640-AES_run04,active,21.643555,5.3975,0.584497,3.154824,68.416691
FrodoKEM-640-AES_run04,active,21.656299,5.39375,0.585749,3.159383,68.456955
FrodoKEM-640-AES_run04,active,21.669051,5.39625,0.589325,3.180144,68.497509
FrodoKEM-640-AES_run04,active,21.6818,5.385,0.585749,3.154257,68.537723
FrodoKEM-640-AES_run04,active,21.694549,5.3975,0.584676,3.155789,68.577956
FrodoKEM-640-AES_run04,active,21.707295,5.3975,0.585749,3.161579,68.618252
FrodoKEM-640-AES_run04,active,21.722879,5.39125,0.588431,3.172378,68.667692
FrodoKEM-640-AES_run04,active,21.735663,5.3975,0.585212,3.158684,68.708073
FrodoKEM-640-AES_run04,active,21.748411,5.39625,0.585391,3.158917,68.748344
FrodoKEM-640-AES_run04,active,21.761157,5.395,0.587894,3.17169,68.78877
FrodoKEM-640-AES_run04,active,21.773913,5.395,0.589682,3.181337,68.829349
FrodoKEM-640-AES_run04,active,21.786667,5.39625,0.586285,3.163742,68.869701
FrodoKEM-640-AES_run04,active,21.799412,5.39625,0.585212,3.157952,68.909949
FrodoKEM-640-AES_run04,active,21.812158,5.39875,0.588431,3.176791,68.950439
FrodoKEM-640-AES_run04,active,21.824902,5.39625,0.586643,3.165671,68.990783
FrodoKEM-640-AES_run04,active,21.837649,5.39625,0.587716,3.17146,69.03121
FrodoKEM-640-AES_run04,active,21.850396,5.39125,0.585391,3.15599,69.071437
FrodoKEM-640-AES_run04,active,21.863142,5.3975,0.588788,3.177985,69.111946
FrodoKEM-640-AES_run04,active,21.875893,5.3975,0.585212,3.158684,69.152223
FrodoKEM-640-AES_run04,active,21.888642,5.39625,0.584855,3.156023,69.192458
FrodoKEM-640-AES_run04,active,21.901391,5.39625,0.586643,3.165671,69.232816
FrodoKEM-640-AES_run04,active,21.914135,5.39625,0.585928,3.161812,69.273112
FrodoKEM-640-AES_run04,active,21.926882,5.3975,0.585212,3.158684,69.313375
FrodoKEM-640-AES_run04,active,21.93963,5.395,0.585034,3.156256,69.35361
FrodoKEM-640-AES_run04,active,21.952414,5.3975,0.588252,3.17509,69.3942
FrodoKEM-640-AES_run04,active,21.965163,5.39625,0.585212,3.157952,69.434461
FrodoKEM-640-AES_run04,active,21.977915,5.3975,0.585212,3.158684,69.474742
FrodoKEM-640-AES_run04,active,21.990668,5.39875,0.585749,3.162311,69.51507
FrodoKEM-640-AES_run04,active,22.003413,5.39625,0.589504,3.181109,69.555615
FrodoKEM-640-AES_run04,active,22.01616,5.39625,0.585749,3.160847,69.595904
FrodoKEM-640-AES_run04,active,22.028907,5.39625,0.585749,3.160847,69.636196
FrodoKEM-640-AES_run04,active,22.041653,5.3975,0.589325,3.180881,69.676741
FrodoKEM-640-AES_run04,active,22.054399,5.39625,0.589146,3.179179,69.717261
FrodoKEM-640-AES_run04,active,22.067145,5.39625,0.585391,3.158917,69.757525
FrodoKEM-640-AES_run04,active,22.079896,5.3975,0.584855,3.156754,69.797777
FrodoKEM-640-AES_run04,active,22.092646,5.3975,0.592543,3.198252,69.838553
FrodoKEM-640-AES_run04,active,22.105393,5.3925,0.585391,3.156722,69.878792
FrodoKEM-640-AES_run04,active,22.118138,5.39875,0.586285,3.165207,69.919134
FrodoKEM-640-AES_run04,active,22.130885,5.39625,0.585212,3.157952,69.95939
FrodoKEM-640-AES_run04,active,22.143634,5.39625,0.588967,3.178214,69.999908
FrodoKEM-640-AES_run04,active,22.156404,5.3975,0.585034,3.157719,70.040233
FrodoKEM-640-AES_run04,active,22.169153,5.3975,0.583961,3.151928,70.080415
FrodoKEM-640-AES_run04,active,22.181908,5.3975,0.590219,3.185706,70.121048
FrodoKEM-640-AES_run04,active,22.19466,5.39625,0.594152,3.206195,70.161935
FrodoKEM-640-AES_run04,active,22.207407,5.39625,0.585212,3.157952,70.202188
FrodoKEM-640-AES_run04,active,22.220153,5.39625,0.583067,3.146374,70.242294
FrodoKEM-640-AES_run04,active,22.232899,5.39625,0.588788,3.177249,70.282789
FrodoKEM-640-AES_run04,active,22.245647,5.39625,0.585391,3.158917,70.32306
FrodoKEM-640-AES_run04,active,22.258393,5.3975,0.586106,3.163509,70.363382
FrodoKEM-640-AES_run04,active,22.271139,5.395,0.5811,3.135035,70.403342
FrodoKEM-640-AES_run04,active,22.283896,5.39625,0.58861,3.176285,70.443862
FrodoKEM-640-AES_run04,active,22.296646,5.395,0.59004,3.183266,70.484447
FrodoKEM-640-AES_run04,active,22.30939,5.39625,0.585391,3.158917,70.524706
FrodoKEM-640-AES_run04,active,22.322135,5.39375,0.588431,3.173849,70.565156
FrodoKEM-640-AES_run04,active,22.334887,5.3975,0.58861,3.17702,70.60567
FrodoKEM-640-AES_run04,active,22.347647,5.39875,0.585391,3.160381,70.645995
FrodoKEM-640-AES_run04,active,22.360394,5.39625,0.585749,3.160847,70.686285
FrodoKEM-640-AES_run04,active,22.373139,5.39375,0.588967,3.176742,70.726774
FrodoKEM-640-AES_run04,active,22.385893,5.3975,0.586643,3.166405,70.767158
FrodoKEM-640-AES_run04,active,22.398651,5.39625,0.587179,3.168566,70.807581
FrodoKEM-640-AES_run04,active,22.411398,5.39125,0.585391,3.15599,70.847811
FrodoKEM-640-AES_run04,active,22.424144,5.39625,0.588967,3.178214,70.888323
FrodoKEM-640-AES_run04,active,22.436889,5.39625,0.585391,3.158917,70.928582
FrodoKEM-640-AES_run04,active,22.449636,5.39625,0.58557,3.159882,70.968861
FrodoKEM-640-AES_run04,active,22.462382,5.3975,0.587537,3.17123,71.009283
FrodoKEM-640-AES_run04,active,22.475128,5.3975,0.588967,3.17895,71.049802
FrodoKEM-640-AES_run04,active,22.487882,5.39625,0.585391,3.158917,71.09009
FrodoKEM-640-AES_run04,active,22.500632,5.39375,0.587,3.166133,71.130457
FrodoKEM-640-AES_run04,active,22.513378,5.39875,0.588788,3.178721,71.170974
FrodoKEM-640-AES_run04,active,22.526124,5.39625,0.587537,3.170495,71.211386
FrodoKEM-640-AES_run04,active,22.538873,5.39625,0.585212,3.157952,71.251646
FrodoKEM-640-AES_run04,active,22.551621,5.395,0.586285,3.163009,71.291967
FrodoKEM-640-AES_run04,active,22.564366,5.39625,0.589861,3.183039,71.332537
FrodoKEM-640-AES_run04,active,22.577157,5.3975,0.585391,3.159649,71.37295
FrodoKEM-640-AES_run04,active,22.589909,5.395,0.582173,3.140822,71.413003
FrodoKEM-640-AES_run04,active,22.602661,5.39625,0.588967,3.178214,71.453529
FrodoKEM-640-AES_run04,active,22.615403,5.395,0.588967,3.177478,71.494018
FrodoKEM-640-AES_run04,active,22.628147,5.3975,0.584855,3.156754,71.534248
FrodoKEM-640-AES_run04,active,22.640892,5.395,0.581815,3.138893,71.574252
FrodoKEM-640-AES_run04,active,22.653638,5.39875,0.589325,3.181617,71.614805
FrodoKEM-640-AES_run04,active,22.666381,5.39625,0.585391,3.158917,71.655061
FrodoKEM-640-AES_run04,active,22.679127,5.3975,0.587894,3.17316,71.695507
FrodoKEM-640-AES_run04,active,22.691875,5.3975,0.585391,3.159649,71.735786
FrodoKEM-640-AES_run04,active,22.704625,5.39625,0.593795,3.204265,71.776639
FrodoKEM-640-AES_run04,active,22.717371,5.39625,0.585212,3.157952,71.81689
FrodoKEM-640-AES_run04,active,22.730115,5.39625,0.586643,3.165671,71.857234
FrodoKEM-640-AES_run04,active,22.742861,5.39625,0.585034,3.156988,71.897472
FrodoKEM-640-AES_run04,active,22.755606,5.39625,0.588431,3.17532,71.937942
FrodoKEM-640-AES_run04,active,22.76835,5.3975,0.585749,3.161579,71.978234
FrodoKEM-640-AES_run04,active,22.781129,5.39875,0.582173,3.143005,72.018399
FrodoKEM-640-AES_run04,active,22.79388,5.39625,0.588788,3.177249,72.058911
FrodoKEM-640-AES_run04,active,22.806628,5.3975,0.594152,3.206938,72.099794
FrodoKEM-640-AES_run04,active,22.819376,5.39625,0.58557,3.159882,72.140075
FrodoKEM-640-AES_run04,active,22.83212,5.395,0.587,3.166867,72.180433
FrodoKEM-640-AES_run04,active,22.844863,5.39625,0.590934,3.188828,72.221069
FrodoKEM-640-AES_run04,active,22.857608,5.395,0.585212,3.157221,72.261307
FrodoKEM-640-AES_run04,active,22.870354,5.40125,0.585391,3.161844,72.301608
FrodoKEM-640-AES_run04,active,22.883101,5.3975,0.585212,3.158684,72.341871
FrodoKEM-640-AES_run04,active,22.89585,5.38875,0.588073,3.168979,72.382273
FrodoKEM-640-AES_run04,active,22.908602,5.3975,0.587894,3.17316,72.422738
FrodoKEM-640-AES_run04,active,22.921348,5.39375,0.585749,3.159383,72.463006
FrodoKEM-640-AES_run04,active,22.934092,5.39625,0.588788,3.177249,72.503499
FrodoKEM-640-AES_run04,active,22.946838,5.3975,0.585391,3.159649,72.543772
FrodoKEM-640-AES_run04,active,22.959583,5.39625,0.584855,3.156023,72.583994
FrodoKEM-640-AES_run04,active,22.972326,5.39375,0.586106,3.161311,72.624278
FrodoKEM-640-AES_run04,active,22.985074,5.39625,0.588431,3.17532,72.664757
FrodoKEM-640-AES_run04,active,23.000647,5.39375,0.583603,3.14781,72.713779
FrodoKEM-640-AES_run04,active,23.013419,5.3975,0.585391,3.159649,72.754133
FrodoKEM-640-AES_run04,active,23.026168,5.39625,0.589146,3.179179,72.794666
FrodoKEM-640-AES_run04,active,23.038914,5.3975,0.589504,3.181846,72.835222
FrodoKEM-640-AES_run04,active,23.051662,5.39375,0.58557,3.158418,72.875485
FrodoKEM-640-AES_run04,active,23.064452,5.39125,0.587358,3.166594,72.915985
FrodoKEM-640-AES_run04,active,23.077212,5.39625,0.589861,3.183039,72.956602
FrodoKEM-640-AES_run04,active,23.089962,5.39875,0.585391,3.160381,72.996895
FrodoKEM-640-AES_run04,active,23.102719,5.39625,0.585034,3.156988,73.037169
FrodoKEM-640-AES_run04,active,23.115472,5.39625,0.585212,3.157952,73.077442
FrodoKEM-640-AES_run04,active,23.128218,5.39625,0.588431,3.17532,73.117914
FrodoKEM-640-AES_run04,active,23.140965,5.39375,0.584855,3.154561,73.158127
FrodoKEM-640-AES_run04,active,23.153711,5.3975,0.585391,3.159649,73.198401
FrodoKEM-640-AES_run04,active,23.166488,5.39375,0.588967,3.176742,73.238988
FrodoKEM-640-AES_run04,active,23.17925,5.40125,0.588788,3.180193,73.279574
FrodoKEM-640-AES_run04,active,23.191993,5.40125,0.585034,3.159913,73.319842
FrodoKEM-640-AES_run04,active,23.204746,5.3975,0.585391,3.159649,73.360137
FrodoKEM-640-AES_run04,active,23.217498,5.39625,0.589325,3.180144,73.400689
FrodoKEM-640-AES_run04,active,23.230244,5.39625,0.585391,3.158917,73.440952
FrodoKEM-640-AES_run04,active,23.242992,5.3975,0.584855,3.156754,73.481194
FrodoKEM-640-AES_run04,active,23.255737,5.39625,0.585391,3.158917,73.521457
FrodoKEM-640-AES_run04,active,23.268487,5.3975,0.588967,3.17895,73.561987
FrodoKEM-640-AES_run04,active,23.281234,5.39875,0.584676,3.15652,73.602223
FrodoKEM-640-AES_run04,active,23.293978,5.39625,0.584497,3.154093,73.642419
FrodoKEM-640-AES_run04,active,23.306732,5.3975,0.589325,3.180881,73.682989
FrodoKEM-640-AES_run04,active,23.31948,5.39625,0.597371,3.223562,73.72408
FrodoKEM-640-AES_run04,active,23.332226,5.395,0.586106,3.162044,73.764385
FrodoKEM-640-AES_run04,active,23.344982,5.3975,0.585749,3.161579,73.804714
FrodoKEM-640-AES_run04,active,23.357728,5.39625,0.588073,3.17339,73.845162
FrodoKEM-640-AES_run04,active,23.370507,5.395,0.585034,3.156256,73.885496
FrodoKEM-640-AES_run04,active,23.383256,5.39875,0.584855,3.157485,73.92575
FrodoKEM-640-AES_run04,active,23.396018,5.39625,0.586106,3.162777,73.966115
FrodoKEM-640-AES_run04,active,23.409816,5.395,0.587,3.166867,74.009811
FrodoKEM-640-AES_run04,active,23.42268,5.39625,0.58414,3.152163,74.050361
FrodoKEM-640-AES_run04,active,23.435442,5.3975,0.585034,3.157719,74.090658
FrodoKEM-640-AES_run04,active,23.448202,5.39625,0.588431,3.17532,74.131177
FrodoKEM-640-AES_run04,active,23.460954,5.395,0.590934,3.188089,74.171831
FrodoKEM-640-AES_run04,active,23.473705,5.39625,0.585391,3.158917,74.212109
FrodoKEM-640-AES_run04,active,23.486444,5.39625,0.587,3.167601,74.252462
FrodoKEM-640-AES_run04,active,23.499193,5.39625,0.589682,3.182074,74.29303
FrodoKEM-640-AES_run04,active,23.511945,5.395,0.585212,3.157221,74.333291
FrodoKEM-640-AES_run04,active,23.524697,5.39625,0.587358,3.169531,74.373708
FrodoKEM-640-AES_run04,active,23.537439,5.39625,0.586285,3.163742,74.414022
FrodoKEM-640-AES_run04,active,23.550182,5.395,0.589682,3.181337,74.454562
FrodoKEM-640-AES_run04,active,23.562923,5.3975,0.585749,3.161579,74.494843
FrodoKEM-640-AES_run04,active,23.575665,5.3975,0.585749,3.161579,74.535127
FrodoKEM-640-AES_run04,active,23.588406,5.39625,0.589325,3.180144,74.575645
FrodoKEM-640-AES_run04,active,23.601146,5.4,0.588788,3.179457,74.616151
FrodoKEM-640-AES_run04,active,23.613894,5.39625,0.585212,3.157952,74.656409
FrodoKEM-640-AES_run04,active,23.626642,5.3975,0.585034,3.157719,74.696665
FrodoKEM-640-AES_run04,active,23.639383,5.3975,0.588431,3.176055,74.737131
FrodoKEM-640-AES_run04,active,23.652124,5.3975,0.585391,3.159649,74.777386
FrodoKEM-640-AES_run04,active,23.664867,5.39875,0.585212,3.159415,74.817647
FrodoKEM-640-AES_run04,active,23.677609,5.39625,0.585212,3.157952,74.857887
FrodoKEM-640-AES_run04,active,23.69035,5.4,0.588252,3.176561,74.89836
FrodoKEM-640-AES_run04,active,23.703094,5.3975,0.585391,3.159649,74.938624
FrodoKEM-640-AES_run04,active,23.715842,5.39625,0.585391,3.158917,74.978895
FrodoKEM-640-AES_run04,active,23.728587,5.39625,0.584855,3.156023,75.01912
FrodoKEM-640-AES_run04,active,23.741329,5.39625,0.592186,3.195582,75.059836
FrodoKEM-640-AES_run04,active,23.754068,5.39625,0.585212,3.157952,75.100067
FrodoKEM-640-AES_run04,active,23.76681,5.3975,0.585749,3.161579,75.140353
FrodoKEM-640-AES_run04,active,23.779551,5.39625,0.586106,3.162777,75.180649
FrodoKEM-640-AES_run04,active,23.79229,5.39625,0.585391,3.158917,75.220889
FrodoKEM-640-AES_run04,active,23.805031,5.39625,0.585034,3.156988,75.261112
FrodoKEM-640-AES_run04,active,23.817777,5.395,0.58557,3.15915,75.30138
FrodoKEM-640-AES_run04,active,23.830526,5.3975,0.595046,3.211763,75.342326
FrodoKEM-640-AES_run04,active,23.843266,5.39625,0.585034,3.156988,75.382544
FrodoKEM-640-AES_run04,active,23.856006,5.39625,0.585212,3.157952,75.422778
FrodoKEM-640-AES_run04,active,23.868745,5.395,0.583603,3.148539,75.462886
FrodoKEM-640-AES_run04,active,23.881484,5.39875,0.584318,3.154589,75.503073
FrodoKEM-640-AES_run04,active,23.894223,5.3975,0.584676,3.155789,75.543274
FrodoKEM-640-AES_run04,active,23.906964,5.39625,0.585391,3.158917,75.583522
FrodoKEM-640-AES_run04,active,23.919709,5.39375,0.587537,3.169027,75.623911
FrodoKEM-640-AES_run04,active,23.932453,5.3975,0.585749,3.161579,75.664204
FrodoKEM-640-AES_run04,active,23.945193,5.39875,0.586285,3.165207,75.704529
FrodoKEM-640-AES_run04,active,23.957931,5.39625,0.584855,3.156023,75.74473
FrodoKEM-640-AES_run04,active,23.970673,5.39875,0.588967,3.179687,75.785247
FrodoKEM-640-AES_run04,active,23.983414,5.3975,0.585212,3.158684,75.82549
FrodoKEM-640-AES_run04,active,23.996152,5.39625,0.585749,3.160847,75.865753
FrodoKEM-640-AES_run04,active,24.008892,5.3975,0.585212,3.158684,75.905994
FrodoKEM-640-AES_run04,active,24.021638,5.39625,0.589146,3.179179,75.946517
FrodoKEM-640-AES_run04,active,24.034381,5.39625,0.585212,3.157952,75.986759
FrodoKEM-640-AES_run04,active,24.047123,5.39625,0.58557,3.159882,76.027023
FrodoKEM-640-AES_run04,active,24.059863,5.3975,0.58861,3.17702,76.067496
FrodoKEM-640-AES_run04,active,24.072603,5.39875,0.589325,3.181617,76.108029
FrodoKEM-640-AES_run04,active,24.085344,5.39875,0.58557,3.161346,76.148308
FrodoKEM-640-AES_run04,active,24.098083,5.39625,0.586285,3.163742,76.188611
FrodoKEM-640-AES_run04,active,24.110823,5.39875,0.588788,3.178721,76.229108
FrodoKEM-640-AES_run04,active,24.123569,5.3975,0.585212,3.158684,76.269369
FrodoKEM-640-AES_run04,active,24.136313,5.3975,0.588252,3.17509,76.309832
FrodoKEM-640-AES_run04,active,24.149053,5.39375,0.586285,3.162276,76.350121
FrodoKEM-640-AES_run04,active,24.161793,5.395,0.588788,3.176513,76.390589
FrodoKEM-640-AES_run04,active,24.174534,5.395,0.584855,3.155292,76.43079
FrodoKEM-640-AES_run04,active,24.187274,5.395,0.584855,3.155292,76.470991
FrodoKEM-640-AES_run04,active,24.200013,5.3975,0.588073,3.174125,76.511426
FrodoKEM-640-AES_run04,active,24.212754,5.39625,0.58861,3.176285,76.551892
FrodoKEM-640-AES_run04,active,24.225499,5.395,0.585391,3.158186,76.592145
FrodoKEM-640-AES_run04,active,24.238242,5.395,0.585391,3.158186,76.63239
FrodoKEM-640-AES_run04,active,24.250983,5.39625,0.587,3.167601,76.672747
FrodoKEM-640-AES_run04,active,24.263721,5.39625,0.585034,3.156988,76.712962
FrodoKEM-640-AES_run04,active,24.279391,5.39625,0.587179,3.168566,76.762612
FrodoKEM-640-AES_run04,active,24.29216,5.3975,0.589146,3.179916,76.803215
FrodoKEM-640-AES_run04,active,24.304908,5.3975,0.590398,3.186671,76.84384
FrodoKEM-640-AES_run04,active,24.317652,5.395,0.58557,3.15915,76.884099
FrodoKEM-640-AES_run04,active,24.33039,5.40125,0.58557,3.16281,76.924389
FrodoKEM-640-AES_run04,active,24.34315,5.395,0.589861,3.182301,76.964996
FrodoKEM-640-AES_run04,active,24.355892,5.3975,0.585391,3.159649,77.005254
FrodoKEM-640-AES_run04,active,24.368633,5.39625,0.585391,3.158917,77.045504
FrodoKEM-640-AES_run04,active,24.381373,5.39625,0.585212,3.157952,77.085735
FrodoKEM-640-AES_run04,active,24.394113,5.3975,0.588967,3.17895,77.126237
FrodoKEM-640-AES_run04,active,24.406855,5.39625,0.584855,3.156023,77.166449
FrodoKEM-640-AES_run04,active,24.419595,5.40125,0.585212,3.160878,77.206718
FrodoKEM-640-AES_run04,active,24.432344,5.395,0.585212,3.157221,77.246969
FrodoKEM-640-AES_run04,active,24.445135,5.39625,0.589146,3.179179,77.287635
FrodoKEM-640-AES_run04,active,24.457877,5.39625,0.585391,3.158917,77.327886
FrodoKEM-640-AES_run04,active,24.470618,5.39875,0.583961,3.152658,77.368054
FrodoKEM-640-AES_run04,active,24.483357,5.3975,0.589146,3.179916,77.408564
FrodoKEM-640-AES_run04,active,24.4961,5.39625,0.585749,3.160847,77.448842
FrodoKEM-640-AES_run04,active,24.508841,5.395,0.585928,3.161079,77.489116
FrodoKEM-640-AES_run04,active,24.521579,5.395,0.586106,3.162044,77.529396
FrodoKEM-640-AES_run04,active,24.534326,5.3925,0.588788,3.175041,77.569868
FrodoKEM-640-AES_run04,active,24.547069,5.3825,0.584855,3.147981,77.609983
FrodoKEM-640-AES_run04,active,24.559832,5.40125,0.584497,3.157016,77.650276
FrodoKEM-640-AES_run04,active,24.572572,5.39625,0.59004,3.184003,77.690838
FrodoKEM-640-AES_run04,active,24.585311,5.3975,0.589504,3.181846,77.731372
FrodoKEM-640-AES_run04,active,24.598052,5.395,0.585928,3.161079,77.771649
FrodoKEM-640-AES_run04,active,24.61079,5.3975,0.587,3.168335,77.812007
FrodoKEM-640-AES_run04,active,24.623529,5.3975,0.588967,3.17895,77.852503
FrodoKEM-640-AES_run04,active,24.636274,5.39625,0.585212,3.157952,77.892752
FrodoKEM-640-AES_run04,active,24.649018,5.3975,0.583961,3.151928,77.932919
FrodoKEM-640-AES_run04,active,24.661758,5.39875,0.585212,3.159415,77.97317
FrodoKEM-640-AES_run04,active,24.674529,5.3975,0.588788,3.177985,78.013757
FrodoKEM-640-AES_run04,active,24.687271,5.39625,0.585749,3.160847,78.054031
FrodoKEM-640-AES_run04,active,24.700013,5.39625,0.583067,3.146374,78.094122
FrodoKEM-640-AES_run04,active,24.712752,5.395,0.585749,3.160115,78.13438
FrodoKEM-640-AES_run04,active,24.72549,5.39625,0.590755,3.187863,78.174987
FrodoKEM-640-AES_run04,active,24.738235,5.39625,0.584855,3.156023,78.215211
FrodoKEM-640-AES_run04,active,24.75098,5.395,0.585391,3.158186,78.255461
FrodoKEM-640-AES_run04,active,24.763719,5.39625,0.588788,3.177249,78.295937
FrodoKEM-640-AES_run04,active,24.776458,5.39625,0.589861,3.183039,78.336484
FrodoKEM-640-AES_run04,active,24.789196,5.395,0.582352,3.141787,78.376506
FrodoKEM-640-AES_run04,active,24.801936,5.3825,0.585212,3.149906,78.416636
FrodoKEM-640-AES_run04,active,24.814679,5.39875,0.58861,3.177756,78.457128
FrodoKEM-640-AES_run04,active,24.827417,5.3975,0.586106,3.163509,78.497425
FrodoKEM-640-AES_run04,active,24.840162,5.385,0.586285,3.157146,78.537664
FrodoKEM-640-AES_run04,active,24.852905,5.395,0.585749,3.160115,78.577934
FrodoKEM-640-AES_run04,active,24.865643,5.3975,0.590934,3.189566,78.618562
FrodoKEM-640-AES_run04,active,24.878382,5.3975,0.584676,3.155789,78.658762
FrodoKEM-640-AES_run04,active,24.891123,5.39875,0.585212,3.159415,78.699018
FrodoKEM-640-AES_run04,active,24.903863,5.3975,0.588431,3.176055,78.73948
FrodoKEM-640-AES_run04,active,24.916601,5.3975,0.586643,3.166405,78.779812
FrodoKEM-640-AES_run04,active,24.929337,5.395,0.585212,3.157221,78.820026
FrodoKEM-640-AES_run04,active,24.942074,5.39625,0.584855,3.156023,78.860223
FrodoKEM-640-AES_run04,active,24.954823,5.39625,0.588967,3.178214,78.900742
FrodoKEM-640-AES_run04,active,24.967561,5.39625,0.58557,3.159882,78.940993
FrodoKEM-640-AES_run04,active,24.980301,5.40125,0.586106,3.165707,78.981323
FrodoKEM-640-AES_run04,active,24.99304,5.395,0.586106,3.162044,79.021603
FrodoKEM-640-AES_run04,active,25.005778,5.39625,0.589146,3.179179,79.062102
FrodoKEM-640-AES_run04,active,25.01852,5.39375,0.584497,3.152632,79.10227
FrodoKEM-640-AES_run04,active,25.031258,5.395,0.585391,3.158186,79.1425
FrodoKEM-640-AES_run04,active,25.044002,5.39625,0.588252,3.174355,79.182953
FrodoKEM-640-AES_run04,active,25.056744,5.39875,0.58861,3.177756,79.223445
FrodoKEM-640-AES_run04,active,25.069482,5.39,0.589682,3.178388,79.263931
FrodoKEM-640-AES_run04,active,25.08222,5.39625,0.584855,3.156023,79.304133
FrodoKEM-640-AES_run04,active,25.094961,5.39625,0.588431,3.17532,79.344589
FrodoKEM-640-AES_run04,active,25.107702,5.39375,0.585212,3.156489,79.384807
FrodoKEM-640-AES_run04,active,25.12044,5.39625,0.590755,3.187863,79.425414
FrodoKEM-640-AES_run04,active,25.13318,5.3975,0.586285,3.164474,79.46573
FrodoKEM-640-AES_run04,active,25.145925,5.395,0.589682,3.181337,79.506277
FrodoKEM-640-AES_run04,active,25.158672,5.3975,0.584855,3.156754,79.546513
FrodoKEM-640-AES_run04,active,25.17141,5.3975,0.585212,3.158684,79.58675
FrodoKEM-640-AES_run04,active,25.184149,5.395,0.589325,3.179407,79.627251
FrodoKEM-640-AES_run04,active,25.196888,5.39625,0.593795,3.204265,79.668072
FrodoKEM-640-AES_run04,active,25.209627,5.385,0.584318,3.146555,79.708156
FrodoKEM-640-AES_run04,active,25.222381,5.39375,0.58557,3.158418,79.748437
FrodoKEM-640-AES_run04,active,25.235136,5.40375,0.588431,3.179733,79.788996
FrodoKEM-640-AES_run04,active,25.247883,5.3975,0.584318,3.153859,79.829198
FrodoKEM-640-AES_run04,active,25.26063,5.39875,0.586464,3.166173,79.869556
FrodoKEM-640-AES_run04,active,25.273371,5.3975,0.585212,3.158684,79.909802
FrodoKEM-640-AES_run04,active,25.28611,5.395,0.589861,3.182301,79.95034
FrodoKEM-640-AES_run04,active,25.29885,5.395,0.584318,3.152398,79.990504
FrodoKEM-640-AES_run04,active,25.31159,5.3875,0.585749,3.155722,80.030706
FrodoKEM-640-AES_run04,active,25.324329,5.39875,0.588967,3.179687,80.071213
FrodoKEM-640-AES_run04,active,25.337078,5.3975,0.589325,3.180881,80.111765
FrodoKEM-640-AES_run04,active,25.349849,5.4,0.585749,3.163044,80.152162
FrodoKEM-640-AES_run04,active,25.3626,5.39875,0.585391,3.160381,80.192459
FrodoKEM-640-AES_run04,active,25.375345,5.39625,0.589504,3.181109,80.233001
FrodoKEM-640-AES_run04,active,25.388088,5.39625,0.585749,3.160847,80.27328
FrodoKEM-640-AES_run04,active,25.40083,5.39625,0.586643,3.165671,80.313618
FrodoKEM-640-AES_run04,active,25.41357,5.38625,0.585928,3.155953,80.353824
FrodoKEM-640-AES_run04,active,25.426309,5.39625,0.590755,3.187863,80.394433
FrodoKEM-640-AES_run04,active,25.439048,5.3975,0.585212,3.158684,80.434674
FrodoKEM-640-AES_run04,active,25.451832,5.395,0.584855,3.155292,80.475009
FrodoKEM-640-AES_run04,active,25.464587,5.39625,0.588967,3.178214,80.515547
FrodoKEM-640-AES_run04,active,25.477329,5.39625,0.588967,3.178214,80.556045
FrodoKEM-640-AES_run04,active,25.490071,5.3925,0.585034,3.154794,80.596243
FrodoKEM-640-AES_run04,active,25.50281,5.39625,0.584855,3.156023,80.636449
FrodoKEM-640-AES_run04,active,25.515552,5.38875,0.589146,3.174761,80.676901
FrodoKEM-640-AES_run04,active,25.52829,5.395,0.585391,3.158186,80.71713
FrodoKEM-640-AES_run04,active,25.541029,5.3975,0.585391,3.159649,80.75738
FrodoKEM-640-AES_run04,active,25.556595,5.39625,0.585212,3.157952,80.806536
FrodoKEM-640-AES_run04,active,25.569362,5.39625,0.590934,3.188828,80.847249
FrodoKEM-640-AES_run04,active,25.582107,5.3975,0.584676,3.155789,80.88747
FrodoKEM-640-AES_run04,active,25.594848,5.3975,0.586106,3.163509,80.927776
FrodoKEM-640-AES_run04,active,25.607587,5.39625,0.588967,3.178214,80.968263
FrodoKEM-640-AES_run04,active,25.620326,5.39375,0.587716,3.169991,81.008645
FrodoKEM-640-AES_run04,active,25.633068,5.39625,0.586643,3.165671,81.048982
FrodoKEM-640-AES_run04,active,25.645804,5.3975,0.587179,3.1693,81.089348
FrodoKEM-640-AES_run04,active,25.658551,5.4025,0.588788,3.180929,81.129895
FrodoKEM-640-AES_run04,active,25.671294,5.395,0.584676,3.154327,81.170091
FrodoKEM-640-AES_run04,active,25.684032,5.39625,0.584855,3.156023,81.21029
FrodoKEM-640-AES_run04,active,25.696769,5.3975,0.584676,3.155789,81.250487
FrodoKEM-640-AES_run04,active,25.709508,5.39375,0.588788,3.175777,81.290943
FrodoKEM-640-AES_run04,active,25.722244,5.3975,0.584855,3.156754,81.331147
FrodoKEM-640-AES_run04,active,25.73498,5.3975,0.585391,3.159649,81.37139
FrodoKEM-640-AES_run04,active,25.747719,5.4,0.588252,3.176561,81.411853
FrodoKEM-640-AES_run04,active,25.760462,5.4,0.588431,3.177526,81.452347
FrodoKEM-640-AES_run04,active,25.773205,5.39625,0.585391,3.158917,81.4926
FrodoKEM-640-AES_run04,active,25.785942,5.37625,0.711266,3.823946,81.541306
FrodoKEM-640-AES_run04,active,25.798681,5.3975,0.588967,3.17895,81.581803
FrodoKEM-640-AES_run04,active,25.811416,5.39625,0.585391,3.158917,81.622032
FrodoKEM-640-AES_run04,active,25.824154,5.3825,0.587716,3.163379,81.662325
FrodoKEM-640-AES_run04,active,25.83689,5.39625,0.585212,3.157952,81.702545
FrodoKEM-640-AES_run04,active,25.849629,5.40125,0.592007,3.197577,81.74328
FrodoKEM-640-AES_run04,active,25.862375,5.39625,0.585749,3.160847,81.78357
FrodoKEM-640-AES_run04,active,25.875121,5.39875,0.584855,3.157485,81.823813
FrodoKEM-640-AES_run04,active,25.887858,5.39625,0.590219,3.184968,81.86438
FrodoKEM-640-AES_run04,active,25.900597,5.39625,0.595404,3.212949,81.905309
FrodoKEM-640-AES_run04,active,25.913335,5.3975,0.58557,3.160614,81.94557
FrodoKEM-640-AES_run04,active,25.926073,5.38375,0.586106,3.15545,81.985763
FrodoKEM-640-AES_run04,active,25.938813,5.39625,0.588967,3.178214,82.026254
FrodoKEM-640-AES_run04,active,25.951551,5.3975,0.585391,3.159649,82.066501
FrodoKEM-640-AES_run04,active,25.964294,5.39625,0.584855,3.156023,82.106719
FrodoKEM-640-AES_run04,active,25.977038,5.39625,0.585928,3.161812,82.147013
FrodoKEM-640-AES_run04,active,25.989777,5.39875,0.588431,3.176791,82.187482
FrodoKEM-640-AES_run04,active,26.002518,5.39875,0.585391,3.160381,82.227748
FrodoKEM-640-AES_run04,active,26.015257,5.39625,0.585749,3.160847,82.268016
FrodoKEM-640-AES_run04,active,26.027995,5.3825,0.585749,3.152793,82.308177
FrodoKEM-640-AES_run04,active,26.040734,5.3925,0.585212,3.155758,82.348377
FrodoKEM-640-AES_run04,active,26.053472,5.39875,0.58557,3.161346,82.388646
FrodoKEM-640-AES_run04,active,26.066217,5.39625,0.587179,3.168566,82.429028
FrodoKEM-640-AES_run04,active,26.078961,5.39875,0.588252,3.175825,82.4695
FrodoKEM-640-AES_run04,active,26.0917,5.39625,0.585391,3.158917,82.509742
FrodoKEM-640-AES_run04,active,26.104439,5.39875,0.584676,3.15652,82.549954
FrodoKEM-640-AES_run04,active,26.117177,5.39625,0.585749,3.160847,82.590218
FrodoKEM-640-AES_run04,active,26.129915,5.38375,0.585749,3.153525,82.630388
FrodoKEM-640-AES_run04,active,26.142656,5.39625,0.585212,3.157952,82.670621
FrodoKEM-640-AES_run04,active,26.155393,5.3975,0.586106,3.163509,82.710916
FrodoKEM-640-AES_run04,active,26.168137,5.39625,0.586643,3.165671,82.751259
FrodoKEM-640-AES_run04,active,26.18088,5.40375,0.588967,3.182632,82.791816
FrodoKEM-640-AES_run04,active,26.193619,5.3975,0.585391,3.159649,82.832065
FrodoKEM-640-AES_run04,active,26.206358,5.39625,0.587,3.167601,82.872417
FrodoKEM-640-AES_run04,active,26.219096,5.3925,0.589325,3.177934,82.912899
FrodoKEM-640-AES_run04,active,26.231836,5.3825,0.586643,3.157605,82.953127
FrodoKEM-640-AES_run04,active,26.244574,5.39625,0.585391,3.158917,82.993366
FrodoKEM-640-AES_run04,active,26.257312,5.395,0.583782,3.149504,83.033484
FrodoKEM-640-AES_run04,active,26.270058,5.40125,0.588252,3.177296,83.073982
FrodoKEM-640-AES_run04,active,26.282802,5.3975,0.585212,3.158684,83.114236
FrodoKEM-640-AES_run04,active,26.295542,5.39625,0.585212,3.157952,83.154467
FrodoKEM-640-AES_run04,active,26.308279,5.38875,0.585212,3.153563,83.194635
FrodoKEM-640-AES_run04,active,26.321018,5.39625,0.588431,3.17532,83.235085
FrodoKEM-640-AES_run04,active,26.333759,5.39625,0.583961,3.151198,83.275236
FrodoKEM-640-AES_run04,active,26.346513,5.39625,0.585391,3.158917,83.315523
FrodoKEM-640-AES_run04,active,26.359254,5.40125,0.586464,3.167639,83.355881
FrodoKEM-640-AES_run04,active,26.372,5.39625,0.585749,3.160847,83.39617
FrodoKEM-640-AES_run04,active,26.384747,5.3975,0.58557,3.160614,83.436458
FrodoKEM-640-AES_run04,active,26.397488,5.395,0.585391,3.158186,83.476698
FrodoKEM-640-AES_run04,active,26.410228,5.4,0.587179,3.170768,83.517092
FrodoKEM-640-AES_run04,active,26.422967,5.39875,0.586643,3.167138,83.557438
FrodoKEM-640-AES_run04,active,26.435705,5.395,0.585391,3.158186,83.597668
FrodoKEM-640-AES_run04,active,26.448443,5.39625,0.584855,3.156023,83.63787
FrodoKEM-640-AES_run04,active,26.461181,5.3975,0.585928,3.162544,83.678152
FrodoKEM-640-AES_run04,active,26.473925,5.3975,0.58557,3.160614,83.718431
FrodoKEM-640-AES_run04,active,26.486671,5.3975,0.586822,3.16737,83.758803
FrodoKEM-640-AES_run04,active,26.499414,5.395,0.590755,3.187124,83.799419
FrodoKEM-640-AES_run04,active,26.512157,5.3975,0.589504,3.181846,83.839963
FrodoKEM-640-AES_run04,active,26.524897,5.39875,0.587,3.169068,83.880337
FrodoKEM-640-AES_run04,active,26.537638,5.39375,0.585749,3.159383,83.920592
FrodoKEM-640-AES_run04,active,26.550375,5.39625,0.589325,3.180144,83.961098
FrodoKEM-640-AES_run04,active,26.563116,5.395,0.585749,3.160115,84.001359
FrodoKEM-640-AES_run04,active,26.575861,5.39375,0.586822,3.165169,84.041699
FrodoKEM-640-AES_run04,active,26.588605,5.39625,0.585212,3.157952,84.081944
FrodoKEM-640-AES_run04,active,26.601345,5.39625,0.589325,3.180144,84.122461
FrodoKEM-640-AES_run04,active,26.614084,5.39625,0.585749,3.160847,84.162726
FrodoKEM-640-AES_run04,active,26.626825,5.3975,0.587179,3.1693,84.203105
FrodoKEM-640-AES_run04,active,26.639563,5.39625,0.591292,3.190757,84.24375
FrodoKEM-640-AES_run04,active,26.652302,5.39625,0.589325,3.180144,84.284263
FrodoKEM-640-AES_run04,active,26.66504,5.3975,0.585749,3.161579,84.324535
FrodoKEM-640-AES_run04,active,26.677788,5.39625,0.585749,3.160847,84.364827
FrodoKEM-640-AES_run04,active,26.690536,5.395,0.590219,3.18423,84.40542
FrodoKEM-640-AES_run04,active,26.703275,5.39625,0.585034,3.156988,84.445636
FrodoKEM-640-AES_run04,active,26.716015,5.39375,0.58557,3.158418,84.485876
FrodoKEM-640-AES_run04,active,26.728756,5.3975,0.58557,3.160614,84.526145
FrodoKEM-640-AES_run04,active,26.741497,5.395,0.588788,3.176513,84.566619
FrodoKEM-640-AES_run04,active,26.754256,5.395,0.584676,3.154327,84.606865
FrodoKEM-640-AES_run04,active,26.767044,5.39625,0.586106,3.162777,84.647309
FrodoKEM-640-AES_run04,active,26.779846,5.3975,0.590219,3.185706,84.688091
FrodoKEM-640-AES_run04,active,26.792597,5.39625,0.589504,3.181109,84.728653
FrodoKEM-640-AES_run04,active,26.805339,5.3975,0.585391,3.159649,84.768916
FrodoKEM-640-AES_run04,active,26.818081,5.39875,0.585212,3.159415,84.809172
FrodoKEM-640-AES_run04,active,26.83361,5.39625,0.588788,3.177249,84.858513
FrodoKEM-640-AES_run04,active,26.84637,5.38375,0.587537,3.163151,84.898874
FrodoKEM-640-AES_run04,active,26.859116,5.3925,0.585928,3.159615,84.939145
FrodoKEM-640-AES_run04,active,26.871857,5.395,0.587,3.166867,84.979495
FrodoKEM-640-AES_run04,active,26.884605,5.39625,0.589504,3.181109,85.020049
FrodoKEM-640-AES_run04,active,26.897353,5.395,0.585749,3.160115,85.060332
FrodoKEM-640-AES_run04,active,26.910092,5.39625,0.582709,3.144445,85.10039
FrodoKEM-640-AES_run04,active,26.922833,5.39625,0.588967,3.178214,85.140882
FrodoKEM-640-AES_run04,active,26.935572,5.39625,0.58861,3.176285,85.181347
FrodoKEM-640-AES_run04,active,26.948312,5.395,0.585034,3.156256,85.221558
FrodoKEM-640-AES_run04,active,26.961051,5.39875,0.585391,3.160381,85.261817
FrodoKEM-640-AES_run04,active,26.973791,5.39625,0.588431,3.17532,85.302272
FrodoKEM-640-AES_run04,active,26.986539,5.3975,0.585391,3.159649,85.342551
FrodoKEM-640-AES_run04,active,26.999284,5.39375,0.584855,3.154561,85.382756
FrodoKEM-640-AES_run04,active,27.012028,5.39625,0.585391,3.158917,85.423012
FrodoKEM-640-AES_run04,active,27.024768,5.395,0.588967,3.177478,85.463493
FrodoKEM-640-AES_run04,active,27.037507,5.39875,0.585391,3.160381,85.503753
FrodoKEM-640-AES_run04,active,27.05025,5.39625,0.584318,3.153128,85.543932
FrodoKEM-640-AES_run04,active,27.062991,5.39625,0.58861,3.176285,85.584402
FrodoKEM-640-AES_run04,active,27.075729,5.395,0.585749,3.160115,85.624657
FrodoKEM-640-AES_run04,active,27.088476,5.395,0.584855,3.155292,85.664876
FrodoKEM-640-AES_run04,active,27.10122,5.395,0.585749,3.160115,85.705148
FrodoKEM-640-AES_run04,active,27.11396,5.3975,0.588788,3.177985,85.745637
FrodoKEM-640-AES_run04,active,27.126703,5.3975,0.585749,3.161579,85.785926
FrodoKEM-640-AES_run04,active,27.139441,5.39875,0.580742,3.135283,85.825863
FrodoKEM-640-AES_run04,active,27.152182,5.39625,0.585749,3.160847,85.866135
FrodoKEM-640-AES_run04,active,27.164927,5.39625,0.589325,3.180144,85.906665
FrodoKEM-640-AES_run04,active,27.177681,5.395,0.58557,3.15915,85.946957
FrodoKEM-640-AES_run04,active,27.190425,5.39625,0.587179,3.168566,85.987337
FrodoKEM-640-AES_run04,active,27.203193,5.39625,0.588788,3.177249,86.027903
FrodoKEM-640-AES_run04,active,27.215937,5.3975,0.588252,3.17509,86.068367
FrodoKEM-640-AES_run04,active,27.228679,5.39625,0.580742,3.133831,86.108299
FrodoKEM-640-AES_run04,active,27.24142,5.395,0.585391,3.158186,86.148538
FrodoKEM-640-AES_run04,active,27.254163,5.3975,0.588788,3.177985,86.189034
FrodoKEM-640-AES_run04,active,27.266903,5.39625,0.585391,3.158917,86.229278
FrodoKEM-640-AES_run04,active,27.279644,5.39625,0.584497,3.154093,86.269466
FrodoKEM-640-AES_run04,active,27.292391,5.39625,0.586285,3.163742,86.309794
FrodoKEM-640-AES_run04,active,27.305136,5.39625,0.591113,3.189792,86.350448
FrodoKEM-640-AES_run04,active,27.317877,5.3975,0.583961,3.151928,86.390605
FrodoKEM-640-AES_run04,active,27.330618,5.3975,0.583246,3.148068,86.430715
FrodoKEM-640-AES_run04,active,27.34337,5.39625,0.588788,3.177249,86.471231
FrodoKEM-640-AES_run04,active,27.356112,5.395,0.588967,3.177478,86.51172
FrodoKEM-640-AES_run04,active,27.368851,5.3975,0.580564,3.133592,86.551638
FrodoKEM-640-AES_run04,active,27.38159,5.3975,0.585212,3.158684,86.591877
FrodoKEM-640-AES_run04,active,27.394328,5.395,0.589504,3.180372,86.632388
FrodoKEM-640-AES_run04,active,27.407067,5.39625,0.585391,3.158917,86.672631
FrodoKEM-640-AES_run04,active,27.419849,5.39625,0.589861,3.183039,86.713314
FrodoKEM-640-AES_run04,active,27.43259,5.3975,0.585749,3.161579,86.753597
FrodoKEM-640-AES_run04,active,27.445329,5.3925,0.589682,3.179862,86.794105
FrodoKEM-640-AES_run04,active,27.458068,5.3975,0.585928,3.162544,86.834392
FrodoKEM-640-AES_run04,active,27.470808,5.39625,0.58557,3.159882,86.874651
FrodoKEM-640-AES_run04,active,27.483549,5.3975,0.588431,3.176055,86.915114
FrodoKEM-640-AES_run04,active,27.496296,5.39875,0.589682,3.183548,86.955696
FrodoKEM-640-AES_run04,active,27.509042,5.4,0.584855,3.158216,86.99595
FrodoKEM-640-AES_run04,active,27.521781,5.39625,0.58557,3.159882,87.036204
FrodoKEM-640-AES_run04,active,27.534526,5.39625,0.589146,3.179179,87.076724
FrodoKEM-640-AES_run04,active,27.547266,5.3975,0.58557,3.160614,87.116988
FrodoKEM-640-AES_run04,active,27.560005,5.4,0.587716,3.173664,87.15742
FrodoKEM-640-AES_run04,active,27.572748,5.39625,0.58557,3.159882,87.197684
FrodoKEM-640-AES_run04,active,27.585487,5.395,0.588788,3.176513,87.238152
FrodoKEM-640-AES_run04,active,27.598233,5.39375,0.585212,3.156489,87.278383
FrodoKEM-640-AES_run04,active,27.610978,5.395,0.58557,3.15915,87.318646
FrodoKEM-640-AES_run04,active,27.623718,5.39625,0.589146,3.179179,87.35915
FrodoKEM-640-AES_run04,active,27.636456,5.39625,0.588788,3.177249,87.399622
FrodoKEM-640-AES_run04,active,27.649196,5.39625,0.587358,3.169531,87.44
FrodoKEM-640-AES_run04,active,27.661937,5.39625,0.585749,3.160847,87.480272
FrodoKEM-640-AES_run04,active,27.674679,5.4,0.589325,3.182354,87.520824
FrodoKEM-640-AES_run04,active,27.687418,5.39625,0.58557,3.159882,87.561076
FrodoKEM-640-AES_run04,active,27.700162,5.3975,0.581636,3.139382,87.601087
FrodoKEM-640-AES_run04,active,27.712905,5.3975,0.586106,3.163509,87.641399
FrodoKEM-640-AES_run04,active,27.725645,5.3975,0.591113,3.190531,87.682046
FrodoKEM-640-AES_run04,active,27.738384,5.395,0.583603,3.148539,87.722153
FrodoKEM-640-AES_run04,active,27.751122,5.39875,0.584497,3.155554,87.762351
FrodoKEM-640-AES_run04,active,27.76386,5.39625,0.585749,3.160847,87.802613
FrodoKEM-640-AES_run04,active,27.776599,5.39625,0.588967,3.178214,87.843099
FrodoKEM-640-AES_run04,active,27.789337,5.3975,0.583603,3.149998,87.883225
FrodoKEM-640-AES_run04,active,27.802082,5.39625,0.58557,3.159882,87.923497
FrodoKEM-640-AES_run04,active,27.814827,5.39625,0.588788,3.177249,87.963993
FrodoKEM-640-AES_run04,active,27.827565,5.3975,0.583603,3.149998,88.004116
FrodoKEM-640-AES_run04,active,27.840301,5.39625,0.5811,3.135761,88.044055
FrodoKEM-640-AES_run04,active,27.853041,5.39625,0.585391,3.158917,88.084298
FrodoKEM-640-AES_run04,active,27.86578,5.395,0.591113,3.189054,88.124922
FrodoKEM-640-AES_run04,active,27.878523,5.39625,0.58557,3.159882,88.16519
FrodoKEM-640-AES_run04,active,27.891262,5.39625,0.585212,3.157952,88.205418
FrodoKEM-640-AES_run04,active,27.904007,5.39,0.589325,3.176461,88.245901
FrodoKEM-640-AES_run04,active,27.916751,5.3975,0.588967,3.17895,88.286416
FrodoKEM-640-AES_run04,active,27.92949,5.3975,0.585034,3.157719,88.326643
FrodoKEM-640-AES_run04,active,27.942228,5.39625,0.584855,3.156023,88.366843
FrodoKEM-640-AES_run04,active,27.954968,5.3975,0.588967,3.17895,88.407344
FrodoKEM-640-AES_run04,active,27.967707,5.3975,0.585749,3.161579,88.447618
FrodoKEM-640-AES_run04,active,27.980445,5.395,0.586643,3.164938,88.487933
FrodoKEM-640-AES_run04,active,27.993184,5.3975,0.586106,3.163509,88.528234
FrodoKEM-640-AES_run04,active,28.00593,5.39625,0.589682,3.182074,88.568791
FrodoKEM-640-AES_run04,active,28.018676,5.3925,0.585391,3.156722,88.609028
FrodoKEM-640-AES_run04,active,28.031417,5.39625,0.584497,3.154093,88.649212
FrodoKEM-640-AES_run04,active,28.044156,5.3975,0.585212,3.158684,88.689454
FrodoKEM-640-AES_run04,active,28.056896,5.3975,0.589146,3.179916,88.729964
FrodoKEM-640-AES_run04,active,28.069635,5.39375,0.585212,3.156489,88.770176
FrodoKEM-640-AES_run04,active,28.082375,5.3975,0.58557,3.160614,88.810442
FrodoKEM-640-AES_run04,active,28.095115,5.395,0.588967,3.177478,88.850924
FrodoKEM-640-AES_run04,active,28.110695,5.39125,0.590934,3.185873,88.900557
FrodoKEM-640-AES_run04,active,28.123484,5.395,0.586285,3.163009,88.94101
FrodoKEM-640-AES_run04,active,28.136227,5.3975,0.585749,3.161579,88.981297
FrodoKEM-640-AES_run04,active,28.148967,5.39375,0.588431,3.173849,89.021734
FrodoKEM-640-AES_run04,active,28.161726,5.3975,0.582709,3.145173,89.061863
FrodoKEM-640-AES_run04,active,28.174507,5.3975,0.583603,3.149998,89.102121
FrodoKEM-640-AES_run04,active,28.187249,5.3975,0.588073,3.174125,89.142567
FrodoKEM-640-AES_run04,active,28.199988,5.3975,0.583067,3.147103,89.182657
FrodoKEM-640-AES_run04,active,28.212735,5.39375,0.586464,3.16324,89.222978
FrodoKEM-640-AES_run04,active,28.225481,5.39625,0.585391,3.158917,89.263242
FrodoKEM-640-AES_run04,active,28.238219,5.3975,0.589861,3.183776,89.303799
FrodoKEM-640-AES_run04,active,28.25096,5.39625,0.585212,3.157952,89.344034
FrodoKEM-640-AES_run04,active,28.263698,5.3975,0.58861,3.17702,89.384501
FrodoKEM-640-AES_run04,active,28.276436,5.3975,0.585391,3.159649,89.42475
FrodoKEM-640-AES_run04,active,28.289174,5.3975,0.587537,3.17123,89.465144
FrodoKEM-640-AES_run04,active,28.301913,5.39625,0.585212,3.157952,89.505373
FrodoKEM-640-AES_run04,active,28.314661,5.39625,0.586106,3.162777,89.545693
FrodoKEM-640-AES_run04,active,28.327402,5.39625,0.588788,3.177249,89.586176
FrodoKEM-640-AES_run04,active,28.340146,5.3975,0.588967,3.17895,89.626686
FrodoKEM-640-AES_run04,active,28.352895,5.39625,0.583961,3.151198,89.666863
FrodoKEM-640-AES_run04,active,28.365633,5.395,0.585749,3.160115,89.707115
FrodoKEM-640-AES_run04,active,28.378372,5.3875,0.588967,3.173061,89.747537
FrodoKEM-640-AES_run04,active,28.391113,5.39625,0.585391,3.158917,89.787786
FrodoKEM-640-AES_run04,active,28.403852,5.3975,0.584855,3.156754,89.827997
FrodoKEM-640-AES_run04,active,28.416598,5.3975,0.58557,3.160614,89.868282
FrodoKEM-640-AES_run04,active,28.42934,5.3925,0.589861,3.180827,89.908813
FrodoKEM-640-AES_run04,active,28.442079,5.39875,0.585928,3.163277,89.949112
FrodoKEM-640-AES_run04,active,28.45482,5.39875,0.585391,3.160381,89.989379
FrodoKEM-640-AES_run04,active,28.46756,5.39875,0.584497,3.155554,90.02958
FrodoKEM-640-AES_run04,active,28.480299,5.39625,0.589682,3.182074,90.070115
FrodoKEM-640-AES_run04,active,28.493038,5.3975,0.585212,3.158684,90.110353
FrodoKEM-640-AES_run04,active,28.505776,5.39875,0.587,3.169068,90.150722
FrodoKEM-640-AES_run04,active,28.518524,5.40125,0.584497,3.157016,90.190966
FrodoKEM-640-AES_run04,active,28.531265,5.3975,0.585928,3.162544,90.231261
FrodoKEM-640-AES_run04,active,28.544012,5.39625,0.58557,3.159882,90.271541
FrodoKEM-640-AES_run04,active,28.556752,5.395,0.585749,3.160115,90.3118
FrodoKEM-640-AES_run04,active,28.569492,5.395,0.586822,3.165903,90.352133
FrodoKEM-640-AES_run04,active,28.582229,5.3975,0.585212,3.158684,90.392366
FrodoKEM-640-AES_run04,active,28.594971,5.3975,0.584676,3.155789,90.432575
FrodoKEM-640-AES_run04,active,28.607709,5.39625,0.590219,3.184968,90.473147
FrodoKEM-640-AES_run04,active,28.620454,5.395,0.589325,3.179407,90.513669
FrodoKEM-640-AES_run04,active,28.633198,5.395,0.58557,3.15915,90.553929
FrodoKEM-640-AES_run04,active,28.645937,5.3975,0.587,3.168335,90.59429
FrodoKEM-640-AES_run04,active,28.658677,5.3975,0.591292,3.191496,90.634951
FrodoKEM-640-AES_run04,active,28.671414,5.3975,0.58557,3.160614,90.675208
FrodoKEM-640-AES_run04,active,28.684153,5.3975,0.585391,3.159649,90.715457
FrodoKEM-640-AES_run04,active,28.696894,5.3975,0.586285,3.164474,90.755774
FrodoKEM-640-AES_run04,active,28.709633,5.3975,0.58861,3.17702,90.796246
FrodoKEM-640-AES_run04,active,28.722379,5.39625,0.584497,3.154093,90.836449
FrodoKEM-640-AES_run04,active,28.735122,5.39625,0.585928,3.161812,90.876742
FrodoKEM-640-AES_run04,active,28.74786,5.39625,0.585391,3.158917,90.916978
FrodoKEM-640-AES_run04,active,28.7606,5.3975,0.588967,3.17895,90.957477
FrodoKEM-640-AES_run04,active,28.773338,5.39625,0.585212,3.157952,90.997705
FrodoKEM-640-AES_run04,active,28.786077,5.39875,0.585391,3.160381,91.037964
FrodoKEM-640-AES_run04,active,28.798817,5.3975,0.588967,3.17895,91.078466
FrodoKEM-640-AES_run04,active,28.811556,5.39625,0.590398,3.185933,91.119051
FrodoKEM-640-AES_run04,active,28.8243,5.39625,0.585212,3.157952,91.159297
FrodoKEM-640-AES_run04,active,28.837041,5.39625,0.58557,3.159882,91.199556
FrodoKEM-640-AES_run04,active,28.849779,5.39375,0.58861,3.174813,91.239996
FrodoKEM-640-AES_run04,active,28.862521,5.3975,0.585749,3.161579,91.280282
FrodoKEM-640-AES_run04,active,28.875259,5.40375,0.588073,3.177801,91.320761
FrodoKEM-640-AES_run04,active,28.887999,5.40625,0.585212,3.163805,91.361067
FrodoKEM-640-AES_run04,active,28.90074,5.39625,0.588967,3.178214,91.401559
FrodoKEM-640-AES_run04,active,28.91348,5.39875,0.58414,3.153624,91.441738
FrodoKEM-640-AES_run04,active,28.926226,5.3975,0.585749,3.161579,91.482036
FrodoKEM-640-AES_run04,active,28.938972,5.39875,0.59004,3.185478,91.522638
FrodoKEM-640-AES_run04,active,28.951712,5.3975,0.589146,3.179916,91.563148
FrodoKEM-640-AES_run04,active,28.964451,5.3975,0.585749,3.161579,91.603424
FrodoKEM-640-AES_run04,active,28.97719,5.3975,0.585212,3.158684,91.643663
FrodoKEM-640-AES_run04,active,28.989929,5.39375,0.588431,3.173849,91.684094
FrodoKEM-640-AES_run04,active,29.00267,5.3975,0.586643,3.166405,91.724439
FrodoKEM-640-AES_run04,active,29.015407,5.39625,0.585212,3.157952,91.764662
FrodoKEM-640-AES_run04,active,29.028151,5.3975,0.585749,3.161579,91.804952
FrodoKEM-640-AES_run04,active,29.040892,5.3975,0.589504,3.181846,91.845493
FrodoKEM-640-AES_run04,active,29.053633,5.39625,0.585749,3.160847,91.885764
FrodoKEM-640-AES_run04,active,29.06637,5.39625,0.587179,3.168566,91.926123
FrodoKEM-640-AES_run04,active,29.079109,5.3975,0.588431,3.176055,91.966584
FrodoKEM-640-AES_run04,active,29.091848,5.3975,0.589682,3.182811,92.007129
FrodoKEM-640-AES_run04,active,29.104587,5.395,0.586643,3.164938,92.047446
FrodoKEM-640-AES_run04,active,29.117325,5.3975,0.585212,3.158684,92.087681
FrodoKEM-640-AES_run04,active,29.130068,5.39625,0.590219,3.184968,92.128269
FrodoKEM-640-AES_run04,active,29.14281,5.3975,0.585212,3.158684,92.168515
FrodoKEM-640-AES_run04,active,29.155548,5.3975,0.587358,3.170265,92.208899
FrodoKEM-640-AES_run04,active,29.168288,5.3975,0.584855,3.156754,92.249115
FrodoKEM-640-AES_run04,active,29.181027,5.39625,0.589504,3.181109,92.289638
FrodoKEM-640-AES_run04,active,29.193765,5.39625,0.585749,3.160847,92.329904
FrodoKEM-640-AES_run04,active,29.206537,5.395,0.587179,3.167832,92.370361
FrodoKEM-640-AES_run04,active,29.219314,5.39375,0.593258,3.199887,92.411246
FrodoKEM-640-AES_run04,active,29.232062,5.395,0.589146,3.178443,92.451765
FrodoKEM-640-AES_run04,active,29.244806,5.39625,0.585391,3.158917,92.492023
FrodoKEM-640-AES_run04,active,29.257546,5.39625,0.584676,3.155058,92.532218
FrodoKEM-640-AES_run04,active,29.270286,5.3975,0.589325,3.180881,92.572741
FrodoKEM-640-AES_run04,active,29.283023,5.3975,0.585212,3.158684,92.612976
FrodoKEM-640-AES_run04,active,29.295766,5.39625,0.585749,3.160847,92.653253
FrodoKEM-640-AES_run04,active,29.308503,5.39625,0.584855,3.156023,92.693452
FrodoKEM-640-AES_run04,active,29.32124,5.395,0.588431,3.174584,92.733886
FrodoKEM-640-AES_run04,active,29.333986,5.3975,0.58557,3.160614,92.774172
FrodoKEM-640-AES_run04,active,29.34674,5.39625,0.585749,3.160847,92.814486
FrodoKEM-640-AES_run04,active,29.359475,5.395,0.588967,3.177478,92.854951
FrodoKEM-640-AES_run04,active,29.372214,5.3975,0.588967,3.17895,92.895446
FrodoKEM-640-AES_run04,active,29.387805,5.39875,0.582173,3.143005,92.944449
FrodoKEM-640-AES_run04,active,29.400616,5.3875,0.593616,3.198106,92.985419
FrodoKEM-640-AES_run04,active,29.413524,5.3975,0.588431,3.176055,93.026417
FrodoKEM-640-AES_run04,active,29.42628,5.395,0.587537,3.169761,93.066851
FrodoKEM-640-AES_run04,active,29.439114,5.39375,0.59004,3.182528,93.107694
FrodoKEM-640-AES_run04,active,29.451868,5.38875,0.585391,3.154527,93.147926
FrodoKEM-640-AES_run04,active,29.464357,5.38125,0.589146,3.170342,93.187521
FrodoKEM-640-AES_run04,active,29.476839,5.3875,0.585391,3.153795,93.226887
FrodoKEM-640-AES_run04,active,29.489278,5.3875,0.580921,3.129713,93.26582
FrodoKEM-640-AES_run04,active,29.50172,5.3875,0.58861,3.171134,93.305273
FrodoKEM-640-AES_run04,active,29.514158,5.3875,0.590219,3.179804,93.344823
FrodoKEM-640-AES_run04,active,29.526596,5.3875,0.587179,3.163428,93.384172
FrodoKEM-640-AES_run04,active,29.539042,5.38375,0.586285,3.156413,93.423455
FrodoKEM-640-AES_run04,active,29.551491,5.3975,0.589325,3.180881,93.463053
FrodoKEM-640-AES_run04,active,29.564247,5.39625,0.585391,3.158917,93.503348
FrodoKEM-640-AES_run04,active,29.576992,5.39625,0.585212,3.157952,93.543596
FrodoKEM-640-AES_run04,active,29.589733,5.39625,0.584676,3.155058,93.583795
FrodoKEM-640-AES_run04,active,29.602505,5.395,0.588788,3.176513,93.624367
FrodoKEM-640-AES_run04,active,29.615248,5.39625,0.585212,3.157952,93.664609
FrodoKEM-640-AES_run04,active,29.627987,5.3975,0.582173,3.142278,93.704638
FrodoKEM-640-AES_run04,active,29.640734,5.3975,0.588788,3.177985,93.745148
FrodoKEM-640-AES_run04,active,29.653479,5.39625,0.588788,3.177249,93.785643
FrodoKEM-640-AES_run04,active,29.66621,5.3975,0.587179,3.1693,93.825989
FrodoKEM-640-AES_run04,active,29.678954,5.39875,0.585391,3.160381,93.866264
FrodoKEM-640-AES_run04,active,29.691691,5.39625,0.588967,3.178214,93.906747
FrodoKEM-640-AES_run04,active,29.70443,5.39875,0.585391,3.160381,93.947008
FrodoKEM-640-AES_run04,active,29.717169,5.395,0.584497,3.153362,93.987177
FrodoKEM-640-AES_run04,active,29.729907,5.3975,0.585391,3.159649,94.027426
FrodoKEM-640-AES_run04,active,29.742656,5.3975,0.589325,3.180881,94.067979
FrodoKEM-640-AES_run04,active,29.755399,5.39625,0.585749,3.160847,94.108256
FrodoKEM-640-AES_run04,active,29.768138,5.3925,0.584855,3.15383,94.148434
FrodoKEM-640-AES_run04,active,29.780878,5.3975,0.587179,3.1693,94.18881
FrodoKEM-640-AES_run04,active,29.793616,5.39625,0.59004,3.184003,94.229369
FrodoKEM-640-AES_run04,active,29.806358,5.39625,0.585928,3.161812,94.269656
FrodoKEM-640-AES_run04,active,29.819097,5.38875,0.585212,3.153563,94.30983
FrodoKEM-640-AES_run04,active,29.831837,5.3875,0.589682,3.176914,94.350303
FrodoKEM-640-AES_run04,active,29.844585,5.4,0.588788,3.179457,94.390834
FrodoKEM-640-AES_run04,active,29.857329,5.39375,0.58557,3.158418,94.431086
FrodoKEM-640-AES_run04,active,29.870069,5.39625,0.585391,3.158917,94.471331
FrodoKEM-640-AES_run04,active,29.88281,5.3975,0.589146,3.179916,94.511844
FrodoKEM-640-AES_run04,active,29.895549,5.39875,0.586106,3.164242,94.552154
FrodoKEM-640-AES_run04,active,29.908288,5.40125,0.585749,3.163776,94.592457
FrodoKEM-640-AES_run04,active,29.921027,5.39625,0.585928,3.161812,94.632735
FrodoKEM-640-AES_run04,active,29.933764,5.395,0.589325,3.179407,94.673234
FrodoKEM-640-AES_run04,active,29.946541,5.3975,0.585749,3.161579,94.713628
FrodoKEM-640-AES_run04,active,29.959286,5.39875,0.586643,3.167138,94.753995
FrodoKEM-640-AES_run04,active,29.972024,5.3975,0.588967,3.17895,94.794487
FrodoKEM-640-AES_run04,active,29.984764,5.39625,0.587,3.167601,94.834841
FrodoKEM-640-AES_run04,active,29.997502,5.4,0.584676,3.15725,94.875059
FrodoKEM-640-AES_run04,active,30.010239,5.395,0.586106,3.162044,94.915333
FrodoKEM-640-AES_run04,active,30.022979,5.39625,0.588788,3.177249,94.955811
FrodoKEM-640-AES_run04,active,30.035719,5.3975,0.585391,3.159649,94.996065
FrodoKEM-640-AES_run04,active,30.048462,5.3975,0.58414,3.152893,95.036244
FrodoKEM-640-AES_run04,active,30.061207,5.39625,0.585391,3.158917,95.076504
FrodoKEM-640-AES_run04,active,30.07395,5.39875,0.588788,3.178721,95.11701
FrodoKEM-640-AES_run04,active,30.086692,5.395,0.587537,3.169761,95.1574
FrodoKEM-640-AES_run04,active,30.099431,5.39375,0.588788,3.175777,95.197857
FrodoKEM-640-AES_run04,active,30.11217,5.3975,0.58861,3.17702,95.238327
FrodoKEM-640-AES_run04,active,30.12491,5.3825,0.594689,3.200912,95.279106
FrodoKEM-640-AES_run04,active,30.137649,5.39625,0.590934,3.188828,95.319728
FrodoKEM-640-AES_run04,active,30.150393,5.39875,0.585391,3.160381,95.360005
FrodoKEM-640-AES_run04,active,30.163137,5.39625,0.588788,3.177249,95.400495
FrodoKEM-640-AES_run04,active,30.175874,5.395,0.585212,3.157221,95.440711
FrodoKEM-640-AES_run04,active,30.188614,5.3975,0.584676,3.155789,95.480914
FrodoKEM-640-AES_run04,active,30.201351,5.39625,0.585212,3.157952,95.521137
FrodoKEM-640-AES_run04,active,30.214092,5.395,0.588788,3.176513,95.561609
FrodoKEM-640-AES_run04,active,30.226832,5.38375,0.584676,3.147749,95.601713
FrodoKEM-640-AES_run04,active,30.239571,5.3975,0.585749,3.161579,95.641986
FrodoKEM-640-AES_run04,active,30.252315,5.39625,0.588967,3.178214,95.68249
FrodoKEM-640-AES_run04,active,30.265064,5.3975,0.588967,3.17895,95.723019
FrodoKEM-640-AES_run04,active,30.277804,5.395,0.58414,3.151433,95.763167
FrodoKEM-640-AES_run04,active,30.290546,5.395,0.584676,3.154327,95.803362
FrodoKEM-640-AES_run04,active,30.303284,5.395,0.588431,3.174584,95.843799
FrodoKEM-640-AES_run04,active,30.316023,5.395,0.58557,3.15915,95.884042
FrodoKEM-640-AES_run04,active,30.328763,5.3825,0.586285,3.15568,95.924248
FrodoKEM-640-AES_run04,active,30.341517,5.3975,0.585391,3.159649,95.964543
FrodoKEM-640-AES_run04,active,30.354283,5.39625,0.589325,3.180144,96.005141
FrodoKEM-640-AES_run04,active,30.367033,5.3975,0.585749,3.161579,96.045451
FrodoKEM-640-AES_run04,active,30.379805,5.39,0.586106,3.159113,96.085801
FrodoKEM-640-AES_run04,active,30.392547,5.3975,0.588967,3.17895,96.126305
FrodoKEM-640-AES_run04,active,30.405287,5.3975,0.59147,3.192461,96.166978
FrodoKEM-640-AES_run04,active,30.418026,5.4025,0.585749,3.164508,96.20729
FrodoKEM-640-AES_run04,active,30.430765,5.3825,0.586285,3.15568,96.247491
FrodoKEM-640-AES_run04,active,30.443505,5.3975,0.589682,3.182811,96.288039
FrodoKEM-640-AES_run04,active,30.45625,5.39625,0.585928,3.161812,96.328339
FrodoKEM-640-AES_run04,active,30.468994,5.39375,0.586106,3.161311,96.368625
FrodoKEM-640-AES_run04,active,30.481735,5.3975,0.584676,3.155789,96.408833
FrodoKEM-640-AES_run04,active,30.494509,5.39625,0.589682,3.182074,96.449482
FrodoKEM-640-AES_run04,active,30.507251,5.395,0.585391,3.158186,96.489723
FrodoKEM-640-AES_run04,active,30.519991,5.39625,0.584855,3.156023,96.529932
FrodoKEM-640-AES_run04,active,30.532732,5.38125,0.589861,3.174191,96.570372
FrodoKEM-640-AES_run04,active,30.545463,5.395,0.591113,3.189054,96.610972
FrodoKEM-640-AES_run04,active,30.558209,5.38625,0.58253,3.137654,96.650967
FrodoKEM-640-AES_run04,active,30.570956,5.39625,0.585749,3.160847,96.691255
FrodoKEM-640-AES_run04,active,30.583697,5.39625,0.588967,3.178214,96.731749
FrodoKEM-640-AES_run04,active,30.59644,5.395,0.585391,3.158186,96.771994
FrodoKEM-640-AES_run04,active,30.60918,5.39625,0.587537,3.170495,96.812386
FrodoKEM-640-AES_run04,active,30.621919,5.3975,0.586285,3.164474,96.852699
FrodoKEM-640-AES_run04,active,30.63466,5.39625,0.589146,3.179179,96.893206
FrodoKEM-640-AES_run04,active,30.647398,5.3975,0.585749,3.161579,96.933478
FrodoKEM-640-AES_run04,active,30.663014,5.39625,0.590755,3.187863,96.983259
FrodoKEM-640-AES_run04,active,30.675804,5.3975,0.588967,3.17895,97.023917
FrodoKEM-640-AES_run04,active,30.688549,5.39625,0.584855,3.156023,97.064142
FrodoKEM-640-AES_run04,active,30.701289,5.39625,0.586285,3.163742,97.104448
FrodoKEM-640-AES_run04,active,30.714033,5.39375,0.58557,3.158418,97.144698
FrodoKEM-640-AES_run04,active,30.726776,5.39875,0.589325,3.181617,97.185242
FrodoKEM-640-AES_run04,active,30.739517,5.3825,0.58557,3.151831,97.225399
FrodoKEM-640-AES_run04,active,30.752255,5.39625,0.586285,3.163742,97.2657
FrodoKEM-640-AES_run04,active,30.765,5.3975,0.591113,3.190531,97.306363
FrodoKEM-640-AES_run04,active,30.777746,5.40125,0.588431,3.178262,97.346872
FrodoKEM-640-AES_run04,active,30.790515,5.395,0.585391,3.158186,97.3872
FrodoKEM-640-AES_run04,active,30.803256,5.3975,0.585391,3.159649,97.427456
FrodoKEM-640-AES_run04,active,30.815996,5.395,0.589504,3.180372,97.467973
FrodoKEM-640-AES_run04,active,30.828733,5.39875,0.599516,3.236639,97.509201
FrodoKEM-640-AES_run04,active,30.841471,5.3825,0.585391,3.150868,97.549334
FrodoKEM-640-AES_run04,active,30.854209,5.3975,0.585749,3.161579,97.589609
FrodoKEM-640-AES_run04,active,30.866955,5.3975,0.591828,3.194392,97.630323
FrodoKEM-640-AES_run04,active,30.8797,5.39625,0.58253,3.14348,97.670386
FrodoKEM-640-AES_run04,active,30.892438,5.395,0.587537,3.169761,97.710763
FrodoKEM-640-AES_run04,active,30.905176,5.3975,0.585391,3.159649,97.75101
FrodoKEM-640-AES_run04,active,30.917914,5.3975,0.595046,3.211763,97.791922
FrodoKEM-640-AES_run04,active,30.930657,5.39625,0.585034,3.156988,97.832152
FrodoKEM-640-AES_run04,active,30.943394,5.38375,0.585212,3.150637,97.872282
FrodoKEM-640-AES_run04,active,30.956134,5.39625,0.588431,3.17532,97.912733
FrodoKEM-640-AES_run04,active,30.96888,5.39625,0.590576,3.186898,97.953356
FrodoKEM-640-AES_run04,active,30.981624,5.39625,0.585391,3.158917,97.993612
FrodoKEM-640-AES_run04,active,30.994363,5.39625,0.585928,3.161812,98.033892
FrodoKEM-640-AES_run04,active,31.007104,5.39625,0.588431,3.17532,98.074347
FrodoKEM-640-AES_run04,active,31.019843,5.3975,0.585749,3.161579,98.114621
FrodoKEM-640-AES_run04,active,31.032581,5.395,0.585212,3.157221,98.15484
FrodoKEM-640-AES_run04,active,31.04532,5.3775,0.586285,3.152749,98.195002
FrodoKEM-640-AES_run04,active,31.058059,5.39375,0.592543,3.19603,98.235716
FrodoKEM-640-AES_run04,active,31.070807,5.39625,0.588788,3.177249,98.276219
FrodoKEM-640-AES_run04,active,31.083552,5.3975,0.585391,3.159649,98.316491
FrodoKEM-640-AES_run04,active,31.096294,5.3975,0.590576,3.187636,98.357107
FrodoKEM-640-AES_run04,active,31.109034,5.39875,0.589325,3.181617,98.39764
FrodoKEM-640-AES_run04,active,31.121775,5.3975,0.587,3.168335,98.438007
FrodoKEM-640-AES_run04,active,31.134515,5.39875,0.585391,3.160381,98.478273
FrodoKEM-640-AES_run04,active,31.147256,5.385,0.589325,3.173514,98.518705
FrodoKEM-640-AES_run04,active,31.160008,5.39625,0.58557,3.159882,98.559001
FrodoKEM-640-AES_run04,active,31.172777,5.395,0.591649,3.191947,98.599759
FrodoKEM-640-AES_run04,active,31.185526,5.3975,0.587,3.168335,98.64015
FrodoKEM-640-AES_run04,active,31.198267,5.4,0.588788,3.179457,98.680659
FrodoKEM-640-AES_run04,active,31.211011,5.39625,0.585034,3.156988,98.720893
FrodoKEM-640-AES_run04,active,31.223749,5.39625,0.585034,3.156988,98.761106
FrodoKEM-640-AES_run04,active,31.236489,5.395,0.588967,3.177478,98.801587
FrodoKEM-640-AES_run04,active,31.249228,5.3925,0.588967,3.176006,98.842048
FrodoKEM-640-AES_run04,active,31.261968,5.39625,0.585391,3.158917,98.882292
FrodoKEM-640-AES_run04,active,31.274716,5.39625,0.590755,3.187863,98.922931
FrodoKEM-640-AES_run04,active,31.28746,5.3925,0.589146,3.17697,98.963417
FrodoKEM-640-AES_run04,active,31.300199,5.38625,0.585391,3.153063,99.003584
FrodoKEM-640-AES_run04,active,31.312937,5.39625,0.585928,3.161812,99.043861
FrodoKEM-640-AES_run04,active,31.325675,5.39625,0.587,3.167601,99.084209
FrodoKEM-640-AES_run04,active,31.33842,5.40375,0.588788,3.181665,99.124758
FrodoKEM-640-AES_run04,active,31.351172,5.3975,0.585749,3.161579,99.165075
FrodoKEM-640-AES_run04,active,31.36392,5.39625,0.585928,3.161812,99.205381
FrodoKEM-640-AES_run04,active,31.376678,5.39625,0.585212,3.157952,99.245672
FrodoKEM-640-AES_run04,active,31.389423,5.39625,0.641177,3.45995,99.289769
FrodoKEM-640-AES_run04,active,31.402166,5.3975,0.585749,3.161579,99.330056
FrodoKEM-640-AES_run04,active,31.41491,5.3975,0.585749,3.161579,99.370348
FrodoKEM-640-AES_run04,active,31.427651,5.3975,0.588967,3.17895,99.410851
FrodoKEM-640-AES_run04,active,31.440391,5.3975,0.585391,3.159649,99.451105
FrodoKEM-640-AES_run04,active,31.45313,5.39625,0.587,3.167601,99.491458
FrodoKEM-640-AES_run04,active,31.465871,5.39625,0.58557,3.159882,99.531716
FrodoKEM-640-AES_run04,active,31.47862,5.395,0.588431,3.174584,99.572191
FrodoKEM-640-AES_run04,active,31.491365,5.39625,0.585749,3.160847,99.612473
FrodoKEM-640-AES_run04,active,31.504102,5.39625,0.586106,3.162777,99.652759
FrodoKEM-640-AES_run04,active,31.516844,5.3975,0.587716,3.172195,99.693178
FrodoKEM-640-AES_run04,active,31.529583,5.4025,0.591649,3.196385,99.733897
FrodoKEM-640-AES_run04,active,31.542321,5.39625,0.585212,3.157952,99.774125
FrodoKEM-640-AES_run04,active,31.55506,5.39625,0.58557,3.159882,99.814377
FrodoKEM-640-AES_run04,active,31.567832,5.3975,0.588788,3.177985,99.854966
FrodoKEM-640-AES_run04,active,31.580579,5.39625,0.586106,3.162777,99.895283
FrodoKEM-640-AES_run04,active,31.593324,5.3975,0.58557,3.160614,99.935564
FrodoKEM-640-AES_run04,active,31.606058,5.39875,0.586285,3.165207,99.975869
FrodoKEM-640-AES_run04,active,31.618802,5.40375,0.59004,3.188429,100.016503
FrodoKEM-640-AES_run04,active,31.631542,5.39625,0.584676,3.155058,100.056698
FrodoKEM-640-AES_run04,active,31.644281,5.395,0.585749,3.160115,100.096956
FrodoKEM-640-AES_run04,active,31.65702,5.39875,0.587,3.169068,100.137327
FrodoKEM-640-AES_run04,active,31.669759,5.395,0.588967,3.177478,100.177804
FrodoKEM-640-AES_run04,active,31.682528,5.3975,0.587716,3.172195,100.21831
FrodoKEM-640-AES_run04,active,31.695273,5.39625,0.585391,3.158917,100.25857
FrodoKEM-640-AES_run04,active,31.708013,5.3975,0.588788,3.177985,100.299059
FrodoKEM-640-AES_run04,active,31.720752,5.39625,0.590219,3.184968,100.339632
FrodoKEM-640-AES_run04,active,31.73349,5.3975,0.585034,3.157719,100.379854
FrodoKEM-640-AES_run04,active,31.746227,5.3975,0.584318,3.153859,100.420025
FrodoKEM-640-AES_run04,active,31.758967,5.39625,0.58861,3.176285,100.460491
FrodoKEM-640-AES_run04,active,31.771706,5.3975,0.585391,3.159649,100.500743
FrodoKEM-640-AES_run04,active,31.784451,5.4,0.591292,3.192975,100.541437
FrodoKEM-640-AES_run04,active,31.797194,5.3975,0.585749,3.161579,100.581724
FrodoKEM-640-AES_run04,active,31.809934,5.395,0.588788,3.176513,100.622192
FrodoKEM-640-AES_run04,active,31.822675,5.39625,0.58557,3.159882,100.662455
FrodoKEM-640-AES_run04,active,31.835413,5.3975,0.585391,3.159649,100.702701
FrodoKEM-640-AES_run04,active,31.848154,5.39375,0.592007,3.193137,100.743385
FrodoKEM-640-AES_run04,active,31.860894,5.3975,0.58861,3.17702,100.78386
FrodoKEM-640-AES_run04,active,31.873633,5.3975,0.586106,3.163509,100.82416
FrodoKEM-640-AES_run04,active,31.88638,5.395,0.587716,3.170726,100.864579
FrodoKEM-640-AES_run04,active,31.899126,5.395,0.591292,3.190018,100.905236
FrodoKEM-640-AES_run04,active,31.911865,5.3975,0.586106,3.163509,100.945536
FrodoKEM-640-AES_run04,active,31.924604,5.39625,0.585749,3.160847,100.985802
FrodoKEM-640-AES_run04,active,31.940176,5.3975,0.589504,3.181846,101.035349
FrodoKEM-640-AES_run04,active,31.952938,5.39625,0.588788,3.177249,101.075898
FrodoKEM-640-AES_run04,active,31.965682,5.395,0.586822,3.165903,101.116244
FrodoKEM-640-AES_run04,active,31.978423,5.39375,0.585928,3.160347,101.15651
FrodoKEM-640-AES_run04,active,31.99117,5.39625,0.593795,3.204265,101.197356
FrodoKEM-640-AES_run04,active,32.003914,5.39875,0.58557,3.161346,101.237645
FrodoKEM-640-AES_run04,active,32.016653,5.3975,0.58557,3.160614,101.277908
FrodoKEM-640-AES_run04,active,32.02939,5.3975,0.585928,3.162544,101.318188
FrodoKEM-640-AES_run04,active,32.042127,5.3975,0.589682,3.182811,101.358727
FrodoKEM-640-AES_run04,active,32.054866,5.39625,0.584318,3.153128,101.398894
FrodoKEM-640-AES_run04,active,32.067603,5.4,0.584676,3.15725,101.439108
FrodoKEM-640-AES_run04,active,32.08034,5.39625,0.585928,3.161812,101.47938
FrodoKEM-640-AES_run04,active,32.093115,5.395,0.592364,3.195806,101.520209
FrodoKEM-640-AES_run04,active,32.10586,5.39625,0.586643,3.165671,101.560553
FrodoKEM-640-AES_run04,active,32.118596,5.39,0.587179,3.164896,101.600864
FrodoKEM-640-AES_run04,active,32.131337,5.39625,0.589146,3.179179,101.641368
FrodoKEM-640-AES_run04,active,32.144075,5.39625,0.58557,3.159882,101.681619
FrodoKEM-640-AES_run04,active,32.156815,5.39375,0.587,3.166133,101.721956
FrodoKEM-640-AES_run04,active,32.169551,5.39625,0.585749,3.160847,101.762213
FrodoKEM-640-AES_run04,active,32.182289,5.39625,0.589325,3.180144,101.802721
FrodoKEM-640-AES_run04,active,32.195034,5.3975,0.586643,3.166405,101.843077
FrodoKEM-640-AES_run04,active,32.207803,5.39625,0.585749,3.160847,101.883438
FrodoKEM-640-AES_run04,active,32.220543,5.395,0.588073,3.172655,101.923858
FrodoKEM-640-AES_run04,active,32.233282,5.39625,0.591113,3.189792,101.964493
FrodoKEM-640-AES_run04,active,32.246021,5.3975,0.585391,3.159649,102.004742
FrodoKEM-640-AES_run04,active,32.258762,5.3975,0.585928,3.162544,102.045038
FrodoKEM-640-AES_run04,active,32.271501,5.39625,0.58861,3.176285,102.085499
FrodoKEM-640-AES_run04,active,32.284239,5.39625,0.586643,3.165671,102.125823
FrodoKEM-640-AES_run04,active,32.296984,5.39625,0.580385,3.131901,102.16574
FrodoKEM-640-AES_run04,active,32.309728,5.39625,0.585391,3.158917,102.205997
FrodoKEM-640-AES_run04,active,32.322502,5.3975,0.588252,3.17509,102.246556
FrodoKEM-640-AES_run04,active,32.335247,5.39625,0.585212,3.157952,102.286804
FrodoKEM-640-AES_run04,active,32.347992,5.39625,0.583961,3.151198,102.326966
FrodoKEM-640-AES_run04,active,32.360734,5.3975,0.585928,3.162544,102.367262
FrodoKEM-640-AES_run04,active,32.373473,5.39625,0.589325,3.180144,102.407774
FrodoKEM-640-AES_run04,active,32.386211,5.3975,0.587,3.168335,102.448134
FrodoKEM-640-AES_run04,active,32.398959,5.3975,0.587,3.168335,102.488524
FrodoKEM-640-AES_run04,active,32.411703,5.39625,0.589504,3.181109,102.529063
FrodoKEM-640-AES_run04,active,32.42444,5.39625,0.589325,3.180144,102.569568
FrodoKEM-640-AES_run04,active,32.437178,5.4,0.586822,3.168837,102.609934
FrodoKEM-640-AES_run04,active,32.449917,5.39625,0.585749,3.160847,102.650198
FrodoKEM-640-AES_run04,active,32.462658,5.39625,0.588788,3.177249,102.690679
FrodoKEM-640-AES_run04,active,32.475396,5.395,0.58557,3.15915,102.730922
FrodoKEM-640-AES_run04,active,32.488133,5.39625,0.585212,3.157952,102.771146
FrodoKEM-640-AES_run04,active,32.500878,5.395,0.590219,3.18423,102.811726
FrodoKEM-640-AES_run04,active,32.513619,5.4,0.588252,3.176561,102.852201
FrodoKEM-640-AES_run04,active,32.526355,5.39,0.586822,3.162968,102.892483
FrodoKEM-640-AES_run04,active,32.539098,5.3975,0.585749,3.161579,102.93277
FrodoKEM-640-AES_run04,active,32.551835,5.39625,0.58861,3.176285,102.973228
FrodoKEM-640-AES_run04,active,32.564579,5.39625,0.590398,3.185933,103.013828
FrodoKEM-640-AES_run04,active,32.577317,5.4,0.58557,3.162078,103.054108
FrodoKEM-640-AES_run04,active,32.590055,5.3975,0.586106,3.163509,103.094405
FrodoKEM-640-AES_run04,active,32.6028,5.39625,0.593795,3.204265,103.135244
FrodoKEM-640-AES_run04,active,32.615542,5.39625,0.584855,3.156023,103.175457
FrodoKEM-640-AES_run04,active,32.628278,5.40125,0.585212,3.160878,103.215715
FrodoKEM-640-AES_run04,active,32.641025,5.3975,0.58557,3.160614,103.256002
FrodoKEM-640-AES_run04,active,32.653765,5.39625,0.590219,3.184968,103.296577
FrodoKEM-640-AES_run04,active,32.666529,5.4,0.587179,3.170768,103.33705
FrodoKEM-640-AES_run04,active,32.679269,5.39625,0.585212,3.157952,103.377281
FrodoKEM-640-AES_run04,active,32.692006,5.39375,0.588967,3.176742,103.417746
FrodoKEM-640-AES_run04,active,32.704753,5.39625,0.593974,3.20523,103.458603
FrodoKEM-640-AES_run04,active,32.717493,5.395,0.586464,3.163973,103.49891
FrodoKEM-640-AES_run04,active,32.730233,5.3875,0.58557,3.154758,103.539101
FrodoKEM-640-AES_run04,active,32.742972,5.39875,0.588788,3.178721,103.579598
FrodoKEM-640-AES_run04,active,32.755709,5.395,0.585391,3.158186,103.619824
FrodoKEM-640-AES_run04,active,32.768448,5.39625,0.58253,3.14348,103.659866
FrodoKEM-640-AES_run04,active,32.781185,5.39625,0.585749,3.160847,103.700127
FrodoKEM-640-AES_run04,active,32.793924,5.40125,0.589504,3.184056,103.740688
FrodoKEM-640-AES_run04,active,32.806669,5.3975,0.591292,3.191496,103.781365
FrodoKEM-640-AES_run04,active,32.81941,5.3975,0.585749,3.161579,103.821646
FrodoKEM-640-AES_run04,active,32.832148,5.39625,0.588431,3.17532,103.862093
FrodoKEM-640-AES_run04,active,32.844885,5.395,0.589682,3.181337,103.902615
FrodoKEM-640-AES_run04,active,32.857623,5.39625,0.581994,3.140585,103.94262
FrodoKEM-640-AES_run04,active,32.87036,5.3975,0.585212,3.158684,103.982851
FrodoKEM-640-AES_run04,active,32.883098,5.39875,0.588788,3.178721,104.023341
FrodoKEM-640-AES_run04,active,32.895835,5.39625,0.586106,3.162777,104.063627
FrodoKEM-640-AES_run04,active,32.908579,5.39875,0.59004,3.185478,104.10422
FrodoKEM-640-AES_run04,active,32.921322,5.39625,0.585212,3.157952,104.144463
FrodoKEM-640-AES_run04,active,32.934059,5.395,0.588431,3.174584,104.184899
FrodoKEM-640-AES_run04,active,32.946798,5.39625,0.584497,3.154093,104.225077
FrodoKEM-640-AES_run04,active,32.959536,5.395,0.585212,3.157221,104.265296
FrodoKEM-640-AES_run04,active,32.972273,5.3975,0.589146,3.179916,104.305797
FrodoKEM-640-AES_run04,active,32.985011,5.39625,0.590576,3.186898,104.346391
FrodoKEM-640-AES_run04,active,32.997748,5.39875,0.586106,3.164242,104.386696
FrodoKEM-640-AES_run04,active,33.010525,5.3975,0.591113,3.190531,104.42746
FrodoKEM-640-AES_run04,active,33.02327,5.39625,0.589146,3.179179,104.46798
FrodoKEM-640-AES_run04,active,33.036009,5.3975,0.583961,3.151928,104.508131
FrodoKEM-640-AES_run04,active,33.048747,5.395,0.585212,3.157221,104.548348
FrodoKEM-640-AES_run04,active,33.061484,5.3975,0.585212,3.158684,104.588581
FrodoKEM-640-AES_run04,active,33.074223,5.3975,0.589325,3.180881,104.629101
FrodoKEM-640-AES_run04,active,33.086962,5.39625,0.588431,3.17532,104.669551
FrodoKEM-640-AES_run04,active,33.099699,5.39625,0.584318,3.153128,104.709714
FrodoKEM-640-AES_run04,active,33.112443,5.39625,0.592007,3.194617,104.750425
FrodoKEM-640-AES_run04,active,33.125187,5.39625,0.590934,3.188828,104.791063
FrodoKEM-640-AES_run04,active,33.137928,5.395,0.585391,3.158186,104.831302
FrodoKEM-640-AES_run04,active,33.150672,5.395,0.586106,3.162044,104.871598
FrodoKEM-640-AES_run04,active,33.163409,5.3975,0.58861,3.17702,104.912063
FrodoKEM-640-AES_run04,active,33.176148,5.39625,0.588788,3.177249,104.952539
FrodoKEM-640-AES_run04,active,33.188887,5.39875,0.585391,3.160381,104.9928
FrodoKEM-640-AES_run04,active,33.201624,5.39375,0.586285,3.162276,105.033079
FrodoKEM-640-AES_run04,active,33.217179,5.395,0.588967,3.177478,105.082502
FrodoKEM-640-AES_run04,active,33.229942,5.395,0.585212,3.157221,105.122798
FrodoKEM-640-AES_run04,active,33.242687,5.39625,0.585391,3.158917,105.163058
FrodoKEM-640-AES_run04,active,33.255428,5.39625,0.588967,3.178214,105.203554
FrodoKEM-640-AES_run04,active,33.268167,5.39625,0.58861,3.176285,105.244015
FrodoKEM-640-AES_run04,active,33.280906,5.3975,0.585749,3.161579,105.284292
FrodoKEM-640-AES_run04,active,33.293643,5.39625,0.585391,3.158917,105.324525
FrodoKEM-640-AES_run04,active,33.30638,5.405,0.590576,3.192065,105.365185
FrodoKEM-640-AES_run04,active,33.319126,5.395,0.585749,3.160115,105.405462
FrodoKEM-640-AES_run04,active,33.331869,5.39625,0.585749,3.160847,105.445741
FrodoKEM-640-AES_run04,active,33.344615,5.3975,0.587179,3.1693,105.486138
FrodoKEM-640-AES_run04,active,33.357354,5.3925,0.587179,3.166364,105.526475
FrodoKEM-640-AES_run04,active,33.370092,5.39625,0.585391,3.158917,105.566711
FrodoKEM-640-AES_run04,active,33.38283,5.39625,0.585749,3.160847,105.606974
FrodoKEM-640-AES_run04,active,33.395565,5.39625,0.588431,3.17532,105.647413
FrodoKEM-640-AES_run04,active,33.408304,5.39875,0.590219,3.186444,105.688004
FrodoKEM-640-AES_run04,active,33.421049,5.39875,0.586285,3.165207,105.728345
FrodoKEM-640-AES_run04,active,33.433794,5.39375,0.585212,3.156489,105.768575
FrodoKEM-640-AES_run04,active,33.446535,5.4,0.591649,3.194906,105.809281
FrodoKEM-640-AES_run04,active,33.459271,5.395,0.585749,3.160115,105.849526
FrodoKEM-640-AES_run04,active,33.472009,5.39625,0.587358,3.169531,105.889901
FrodoKEM-640-AES_run04,active,33.484748,5.3975,0.585212,3.158684,105.93014
FrodoKEM-640-AES_run04,active,33.497487,5.40125,0.588252,3.177296,105.970614
FrodoKEM-640-AES_run04,active,33.510226,5.395,0.585034,3.156256,106.010824
FrodoKEM-640-AES_run04,active,33.522971,5.3975,0.586285,3.164474,106.051155
FrodoKEM-640-AES_run04,active,33.535717,5.39625,0.589682,3.182074,106.091712
FrodoKEM-640-AES_run04,active,33.548466,5.39625,0.587537,3.170495,106.132134
FrodoKEM-640-AES_run04,active,33.561207,5.39625,0.585928,3.161812,106.172417
FrodoKEM-640-AES_run04,active,33.573938,5.39625,0.585928,3.161812,106.212672
FrodoKEM-640-AES_run04,active,33.586685,5.395,0.589682,3.181337,106.253224
FrodoKEM-640-AES_run04,active,33.599423,5.3975,0.585212,3.158684,106.293458
FrodoKEM-640-AES_run04,active,33.612161,5.3975,0.58557,3.160614,106.33372
FrodoKEM-640-AES_run04,active,33.624908,5.39625,0.585749,3.160847,106.374011
FrodoKEM-640-AES_run04,active,33.637652,5.39625,0.590576,3.186898,106.414624
FrodoKEM-640-AES_run04,active,33.650393,5.395,0.585212,3.157221,106.45485
FrodoKEM-640-AES_run04,active,33.663138,5.3975,0.58557,3.160614,106.495132
FrodoKEM-640-AES_run04,active,33.675877,5.395,0.590755,3.187124,106.535733
FrodoKEM-640-AES_run04,active,33.688617,5.39625,0.58861,3.176285,106.576199
FrodoKEM-640-AES_run04,active,33.701356,5.39375,0.585928,3.160347,106.616459
FrodoKEM-640-AES_run04,active,33.714094,5.39625,0.586643,3.165671,106.656783
FrodoKEM-640-AES_run04,active,33.726841,5.3975,0.582888,3.146138,106.696886
FrodoKEM-640-AES_run04,active,33.739585,5.39625,0.585212,3.157952,106.737131
FrodoKEM-640-AES_run04,active,33.752324,5.3975,0.585212,3.158684,106.777369
FrodoKEM-640-AES_run04,active,33.765065,5.39875,0.585391,3.160381,106.817636
FrodoKEM-640-AES_run04,active,33.777804,5.3975,0.585749,3.161579,106.857912
FrodoKEM-640-AES_run04,active,33.790544,5.395,0.585391,3.158186,106.898147
FrodoKEM-640-AES_run04,active,33.803283,5.39625,0.585212,3.157952,106.938375
FrodoKEM-640-AES_run04,active,33.816021,5.3975,0.585749,3.161579,106.978649
FrodoKEM-640-AES_run04,active,33.828767,5.3975,0.588967,3.17895,107.019169
FrodoKEM-640-AES_run04,active,33.841511,5.39625,0.585212,3.157952,107.059412
FrodoKEM-640-AES_run04,active,33.854251,5.3975,0.58557,3.160614,107.099677
FrodoKEM-640-AES_run04,active,33.866989,5.3925,0.59147,3.189504,107.140308
FrodoKEM-640-AES_run04,active,33.87973,5.395,0.587179,3.167832,107.180668
FrodoKEM-640-AES_run04,active,33.892471,5.395,0.585212,3.157221,107.220893
FrodoKEM-640-AES_run04,active,33.90521,5.39625,0.587537,3.170495,107.261281
FrodoKEM-640-AES_run04,active,33.917949,5.395,0.588431,3.174584,107.301725
FrodoKEM-640-AES_run04,active,33.930695,5.39625,0.585749,3.160847,107.342013
FrodoKEM-640-AES_run04,active,33.943439,5.3975,0.585034,3.157719,107.382255
FrodoKEM-640-AES_run04,active,33.956178,5.40125,0.585212,3.160878,107.422519
FrodoKEM-640-AES_run04,active,33.968916,5.395,0.590219,3.18423,107.463081
FrodoKEM-640-AES_run04,active,33.981654,5.3975,0.584318,3.153859,107.503256
FrodoKEM-640-AES_run04,active,33.994393,5.39625,0.585749,3.160847,107.543522
FrodoKEM-640-AES_run04,active,34.007133,5.395,0.588073,3.172655,107.58394
FrodoKEM-640-AES_run04,active,34.019871,5.3975,0.585212,3.158684,107.624175
FrodoKEM-640-AES_run04,active,34.032617,5.3975,0.588073,3.174125,107.664633
FrodoKEM-640-AES_run04,active,34.045361,5.39875,0.585749,3.162311,107.704935
FrodoKEM-640-AES_run04,active,34.058099,5.39625,0.587537,3.170495,107.745319
FrodoKEM-640-AES_run04,active,34.070838,5.39625,0.585749,3.160847,107.785585
FrodoKEM-640-AES_run04,active,34.083577,5.39625,0.585749,3.160847,107.825852
FrodoKEM-640-AES_run04,active,34.096316,5.39375,0.580027,3.128522,107.865705
FrodoKEM-640-AES_run04,active,34.109057,5.39625,0.589682,3.182074,107.906248
FrodoKEM-640-AES_run04,active,34.121796,5.39625,0.584855,3.156023,107.946452
FrodoKEM-640-AES_run04,active,34.134543,5.395,0.586106,3.162044,107.986761
FrodoKEM-640-AES_run04,active,34.147286,5.4,0.588967,3.180423,108.027286
FrodoKEM-640-AES_run04,active,34.160022,5.3975,0.588788,3.177985,108.067763
FrodoKEM-640-AES_run04,active,34.172766,5.395,0.585391,3.158186,108.10801
FrodoKEM-640-AES_run04,active,34.185506,5.38,0.586106,3.153252,108.148182
FrodoKEM-640-AES_run04,active,34.198247,5.3975,0.587179,3.1693,108.188563
FrodoKEM-640-AES_run04,active,34.210987,5.39625,0.585928,3.161812,108.228844
FrodoKEM-640-AES_run04,active,34.223722,5.395,0.585391,3.158186,108.269065
FrodoKEM-640-AES_run04,active,34.236466,5.39625,0.582709,3.144445,108.309138
FrodoKEM-640-AES_run04,active,34.249209,5.39625,0.588967,3.178214,108.349637
FrodoKEM-640-AES_run04,active,34.261948,5.39625,0.585212,3.157952,108.389867
FrodoKEM-640-AES_run04,active,34.274687,5.3975,0.58414,3.152893,108.430032
FrodoKEM-640-AES_run04,active,34.287427,5.39625,0.589682,3.182074,108.470571
FrodoKEM-640-AES_run04,active,34.300166,5.39625,0.588967,3.178214,108.511057
FrodoKEM-640-AES_run04,active,34.312904,5.3975,0.584855,3.156754,108.551269
FrodoKEM-640-AES_run04,active,34.325643,5.39625,0.585928,3.161812,108.591547
FrodoKEM-640-AES_run04,active,34.338392,5.3975,0.588967,3.17895,108.632074
FrodoKEM-640-AES_run04,active,34.351142,5.39625,0.585212,3.157952,108.672338
FrodoKEM-640-AES_run04,active,34.363883,5.39625,0.585212,3.157952,108.712575
FrodoKEM-640-AES_run04,active,34.376622,5.3875,0.586464,3.159575,108.752825
FrodoKEM-640-AES_run04,active,34.38936,5.39625,0.589146,3.179179,108.793321
FrodoKEM-640-AES_run04,active,34.402102,5.39625,0.584497,3.154093,108.833511
FrodoKEM-640-AES_run04,active,34.414841,5.39625,0.58557,3.159882,108.873765
FrodoKEM-640-AES_run04,active,34.427579,5.39875,0.588788,3.178721,108.914255
FrodoKEM-640-AES_run04,active,34.440421,5.39625,0.590576,3.186898,108.955182
FrodoKEM-640-AES_run04,active,34.453195,5.395,0.585391,3.158186,108.995523
FrodoKEM-640-AES_run04,active,34.465943,5.39,0.584855,3.152367,109.03571
FrodoKEM-640-AES_run04,active,34.47869,5.39625,0.586106,3.162777,109.076027
FrodoKEM-640-AES_run04,active,34.494057,5.3975,0.583603,3.149998,109.124433
FrodoKEM-640-AES_run04,active,34.506808,5.39625,0.586643,3.165671,109.164798
FrodoKEM-640-AES_run04,active,34.519551,5.39625,0.589861,3.183039,109.20536
FrodoKEM-640-AES_run04,active,34.532293,5.3975,0.589325,3.180881,109.24589
FrodoKEM-640-AES_run04,active,34.545039,5.3975,0.587537,3.17123,109.28631
FrodoKEM-640-AES_run04,active,34.557787,5.3975,0.587,3.168335,109.3267
FrodoKEM-640-AES_run04,active,34.57053,5.3975,0.58861,3.17702,109.367185
FrodoKEM-640-AES_run04,active,34.583268,5.3975,0.586643,3.166405,109.407519
FrodoKEM-640-AES_run04,active,34.596009,5.395,0.585749,3.160115,109.447783
FrodoKEM-640-AES_run04,active,34.608749,5.39625,0.585212,3.157952,109.488012
FrodoKEM-640-AES_run04,active,34.621487,5.39625,0.588967,3.178214,109.528497
FrodoKEM-640-AES_run04,active,34.634226,5.3975,0.585391,3.159649,109.568748
FrodoKEM-640-AES_run04,active,34.646971,5.395,0.582709,3.143716,109.608816
FrodoKEM-640-AES_run04,active,34.659715,5.395,0.585391,3.158186,109.649064
FrodoKEM-640-AES_run04,active,34.672454,5.39375,0.588431,3.173849,109.689495
FrodoKEM-640-AES_run04,active,34.685198,5.3975,0.587537,3.17123,109.729908
FrodoKEM-640-AES_run04,active,34.697937,5.3975,0.584855,3.156754,109.770121
FrodoKEM-640-AES_run04,active,34.710679,5.3975,0.589861,3.183776,109.810689
FrodoKEM-640-AES_run04,active,34.723418,5.39875,0.588967,3.179687,109.851195
FrodoKEM-640-AES_run04,active,34.736154,5.395,0.587179,3.167832,109.891542
FrodoKEM-640-AES_run04,active,34.748901,5.3975,0.586106,3.163509,109.931868
FrodoKEM-640-AES_run04,active,34.761645,5.39625,0.588967,3.178214,109.972369
FrodoKEM-640-AES_run04,active,34.774383,5.3975,0.585749,3.161579,110.012644
FrodoKEM-640-AES_run04,active,34.787122,5.39875,0.585212,3.159415,110.052891
FrodoKEM-640-AES_run04,active,34.799861,5.3975,0.585212,3.158684,110.093127
FrodoKEM-640-AES_run04,active,34.812602,5.395,0.58861,3.175549,110.133587
FrodoKEM-640-AES_run04,active,34.825342,5.39375,0.585212,3.156489,110.173801
FrodoKEM-640-AES_run04,active,34.83808,5.395,0.585212,3.157221,110.214018
FrodoKEM-640-AES_run04,active,34.850827,5.39875,0.588788,3.178721,110.254538
FrodoKEM-640-AES_run04,active,34.863572,5.3975,0.588073,3.174125,110.294991
FrodoKEM-640-AES_run04,active,34.876311,5.39875,0.584855,3.157485,110.335215
FrodoKEM-640-AES_run04,active,34.889052,5.39625,0.586285,3.163742,110.375526
FrodoKEM-640-AES_run04,active,34.901792,5.4,0.588967,3.180423,110.416042
FrodoKEM-640-AES_run04,active,34.914536,5.3975,0.585391,3.159649,110.45631
FrodoKEM-640-AES_run04,active,34.927276,5.3975,0.584497,3.154824,110.496502
FrodoKEM-640-AES_run04,active,34.940015,5.3975,0.585391,3.159649,110.536753
FrodoKEM-640-AES_run04,active,34.952762,5.39625,0.589325,3.180144,110.577289
FrodoKEM-640-AES_run04,active,34.965506,5.4,0.586106,3.164975,110.617624
FrodoKEM-640-AES_run04,active,34.978245,5.3975,0.585749,3.161579,110.6579
FrodoKEM-640-AES_run04,active,34.990987,5.39625,0.588967,3.178214,110.698395
FrodoKEM-640-AES_run04,active,35.003727,5.395,0.590219,3.18423,110.738963
FrodoKEM-640-AES_run04,active,35.016468,5.39625,0.580921,3.134796,110.778903
FrodoKEM-640-AES_run04,active,35.029206,5.39625,0.585749,3.160847,110.819169
FrodoKEM-640-AES_run04,active,35.041946,5.3975,0.588788,3.177985,110.859654
FrodoKEM-640-AES_run04,active,35.054692,5.39625,0.590755,3.187863,110.900287
FrodoKEM-640-AES_run04,active,35.067435,5.395,0.589682,3.181337,110.940828
FrodoKEM-640-AES_run04,active,35.080175,5.39625,0.585391,3.158917,110.981071
FrodoKEM-640-AES_run04,active,35.092914,5.39625,0.588431,3.17532,111.021524
FrodoKEM-640-AES_run04,active,35.105652,5.39625,0.585034,3.156988,111.061737
FrodoKEM-640-AES_run04,active,35.118392,5.39625,0.585928,3.161812,111.102018
FrodoKEM-640-AES_run04,active,35.131133,5.3975,0.588788,3.177985,111.142507
FrodoKEM-640-AES_run04,active,35.14387,5.3925,0.588788,3.175041,111.182948
FrodoKEM-640-AES_run04,active,35.156617,5.395,0.584855,3.155292,111.223169
FrodoKEM-640-AES_run04,active,35.169363,5.39625,0.585749,3.160847,111.263456
FrodoKEM-640-AES_run04,active,35.1821,5.39625,0.588967,3.178214,111.303937
FrodoKEM-640-AES_run04,active,35.194845,5.39625,0.585212,3.157952,111.344186
FrodoKEM-640-AES_run04,active,35.207582,5.3975,0.588788,3.177985,111.384663
FrodoKEM-640-AES_run04,active,35.22032,5.39625,0.585928,3.161812,111.42494
FrodoKEM-640-AES_run04,active,35.233064,5.3975,0.589504,3.181846,111.465488
FrodoKEM-640-AES_run04,active,35.245803,5.395,0.587179,3.167832,111.505843
FrodoKEM-640-AES_run04,active,35.25855,5.39625,0.584855,3.156023,111.546072
FrodoKEM-640-AES_run04,active,35.271293,5.3975,0.589682,3.182811,111.586631
FrodoKEM-640-AES_run04,active,35.284032,5.39625,0.589146,3.179179,111.627132
FrodoKEM-640-AES_run04,active,35.296771,5.4,0.585749,3.163044,111.667425
FrodoKEM-640-AES_run04,active,35.309511,5.395,0.585749,3.160115,111.707687
FrodoKEM-640-AES_run04,active,35.322251,5.39625,0.588788,3.177249,111.748163
FrodoKEM-640-AES_run04,active,35.334994,5.3975,0.585212,3.158684,111.788414
FrodoKEM-640-AES_run04,active,35.347742,5.37375,0.58557,3.146707,111.828528
FrodoKEM-640-AES_run04,active,35.360508,5.3925,0.585391,3.156722,111.868827
FrodoKEM-640-AES_run04,active,35.373259,5.39625,0.589504,3.181109,111.909391
FrodoKEM-640-AES_run04,active,35.385999,5.40125,0.584497,3.157016,111.949609
FrodoKEM-640-AES_run04,active,35.398816,5.39125,0.585391,3.15599,111.990062
FrodoKEM-640-AES_run04,active,35.411735,5.39625,0.587,3.167601,112.030983
FrodoKEM-640-AES_run04,active,35.4245,5.39625,0.588967,3.178214,112.071552
FrodoKEM-640-AES_run04,active,35.437249,5.395,0.585034,3.156256,112.111791
FrodoKEM-640-AES_run04,active,35.449993,5.38375,0.585749,3.153525,112.151979
FrodoKEM-640-AES_run04,active,35.462746,5.3975,0.588788,3.177985,112.19251
FrodoKEM-640-AES_run04,active,35.475496,5.4,0.583067,3.148561,112.232652
FrodoKEM-640-AES_run04,active,35.488236,5.39875,0.584855,3.157485,112.27288
FrodoKEM-640-AES_run04,active,35.500976,5.39625,0.585928,3.161812,112.313162
FrodoKEM-640-AES_run04,active,35.513716,5.39625,0.588788,3.177249,112.353638
FrodoKEM-640-AES_run04,active,35.526497,5.39875,0.586464,3.166173,112.394107
FrodoKEM-640-AES_run04,active,35.539241,5.39625,0.585212,3.157952,112.434351
FrodoKEM-640-AES_run04,active,35.551981,5.38375,0.588431,3.167964,112.47471
FrodoKEM-640-AES_run04,active,35.564727,5.39625,0.593795,3.204265,112.515552
FrodoKEM-640-AES_run04,active,35.57747,5.39625,0.585212,3.157952,112.555795
FrodoKEM-640-AES_run04,active,35.590203,5.39625,0.585391,3.158917,112.596017
FrodoKEM-640-AES_run04,active,35.602948,5.39625,0.588967,3.178214,112.636522
FrodoKEM-640-AES_run04,active,35.615693,5.3975,0.586106,3.163509,112.676842
FrodoKEM-640-AES_run04,active,35.628434,5.39375,0.585749,3.159383,112.717097
FrodoKEM-640-AES_run04,active,35.641174,5.39875,0.585212,3.159415,112.757347
FrodoKEM-640-AES_run04,active,35.653913,5.3825,0.589325,3.172041,112.797757
FrodoKEM-640-AES_run04,active,35.666664,5.395,0.588788,3.176513,112.838259
FrodoKEM-640-AES_run04,active,35.67941,5.39625,0.584855,3.156023,112.878484
FrodoKEM-640-AES_run04,active,35.692149,5.39625,0.585212,3.157952,112.918716
FrodoKEM-640-AES_run04,active,35.704898,5.39625,0.591649,3.192687,112.959417
FrodoKEM-640-AES_run04,active,35.717639,5.3975,0.585212,3.158684,112.999662
FrodoKEM-640-AES_run04,active,35.730377,5.39875,0.585391,3.160381,113.039921
FrodoKEM-640-AES_run04,active,35.743118,5.3975,0.588431,3.176055,113.080388
FrodoKEM-640-AES_run04,active,35.755856,5.38125,0.59755,3.215564,113.121347
FrodoKEM-640-AES_run04,active,35.771507,5.3975,0.588431,3.176055,113.171054
FrodoKEM-640-AES_run04,active,35.784271,5.3975,0.585212,3.158684,113.211373
FrodoKEM-640-AES_run04,active,35.797014,5.39625,0.592007,3.194617,113.252082
FrodoKEM-640-AES_run04,active,35.809757,5.39625,0.584855,3.156023,113.292298
FrodoKEM-640-AES_run04,active,35.82252,5.39625,0.585212,3.157952,113.332605
FrodoKEM-640-AES_run04,active,35.835263,5.3975,0.586464,3.165439,113.372942
FrodoKEM-640-AES_run04,active,35.848,5.3975,0.590219,3.185706,113.413516
FrodoKEM-640-AES_run04,active,35.860748,5.38875,0.585391,3.154527,113.45373
FrodoKEM-640-AES_run04,active,35.873532,5.39,0.585749,3.157186,113.494091
FrodoKEM-640-AES_run04,active,35.886285,5.39625,0.592543,3.197511,113.534871
FrodoKEM-640-AES_run04,active,35.899028,5.39625,0.584855,3.156023,113.575088
FrodoKEM-640-AES_run04,active,35.911799,5.3975,0.586464,3.165439,113.615514
FrodoKEM-640-AES_run04,active,35.924541,5.3975,0.587,3.168335,113.655885
FrodoKEM-640-AES_run04,active,35.937282,5.39625,0.588967,3.178214,113.696377
FrodoKEM-640-AES_run04,active,35.95002,5.3975,0.585212,3.158684,113.736613
FrodoKEM-640-AES_run04,active,35.962759,5.39125,0.585391,3.15599,113.776818
FrodoKEM-640-AES_run04,active,35.975517,5.395,0.584497,3.153362,113.817049
FrodoKEM-640-AES_run04,active,35.988273,5.395,0.589325,3.179407,113.857603
FrodoKEM-640-AES_run04,active,36.001015,5.395,0.594689,3.208346,113.898484
FrodoKEM-640-AES_run04,active,36.013752,5.39625,0.586822,3.166636,113.938819
FrodoKEM-640-AES_run04,active,36.026526,5.39375,0.589325,3.178671,113.979423
FrodoKEM-640-AES_run04,active,36.039269,5.39375,0.586106,3.161311,114.019707
FrodoKEM-640-AES_run04,active,36.05201,5.395,0.585391,3.158186,114.059945
FrodoKEM-640-AES_run04,active,36.064748,5.3825,0.585391,3.150868,114.10008
FrodoKEM-640-AES_run04,active,36.077496,5.39625,0.589504,3.181109,114.140635
FrodoKEM-640-AES_run04,active,36.090241,5.395,0.585749,3.160115,114.180911
FrodoKEM-640-AES_run04,active,36.102982,5.39625,0.585928,3.161812,114.221193
FrodoKEM-640-AES_run04,active,36.115721,5.39875,0.589325,3.181617,114.261725
FrodoKEM-640-AES_run04,active,36.12846,5.39625,0.589146,3.179179,114.302224
FrodoKEM-640-AES_run04,active,36.141201,5.39625,0.584855,3.156023,114.342435
FrodoKEM-640-AES_run04,active,36.15394,5.3975,0.586106,3.163509,114.382737
FrodoKEM-640-AES_run04,active,36.16668,5.385,0.589325,3.173514,114.423168
FrodoKEM-640-AES_run04,active,36.179427,5.39875,0.585749,3.162311,114.463475
FrodoKEM-640-AES_run04,active,36.192171,5.39625,0.587894,3.172425,114.503906
FrodoKEM-640-AES_run04,active,36.204911,5.39875,0.585749,3.162311,114.544195
FrodoKEM-640-AES_run04,active,36.217653,5.39625,0.589504,3.181109,114.584728
FrodoKEM-640-AES_run04,active,36.230393,5.39625,0.585749,3.160847,114.624998
FrodoKEM-640-AES_run04,active,36.243133,5.39625,0.585034,3.156988,114.665217
FrodoKEM-640-AES_run04,active,36.255872,5.38875,0.588788,3.172833,114.705635
FrodoKEM-640-AES_run04,active,36.268612,5.38375,0.59004,3.176628,114.746104
FrodoKEM-640-AES_run04,active,36.281357,5.3975,0.58557,3.160614,114.786386
FrodoKEM-640-AES_run04,active,36.294101,5.3975,0.586106,3.163509,114.826704
FrodoKEM-640-AES_run04,active,36.306842,5.395,0.587716,3.170726,114.8671
FrodoKEM-640-AES_run04,active,36.31958,5.395,0.585749,3.160115,114.907355
FrodoKEM-640-AES_run04,active,36.332319,5.39375,0.585212,3.156489,114.947566
FrodoKEM-640-AES_run04,active,36.345078,5.4025,0.58861,3.179963,114.988138
FrodoKEM-640-AES_run04,active,36.357818,5.39625,0.588967,3.178214,115.028629
FrodoKEM-640-AES_run04,active,36.370561,5.3825,0.584497,3.146056,115.068719
FrodoKEM-640-AES_run04,active,36.383307,5.395,0.585749,3.160115,115.108999
FrodoKEM-640-AES_run04,active,36.396051,5.395,0.586106,3.162044,115.149294
FrodoKEM-640-AES_run04,active,36.40879,5.39625,0.588967,3.178214,115.189783
FrodoKEM-640-AES_run04,active,36.421529,5.39625,0.585749,3.160847,115.230047
FrodoKEM-640-AES_run04,active,36.434269,5.3975,0.587358,3.170265,115.270438
FrodoKEM-640-AES_run04,active,36.447012,5.39875,0.590576,3.188374,115.311067
FrodoKEM-640-AES_run04,active,36.459752,5.39625,0.594331,3.20716,115.351925
FrodoKEM-640-AES_run04,active,36.472491,5.3825,0.585212,3.149906,115.392052
FrodoKEM-640-AES_run04,active,36.485237,5.39875,0.586643,3.167138,115.432422
FrodoKEM-640-AES_run04,active,36.497981,5.395,0.588788,3.176513,115.472902
FrodoKEM-640-AES_run04,active,36.510719,5.39875,0.585391,3.160381,115.513161
FrodoKEM-640-AES_run04,active,36.523459,5.39875,0.587179,3.170034,115.553546
FrodoKEM-640-AES_run04,active,36.536197,5.39875,0.588788,3.178721,115.594036
FrodoKEM-640-AES_run04,active,36.548936,5.39625,0.589325,3.180144,115.634549
FrodoKEM-640-AES_run04,active,36.561676,5.3975,0.586106,3.163509,115.67485
FrodoKEM-640-AES_run04,active,36.574415,5.395,0.586106,3.162044,115.715134
FrodoKEM-640-AES_run04,active,36.587162,5.3975,0.588967,3.17895,115.755655
FrodoKEM-640-AES_run04,active,36.599907,5.3975,0.585212,3.158684,115.795913
FrodoKEM-640-AES_run04,active,36.612648,5.39625,0.584855,3.156023,115.836125
FrodoKEM-640-AES_run04,active,36.625389,5.39375,0.588073,3.17192,115.876535
FrodoKEM-640-AES_run04,active,36.638128,5.395,0.589146,3.178443,115.917027
FrodoKEM-640-AES_run04,active,36.650868,5.39625,0.585749,3.160847,115.957295
FrodoKEM-640-AES_run04,active,36.663607,5.39875,0.584497,3.155554,115.997493
FrodoKEM-640-AES_run04,active,36.676345,5.39375,0.585391,3.157454,116.037715
FrodoKEM-640-AES_run04,active,36.689124,5.3975,0.589325,3.180881,116.078362
FrodoKEM-640-AES_run04,active,36.701869,5.3975,0.585034,3.157719,116.118607
FrodoKEM-640-AES_run04,active,36.714611,5.40375,0.585212,3.162342,116.158903
FrodoKEM-640-AES_run04,active,36.727349,5.39625,0.587894,3.172425,116.199312
FrodoKEM-640-AES_run04,active,36.740091,5.39625,0.59004,3.184003,116.239882
FrodoKEM-640-AES_run04,active,36.752833,5.395,0.585212,3.157221,116.280111
FrodoKEM-640-AES_run04,active,36.765575,5.3975,0.587,3.168335,116.320483
FrodoKEM-640-AES_run04,active,36.778313,5.395,0.588788,3.176513,116.360946
FrodoKEM-640-AES_run04,active,36.791059,5.39625,0.585928,3.161812,116.401247
FrodoKEM-640-AES_run04,active,36.80383,5.39625,0.588073,3.17339,116.441775
FrodoKEM-640-AES_run04,active,36.816573,5.39625,0.586643,3.165671,116.482112
FrodoKEM-640-AES_run04,active,36.829312,5.39375,0.590576,3.185421,116.522694
FrodoKEM-640-AES_run04,active,36.842052,5.39875,0.585212,3.159415,116.562943
FrodoKEM-640-AES_run04,active,36.854793,5.4,0.581636,3.140837,116.602961
FrodoKEM-640-AES_run04,active,36.867532,5.39625,0.58861,3.176285,116.643425
FrodoKEM-640-AES_run04,active,36.880272,5.38625,0.589325,3.174251,116.683865
FrodoKEM-640-AES_run04,active,36.893019,5.3975,0.585391,3.159649,116.724141
FrodoKEM-640-AES_run04,active,36.905766,5.39625,0.585034,3.156988,116.764381
FrodoKEM-640-AES_run04,active,36.918536,5.39625,0.588967,3.178214,116.804967
FrodoKEM-640-AES_run04,active,36.931278,5.39625,0.58557,3.159882,116.845232
FrodoKEM-640-AES_run04,active,36.944018,5.4,0.582352,3.144699,116.885294
FrodoKEM-640-AES_run04,active,36.95676,5.39625,0.584497,3.154093,116.925484
FrodoKEM-640-AES_run04,active,36.969499,5.39625,0.58861,3.176285,116.965946
FrodoKEM-640-AES_run04,active,36.982238,5.39375,0.585212,3.156489,117.006158
FrodoKEM-640-AES_run04,active,36.994986,5.3975,0.583246,3.148068,117.046289
FrodoKEM-640-AES_run04,active,37.007731,5.39625,0.588967,3.178214,117.086796
FrodoKEM-640-AES_run04,active,37.02047,5.39625,0.588252,3.174355,117.127232
FrodoKEM-640-AES_run04,active,37.033208,5.39875,0.584497,3.155554,117.16743
FrodoKEM-640-AES_run04,active,37.048828,5.395,0.585212,3.157221,117.216744
FrodoKEM-640-AES_run04,active,37.06159,5.3975,0.589325,3.180881,117.25734
FrodoKEM-640-AES_run04,active,37.074334,5.39625,0.585391,3.158917,117.297597
FrodoKEM-640-AES_run04,active,37.087077,5.3825,0.585212,3.149906,117.337735
FrodoKEM-640-AES_run04,active,37.099843,5.39625,0.585391,3.158917,117.378062
FrodoKEM-640-AES_run04,active,37.112589,5.3975,0.589325,3.180881,117.418607
FrodoKEM-640-AES_run04,active,37.12533,5.3875,0.587537,3.165355,117.458934
FrodoKEM-640-AES_run04,active,37.13807,5.39875,0.585212,3.159415,117.499186
FrodoKEM-640-AES_run04,active,37.15081,5.39625,0.588967,3.178214,117.539678
FrodoKEM-640-AES_run04,active,37.163551,5.395,0.593437,3.201594,117.580469
FrodoKEM-640-AES_run04,active,37.176289,5.395,0.583961,3.150469,117.620599
FrodoKEM-640-AES_run04,active,37.189027,5.39625,0.58557,3.159882,117.660849
FrodoKEM-640-AES_run04,active,37.201773,5.39625,0.589146,3.179179,117.70137
FrodoKEM-640-AES_run04,active,37.214517,5.39625,0.58414,3.152163,117.741544
FrodoKEM-640-AES_run04,active,37.227257,5.3975,0.585928,3.162544,117.781832
FrodoKEM-640-AES_run04,active,37.240001,5.3975,0.585391,3.159649,117.8221
FrodoKEM-640-AES_run04,active,37.252742,5.39625,0.58861,3.176285,117.86257
FrodoKEM-640-AES_run04,active,37.265483,5.395,0.587179,3.167832,117.90293
FrodoKEM-640-AES_run04,active,37.278221,5.39625,0.585928,3.161812,117.943206
FrodoKEM-640-AES_run04,active,37.290961,5.395,0.590576,3.18616,117.983797
FrodoKEM-640-AES_run04,active,37.303707,5.39625,0.584318,3.153128,118.023986
FrodoKEM-640-AES_run04,active,37.316451,5.395,0.584497,3.153362,118.064172
FrodoKEM-640-AES_run04,active,37.329189,5.39375,0.587358,3.168062,118.104528
FrodoKEM-640-AES_run04,active,37.34194,5.395,0.588788,3.176513,118.145031
FrodoKEM-640-AES_run04,active,37.354681,5.39375,0.584855,3.154561,118.185223
FrodoKEM-640-AES_run04,active,37.367423,5.3975,0.585391,3.159649,118.225484
FrodoKEM-640-AES_run04,active,37.380162,5.3975,0.585391,3.159649,118.265735
FrodoKEM-640-AES_run04,active,37.3929,5.39625,0.588073,3.17339,118.306159
FrodoKEM-640-AES_run04,active,37.405649,5.3975,0.583961,3.151928,118.346341
FrodoKEM-640-AES_run04,active,37.418392,5.3975,0.586285,3.164474,118.386666
FrodoKEM-640-AES_run04,active,37.431133,5.39625,0.589146,3.179179,118.427172
FrodoKEM-640-AES_run04,active,37.443873,5.39625,0.589682,3.182074,118.467711
FrodoKEM-640-AES_run04,active,37.456611,5.39875,0.585212,3.159415,118.507956
FrodoKEM-640-AES_run04,active,37.469351,5.39875,0.585212,3.159415,118.548208
FrodoKEM-640-AES_run04,active,37.482091,5.39625,0.58861,3.176285,118.588675
FrodoKEM-640-AES_run04,active,37.494832,5.39625,0.587,3.167601,118.629032
FrodoKEM-640-AES_run04,active,37.507578,5.395,0.587894,3.17169,118.669457
FrodoKEM-640-AES_run04,active,37.52032,5.39625,0.585928,3.161812,118.709747
FrodoKEM-640-AES_run04,active,37.533063,5.3975,0.588967,3.17895,118.750256
FrodoKEM-640-AES_run04,active,37.545802,5.39,0.585391,3.155259,118.79045
FrodoKEM-640-AES_run04,active,37.558544,5.39625,0.585749,3.160847,118.830726
FrodoKEM-640-AES_run04,active,37.571283,5.3975,0.588788,3.177985,118.871209
FrodoKEM-640-AES_run04,active,37.584019,5.39625,0.589682,3.182074,118.911737
FrodoKEM-640-AES_run04,active,37.596757,5.395,0.586285,3.163009,118.952029
FrodoKEM-640-AES_run04,active,37.609496,5.3975,0.584497,3.154824,118.992217
FrodoKEM-640-AES_run04,active,37.622241,5.39875,0.588788,3.178721,119.032728
FrodoKEM-640-AES_run04,active,37.634982,5.3925,0.583424,3.146116,119.072814
FrodoKEM-640-AES_run04,active,37.647719,5.395,0.585749,3.160115,119.113066
FrodoKEM-640-AES_run04,active,37.660459,5.39625,0.585391,3.158917,119.15331
FrodoKEM-640-AES_run04,active,37.673199,5.39625,0.589146,3.179179,119.193812
FrodoKEM-640-AES_run04,active,37.685938,5.39625,0.588252,3.174355,119.234249
FrodoKEM-640-AES_run04,active,37.698678,5.39625,0.585212,3.157952,119.274483
FrodoKEM-640-AES_run04,active,37.71143,5.395,0.588431,3.174584,119.314965
FrodoKEM-640-AES_run04,active,37.72419,5.39375,0.592364,3.195065,119.355735
FrodoKEM-640-AES_run04,active,37.736932,5.39375,0.585034,3.155525,119.39594
FrodoKEM-640-AES_run04,active,37.749666,5.39875,0.585749,3.162311,119.436211
FrodoKEM-640-AES_run04,active,37.762413,5.3975,0.588788,3.177985,119.476721
FrodoKEM-640-AES_run04,active,37.775155,5.39875,0.582352,3.143971,119.51678
FrodoKEM-640-AES_run04,active,37.787894,5.395,0.587537,3.169761,119.557161
FrodoKEM-640-AES_run04,active,37.800634,5.3975,0.585749,3.161579,119.59744
FrodoKEM-640-AES_run04,active,37.813381,5.395,0.589146,3.178443,119.637955
FrodoKEM-640-AES_run04,active,37.826124,5.39875,0.584855,3.157485,119.678192
FrodoKEM-640-AES_run04,active,37.838865,5.39625,0.585391,3.158917,119.718438
FrodoKEM-640-AES_run04,active,37.851605,5.3975,0.590576,3.187636,119.759047
FrodoKEM-640-AES_run04,active,37.864344,5.39625,0.593616,3.2033,119.799857
FrodoKEM-640-AES_run04,active,37.877126,5.3975,0.585391,3.159649,119.840242
FrodoKEM-640-AES_run04,active,37.889868,5.39625,0.583603,3.149269,119.880368
FrodoKEM-640-AES_run04,active,37.90261,5.39625,0.587537,3.170495,119.920767
FrodoKEM-640-AES_run04,active,37.915355,5.395,0.591113,3.189054,119.961411
FrodoKEM-640-AES_run04,active,37.928098,5.3975,0.586106,3.163509,120.001725
FrodoKEM-640-AES_run04,active,37.940836,5.39625,0.585928,3.161812,120.042002
FrodoKEM-640-AES_run04,active,37.953574,5.3975,0.587537,3.17123,120.082396
FrodoKEM-640-AES_run04,active,37.966314,5.3975,0.585212,3.158684,120.122637
FrodoKEM-640-AES_run04,active,37.979055,5.395,0.587,3.166867,120.162985
FrodoKEM-640-AES_run04,active,37.991818,5.3975,0.584855,3.156754,120.203278
FrodoKEM-640-AES_run04,active,38.004558,5.4,0.587716,3.173664,120.243708
FrodoKEM-640-AES_run04,active,38.017306,5.3925,0.58557,3.157686,120.283962
FrodoKEM-640-AES_run04,active,38.030058,5.3925,0.585749,3.15865,120.324242
FrodoKEM-640-AES_run04,active,38.042802,5.395,0.589325,3.179407,120.36476
FrodoKEM-640-AES_run04,active,38.05554,5.395,0.585212,3.157221,120.404978
FrodoKEM-640-AES_run04,active,38.06828,5.39625,0.585749,3.160847,120.445246
FrodoKEM-640-AES_run04,active,38.081022,5.3975,0.585749,3.161579,120.485529
FrodoKEM-640-AES_run04,active,38.093761,5.4025,0.589504,3.184793,120.526103
FrodoKEM-640-AES_run04,active,38.106529,5.39625,0.586106,3.162777,120.566485
FrodoKEM-640-AES_run04,active,38.119279,5.39875,0.586285,3.165207,120.606839
FrodoKEM-640-AES_run04,active,38.132022,5.39625,0.587894,3.172425,120.647266
FrodoKEM-640-AES_run04,active,38.144763,5.3975,0.590934,3.189566,120.687904
FrodoKEM-640-AES_run04,active,38.157502,5.39625,0.585212,3.157952,120.728134
FrodoKEM-640-AES_run04,active,38.17024,5.395,0.58557,3.15915,120.768375
FrodoKEM-640-AES_run04,active,38.18298,5.39625,0.58861,3.176285,120.80884
FrodoKEM-640-AES_run04,active,38.195719,5.39625,0.586285,3.163742,120.849143
FrodoKEM-640-AES_run04,active,38.208457,5.39625,0.58557,3.159882,120.889394
FrodoKEM-640-AES_run04,active,38.221197,5.39375,0.585749,3.159383,120.929644
FrodoKEM-640-AES_run04,active,38.233944,5.39625,0.590576,3.186898,120.970268
FrodoKEM-640-AES_run04,active,38.246687,5.395,0.587537,3.169761,121.010662
FrodoKEM-640-AES_run04,active,38.259429,5.39625,0.585391,3.158917,121.050912
FrodoKEM-640-AES_run04,active,38.272174,5.395,0.586106,3.162044,121.091211
FrodoKEM-640-AES_run04,active,38.284913,5.39375,0.586285,3.162276,121.131496
FrodoKEM-640-AES_run04,active,38.297653,5.39875,0.585034,3.15845,121.171735
FrodoKEM-640-AES_run04,active,38.310392,5.3975,0.585391,3.159649,121.211984
FrodoKEM-640-AES_run04,active,38.325944,5.3975,0.589861,3.183776,121.2615
FrodoKEM-640-AES_run04,active,38.338713,5.37625,0.585391,3.147209,121.301687
FrodoKEM-640-AES_run04,active,38.351466,5.3975,0.585749,3.161579,121.342005
FrodoKEM-640-AES_run04,active,38.364204,5.39375,0.585749,3.159383,121.382251
FrodoKEM-640-AES_run04,active,38.376945,5.39625,0.589146,3.179179,121.422758
FrodoKEM-640-AES_run04,active,38.389686,5.3975,0.585212,3.158684,121.463001
FrodoKEM-640-AES_run04,active,38.402425,5.39625,0.585391,3.158917,121.503243
FrodoKEM-640-AES_run04,active,38.415165,5.3925,0.588788,3.175041,121.543694
FrodoKEM-640-AES_run04,active,38.427911,5.3975,0.58861,3.17702,121.584186
FrodoKEM-640-AES_run04,active,38.440654,5.39625,0.585212,3.157952,121.624428
FrodoKEM-640-AES_run04,active,38.453393,5.39875,0.58557,3.161346,121.664701
FrodoKEM-640-AES_run04,active,38.466131,5.39375,0.591292,3.189279,121.705326
FrodoKEM-640-AES_run04,active,38.478869,5.39625,0.585391,3.158917,121.745565
FrodoKEM-640-AES_run04,active,38.491608,5.395,0.587716,3.170726,121.785958
FrodoKEM-640-AES_run04,active,38.504347,5.3975,0.583961,3.151928,121.826108
FrodoKEM-640-AES_run04,active,38.51713,5.3975,0.589325,3.180881,121.866769
FrodoKEM-640-AES_run04,active,38.529877,5.39625,0.585749,3.160847,121.907061
FrodoKEM-640-AES_run04,active,38.542623,5.3925,0.585391,3.156722,121.947297
FrodoKEM-640-AES_run04,active,38.55536,5.3975,0.59004,3.184741,121.987861
FrodoKEM-640-AES_run04,active,38.568099,5.3975,0.589504,3.181846,122.028395
FrodoKEM-640-AES_run04,active,38.580838,5.375,0.585749,3.1484,122.068502
FrodoKEM-640-AES_run04,active,38.593576,5.3975,0.585212,3.158684,122.108738
FrodoKEM-640-AES_run04,active,38.606317,5.39625,0.589146,3.179179,122.149242
FrodoKEM-640-AES_run04,active,38.619054,5.39625,0.586285,3.163742,122.189539
FrodoKEM-640-AES_run04,active,38.631827,5.3975,0.585034,3.157719,122.229872
FrodoKEM-640-AES_run04,active,38.644571,5.39875,0.587179,3.170034,122.270274
FrodoKEM-640-AES_run04,active,38.657311,5.39625,0.589146,3.179179,122.310776
FrodoKEM-640-AES_run04,active,38.670047,5.395,0.585391,3.158186,122.350997
FrodoKEM-640-AES_run04,active,38.682789,5.39625,0.583424,3.148304,122.391114
FrodoKEM-640-AES_run04,active,38.695526,5.3975,0.586464,3.165439,122.431432
FrodoKEM-640-AES_run04,active,38.708266,5.39625,0.589146,3.179179,122.471933
FrodoKEM-640-AES_run04,active,38.721006,5.395,0.58557,3.15915,122.512181
FrodoKEM-640-AES_run04,active,38.733752,5.39625,0.581636,3.138655,122.552187
FrodoKEM-640-AES_run04,active,38.746525,5.39625,0.589325,3.180144,122.592807
FrodoKEM-640-AES_run04,active,38.759267,5.39625,0.585391,3.158917,122.633058
FrodoKEM-640-AES_run04,active,38.772007,5.39625,0.584318,3.153128,122.673227
FrodoKEM-640-AES_run04,active,38.784755,5.39375,0.581636,3.137201,122.713223
FrodoKEM-640-AES_run04,active,38.797494,5.39625,0.588967,3.178214,122.753708
FrodoKEM-640-AES_run04,active,38.810232,5.3975,0.585749,3.161579,122.79398
FrodoKEM-640-AES_run04,active,38.822974,5.3975,0.584676,3.155789,122.834193
FrodoKEM-640-AES_run04,active,38.835722,5.3975,0.587716,3.172195,122.874633
FrodoKEM-640-AES_run04,active,38.848476,5.39375,0.590576,3.185421,122.91526
FrodoKEM-640-AES_run04,active,38.861218,5.39625,0.585928,3.161812,122.955546
FrodoKEM-640-AES_run04,active,38.873959,5.4025,0.584318,3.15678,122.995767
FrodoKEM-640-AES_run04,active,38.886699,5.395,0.589325,3.179407,123.036271
FrodoKEM-640-AES_run04,active,38.89944,5.39875,0.587,3.169068,123.076651
FrodoKEM-640-AES_run04,active,38.912179,5.39625,0.585391,3.158917,123.11689
FrodoKEM-640-AES_run04,active,38.924917,5.4025,0.587179,3.172236,123.1573
FrodoKEM-640-AES_run04,active,38.937662,5.39625,0.589146,3.179179,123.197817
FrodoKEM-640-AES_run04,active,38.950405,5.39625,0.585928,3.161812,123.238107
FrodoKEM-640-AES_run04,active,38.963145,5.38875,0.585391,3.154527,123.278297
FrodoKEM-640-AES_run04,active,38.975883,5.39625,0.585212,3.157952,123.318522
FrodoKEM-640-AES_run04,active,38.988622,5.3975,0.589325,3.180881,123.359044
FrodoKEM-640-AES_run04,active,39.001363,5.395,0.585212,3.157221,123.399271
FrodoKEM-640-AES_run04,active,39.014102,5.39625,0.587,3.167601,123.439622
FrodoKEM-640-AES_run04,active,39.026841,5.39875,0.588788,3.178721,123.480117
FrodoKEM-640-AES_run04,active,39.039587,5.39375,0.589325,3.178671,123.52063
FrodoKEM-640-AES_run04,active,39.052338,5.39375,0.585928,3.160347,123.560928
FrodoKEM-640-AES_run04,active,39.065111,5.395,0.586464,3.163973,123.601344
FrodoKEM-640-AES_run04,active,39.077853,5.3975,0.588967,3.17895,123.641849
FrodoKEM-640-AES_run04,active,39.090595,5.39625,0.585212,3.157952,123.682089
FrodoKEM-640-AES_run04,active,39.103333,5.3925,0.582173,3.139367,123.722076
FrodoKEM-640-AES_run04,active,39.116071,5.39625,0.584676,3.155058,123.762267
FrodoKEM-640-AES_run04,active,39.128811,5.39625,0.589504,3.181109,123.802792
FrodoKEM-640-AES_run04,active,39.141555,5.39625,0.585749,3.160847,123.843075
FrodoKEM-640-AES_run04,active,39.1543,5.395,0.583424,3.147575,123.883189
FrodoKEM-640-AES_run04,active,39.16704,5.39625,0.588788,3.177249,123.923669
FrodoKEM-640-AES_run04,active,39.179808,5.39625,0.588073,3.17339,123.964188
FrodoKEM-640-AES_run04,active,39.192547,5.39625,0.582888,3.145409,124.004256
FrodoKEM-640-AES_run04,active,39.205284,5.39625,0.590398,3.185933,124.044834
FrodoKEM-640-AES_run04,active,39.21802,5.395,0.589504,3.180372,124.085342
FrodoKEM-640-AES_run04,active,39.23076,5.39625,0.58557,3.159882,124.125598
FrodoKEM-640-AES_run04,active,39.243506,5.39625,0.587179,3.168566,124.165984
FrodoKEM-640-AES_run04,active,39.256247,5.39875,0.585928,3.163277,124.206287
FrodoKEM-640-AES_run04,active,39.268987,5.39625,0.589504,3.181109,124.246814
FrodoKEM-640-AES_run04,active,39.281728,5.39625,0.587894,3.172425,124.287235
FrodoKEM-640-AES_run04,active,39.2945,5.39625,0.584318,3.153128,124.327508
FrodoKEM-640-AES_run04,active,39.307245,5.39625,0.588252,3.174355,124.367962
FrodoKEM-640-AES_run04,active,39.319984,5.4,0.589504,3.183319,124.408516
FrodoKEM-640-AES_run04,active,39.332726,5.39625,0.585212,3.157952,124.448756
FrodoKEM-640-AES_run04,active,39.345494,5.3975,0.587716,3.172195,124.489256
FrodoKEM-640-AES_run04,active,39.358239,5.39625,0.589504,3.181109,124.5298
FrodoKEM-640-AES_run04,active,39.370983,5.39625,0.585391,3.158917,124.570059
FrodoKEM-640-AES_run04,active,39.383724,5.3975,0.589504,3.181846,124.610596
FrodoKEM-640-AES_run04,active,39.396464,5.39625,0.586285,3.163742,124.650904
FrodoKEM-640-AES_run04,active,39.409205,5.3975,0.589146,3.179916,124.691419
FrodoKEM-640-AES_run04,active,39.421944,5.3975,0.585391,3.159649,124.731671
FrodoKEM-640-AES_run04,active,39.434705,5.39375,0.585391,3.157454,124.77196
FrodoKEM-640-AES_run04,active,39.447503,5.39625,0.587,3.167601,124.8125
FrodoKEM-640-AES_run04,active,39.460253,5.3975,0.587,3.168335,124.852897
FrodoKEM-640-AES_run04,active,39.472999,5.3975,0.580921,3.135522,124.892863
FrodoKEM-640-AES_run04,active,39.48574,5.395,0.585034,3.156256,124.933078
FrodoKEM-640-AES_run04,active,39.498524,5.395,0.589682,3.181337,124.973748
FrodoKEM-640-AES_run04,active,39.511271,5.395,0.58557,3.15915,125.014016
FrodoKEM-640-AES_run04,active,39.524012,5.39625,0.588967,3.178214,125.054508
FrodoKEM-640-AES_run04,active,39.536753,5.39625,0.585391,3.158917,125.094757
FrodoKEM-640-AES_run04,active,39.5495,5.39625,0.589504,3.181109,125.135307
FrodoKEM-640-AES_run04,active,39.562244,5.39875,0.585749,3.162311,125.175606
FrodoKEM-640-AES_run04,active,39.574986,5.395,0.585749,3.160115,125.215874
FrodoKEM-640-AES_run04,active,39.587726,5.39625,0.588967,3.178214,125.256365
FrodoKEM-640-AES_run04,active,39.603344,5.3975,0.585749,3.161579,125.305742
FrodoKEM-640-AES_run04,active,39.616105,5.39625,0.586464,3.164706,125.346128
FrodoKEM-640-AES_run04,active,39.628852,5.3975,0.58557,3.160614,125.386415
FrodoKEM-640-AES_run04,active,39.641595,5.3975,0.589861,3.183776,125.426986
FrodoKEM-640-AES_run04,active,39.654342,5.4,0.586106,3.164975,125.467329
FrodoKEM-640-AES_run04,active,39.667088,5.39625,0.586285,3.163742,125.507654
FrodoKEM-640-AES_run04,active,39.679827,5.39625,0.585391,3.158917,125.547896
FrodoKEM-640-AES_run04,active,39.692564,5.39625,0.590219,3.184968,125.588464
FrodoKEM-640-AES_run04,active,39.705305,5.39625,0.587179,3.168566,125.628834
FrodoKEM-640-AES_run04,active,39.718047,5.3975,0.585391,3.159649,125.669093
FrodoKEM-640-AES_run04,active,39.730786,5.39625,0.588967,3.178214,125.709583
FrodoKEM-640-AES_run04,active,39.743525,5.405,0.590219,3.190133,125.750219
FrodoKEM-640-AES_run04,active,39.756269,5.38375,0.583603,3.141974,125.790262
FrodoKEM-640-AES_run04,active,39.769014,5.3825,0.585212,3.149906,125.830407
FrodoKEM-640-AES_run04,active,39.781752,5.3825,0.589146,3.171078,125.8708
FrodoKEM-640-AES_run04,active,39.794525,5.39625,0.585749,3.160847,125.911175
FrodoKEM-640-AES_run04,active,39.807295,5.395,0.585749,3.160115,125.951529
FrodoKEM-640-AES_run04,active,39.82004,5.39625,0.585034,3.156988,125.991763
FrodoKEM-640-AES_run04,active,39.832785,5.3975,0.589504,3.181846,126.032318
FrodoKEM-640-AES_run04,active,39.845527,5.395,0.585212,3.157221,126.072546
FrodoKEM-640-AES_run04,active,39.858274,5.3975,0.585212,3.158684,126.112811
FrodoKEM-640-AES_run04,active,39.871021,5.39625,0.588967,3.178214,126.153323
FrodoKEM-640-AES_run04,active,39.883762,5.3975,0.591649,3.193427,126.194012
FrodoKEM-640-AES_run04,active,39.896507,5.3975,0.585212,3.158684,126.234268
FrodoKEM-640-AES_run04,active,39.909246,5.3975,0.585749,3.161579,126.274542
FrodoKEM-640-AES_run04,active,39.921988,5.39875,0.588788,3.178721,126.315045
FrodoKEM-640-AES_run04,active,39.934729,5.39625,0.583782,3.150234,126.355184
FrodoKEM-640-AES_run04,active,39.947469,5.39625,0.586285,3.163742,126.395491
FrodoKEM-640-AES_run04,active,39.96021,5.39125,0.585749,3.157918,126.435726
FrodoKEM-640-AES_run04,active,39.972958,5.39375,0.592364,3.195065,126.476455
FrodoKEM-640-AES_run04,active,39.985702,5.395,0.585212,3.157221,126.516691
FrodoKEM-640-AES_run04,active,39.998445,5.3975,0.585212,3.158684,126.556944
FrodoKEM-640-AES_run04,active,40.01119,5.395,0.589325,3.179407,126.597465
FrodoKEM-640-AES_run04,active,40.023933,5.395,0.59147,3.190983,126.638127
FrodoKEM-640-AES_run04,active,40.036675,5.39625,0.585391,3.158917,126.678378
FrodoKEM-640-AES_run04,active,40.049414,5.39625,0.585749,3.160847,126.718643
FrodoKEM-640-AES_run04,active,40.062154,5.39625,0.589861,3.183039,126.759195
FrodoKEM-640-AES_run04,active,40.074895,5.3975,0.586285,3.164474,126.799513
FrodoKEM-640-AES_run04,active,40.087633,5.3975,0.585749,3.161579,126.839785
FrodoKEM-640-AES_run04,active,40.100398,5.395,0.585391,3.158186,126.880099
FrodoKEM-640-AES_run04,active,40.11314,5.3975,0.593437,3.203077,126.920914
FrodoKEM-640-AES_run04,active,40.12588,5.39625,0.587358,3.169531,126.961294
FrodoKEM-640-AES_run04,active,40.138622,5.39625,0.585749,3.160847,127.001568
FrodoKEM-640-AES_run04,active,40.151361,5.39875,0.589682,3.183548,127.042125
FrodoKEM-640-AES_run04,active,40.164107,5.395,0.587537,3.169761,127.082527
FrodoKEM-640-AES_run04,active,40.176852,5.39625,0.585749,3.160847,127.122811
FrodoKEM-640-AES_run04,active,40.18959,5.39625,0.584855,3.156023,127.163012
FrodoKEM-640-AES_run04,active,40.202328,5.39625,0.587537,3.170495,127.203398
FrodoKEM-640-AES_run04,active,40.215068,5.39625,0.585749,3.160847,127.243668
FrodoKEM-640-AES_run04,active,40.227836,5.3975,0.587894,3.17316,127.284184
FrodoKEM-640-AES_run04,active,40.240577,5.39625,0.585749,3.160847,127.324454
FrodoKEM-640-AES_run04,active,40.253315,5.395,0.588788,3.176513,127.364918
FrodoKEM-640-AES_run04,active,40.26606,5.39625,0.586643,3.165671,127.405265
FrodoKEM-640-AES_run04,active,40.278807,5.39625,0.58557,3.159882,127.445544
FrodoKEM-640-AES_run04,active,40.291547,5.39625,0.588073,3.17339,127.48597
FrodoKEM-640-AES_run04,active,40.304285,5.39875,0.589325,3.181617,127.5265
FrodoKEM-640-AES_run04,active,40.31703,5.3975,0.585212,3.158684,127.566758
FrodoKEM-640-AES_run04,active,40.32977,5.3975,0.585212,3.158684,127.607
FrodoKEM-640-AES_run04,active,40.342527,5.40125,0.58861,3.179228,127.647557
FrodoKEM-640-AES_run04,active,40.355267,5.39625,0.584855,3.156023,127.687763
FrodoKEM-640-AES_run04,active,40.36802,5.39625,0.585212,3.157952,127.728036
FrodoKEM-640-AES_run04,active,40.380773,5.39625,0.583961,3.151198,127.768223
FrodoKEM-640-AES_run04,active,40.393516,5.3925,0.588788,3.175041,127.808682
FrodoKEM-640-AES_run04,active,40.406256,5.39625,0.586106,3.162777,127.848976
FrodoKEM-640-AES_run04,active,40.418996,5.3975,0.584855,3.156754,127.889194
FrodoKEM-640-AES_run04,active,40.431736,5.39625,0.586464,3.164706,127.929512
FrodoKEM-640-AES_run04,active,40.444474,5.395,0.590219,3.18423,127.970074
FrodoKEM-640-AES_run04,active,40.457212,5.395,0.585391,3.158186,128.010303
FrodoKEM-640-AES_run04,active,40.469957,5.3975,0.585391,3.159649,128.050572
FrodoKEM-640-AES_run04,active,40.482701,5.4,0.583782,3.152423,128.090746
FrodoKEM-640-AES_run04,active,40.495439,5.3975,0.586285,3.164474,128.131056
FrodoKEM-640-AES_run04,active,40.508176,5.39625,0.585749,3.160847,128.171317
FrodoKEM-640-AES_run04,active,40.520915,5.39625,0.585928,3.161812,128.211595
FrodoKEM-640-AES_run04,active,40.533653,5.39625,0.587894,3.172425,128.252005
FrodoKEM-640-AES_run04,active,40.54639,5.3975,0.585391,3.159649,128.292249
FrodoKEM-640-AES_run04,active,40.559132,5.39625,0.585212,3.157952,128.332487
FrodoKEM-640-AES_run04,active,40.571871,5.395,0.586822,3.165903,128.372819
FrodoKEM-640-AES_run04,active,40.584688,5.395,0.590576,3.18616,128.413654
FrodoKEM-640-AES_run04,active,40.597435,5.39375,0.585391,3.157454,128.453901
FrodoKEM-640-AES_run04,active,40.610179,5.39625,0.585391,3.158917,128.494161
FrodoKEM-640-AES_run04,active,40.622921,5.3975,0.591649,3.193427,128.534852
FrodoKEM-640-AES_run04,active,40.63566,5.39625,0.586285,3.163742,128.575153
FrodoKEM-640-AES_run04,active,40.648401,5.39625,0.584676,3.155058,128.615352
FrodoKEM-640-AES_run04,active,40.661139,5.39625,0.585749,3.160847,128.655614
FrodoKEM-640-AES_run04,active,40.673885,5.39625,0.586643,3.165671,128.695965
FrodoKEM-640-AES_run04,active,40.686631,5.39625,0.591649,3.192687,128.736659
FrodoKEM-640-AES_run04,active,40.699384,5.39875,0.586285,3.165207,128.777023
FrodoKEM-640-AES_run04,active,40.712127,5.39625,0.583961,3.151198,128.81718
FrodoKEM-640-AES_run04,active,40.724866,5.39875,0.588252,3.175825,128.857636
FrodoKEM-640-AES_run04,active,40.737607,5.39875,0.583067,3.147832,128.897743
FrodoKEM-640-AES_run04,active,40.750346,5.39875,0.58557,3.161346,128.938016
FrodoKEM-640-AES_run04,active,40.763086,5.39625,0.590934,3.188828,128.978641
FrodoKEM-640-AES_run04,active,40.775833,5.3925,0.590755,3.185647,129.019249
FrodoKEM-640-AES_run04,active,40.788579,5.39625,0.585034,3.156988,129.059489
FrodoKEM-640-AES_run04,active,40.801321,5.39625,0.586106,3.162777,129.099789
FrodoKEM-640-AES_run04,active,40.814059,5.3925,0.589682,3.179862,129.140294
FrodoKEM-640-AES_run04,active,40.826807,5.3975,0.585212,3.158684,129.18056
FrodoKEM-640-AES_run04,active,40.839544,5.39625,0.587894,3.172425,129.220968
FrodoKEM-640-AES_run04,active,40.85228,5.40125,0.586106,3.165707,129.261285
FrodoKEM-640-AES_run04,active,40.865019,5.39625,0.589682,3.182074,129.301824
FrodoKEM-640-AES_run04,active,40.88066,5.39,0.585212,3.154295,129.351159
FrodoKEM-640-AES_run04,active,40.893447,5.39625,0.583067,3.146374,129.391392
FrodoKEM-640-AES_run04,active,40.906191,5.39625,0.591828,3.193652,129.432092
FrodoKEM-640-AES_run04,active,40.918933,5.39625,0.585749,3.160847,129.472366
FrodoKEM-640-AES_run04,active,40.931672,5.39625,0.59147,3.191722,129.513027
FrodoKEM-640-AES_run04,active,40.944413,5.39625,0.586822,3.166636,129.553371
FrodoKEM-640-AES_run04,active,40.957152,5.3975,0.589146,3.179916,129.593881
FrodoKEM-640-AES_run04,active,40.969891,5.39625,0.588788,3.177249,129.634356
FrodoKEM-640-AES_run04,active,40.982636,5.39625,0.584497,3.154093,129.674556
FrodoKEM-640-AES_run04,active,40.99538,5.3975,0.588788,3.177985,129.715055
FrodoKEM-640-AES_run04,active,41.008118,5.38,0.588788,3.167682,129.755405
FrodoKEM-640-AES_run04,active,41.020858,5.3975,0.585749,3.161579,129.795683
FrodoKEM-640-AES_run04,active,41.033597,5.39625,0.585749,3.160847,129.835949
FrodoKEM-640-AES_run04,active,41.046336,5.3975,0.591113,3.190531,129.876593
FrodoKEM-640-AES_run04,active,41.059075,5.39625,0.585391,3.158917,129.916835
FrodoKEM-640-AES_run04,active,41.071844,5.4025,0.590576,3.190589,129.957576
FrodoKEM-640-AES_run04,active,41.084592,5.395,0.585749,3.160115,129.997862
FrodoKEM-640-AES_run04,active,41.097336,5.39625,0.589325,3.180144,130.038388
FrodoKEM-640-AES_run04,active,41.110073,5.39625,0.585749,3.160847,130.078647
FrodoKEM-640-AES_run04,active,41.122811,5.395,0.584676,3.154327,130.11883
FrodoKEM-640-AES_run04,active,41.135549,5.3975,0.585928,3.162544,130.159114
FrodoKEM-640-AES_run04,active,41.148287,5.39375,0.589325,3.178671,130.199604
FrodoKEM-640-AES_run04,active,41.161027,5.3975,0.585391,3.159649,130.239858
FrodoKEM-640-AES_run04,active,41.173766,5.395,0.591292,3.190018,130.280496
FrodoKEM-640-AES_run04,active,41.186536,5.39625,0.58861,3.176285,130.321055
FrodoKEM-640-AES_run04,active,41.199282,5.39875,0.58557,3.161346,130.361349
FrodoKEM-640-AES_run04,active,41.21202,5.4,0.585391,3.161112,130.401616
FrodoKEM-640-AES_run04,active,41.224758,5.395,0.58557,3.15915,130.441859
FrodoKEM-640-AES_run04,active,41.237497,5.39625,0.588252,3.174355,130.482296
FrodoKEM-640-AES_run04,active,41.250235,5.39875,0.585212,3.159415,130.52254
FrodoKEM-640-AES_run04,active,41.262973,5.3975,0.587,3.168335,130.562899
FrodoKEM-640-AES_run04,active,41.275712,5.39625,0.593616,3.2033,130.603704
FrodoKEM-640-AES_run04,active,41.288451,5.395,0.589682,3.181337,130.644231
FrodoKEM-640-AES_run04,active,41.301206,5.39625,0.586106,3.162777,130.684573
FrodoKEM-640-AES_run04,active,41.313949,5.395,0.584497,3.153362,130.724756
FrodoKEM-640-AES_run04,active,41.326689,5.39625,0.588967,3.178214,130.765247
FrodoKEM-640-AES_run04,active,41.339462,5.39,0.585749,3.157186,130.805574
FrodoKEM-640-AES_run04,active,41.352297,5.39375,0.587894,3.170955,130.846273
FrodoKEM-640-AES_run04,active,41.365048,5.395,0.587358,3.168796,130.886677
FrodoKEM-640-AES_run04,active,41.377792,5.395,0.591292,3.190018,130.927331
FrodoKEM-640-AES_run04,active,41.390818,5.3925,0.590576,3.184683,130.968817
FrodoKEM-640-AES_run04,active,41.403662,5.39375,0.584855,3.154561,131.009332
FrodoKEM-640-AES_run04,active,41.41654,5.3975,0.58557,3.160614,131.050034
FrodoKEM-640-AES_run04,active,41.429289,5.395,0.588967,3.177478,131.090545
FrodoKEM-640-AES_run04,active,41.442035,5.39625,0.584497,3.154093,131.130746
FrodoKEM-640-AES_run04,active,41.454783,5.39625,0.585749,3.160847,131.171042
FrodoKEM-640-AES_run04,active,41.467527,5.3975,0.588788,3.177985,131.211541
FrodoKEM-640-AES_run04,active,41.480271,5.39875,0.585749,3.162311,131.251841
FrodoKEM-640-AES_run04,active,41.49305,5.395,0.587,3.166867,131.292313
FrodoKEM-640-AES_run04,active,41.505801,5.395,0.586822,3.165903,131.33268
FrodoKEM-640-AES_run04,active,41.51855,5.39625,0.588967,3.178214,131.373199
FrodoKEM-640-AES_run04,active,41.531292,5.39625,0.58414,3.152163,131.413364
FrodoKEM-640-AES_run04,active,41.544033,5.39625,0.585391,3.158917,131.453611
FrodoKEM-640-AES_run04,active,41.55678,5.39625,0.587894,3.172425,131.494049
FrodoKEM-640-AES_run04,active,41.569521,5.39625,0.589325,3.180144,131.534569
FrodoKEM-640-AES_run04,active,41.58226,5.4,0.589504,3.183319,131.575122
FrodoKEM-640-AES_run04,active,41.595009,5.39375,0.585749,3.159383,131.6154
FrodoKEM-640-AES_run04,active,41.607756,5.39625,0.588431,3.17532,131.655877
FrodoKEM-640-AES_run04,active,41.620498,5.39625,0.586106,3.162777,131.696177
FrodoKEM-640-AES_run04,active,41.63324,5.39375,0.584855,3.154561,131.736372
FrodoKEM-640-AES_run04,active,41.645972,5.39625,0.585391,3.158917,131.776592
FrodoKEM-640-AES_run04,active,41.658714,5.3925,0.588967,3.176006,131.81706
FrodoKEM-640-AES_run04,active,41.671456,5.39625,0.586106,3.162777,131.85736
FrodoKEM-640-AES_run04,active,41.684196,5.3975,0.588967,3.17895,131.89786
FrodoKEM-640-AES_run04,active,41.696943,5.3825,0.586822,3.158567,131.938123
FrodoKEM-640-AES_run04,active,41.709689,5.39625,0.589325,3.180144,131.978656
FrodoKEM-640-AES_run04,active,41.722428,5.3975,0.585391,3.159649,132.018906
FrodoKEM-640-AES_run04,active,41.735168,5.395,0.585928,3.161079,132.059178
FrodoKEM-640-AES_run04,active,41.747906,5.3975,0.58861,3.17702,132.099649
FrodoKEM-640-AES_run04,active,41.760646,5.39625,0.58861,3.176285,132.140115
FrodoKEM-640-AES_run04,active,41.773385,5.39125,0.586285,3.16081,132.18038
FrodoKEM-640-AES_run04,active,41.786124,5.3975,0.590755,3.188601,132.220999
FrodoKEM-640-AES_run04,active,41.798872,5.385,0.588788,3.170626,132.261418
FrodoKEM-640-AES_run04,active,41.811616,5.39375,0.579312,3.124664,132.301238
FrodoKEM-640-AES_run04,active,41.824355,5.39625,0.587894,3.172425,132.341652
FrodoKEM-640-AES_run04,active,41.837132,5.395,0.586285,3.163009,132.382066
FrodoKEM-640-AES_run04,active,41.84988,5.39625,0.589504,3.181109,132.422619
FrodoKEM-640-AES_run04,active,41.862627,5.39875,0.582709,3.145901,132.46272
FrodoKEM-640-AES_run04,active,41.875369,5.39625,0.585928,3.161812,132.503007
FrodoKEM-640-AES_run04,active,41.888108,5.39875,0.594152,3.20768,132.543871
FrodoKEM-640-AES_run04,active,41.900856,5.38375,0.59147,3.184329,132.584465
FrodoKEM-640-AES_run04,active,41.9136,5.39375,0.586285,3.162276,132.624765
FrodoKEM-640-AES_run04,active,41.926341,5.3925,0.587179,3.166364,132.665106
FrodoKEM-640-AES_run04,active,41.939082,5.3975,0.589325,3.180881,132.705633
FrodoKEM-640-AES_run04,active,41.951822,5.38625,0.583246,3.141507,132.745658
FrodoKEM-640-AES_run04,active,41.964562,5.39875,0.586822,3.168103,132.786018
FrodoKEM-640-AES_run04,active,41.977301,5.39625,0.585749,3.160847,132.826283
FrodoKEM-640-AES_run04,active,41.990042,5.39625,0.589861,3.183039,132.866839
FrodoKEM-640-AES_run04,active,42.002792,5.38625,0.58414,3.146322,132.906956
FrodoKEM-640-AES_run04,active,42.01554,5.39625,0.585212,3.157952,132.947211
FrodoKEM-640-AES_run04,active,42.02828,5.39625,0.588967,3.178214,132.987702
FrodoKEM-640-AES_run04,active,42.041021,5.3975,0.588788,3.177985,133.028193
FrodoKEM-640-AES_run04,active,42.053761,5.3975,0.585749,3.161579,133.068473
FrodoKEM-640-AES_run04,active,42.066529,5.39625,0.585749,3.160847,133.10883
FrodoKEM-640-AES_run04,active,42.079272,5.3975,0.589504,3.181846,133.149377
FrodoKEM-640-AES_run04,active,42.09201,5.4075,0.593795,3.210945,133.190279
FrodoKEM-640-AES_run04,active,42.104758,5.38125,0.587716,3.162645,133.230596
FrodoKEM-640-AES_run04,active,42.117527,5.395,0.585749,3.160115,133.270945
FrodoKEM-640-AES_run04,active,42.130286,5.395,0.589861,3.182301,133.311551
FrodoKEM-640-AES_run04,active,42.143031,5.3925,0.585391,3.156722,133.35178
FrodoKEM-640-AES_run04,active,42.158733,5.39625,0.585391,3.158917,133.401383
FrodoKEM-640-AES_run04,active,42.171503,5.4,0.587894,3.17463,133.441924
FrodoKEM-640-AES_run04,active,42.184248,5.3975,0.586464,3.165439,133.482266
FrodoKEM-640-AES_run04,active,42.196991,5.39625,0.586643,3.165671,133.522608
FrodoKEM-640-AES_run04,active,42.20973,5.39625,0.586106,3.162777,133.562899
FrodoKEM-640-AES_run04,active,42.222499,5.38875,0.588073,3.168979,133.603363
FrodoKEM-640-AES_run04,active,42.234938,5.39,0.585749,3.157186,133.642634
FrodoKEM-640-AES_run04,active,42.247372,5.3875,0.588431,3.170171,133.682051
FrodoKEM-640-AES_run04,active,42.259804,5.3875,0.586106,3.157648,133.721308
FrodoKEM-640-AES_run04,active,42.272247,5.38375,0.587179,3.161226,133.760644
FrodoKEM-640-AES_run04,active,42.284684,5.3875,0.587,3.162465,133.799974
FrodoKEM-640-AES_run04,active,42.297119,5.38875,0.590755,3.183432,133.839562
FrodoKEM-640-AES_run04,active,42.309555,5.37375,0.58861,3.163041,133.878898
FrodoKEM-640-AES_run04,active,42.32201,5.39375,0.585212,3.156489,133.918209
FrodoKEM-640-AES_run04,active,42.334763,5.39625,0.585034,3.156988,133.958473
FrodoKEM-640-AES_run04,active,42.34752,5.395,0.585928,3.161079,133.998798
FrodoKEM-640-AES_run04,active,42.360267,5.3975,0.588967,3.17895,134.039319
FrodoKEM-640-AES_run04,active,42.373011,5.39875,0.580742,3.135283,134.079276
FrodoKEM-640-AES_run04,active,42.38575,5.39625,0.586822,3.166636,134.119616
FrodoKEM-640-AES_run04,active,42.398521,5.39625,0.590219,3.184968,134.160289
FrodoKEM-640-AES_run04,active,42.41127,5.3975,0.585749,3.161579,134.200598
FrodoKEM-640-AES_run04,active,42.424015,5.3975,0.585212,3.158684,134.240854
FrodoKEM-640-AES_run04,active,42.436755,5.39875,0.585749,3.162311,134.281143
FrodoKEM-640-AES_run04,active,42.449496,5.395,0.587179,3.167832,134.321505
FrodoKEM-640-AES_run04,active,42.462236,5.39625,0.591649,3.192687,134.362179
FrodoKEM-640-AES_run04,active,42.474979,5.3975,0.586106,3.163509,134.402491
FrodoKEM-640-AES_run04,active,42.487718,5.39625,0.587,3.167601,134.442844
FrodoKEM-640-AES_run04,active,42.500457,5.39625,0.59308,3.200406,134.483613
FrodoKEM-640-AES_run04,active,42.513204,5.395,0.584855,3.155292,134.523834
FrodoKEM-640-AES_run04,active,42.525949,5.3975,0.586643,3.166405,134.564189
FrodoKEM-640-AES_run04,active,42.538689,5.39625,0.585749,3.160847,134.60446
FrodoKEM-640-AES_run04,active,42.551429,5.40125,0.588073,3.17633,134.644926
FrodoKEM-640-AES_run04,active,42.564167,5.3975,0.583961,3.151928,134.685075
FrodoKEM-640-AES_run04,active,42.576908,5.39625,0.58557,3.159882,134.725335
FrodoKEM-640-AES_run04,active,42.589647,5.39625,0.589861,3.183039,134.765885
FrodoKEM-640-AES_run04,active,42.602386,5.39625,0.594689,3.209089,134.806764
FrodoKEM-640-AES_run04,active,42.615131,5.395,0.585391,3.158186,134.847014
FrodoKEM-640-AES_run04,active,42.627873,5.395,0.584318,3.152398,134.887184
FrodoKEM-640-AES_run04,active,42.640613,5.4,0.58861,3.178492,134.927678
FrodoKEM-640-AES_run04,active,42.653346,5.4,0.586106,3.164975,134.967977
FrodoKEM-640-AES_run04,active,42.666087,5.3975,0.585212,3.158684,135.00822
FrodoKEM-640-AES_run04,active,42.67883,5.39875,0.586643,3.167138,135.048581
FrodoKEM-640-AES_run04,active,42.691569,5.39375,0.588431,3.173849,135.089012
FrodoKEM-640-AES_run04,active,42.704308,5.39625,0.586643,3.165671,135.129339
FrodoKEM-640-AES_run04,active,42.717054,5.395,0.586106,3.162044,135.169642
FrodoKEM-640-AES_run04,active,42.729804,5.395,0.585391,3.158186,135.209911
FrodoKEM-640-AES_run04,active,42.742566,5.3975,0.588788,3.177985,135.250467
FrodoKEM-640-AES_run04,active,42.755309,5.3925,0.586643,3.163471,135.29078
FrodoKEM-640-AES_run04,active,42.768047,5.39625,0.585928,3.161812,135.331054
FrodoKEM-640-AES_run04,active,42.78079,5.39625,0.588788,3.177249,135.371543
FrodoKEM-640-AES_run04,active,42.79353,5.39625,0.591113,3.189792,135.412181
FrodoKEM-640-AES_run04,active,42.80627,5.395,0.589682,3.181337,135.452709
FrodoKEM-640-AES_run04,active,42.819022,5.39625,0.58557,3.159882,135.493005
FrodoKEM-640-AES_run04,active,42.8318,5.39875,0.588252,3.175825,135.533585
FrodoKEM-640-AES_run04,active,42.844543,5.3875,0.587,3.162465,135.573884
FrodoKEM-640-AES_run04,active,42.857283,5.39625,0.585749,3.160847,135.614155
FrodoKEM-640-AES_run04,active,42.870019,5.395,0.585749,3.160115,135.654402
FrodoKEM-640-AES_run04,active,42.882766,5.39625,0.586822,3.166636,135.694766
FrodoKEM-640-AES_run04,active,42.895506,5.3975,0.583424,3.149033,135.734884
FrodoKEM-640-AES_run04,active,42.908246,5.3975,0.590219,3.185706,135.77547
FrodoKEM-640-AES_run04,active,42.920993,5.3975,0.588431,3.176055,135.815958
FrodoKEM-640-AES_run04,active,42.933739,5.39625,0.58861,3.176285,135.856442
FrodoKEM-640-AES_run04,active,42.946509,5.39625,0.587179,3.168566,135.896905
FrodoKEM-640-AES_run04,active,42.959252,5.39625,0.584855,3.156023,135.93712
FrodoKEM-640-AES_run04,active,42.971991,5.395,0.584318,3.152398,135.97728
FrodoKEM-640-AES_run04,active,42.984733,5.39625,0.585749,3.160847,136.017555
FrodoKEM-640-AES_run04,active,42.997472,5.39625,0.585928,3.161812,136.057832
FrodoKEM-640-AES_run04,active,43.010209,5.39625,0.592722,3.198476,136.098573
FrodoKEM-640-AES_run04,active,43.022956,5.3975,0.590576,3.187636,136.139205
FrodoKEM-640-AES_run04,active,43.035703,5.39625,0.585212,3.157952,136.17946
FrodoKEM-640-AES_run04,active,43.048455,5.3925,0.587179,3.166364,136.219835
FrodoKEM-640-AES_run04,active,43.061192,5.4,0.591649,3.194906,136.260532
FrodoKEM-640-AES_run04,active,43.073935,5.39625,0.589325,3.180144,136.301054
FrodoKEM-640-AES_run04,active,43.086675,5.39625,0.585212,3.157952,136.341287
FrodoKEM-640-AES_run04,active,43.099415,5.3925,0.585749,3.15865,136.381529
FrodoKEM-640-AES_run04,active,43.112153,5.3975,0.587,3.168335,136.421887
FrodoKEM-640-AES_run04,active,43.124901,5.3975,0.58557,3.160614,136.462178
FrodoKEM-640-AES_run04,active,43.137648,5.39625,0.587894,3.172425,136.502617
FrodoKEM-640-AES_run04,active,43.150388,5.39625,0.585212,3.157952,136.542849
FrodoKEM-640-AES_run04,active,43.16313,5.4,0.589325,3.182354,136.583399
FrodoKEM-640-AES_run04,active,43.175868,5.3975,0.585391,3.159649,136.623648
FrodoKEM-640-AES_run04,active,43.188608,5.39875,0.585391,3.160381,136.663908
FrodoKEM-640-AES_run04,active,43.201348,5.395,0.587537,3.169761,136.704293
FrodoKEM-640-AES_run04,active,43.214087,5.39625,0.590755,3.187863,136.744904
FrodoKEM-640-AES_run04,active,43.226833,5.395,0.585928,3.161079,136.785193
FrodoKEM-640-AES_run04,active,43.239577,5.3975,0.585749,3.161579,136.825484
FrodoKEM-640-AES_run04,active,43.252315,5.38875,0.589325,3.175724,136.865938
FrodoKEM-640-AES_run04,active,43.265055,5.395,0.587358,3.168796,136.906309
FrodoKEM-640-AES_run04,active,43.277793,5.39625,0.586106,3.162777,136.946596
FrodoKEM-640-AES_run04,active,43.290541,5.39875,0.585212,3.159415,136.986872
FrodoKEM-640-AES_run04,active,43.30328,5.395,0.588788,3.176513,137.027339
FrodoKEM-640-AES_run04,active,43.316021,5.3975,0.587894,3.17316,137.067766
FrodoKEM-640-AES_run04,active,43.328766,5.3975,0.583961,3.151928,137.107938
FrodoKEM-640-AES_run04,active,43.341523,5.39875,0.59004,3.185478,137.148574
FrodoKEM-640-AES_run04,active,43.354266,5.39625,0.589325,3.180144,137.189101
FrodoKEM-640-AES_run04,active,43.367006,5.3975,0.587537,3.17123,137.229501
FrodoKEM-640-AES_run04,active,43.379745,5.395,0.585749,3.160115,137.269758
FrodoKEM-640-AES_run04,active,43.392486,5.395,0.587894,3.17169,137.310168
FrodoKEM-640-AES_run04,active,43.405226,5.39625,0.587537,3.170495,137.350562
FrodoKEM-640-AES_run04,active,43.417966,5.38125,0.589861,3.174191,137.390998
FrodoKEM-640-AES_run04,active,43.433553,5.39625,0.585391,3.158917,137.440239
FrodoKEM-640-AES_run04,active,43.446318,5.39625,0.589861,3.183039,137.480868
FrodoKEM-640-AES_run04,active,43.459063,5.3975,0.58557,3.160614,137.52115
FrodoKEM-640-AES_run04,active,43.471842,5.3975,0.586285,3.164474,137.56159
FrodoKEM-640-AES_run04,active,43.484582,5.39625,0.588788,3.177249,137.602069
FrodoKEM-640-AES_run04,active,43.497325,5.39625,0.588967,3.178214,137.642567
FrodoKEM-640-AES_run04,active,43.510062,5.39125,0.585212,3.155026,137.682753
FrodoKEM-640-AES_run04,active,43.522801,5.39625,0.586643,3.165671,137.723081
FrodoKEM-640-AES_run04,active,43.535547,5.3975,0.588967,3.17895,137.763601
FrodoKEM-640-AES_run04,active,43.548292,5.39625,0.585391,3.158917,137.80386
FrodoKEM-640-AES_run04,active,43.56103,5.39875,0.586464,3.166173,137.844191
FrodoKEM-640-AES_run04,active,43.57377,5.39625,0.585391,3.158917,137.884435
FrodoKEM-640-AES_run04,active,43.586511,5.395,0.590934,3.188089,137.925056
FrodoKEM-640-AES_run04,active,43.599249,5.395,0.584855,3.155292,137.965248
FrodoKEM-640-AES_run04,active,43.611987,5.40125,0.586643,3.168604,138.00561
FrodoKEM-640-AES_run04,active,43.624725,5.39125,0.590219,3.182017,138.046143
FrodoKEM-640-AES_run04,active,43.63747,5.39875,0.588967,3.179687,138.086665
FrodoKEM-640-AES_run04,active,43.650214,5.39375,0.585391,3.157454,138.126904
FrodoKEM-640-AES_run04,active,43.662952,5.395,0.585391,3.158186,138.167133
FrodoKEM-640-AES_run04,active,43.675693,5.395,0.588967,3.177478,138.207618
FrodoKEM-640-AES_run04,active,43.688432,5.39875,0.584676,3.15652,138.247829
FrodoKEM-640-AES_run04,active,43.70117,5.39875,0.581815,3.141075,138.28784
FrodoKEM-640-AES_run04,active,43.713909,5.3975,0.585391,3.159649,138.328091
FrodoKEM-640-AES_run04,active,43.726648,5.39625,0.588788,3.177249,138.368566
FrodoKEM-640-AES_run04,active,43.739395,5.39625,0.585034,3.156988,138.408807
FrodoKEM-640-AES_run04,active,43.752157,5.39375,0.58557,3.158418,138.449117
FrodoKEM-640-AES_run04,active,43.764946,5.395,0.588967,3.177478,138.489752
FrodoKEM-640-AES_run04,active,43.777688,5.39375,0.588788,3.175777,138.53022
FrodoKEM-640-AES_run04,active,43.790444,5.39625,0.581815,3.13962,138.570266
FrodoKEM-640-AES_run04,active,43.803189,5.3975,0.585749,3.161579,138.610561
FrodoKEM-640-AES_run04,active,43.815928,5.39625,0.590398,3.185933,138.651147
FrodoKEM-640-AES_run04,active,43.828667,5.39625,0.589861,3.183039,138.691695
FrodoKEM-640-AES_run04,active,43.841414,5.39875,0.588252,3.175825,138.732178
FrodoKEM-640-AES_run04,active,43.854172,5.3975,0.585391,3.159649,138.772489
FrodoKEM-640-AES_run04,active,43.866946,5.3975,0.588788,3.177985,138.813084
FrodoKEM-640-AES_run04,active,43.879701,5.3975,0.586285,3.164474,138.853449
FrodoKEM-640-AES_run04,active,43.892441,5.39625,0.585034,3.156988,138.893667
FrodoKEM-640-AES_run04,active,43.905201,5.395,0.589146,3.178443,138.934226
FrodoKEM-640-AES_run04,active,43.917946,5.39625,0.588967,3.178214,138.97473
FrodoKEM-640-AES_run04,active,43.930689,5.3925,0.587716,3.169256,139.015116
FrodoKEM-640-AES_run04,active,43.943435,5.3975,0.58557,3.160614,139.055402
FrodoKEM-640-AES_run04,active,43.956191,5.395,0.588788,3.176513,139.095922
FrodoKEM-640-AES_run04,active,43.968961,5.395,0.585034,3.156256,139.136227
FrodoKEM-640-AES_run04,active,43.981721,5.39625,0.585749,3.160847,139.176558
FrodoKEM-640-AES_run04,active,43.994494,5.39625,0.58557,3.159882,139.216922
FrodoKEM-640-AES_run04,active,44.00724,5.395,0.589146,3.178443,139.257434
FrodoKEM-640-AES_run04,active,44.019979,5.39625,0.58557,3.159882,139.297687
FrodoKEM-640-AES_run04,active,44.032716,5.3975,0.586643,3.166405,139.338017
FrodoKEM-640-AES_run04,active,44.04546,5.3975,0.592007,3.195357,139.37874
FrodoKEM-640-AES_run04,active,44.058216,5.39625,0.590219,3.184968,139.419366
FrodoKEM-640-AES_run04,active,44.070987,5.405,0.585391,3.164039,139.459775
FrodoKEM-640-AES_run04,active,44.083744,5.39875,0.58557,3.161346,139.500104
FrodoKEM-640-AES_run04,active,44.096486,5.3975,0.589504,3.181846,139.540647
FrodoKEM-640-AES_run04,active,44.109227,5.4,0.585749,3.163044,139.580948
FrodoKEM-640-AES_run04,active,44.121967,5.39625,0.584855,3.156023,139.621155
FrodoKEM-640-AES_run04,active,44.134706,5.39625,0.585749,3.160847,139.66142
FrodoKEM-640-AES_run04,active,44.147451,5.3975,0.589325,3.180881,139.701961
FrodoKEM-640-AES_run04,active,44.160193,5.395,0.585749,3.160115,139.742226
FrodoKEM-640-AES_run04,active,44.172932,5.39625,0.586106,3.162777,139.782519
FrodoKEM-640-AES_run04,active,44.185671,5.3975,0.588788,3.177985,139.823001
FrodoKEM-640-AES_run04,active,44.19841,5.39625,0.589325,3.180144,139.863513
FrodoKEM-640-AES_run04,active,44.211149,5.39875,0.585391,3.160381,139.903773
FrodoKEM-640-AES_run04,active,44.223886,5.3975,0.586106,3.163509,139.944067
FrodoKEM-640-AES_run04,active,44.236624,5.39625,0.588967,3.178214,139.984551
FrodoKEM-640-AES_run04,active,44.249368,5.39625,0.588073,3.17339,140.024992
FrodoKEM-640-AES_run04,active,44.262111,5.39625,0.586285,3.163742,140.065309
FrodoKEM-640-AES_run04,active,44.274849,5.39625,0.585749,3.160847,140.105573
FrodoKEM-640-AES_run04,active,44.287587,5.39625,0.589146,3.179179,140.146069
FrodoKEM-640-AES_run04,active,44.300324,5.395,0.581279,3.135999,140.186012
FrodoKEM-640-AES_run04,active,44.313083,5.3875,0.587,3.162465,140.226361
FrodoKEM-640-AES_run04,active,44.325827,5.3975,0.589325,3.180881,140.266898
FrodoKEM-640-AES_run04,active,44.338575,5.39625,0.593616,3.2033,140.307733
FrodoKEM-640-AES_run04,active,44.35133,5.39625,0.587,3.167601,140.348136
FrodoKEM-640-AES_run04,active,44.364073,5.3975,0.586106,3.163509,140.38845
FrodoKEM-640-AES_run04,active,44.376813,5.3975,0.587894,3.17316,140.428875
FrodoKEM-640-AES_run04,active,44.389552,5.39875,0.580742,3.135283,140.468817
FrodoKEM-640-AES_run04,active,44.402291,5.3975,0.58557,3.160614,140.509078
FrodoKEM-640-AES_run04,active,44.415036,5.3975,0.584318,3.153859,140.549274
FrodoKEM-640-AES_run04,active,44.42781,5.39625,0.589146,3.179179,140.589886
FrodoKEM-640-AES_run04,active,44.440551,5.405,0.59004,3.189166,140.630518
FrodoKEM-640-AES_run04,active,44.453296,5.3975,0.585749,3.161579,140.670813
FrodoKEM-640-AES_run04,active,44.466038,5.39625,0.585212,3.157952,140.711053
FrodoKEM-640-AES_run04,active,44.478779,5.39875,0.588788,3.178721,140.75155
FrodoKEM-640-AES_run04,active,44.491518,5.3975,0.585749,3.161579,140.791828
FrodoKEM-640-AES_run04,active,44.504257,5.39625,0.585749,3.160847,140.832093
FrodoKEM-640-AES_run04,active,44.516998,5.39625,0.589325,3.180144,140.872611
FrodoKEM-640-AES_run04,active,44.529737,5.3975,0.589146,3.179916,140.913119
FrodoKEM-640-AES_run04,active,44.542511,5.39625,0.585928,3.161812,140.953511
FrodoKEM-640-AES_run04,active,44.55526,5.3925,0.586643,3.163471,140.99384
FrodoKEM-640-AES_run04,active,44.568003,5.39875,0.588788,3.178721,141.034348
FrodoKEM-640-AES_run04,active,44.580743,5.39875,0.586285,3.165207,141.074673
FrodoKEM-640-AES_run04,active,44.593483,5.395,0.586285,3.163009,141.114969
FrodoKEM-640-AES_run04,active,44.606223,5.3975,0.588073,3.174125,141.155406
FrodoKEM-640-AES_run04,active,44.618966,5.39625,0.59004,3.184003,141.195979
FrodoKEM-640-AES_run04,active,44.631706,5.39875,0.585391,3.160381,141.236244
FrodoKEM-640-AES_run04,active,44.644444,5.3975,0.588431,3.176055,141.276702
FrodoKEM-640-AES_run04,active,44.657191,5.39875,0.588967,3.179687,141.317233
FrodoKEM-640-AES_run04,active,44.669926,5.39875,0.588788,3.178721,141.357714
FrodoKEM-640-AES_run04,active,44.682667,5.39625,0.585749,3.160847,141.397986
FrodoKEM-640-AES_run04,active,44.695406,5.39625,0.585749,3.160847,141.438252
FrodoKEM-640-AES_run04,active,44.71101,5.39625,0.585391,3.158917,141.487544
FrodoKEM-640-AES_run04,active,44.723771,5.39625,0.585928,3.161812,141.52789
FrodoKEM-640-AES_run04,active,44.736513,5.39625,0.586285,3.163742,141.568205
FrodoKEM-640-AES_run04,active,44.749252,5.39625,0.588967,3.178214,141.60869
FrodoKEM-640-AES_run04,active,44.761998,5.39625,0.59004,3.184003,141.649274
FrodoKEM-640-AES_run04,active,44.774743,5.39625,0.585391,3.158917,141.689536
FrodoKEM-640-AES_run04,active,44.787483,5.3975,0.585928,3.162544,141.729824
FrodoKEM-640-AES_run04,active,44.80022,5.3975,0.59004,3.184741,141.77039
FrodoKEM-640-AES_run04,active,44.812958,5.39875,0.586106,3.164242,141.810695
FrodoKEM-640-AES_run04,active,44.825701,5.39625,0.587,3.167601,141.851061
FrodoKEM-640-AES_run04,active,44.838443,5.395,0.585749,3.160115,141.891327
FrodoKEM-640-AES_run04,active,44.851185,5.39875,0.589325,3.181617,141.931866
FrodoKEM-640-AES_run04,active,44.863932,5.39625,0.584855,3.156023,141.972096
FrodoKEM-640-AES_run04,active,44.876677,5.39625,0.585212,3.157952,142.012343
FrodoKEM-640-AES_run04,active,44.889415,5.3925,0.587716,3.169256,142.052715
FrodoKEM-640-AES_run04,active,44.902153,5.4,0.588967,3.180423,142.093227
FrodoKEM-640-AES_run04,active,44.914897,5.3975,0.585212,3.158684,142.133479
FrodoKEM-640-AES_run04,active,44.92766,5.395,0.586285,3.163009,142.173852
FrodoKEM-640-AES_run04,active,44.940403,5.3975,0.59004,3.184741,142.214434
FrodoKEM-640-AES_run04,active,44.953146,5.39875,0.587179,3.170034,142.254828
FrodoKEM-640-AES_run04,active,44.965894,5.395,0.586643,3.164938,142.295176
FrodoKEM-640-AES_run04,active,44.978653,5.3925,0.585749,3.15865,142.335478
FrodoKEM-640-AES_run04,active,44.991431,5.395,0.588788,3.176513,142.376067
FrodoKEM-640-AES_run04,active,45.00419,5.395,0.585212,3.157221,142.416348
FrodoKEM-640-AES_run04,active,45.016932,5.39625,0.585391,3.158917,142.456601
FrodoKEM-640-AES_run04,active,45.029676,5.395,0.583067,3.145645,142.496688
FrodoKEM-640-AES_run04,active,45.042414,5.3975,0.589146,3.179916,142.537195
FrodoKEM-640-AES_run04,active,45.055154,5.39625,0.58557,3.159882,142.577451
FrodoKEM-640-AES_run04,active,45.067899,5.39625,0.586285,3.163742,142.617774
FrodoKEM-640-AES_run04,active,45.080657,5.39625,0.588788,3.177249,142.658307
FrodoKEM-640-AES_run04,active,45.093427,5.39875,0.585034,3.15845,142.698642
FrodoKEM-640-AES_run04,active,45.106185,5.3975,0.585749,3.161579,142.738979
FrodoKEM-640-AES_run04,active,45.11893,5.3975,0.591113,3.190531,142.779641
FrodoKEM-640-AES_run04,active,45.131673,5.39625,0.593437,3.202335,142.820448
FrodoKEM-640-AES_run04,active,45.144413,5.395,0.585749,3.160115,142.860706
FrodoKEM-640-AES_run04,active,45.157152,5.3975,0.585749,3.161579,142.900984
FrodoKEM-640-AES_run04,active,45.169899,5.39625,0.587358,3.169531,142.941386
FrodoKEM-640-AES_run04,active,45.182647,5.3975,0.588967,3.17895,142.98191
FrodoKEM-640-AES_run04,active,45.195387,5.39625,0.585391,3.158917,143.022155
FrodoKEM-640-AES_run04,active,45.208125,5.39625,0.585212,3.157952,143.062382
FrodoKEM-640-AES_run04,active,45.220863,5.39625,0.593437,3.202335,143.103173
FrodoKEM-640-AES_run04,active,45.233604,5.395,0.588788,3.176513,143.143645
FrodoKEM-640-AES_run04,active,45.246344,5.39625,0.58557,3.159882,143.183901
FrodoKEM-640-AES_run04,active,45.259083,5.3975,0.582709,3.145173,143.223968
FrodoKEM-640-AES_run04,active,45.27183,5.3975,0.588967,3.17895,143.264489
FrodoKEM-640-AES_run04,active,45.284573,5.39375,0.587,3.166133,143.304835
FrodoKEM-640-AES_run04,active,45.297312,5.3975,0.585928,3.162544,143.345124
FrodoKEM-640-AES_run04,active,45.310052,5.39875,0.587894,3.173895,143.38556
FrodoKEM-640-AES_run04,active,45.322794,5.3975,0.588967,3.17895,143.426064
FrodoKEM-640-AES_run04,active,45.335536,5.39625,0.585391,3.158917,143.466317
FrodoKEM-640-AES_run04,active,45.348284,5.395,0.586285,3.163009,143.506639
FrodoKEM-640-AES_run04,active,45.361023,5.395,0.588967,3.177478,143.547116
FrodoKEM-640-AES_run04,active,45.373771,5.3975,0.59004,3.184741,143.587713
FrodoKEM-640-AES_run04,active,45.386518,5.395,0.587716,3.170726,143.628131
FrodoKEM-640-AES_run04,active,45.399261,5.4,0.585928,3.164009,143.668451
FrodoKEM-640-AES_run04,active,45.412006,5.39375,0.588788,3.175777,143.708927
FrodoKEM-640-AES_run04,active,45.424751,5.3975,0.586643,3.166405,143.749281
FrodoKEM-640-AES_run04,active,45.437496,5.39625,0.585391,3.158917,143.789541
FrodoKEM-640-AES_run04,active,45.450234,5.38875,0.585391,3.154527,143.829723
FrodoKEM-640-AES_run04,active,45.462973,5.3975,0.589325,3.180881,143.870247
FrodoKEM-640-AES_run04,active,45.475719,5.395,0.585212,3.157221,143.910489
FrodoKEM-640-AES_run04,active,45.488463,5.39625,0.585212,3.157952,143.950732
FrodoKEM-640-AES_run04,active,45.501202,5.3975,0.588967,3.17895,143.991231
FrodoKEM-640-AES_run04,active,45.513942,5.39625,0.59004,3.184003,144.031793
FrodoKEM-640-AES_run04,active,45.52668,5.395,0.584855,3.155292,144.071986
FrodoKEM-640-AES_run04,active,45.53942,5.39625,0.585391,3.158917,144.112232
FrodoKEM-640-AES_run04,active,45.552159,5.395,0.58861,3.175549,144.152684
FrodoKEM-640-AES_run04,active,45.564898,5.395,0.585749,3.160115,144.19294
FrodoKEM-640-AES_run04,active,45.577643,5.3975,0.588431,3.176055,144.233419
FrodoKEM-640-AES_run04,active,45.590387,5.4025,0.584676,3.158712,144.273674
FrodoKEM-640-AES_run04,active,45.603127,5.39625,0.589682,3.182074,144.314213
FrodoKEM-640-AES_run04,active,45.615866,5.39625,0.586285,3.163742,144.354515
FrodoKEM-640-AES_run04,active,45.628605,5.3975,0.585749,3.161579,144.394792
FrodoKEM-640-AES_run04,active,45.641344,5.39625,0.589861,3.183039,144.43534
FrodoKEM-640-AES_run04,active,45.654081,5.39625,0.589504,3.181109,144.47586
FrodoKEM-640-AES_run04,active,45.666822,5.39625,0.586106,3.162777,144.516156
FrodoKEM-640-AES_run04,active,45.679568,5.3975,0.581458,3.138417,144.556157
FrodoKEM-640-AES_run04,active,45.692313,5.38375,0.589325,3.172777,144.596596
FrodoKEM-640-AES_run04,active,45.705051,5.39625,0.586643,3.165671,144.63692
FrodoKEM-640-AES_run04,active,45.71779,5.395,0.586106,3.162044,144.677199
FrodoKEM-640-AES_run04,active,45.730531,5.39375,0.58414,3.150703,144.717342
FrodoKEM-640-AES_run04,active,45.743268,5.39625,0.586822,3.166636,144.757677
FrodoKEM-640-AES_run04,active,45.756007,5.39625,0.583424,3.148304,144.797782
FrodoKEM-640-AES_run04,active,45.768745,5.38875,0.579312,3.121768,144.837549
FrodoKEM-640-AES_run04,active,45.78149,5.3975,0.588073,3.174125,144.878003
FrodoKEM-640-AES_run04,active,45.794233,5.38125,0.589325,3.171304,144.918413
FrodoKEM-640-AES_run04,active,45.807348,5.38625,0.585391,3.153063,144.959767
FrodoKEM-640-AES_run04,active,45.820116,5.39375,0.584318,3.151667,145.000006
FrodoKEM-640-AES_run04,active,45.832868,5.39625,0.588788,3.177249,145.040523
FrodoKEM-640-AES_run04,active,45.845616,5.39875,0.586285,3.165207,145.080873
FrodoKEM-640-AES_run04,active,45.858358,5.39625,0.587179,3.168566,145.121249
FrodoKEM-640-AES_run04,active,45.871099,5.39375,0.587358,3.168062,145.161611
FrodoKEM-640-AES_run04,active,45.883845,5.39625,0.589504,3.181109,145.20216
FrodoKEM-640-AES_run04,active,45.896593,5.38625,0.586285,3.157879,145.242415
FrodoKEM-640-AES_run04,active,45.909371,5.39,0.586285,3.160077,145.282795
FrodoKEM-640-AES_run04,active,45.922119,5.39625,0.589861,3.183039,145.32337
FrodoKEM-640-AES_run04,active,45.934861,5.39625,0.589325,3.180144,145.363893
FrodoKEM-640-AES_run04,active,45.94761,5.395,0.585391,3.158186,145.404158
FrodoKEM-640-AES_run04,active,45.960349,5.395,0.586106,3.162044,145.444439
FrodoKEM-640-AES_run04,active,45.973124,5.39625,0.588788,3.177249,145.485029
FrodoKEM-640-AES_run04,active,45.988762,5.39375,0.587537,3.169027,145.534586
FrodoKEM-640-AES_run04,active,46.00179,5.395,0.585928,3.161079,145.575766
FrodoKEM-640-AES_run04,active,46.014591,5.395,0.589504,3.180372,145.616478
FrodoKEM-640-AES_run04,active,46.027346,5.395,0.589146,3.178443,145.657021
FrodoKEM-640-AES_run04,active,46.040092,5.39625,0.582709,3.144445,145.6971
FrodoKEM-640-AES_run04,active,46.052839,5.3975,0.586106,3.163509,145.737425
FrodoKEM-640-AES_run04,active,46.065583,5.39625,0.59004,3.184003,145.778001
FrodoKEM-640-AES_run04,active,46.078321,5.39875,0.585212,3.159415,145.818245
FrodoKEM-640-AES_run04,active,46.091071,5.39875,0.584497,3.155554,145.858479
FrodoKEM-640-AES_run04,active,46.103852,5.39875,0.583067,3.147832,145.898712
FrodoKEM-640-AES_run04,active,46.116624,5.39625,0.589682,3.182074,145.939354
FrodoKEM-640-AES_run04,active,46.129382,5.40375,0.583782,3.154612,145.979601
FrodoKEM-640-AES_run04,active,46.142125,5.39625,0.584497,3.154093,146.019792
FrodoKEM-640-AES_run04,active,46.154866,5.3975,0.585391,3.159649,146.060048
FrodoKEM-640-AES_run04,active,46.167606,5.3975,0.589146,3.179916,146.100561
FrodoKEM-640-AES_run04,active,46.180344,5.38875,0.585212,3.153563,146.140732
FrodoKEM-640-AES_run04,active,46.193117,5.39625,0.58557,3.159882,146.181093
FrodoKEM-640-AES_run04,active,46.205861,5.395,0.59004,3.183266,146.221661
FrodoKEM-640-AES_run04,active,46.218601,5.3925,0.590219,3.182755,146.26221
FrodoKEM-640-AES_run04,active,46.231339,5.39875,0.585749,3.162311,146.302489
FrodoKEM-640-AES_run04,active,46.244079,5.3975,0.586106,3.163509,146.342792
FrodoKEM-640-AES_run04,active,46.256819,5.39875,0.589146,3.180652,146.383313
FrodoKEM-640-AES_run04,active,46.269557,5.39375,0.586464,3.16324,146.423607
FrodoKEM-640-AES_run04,active,46.282295,5.3975,0.588073,3.174125,146.464039
FrodoKEM-640-AES_run04,active,46.295042,5.3975,0.586285,3.164474,146.504378
FrodoKEM-640-AES_run04,active,46.307852,5.39625,0.588788,3.177249,146.545079
FrodoKEM-640-AES_run04,active,46.320619,5.40125,0.586106,3.165707,146.585493
FrodoKEM-640-AES_run04,active,46.333368,5.395,0.585212,3.157221,146.625745
FrodoKEM-640-AES_run04,active,46.346116,5.39875,0.589861,3.184513,146.666343
FrodoKEM-640-AES_run04,active,46.358866,5.395,0.586464,3.163973,146.706682
FrodoKEM-640-AES_run04,active,46.371609,5.3975,0.586285,3.164474,146.747008
FrodoKEM-640-AES_run04,active,46.384351,5.39625,0.58557,3.159882,146.787272
FrodoKEM-640-AES_run04,active,46.397127,5.395,0.589146,3.178443,146.827878
FrodoKEM-640-AES_run04,active,46.409873,5.39125,0.58414,3.149243,146.868019
FrodoKEM-640-AES_run04,active,46.422615,5.3975,0.585749,3.161579,146.908305
FrodoKEM-640-AES_run04,active,46.435356,5.39625,0.585212,3.157952,146.94854
FrodoKEM-640-AES_run04,active,46.448091,5.3975,0.58861,3.17702,146.989
FrodoKEM-640-AES_run04,active,46.460833,5.395,0.583603,3.148539,147.029117
FrodoKEM-640-AES_run04,active,46.473572,5.39875,0.586285,3.165207,147.06944
FrodoKEM-640-AES_run04,active,46.48631,5.3975,0.589325,3.180881,147.109958
FrodoKEM-640-AES_run04,active,46.499058,5.39875,0.586822,3.168103,147.150343
FrodoKEM-640-AES_run04,active,46.51183,5.39875,0.586106,3.164242,147.190759
FrodoKEM-640-AES_run04,active,46.524571,5.3975,0.588073,3.174125,147.231198
FrodoKEM-640-AES_run04,active,46.53731,5.3975,0.590755,3.188601,147.271818
FrodoKEM-640-AES_run04,active,46.550049,5.39625,0.580027,3.129972,147.311692
FrodoKEM-640-AES_run04,active,46.562789,5.39625,0.587179,3.168566,147.35206
FrodoKEM-640-AES_run04,active,46.57553,5.395,0.586106,3.162044,147.392345
FrodoKEM-640-AES_run04,active,46.588269,5.3975,0.588788,3.177985,147.432831
FrodoKEM-640-AES_run04,active,46.601016,5.3975,0.586106,3.163509,147.473156
FrodoKEM-640-AES_run04,active,46.613759,5.3975,0.586643,3.166405,147.513505
FrodoKEM-640-AES_run04,active,46.626526,5.39625,0.59147,3.191722,147.554256
FrodoKEM-640-AES_run04,active,46.639268,5.3925,0.589861,3.180827,147.594785
FrodoKEM-640-AES_run04,active,46.652008,5.395,0.585928,3.161079,147.635056
FrodoKEM-640-AES_run04,active,46.664748,5.39625,0.584855,3.156023,147.675263
FrodoKEM-640-AES_run04,active,46.677487,5.39625,0.589325,3.180144,147.715777
FrodoKEM-640-AES_run04,active,46.690219,5.39875,0.585749,3.162311,147.756039
FrodoKEM-640-AES_run04,active,46.702968,5.39625,0.586285,3.163742,147.796372
FrodoKEM-640-AES_run04,active,46.715711,5.39125,0.58557,3.156954,147.836601
FrodoKEM-640-AES_run04,active,46.728449,5.39625,0.588788,3.177249,147.877075
FrodoKEM-640-AES_run04,active,46.741188,5.39625,0.585212,3.157952,147.917303
FrodoKEM-640-AES_run04,active,46.753925,5.395,0.585212,3.157221,147.957517
FrodoKEM-640-AES_run04,active,46.766666,5.39625,0.588967,3.178214,147.998011
FrodoKEM-640-AES_run04,active,46.779405,5.3975,0.589325,3.180881,148.038533
FrodoKEM-640-AES_run04,active,46.792144,5.39625,0.585034,3.156988,148.078749
FrodoKEM-640-AES_run04,active,46.804893,5.39625,0.585391,3.158917,148.119022
FrodoKEM-640-AES_run04,active,46.817639,5.39875,0.588967,3.179687,148.159549
FrodoKEM-640-AES_run04,active,46.830377,5.39875,0.585391,3.160381,148.199806
FrodoKEM-640-AES_run04,active,46.843123,5.39625,0.586822,3.166636,148.240169
FrodoKEM-640-AES_run04,active,46.855861,5.3975,0.586106,3.163509,148.280465
FrodoKEM-640-AES_run04,active,46.868602,5.39875,0.587537,3.171964,148.320879
FrodoKEM-640-AES_run04,active,46.881345,5.39625,0.585212,3.157952,148.361122
FrodoKEM-640-AES_run04,active,46.894084,5.39625,0.585928,3.161812,148.401401
FrodoKEM-640-AES_run04,active,46.906831,5.3975,0.589146,3.179916,148.441935
FrodoKEM-640-AES_run04,active,46.919583,5.38625,0.585391,3.153063,148.482142
FrodoKEM-640-AES_run04,active,46.932332,5.39875,0.583603,3.150728,148.52231
FrodoKEM-640-AES_run04,active,46.945076,5.39625,0.586106,3.162777,148.562617
FrodoKEM-640-AES_run04,active,46.957816,5.38375,0.586464,3.157376,148.602841
FrodoKEM-640-AES_run04,idle_post,46.970675,5.39375,0.546413,2.947214,148.602885
FrodoKEM-640-AES_run04,idle_post,46.983434,5.395,0.43663,2.355617,148.632941
FrodoKEM-640-AES_run04,idle_post,46.996165,5.3975,0.438596,2.367324,148.663081
FrodoKEM-640-AES_run04,idle_post,47.008904,5.39625,0.438239,2.364846,148.693207
FrodoKEM-640-AES_run04,idle_post,47.021644,5.385,0.439133,2.36473,148.723332
FrodoKEM-640-AES_run04,idle_post,47.034379,5.39625,0.436093,2.353268,148.753302
FrodoKEM-640-AES_run04,idle_post,47.047112,5.39875,0.437345,2.361115,148.783366
FrodoKEM-640-AES_run04,idle_post,47.059843,5.39625,0.436093,2.353268,148.813324
FrodoKEM-640-AES_run04,idle_post,47.072573,5.395,0.435914,2.351758,148.843262
FrodoKEM-640-AES_run04,idle_post,47.085299,5.39625,0.436272,2.354233,148.873223
FrodoKEM-640-AES_run04,idle_post,47.098033,5.3975,0.43502,2.348023,148.903123
FrodoKEM-640-AES_run04,idle_post,47.110774,5.39625,0.433948,2.34169,148.932957
FrodoKEM-640-AES_run04,idle_post,47.12351,5.38625,0.435557,2.346018,148.962837
FrodoKEM-640-AES_run04,idle_post,47.136241,5.395,0.435914,2.351758,148.992777
FrodoKEM-640-AES_run04,idle_post,47.14897,5.39875,0.436987,2.359185,149.022806
FrodoKEM-640-AES_run04,idle_post,47.161699,5.3975,0.436808,2.357673,149.052818
FrodoKEM-640-AES_run04,idle_post,47.174431,5.395,0.43663,2.355617,149.08281
FrodoKEM-640-AES_run04,idle_post,47.187162,5.3975,0.436272,2.354778,149.112788
FrodoKEM-640-AES_run04,idle_post,47.19989,5.395,0.435914,2.351758,149.142722
FrodoKEM-640-AES_run04,idle_post,47.212625,5.3975,0.435736,2.351883,149.172674
FrodoKEM-640-AES_run04,idle_post,47.22536,5.38625,0.435736,2.346981,149.202561
FrodoKEM-640-AES_run04,idle_post,47.238088,5.39625,0.436272,2.354233,149.232526
FrodoKEM-640-AES_run04,idle_post,47.250817,5.39875,0.435557,2.351462,149.262458
FrodoKEM-640-AES_run04,idle_post,47.266448,5.39125,0.436451,2.353015,149.299237
FrodoKEM-640-AES_run04,idle_post,47.279218,5.395,0.43806,2.363334,149.329418
FrodoKEM-640-AES_run04,idle_post,47.291949,5.395,0.438775,2.367192,149.359555
FrodoKEM-640-AES_run04,idle_post,47.30468,5.39875,0.43806,2.364976,149.389663
FrodoKEM-640-AES_run04,idle_post,47.317416,5.39625,0.433769,2.340725,149.419474
FrodoKEM-640-AES_run04,idle_post,47.330148,5.3975,0.43216,2.332581,149.449173
FrodoKEM-640-AES_run04,idle_post,47.342898,5.395,0.435914,2.351758,149.479158
FrodoKEM-640-AES_run04,idle_post,47.355629,5.39625,0.435557,2.350373,149.509082
FrodoKEM-640-AES_run04,idle_post,47.368359,5.3975,0.433769,2.341267,149.538884
FrodoKEM-640-AES_run04,idle_post,47.381116,5.3975,0.436093,2.353813,149.568912
FrodoKEM-640-AES_run04,idle_post,47.393856,5.395,0.435557,2.349829,149.59885
FrodoKEM-640-AES_run04,idle_post,47.406654,5.39375,0.438596,2.365679,149.629125
FrodoKEM-640-AES_run04,idle_post,47.419437,5.3925,0.437524,2.359346,149.659286
FrodoKEM-640-AES_run04,idle_post,47.432179,5.38375,0.435914,2.346854,149.689188
FrodoKEM-640-AES_run04,idle_post,47.444624,5.3875,0.435557,2.346562,149.718392
FrodoKEM-640-AES_run04,idle_post,47.457056,5.38875,0.435557,2.347107,149.74757
FrodoKEM-640-AES_run04,idle_post,47.469482,5.38875,0.431981,2.327837,149.776495
FrodoKEM-640-AES_run04,idle_post,47.481912,5.39,0.435914,2.349579,149.805702
FrodoKEM-640-AES_run04,idle_post,47.49434,5.38875,0.435557,2.347107,149.834871
FrodoKEM-640-AES_run04,idle_post,47.506768,5.38625,0.437345,2.355648,149.864147
FrodoKEM-640-AES_run04,idle_post,47.519196,5.38875,0.43502,2.344216,149.89328
FrodoKEM-640-AES_run04,idle_post,47.531666,5.395,0.435557,2.349829,149.922582
FrodoKEM-640-AES_run04,idle_post,47.544405,5.3975,0.43663,2.356708,149.952606
FrodoKEM-640-AES_run04,idle_post,47.557137,5.3975,0.435914,2.352848,149.982563
FrodoKEM-640-AES_run04,idle_post,47.569868,5.39625,0.432338,2.333006,150.012263
FrodoKEM-640-AES_run04,idle_post,47.582602,5.39625,0.435914,2.352303,150.042217
FrodoKEM-640-AES_run04,idle_post,47.595332,5.39625,0.435557,2.350373,150.072139
